shift_id,timestamp,date,line_id,machine_id,machine_type,product_id,shift,criticality,machine_age_years,failure_cost,maintenance_cost,planned_minutes,planned_downtime_min,planned_production_min,unplanned_downtime_min,run_time_min,ideal_cycle_sec,speed_factor,total_units,first_pass_good_units,rework_units,scrap_units,defect_count,copq,vibration_rms,temperature_c,pressure_bar,current_amp,lubrication_index,tool_wear_pct,surface_roughness_um,ambient_temperature_c,ambient_humidity_pct,hours_since_maintenance,cumulative_operating_hours,changeover_count,failures_last_30d,energy_kwh,failure_event,failure_type,true_hazard_probability,_latent_wear_state,defect_rate_lag_1,downtime_last_7d_min,vibration_rolling_3,failure_within_24h,next_failure_hours,availability,performance,quality_rate,oee,fpy,scrap_rate,rework_rate
SH-MC-01-2024010100,2024-01-01 00:00:00,2024-01-01,LINE-A,MC-01,CNC,PRD-A,A,3,7,25500.0,2860.0,480.0,105.0,375.0,0.0,375.0,20.0,0.9808154207173798,1103,1080,14,9,33,246.0,2.003553986861392,53.408039575177916,6.133780556071631,45.760616864245776,92.46225921344315,2.551465057548378,0.9942477393949841,14.557489557163237,60.183225223643475,0.0,45990.0,1,0,335.50687936730753,0,,0.004416066786304234,0.0432,0.0,0.0,2.003553986861392,0,,1.0,0.9804444444444445,0.9791477787851315,0.9600000000000001,0.9791477787851315,0.008159564823209429,0.012692656391659111
SH-MC-01-2024010108,2024-01-01 08:00:00,2024-01-01,LINE-A,MC-01,CNC,PRD-A,B,3,7,25500.0,2860.0,480.0,18.0,462.0,0.0,462.0,20.0,0.9916276613417675,1374,1337,19,18,45,438.0,1.4253102594146094,55.1239440647332,6.033805011459859,43.37597732451006,91.52031593085658,3.9364063521616255,1.116883417539136,14.557489557163237,60.27149631143729,6.25,45996.25,0,0,409.8621338932905,0,,0.004949509496703069,0.060200000000000004,0.02085222121486854,0.0,1.7144321231380006,0,,1.0,0.9913419913419913,0.9730713245997089,0.9646464646464646,0.9730713245997089,0.013100436681222707,0.013828238719068414
SH-MC-01-2024010116,2024-01-01 16:00:00,2024-01-01,LINE-A,MC-01,CNC,PRD-A,C,3,7,25500.0,2860.0,480.0,18.0,462.0,0.0,462.0,20.0,0.9638635065230088,1335,1276,36,23,64,630.0,1.645379145888601,57.26509342203611,5.947370003992646,46.598484465612486,92.90599840587291,5.897807547937611,1.1728017374348263,14.557489557163237,60.763497043026014,13.95,46003.95,0,0,412.46601994828666,0,,0.005522455060730795,0.0756,0.026928675400291122,0.0,1.6914144640548674,0,,1.0,0.9632034632034632,0.9558052434456928,0.9206349206349206,0.9558052434456928,0.017228464419475654,0.02696629213483146
SH-MC-01-2024010200,2024-01-02 00:00:00,2024-01-02,LINE-A,MC-01,CNC,PRD-A,A,3,7,25500.0,2860.0,480.0,18.0,462.0,10.400212248371382,451.59978775162864,20.0,0.9511820694285793,1288,1257,14,17,36,390.0,2.1909432383325504,56.181019647451635,5.92739504713863,46.89937279509096,92.20784477046922,9.237261750739284,1.1222861916378446,14.607326659614957,65.31061157202964,21.65,46011.649999999994,0,0,410.29461625183967,0,,0.006265043475600067,0.094,0.044194756554307116,0.0,1.7538775478785869,0,,0.9774887180771182,0.9506942761661761,0.9759316770186336,0.9069264069264069,0.9759316770186336,0.013198757763975156,0.010869565217391304
SH-MC-01-2024010208,2024-01-02 08:00:00,2024-01-02,LINE-A,MC-01,CNC,PRD-A,B,3,7,25500.0,2860.0,480.0,18.0,462.0,0.0,462.0,20.0,0.9324138864664036,1292,1271,11,10,25,246.0,1.9872687396086934,55.455262866859684,5.877243077974371,46.674093274221995,84.86429334911635,10.023498906900532,0.9655819742771463,14.607326659614957,60.58944093131653,29.17666312919381,46019.17666312919,0,0,414.67834120980257,0,,0.006972020881802865,0.10905332625838762,0.02406832298136646,10.400212248371382,1.9411970412766149,0,,1.0,0.9321789321789322,0.9837461300309598,0.9170274170274171,0.9837461300309598,0.007739938080495356,0.008513931888544891
SH-MC-01-2024010216,2024-01-02 16:00:00,2024-01-02,LINE-A,MC-01,CNC,PRD-A,C,3,7,25500.0,2860.0,480.0,18.0,462.0,0.0,462.0,20.0,0.9258234252312473,1283,1249,26,8,43,300.0,2.578802606419755,59.89876834172228,6.084892045201235,45.5756771223804,83.61294470118449,14.594384425378761,1.0520838511906916,14.607326659614957,62.35827889354928,36.87666312919381,46026.87666312919,0,0,417.61551185413407,0,,0.007777258534195591,0.12445332625838762,0.016253869969040248,10.400212248371382,2.2523381947869994,0,,1.0,0.9256854256854257,0.9734996102883866,0.9011544011544012,0.9734996102883866,0.006235385814497272,0.020265003897116135
SH-MC-01-2024010300,2024-01-03 00:00:00,2024-01-03,LINE-A,MC-01,CNC,PRD-B,A,3,7,25500.0,2860.0,480.0,35.0,445.0,0.0,445.0,32.0,0.9604193662801964,801,772,15,14,37,527.0,2.1934564466443005,59.208070548237565,5.816528602057726,46.04663026132329,86.02246308162431,11.98488327651058,1.0153737105579204,14.659203415000547,58.32134888048126,44.57666312919381,46034.576663129184,1,0,402.1012668225493,0,,0.008820354637144034,0.14285332625838762,0.026500389711613406,10.400212248371382,2.253175930890916,0,,1.0,0.96,0.9637952559300874,0.9252434456928839,0.9637952559300874,0.017478152309612985,0.018726591760299626
SH-MC-01-2024010308,2024-01-03 08:00:00,2024-01-03,LINE-A,MC-01,CNC,PRD-B,B,3,7,25500.0,2860.0,480.0,18.0,462.0,0.0,462.0,32.0,0.9483820223052339,821,806,9,6,15,249.0,2.512384674523805,55.97146846335479,5.953713665036775,45.40232554694473,85.16197052598892,16.09023950584855,1.072087098517946,14.659203415000547,62.262008160226266,51.993329795860475,46041.99332979585,0,0,419.52585243527324,0,,0.010045090545035643,0.16218665959172096,0.03620474406991261,10.400212248371382,2.4282145758626204,0,,1.0,0.9477633477633478,0.9817295980511571,0.9304473304473305,0.9817295980511571,0.007308160779537149,0.010962241169305725
SH-MC-01-2024010316,2024-01-03 16:00:00,2024-01-03,LINE-A,MC-01,CNC,PRD-B,C,3,7,25500.0,2860.0,480.0,18.0,462.0,0.0,462.0,32.0,0.9206241531425882,797,781,7,9,22,315.0,2.0258687525605756,61.40048620798849,5.878330490189162,47.29664394956298,85.18896395920058,16.222505037457992,1.394201450437203,14.659203415000547,64.03829416264965,59.69332979586048,46049.693329795846,0,0,422.2965252470621,0,,0.011201250657996325,0.17758665959172096,0.018270401948842874,10.400212248371382,2.243903291242894,0,,1.0,0.92005772005772,0.9799247176913425,0.9015873015873015,0.9799247176913425,0.011292346298619825,0.00878293601003764
SH-MC-01-2024010400,2024-01-04 00:00:00,2024-01-04,LINE-A,MC-01,CNC,PRD-B,A,3,7,25500.0,2860.0,480.0,18.0,462.0,0.0,462.0,32.0,0.9547177083459785,827,800,15,12,33,471.0,2.313788203445539,59.08163368055642,5.568448033000788,47.348188462481026,83.81163499248377,20.490872266933096,1.1044565079451334,14.713104472153475,59.066050223153425,67.39332979586048,46057.39332979584,0,0,423.71137670655276,0,,0.012697700195317005,0.19598665959172096,0.020075282308657464,10.400212248371382,2.2840138768433067,0,,1.0,0.9546897546897547,0.9673518742442564,0.9235209235209235,0.9673518742442564,0.014510278113663845,0.018137847642079808
SH-MC-01-2024010408,2024-01-04 08:00:00,2024-01-04,LINE-A,MC-01,CNC,PRD-B,B,3,7,25500.0,2860.0,480.0,18.0,462.0,7.8147248451697795,454.1852751548302,32.0,0.956080237517863,814,799,8,7,23,268.0,2.656474660621963,58.698341113274246,5.835887759700432,48.46157410238987,78.6644147798562,19.61335397491769,1.2435144930451925,14.713104472153475,63.758331680873574,75.09332979586048,46065.09332979584,0,0,414.8296048322664,0,,0.014154802389074024,0.21138665959172095,0.032648125755743655,10.400212248371382,2.3320438722093595,0,,0.9830850111576411,0.9558507443583211,0.9815724815724816,0.9223665223665224,0.9815724815724816,0.0085995085995086,0.009828009828009828
SH-MC-01-2024010416,2024-01-04 16:00:00,2024-01-04,LINE-A,MC-01,CNC,PRD-B,C,3,7,25500.0,2860.0,480.0,18.0,462.0,0.0,462.0,32.0,0.8895638936545671,770,740,19,11,31,479.0,2.370800364452517,63.730772837890775,5.824057531683126,47.182911357555426,81.43117573931592,23.220310153566057,1.3537084284319956,14.713104472153475,64.4121409943607,82.66308438177433,46072.663084381755,0,0,427.45203830138973,0,,0.015747545785188947,0.22652616876354864,0.018427518427518427,18.21493709354116,2.4470210761733395,0,,1.0,0.8888888888888888,0.961038961038961,0.8542568542568542,0.961038961038961,0.014285714285714285,0.024675324675324677
SH-MC-01-2024010500,2024-01-05 00:00:00,2024-01-05,LINE-A,MC-01,CNC,PRD-C,A,3,7,25500.0,2860.0,480.0,35.0,445.0,0.0,445.0,26.0,0.9117270817748867,936,922,9,5,17,182.5,2.7475811603061393,56.58907937634489,5.855546039637518,46.51730170358894,79.51803719744129,20.824240291000308,1.1278600272605603,14.76901388088374,61.09846511702494,90.36308438177433,46080.36308438175,1,0,409.83668063852633,0,,0.017840406638100253,0.24492616876354864,0.03896103896103896,18.21493709354116,2.5916187284602064,0,,1.0,0.9114606741573034,0.9850427350427351,0.8978277153558053,0.9850427350427351,0.005341880341880342,0.009615384615384616
SH-MC-01-2024010508,2024-01-05 08:00:00,2024-01-05,LINE-A,MC-01,CNC,PRD-C,B,3,7,25500.0,2860.0,480.0,18.0,462.0,0.0,462.0,26.0,0.9304614012049995,992,974,13,5,26,212.5,2.9047272857694204,60.37550786647441,5.739260221191929,47.68780419205779,84.90397200807338,27.54536422962769,1.3228809329625084,14.76901388088374,60.24448590993883,97.779751048441,46087.779751048416,0,0,430.42670813080576,0,,0.02029196597243269,0.264259502096882,0.014957264957264958,18.21493709354116,2.6743696035093585,0,,1.0,0.9304473304473304,0.9818548387096774,0.9135642135642135,0.9818548387096774,0.005040322580645161,0.01310483870967742
SH-MC-01-2024010516,2024-01-05 16:00:00,2024-01-05,LINE-A,MC-01,CNC,PRD-C,C,3,7,25500.0,2860.0,480.0,18.0,462.0,0.0,462.0,26.0,0.9017581512876136,961,923,25,13,45,486.5,2.9402636519913616,61.78547370397713,5.839373978303807,47.46791309640105,71.32525198862716,27.382144733368715,1.1967288846664919,14.76901388088374,63.33679280085841,105.479751048441,46095.47975104841,0,0,427.1711517708004,0,,0.022600585782042847,0.279659502096882,0.018145161290322582,18.21493709354116,2.8641906993556403,0,,1.0,0.9013708513708514,0.9604578563995838,0.8657287157287158,0.9604578563995838,0.013527575442247659,0.026014568158168574
SH-MC-01-2024010600,2024-01-06 00:00:00,2024-01-06,LINE-A,MC-01,CNC,PRD-C,A,3,7,25500.0,2860.0,480.0,18.0,462.0,0.0,462.0,26.0,0.8918459197548175,950,928,10,12,29,351.0,2.6174455382293527,60.77662488549649,5.914838007971351,48.1439751734447,73.99159150309426,28.26114997519839,1.134317129833099,14.826915096697807,64.47851557419128,113.179751048441,46103.17975104841,0,0,430.53028200352526,0,,0.025580550016411952,0.29805950209688203,0.03954214360041623,18.21493709354116,2.820812158663378,0,,1.0,0.8910533910533911,0.9768421052631578,0.8704184704184704,0.9768421052631578,0.01263157894736842,0.010526315789473684
SH-MC-01-2024010608,2024-01-06 08:00:00,2024-01-06,LINE-A,MC-01,CNC,PRD-C,B,3,7,25500.0,2860.0,480.0,18.0,462.0,2.0,460.0,26.0,0.9470728377847083,1005,982,15,8,29,296.5,3.101382124295838,62.33215611407106,5.784046003497257,48.0688648399055,77.86627251379909,31.228251538790595,1.2363028044475666,14.826915096697807,61.066451220768585,120.87975104844101,46110.87975104841,0,0,427.8064938640453,0,,0.028473365993213286,0.31345950209688206,0.023157894736842106,18.21493709354116,2.886363771505517,0,,0.9956709956709957,0.9467391304347826,0.9771144278606965,0.9210678210678211,0.9771144278606965,0.007960199004975124,0.014925373134328358
SH-MC-01-2024010616,2024-01-06 16:00:00,2024-01-06,LINE-A,MC-01,CNC,PRD-C,C,3,7,25500.0,2860.0,480.0,18.0,462.0,0.0,462.0,26.0,0.8881199388190865,946,912,16,18,40,534.0,3.074169700128362,64.19087256797978,5.797965502274671,47.17585381585722,75.62452682143193,36.437873218068944,1.4702989068941141,14.826915096697807,57.465080302384976,128.54641771510768,46118.54641771507,0,0,431.0086586126121,0,,0.03166806346762018,0.32879283543021537,0.022885572139303482,20.21493709354116,2.930999120884517,0,,1.0,0.8873015873015873,0.9640591966173362,0.8554112554112554,0.9640591966173362,0.019027484143763214,0.016913319238900635
SH-MC-01-2024010700,2024-01-07 00:00:00,2024-01-07,LINE-A,MC-01,CNC,PRD-D,A,3,7,25500.0,2860.0,480.0,35.0,445.0,0.0,445.0,24.0,0.9071428312173764,1009,961,30,18,57,690.0,3.302919242222152,62.72424228689748,5.583500768105738,48.6095337001149,73.19770566139364,33.82945829245409,1.288791551645199,14.886790985694372,58.897847896244855,136.24641771510767,46126.24641771507,1,0,418.7526269954243,0,,0.03579981435695766,0.3471928354302154,0.035940803382663845,20.21493709354116,3.1594903555487837,0,,1.0,0.9069662921348315,0.9524281466798811,0.8638202247191011,0.9524281466798811,0.017839444995044598,0.02973240832507433
SH-MC-01-2024010708,2024-01-07 08:00:00,2024-01-07,LINE-A,MC-01,CNC,PRD-D,B,3,7,25500.0,2860.0,480.0,18.0,462.0,0.0,462.0,24.0,0.9457549682542981,1092,1057,21,14,41,518.0,3.181828365711301,64.32198316787631,5.711781938201869,46.47233725165918,71.39691942163212,36.35836226817845,1.4281904060910182,14.886790985694372,61.23753850605607,143.66308438177433,46133.66308438173,0,0,433.5156972581188,0,,0.0406172251526932,0.3665261687635487,0.04757185332011893,20.21493709354116,3.1863057693539383,0,,1.0,0.9454545454545454,0.967948717948718,0.9151515151515152,0.967948717948718,0.01282051282051282,0.019230769230769232
SH-MC-01-2024010716,2024-01-07 16:00:00,2024-01-07,LINE-A,MC-01,CNC,PRD-D,C,3,7,25500.0,2860.0,480.0,18.0,462.0,0.0,462.0,24.0,0.8780708770876259,1014,967,25,22,56,750.0,3.0408613213839586,66.09831577789382,5.582565412861389,50.57278721146321,69.05588818145422,38.61915802306787,1.4545606581921886,14.886790985694372,58.92167596539785,151.3630843817743,46141.36308438173,0,0,434.80432069856676,0,,0.045131728002393665,0.38192616876354873,0.03205128205128205,20.21493709354116,3.1752029764391367,0,,1.0,0.8779220779220779,0.9536489151873767,0.8372294372294372,0.9536489151873767,0.021696252465483234,0.02465483234714004
SH-MC-01-2024010800,2024-01-08 00:00:00,2024-01-08,LINE-A,MC-01,CNC,PRD-D,A,3,7,25500.0,2860.0,480.0,18.0,462.0,0.0,462.0,24.0,0.880529838902649,1017,988,18,11,37,419.0,3.0543353428969526,64.62842173234733,5.553550645407103,49.599554370367045,71.33803945664046,42.64430754175558,1.412602515738314,14.948623829634574,61.01532572106291,159.0630843817743,46149.06308438173,0,0,434.44326601051966,0,,0.05092770521875089,0.40032616876354876,0.046351084812623275,20.21493709354116,3.0923416766640712,0,,1.0,0.8805194805194805,0.9714847590953786,0.8554112554112554,0.9714847590953786,0.010816125860373648,0.017699115044247787
SH-MC-01-2024010808,2024-01-08 08:00:00,2024-01-08,LINE-A,MC-01,CNC,PRD-D,B,3,7,25500.0,2860.0,480.0,18.0,462.0,5.1926526352763505,456.8073473647236,24.0,0.9394894806955906,1072,1031,30,11,48,515.0,3.562705566863286,67.24295553253202,5.673237400467303,47.60564829285618,64.67737025951674,39.7114611519085,1.5184324446981403,14.948623829634574,64.6818270693241,166.7630843817743,46156.763084381724,0,0,433.98693008755237,0,,0.05652067807788325,0.4157261687635488,0.028515240904621434,20.21493709354116,3.2193007437147325,0,,0.9887604921314365,0.9386889297505935,0.9617537313432836,0.8926406926406927,0.9617537313432836,0.010261194029850746,0.027985074626865673
SH-MC-01-2024010816,2024-01-08 16:00:00,2024-01-08,LINE-A,MC-01,CNC,PRD-D,C,3,7,25500.0,2860.0,480.0,18.0,462.0,0.0,462.0,24.0,0.8676537353217514,1002,946,35,21,70,805.0,3.4930350592903365,66.76379489846917,5.872415359271981,47.93113101022524,70.38733434736808,44.408882491000746,1.6234893535731332,14.948623829634574,62.818949317048826,174.37654017118635,46164.376540171135,0,0,439.64874231430366,0,,0.06261463269671935,0.4309530803423729,0.03824626865671642,25.407589728817513,3.370025323016858,0,,1.0,0.8675324675324675,0.9441117764471058,0.819047619047619,0.9441117764471058,0.020958083832335328,0.03493013972055888
SH-MC-01-2024010900,2024-01-09 00:00:00,2024-01-09,LINE-A,MC-01,CNC,PRD-A,A,3,7,25500.0,2860.0,480.0,35.0,445.0,0.0,445.0,20.0,0.8940740291227205,1193,1144,27,22,61,558.0,3.4045260888408184,65.5447686916872,5.579518266145865,48.33920950401833,64.58032733767968,42.98576300506834,1.3977069889276252,15.012395331185093,62.97915149477077,182.07654017118634,46172.07654017113,1,0,425.2836800665622,0,,0.07049008086875509,0.44935308034237287,0.05588822355289421,25.407589728817513,3.4867555716648138,0,,1.0,0.8936329588014982,0.9589270746018441,0.8569288389513109,0.9589270746018441,0.018440905280804692,0.022632020117351215
SH-MC-01-2024010908,2024-01-09 08:00:00,2024-01-09,LINE-A,MC-01,CNC,PRD-A,B,3,7,25500.0,2860.0,480.0,18.0,462.0,2.92515337571121,459.0748466242888,20.0,0.8845924271353206,1218,1168,30,20,66,540.0,3.9718582095950508,68.35134673914231,5.706672228931544,50.052034881295015,65.04673949945409,49.587557081049695,1.3123257898382688,15.012395331185093,62.98301791003045,189.493206837853,46179.4932068378,0,0,437.3280170281505,0,,0.07959026547128442,0.4686864136757062,0.04107292539815591,15.00737748044613,3.623139785908735,1,24.0,0.9936684991867722,0.8843873781921104,0.9589490968801314,0.8427128427128427,0.9589490968801314,0.016420361247947456,0.024630541871921183
SH-MC-01-2024010916,2024-01-09 16:00:00,2024-01-09,LINE-A,MC-01,CNC,PRD-A,C,3,7,25500.0,2860.0,480.0,18.0,462.0,0.0,462.0,20.0,0.8944792037449836,1239,1161,37,41,98,960.0,3.6962035427538855,69.67765390535781,5.562747829701999,49.39592918915619,64.253924567676,48.409840413663126,1.543032559321694,15.012395331185093,56.51587879047362,197.14445428159115,46187.14445428154,0,0,445.03004281794995,0,,0.08798305717084869,0.4839889085631825,0.041050903119868636,17.93253085615734,3.690862613729918,1,16.0,1.0,0.8939393939393939,0.937046004842615,0.8376623376623377,0.937046004842615,0.033091202582728005,0.02986279257465698
SH-MC-01-2024011000,2024-01-10 00:00:00,2024-01-10,LINE-A,MC-01,CNC,PRD-A,A,3,7,25500.0,2860.0,480.0,18.0,462.0,0.0,462.0,20.0,0.8967854472936269,1242,1183,33,26,69,666.0,4.012355310051764,68.98500839935895,5.5138950098725115,49.610911512905396,62.5735686092234,50.803888643363855,1.3704003856877642,15.078086619332637,57.51760729814038,204.84445428159114,46194.844454281534,0,0,441.7352126547801,0,,0.0987132480495162,0.5023889085631825,0.06295399515738499,17.93253085615734,3.8934723541335665,1,8.0,1.0,0.8961038961038961,0.9524959742351047,0.8535353535353535,0.9524959742351047,0.020933977455716585,0.026570048309178744
SH-MC-01-2024011008,2024-01-10 08:00:00,2024-01-10,LINE-A,MC-01,CNC,PRD-A,B,3,7,25500.0,2860.0,480.0,18.0,462.0,54.389546487914544,407.6104535120854,20.0,0.8670921731983077,1060,1014,28,18,52,492.0,3.8864158068020305,69.4877779345894,5.5059594093527595,52.925938051795896,66.97782471545896,51.801125895926425,1.3865575971876154,15.078086619332637,62.80716064165371,212.54445428159113,46202.54445428153,0,0,395.7825230702318,1,Sensor,0.10895166759679499,0.5177889085631825,0.04750402576489533,17.93253085615734,3.8649915532025596,0,,0.8822737089006178,0.8668407060930718,0.9566037735849057,0.7316017316017317,0.9566037735849057,0.016981132075471698,0.026415094339622643
SH-MC-01-2024011016,2024-01-10 16:00:00,2024-01-10,LINE-A,MC-01,CNC,PRD-A,C,3,7,25500.0,2860.0,480.0,18.0,462.0,0.0,462.0,20.0,0.9600492216657223,1330,1268,35,27,71,696.0,2.3296281556214526,61.73339899462926,5.937119927848995,48.63245657691391,82.48163473398618,19.220529355969003,1.4129698620999562,15.078086619332637,61.88049687269638,0.0,46209.337961840065,0,1,428.5827818471129,0,,0.009487378791161002,0.18066781405128568,0.04339622641509434,72.32207734407189,3.4094664241584156,0,,1.0,0.9595959595959596,0.9533834586466166,0.9148629148629148,0.9533834586466166,0.02030075187969925,0.02631578947368421
SH-MC-01-2024011100,2024-01-11 00:00:00,2024-01-11,LINE-A,MC-01,CNC,PRD-B,A,3,7,25500.0,2860.0,480.0,35.0,445.0,0.0,445.0,32.0,0.9608699002404055,801,763,22,16,45,646.0,2.2631304756071535,59.18466279722557,6.054938253545002,47.740462292521045,84.58062262108706,24.397325150726473,1.1128806483745013,15.145678254968171,54.96226989115839,7.7,46217.03796184006,1,1,412.7507464382659,0,,0.01075735177907607,0.19906781405128568,0.04661654135338346,72.32207734407189,2.8263914793435454,0,,1.0,0.96,0.9525593008739076,0.9144569288389512,0.9525593008739076,0.019975031210986267,0.02746566791510612
SH-MC-01-2024011108,2024-01-11 08:00:00,2024-01-11,LINE-A,MC-01,CNC,PRD-B,B,3,7,25500.0,2860.0,480.0,18.0,462.0,0.0,462.0,32.0,0.9256346868057732,801,783,10,8,21,314.0,2.2416635829478158,59.337593531824886,5.955848204062489,47.166402125682446,80.2974307686298,22.344523078703673,1.1462936963864754,15.145678254968171,57.20604594237771,15.116666666666667,46224.454628506726,0,1,429.902442806189,0,,0.012247722811108846,0.21840114738461902,0.04744069912609238,72.32207734407189,2.278140738058807,0,,1.0,0.9246753246753247,0.9775280898876404,0.9038961038961039,0.9775280898876404,0.009987515605493134,0.012484394506866416
SH-MC-01-2024011116,2024-01-11 16:00:00,2024-01-11,LINE-A,MC-01,CNC,PRD-B,C,3,7,25500.0,2860.0,480.0,18.0,462.0,0.0,462.0,32.0,0.9171883084388815,794,769,12,13,31,472.0,2.8029626494630344,63.33420809122503,5.905920816158932,46.51667571921958,86.2448867146826,24.004682360617707,1.248066800596234,15.145678254968171,57.18626841959334,22.816666666666666,46232.15462850672,0,1,427.6715078032411,0,,0.013653902749017514,0.23380114738461902,0.02247191011235955,64.50735249890211,2.4359189026726678,0,,1.0,0.9165945165945166,0.9685138539042821,0.8877344877344878,0.9685138539042821,0.0163727959697733,0.015113350125944584
SH-MC-01-2024011200,2024-01-12 00:00:00,2024-01-12,LINE-A,MC-01,CNC,PRD-B,A,3,7,25500.0,2860.0,480.0,18.0,462.0,0.0,462.0,32.0,0.9229384297657024,799,773,13,13,32,481.0,2.7545136254400826,60.77098514437828,5.720791040414079,47.74786932999132,77.4967723199257,22.806355353291295,1.2689295060678238,15.215150236639268,60.574267765253786,30.516666666666666,46239.85462850672,0,1,427.35063930619367,0,,0.015472891008714218,0.252201147384619,0.031486146095717885,64.50735249890211,2.5997132859503114,0,,1.0,0.9223665223665224,0.967459324155194,0.8923520923520923,0.967459324155194,0.016270337922403004,0.016270337922403004
SH-MC-01-2024011208,2024-01-12 08:00:00,2024-01-12,LINE-A,MC-01,CNC,PRD-B,B,3,7,25500.0,2860.0,480.0,18.0,462.0,0.0,462.0,32.0,0.9203095240823101,797,778,11,8,25,323.0,2.71695106621959,63.78145831285156,5.784164970487195,46.55786574749963,76.71314421293957,26.69812831386448,1.1555347485707619,15.215150236639268,66.05875522764299,38.21666666666667,46247.55462850672,0,1,432.8489811360354,0,,0.017242893499249724,0.26760114738461904,0.03254067584480601,64.50735249890211,2.758142447040902,0,,1.0,0.92005772005772,0.9761606022584692,0.8981240981240981,0.9761606022584692,0.010037641154328732,0.013801756587202008
SH-MC-01-2024011216,2024-01-12 16:00:00,2024-01-12,LINE-A,MC-01,CNC,PRD-B,C,3,7,25500.0,2860.0,480.0,18.0,462.0,10.818732536851106,451.1812674631489,32.0,0.9083473097016963,768,733,24,11,46,524.0,2.583532668646701,65.00612423048311,5.8954998743380385,49.45360250383219,76.16466040322884,31.751118534292587,1.3727235666253417,15.215150236639268,63.22035549232494,45.91666666666667,46255.254628506715,0,1,420.987973080862,0,,0.01921142225536177,0.28300114738461907,0.02383939774153074,64.50735249890211,2.6849991201021246,1,24.0,0.9765828300068158,0.9078391093297217,0.9544270833333334,0.8461760461760462,0.9544270833333334,0.014322916666666666,0.03125
SH-MC-01-2024011300,2024-01-13 00:00:00,2024-01-13,LINE-A,MC-01,CNC,PRD-C,A,3,7,25500.0,2860.0,480.0,35.0,445.0,0.0,445.0,26.0,0.9302432463277552,955,934,10,11,26,328.0,2.5365457932887354,62.13984917658768,5.891177777068374,47.95541078082741,79.36222874362416,27.11504035439449,1.200213625413422,15.286482006468853,61.804562647507495,53.436354457719155,46262.774316297764,1,1,418.04014232082267,0,,0.021699654782318983,0.301040522966724,0.045572916666666664,75.32608503575321,2.6123431760516755,1,16.0,1.0,0.9299625468164794,0.9780104712041885,0.9095131086142322,0.9780104712041885,0.011518324607329843,0.010471204188481676
SH-MC-01-2024011308,2024-01-13 08:00:00,2024-01-13,LINE-A,MC-01,CNC,PRD-C,B,3,7,25500.0,2860.0,480.0,18.0,462.0,4.699042520866308,457.3009574791337,26.0,0.8936983987104691,943,911,16,16,37,488.0,2.6504532101368996,63.88382270086953,5.651725843915603,47.4870072818211,75.3452806752643,35.76693998533921,1.4093479906516617,15.286482006468853,65.34295434196555,60.85302112438582,46270.19098296443,0,1,427.38019102158177,0,,0.02466821724594372,0.3203738563000573,0.02198952879581152,75.32608503575321,2.590177224024112,1,8.0,0.9898289122924971,0.8935763782037981,0.9660657476139979,0.8544733044733045,0.9660657476139979,0.016967126193001062,0.016967126193001062
SH-MC-01-2024011316,2024-01-13 16:00:00,2024-01-13,LINE-A,MC-01,CNC,PRD-C,C,3,7,25500.0,2860.0,480.0,18.0,462.0,118.41113947989213,343.58886052010786,26.0,0.9276079954281231,735,691,24,20,51,640.0,3.2558145656134903,65.3873091125989,5.762997633995907,49.13214871663754,71.57081310758053,32.49121928006397,1.4938949089648017,15.286482006468853,61.887422861264724,68.47470374903804,46277.81266558908,0,1,322.7275690536235,1,Electrical,0.02743087422994183,0.3356172215493618,0.033934252386002124,78.02512755661952,2.8142711896797086,0,,0.7436988322946058,0.9269799943975786,0.9401360544217687,0.6481240981240982,0.9401360544217687,0.027210884353741496,0.0326530612244898
SH-MC-01-2024011400,2024-01-14 00:00:00,2024-01-14,LINE-A,MC-01,CNC,PRD-C,A,3,7,25500.0,2860.0,480.0,18.0,462.0,0.0,462.0,26.0,0.9654820560695719,1029,997,18,14,37,457.0,2.4573578770786475,57.2163757374572,6.068004732081313,45.43122969943175,81.92134482700816,9.867807640788474,1.0236275231762322,15.359652456238615,61.34361676229296,0.0,46283.53914659775,0,2,416.8951574298302,0,,0.006736427158480454,0.11902386241267758,0.05986394557823129,196.43626703651165,2.787875217609679,0,,1.0,0.9651515151515152,0.9689018464528668,0.9351370851370852,0.9689018464528668,0.013605442176870748,0.01749271137026239
SH-MC-01-2024011408,2024-01-14 08:00:00,2024-01-14,LINE-A,MC-01,CNC,PRD-C,B,3,7,25500.0,2860.0,480.0,18.0,462.0,0.0,462.0,26.0,0.9839416018559715,1049,1020,19,10,37,372.5,2.2014908066081973,55.479187066071354,5.841633011483241,46.39949799983505,81.29776038647807,11.34847162454761,0.9855360668158475,15.359652456238615,67.34002139198302,7.7,46291.23914659775,0,2,423.06696315995566,0,,0.007514660685024203,0.1344238624126776,0.031098153547133137,196.43626703651165,2.638221083100112,0,,1.0,0.983910533910534,0.9723546234509056,0.9567099567099567,0.9723546234509056,0.009532888465204958,0.01811248808388942
SH-MC-01-2024011416,2024-01-14 16:00:00,2024-01-14,LINE-A,MC-01,CNC,PRD-C,C,3,7,25500.0,2860.0,480.0,18.0,462.0,0.0,462.0,26.0,0.9488972506198613,1011,983,13,15,33,442.5,2.1731108487300177,58.46690930960686,6.028537536019923,47.4513754058496,85.89292899661471,12.219067307508311,1.1366238813722036,15.359652456238615,58.17436277043638,15.4,46298.939146597746,0,2,422.2838101858244,0,,0.008382041828822764,0.1498238624126776,0.027645376549094377,196.43626703651165,2.277319844138954,0,,1.0,0.9482683982683983,0.9723046488625123,0.9220057720057719,0.9723046488625123,0.01483679525222552,0.012858555885262116
SH-MC-01-2024011500,2024-01-15 00:00:00,2024-01-15,LINE-A,MC-01,CNC,PRD-D,A,3,7,25500.0,2860.0,480.0,35.0,445.0,0.0,445.0,24.0,0.9444006620894819,1050,1019,22,9,33,401.0,2.0733350865162277,58.447373443406995,5.824022562643882,46.231917554335524,84.15216805907077,18.47916839639978,1.0167236395550683,15.43463993363527,62.479377915578596,23.1,46306.63914659774,1,2,406.79423901699204,0,,0.009505475185790117,0.1682238624126776,0.027695351137487636,196.43626703651165,2.1493122472848145,0,,1.0,0.9438202247191011,0.9704761904761905,0.9159550561797752,0.9704761904761905,0.008571428571428572,0.02095238095238095
SH-MC-01-2024011508,2024-01-15 08:00:00,2024-01-15,LINE-A,MC-01,CNC,PRD-D,B,3,7,25500.0,2860.0,480.0,18.0,462.0,0.0,462.0,24.0,0.9145540151147729,1056,1033,19,4,26,252.0,2.402771249787051,60.64150296014702,5.9050028322763035,47.00494597552214,83.48244413113498,19.639607578556916,1.0960956754063167,15.43463993363527,64.2492643512863,30.51666666666667,46314.05581326441,0,2,428.07574412065264,0,,0.010824303492816737,0.18755719574601093,0.029523809523809525,196.43626703651165,2.2164057283444323,0,,1.0,0.9142857142857143,0.978219696969697,0.8943722943722944,0.978219696969697,0.003787878787878788,0.017992424242424244
SH-MC-01-2024011516,2024-01-15 16:00:00,2024-01-15,LINE-A,MC-01,CNC,PRD-D,C,3,7,25500.0,2860.0,480.0,18.0,462.0,16.90408491094432,445.09591508905567,24.0,0.8985041872176639,999,975,20,4,28,260.0,2.467046960902524,60.28481824837769,5.971708614104682,46.76468084939356,86.25848213797431,19.344008312458406,1.2753293870547286,15.43463993363527,64.97925475823021,38.21666666666667,46321.755813264404,0,2,410.09383838882366,0,,0.012069055306068787,0.20295719574601093,0.021780303030303032,191.2436144012353,2.3143844324019343,0,,0.9634110716213327,0.8977840201477636,0.975975975975976,0.8441558441558442,0.975975975975976,0.004004004004004004,0.02002002002002002
SH-MC-01-2024011600,2024-01-16 00:00:00,2024-01-16,LINE-A,MC-01,CNC,PRD-D,A,3,7,25500.0,2860.0,480.0,18.0,462.0,0.0,462.0,24.0,0.9622804218788372,1111,1060,32,19,57,731.0,2.0806249911914927,60.77626146507157,5.746878173332651,46.596503427729175,79.69377553800466,18.12879818694577,1.095911533685792,15.51142224865782,60.50507316431657,45.634931918150926,46329.17407851589,0,2,425.4072659942107,0,,0.013625583579311477,0.22079372624897944,0.024024024024024024,208.1476993121796,2.3168144006270226,0,,1.0,0.9619047619047619,0.9540954095409541,0.9177489177489178,0.9540954095409541,0.017101710171017102,0.0288028802880288
SH-MC-01-2024011608,2024-01-16 08:00:00,2024-01-16,LINE-A,MC-01,CNC,PRD-D,B,3,7,25500.0,2860.0,480.0,18.0,462.0,0.0,462.0,24.0,0.9372548941594507,1082,1061,13,8,27,304.0,3.0896194475660734,59.54073960634638,6.030474840012239,48.215569960828425,81.33749763355421,22.400883966232772,1.1224845092996747,15.51142224865782,64.19841055599416,53.33493191815093,46336.87407851589,0,2,421.1500269484629,0,,0.015187525464968927,0.23619372624897944,0.04590459045904591,208.1476993121796,2.545763799886697,0,,1.0,0.9367965367965368,0.9805914972273567,0.9186147186147187,0.9805914972273567,0.0073937153419593345,0.012014787430683918
SH-MC-01-2024011616,2024-01-16 16:00:00,2024-01-16,LINE-A,MC-01,CNC,PRD-D,C,3,7,25500.0,2860.0,480.0,18.0,462.0,0.0,462.0,24.0,0.9211702188064265,1063,1032,16,15,35,503.0,2.8601742454315513,62.484054353235535,5.831099390143565,48.41378612821821,77.44741737897851,26.63002583841563,1.4298332697493328,15.51142224865782,61.906356200704224,61.03493191815093,46344.574078515885,0,2,431.14396934015656,0,,0.016925445110586565,0.25159372624897947,0.019408502772643253,205.2225459364684,2.676806228063039,0,,1.0,0.9203463203463204,0.9708372530573848,0.8935064935064936,0.9708372530573848,0.014111006585136407,0.015051740357478834
SH-MC-01-2024011700,2024-01-17 00:00:00,2024-01-17,LINE-A,MC-01,CNC,PRD-A,A,3,7,25500.0,2860.0,480.0,35.0,445.0,0.0,445.0,20.0,0.9492517926132197,1267,1236,20,11,36,318.0,2.65490544290141,59.64906003843224,5.952078316621244,47.30279426713135,76.10457246128625,26.619231807120443,1.24927522901213,15.589976680183945,55.03022658724923,68.73493191815093,46352.27407851588,1,2,411.5086145698339,0,,0.019171800439740427,0.26999372624897944,0.02916274694261524,205.2225459364684,2.8682330452996783,0,,1.0,0.949063670411985,0.9755327545382794,0.9258426966292135,0.9755327545382794,0.008681925808997633,0.01578531965272297
SH-MC-01-2024011708,2024-01-17 08:00:00,2024-01-17,LINE-A,MC-01,CNC,PRD-A,B,3,7,25500.0,2860.0,480.0,18.0,462.0,14.535381064892503,447.4646189351075,20.0,0.8866402422897367,1190,1146,31,13,48,420.0,2.9066204421252912,60.324323703428675,5.887901016161609,48.17812103272591,77.76919585900096,29.559017682832728,1.2198317625719697,15.589976680183945,59.52393684058876,76.1515985848176,46359.69074518255,0,2,413.01329962738805,0,,0.021802253449735954,0.28932705958231275,0.0244672454617206,205.2225459364684,2.807233376819417,0,,0.9685381362231764,0.8864760472250708,0.9630252100840336,0.8268398268398268,0.9630252100840336,0.010924369747899159,0.026050420168067228
SH-MC-01-2024011716,2024-01-17 16:00:00,2024-01-17,LINE-A,MC-01,CNC,PRD-A,C,3,7,25500.0,2860.0,480.0,18.0,462.0,0.0,462.0,20.0,0.9079233692841735,1258,1211,30,17,61,486.0,3.044979693399112,65.07935517505045,5.871582111180123,49.43980847001826,72.70086785538811,27.788828405674018,1.3132781611363304,15.589976680183945,68.3258613708171,83.60934223373606,46367.148488831466,0,2,433.355981222109,0,,0.02419651093251069,0.3042425468801497,0.03697478991596639,165.36838051344634,2.868835192808604,0,,1.0,0.9076479076479076,0.9626391096979332,0.8737373737373737,0.9626391096979332,0.013513513513513514,0.02384737678855326
SH-MC-01-2024011800,2024-01-18 00:00:00,2024-01-18,LINE-A,MC-01,CNC,PRD-A,A,3,7,25500.0,2860.0,480.0,18.0,462.0,0.0,462.0,20.0,0.9152966782987759,1268,1231,21,16,46,414.0,2.8095375199546635,62.29158855062403,5.708564188577698,46.257361016724026,75.33427264874511,32.437763907254165,1.1123983514105489,15.670279982693536,59.675074016575635,91.30934223373606,46374.84848883146,0,2,430.6961414762608,0,,0.02738100837009939,0.3226425468801497,0.037360890302066775,165.36838051344637,2.920379218493023,0,,1.0,0.9148629148629148,0.9708201892744479,0.888167388167388,0.9708201892744479,0.012618296529968454,0.016561514195583597
SH-MC-01-2024011808,2024-01-18 08:00:00,2024-01-18,LINE-A,MC-01,CNC,PRD-A,B,3,7,25500.0,2860.0,480.0,18.0,462.0,0.0,462.0,20.0,0.9336746638465091,1294,1252,18,24,52,540.0,2.8519503352920443,63.8324101890675,5.9083315178953075,48.05358258248335,69.10543438026772,33.839429442149395,1.2486995022754614,15.670279982693536,61.40032349803587,99.00934223373606,46382.54848883146,0,2,431.33267705181555,0,,0.030471064946020768,0.33804254688014973,0.02917981072555205,165.36838051344637,2.9021558495486066,0,,1.0,0.9336219336219336,0.9675425038639877,0.9033189033189033,0.9675425038639877,0.01854714064914992,0.013910355486862442
SH-MC-01-2024011816,2024-01-18 16:00:00,2024-01-18,LINE-A,MC-01,CNC,PRD-A,C,3,7,25500.0,2860.0,480.0,18.0,462.0,0.0,462.0,20.0,0.8627540081442922,1195,1140,36,19,63,558.0,3.1206730949841037,65.0731180187307,5.815655742743385,49.09769089482821,72.07843697453212,34.23375612094499,1.5325071573291789,15.670279982693536,59.04806213766047,106.70934223373607,46390.24848883146,0,2,430.4209361143615,0,,0.033897693031184846,0.35344254688014975,0.03245749613601236,165.36838051344637,2.927386983410271,0,,1.0,0.8621933621933622,0.9539748953974896,0.8225108225108225,0.9539748953974896,0.015899581589958158,0.0301255230125523
SH-MC-01-2024011900,2024-01-19 00:00:00,2024-01-19,LINE-A,MC-01,CNC,PRD-B,A,3,7,25500.0,2860.0,480.0,35.0,445.0,0.0,445.0,32.0,0.913155695904749,761,729,16,16,37,592.0,3.153096417710495,63.91009644643111,5.704413490496302,46.83202452551082,71.5285885089307,35.97204644851154,1.3710475513821674,15.752308393147423,61.051569056028306,114.40934223373607,46397.948488831455,1,2,411.5024145356471,0,,0.03830883646766584,0.3718425468801497,0.04602510460251046,165.36838051344637,3.0419066159955475,0,,1.0,0.912059925093633,0.9579500657030223,0.8737078651685394,0.9579500657030223,0.02102496714848883,0.02102496714848883
SH-MC-01-2024011908,2024-01-19 08:00:00,2024-01-19,LINE-A,MC-01,CNC,PRD-B,B,3,7,25500.0,2860.0,480.0,18.0,462.0,0.0,462.0,32.0,0.8981823595271173,778,747,18,13,34,526.0,3.2853170282503723,64.59893418080927,5.761703673737234,48.13229649978767,69.15991162315386,36.00463131134907,1.2542407851552004,15.752308393147423,63.803687577599035,121.82600890040274,46405.36515549812,0,2,431.4762118055421,0,,0.043448660328042336,0.39117588021348304,0.04204993429697766,165.36838051344637,3.1863621803149904,0,,1.0,0.8981240981240981,0.9601542416452442,0.8623376623376623,0.9601542416452442,0.016709511568123392,0.02313624678663239
SH-MC-01-2024011916,2024-01-19 16:00:00,2024-01-19,LINE-A,MC-01,CNC,PRD-B,C,3,7,25500.0,2860.0,480.0,18.0,462.0,0.0,462.0,32.0,0.8866534758478462,768,721,23,24,52,879.0,3.5071449198651976,66.86717674398275,5.592618701513902,48.553765426679995,68.53524642210077,43.6053519640105,1.4493838526701863,15.752308393147423,57.04956825173585,129.52600890040273,46413.065155498116,0,2,435.226411014948,0,,0.04826203867957234,0.40657588021348307,0.03984575835475578,165.36838051344637,3.3151861219420216,0,,1.0,0.8865800865800866,0.9388020833333334,0.8323232323232324,0.9388020833333334,0.03125,0.029947916666666668
SH-MC-01-2024012000,2024-01-20 00:00:00,2024-01-20,LINE-A,MC-01,CNC,PRD-B,A,3,7,25500.0,2860.0,480.0,18.0,462.0,0.0,462.0,32.0,0.9160448357368661,793,756,20,17,45,656.0,3.7295167572417345,64.89045609791677,5.7031649146663215,48.07361055498593,69.12809035960684,42.96915515542954,1.4880888553575529,15.836037638019246,59.245840921366884,137.22600890040272,46420.76515549811,0,2,434.99144161077066,0,,0.054437103171326634,0.4249758802134831,0.061197916666666664,154.54964797659525,3.5073262351191015,0,,1.0,0.9154401154401154,0.9533417402269861,0.8727272727272727,0.9533417402269861,0.021437578814627996,0.025220680958385876
SH-MC-01-2024012008,2024-01-20 08:00:00,2024-01-20,LINE-A,MC-01,CNC,PRD-B,B,3,7,25500.0,2860.0,480.0,18.0,462.0,0.0,462.0,32.0,0.9293417646833526,805,776,19,10,36,451.0,3.6363025747876856,67.6739593645346,5.523308998037674,48.99354776059205,65.87493719708743,42.53274190704159,1.537283812030535,15.836037638019246,56.71854408543143,144.9260089004027,46428.46515549811,0,2,434.59230282033633,0,,0.06039096032772454,0.4403758802134831,0.04665825977301387,154.54964797659525,3.6243214172982063,0,,1.0,0.9292929292929293,0.9639751552795031,0.8958152958152957,0.9639751552795031,0.012422360248447204,0.02360248447204969
SH-MC-01-2024012016,2024-01-20 16:00:00,2024-01-20,LINE-A,MC-01,CNC,PRD-B,C,3,7,25500.0,2860.0,480.0,18.0,462.0,10.217362562998952,451.78263743700103,32.0,0.886324598907768,750,708,22,20,52,758.0,3.561142527178438,67.869089103577,5.580885849466266,48.241155833106994,57.28401850032159,47.80689714797671,1.8002092380386767,15.836037638019246,58.58796425399415,152.6260089004027,46436.16515549811,0,2,423.2177907938407,0,,0.06694989222013013,0.45577588021348314,0.03602484472049689,149.85060545572895,3.6423206197359526,0,,0.9778844966168854,0.8853815238877526,0.944,0.8173160173160172,0.944,0.02666666666666667,0.029333333333333333
SH-MC-01-2024012100,2024-01-21 00:00:00,2024-01-21,LINE-A,MC-01,CNC,PRD-C,A,3,7,25500.0,2860.0,480.0,35.0,445.0,0.0,445.0,26.0,0.8778360216754283,901,869,17,15,40,472.5,3.88311647468241,66.52298187200907,5.766963998146394,47.70972463725828,65.85286531806057,48.85009096526545,1.5041139266394083,15.921442940478368,59.35056229660599,160.15571952435272,46443.69486612206,1,2,420.6139316503401,0,,0.07515735819062103,0.4738353014613832,0.056,41.656828538835775,3.6935205255495114,0,,1.0,0.8773782771535581,0.9644839067702553,0.8462172284644196,0.9644839067702553,0.016648168701442843,0.018867924528301886
SH-MC-01-2024012108,2024-01-21 08:00:00,2024-01-21,LINE-A,MC-01,CNC,PRD-C,B,3,7,25500.0,2860.0,480.0,18.0,462.0,0.0,462.0,26.0,0.8829683894077632,941,903,23,15,45,517.5,4.070109155599326,65.59384262720235,5.655967267120469,47.38314945335809,66.59404608171904,46.01141589483741,1.6696583868794894,15.921442940478368,60.791715296755385,167.57238619101938,46451.111532788724,0,2,436.21546955924345,0,,0.08480510912741059,0.4931686347947165,0.03551609322974473,41.656828538835775,3.8381227191533913,1,24.0,1.0,0.8826118326118326,0.9596174282678002,0.8469696969696969,0.9596174282678002,0.015940488841657812,0.024442082890541977
SH-MC-01-2024012116,2024-01-21 16:00:00,2024-01-21,LINE-A,MC-01,CNC,PRD-C,C,3,7,25500.0,2860.0,480.0,18.0,462.0,0.0,462.0,26.0,0.8303647736298118,885,810,45,30,90,1027.5,3.667884334088222,69.63924601594961,5.706604900329206,47.86895458896374,58.333612051780285,51.3273702204676,1.5071614126072896,15.921442940478368,60.89744764922155,175.27238619101936,46458.81153278872,0,2,437.5158418569258,0,,0.09375104446068637,0.5085686347947165,0.040382571732199786,41.656828538835775,3.8737033214566523,1,16.0,1.0,0.8300865800865801,0.9152542372881356,0.7597402597402597,0.9152542372881356,0.03389830508474576,0.05084745762711865
SH-MC-01-2024012200,2024-01-22 00:00:00,2024-01-22,LINE-A,MC-01,CNC,PRD-C,A,3,7,25500.0,2860.0,480.0,18.0,462.0,0.0,462.0,26.0,0.8755870277774148,933,884,30,19,60,662.0,4.252996510561188,67.54619304467404,5.361921763722456,48.82840739905372,59.01631648832371,52.25976612134295,1.6039328004526618,16.008499027721758,58.73859895677144,182.97238619101935,46466.51153278872,0,2,441.69178137593195,0,,0.1051036168398308,0.5269686347947165,0.0847457627118644,41.656828538835775,3.996996666749579,1,8.0,1.0,0.8751082251082251,0.947481243301179,0.8291486291486291,0.947481243301179,0.020364415862808145,0.03215434083601286
SH-MC-01-2024012208,2024-01-22 08:00:00,2024-01-22,LINE-A,MC-01,CNC,PRD-C,B,3,7,25500.0,2860.0,480.0,18.0,462.0,119.95735927892763,342.04264072107236,26.0,0.8796373885476513,694,657,26,11,47,448.0,4.326649525913511,69.26700217237396,5.5224626203142035,49.64345187602302,58.58784419355143,54.27213687514092,1.544014740802533,16.008499027721758,62.723444779854006,190.67238619101934,46474.211532788715,0,2,324.83572690451615,1,Electrical,0.11591959112707606,0.5423686347947164,0.05251875669882101,41.656828538835775,4.082510123520973,0,,0.7403520361927973,0.8792276094563725,0.946685878962536,0.6162337662337662,0.946685878962536,0.01585014409221902,0.037463976945244955
SH-MC-01-2024012216,2024-01-22 16:00:00,2024-01-22,LINE-A,MC-01,CNC,PRD-C,C,3,7,25500.0,2860.0,480.0,18.0,462.0,0.0,462.0,26.0,0.9501617151514333,1013,991,15,7,27,273.5,2.0096991122445726,62.49580370285221,5.8797575458903495,45.208947210124656,85.30607319534037,21.137478634260408,1.1601399839580298,16.008499027721758,68.3460883422706,0.0,46479.9122434674,0,3,421.2155784247079,0,,0.009896563796208764,0.1882818190917091,0.053314121037463975,161.6141878177634,3.5297817162397576,0,,1.0,0.9501443001443002,0.9782823297137216,0.9295093795093796,0.9782823297137216,0.006910167818361303,0.014807502467917079
SH-MC-01-2024012300,2024-01-23 00:00:00,2024-01-23,LINE-A,MC-01,CNC,PRD-D,A,3,7,25500.0,2860.0,480.0,35.0,445.0,6.662881525816596,438.3371184741834,24.0,0.9199781229679783,1008,985,13,10,27,354.0,2.5183808545174173,60.6963807894233,5.853347564912612,46.67801324871964,85.49553013750601,23.69265808318623,1.1467413229322185,16.0971801384526,64.95439995546255,7.7,46487.612243467396,1,3,397.66407916248676,0,,0.01122068948426396,0.2066818190917091,0.02171767028627838,144.7101029068191,2.9515764975585004,0,,0.9850272325262548,0.9198399656490582,0.9771825396825397,0.8853932584269663,0.9771825396825397,0.00992063492063492,0.012896825396825396
SH-MC-01-2024012308,2024-01-23 08:00:00,2024-01-23,LINE-A,MC-01,CNC,PRD-D,B,3,7,25500.0,2860.0,480.0,18.0,462.0,0.0,462.0,24.0,0.9532923964959945,1101,1075,12,14,34,446.0,2.56116380400592,61.110178252756235,5.837199710739101,43.47190881615994,87.31111216321267,22.905113131034152,1.0599955228820952,16.0971801384526,61.65879210797155,15.00561864123639,46494.91786210863,0,3,419.71749926884,0,,0.012754413431657589,0.22579305637418187,0.022817460317460316,151.3729844326357,2.3630812569226367,0,,1.0,0.9532467532467532,0.9763851044504995,0.9307359307359307,0.9763851044504995,0.012715712988192553,0.010899182561307902
SH-MC-01-2024012316,2024-01-23 16:00:00,2024-01-23,LINE-A,MC-01,CNC,PRD-D,C,3,7,25500.0,2860.0,480.0,18.0,462.0,0.0,462.0,24.0,0.9252539639482775,1068,1032,25,11,47,475.0,2.62853048113383,65.03428053652003,6.026933488644211,47.090261298812635,76.42752401829416,22.861177263149084,1.4143628446911725,16.0971801384526,60.4354869342153,22.70561864123639,46502.61786210863,0,3,421.463909493994,0,,0.014217929932122701,0.24119305637418187,0.023614895549500452,151.3729844326357,2.5693583798857227,0,,1.0,0.9246753246753247,0.9662921348314607,0.8935064935064935,0.9662921348314607,0.010299625468164793,0.023408239700374533
SH-MC-01-2024012400,2024-01-24 00:00:00,2024-01-24,LINE-A,MC-01,CNC,PRD-D,A,3,7,25500.0,2860.0,480.0,18.0,462.0,0.0,462.0,24.0,0.909383356928873,1050,1026,16,8,30,328.0,2.845776876088612,61.08390448776985,5.713665883891952,47.15487918602722,78.1865068145761,29.375327087272492,0.9758013863075483,16.187460030503487,61.1697174249224,30.40561864123639,46510.317862108626,0,3,421.81802666648514,0,,0.01611083119553367,0.25959305637418184,0.033707865168539325,151.3729844326357,2.678490387076121,0,,1.0,0.9090909090909091,0.9771428571428571,0.8883116883116883,0.9771428571428571,0.007619047619047619,0.015238095238095238
SH-MC-01-2024012408,2024-01-24 08:00:00,2024-01-24,LINE-A,MC-01,CNC,PRD-D,B,3,7,25500.0,2860.0,480.0,18.0,462.0,12.662529016482011,449.33747098351796,24.0,0.9354782870186502,1050,1023,19,8,29,352.0,2.9494110396166393,63.46956861722985,5.853127395957504,47.753190782894556,75.42609402446871,29.05613341084302,1.1705899400218678,16.187460030503487,62.437498109808494,38.10561864123639,46518.01786210862,0,3,409.75044500898764,0,,0.017952479378621516,0.27499305637418187,0.022857142857142857,151.3729844326357,2.807906132279694,0,,0.9725919285357532,0.9347094936923387,0.9742857142857143,0.8857142857142857,0.9742857142857143,0.007619047619047619,0.018095238095238095
SH-MC-01-2024012416,2024-01-24 16:00:00,2024-01-24,LINE-A,MC-01,CNC,PRD-D,C,3,7,25500.0,2860.0,480.0,18.0,462.0,0.0,462.0,24.0,0.9006182824726495,1040,1007,19,14,39,502.0,2.587378629637721,61.4118805162489,5.765407365489964,47.02088864311094,72.40730071890647,28.180153165663373,1.2240211881804743,16.187460030503487,61.86122965434874,45.594576490961686,46525.50681995835,0,3,425.0428496892578,0,,0.019941302747230754,0.2899709720736325,0.025714285714285714,149.5001323842252,2.794188848447657,0,,1.0,0.9004329004329005,0.9682692307692308,0.8718614718614719,0.9682692307692308,0.013461538461538462,0.01826923076923077
SH-MC-01-2024012500,2024-01-25 00:00:00,2024-01-25,LINE-A,MC-01,CNC,PRD-A,A,3,7,25500.0,2860.0,480.0,35.0,445.0,3.816084740363885,441.18391525963614,20.0,0.8941113218602539,1183,1145,19,19,45,456.0,3.3032505602745905,63.23248177997126,5.847131303370051,46.860117729672744,70.9286423853438,30.31840878563671,1.256857875590706,16.279311988601894,56.695555815548204,53.29457649096169,46533.206819958345,1,3,407.19251709797743,0,,0.022578731422895456,0.3083709720736325,0.03173076923076923,149.5001323842252,2.9466800765096504,0,,0.9914245286733396,0.8938071395945355,0.9678782755705833,0.8576779026217227,0.9678782755705833,0.016060862214708368,0.016060862214708368
SH-MC-01-2024012508,2024-01-25 08:00:00,2024-01-25,LINE-A,MC-01,CNC,PRD-A,B,3,7,25500.0,2860.0,480.0,18.0,462.0,0.0,462.0,20.0,0.9314366187264059,1290,1251,22,17,46,438.0,3.0422277468899734,62.056839515837865,5.673710826948891,45.85275636185794,70.94617111221287,31.839777861397607,1.3121437379595153,16.279311988601894,57.601230651235205,60.64764174528896,46540.55988521267,0,3,422.49405215557834,0,,0.025641665817582877,0.32757710258228706,0.032121724429416736,153.3162171245891,2.9776189789340948,0,,1.0,0.9307359307359307,0.9697674418604652,0.9025974025974026,0.9697674418604652,0.01317829457364341,0.017054263565891473
SH-MC-01-2024012516,2024-01-25 16:00:00,2024-01-25,LINE-A,MC-01,CNC,PRD-A,C,3,7,25500.0,2860.0,480.0,18.0,462.0,0.0,462.0,20.0,0.8912324141959018,1235,1173,38,24,73,660.0,3.3015997272139184,64.73715335633318,5.646990866408619,46.55723284651448,75.4190032807044,36.14606356991973,1.446870823572967,16.279311988601894,59.0631725677873,68.34764174528895,46548.25988521267,0,3,426.7539740166673,0,,0.028541190731757593,0.3429771025822871,0.030232558139534883,153.3162171245891,3.2156926781261608,0,,1.0,0.8910533910533911,0.9497975708502024,0.8463203463203464,0.9497975708502024,0.019433198380566803,0.03076923076923077
SH-MC-01-2024012600,2024-01-26 00:00:00,2024-01-26,LINE-A,MC-01,CNC,PRD-A,A,3,7,25500.0,2860.0,480.0,18.0,462.0,0.0,462.0,20.0,0.919233506979982,1274,1242,16,16,40,384.0,2.7721212913417776,62.156209978722984,5.638519889687355,46.83744306278379,75.69883447061679,36.8369441519497,1.3425364913604843,16.37270883227567,59.89305642932757,76.04764174528896,46555.959885212666,0,3,427.4050648708113,0,,0.03227857588066061,0.36137710258228706,0.05020242914979757,153.3162171245891,3.03864958848189,0,,1.0,0.9191919191919192,0.9748822605965463,0.8961038961038961,0.9748822605965463,0.012558869701726845,0.012558869701726845
SH-MC-01-2024012608,2024-01-26 08:00:00,2024-01-26,LINE-A,MC-01,CNC,PRD-A,B,3,7,25500.0,2860.0,480.0,18.0,462.0,0.0,462.0,20.0,0.9208080440840969,1276,1233,26,17,54,462.0,3.2456507831078563,64.80265770402107,5.727342257141895,46.74994747659491,71.32135386024541,38.12619916568858,1.2084110887034007,16.37270883227567,65.83299183091,83.74764174528896,46563.65988521266,0,3,430.1314496821626,0,,0.035900941160993,0.3767771025822871,0.02511773940345369,153.3162171245891,3.1064572672211845,0,,1.0,0.9206349206349206,0.9663009404388715,0.8896103896103896,0.9663009404388715,0.013322884012539185,0.02037617554858934
SH-MC-01-2024012616,2024-01-26 16:00:00,2024-01-26,LINE-A,MC-01,CNC,PRD-A,C,3,7,25500.0,2860.0,480.0,18.0,462.0,0.0,462.0,20.0,0.8715062576741835,1207,1139,37,31,89,780.0,3.7456685617998566,65.54566982901311,5.769820499936417,46.680633896689635,70.22409260196764,42.98968616676432,1.3692424581473852,16.37270883227567,59.0762071462105,91.44764174528896,46571.35988521266,0,3,428.1913594708153,0,,0.03991304919751231,0.3921771025822871,0.03369905956112853,153.3162171245891,3.254480212083164,0,,1.0,0.8708513708513709,0.9436619718309859,0.8217893217893217,0.9436619718309859,0.02568351284175642,0.030654515327257662
SH-MC-01-2024012700,2024-01-27 00:00:00,2024-01-27,LINE-A,MC-01,CNC,PRD-B,A,3,7,25500.0,2860.0,480.0,35.0,445.0,0.0,445.0,32.0,0.929536531149802,775,742,14,19,37,658.0,2.855008172108201,65.48507849319716,5.852849169136272,47.232845750233494,69.56621383967446,42.051114401948645,1.243619503248868,16.46762292389616,64.19529703840769,99.14764174528896,46579.05988521266,1,3,411.4209987883644,0,,0.045070459075914886,0.4105771025822871,0.056338028169014086,153.3162171245891,3.2821091723386377,0,,1.0,0.9288389513108615,0.9574193548387097,0.8892883895131086,0.9574193548387097,0.024516129032258065,0.01806451612903226
SH-MC-01-2024012708,2024-01-27 08:00:00,2024-01-27,LINE-A,MC-01,CNC,PRD-B,B,3,7,25500.0,2860.0,480.0,18.0,462.0,2.6978770672552077,459.3021229327448,32.0,0.882360849489849,759,730,20,9,34,432.0,3.3039124452942086,65.54281102735025,5.668569107392702,47.73602688804872,64.78320544475469,43.591226365746365,1.4187609706025663,16.46762292389616,58.303954822639255,106.56430841195564,46586.47655187932,0,3,428.5211527913657,0,,0.05106930169728285,0.4299104359156204,0.04258064516129032,153.3162171245891,3.301529726400755,0,,0.9941604392483654,0.8813370977152538,0.9617918313570487,0.8427128427128427,0.9617918313570487,0.011857707509881422,0.026350461133069828
SH-MC-01-2024012716,2024-01-27 16:00:00,2024-01-27,LINE-A,MC-01,CNC,PRD-B,C,3,7,25500.0,2860.0,480.0,18.0,462.0,0.0,462.0,32.0,0.8585268986393343,743,710,16,17,42,620.0,3.438931998710613,67.10396150596881,5.588971035040481,45.7516962910455,57.742412952407854,47.62821425908756,1.4562744027029721,16.46762292389616,61.85227653337845,114.21934379416805,46594.13158726153,0,3,433.4638998925377,0,,0.056642528659736985,0.4452205066800452,0.03820816864295125,156.0140941918443,3.1992842053710078,0,,1.0,0.8577200577200578,0.955585464333782,0.8196248196248197,0.955585464333782,0.02288021534320323,0.021534320323014805
SH-MC-01-2024012800,2024-01-28 00:00:00,2024-01-28,LINE-A,MC-01,CNC,PRD-B,A,3,7,25500.0,2860.0,480.0,18.0,462.0,0.0,462.0,32.0,0.8919694993495865,772,736,26,10,49,514.0,3.279639555933227,65.01063726070609,5.5282816865986675,47.678091496374094,67.20818346141283,43.783424042084235,1.406578667042902,16.56402617685663,56.81902687687797,121.91934379416806,46601.83158726153,0,3,431.6946068126848,0,,0.06381796552518804,0.4636205066800452,0.04441453566621804,145.79673162884532,3.3408279999793495,0,,1.0,0.8911976911976912,0.9533678756476683,0.8496392496392496,0.9533678756476683,0.012953367875647668,0.03367875647668394
SH-MC-01-2024012808,2024-01-28 08:00:00,2024-01-28,LINE-A,MC-01,CNC,PRD-B,B,3,7,25500.0,2860.0,480.0,18.0,462.0,0.0,462.0,32.0,0.8965216400994812,776,747,14,15,33,546.0,3.7854213854659817,67.14125781717965,5.540388325326862,47.95652361271106,64.07565946198638,45.462014775970204,1.3970312335710453,16.56402617685663,55.246598508680115,129.61934379416806,46609.531587261525,0,3,433.05759816499994,0,,0.07072108289361766,0.4790205066800452,0.046632124352331605,145.79673162884532,3.5013309800366073,0,,1.0,0.8958152958152958,0.9626288659793815,0.8623376623376624,0.9626288659793815,0.019329896907216496,0.01804123711340206
SH-MC-01-2024012816,2024-01-28 16:00:00,2024-01-28,LINE-A,MC-01,CNC,PRD-B,C,3,7,25500.0,2860.0,480.0,18.0,462.0,0.0,462.0,32.0,0.8526667204523375,738,691,24,23,58,860.0,3.6079318778975824,67.68276420195114,5.712002731562119,49.55778304563016,64.8159152046536,51.807405173434155,1.6176618163371308,16.56402617685663,59.23522036006865,137.31934379416805,46617.23158726152,0,3,431.50606649647125,0,,0.07830844356539093,0.4944205066800452,0.037371134020618556,145.79673162884532,3.5576642730989305,0,,1.0,0.8519480519480519,0.9363143631436315,0.7976911976911977,0.9363143631436315,0.03116531165311653,0.032520325203252036
SH-MC-01-2024012900,2024-01-29 00:00:00,2024-01-29,LINE-A,MC-01,CNC,PRD-C,A,3,7,25500.0,2860.0,480.0,35.0,445.0,0.0,445.0,26.0,0.9294690253452128,954,893,36,25,68,845.0,3.918265260066371,69.70645559675206,5.354329466045097,48.85382544613649,65.6350294105232,50.400166756415175,1.528577790850959,16.661890063883547,63.877236089431065,145.01934379416804,46624.93158726152,1,3,417.3955178235739,0,,0.08797255461154073,0.5128205066800452,0.06368563685636856,145.79673162884532,3.7705395078099784,0,,1.0,0.9289887640449438,0.9360587002096437,0.8695880149812735,0.9360587002096437,0.02620545073375262,0.03773584905660377
SH-MC-01-2024012908,2024-01-29 08:00:00,2024-01-29,LINE-A,MC-01,CNC,PRD-C,B,3,7,25500.0,2860.0,480.0,18.0,462.0,0.0,462.0,26.0,0.8909115837779464,949,887,39,23,72,821.5,3.830273822612342,69.98972806994013,5.417916264572213,47.65905394713593,63.62121614463278,54.230545931699,1.5696228551527034,16.661890063883547,64.00503398954555,152.4360104608347,46632.34825392818,0,3,435.8011110266494,0,,0.09908910479582131,0.5321538400133785,0.0639412997903564,145.79673162884532,3.7854903201920984,1,24.0,1.0,0.8901154401154401,0.934668071654373,0.8319624819624819,0.934668071654373,0.02423603793466807,0.0410958904109589
SH-MC-01-2024012916,2024-01-29 16:00:00,2024-01-29,LINE-A,MC-01,CNC,PRD-C,C,3,7,25500.0,2860.0,480.0,18.0,462.0,0.0,462.0,26.0,0.8492162274231884,905,840,33,32,86,983.5,4.234292588492658,69.10616602429762,5.562309390724855,49.10110025907939,58.79406631245795,57.794888452521974,1.6135828418490097,16.661890063883547,57.129664815775676,160.13601046083468,46640.04825392818,0,3,437.5425150347912,0,,0.10936177752190143,0.5475538400133785,0.06533192834562697,25.839372349917713,3.9942772237237905,1,16.0,1.0,0.8488455988455988,0.9281767955801105,0.7878787878787878,0.9281767955801105,0.03535911602209945,0.036464088397790057
SH-MC-01-2024013000,2024-01-30 00:00:00,2024-01-30,LINE-A,MC-01,CNC,PRD-C,A,3,7,25500.0,2860.0,480.0,18.0,462.0,15.599737315431375,446.40026268456864,26.0,0.8383376186342701,863,805,31,27,69,853.5,4.220635842975527,69.92069843296576,5.508674168401224,51.04954486251548,55.15834655091703,53.33728386207814,1.5645785143047133,16.76118562547827,62.64495926218174,167.83601046083467,46647.74825392818,0,3,425.8509892004089,0,,0.12234948752943965,0.5659538400133785,0.0718232044198895,25.839372349917713,4.095067418026843,1,8.0,0.9662343348150837,0.8377384556579341,0.93279258400927,0.7550505050505052,0.93279258400927,0.031286210892236384,0.03592120509849363
SH-MC-01-2024013008,2024-01-30 08:00:00,2024-01-30,LINE-A,MC-01,CNC,PRD-C,B,3,7,25500.0,2860.0,480.0,18.0,462.0,132.44242567323676,329.55757432676324,26.0,0.8767135894494662,666,627,22,17,44,556.0,4.913476250868217,69.44308413741531,5.322886283129524,48.31991076978803,55.369196935318165,59.504827186829246,1.5648831797563465,16.76118562547827,60.616154677424085,175.2760148389108,46655.188258306254,0,3,311.50521931349164,1,Electrical,0.35115302615466665,0.5808338487695307,0.06720741599073002,34.77622813953249,4.456134894112134,0,,0.713328082958362,0.875719517567049,0.9414414414414415,0.5880952380952381,0.9414414414414415,0.025525525525525526,0.03303303303303303
SH-MC-01-2024013016,2024-01-30 16:00:00,2024-01-30,LINE-A,MC-01,CNC,PRD-C,C,3,7,25500.0,2860.0,480.0,18.0,462.0,15.195294495706355,446.8047055042936,26.0,0.9523963602607942,982,953,19,10,35,372.5,2.888228872456556,59.4521438918779,6.097525371336628,44.24843027543548,80.9570957269238,19.514502041413643,1.180522928059359,16.76118562547827,58.68788306243283,0.0,46660.680884545036,0,4,403.3305172683373,0,,0.010632227241404285,0.20121849442401044,0.05855855855855856,167.21865381276925,4.007446988766767,0,,0.9671097521737957,0.952392237796708,0.9704684317718941,0.8938672438672438,0.9704684317718941,0.010183299389002037,0.019348268839103868
SH-MC-01-2024013100,2024-01-31 00:00:00,2024-01-31,LINE-A,MC-01,CNC,PRD-D,A,3,7,25500.0,2860.0,480.0,35.0,445.0,0.0,445.0,24.0,0.9285279495341822,1032,1008,11,13,27,413.0,2.311731221132512,61.399685548772744,5.927229074557884,44.86193333581569,75.84289497010869,21.454955400949107,1.1246222595456872,16.861883478486604,57.96952537316585,7.446745091738227,46668.12762963677,1,4,404.35803497872604,0,,0.012010533540573624,0.21911198460748688,0.029531568228105907,182.4139483084756,3.371145448152428,0,,1.0,0.9276404494382022,0.9767441860465116,0.906067415730337,0.9767441860465116,0.012596899224806201,0.01065891472868217
SH-MC-01-2024013108,2024-01-31 08:00:00,2024-01-31,LINE-A,MC-01,CNC,PRD-D,B,3,7,25500.0,2860.0,480.0,18.0,462.0,0.0,462.0,24.0,0.9315378672509672,1075,1054,12,9,26,321.0,2.4546566169735393,59.52881780048985,5.804098723462987,46.30835060967608,77.33872102340999,22.76661854274494,1.1450845751318481,16.861883478486604,55.70352240177302,14.863411758404894,46675.54429630344,0,4,422.65408377434176,0,,0.01367212632326494,0.23844531794082022,0.023255813953488372,182.4139483084756,2.551538903520869,0,,1.0,0.9307359307359307,0.9804651162790697,0.9125541125541126,0.9804651162790697,0.008372093023255815,0.011162790697674419
SH-MC-01-2024013116,2024-01-31 16:00:00,2024-01-31,LINE-A,MC-01,CNC,PRD-D,C,3,7,25500.0,2860.0,480.0,18.0,462.0,20.138628331990695,441.8613716680093,24.0,0.8732628507371647,964,924,21,19,47,643.0,2.942316080944591,63.33208995506697,5.832347017916462,45.89283116034544,80.12357110612055,21.99179089577032,1.2275545779009012,16.861883478486604,58.23038004833081,22.563411758404893,46683.244296303434,0,4,402.0415445023217,0,,0.015239321114480531,0.2538453179408202,0.01953488372093023,169.75141929199359,2.5695679730168806,0,,0.9564098953853015,0.8726718937760392,0.9585062240663901,0.8,0.9585062240663901,0.01970954356846473,0.021784232365145227
SH-MC-01-2024020100,2024-02-01 00:00:00,2024-02-01,LINE-A,MC-01,CNC,PRD-D,A,3,7,25500.0,2860.0,480.0,88.0,392.0,0.0,392.0,24.0,0.9105888434601919,892,871,12,9,23,321.0,1.7111481823210262,58.053388238082796,6.13473134706854,46.32122698629882,88.51112772314197,15.168331410779409,1.1406835813644256,16.96395382479377,55.7878666573044,0.0,46690.608652497904,0,4,351.7034718951268,0,,0.007854679405505051,0.1466499763780671,0.04149377593360996,189.8900476239843,2.3693736267463854,0,,1.0,0.9102040816326531,0.976457399103139,0.8887755102040816,0.976457399103139,0.010089686098654708,0.013452914798206279
SH-MC-01-2024020108,2024-02-01 08:00:00,2024-02-01,LINE-A,MC-01,CNC,PRD-D,B,3,7,25500.0,2860.0,480.0,18.0,462.0,0.0,462.0,24.0,0.9575907809943818,1106,1075,15,16,37,520.0,1.9970957658597117,59.51453594037812,5.844645945538724,45.69105029345735,83.29889054749674,18.40555801239472,1.1222024809222868,16.96395382479377,65.00815838192631,6.533333333333333,46697.14198583124,0,4,417.87856928883326,0,,0.008617260353498342,0.15971664304473376,0.023542600896860985,186.0739628836204,2.2168533430417763,0,,1.0,0.9575757575757575,0.9719710669077758,0.9307359307359307,0.9719710669077758,0.014466546112115732,0.013562386980108499
SH-MC-01-2024020116,2024-02-01 16:00:00,2024-02-01,LINE-A,MC-01,CNC,PRD-D,C,3,7,25500.0,2860.0,480.0,18.0,462.0,0.0,462.0,24.0,0.9344322891024335,1079,1050,14,15,35,487.0,2.248515605637127,62.8086656152504,5.920106168096346,45.38755741340552,83.90117432823712,17.825690473527768,1.0193905693225913,16.96395382479377,55.89757378347809,14.233333333333334,46704.84198583123,0,4,421.31985287416046,0,,0.009610676883989533,0.17511664304473376,0.02802893309222423,186.0739628836204,1.9855865179392882,0,,1.0,0.9341991341991343,0.9731232622798888,0.9090909090909092,0.9731232622798888,0.013901760889712697,0.012974976830398516
SH-MC-01-2024020200,2024-02-02 00:00:00,2024-02-02,LINE-A,MC-01,CNC,PRD-A,A,3,7,25500.0,2860.0,480.0,35.0,445.0,0.0,445.0,20.0,0.9563274169839284,1276,1250,12,14,32,324.0,2.450162822999706,60.690576536271436,5.947462334217863,45.764547740612315,84.27843317309856,24.736290640774527,1.1051094631958307,17.06736646014215,61.66115289549957,21.933333333333334,46712.54198583123,1,4,403.77996696158397,0,,0.010896972883997632,0.19351664304473376,0.026876737720111215,186.0739628836204,2.231924731498848,0,,1.0,0.9558052434456928,0.9796238244514106,0.9363295880149812,0.9796238244514106,0.0109717868338558,0.009404388714733543
SH-MC-01-2024020208,2024-02-02 08:00:00,2024-02-02,LINE-A,MC-01,CNC,PRD-A,B,3,7,25500.0,2860.0,480.0,18.0,462.0,0.0,462.0,20.0,0.9224637667640774,1278,1243,15,20,36,450.0,2.0843186781295486,59.260040092805625,5.998015452428986,44.75020173606078,81.52904138692404,20.774250514805257,1.0860461164050532,17.06736646014215,61.923367406310334,29.35,46719.958652497895,0,4,414.47407561344306,0,,0.012406445044077364,0.2128499763780671,0.02037617554858934,186.0739628836204,2.2609990355887937,0,,1.0,0.922077922077922,0.9726134585289515,0.8968253968253969,0.9726134585289515,0.01564945226917058,0.011737089201877934
SH-MC-01-2024020216,2024-02-02 16:00:00,2024-02-02,LINE-A,MC-01,CNC,PRD-A,C,3,7,25500.0,2860.0,480.0,18.0,462.0,0.0,462.0,20.0,0.8803489336296675,1220,1179,22,19,50,474.0,2.620367592266726,63.4966726134542,5.871061185868912,45.07128037255578,84.49458094815444,21.90568487827487,1.2688877829838339,17.06736646014215,58.37848734299151,37.050000000000004,46727.65865249789,0,4,421.2412061081118,0,,0.01383059296420584,0.2282499763780671,0.027386541471048513,186.0739628836204,2.3849496977986604,0,,1.0,0.8802308802308803,0.9663934426229508,0.8506493506493507,0.9663934426229508,0.01557377049180328,0.018032786885245903
SH-MC-01-2024020300,2024-02-03 00:00:00,2024-02-03,LINE-A,MC-01,CNC,PRD-A,A,3,7,25500.0,2860.0,480.0,18.0,462.0,0.0,462.0,20.0,0.9391461901111016,1301,1272,19,10,32,294.0,2.6882462624802796,62.55675193792162,6.009069796138244,47.06816620186047,79.62498135213535,21.493838379852416,1.366909977579665,17.172090783069187,55.724758659196056,44.75000000000001,46735.35865249789,0,4,424.53162778904385,0,,0.01567274606719598,0.2466499763780671,0.03360655737704918,186.0739628836204,2.464310844292185,0,,1.0,0.9386724386724387,0.9777094542659492,0.9177489177489178,0.9777094542659492,0.007686395080707148,0.014604150653343582
SH-MC-01-2024020308,2024-02-03 08:00:00,2024-02-03,LINE-A,MC-01,CNC,PRD-A,B,3,7,25500.0,2860.0,480.0,18.0,462.0,0.0,462.0,20.0,0.9438166855445882,1308,1268,22,18,49,456.0,2.7184532286275926,61.19630518586296,5.850324113739448,46.4021709240379,80.53085325043571,27.765513310824314,1.0036208926976984,17.172090783069187,59.97999598322988,52.45000000000001,46743.058652497886,0,4,427.95214891971597,0,,0.017465205165434834,0.2620499763780671,0.022290545734050732,186.0739628836204,2.675689027791533,0,,1.0,0.9437229437229437,0.9694189602446484,0.9148629148629149,0.9694189602446484,0.013761467889908258,0.016819571865443424
SH-MC-01-2024020316,2024-02-03 16:00:00,2024-02-03,LINE-A,MC-01,CNC,PRD-A,C,3,7,25500.0,2860.0,480.0,18.0,462.0,0.0,462.0,20.0,0.9033749227885961,1252,1198,32,22,69,588.0,2.67150450973171,62.80284115779849,5.996973686377602,48.910657922130525,73.48419645139013,30.108608936623746,1.2562807626963337,17.172090783069187,58.97008524576373,60.15000000000001,46750.75865249788,0,4,430.4390428129627,0,,0.01945861152609049,0.2774499763780671,0.03058103975535168,183.3760858163652,2.6927346669465275,0,,1.0,0.9033189033189033,0.9568690095846646,0.8643578643578644,0.9568690095846646,0.01757188498402556,0.025559105431309903
SH-MC-01-2024020400,2024-02-04 00:00:00,2024-02-04,LINE-A,MC-01,CNC,PRD-B,A,3,7,25500.0,2860.0,480.0,35.0,445.0,0.0,445.0,32.0,0.9475932480263928,790,773,11,6,20,267.0,2.9239865267284806,64.25848858810727,5.833441246184463,48.352408210066834,70.03058837331028,28.32465817061729,1.2005709464769434,17.278095803962877,61.910836309644104,67.85000000000001,46758.45865249788,1,4,412.1771650690821,0,,0.022033634915370467,0.2958499763780671,0.04313099041533546,183.3760858163652,2.771314755029261,0,,1.0,0.9468164794007491,0.9784810126582278,0.9264419475655431,0.9784810126582278,0.007594936708860759,0.013924050632911392
SH-MC-01-2024020408,2024-02-04 08:00:00,2024-02-04,LINE-A,MC-01,CNC,PRD-B,B,3,7,25500.0,2860.0,480.0,18.0,462.0,7.309035839426507,454.6909641605735,32.0,0.9293120991211165,792,766,13,13,31,481.0,2.787418928165893,59.67219693643537,5.840392322249329,47.659357451152,75.13846560534228,30.62145864647752,1.5125182637990346,17.278095803962877,58.444054839014306,75.26666666666668,46765.875319164545,0,4,418.9123082499981,0,,0.025046716877190043,0.3151833097114004,0.021518987341772152,183.3760858163652,2.794303321542028,0,,0.9841795761051375,0.9289826130145616,0.9671717171717171,0.8842712842712842,0.9671717171717171,0.016414141414141416,0.016414141414141416
SH-MC-01-2024020416,2024-02-04 16:00:00,2024-02-04,LINE-A,MC-01,CNC,PRD-B,C,3,7,25500.0,2860.0,480.0,18.0,462.0,5.938405194645149,456.06159480535484,32.0,0.8939384418062394,764,731,13,20,37,677.0,3.0624146158359165,64.59109883872362,5.61792912711791,49.16445994899029,80.27944852041267,35.632316059618056,1.1831986867350632,17.278095803962877,64.58868195659815,82.84484940267623,46773.453501900556,0,4,422.03945359186866,0,,0.02783371563419677,0.3303396751834195,0.03282828282828283,190.6851216557917,2.92460669024343,1,24.0,0.9871463091024997,0.8934465679807388,0.9568062827225131,0.8438672438672439,0.9568062827225131,0.02617801047120419,0.017015706806282723
SH-MC-01-2024020500,2024-02-05 00:00:00,2024-02-05,LINE-A,MC-01,CNC,PRD-B,A,3,7,25500.0,2860.0,480.0,18.0,462.0,0.0,462.0,32.0,0.9126558057908156,790,765,15,10,28,415.0,3.132770515993083,65.03646286946868,5.782478528984681,47.71465533447823,74.26091436464992,33.24250021765001,1.288989097178947,17.385350154232086,57.612401994901276,90.44587598276549,46781.05452848064,0,4,432.4170743634225,0,,0.03143833614407064,0.348541728343598,0.04319371727748691,196.62352685043686,2.994201353331631,1,16.0,1.0,0.911976911976912,0.9683544303797469,0.8831168831168832,0.9683544303797469,0.012658227848101266,0.0189873417721519
SH-MC-01-2024020508,2024-02-05 08:00:00,2024-02-05,LINE-A,MC-01,CNC,PRD-B,B,3,7,25500.0,2860.0,480.0,18.0,462.0,0.0,462.0,32.0,0.9173551014032042,794,771,11,12,27,435.0,2.9158137393958574,63.77945130013174,5.580633429662067,46.37920650409057,72.84308139101495,34.948874494671465,1.212701314792363,17.385350154232086,55.269164861581864,98.14587598276549,46788.75452848064,0,4,428.21755689391534,0,,0.0349698154758568,0.363941728343598,0.03164556962025317,196.62352685043686,3.0369996237416195,1,8.0,1.0,0.9165945165945166,0.9710327455919395,0.8900432900432901,0.9710327455919395,0.015113350125944584,0.013853904282115869
SH-MC-01-2024020516,2024-02-05 16:00:00,2024-02-05,LINE-A,MC-01,CNC,PRD-B,C,3,7,25500.0,2860.0,480.0,18.0,462.0,91.353854002554,370.646145997446,32.0,0.9041132130391484,628,592,20,16,37,628.0,3.168312081878966,66.70097111498015,5.558591757956611,47.71066455362517,67.40729995972795,34.55990611790176,1.4315478400706723,17.385350154232086,57.48971530466108,105.84587598276549,46796.45452848064,0,4,346.9054054740622,1,Electrical,0.03888206225378995,0.37934172834359803,0.028967254408060455,196.62352685043686,3.072298779089303,0,,0.8022643852758572,0.9036471495798077,0.9426751592356688,0.6834054834054835,0.9426751592356688,0.025477707006369428,0.03184713375796178
SH-MC-01-2024020600,2024-02-06 00:00:00,2024-02-06,LINE-A,MC-01,CNC,PRD-C,A,3,7,25500.0,2860.0,480.0,35.0,445.0,0.0,445.0,26.0,0.9474154283956802,972,959,8,5,18,175.0,2.035790860243251,60.00355356085391,5.921699133636489,44.542616712464,85.20705731146123,14.176314203853687,1.1049789628288476,17.493822095589003,56.371622709808214,0.0,46802.63196424726,1,5,407.4370410889328,0,,0.007329454974987031,0.13419684395812773,0.05732484076433121,287.97738085299085,2.706638893839358,0,,1.0,0.9465168539325842,0.9866255144032922,0.9338576779026216,0.9866255144032922,0.0051440329218107,0.00823045267489712
SH-MC-01-2024020608,2024-02-06 08:00:00,2024-02-06,LINE-A,MC-01,CNC,PRD-C,B,3,7,25500.0,2860.0,480.0,18.0,462.0,0.0,462.0,26.0,0.9655444204019321,1029,993,21,15,41,502.5,2.0009248665026207,60.11959127527195,5.930411966503466,45.92551835261605,87.88117011494143,10.459238047613018,0.8991759515836796,17.493822095589003,61.02782416061603,7.416666666666667,46810.04863091392,0,5,418.47132521259726,0,,0.008348918193970439,0.15353017729146107,0.013374485596707819,272.3776435375595,2.4016759362082793,0,,1.0,0.9651515151515152,0.9650145772594753,0.9313852813852814,0.9650145772594753,0.014577259475218658,0.02040816326530612
SH-MC-01-2024020616,2024-02-06 16:00:00,2024-02-06,LINE-A,MC-01,CNC,PRD-C,C,3,7,25500.0,2860.0,480.0,18.0,462.0,0.0,462.0,26.0,0.924883139948213,986,956,16,14,35,442.0,1.9773894166892882,60.57046924952572,6.056178505575795,45.012235120344286,85.89137421960689,14.162320394747631,1.2494482743807072,17.493822095589003,56.00279781765692,15.116666666666667,46817.74863091392,0,5,419.5250898146625,0,,0.009311690217836135,0.16893017729146106,0.03498542274052478,139.93521786432274,2.0047017144783865,0,,1.0,0.9248196248196249,0.9695740365111561,0.8966810966810967,0.9695740365111561,0.014198782961460446,0.016227180527383367
SH-MC-01-2024020700,2024-02-07 00:00:00,2024-02-07,LINE-A,MC-01,CNC,PRD-C,A,3,7,25500.0,2860.0,480.0,18.0,462.0,4.050202295853949,457.9497977041461,26.0,0.9631874271847402,1017,965,29,23,61,746.5,2.4888350573895184,59.588212051056935,5.88913816242617,45.89411054355845,82.67547271983884,17.99644012850606,1.2615827079632138,17.603479529441046,64.04688887869032,22.816666666666666,46825.44863091392,0,5,420.9824125758259,0,,0.01055839635868266,0.18733017729146106,0.030425963488843813,124.73992336861639,2.1557164468604757,0,,0.9912333283639525,0.9623325574317861,0.9488692232055064,0.905122655122655,0.9488692232055064,0.02261553588987217,0.028515240904621434
SH-MC-01-2024020708,2024-02-07 08:00:00,2024-02-07,LINE-A,MC-01,CNC,PRD-C,B,3,7,25500.0,2860.0,480.0,18.0,462.0,0.0,462.0,26.0,0.9510988833297197,1014,999,6,9,19,252.0,2.5938248787309632,59.11988025932405,5.852131214416721,46.009421444865026,79.28841694830116,20.907795999945115,1.244593044781775,17.603479529441046,59.40511242402173,30.449163295069102,46833.08112754232,0,5,423.1867313932315,0,,0.01176170853661936,0.20259517054826592,0.051130776794493606,128.79012566447034,2.3533497842699234,0,,1.0,0.9510822510822511,0.985207100591716,0.9370129870129871,0.985207100591716,0.008875739644970414,0.005917159763313609
SH-MC-01-2024020716,2024-02-07 16:00:00,2024-02-07,LINE-A,MC-01,CNC,PRD-C,C,3,7,25500.0,2860.0,480.0,18.0,462.0,0.0,462.0,26.0,0.9065920033619272,966,930,21,15,44,502.5,2.774946683422504,63.076587521500976,5.9681266723566075,46.654069623004595,86.13236214417901,21.897495813559587,1.3171012245687939,17.603479529441046,61.190353806832086,38.1491632950691,46840.781127542316,0,5,423.463378076649,0,,0.013112829195636014,0.21799517054826592,0.014792899408284023,128.79012566447034,2.6192022065143283,0,,1.0,0.906060606060606,0.9627329192546584,0.8722943722943722,0.9627329192546584,0.015527950310559006,0.021739130434782608
SH-MC-01-2024020800,2024-02-08 00:00:00,2024-02-08,LINE-A,MC-01,CNC,PRD-D,A,3,7,25500.0,2860.0,480.0,35.0,445.0,0.0,445.0,24.0,0.9311825801955264,1035,1012,13,10,31,354.0,2.1831165548155353,61.61228485762479,5.925990300712369,46.70727678489262,79.54754631474225,23.077531292777923,0.9187783570267753,17.71429000638931,61.63203469695423,45.849163295069104,46848.48112754231,1,5,412.46646192053254,0,,0.014860821061466488,0.23639517054826592,0.037267080745341616,108.65149733247964,2.517296038989668,0,,1.0,0.9303370786516854,0.9777777777777777,0.9096629213483145,0.9777777777777777,0.00966183574879227,0.012560386473429951
SH-MC-01-2024020808,2024-02-08 08:00:00,2024-02-08,LINE-A,MC-01,CNC,PRD-D,B,3,7,25500.0,2860.0,480.0,18.0,462.0,0.0,462.0,24.0,0.9229620029870773,1066,1044,18,4,24,244.0,2.782166382351173,60.5261611131618,5.941072772382075,48.98429581089752,80.51965449387612,30.50640080433606,1.1149660156227537,17.71429000638931,58.50399472623006,53.26582996173577,46855.89779420898,0,5,432.8078726484118,0,,0.016909986769317733,0.25572850388159923,0.022222222222222223,108.65149733247964,2.5800765401964045,0,,1.0,0.922943722943723,0.9793621013133208,0.9038961038961039,0.9793621013133208,0.00375234521575985,0.016885553470919325
SH-MC-01-2024020816,2024-02-08 16:00:00,2024-02-08,LINE-A,MC-01,CNC,PRD-D,C,3,7,25500.0,2860.0,480.0,18.0,462.0,0.0,462.0,24.0,0.921886503267421,1064,1019,22,23,55,751.0,2.4177643046052606,65.277784354965,5.87126863834529,47.165770607042106,77.22221743177701,25.317419581572917,1.4316910185354097,17.71429000638931,58.77534826382528,60.96582996173577,46863.597794208974,0,5,427.55442589388474,0,,0.0188412379953537,0.27112850388159926,0.020637898686679174,108.65149733247964,2.461015747257323,0,,1.0,0.9212121212121213,0.9577067669172933,0.8822510822510824,0.9577067669172933,0.021616541353383457,0.020676691729323307
SH-MC-01-2024020900,2024-02-09 00:00:00,2024-02-09,LINE-A,MC-01,CNC,PRD-D,A,3,7,25500.0,2860.0,480.0,18.0,462.0,8.871693948230284,453.1283060517697,24.0,0.9347395808124502,1058,1025,20,13,39,485.0,3.025895738607907,61.185761612928886,5.934216893003417,48.204172873962605,83.05079517158137,22.61356271230877,1.2537505090889198,17.8262207358309,57.4861012177877,68.66582996173577,46871.29779420897,0,5,424.3163924582472,0,,0.021336340025308386,0.28952850388159923,0.042293233082706765,108.65149733247964,2.7419421418547802,0,,0.9807971992462547,0.9339518064705709,0.9688090737240076,0.8874458874458875,0.9688090737240076,0.012287334593572778,0.01890359168241966
SH-MC-01-2024020908,2024-02-09 08:00:00,2024-02-09,LINE-A,MC-01,CNC,PRD-D,B,3,7,25500.0,2860.0,480.0,18.0,462.0,0.0,462.0,24.0,0.9287071842120521,1072,1047,11,14,30,438.0,2.857193960179638,64.64205003419,5.650024373867436,47.92169188651665,68.83766438142314,30.143075844466807,1.2636755726521351,17.8262207358309,52.60618201999953,76.21796839593193,46878.84993264317,0,5,428.179413772119,0,,0.023711899298044486,0.30463278074999156,0.031190926275992438,117.52319128070992,2.766951334464269,0,,1.0,0.9281385281385282,0.976679104477612,0.9064935064935066,0.976679104477612,0.013059701492537313,0.010261194029850746
SH-MC-01-2024020916,2024-02-09 16:00:00,2024-02-09,LINE-A,MC-01,CNC,PRD-D,C,3,7,25500.0,2860.0,480.0,18.0,462.0,0.0,462.0,24.0,0.900041472228499,1039,984,34,21,64,797.0,3.065102793415058,66.40597671064643,5.706813003772855,47.347388033238225,76.47404857092963,29.148102717067843,1.4328697061495215,17.8262207358309,57.826931745979934,83.91796839593194,46886.54993264317,0,4,432.7568505843942,0,,0.02639912111801612,0.3200327807499916,0.02332089552238806,117.52319128070992,2.9827308307342015,0,,1.0,0.8995670995670996,0.9470644850818094,0.8519480519480519,0.9470644850818094,0.02021174205967276,0.032723772858517804
SH-MC-01-2024021000,2024-02-10 00:00:00,2024-02-10,LINE-A,MC-01,CNC,PRD-A,A,3,7,25500.0,2860.0,480.0,35.0,445.0,0.0,445.0,20.0,0.9059604356580958,1209,1172,24,13,46,378.0,3.6950943759144415,62.86582365716534,5.640134856237504,48.02361020212433,76.52266074282072,33.54083593894118,1.389306067544757,17.939238595662182,57.349474814598146,91.61796839593194,46894.249932643164,1,4,414.4636208350351,0,,0.02986463161277768,0.3384327807499916,0.05293551491819057,117.52319128070992,3.2057970431697123,0,,1.0,0.9056179775280899,0.9693961952026469,0.8779026217228465,0.9693961952026469,0.010752688172043012,0.019851116625310174
SH-MC-01-2024021008,2024-02-10 08:00:00,2024-02-10,LINE-A,MC-01,CNC,PRD-A,B,3,7,25500.0,2860.0,480.0,18.0,462.0,0.0,462.0,20.0,0.9279604431162614,1286,1246,24,16,56,432.0,3.303695329848447,67.11095446562355,5.550416652307421,48.235312787666174,69.66207259685427,33.33665644627109,1.3645398061459584,17.939238595662182,62.992650819900796,99.03463506259861,46901.66659930983,0,4,435.3090096341562,0,,0.0339114627365998,0.3577661140833249,0.030603804797353185,117.52319128070992,3.354630833059316,0,,1.0,0.9278499278499278,0.968895800933126,0.898989898989899,0.968895800933126,0.012441679626749611,0.01866251944012442
SH-MC-01-2024021016,2024-02-10 16:00:00,2024-02-10,LINE-A,MC-01,CNC,PRD-A,C,3,7,25500.0,2860.0,480.0,18.0,462.0,8.827910932791234,453.1720890672088,20.0,0.9074652577931168,1233,1174,36,23,72,630.0,3.295077699876026,64.56700492442721,5.703335352841041,47.12871852609062,69.62428450704704,40.96165921051151,1.4497447315062728,17.939238595662182,54.31246463722733,106.73463506259861,46909.366599309826,0,4,424.4324753055783,0,,0.03770993311515088,0.37316611408332495,0.03110419906687403,117.52319128070992,3.4312891352129715,0,,0.9808919676779411,0.9069402328947175,0.9521492295214923,0.8470418470418469,0.9521492295214923,0.0186536901865369,0.029197080291970802
SH-MC-01-2024021100,2024-02-11 00:00:00,2024-02-11,LINE-A,MC-01,CNC,PRD-A,A,3,7,25500.0,2860.0,480.0,18.0,462.0,0.0,462.0,20.0,0.9048152250439869,1254,1206,26,22,56,552.0,3.267766239769528,64.14313379542754,5.631490051178626,49.51539749346789,64.50500481747855,38.73100894840065,1.3150064306082425,18.05331014208015,58.94137175192062,114.28750321371876,46916.919467460946,0,4,435.6293340209093,0,,0.04250957493704886,0.3912718503855652,0.047850770478507706,126.35110221350115,3.2888464231646672,0,,1.0,0.9047619047619048,0.9617224880382775,0.8701298701298702,0.9617224880382775,0.017543859649122806,0.02073365231259968
SH-MC-01-2024021108,2024-02-11 08:00:00,2024-02-11,LINE-A,MC-01,CNC,PRD-A,B,3,7,25500.0,2860.0,480.0,18.0,462.0,0.0,462.0,20.0,0.917111943515424,1271,1218,23,30,61,678.0,3.314422192028562,63.21464701365522,5.508733581476965,49.168877948699176,63.404000492063474,33.05976782149223,1.375803261995544,18.05331014208015,62.07611466833886,121.98750321371877,46924.61946746094,0,4,437.13340433834554,0,,0.047224054577185516,0.40667185038556525,0.03827751196172249,126.35110221350115,3.292422043891372,0,,1.0,0.9170274170274171,0.9583005507474429,0.8787878787878788,0.9583005507474429,0.023603461841070025,0.01809598741148702
SH-MC-01-2024021116,2024-02-11 16:00:00,2024-02-11,LINE-A,MC-01,CNC,PRD-A,C,3,7,25500.0,2860.0,480.0,18.0,462.0,0.0,462.0,20.0,0.8690534818207097,1204,1134,39,31,92,792.0,3.4097625225661887,67.94338911121447,5.815796974003393,48.41370926000741,68.47412328601733,41.583240388868084,1.5609855507042802,18.05331014208015,53.57446640309067,129.68750321371877,46932.31946746094,0,4,436.70412376099046,0,,0.05243275679258922,0.4220718503855653,0.041699449252557044,119.04206637407464,3.3306503181214264,0,,1.0,0.8686868686868687,0.9418604651162791,0.8181818181818182,0.9418604651162791,0.02574750830564784,0.03239202657807309
SH-MC-01-2024021200,2024-02-12 00:00:00,2024-02-12,LINE-A,MC-01,CNC,PRD-B,A,3,7,25500.0,2860.0,480.0,35.0,445.0,7.41331008386183,437.5866899161382,32.0,0.8850165177575092,726,700,16,10,31,424.0,3.5159041166860994,68.13822249278768,5.8485898654862405,50.33127657944131,67.62950096793249,41.99289036165325,1.5206934453599534,18.16840161947899,53.80227068100351,137.38750321371876,46940.01946746094,1,4,416.4689619504296,0,,0.05910831725555102,0.44047185038556524,0.05813953488372093,113.1036611794295,3.4133629437602835,0,,0.9833408762160409,0.8848532391929137,0.9641873278236914,0.8389513108614232,0.9641873278236914,0.013774104683195593,0.02203856749311295
SH-MC-01-2024021208,2024-02-12 08:00:00,2024-02-12,LINE-A,MC-01,CNC,PRD-B,B,3,7,25500.0,2860.0,480.0,18.0,462.0,2.8461840756144805,459.1538159243855,32.0,0.8816768936334327,759,727,19,13,37,535.0,3.6208089007689805,67.95047947906068,5.594072677576961,50.185717984725514,67.76507197195079,42.64410488131173,1.1845199071302672,18.16840161947899,54.112371370429244,144.68061471232107,46947.31257895954,0,4,437.58598795500234,0,,0.06673467328194854,0.4595580733827698,0.03581267217630854,120.51697126329132,3.5154918466737564,0,,0.9938394284077608,0.8816217702232129,0.9578392621870883,0.8392496392496392,0.9578392621870883,0.017127799736495388,0.025032938076416336
SH-MC-01-2024021216,2024-02-12 16:00:00,2024-02-12,LINE-A,MC-01,CNC,PRD-B,C,3,7,25500.0,2860.0,480.0,18.0,462.0,13.074461616768676,448.9255383832313,32.0,0.8337591103682247,701,661,23,17,52,683.0,3.7815411277182154,70.4796483585591,5.65611934567854,50.15385282786268,60.43514173525159,47.838753244666826,1.4539066306110364,18.16840161947899,59.2972212815419,152.33317831106083,46954.965142558285,0,4,429.7792521910706,0,,0.07388194570303686,0.47486320058024933,0.04216073781291173,123.36315533890581,3.6394180483910987,1,24.0,0.9717002995308037,0.8328032929761959,0.9429386590584878,0.7630591630591631,0.9429386590584878,0.024251069900142655,0.03281027104136947
SH-MC-01-2024021300,2024-02-13 00:00:00,2024-02-13,LINE-A,MC-01,CNC,PRD-B,A,3,7,25500.0,2860.0,480.0,18.0,462.0,0.0,462.0,32.0,0.8997581017587847,779,739,22,18,60,702.0,3.8002718320908064,67.48110892170685,5.658534714421497,47.85898475679313,61.71347639821476,50.97513159603551,1.440304163355617,18.284478970438883,54.30760537355013,159.81527061744802,46962.447234864674,0,3,443.02590381162537,0,,0.08281201406441455,0.4928273851930237,0.05706134094151213,45.083762953120484,3.734207286859334,1,16.0,1.0,0.8992784992784992,0.9486521181001284,0.853102453102453,0.9486521181001284,0.023106546854942234,0.028241335044929396
SH-MC-01-2024021308,2024-02-13 08:00:00,2024-02-13,LINE-A,MC-01,CNC,PRD-B,B,3,7,25500.0,2860.0,480.0,18.0,462.0,0.0,462.0,32.0,0.8743991387152261,757,720,18,19,47,694.0,4.048518899559678,70.0123156572955,5.509258797467188,50.73849056385454,64.59229332880201,50.27145980126308,1.438378338406582,18.284478970438883,55.18435177238475,167.515270617448,46970.14723486467,0,3,444.02203118013335,0,,0.09156873756501235,0.5082273851930237,0.051347881899871634,45.083762953120484,3.8767772864562335,1,8.0,1.0,0.8738816738816739,0.9511228533685601,0.8311688311688312,0.9511228533685601,0.02509907529722589,0.023778071334214
SH-MC-01-2024021316,2024-02-13 16:00:00,2024-02-13,LINE-A,MC-01,CNC,PRD-B,C,3,7,25500.0,2860.0,480.0,18.0,462.0,145.17698276975045,316.82301723024955,32.0,0.8857123135422251,526,491,19,16,38,619.0,3.9904349298196315,71.92913017035171,5.554203251363803,49.48952745716777,57.14138556270759,54.221159990466944,1.6986396833056863,18.284478970438883,56.01279516497899,175.215270617448,46977.84723486467,0,3,303.5784109510124,1,Electrical,0.10114930000776765,0.5236273851930237,0.0488771466314399,45.083762953120484,3.9464085538233724,0,,0.6857641065589817,0.8854575522505586,0.9334600760456274,0.5668109668109668,0.9334600760456274,0.030418250950570342,0.03612167300380228
SH-MC-01-2024021400,2024-02-14 00:00:00,2024-02-14,LINE-A,MC-01,CNC,PRD-C,A,3,7,25500.0,2860.0,480.0,35.0,445.0,13.53328349136644,431.46671650863357,26.0,0.9412708307669728,937,916,10,11,25,328.0,2.5604064819643115,58.9265297014401,6.013092047577964,47.64348310594105,86.88151532934604,18.085858938981772,0.8945748320931812,18.401507845804183,61.86170989407675,0.0,46983.127618485174,1,4,394.64778971159166,0,,0.009591941137756438,0.1826439718275709,0.06653992395437262,190.26074572287092,3.5331201037812066,0,,0.9695881269856934,0.9410536613783249,0.9775880469583778,0.8919850187265919,0.9775880469583778,0.011739594450373533,0.010672358591248666
SH-MC-01-2024021408,2024-02-14 08:00:00,2024-02-14,LINE-A,MC-01,CNC,PRD-C,B,3,7,25500.0,2860.0,480.0,18.0,462.0,12.060759121431065,449.9392408785689,26.0,0.9493947975742172,985,969,8,8,20,244.0,2.240460642558107,59.33573880937708,5.998516728017691,48.388511141678634,80.61673313613551,21.461668436895692,1.1483397563003106,18.401507845804183,58.937367034494144,7.19111194181056,46990.31873042698,0,4,417.2380353960733,0,,0.010887843290161396,0.201526195711192,0.022411953041622197,199.7438269183834,2.930434018114017,0,,0.9738944607761232,0.9486466050391202,0.983756345177665,0.9088744588744588,0.983756345177665,0.008121827411167513,0.008121827411167513
SH-MC-01-2024021416,2024-02-14 16:00:00,2024-02-14,LINE-A,MC-01,CNC,PRD-C,C,3,7,25500.0,2860.0,480.0,18.0,462.0,9.637142147495195,452.3628578525048,26.0,0.9048580403924005,944,903,23,18,52,586.5,2.6479596893254995,61.325775977865526,5.994366518642439,46.40860691581862,73.68815691608017,19.674771347873985,1.1762899887854434,18.401507845804183,59.87757888186306,14.690099289786708,46997.81771777496,0,4,419.1932498924234,0,,0.012105388518697423,0.2165241704071443,0.016243654822335026,211.80458603981447,2.482942271282639,0,,0.9791403849621316,0.9042888017124627,0.9565677966101694,0.8469696969696969,0.9565677966101694,0.019067796610169493,0.024364406779661018
SH-MC-01-2024021500,2024-02-15 00:00:00,2024-02-15,LINE-A,MC-01,CNC,PRD-C,A,3,7,25500.0,2860.0,480.0,18.0,462.0,0.0,462.0,26.0,0.9268904414447688,988,970,9,9,25,274.5,2.5347890031864346,62.61394294998236,5.829629594113749,48.40328980789117,82.85935762327871,26.14684195702323,1.0908927280617429,18.519453614847855,58.144316653334805,22.22948025399512,47005.35709873917,0,4,430.81226774546127,0,,0.013689903826527784,0.23460293233556112,0.04343220338983051,221.44172818730968,2.474403111690014,0,,1.0,0.9266955266955267,0.9817813765182186,0.9098124098124099,0.9817813765182186,0.009109311740890687,0.009109311740890687
SH-MC-01-2024021508,2024-02-15 08:00:00,2024-02-15,LINE-A,MC-01,CNC,PRD-C,B,3,7,25500.0,2860.0,480.0,18.0,462.0,3.7895325720700566,458.2104674279299,26.0,0.9257647459098103,978,952,20,6,32,288.0,3.0483531196736497,59.6016337527494,5.832663283319822,47.116070879482535,76.33380369167328,27.274760439841142,1.0704863370814826,18.519453614847855,53.376878812089664,29.92948025399512,47013.05709873917,0,4,421.62099198980843,0,,0.015259104873816593,0.25000293233556115,0.018218623481781375,221.44172818730968,2.743700604061861,0,,0.9917975485453029,0.9249024850499684,0.9734151329243353,0.8929292929292929,0.9734151329243353,0.006134969325153374,0.02044989775051125
SH-MC-01-2024021516,2024-02-15 16:00:00,2024-02-15,LINE-A,MC-01,CNC,PRD-C,C,3,7,25500.0,2860.0,480.0,18.0,462.0,8.371684135143928,453.62831586485606,26.0,0.9232226101960249,966,928,25,13,41,486.5,2.867783905135681,61.726668712076226,5.8112666102589845,49.16992844020206,79.56856883180131,26.693782786544173,1.246062284850032,18.519453614847855,56.43851185874363,37.566321377793955,47020.69393986297,0,4,419.12047958839827,0,,0.016989983219978414,0.2652766145831588,0.026584867075664622,225.23126075937972,2.816975342665255,0,,0.9818794715689525,0.9227819017468661,0.9606625258799172,0.8704184704184704,0.9606625258799172,0.013457556935817806,0.025879917184265012
SH-MC-01-2024021600,2024-02-16 00:00:00,2024-02-16,LINE-A,MC-01,CNC,PRD-D,A,3,7,25500.0,2860.0,480.0,35.0,445.0,0.0,445.0,24.0,0.9548615328951697,1062,1043,14,5,24,237.0,2.6725992515910617,65.7331473297182,5.852808079891162,47.21997330834292,76.19324690645631,27.058859754837027,1.2108391422978557,18.638281375519277,59.10772679546727,45.12679330887489,47028.25441179405,1,4,415.1410032197559,0,,0.019207113382165995,0.28339755844532066,0.039337474120082816,233.60294489452366,2.8629120921334645,1,24.0,1.0,0.9546067415730337,0.9821092278719398,0.9375280898876405,0.9821092278719398,0.004708097928436911,0.013182674199623353
SH-MC-01-2024021608,2024-02-16 08:00:00,2024-02-16,LINE-A,MC-01,CNC,PRD-D,B,3,7,25500.0,2860.0,480.0,18.0,462.0,0.0,462.0,24.0,0.8980127798911947,1037,1011,13,13,33,429.0,2.9805445260445036,64.1273262178639,5.847320934608984,47.6791918112872,85.72877363106424,30.336195201006763,1.2078648565980126,18.638281375519277,61.845220155709896,52.54345997554155,47035.67107846071,0,4,428.76890165952574,0,,0.021842303582457066,0.302730891778654,0.017890772128060263,224.7312509462934,2.8403092275904154,1,16.0,1.0,0.8978354978354979,0.9749276759884281,0.8753246753246753,0.9749276759884281,0.01253616200578592,0.01253616200578592
SH-MC-01-2024021616,2024-02-16 16:00:00,2024-02-16,LINE-A,MC-01,CNC,PRD-D,C,3,7,25500.0,2860.0,480.0,18.0,462.0,0.0,462.0,24.0,0.9428734180795403,1089,1058,16,15,39,503.0,2.959645133081117,65.04138874387954,5.644581983365109,49.39762780104719,70.66392354668893,31.42643958231574,1.4382746771219053,18.638281375519277,52.14871966038906,60.243459975541555,47043.37107846071,0,4,430.3311157146831,0,,0.024322926531224656,0.318130891778654,0.02507232401157184,224.7312509462934,2.870929636905561,1,8.0,1.0,0.9428571428571428,0.9715335169880625,0.916017316017316,0.9715335169880625,0.013774104683195593,0.014692378328741965
SH-MC-01-2024021700,2024-02-17 00:00:00,2024-02-17,LINE-A,MC-01,CNC,PRD-D,A,3,7,25500.0,2860.0,480.0,18.0,462.0,51.67260473571015,410.32739526428986,24.0,0.9195405943572923,943,910,16,17,38,553.0,3.161672811234909,63.224096898130355,5.800856186364246,48.173851103312195,69.97945356927892,31.848126698345073,1.2201471093744598,18.757955964772307,53.04721587732303,67.94345997554156,47051.07107846071,0,4,383.720407484525,1,Sensor,0.027523592218236498,0.33653089177865403,0.028466483011937556,224.7312509462934,3.033954156786843,0,,0.8881545352040906,0.9192659431307222,0.9650053022269353,0.787878787878788,0.9650053022269353,0.018027571580063628,0.016967126193001062
SH-MC-01-2024021708,2024-02-17 08:00:00,2024-02-17,LINE-A,MC-01,CNC,PRD-D,B,3,7,25500.0,2860.0,480.0,18.0,462.0,0.0,462.0,24.0,0.9643159021339576,1113,1090,12,11,34,371.0,1.8000848264274,58.03687690736022,6.074467181400837,46.21330400495787,85.28154340568662,13.656544220613123,0.777402473255217,18.757955964772307,56.718776629037215,0.0,47057.90986838178,0,5,422.09592862855817,0,,0.0067381891432165865,0.11907088035107101,0.03499469777306469,276.40385568200355,2.6404675902478085,0,,1.0,0.9636363636363636,0.9793351302785265,0.9437229437229436,0.9793351302785265,0.009883198562443846,0.01078167115902965
SH-MC-01-2024021716,2024-02-17 16:00:00,2024-02-17,LINE-A,MC-01,CNC,PRD-D,C,3,7,25500.0,2860.0,480.0,18.0,462.0,0.0,462.0,24.0,0.916147451342963,1058,1030,10,18,29,530.0,1.975501901798771,61.48699263130241,5.977828849724676,46.03229401124175,84.98412760627902,16.94172043042228,1.1923871804764241,18.757955964772307,56.28153390113149,7.7,47065.609868381776,0,5,421.30258451382576,0,,0.007516624684655754,0.13447088035107102,0.020664869721473494,276.40385568200355,2.312419846487027,0,,1.0,0.9160173160173161,0.9735349716446124,0.8917748917748918,0.9735349716446124,0.017013232514177693,0.00945179584120983
SH-MC-01-2024021800,2024-02-18 00:00:00,2024-02-18,LINE-A,MC-01,CNC,PRD-A,A,3,7,25500.0,2860.0,480.0,35.0,445.0,0.0,445.0,20.0,0.9863572640288693,1316,1270,29,17,57,480.0,2.070870793758945,61.104090660880196,5.943748251206926,46.10233808960544,86.00648022655193,13.226258725363143,1.2291122307998301,18.878441968970606,58.793965316674054,15.4,47073.30986838177,1,5,408.95654478316476,0,,0.00852506457698664,0.15287088035107102,0.026465028355387523,267.5759447492123,1.9488191739950385,0,,1.0,0.9857677902621723,0.9650455927051672,0.9513108614232211,0.9650455927051672,0.012917933130699088,0.022036474164133738
SH-MC-01-2024021808,2024-02-18 08:00:00,2024-02-18,LINE-A,MC-01,CNC,PRD-A,B,3,7,25500.0,2860.0,480.0,18.0,462.0,3.014212459679275,458.9857875403207,20.0,0.9176897929223488,1263,1239,15,9,27,252.0,2.2202072246868294,59.941227689067546,6.071832680783672,46.395935330182176,82.88884704559914,19.549106366476664,1.2459365438662076,18.878441968970606,50.7284919111266,22.816666666666666,47080.72653504844,0,5,419.91801399162375,0,,0.00970920010624183,0.17220421368440436,0.034954407294832825,267.5759447492123,2.0888599734148485,0,,0.9934757306067548,0.9172397303544312,0.9809976247030879,0.8939393939393939,0.9809976247030879,0.007125890736342043,0.011876484560570071
SH-MC-01-2024021816,2024-02-18 16:00:00,2024-02-18,LINE-A,MC-01,CNC,PRD-A,C,3,7,25500.0,2860.0,480.0,18.0,462.0,0.0,462.0,20.0,0.9459319454608087,1311,1258,31,22,60,582.0,2.621394804164124,60.10371476140117,6.093400592735176,45.241299892683664,80.94058020788619,16.71500517036896,1.1705682545156388,18.878441968970606,52.592179959420996,30.46642979233868,47088.37629817411,0,5,426.55434755609485,0,,0.010819431899744266,0.18750373993574837,0.019002375296912115,270.5901572088915,2.304157607536633,0,,1.0,0.9458874458874459,0.9595728451563692,0.9076479076479077,0.9595728451563692,0.016781083142639208,0.02364607170099161
SH-MC-01-2024021900,2024-02-19 00:00:00,2024-02-19,LINE-A,MC-01,CNC,PRD-A,A,3,7,25500.0,2860.0,480.0,18.0,462.0,4.776052099416739,457.22394790058325,20.0,0.9407543487678253,1290,1266,15,9,29,252.0,2.7007434517529867,62.52142167745384,6.079083226645085,46.33667711876895,86.54348997679782,18.98319758974947,1.0960394816147612,18.9997037343671,54.32263915629202,38.16642979233868,47096.076298174106,0,5,420.6476020430585,0,,0.012265504478295431,0.20590373993574837,0.04042715484363082,270.5901572088915,2.5141151602013134,0,,0.9896622248930373,0.9404581758554285,0.9813953488372092,0.9134199134199134,0.9813953488372092,0.0069767441860465115,0.011627906976744186
SH-MC-01-2024021908,2024-02-19 08:00:00,2024-02-19,LINE-A,MC-01,CNC,PRD-A,B,3,7,25500.0,2860.0,480.0,18.0,462.0,0.0,462.0,20.0,0.9191752699080185,1273,1244,18,11,33,306.0,2.690580116708061,59.63301534848736,5.851982593235587,45.37757740418305,86.44534990984043,24.56627890840746,1.1313984860046649,18.9997037343671,56.44842204776498,45.78682892401507,47103.696697305786,0,5,423.8353871630902,0,,0.013658354350871113,0.22114453819910115,0.018604651162790697,267.95289922444647,2.6709061242083902,0,,1.0,0.9184704184704184,0.9772191673212883,0.8975468975468975,0.9772191673212883,0.00864100549882168,0.014139827179890024
SH-MC-01-2024021916,2024-02-19 16:00:00,2024-02-19,LINE-A,MC-01,CNC,PRD-A,C,3,7,25500.0,2860.0,480.0,18.0,462.0,0.0,462.0,20.0,0.8978975276471485,1244,1188,36,20,65,576.0,2.5969137408668876,63.906069929980355,5.689625222513092,48.49510969613592,76.93092828644359,22.688175582589746,1.291530752746875,18.9997037343671,55.06285580236205,53.48682892401507,47111.39669730578,0,5,428.5929070381527,0,,0.01522399486858486,0.23654453819910115,0.022780832678711706,265.106715148832,2.6627457697759787,0,,1.0,0.8975468975468975,0.954983922829582,0.8571428571428571,0.954983922829582,0.01607717041800643,0.028938906752411574
SH-MC-01-2024022000,2024-02-20 00:00:00,2024-02-20,LINE-A,MC-01,CNC,PRD-B,A,3,7,25500.0,2860.0,480.0,35.0,445.0,0.0,445.0,32.0,0.9709059039333607,810,773,19,18,43,675.0,2.3509709522426943,61.47934426556332,5.906288579672809,46.45491520015596,79.09690238633442,25.49723622396359,1.0757250885923246,19.121705377654493,53.3844522844984,61.186828924015074,47119.09669730578,1,5,410.9791817316693,0,,0.017248494762733373,0.2549445381991011,0.04501607717041801,252.0322535320633,2.546154936605881,0,,1.0,0.9707865168539326,0.9543209876543209,0.926441947565543,0.9543209876543209,0.022222222222222223,0.02345679012345679
SH-MC-01-2024022008,2024-02-20 08:00:00,2024-02-20,LINE-A,MC-01,CNC,PRD-B,B,3,7,25500.0,2860.0,480.0,18.0,462.0,0.0,462.0,32.0,0.9368221545244323,811,781,19,11,34,479.0,2.559288308172042,61.37049171010604,5.6652966426760125,48.34616200459925,82.21985209164873,28.19238408516914,1.2346253527337534,19.121705377654493,53.71542134011926,68.60349559068175,47126.513363972444,0,5,426.0622032505383,0,,0.01962034074007237,0.27427787153243444,0.04567901234567901,252.0322535320633,2.5023910004272083,0,,1.0,0.9362193362193362,0.9630086313193588,0.9015873015873015,0.9630086313193588,0.013563501849568433,0.02342786683107275
SH-MC-01-2024022016,2024-02-20 16:00:00,2024-02-20,LINE-A,MC-01,CNC,PRD-B,C,3,7,25500.0,2860.0,480.0,18.0,462.0,0.0,462.0,32.0,0.9366782327478946,811,780,17,14,38,545.0,2.9833170953331445,64.35848154249038,5.754512705893516,46.23991335326642,78.34515760892947,29.655975256380692,1.1535908771947736,19.121705377654493,56.67657123677616,76.30349559068175,47134.21336397244,0,5,429.1867773647527,0,,0.021854254143589512,0.28967787153243446,0.036991368680641186,252.0322535320633,2.6311921185826272,0,,1.0,0.9362193362193362,0.9617755856966708,0.9004329004329004,0.9617755856966708,0.01726263871763255,0.02096177558569667
SH-MC-01-2024022100,2024-02-21 00:00:00,2024-02-21,LINE-A,MC-01,CNC,PRD-B,A,3,7,25500.0,2860.0,480.0,18.0,462.0,0.0,462.0,32.0,0.9083174955303401,786,761,15,10,30,415.0,2.972928415030139,62.561362922796434,5.842617521021911,46.64328095702307,73.28958209503396,29.868817969602127,1.424516225143518,19.24441079658372,56.85987910128014,84.00349559068175,47141.91336397244,0,5,431.98051477951736,0,,0.02473830270649533,0.3080778715324345,0.03822441430332922,106.85527076231286,2.8385112728451087,0,,1.0,0.9073593073593074,0.9681933842239185,0.8784992784992784,0.9681933842239185,0.01272264631043257,0.019083969465648856
SH-MC-01-2024022108,2024-02-21 08:00:00,2024-02-21,LINE-A,MC-01,CNC,PRD-B,B,3,7,25500.0,2860.0,480.0,18.0,462.0,4.093995716136112,457.90600428386387,32.0,0.9507599271327513,816,792,15,9,28,387.0,2.6767461078914194,64.3163169003594,5.848706736046025,47.26152250950617,71.1297661952275,35.49394924042943,1.2018004890698712,19.24441079658372,53.43336564469475,91.70349559068175,47149.613363972436,0,5,429.31727912921883,0,,0.0275385636657227,0.3234778715324345,0.031806615776081425,93.32198727094641,2.8776638727515675,0,,0.9911385374109607,0.9504133947328892,0.9705882352941176,0.9142857142857141,0.9705882352941176,0.011029411764705883,0.01838235294117647
SH-MC-01-2024022116,2024-02-21 16:00:00,2024-02-21,LINE-A,MC-01,CNC,PRD-B,C,3,7,25500.0,2860.0,480.0,18.0,462.0,0.0,462.0,32.0,0.874279138206539,757,716,21,20,48,749.0,2.7922636117592354,66.68831712440507,5.935355333842773,49.35652520841506,73.80376252043698,31.7169514999291,1.3901709669152233,19.24441079658372,61.09135890897473,99.33526232874615,47157.2451307105,0,4,434.2605020462249,0,,0.030616868153224133,0.3387414050085633,0.029411764705882353,85.35522386565145,2.813979378226931,0,,1.0,0.8738816738816739,0.9458388375165125,0.8265512265512266,0.9458388375165125,0.026420079260237782,0.02774108322324967
SH-MC-01-2024022200,2024-02-22 00:00:00,2024-02-22,LINE-A,MC-01,CNC,PRD-C,A,3,7,25500.0,2860.0,480.0,35.0,445.0,0.0,445.0,26.0,0.9038056975913609,928,892,24,12,43,456.0,3.2683180997476713,62.51782489472884,5.794662824382976,48.472089501170025,69.89161908548294,30.67257911483115,1.2915978807396062,19.36778368064718,59.16735605209056,107.03526232874616,47164.9451307105,1,4,415.98737995595997,0,,0.034616371874202106,0.3571414050085633,0.05416116248348745,75.71808171815626,2.9124426064661084,0,,1.0,0.9036704119850187,0.9612068965517241,0.8686142322097378,0.9612068965517241,0.01293103448275862,0.02586206896551724
SH-MC-01-2024022208,2024-02-22 08:00:00,2024-02-22,LINE-A,MC-01,CNC,PRD-C,B,3,7,25500.0,2860.0,480.0,18.0,462.0,0.0,462.0,26.0,0.8959354643788903,955,911,22,22,53,671.0,3.292949125342684,64.96507446347616,5.626841911409432,49.309081402619135,70.0739567527014,36.26312186390193,1.3437420029080547,19.36778368064718,57.11786932255527,114.45192899541283,47172.36179737716,0,4,435.7561187867016,0,,0.03928102021457775,0.3764747383418966,0.03879310344827586,75.71808171815626,3.1178436122831967,0,,1.0,0.8957431457431457,0.9539267015706806,0.8544733044733044,0.9539267015706806,0.023036649214659685,0.023036649214659685
SH-MC-01-2024022216,2024-02-22 16:00:00,2024-02-22,LINE-A,MC-01,CNC,PRD-C,C,3,7,25500.0,2860.0,480.0,18.0,462.0,10.3661648137273,451.6338351862727,26.0,0.8734046443782243,910,855,29,26,65,815.5,3.4553617705443465,69.16261371370457,5.736516826128385,49.10775074641375,71.14296216185231,42.27902510518126,1.3718455341317042,19.36778368064718,55.866572978886786,122.15192899541283,47180.06179737716,0,4,424.062646414314,0,,0.04365376498849975,0.3918747383418966,0.04607329842931937,71.9285491460862,3.3388763318782337,0,,0.977562413823101,0.8731261978427586,0.9395604395604396,0.801948051948052,0.9395604395604396,0.02857142857142857,0.031868131868131866
SH-MC-01-2024022300,2024-02-23 00:00:00,2024-02-23,LINE-A,MC-01,CNC,PRD-C,A,3,7,25500.0,2860.0,480.0,18.0,462.0,0.0,462.0,26.0,0.8914174512371996,950,914,25,11,41,440.5,3.2202318878300797,66.0101163468431,5.65081381305838,52.01994840144756,63.476052428148236,42.49689287473364,1.4727887916250815,19.491787521823596,56.74321255937761,129.6791595818507,47187.58902796359,0,4,434.3626992760588,0,,0.04915413085745325,0.40992919951477236,0.06043956043956044,73.92302982466958,3.32284759457237,0,,1.0,0.8910533910533911,0.9621052631578947,0.8572871572871573,0.9621052631578947,0.011578947368421053,0.02631578947368421
SH-MC-01-2024022308,2024-02-23 08:00:00,2024-02-23,LINE-A,MC-01,CNC,PRD-C,B,3,7,25500.0,2860.0,480.0,18.0,462.0,0.0,462.0,26.0,0.8708909143222993,928,891,21,16,47,525.5,3.4337220081485555,65.5061322602507,5.4838936502555695,48.591982125909,72.52013550955493,42.59364539521029,1.2977003458654048,19.491787521823596,52.654786306844095,137.3791595818507,47195.28902796359,0,4,434.75748062528777,0,,0.054563524583938344,0.4253291995147724,0.037894736842105266,73.92302982466958,3.3697718888409938,0,,1.0,0.8704184704184704,0.9601293103448276,0.8357142857142857,0.9601293103448276,0.017241379310344827,0.022629310344827586
SH-MC-01-2024022316,2024-02-23 16:00:00,2024-02-23,LINE-A,MC-01,CNC,PRD-C,C,3,7,25500.0,2860.0,480.0,18.0,462.0,0.0,462.0,26.0,0.8586627016508719,915,860,33,22,65,753.5,3.9120252399629054,68.59777046191772,5.558372582859767,48.4423955734529,66.00600179983545,42.79310137457511,1.4375699431724074,19.491787521823596,54.32076612655471,145.0791595818507,47202.98902796359,0,4,434.0072708051943,0,,0.06053032348645075,0.4407291995147724,0.03987068965517242,73.92302982466958,3.521993045313847,0,,1.0,0.8582251082251082,0.9398907103825137,0.8066378066378067,0.9398907103825137,0.024043715846994537,0.036065573770491806
SH-MC-01-2024022400,2024-02-24 00:00:00,2024-02-24,LINE-A,MC-01,CNC,PRD-D,A,3,7,25500.0,2860.0,480.0,35.0,445.0,13.228895726042737,431.77110427395723,24.0,0.8901289403615172,960,916,24,20,57,692.0,3.4349479148477577,67.09767514111876,5.51833960967435,48.96901997506169,69.99384997636258,42.46535708041527,1.4967013541577643,19.616385625381337,58.089861858358745,152.77915958185068,47210.689027963585,1,4,408.31471152301816,0,,0.06816267752815351,0.4591291995147724,0.060109289617486336,73.92302982466958,3.5935650543197397,0,,0.970272144435859,0.8893601174300756,0.9541666666666667,0.823370786516854,0.9541666666666667,0.020833333333333332,0.025
SH-MC-01-2024022408,2024-02-24 08:00:00,2024-02-24,LINE-A,MC-01,CNC,PRD-D,B,3,7,25500.0,2860.0,480.0,18.0,462.0,0.0,462.0,24.0,0.9080546894809208,1048,1000,33,15,61,639.0,3.7313458955907937,69.23589255675599,5.748261176576772,49.237535398552424,59.323455855322386,49.0132870679612,1.6834272348932746,19.616385625381337,50.216339911648085,159.9753446530833,47217.88521303482,0,4,440.13242953302296,0,,0.07676353707309608,0.47802156965723763,0.04583333333333333,35.47932081500216,3.6927730168004858,0,,1.0,0.9073593073593074,0.9541984732824428,0.8658008658008658,0.9541984732824428,0.01431297709923664,0.03148854961832061
SH-MC-01-2024022416,2024-02-24 16:00:00,2024-02-24,LINE-A,MC-01,CNC,PRD-D,C,3,7,25500.0,2860.0,480.0,18.0,462.0,0.0,462.0,24.0,0.8667866943102397,1001,939,30,32,74,1040.0,3.5316731649586575,69.70717709319695,5.56731541477446,50.027460128633166,63.53697594598845,51.89963077752651,1.581499695825972,19.616385625381337,55.060091865142034,167.6753446530833,47225.585213034814,0,4,436.9008179539171,0,,0.08493991221068406,0.49342156965723766,0.04580152671755725,35.47932081500216,3.565988991799069,0,,1.0,0.8666666666666667,0.938061938061938,0.812987012987013,0.938061938061938,0.03196803196803197,0.029970029970029972
SH-MC-01-2024022500,2024-02-25 00:00:00,2024-02-25,LINE-A,MC-01,CNC,PRD-D,A,3,7,25500.0,2860.0,480.0,18.0,462.0,0.0,462.0,24.0,0.8740006796495268,1009,968,27,14,51,566.0,4.199123831871383,69.35409848599356,5.468179696641614,48.67024519876991,63.15370332988168,53.26712998934786,1.5579795281951747,19.74154112073697,54.67352551432486,175.3753446530833,47233.28521303481,0,4,434.39834368063,0,,0.09533776538475125,0.5118215696572377,0.061938061938061936,35.47932081500216,3.820714297473611,0,,1.0,0.8735930735930736,0.9593657086223984,0.8380952380952381,0.9593657086223984,0.013875123885034688,0.026759167492566897
SH-MC-01-2024022508,2024-02-25 08:00:00,2024-02-25,LINE-A,MC-01,CNC,PRD-D,B,3,7,25500.0,2860.0,480.0,18.0,462.0,0.0,462.0,24.0,0.8855528790611242,1022,980,20,22,57,710.0,3.5120924587392754,68.77969326794032,5.492805771983915,50.25771472679424,64.14016258424975,51.153319259539686,1.6218011941012969,19.74154112073697,53.37737049981813,183.07534465308328,47240.98521303481,0,4,439.5786401429874,0,,0.10526697443236617,0.5272215696572377,0.040634291377601585,35.47932081500216,3.747629818523105,0,,1.0,0.8848484848484849,0.958904109589041,0.8484848484848485,0.958904109589041,0.021526418786692758,0.019569471624266144
SH-MC-01-2024022516,2024-02-25 16:00:00,2024-02-25,LINE-A,MC-01,CNC,PRD-D,C,3,7,25500.0,2860.0,480.0,18.0,462.0,0.0,462.0,24.0,0.8401902133097663,970,894,39,37,93,1237.0,4.138480183950849,70.9509623937289,5.37007111781972,50.853504400391756,53.581452555578814,54.55293280817698,1.7689440613016874,19.74154112073697,54.282036401791395,190.77534465308327,47248.685213034805,0,4,439.6213193920506,0,,0.11609757856824288,0.5426215696572376,0.0410958904109589,32.46510835532288,3.949898824853836,0,,1.0,0.8398268398268398,0.9216494845360824,0.774025974025974,0.9216494845360824,0.03814432989690722,0.04020618556701031
SH-MC-01-2024022600,2024-02-26 00:00:00,2024-02-26,LINE-A,MC-01,CNC,PRD-A,A,3,7,25500.0,2860.0,480.0,35.0,445.0,14.3126060822603,430.6873939177397,20.0,0.9000333743865043,1162,1100,38,24,77,660.0,4.179980918577473,70.1386120565687,5.599434857166585,48.8049509812691,59.273706605077706,57.158327577797586,1.6971812319221806,19.86721697236586,56.586672030407215,198.47534465308325,47256.3852130348,1,4,408.76676539156546,0,,0.12976867311305113,0.5610215696572376,0.07835051546391752,32.46510835532288,3.943517853755866,0,,0.9678368402645836,0.8993375213747563,0.9466437177280551,0.8239700374531835,0.9466437177280551,0.020654044750430294,0.03270223752151463
SH-MC-01-2024022608,2024-02-26 08:00:00,2024-02-26,LINE-A,MC-01,CNC,PRD-A,B,3,7,25500.0,2860.0,480.0,18.0,462.0,2.0,460.0,20.0,0.8431369908653086,1163,1080,53,30,95,858.0,4.423558278500734,70.80386908459532,5.499349609685703,48.96079737848685,64.25389770671632,56.17824127837373,1.572785253485168,19.86721697236586,52.57824817717621,205.6534678850456,47263.563336266765,0,4,441.8927824856995,0,,0.14490199394346825,0.5798778161211623,0.05335628227194492,42.00166233816645,4.247339793676352,0,,0.9956709956709957,0.8427536231884057,0.9286328460877042,0.7792207792207793,0.9286328460877042,0.025795356835769563,0.04557179707652623
SH-MC-01-2024022616,2024-02-26 16:00:00,2024-02-26,LINE-A,MC-01,CNC,PRD-A,C,3,7,25500.0,2860.0,480.0,18.0,462.0,4.198846338963541,457.80115366103644,20.0,0.8717162061395605,1197,1104,48,45,123,1098.0,4.3138989548238165,73.25387272567684,5.491679311340062,50.73359288157917,51.89464814913744,59.40593024449727,1.7665419669801958,19.86721697236586,56.851873130619474,213.32013455171224,47271.23000293343,0,4,437.12049762266474,0,,0.1590217053739891,0.5952111494544956,0.07136715391229578,44.00166233816645,4.305812717300675,0,,0.9909115880109014,0.8715574366931942,0.9223057644110275,0.7965367965367967,0.9223057644110275,0.03759398496240601,0.040100250626566414
SH-MC-01-2024022700,2024-02-27 00:00:00,2024-02-27,LINE-A,MC-01,CNC,PRD-A,A,3,7,25500.0,2860.0,480.0,18.0,462.0,0.0,462.0,20.0,0.8293815818251086,1149,1065,41,43,106,1020.0,4.546795609733756,72.39518116559319,5.344664417368449,50.50791263930158,54.38288921085549,63.993141053070126,1.6568623666236315,19.993375990761578,55.197656952197185,220.95015377939617,47278.86002216111,0,4,444.9538652104442,0,,0.25169061929164016,0.6134711879098634,0.07769423558897243,48.20050867712999,4.428084281019436,0,,1.0,0.829004329004329,0.9268929503916449,0.7683982683982683,0.9268929503916449,0.03742384682332463,0.03568320278503046
SH-MC-01-2024022708,2024-02-27 08:00:00,2024-02-27,LINE-A,MC-01,CNC,PRD-A,B,3,7,25500.0,2860.0,480.0,18.0,462.0,3.2541042237256286,458.7458957762744,20.0,0.8422722432136579,1159,1074,51,34,98,918.0,4.77792300793577,70.14555515452791,5.445314141484368,51.01815155997733,52.567912626037824,65.87525788771626,1.5437895034178353,19.993375990761578,55.473557017269655,228.65015377939616,47286.56002216111,0,4,439.0022101425878,0,,0.3476225885010471,0.6288711879098634,0.0731070496083551,48.20050867712999,4.546205857497781,1,24.0,0.9929564843642302,0.8421510402389389,0.9266609145815358,0.7748917748917749,0.9266609145815358,0.029335634167385678,0.04400345125107852
SH-MC-01-2024022716,2024-02-27 16:00:00,2024-02-27,LINE-A,MC-01,CNC,PRD-A,C,3,7,25500.0,2860.0,480.0,18.0,462.0,11.906149435147073,450.0938505648529,20.0,0.8188631942689669,1105,973,76,56,163,1464.0,4.499561868377645,74.52742397211027,5.485925753196067,50.35376153124284,49.70077202664584,62.59583730618472,1.8002936021734863,19.993375990761578,49.13490381680161,236.29591870900074,47294.205787090716,0,4,430.70745680206426,0,,0.21078977299193322,0.6441627177690725,0.07333908541846419,51.454612900855615,4.608093495349057,1,16.0,0.9742291137767379,0.81834784650154,0.8805429864253393,0.7020202020202021,0.8805429864253393,0.05067873303167421,0.06877828054298643
SH-MC-01-2024022800,2024-02-28 00:00:00,2024-02-28,LINE-A,MC-01,CNC,PRD-B,A,3,7,25500.0,2860.0,480.0,35.0,445.0,0.0,445.0,32.0,0.8447379008477622,704,649,32,23,62,932.0,4.7791797901862285,72.73597955507886,5.379600644843561,49.104297496267215,52.38701483536122,65.49518885304425,1.7010147527967425,20.119980843440878,54.95720053655121,243.79748288508162,47301.7073512668,1,4,427.24467638381003,0,,0.40224994125656355,0.6621658461212343,0.11945701357466064,63.36076233600269,4.685554888833215,1,8.0,1.0,0.8437453183520599,0.921875,0.7778277153558052,0.921875,0.032670454545454544,0.045454545454545456
SH-MC-01-2024022808,2024-02-28 08:00:00,2024-02-28,LINE-A,MC-01,CNC,PRD-B,B,3,7,25500.0,2860.0,480.0,18.0,462.0,112.52859550375123,349.47140449624874,32.0,0.8444346106688511,553,503,30,20,58,830.0,4.6033932811542515,74.50385269540625,5.38760101464754,50.09413633283526,46.61097525600391,71.00746249236309,1.771151166738932,20.119980843440878,49.16780886208239,251.21414955174828,47309.12401793346,0,4,339.31526903343274,1,Electrical,0.6189654185594772,0.6814991794545676,0.078125,63.36076233600269,4.627378313239375,1,24.0,0.7564316114637418,0.8439412482359459,0.9095840867992767,0.5806637806637805,0.9095840867992767,0.03616636528028933,0.054249547920433995
SH-MC-01-2024022816,2024-02-28 16:00:00,2024-02-28,LINE-A,MC-01,CNC,PRD-B,C,3,7,25500.0,2860.0,480.0,18.0,462.0,0.0,462.0,32.0,0.9392719946618874,813,778,18,17,39,638.0,2.3555928122999172,62.586654524366544,5.807711773638897,46.6187760704951,78.91056434320477,21.683945300867542,1.204724239581288,20.119980843440878,56.52193418455936,0.0,47314.948541341735,0,5,422.4555754286922,0,,0.012865642423205526,0.23567039693217717,0.09041591320072333,171.79536212361782,3.912721961213466,1,16.0,1.0,0.9385281385281385,0.956949569495695,0.8981240981240982,0.956949569495695,0.020910209102091022,0.02214022140221402
SH-MC-01-2024022900,2024-02-29 00:00:00,2024-02-29,LINE-A,MC-01,CNC,PRD-B,A,3,7,25500.0,2860.0,480.0,18.0,462.0,0.0,462.0,32.0,0.9761161648968508,845,813,20,12,37,516.0,3.0729878232027543,62.56687818132811,5.837863992438274,44.60091076469446,81.30169211620606,24.459289059957356,1.3569786205368881,20.24699406599098,58.62285340993548,7.7,47322.64854134173,0,5,418.0476141966362,0,,0.014581170164725068,0.25407039693217714,0.04305043050430504,171.79536212361782,3.343991305552308,1,8.0,1.0,0.9754689754689755,0.9621301775147929,0.9385281385281385,0.9621301775147929,0.014201183431952662,0.023668639053254437
SH-MC-01-2024022908,2024-02-29 08:00:00,2024-02-29,LINE-A,MC-01,CNC,PRD-B,B,3,7,25500.0,2860.0,480.0,18.0,462.0,131.19663830065736,330.80336169934264,32.0,0.9372658171982845,581,568,8,5,13,212.0,2.6538669710204577,62.302314655297685,5.756374729367616,44.90466551162572,86.24670965600481,25.38456659652307,1.4262415685419347,20.24699406599098,58.44193537105814,15.4,47330.34854134173,0,5,300.92723262743226,1,Electrical,0.01625084909532074,0.26947039693217717,0.0378698224852071,171.79536212361782,2.6941492021743767,0,,0.7160245924228196,0.9367095457400317,0.9776247848537005,0.6556998556998557,0.9776247848537005,0.008605851979345954,0.013769363166953529
SH-MC-01-2024022916,2024-02-29 16:00:00,2024-02-29,LINE-A,MC-01,CNC,PRD-B,C,3,7,25500.0,2860.0,480.0,18.0,462.0,4.990400312362793,457.0095996876372,32.0,0.9306124329735281,797,776,7,14,26,455.0,2.4658850645936194,59.35943994890434,5.972704649980252,42.8216867176775,89.69150550554997,10.117086961847278,1.1999161501564595,20.24699406599098,55.05939416521631,0.0,47335.86193070339,0,5,405.71421511039296,0,,0.005905586738757506,0.09536903972286613,0.022375215146299483,302.99200042427515,2.7309132862722776,0,,0.9891982677221585,0.9301044594187883,0.973651191969887,0.8958152958152957,0.973651191969887,0.01756587202007528,0.00878293601003764
SH-MC-01-2024030100,2024-03-01 00:00:00,2024-03-01,LINE-A,MC-01,CNC,PRD-C,A,3,7,25500.0,2860.0,480.0,105.0,375.0,0.0,375.0,26.0,0.9602631268163345,830,808,15,7,29,273.5,2.0360776588258633,55.263422506371874,6.242161784946418,45.217615969076874,87.34502155995023,8.143904747170527,1.0319549133853232,20.37437807315588,51.99027325393789,0.0,47343.47875736485,1,5,333.9063215087197,0,,0.004886086908347038,0.061345454244725185,0.026348808030112924,297.6162359229106,2.385276564813314,0,,1.0,0.9591111111111111,0.9734939759036144,0.9336888888888889,0.9734939759036144,0.008433734939759036,0.018072289156626505
SH-MC-01-2024030108,2024-03-01 08:00:00,2024-03-01,LINE-A,MC-01,CNC,PRD-C,B,3,7,25500.0,2860.0,480.0,18.0,462.0,0.0,462.0,26.0,0.979306781089031,1044,1020,15,9,30,319.5,2.2431760968486834,57.62360048565391,5.912041320395832,46.31237643547617,90.33200414327213,8.428910153447474,0.7906140856440043,20.37437807315588,56.796174317926194,6.25,47349.72875736485,0,5,413.50521730302836,0,,0.005475993830090194,0.0783454542447252,0.02650602409638554,297.6162359229106,2.2483796067560555,0,,1.0,0.9792207792207792,0.9770114942528736,0.9567099567099567,0.9770114942528736,0.008620689655172414,0.014367816091954023
SH-MC-01-2024030116,2024-03-01 16:00:00,2024-03-01,LINE-A,MC-01,CNC,PRD-C,C,3,7,25500.0,2860.0,480.0,18.0,462.0,0.0,462.0,26.0,0.9286220995735158,990,969,13,8,24,281.5,1.9762904739168727,60.02791841930033,5.978956227260816,46.08389021872823,90.55302147576873,8.588633716305404,1.230539975762176,20.37437807315588,54.36308335598262,13.95,47357.42875736485,0,5,409.53166708723694,0,,0.006109509998563011,0.09374545424472519,0.022988505747126436,297.6162359229106,2.085181409863807,0,,1.0,0.9285714285714286,0.9787878787878788,0.9088744588744588,0.9787878787878788,0.00808080808080808,0.013131313131313131
SH-MC-01-2024030200,2024-03-02 00:00:00,2024-03-02,LINE-A,MC-01,CNC,PRD-C,A,3,7,25500.0,2860.0,480.0,18.0,462.0,25.92306931149851,436.0769306885015,26.0,0.9343885925826582,940,925,10,5,20,190.0,2.1459502530179377,57.120055061169936,6.025216648182761,43.42691438378328,84.72744328000667,11.681223574857414,0.9065091577294343,20.50209516995845,50.33618173936858,21.65,47365.128757364844,0,5,388.8258480356607,0,,0.006930487849871189,0.11214545424472519,0.021212121212121213,297.6162359229106,2.1218056079278313,0,,0.9438894603647218,0.9340859482986494,0.9840425531914894,0.8676046176046176,0.9840425531914894,0.005319148936170213,0.010638297872340425
SH-MC-01-2024030208,2024-03-02 08:00:00,2024-03-02,LINE-A,MC-01,CNC,PRD-C,B,3,7,25500.0,2860.0,480.0,18.0,462.0,0.0,462.0,26.0,0.9939880588627812,1059,1028,14,17,45,496.0,2.0764109586132373,58.340072897543905,6.0949509593742555,45.245443737031415,85.85719626637446,9.689410763051018,0.8912633557697108,20.50209516995845,57.17572697086883,28.917948844808357,47372.39670620965,0,5,412.6140029360393,0,,0.007683714620619683,0.1266813519343419,0.015957446808510637,310.31040950836643,2.0662172285160163,0,,1.0,0.9932900432900433,0.9707271010387157,0.9642135642135642,0.9707271010387157,0.016052880075542966,0.013220018885741265
SH-MC-01-2024030216,2024-03-02 16:00:00,2024-03-02,LINE-A,MC-01,CNC,PRD-C,C,3,7,25500.0,2860.0,480.0,18.0,462.0,3.2342156724793916,458.76578432752063,26.0,0.945157201541293,1000,973,14,13,31,404.0,2.2222291076830167,62.71237926230152,6.081742025439002,45.43237371545475,87.12768994441718,14.604037622001936,1.1947276622842022,20.50209516995845,54.488544324780804,36.61794884480836,47380.096706209646,0,5,411.6704355754862,0,,0.008570440345252683,0.1420813519343419,0.02927289896128423,310.31040950836643,2.148196773104731,0,,0.9929995331764516,0.9445633221503925,0.973,0.9126262626262628,0.973,0.013,0.014
SH-MC-01-2024030300,2024-03-03 00:00:00,2024-03-03,LINE-A,MC-01,CNC,PRD-D,A,3,7,25500.0,2860.0,480.0,35.0,445.0,0.0,445.0,24.0,0.9284115354705752,1032,1008,18,6,33,294.0,2.711879294856755,58.22317721488569,5.9622981100186685,49.22671006662744,87.57857339174686,15.377864968200322,1.128763506572532,20.630107562854977,60.42003663682809,44.26404525026704,47387.7428026151,1,5,404.1338238492435,0,,0.009711461102176808,0.16037354474525925,0.027,313.54462518084586,2.3368397870510034,0,,1.0,0.9276404494382022,0.9767441860465116,0.906067415730337,0.9767441860465116,0.005813953488372093,0.01744186046511628
SH-MC-01-2024030308,2024-03-03 08:00:00,2024-03-03,LINE-A,MC-01,CNC,PRD-D,B,3,7,25500.0,2860.0,480.0,18.0,462.0,0.0,462.0,24.0,0.9793612156510536,1131,1095,19,17,44,577.0,2.665554050994687,61.89288252874113,5.891660947853875,46.702093146724394,87.40183677875613,16.467911851924868,1.1242970130925962,20.630107562854977,49.93369037573859,51.6807119169337,47395.15946928177,0,5,416.1220029112721,0,,0.011058549654569849,0.1797068780785926,0.023255813953488372,313.54462518084586,2.53322081784482,0,,1.0,0.9792207792207792,0.9681697612732095,0.948051948051948,0.9681697612732095,0.015030946065428824,0.016799292661361626
SH-MC-01-2024030316,2024-03-03 16:00:00,2024-03-03,LINE-A,MC-01,CNC,PRD-D,C,3,7,25500.0,2860.0,480.0,18.0,462.0,0.0,462.0,24.0,0.924654437734675,1067,995,44,28,91,1052.0,2.627194217336689,62.21379398199308,5.944898418289353,45.99993282703231,85.89722484081871,19.720933851595326,1.1101964440153278,20.630107562854977,54.032760485762836,59.380711916933706,47402.859469281764,0,5,413.1254209771656,0,,0.012329903074247209,0.1951068780785926,0.03183023872679045,313.54462518084586,2.6682091877293774,0,,1.0,0.9238095238095239,0.9325210871602624,0.8614718614718615,0.9325210871602624,0.026241799437675725,0.041237113402061855
SH-MC-01-2024030400,2024-03-04 00:00:00,2024-03-04,LINE-A,MC-01,CNC,PRD-D,A,3,7,25500.0,2860.0,480.0,18.0,462.0,0.0,462.0,24.0,0.9814960454757573,1133,1073,41,19,76,803.0,2.192140966429952,58.833714304269286,5.997707724725817,45.64885058168614,87.04035166223552,21.429817289931783,1.1725037349322562,20.758377370918875,58.65036576557591,67.08071191693371,47410.55946928176,0,5,414.24334604201385,0,,0.013975005710201478,0.2135068780785926,0.06747891283973759,313.54462518084586,2.494963078253776,0,,1.0,0.9809523809523809,0.9470432480141218,0.9290043290043289,0.9470432480141218,0.01676963812886143,0.03618711385701677
SH-MC-01-2024030408,2024-03-04 08:00:00,2024-03-04,LINE-A,MC-01,CNC,PRD-D,B,3,7,25500.0,2860.0,480.0,18.0,462.0,0.0,462.0,24.0,0.9401702370938968,1085,1040,21,24,53,768.0,2.8156629978334364,62.36648026594975,5.897097127103734,50.26169196211138,82.1703817761073,26.97096120199661,1.1749489558706463,20.758377370918875,56.0971678266124,74.78071191693371,47418.25946928176,0,5,420.49519893592355,0,,0.015576370377199125,0.22890687807859258,0.0529567519858782,299.23201909858557,2.544999393866693,0,,1.0,0.9393939393939394,0.9585253456221198,0.9004329004329005,0.9585253456221198,0.022119815668202765,0.01935483870967742
SH-MC-01-2024030416,2024-03-04 16:00:00,2024-03-04,LINE-A,MC-01,CNC,PRD-D,C,3,7,25500.0,2860.0,480.0,18.0,462.0,4.076562640206868,457.9234373597931,24.0,0.9131763877857294,1045,985,38,22,74,854.0,2.657695790720373,63.88930190105431,5.899983828446736,44.35293980185552,73.84735693996463,22.146769716837166,1.1977491445528687,20.758377370918875,50.36919623295641,82.48071191693371,47425.959469281755,0,5,413.55429799811634,0,,0.017358001561075545,0.24430687807859258,0.041474654377880185,297.23201909858557,2.5551665849945877,0,,0.9911762713415435,0.9128163485363928,0.9425837320574163,0.8528138528138527,0.9425837320574163,0.021052631578947368,0.03636363636363636
SH-MC-01-2024030500,2024-03-05 00:00:00,2024-03-05,LINE-A,MC-01,CNC,PRD-A,A,3,7,25500.0,2860.0,480.0,35.0,445.0,0.0,445.0,20.0,0.970527019492555,1295,1212,54,29,105,846.0,3.282160696728284,62.002275314282315,5.986414060148714,47.352186790290304,76.75907419797424,26.310683230157387,1.0863763371790642,20.886866637050282,53.37835000954126,90.1127692062636,47433.59152657109,1,5,408.8899917015026,0,,0.01964190032564438,0.26257099265725237,0.05741626794258373,297.1097353998289,2.918506495094032,0,,1.0,0.9700374531835206,0.9359073359073359,0.9078651685393259,0.9359073359073359,0.022393822393822392,0.0416988416988417
SH-MC-01-2024030508,2024-03-05 08:00:00,2024-03-05,LINE-A,MC-01,CNC,PRD-A,B,3,7,25500.0,2860.0,480.0,18.0,462.0,0.0,462.0,20.0,0.9394100255291002,1302,1238,35,29,81,732.0,2.5870409280293565,63.22813949369841,5.72553714570375,47.937994556784005,82.73838343627021,28.073688233312485,1.1909236973558004,20.886866637050282,54.36995533787271,97.52943587293026,47441.00819323775,0,5,423.19252959388706,0,,0.02233538426523341,0.2819043259905857,0.06409266409266409,297.1097353998289,2.8422991384926717,0,,1.0,0.9393939393939394,0.9508448540706606,0.8932178932178932,0.9508448540706606,0.02227342549923195,0.026881720430107527
SH-MC-01-2024030516,2024-03-05 16:00:00,2024-03-05,LINE-A,MC-01,CNC,PRD-A,C,3,7,25500.0,2860.0,480.0,18.0,462.0,0.0,462.0,20.0,0.8957645651260872,1241,1165,35,41,96,948.0,2.8993220626909584,64.74961268156856,5.650196835419992,46.9197697290238,74.31562076051883,28.189175550371488,1.3672828966652326,20.886866637050282,50.682125372610514,105.22943587293027,47448.70819323775,0,5,425.81434726740326,0,,0.024870582391003194,0.2973043259905857,0.04915514592933948,293.85563117610326,2.922841229149533,0,,1.0,0.8953823953823954,0.9387590652699436,0.8405483405483405,0.9387590652699436,0.033037872683319904,0.028203062046736505
SH-MC-01-2024030600,2024-03-06 00:00:00,2024-03-06,LINE-A,MC-01,CNC,PRD-A,A,3,7,25500.0,2860.0,480.0,18.0,462.0,0.0,462.0,20.0,0.9354778861729749,1296,1228,35,33,77,804.0,3.4347459392356168,65.24078072910542,5.7506677969091715,44.49895034393656,74.60011320800739,32.44122366171748,1.2661788152882547,21.01553733920815,55.883950887196264,112.92943587293027,47456.408193237745,0,5,423.5556302108603,0,,0.028141235785765877,0.31570432599058573,0.06124093473005641,281.9494817409562,2.973702976651978,0,,1.0,0.935064935064935,0.9475308641975309,0.886002886002886,0.9475308641975309,0.02546296296296296,0.02700617283950617
SH-MC-01-2024030608,2024-03-06 08:00:00,2024-03-06,LINE-A,MC-01,CNC,PRD-A,B,3,7,25500.0,2860.0,480.0,18.0,462.0,0.0,462.0,20.0,0.8866710897531056,1228,1158,37,33,84,816.0,3.3844647870109594,65.93774351617482,5.789186562769088,47.77103763563458,68.07556053916308,32.974214875091164,1.1785954822226918,21.01553733920815,53.24208907687746,120.62943587293027,47464.10819323774,0,5,420.69981558036557,0,,0.031314324837306166,0.33110432599058576,0.05246913580246913,281.9494817409562,3.2395109296458453,0,,1.0,0.886002886002886,0.9429967426710097,0.8354978354978355,0.9429967426710097,0.02687296416938111,0.03013029315960912
SH-MC-01-2024030616,2024-03-06 16:00:00,2024-03-06,LINE-A,MC-01,CNC,PRD-A,C,3,7,25500.0,2860.0,480.0,18.0,462.0,9.845152126255561,452.1548478737444,20.0,0.9011549007307317,1222,1132,55,35,105,960.0,2.8143343973655908,67.23295768824272,5.651770560585052,46.1362536883073,71.6509639914031,35.57566989425685,1.6375823567741434,21.01553733920815,53.5524064522446,128.32943587293028,47471.80819323774,0,5,414.87529713510844,0,,0.034832374908357146,0.3465043259905858,0.057003257328990226,169.4208862372049,3.2111817078707223,0,,0.9786901469128667,0.900871317091514,0.9263502454991817,0.8167388167388167,0.9263502454991817,0.028641571194762683,0.045008183306055646
SH-MC-01-2024030700,2024-03-07 00:00:00,2024-03-07,LINE-A,MC-01,CNC,PRD-B,A,3,7,25500.0,2860.0,480.0,35.0,445.0,0.0,445.0,32.0,0.9018691751565836,752,702,33,17,56,773.0,3.9107576271406153,65.30291601796564,5.678451174450457,46.47411928679156,75.29892386121625,37.28926610208233,1.4848302784729908,21.144351401661602,55.4860308008257,135.86535000415935,47479.34410736897,1,4,412.0442508519491,0,,0.03927156922254595,0.3645761542530439,0.07364975450081833,179.26603836346047,3.369852270505722,0,,1.0,0.9012734082397004,0.9335106382978723,0.8413483146067415,0.9335106382978723,0.022606382978723406,0.043882978723404256
SH-MC-01-2024030708,2024-03-07 08:00:00,2024-03-07,LINE-A,MC-01,CNC,PRD-B,B,3,7,25500.0,2860.0,480.0,18.0,462.0,0.0,462.0,32.0,0.9112611174027491,789,734,33,22,69,913.0,2.866125715024103,64.07685495186664,5.7657596387991354,46.32193103137569,73.81863930548334,37.917221669985786,1.2778533773028133,21.144351401661602,50.74238309310396,143.282016670826,47486.76077403563,0,4,427.1798475949746,0,,0.04453457951738083,0.3839094875863772,0.06648936170212766,179.26603836346047,3.197072579843437,0,,1.0,0.9108225108225109,0.9302915082382763,0.8473304473304474,0.9302915082382763,0.02788339670468948,0.04182509505703422
SH-MC-01-2024030716,2024-03-07 16:00:00,2024-03-07,LINE-A,MC-01,CNC,PRD-B,C,3,7,25500.0,2860.0,480.0,18.0,462.0,9.269759779586273,452.73024022041375,32.0,0.8747024105159242,742,676,47,19,88,955.0,3.2529943012846134,68.91613944074629,5.707113018838871,49.98727441534325,73.6023392410175,41.23442135409548,1.551414795659663,21.144351401661602,54.69174103963831,150.982016670826,47494.46077403563,0,4,420.1123115203496,0,,0.0494620387529625,0.39930948758637724,0.0697084917617237,48.069400062803126,3.343292547816444,0,,0.9799355848926704,0.8741040429299991,0.9110512129380054,0.7803751803751804,0.9110512129380054,0.025606469002695417,0.06334231805929919
SH-MC-01-2024030800,2024-03-08 00:00:00,2024-03-08,LINE-A,MC-01,CNC,PRD-B,A,3,7,25500.0,2860.0,480.0,18.0,462.0,0.0,462.0,32.0,0.915678985076217,793,735,38,20,64,902.0,3.267985623201182,66.16683154335443,5.650506491143503,49.055205827836815,67.36604225546662,39.16059535142872,1.449277780952129,21.273270706257136,58.72526359746395,158.52752067449956,47502.006278039305,0,4,430.46179078078427,0,,0.05566539331944007,0.4174004955937244,0.0889487870619946,52.348759530026605,3.1290352131699666,0,,1.0,0.9154401154401154,0.926860025220681,0.8484848484848485,0.926860025220681,0.025220680958385876,0.04791929382093316
SH-MC-01-2024030808,2024-03-08 08:00:00,2024-03-08,LINE-A,MC-01,CNC,PRD-B,B,3,7,25500.0,2860.0,480.0,18.0,462.0,3.3720161428294637,458.62798385717053,32.0,0.8911771300629404,766,704,30,32,76,1166.0,3.8357210735083656,68.34611937704227,5.75018780920698,47.52334082818218,64.95930480860008,44.57995443456631,1.4962559411856464,21.273270706257136,52.83667888723696,166.22752067449954,47509.7062780393,0,4,430.13888376382425,0,,0.061744817855491324,0.4328004955937244,0.07313997477931904,52.348759530026605,3.452233665998054,0,,0.9927012637601094,0.890772799988066,0.9190600522193212,0.8126984126984128,0.9190600522193212,0.04177545691906005,0.0391644908616188
SH-MC-01-2024030816,2024-03-08 16:00:00,2024-03-08,LINE-A,MC-01,CNC,PRD-B,C,3,7,25500.0,2860.0,480.0,18.0,462.0,0.0,462.0,32.0,0.8758580057453186,758,677,44,37,101,1432.0,3.314580966332221,68.61192975223913,5.555276619916323,46.473676060873814,63.762341345707156,45.018307526461875,1.60840881449867,21.273270706257136,51.65781675328601,173.8713204054524,47517.35007777026,0,4,433.69832372017805,0,,0.06838885844298322,0.4480880950556301,0.08093994778067885,55.720775672856064,3.472762554347257,0,,1.0,0.8750360750360751,0.8931398416886543,0.7815295815295815,0.8931398416886543,0.048812664907651716,0.05804749340369393
SH-MC-01-2024030900,2024-03-09 00:00:00,2024-03-09,LINE-A,MC-01,CNC,PRD-C,A,3,7,25500.0,2860.0,480.0,35.0,445.0,13.676484672243225,431.32351532775675,26.0,0.8936510351250995,889,823,42,24,74,867.0,3.8163525493783332,67.3597575657659,5.779001670012516,48.75974822015683,70.4673394295411,47.55339505316911,1.483171066014723,21.402257103698417,54.74885464135027,181.57132040545238,47525.050077770255,1,4,404.69028803438823,0,,0.07693096430128088,0.46648809505563005,0.10686015831134564,55.720775672856064,3.65555152973964,0,,0.9692663265792286,0.8931424317095251,0.9257592800899888,0.8014232209737827,0.9257592800899888,0.02699662542182227,0.047244094488188976
SH-MC-01-2024030908,2024-03-09 08:00:00,2024-03-09,LINE-A,MC-01,CNC,PRD-C,B,3,7,25500.0,2860.0,480.0,18.0,462.0,0.0,462.0,26.0,0.8749664542728575,932,859,39,34,93,1074.5,3.8389606917002204,69.49911810059594,5.630571406858774,49.3466684017757,64.4727610154281,50.16866461767936,1.4786892229596404,21.402257103698417,53.05337737876864,188.76004566091498,47532.23880302572,0,4,435.12973008963763,0,,0.08652704042834107,0.48536554556655526,0.07424071991001124,43.47419103360078,3.6566314024702584,1,24.0,1.0,0.8741702741702742,0.9216738197424893,0.8056998556998557,0.9216738197424893,0.03648068669527897,0.04184549356223176
SH-MC-01-2024030916,2024-03-09 16:00:00,2024-03-09,LINE-A,MC-01,CNC,PRD-C,C,3,7,25500.0,2860.0,480.0,18.0,462.0,0.0,462.0,26.0,0.895762190190895,955,849,60,46,129,1508.0,3.4310390675923292,70.02217212161979,5.544813072213509,48.47567035507798,60.80093996773568,49.36873421459216,1.6831243212918885,21.402257103698417,58.266050338129375,196.46004566091497,47539.93880302572,0,4,438.5877633136226,0,,0.09563563784435844,0.5007655455665553,0.07832618025751073,43.47419103360078,3.6954507695569614,1,16.0,1.0,0.8957431457431457,0.8890052356020942,0.7963203463203463,0.8890052356020942,0.048167539267015703,0.06282722513089005
SH-MC-01-2024031000,2024-03-10 00:00:00,2024-03-10,LINE-A,MC-01,CNC,PRD-C,A,3,7,25500.0,2860.0,480.0,18.0,462.0,0.0,462.0,26.0,0.8912410804493652,950,872,43,35,93,1127.5,4.306231137813118,69.61068587098237,5.59312202636191,48.74442463949495,56.12359499056889,49.41188932369904,1.6444875269411368,21.53127242483524,56.20094482014465,204.16004566091496,47547.638803025715,0,4,441.5657186807944,0,,0.10718942850776705,0.5191655455665553,0.11099476439790576,40.23997536112139,3.858743632368556,1,8.0,1.0,0.8910533910533911,0.9178947368421052,0.8178932178932179,0.9178947368421052,0.03684210526315789,0.045263157894736845
SH-MC-01-2024031008,2024-03-10 08:00:00,2024-03-10,LINE-A,MC-01,CNC,PRD-C,B,3,7,25500.0,2860.0,480.0,18.0,462.0,78.25228559411771,383.7477144058823,26.0,0.8998580587149451,796,706,45,45,100,1372.5,3.851854684876138,70.66887165745652,5.4900028197385105,48.990258002537914,59.53469366331161,52.61039320306407,1.3589917690233282,21.53127242483524,53.184118765028586,211.86004566091495,47555.33880302571,0,4,363.98834528059155,1,Electrical,0.11819169996101986,0.5345655455665552,0.08210526315789474,40.23997536112139,3.863041630093862,0,,0.8306227584542907,0.8988544306181958,0.8869346733668342,0.6621933621933622,0.8869346733668342,0.056532663316582916,0.056532663316582916
SH-MC-01-2024031016,2024-03-10 16:00:00,2024-03-10,LINE-A,MC-01,CNC,PRD-C,C,3,7,25500.0,2860.0,480.0,18.0,462.0,0.0,462.0,26.0,0.9191461053373157,979,927,25,27,69,808.5,2.459200559095905,62.821450750576176,5.913191103474257,48.54470843699489,84.05135122348435,19.52006667556381,1.3261960994823965,21.53127242483524,56.38054726550594,0.0,47561.73459826581,0,5,426.0616321195354,0,,0.009777633850634487,0.18610142625589546,0.11306532663316583,118.49226095523909,3.5390954605950533,0,,1.0,0.9182539682539682,0.9468845760980592,0.8694805194805194,0.9468845760980592,0.027579162410623085,0.02553626149131767
SH-MC-01-2024031100,2024-03-11 00:00:00,2024-03-11,LINE-A,MC-01,CNC,PRD-D,A,3,7,25500.0,2860.0,480.0,35.0,445.0,0.0,445.0,24.0,0.9608820002562386,1068,1000,41,27,89,1003.0,2.3953556602360755,60.39262704363259,5.750156950345573,47.62355067903497,78.87032315735046,21.547106297499724,1.0487332679288808,21.660278491958437,53.508621360491425,7.7,47569.434598265805,1,5,409.1465536757738,0,,0.011086025295798316,0.20450142625589546,0.05311542390194075,118.4922609552391,2.902136968069373,0,,1.0,0.96,0.9363295880149812,0.898876404494382,0.9363295880149812,0.025280898876404494,0.03838951310861423
SH-MC-01-2024031108,2024-03-11 08:00:00,2024-03-11,LINE-A,MC-01,CNC,PRD-D,B,3,7,25500.0,2860.0,480.0,18.0,462.0,0.0,462.0,24.0,0.9279093519075282,1071,1044,18,9,31,369.0,2.372043578343767,61.204232201621366,5.862821398457833,47.748324360725846,82.77224432909082,17.752290838043137,1.1583205922435202,21.660278491958437,46.00252616196785,15.116666666666667,47576.85126493247,0,5,426.41750630010745,0,,0.012621351234541577,0.2238347595892288,0.06367041198501873,118.4922609552391,2.4088665992252496,0,,1.0,0.9272727272727272,0.9747899159663865,0.9038961038961039,0.9747899159663865,0.008403361344537815,0.01680672268907563
SH-MC-01-2024031116,2024-03-11 16:00:00,2024-03-11,LINE-A,MC-01,CNC,PRD-D,C,3,7,25500.0,2860.0,480.0,18.0,462.0,0.0,462.0,24.0,0.934818566885464,1079,1052,15,12,36,420.0,2.5494997678660756,63.69233057952765,5.726956002401996,45.33425799540577,76.02483193030872,25.15445589621328,1.331817259503439,21.660278491958437,59.70460402593508,22.816666666666666,47584.55126493247,0,5,424.097887615729,0,,0.014069816993069632,0.2392347595892288,0.025210084033613446,118.4922609552391,2.438966335481973,0,,1.0,0.9341991341991343,0.9749768303985171,0.9108225108225109,0.9749768303985171,0.011121408711770158,0.013901760889712697
SH-MC-01-2024031200,2024-03-12 00:00:00,2024-03-12,LINE-A,MC-01,CNC,PRD-D,A,3,7,25500.0,2860.0,480.0,18.0,462.0,0.0,462.0,24.0,0.9183741314886539,1060,1040,12,8,26,296.0,2.826162775139131,63.034345570204245,5.739753224157327,47.01206284793958,77.76050876340146,29.450831514441575,1.2119586805912472,21.789237130097224,54.16854926109613,30.516666666666666,47592.25126493246,0,5,421.9364949022784,0,,0.015943318190371435,0.25763475958922877,0.025023169601482854,114.41569831503224,2.582568707116325,0,,1.0,0.9177489177489178,0.9811320754716981,0.9004329004329005,0.9811320754716981,0.007547169811320755,0.011320754716981131
SH-MC-01-2024031208,2024-03-12 08:00:00,2024-03-12,LINE-A,MC-01,CNC,PRD-D,B,3,7,25500.0,2860.0,480.0,18.0,462.0,0.0,462.0,24.0,0.9505990709308573,1097,1066,23,8,39,384.0,2.4522741251219857,63.93077687866163,5.833234601097314,45.73533780177187,75.16431879182205,29.77394946229897,1.2470064899302609,21.789237130097224,49.98444831451005,38.21666666666667,47599.95126493246,0,5,423.22893450343577,0,,0.017766163531510892,0.2730347595892288,0.018867924528301886,114.41569831503224,2.6093122227090646,0,,1.0,0.9497835497835497,0.9717411121239745,0.922943722943723,0.9717411121239745,0.007292616226071103,0.020966271649954422
SH-MC-01-2024031216,2024-03-12 16:00:00,2024-03-12,LINE-A,MC-01,CNC,PRD-D,C,3,7,25500.0,2860.0,480.0,18.0,462.0,0.0,462.0,24.0,0.9181217439753917,1060,1022,21,17,42,593.0,2.989121498662107,63.065471019981,5.763045689580747,48.526915770181496,80.24790280479863,26.97994197424465,1.3708980781980946,21.789237130097224,50.20339664173606,45.91666666666667,47607.65126493246,0,5,430.4533704477238,0,,0.019793228050750962,0.2884347595892288,0.028258887876025523,114.41569831503224,2.7558527996410747,0,,1.0,0.9177489177489178,0.9641509433962264,0.8848484848484849,0.9641509433962264,0.016037735849056604,0.01981132075471698
SH-MC-01-2024031300,2024-03-13 00:00:00,2024-03-13,LINE-A,MC-01,CNC,PRD-A,A,3,7,25500.0,2860.0,480.0,35.0,445.0,0.0,445.0,20.0,0.9104240454284898,1215,1190,12,13,34,306.0,2.9316929605754187,65.6325649007149,5.771252278062672,48.645194069087886,79.18955969179906,27.137124798400293,1.3339160195113615,21.91811017831584,51.77634677221565,53.616666666666674,47615.351264932455,1,5,412.949328675253,0,,0.02241152027118871,0.3068347595892288,0.035849056603773584,114.41569831503224,2.791029528119837,0,,1.0,0.9101123595505618,0.9794238683127572,0.8913857677902621,0.9794238683127572,0.010699588477366255,0.009876543209876543
SH-MC-01-2024031308,2024-03-13 08:00:00,2024-03-13,LINE-A,MC-01,CNC,PRD-A,B,3,7,25500.0,2860.0,480.0,18.0,462.0,0.0,462.0,20.0,0.9372444595611532,1299,1263,23,13,45,372.0,2.964462416065583,64.69383248646719,5.693018932783279,48.056370743190755,79.79603650613778,31.169988176798284,1.3589169241418442,21.91811017831584,55.67853465695965,61.03333333333334,47622.76793159912,0,5,428.49794933306714,0,,0.025474931663753028,0.3261680929225621,0.0205761316872428,114.41569831503224,2.9617589584343698,0,,1.0,0.9372294372294372,0.9722863741339491,0.9112554112554112,0.9722863741339491,0.010007698229407237,0.01770592763664357
SH-MC-01-2024031316,2024-03-13 16:00:00,2024-03-13,LINE-A,MC-01,CNC,PRD-A,C,3,7,25500.0,2860.0,480.0,18.0,462.0,0.0,462.0,20.0,0.9011955065132307,1249,1182,40,27,73,726.0,3.0310519184182505,67.90457837366013,5.704092439671206,48.11066434939808,74.3899046132195,33.48642313536497,1.5409105929084825,21.91811017831584,50.83063992432183,68.73333333333333,47630.467931599116,0,5,432.73206636105107,0,,0.028356151203646502,0.3415680929225621,0.02771362586605081,114.41569831503224,2.975735765019751,0,,1.0,0.9011544011544012,0.9463570856685348,0.8528138528138528,0.9463570856685348,0.021617293835068056,0.032025620496397116
SH-MC-01-2024031400,2024-03-14 00:00:00,2024-03-14,LINE-A,MC-01,CNC,PRD-A,A,3,7,25500.0,2860.0,480.0,18.0,462.0,0.0,462.0,20.0,0.8924756210467927,1236,1185,35,16,69,498.0,3.0719109061250016,64.49094507779834,5.751180224558809,49.19949720130612,67.73248339273317,37.76930385063431,1.2066053916439305,22.046859501005944,51.84010843928841,76.43333333333334,47638.16793159911,0,5,434.90745966709426,0,,0.03207010587057211,0.35996809292256216,0.053642914331465175,104.57054618877667,3.022475080202945,0,,1.0,0.8917748917748918,0.9587378640776699,0.854978354978355,0.9587378640776699,0.012944983818770227,0.02831715210355987
SH-MC-01-2024031408,2024-03-14 08:00:00,2024-03-14,LINE-A,MC-01,CNC,PRD-A,B,3,7,25500.0,2860.0,480.0,18.0,462.0,0.0,462.0,20.0,0.8934823385549492,1238,1206,15,17,44,396.0,3.3645678757334143,66.59207203747847,5.584601865500218,48.31174293981589,73.26210940871373,37.009355227391055,1.456170484152458,22.046859501005944,53.04472268264471,84.13333333333334,47645.86793159911,0,5,435.8154838836365,0,,0.03566993856624188,0.3753680929225622,0.0412621359223301,104.57054618877667,3.155843566758889,0,,1.0,0.8932178932178932,0.9741518578352181,0.8701298701298701,0.9741518578352181,0.013731825525040387,0.012116316639741519
SH-MC-01-2024031416,2024-03-14 16:00:00,2024-03-14,LINE-A,MC-01,CNC,PRD-A,C,3,7,25500.0,2860.0,480.0,18.0,462.0,0.0,462.0,20.0,0.8595012182122319,1191,1125,42,24,81,684.0,3.2795514843972122,67.68129870621523,5.621792552318906,49.78638019060959,68.98402098178985,42.29847403922274,1.5059142572372417,22.046859501005944,53.75956398903338,91.83333333333334,47653.56793159911,0,5,434.4563779612839,0,,0.03965729282184668,0.3907680929225622,0.025848142164781908,104.57054618877667,3.238676755418543,0,,1.0,0.8593073593073594,0.9445843828715366,0.8116883116883118,0.9445843828715366,0.020151133501259445,0.03526448362720403
SH-MC-01-2024031500,2024-03-15 00:00:00,2024-03-15,LINE-A,MC-01,CNC,PRD-B,A,3,7,25500.0,2860.0,480.0,35.0,445.0,0.0,445.0,32.0,0.9320640098328318,777,738,22,17,43,674.0,3.3949795403732628,65.87567734070237,5.720736866425465,50.769359194074035,66.8918444705971,42.69349794355365,1.3514322288889187,22.175446999171577,56.36853418857817,99.53333333333335,47661.267931599104,1,4,419.7788048056414,0,,0.04478319636527584,0.4091680929225622,0.055415617128463476,95.30078640919041,3.3463663001679635,0,,1.0,0.9312359550561797,0.9498069498069498,0.8844943820224719,0.9498069498069498,0.021879021879021878,0.028314028314028315
SH-MC-01-2024031508,2024-03-15 08:00:00,2024-03-15,LINE-A,MC-01,CNC,PRD-B,B,3,7,25500.0,2860.0,480.0,18.0,462.0,13.847057770668782,448.15294222933125,32.0,0.9142247678780259,768,738,18,12,34,498.0,3.6128552567477983,67.47403408905156,5.456298071188269,48.895357345356466,68.02397972627931,46.13402642249562,1.4090724054607389,22.175446999171577,50.36073597487702,106.95000000000002,47668.68459826577,0,4,422.81534408130204,0,,0.05074583635943689,0.4285014262558955,0.05019305019305019,95.30078640919041,3.429128760506092,0,,0.970028013483401,0.9139736938074084,0.9609375,0.8519480519480519,0.9609375,0.015625,0.0234375
SH-MC-01-2024031516,2024-03-15 16:00:00,2024-03-15,LINE-A,MC-01,CNC,PRD-B,C,3,7,25500.0,2860.0,480.0,18.0,462.0,0.0,462.0,32.0,0.8958200778391179,776,728,34,14,61,698.0,3.7966063963976353,70.32237426359501,5.776682820077493,50.36114626970823,60.94374209417689,42.7437592373105,1.271998745883585,22.175446999171577,47.04806766110931,114.4192157038222,47676.15381396959,0,4,441.3576990939816,0,,0.056144877810835096,0.4434398576635399,0.0390625,105.77582803702973,3.6014803978395658,0,,1.0,0.8958152958152958,0.9381443298969072,0.8404040404040404,0.9381443298969072,0.01804123711340206,0.04381443298969072
SH-MC-01-2024031600,2024-03-16 00:00:00,2024-03-16,LINE-A,MC-01,CNC,PRD-B,A,3,7,25500.0,2860.0,480.0,18.0,462.0,0.0,462.0,32.0,0.8723038599240639,755,727,17,11,36,461.0,4.014413255756073,68.15469552873482,5.611932973312759,48.62877222989007,69.52624646213557,45.71407893105021,1.3166969384584086,22.303834621703263,49.93288120835006,122.1192157038222,47683.85381396959,0,4,437.7575368907119,0,,0.06326150020419213,0.46183985766353985,0.061855670103092786,105.77582803702973,3.807958302967169,0,,1.0,0.8715728715728716,0.9629139072847682,0.8392496392496392,0.9629139072847682,0.01456953642384106,0.022516556291390728
SH-MC-01-2024031608,2024-03-16 08:00:00,2024-03-16,LINE-A,MC-01,CNC,PRD-B,B,3,7,25500.0,2860.0,480.0,18.0,462.0,0.0,462.0,32.0,0.8950874195223582,775,734,33,8,47,521.0,3.5218759607438592,68.76304154639679,5.369849342584627,48.48482033815122,68.8447097924564,50.271013657900816,1.6465151505849072,22.303834621703263,49.85258867734462,129.8192157038222,47691.553813969585,0,4,439.98072285177443,0,,0.07010893303031418,0.4772398576635399,0.03708609271523179,92.09934336478649,3.7776318709658567,0,,1.0,0.8946608946608947,0.9470967741935484,0.8473304473304474,0.9470967741935484,0.01032258064516129,0.04258064516129032
SH-MC-01-2024031616,2024-03-16 16:00:00,2024-03-16,LINE-A,MC-01,CNC,PRD-B,C,3,7,25500.0,2860.0,480.0,18.0,462.0,0.0,462.0,32.0,0.8733837173367349,756,719,24,13,47,580.0,3.6416487687033823,71.40089062636864,5.527157291360351,50.400425288735065,63.49907652523093,52.31540123512063,1.3285205692694395,22.303834621703263,44.523003998028,137.5192157038222,47699.25381396958,0,4,439.74274918405956,0,,0.07763610555346764,0.4926398576635399,0.05290322580645161,92.09934336478649,3.7259793284011056,0,,1.0,0.8727272727272727,0.951058201058201,0.83001443001443,0.951058201058201,0.017195767195767195,0.031746031746031744
SH-MC-01-2024031700,2024-03-17 00:00:00,2024-03-17,LINE-A,MC-01,CNC,PRD-C,A,3,7,25500.0,2860.0,480.0,35.0,445.0,0.0,445.0,26.0,0.8855839612163919,909,869,21,19,47,594.5,3.925487947647604,68.80017183695503,5.382950698804902,49.287294139091436,62.46260778994136,52.690129919079915,1.35477097951755,22.431984376637924,51.65264512217279,145.2192157038222,47706.95381396958,1,4,423.4980232626309,0,,0.08722509509767355,0.5110398576635399,0.04894179894179894,92.09934336478649,3.6963375590316154,0,,1.0,0.8851685393258427,0.9559955995599559,0.8462172284644195,0.9559955995599559,0.020902090209020903,0.0231023102310231
SH-MC-01-2024031708,2024-03-17 08:00:00,2024-03-17,LINE-A,MC-01,CNC,PRD-C,B,3,7,25500.0,2860.0,480.0,18.0,462.0,8.805560215881625,453.1944397841184,26.0,0.8604565328301345,899,846,40,13,64,599.0,3.7250469421701804,71.29349578018234,5.445594949575858,50.408972436155615,57.88830195841422,51.46633963955265,1.4855359675585738,22.431984376637924,50.493518583209664,152.63588237048884,47714.370480636244,0,4,435.88912555689296,0,,0.09825736920484257,0.5303731909968732,0.04400440044004401,92.09934336478649,3.764061219507056,0,,0.9809403458530701,0.8596016024650233,0.9410456062291435,0.7935064935064935,0.9410456062291435,0.014460511679644048,0.04449388209121246
SH-MC-01-2024031716,2024-03-17 16:00:00,2024-03-17,LINE-A,MC-01,CNC,PRD-C,C,3,7,25500.0,2860.0,480.0,18.0,462.0,13.587074254245271,448.4129257457547,26.0,0.853426564957692,883,810,34,39,87,1152.0,3.6614174821670606,70.13260614231771,5.560634674920615,51.526596379948245,53.04551258967862,50.86556658969528,1.674842660971638,22.431984376637924,45.58653338366765,160.18912303355748,47721.92372129931,0,4,435.98903708711424,0,,0.10825143869812533,0.5454796723230104,0.058954393770856504,22.652617986550407,3.7706507906616156,0,,0.9705907483674344,0.8533057620874254,0.9173272933182333,0.7597402597402597,0.9173272933182333,0.044167610419026046,0.03850509626274066
SH-MC-01-2024031800,2024-03-18 00:00:00,2024-03-18,LINE-A,MC-01,CNC,PRD-C,A,3,7,25500.0,2860.0,480.0,18.0,462.0,0.0,462.0,26.0,0.8876555150068751,946,891,35,20,70,722.5,4.4791349985280196,71.96075076559744,5.445493120584012,52.43185872343831,59.21819122426539,57.34152189237842,1.5377755996488087,22.559858342401355,52.275668059054986,167.6626717959867,47729.39727006174,0,4,444.089352060881,0,,0.1207809170383354,0.5634267698478689,0.08267270668176671,36.23969224079568,3.9551998076217543,0,,1.0,0.8873015873015873,0.9418604651162791,0.8357142857142856,0.9418604651162791,0.021141649048625793,0.03699788583509514
SH-MC-01-2024031808,2024-03-18 08:00:00,2024-03-18,LINE-A,MC-01,CNC,PRD-C,B,3,7,25500.0,2860.0,480.0,18.0,462.0,11.158879389751549,450.8411206102484,26.0,0.8497483988200044,884,840,23,21,53,655.5,4.265315062482786,71.57710796782636,5.453998524214435,49.160592547409635,58.60647867458954,59.06183227483321,1.4957614290731478,22.559858342401355,49.98303198983382,175.3626717959867,47737.097270061735,0,3,435.59726118170795,0,,0.1329704880311165,0.5788267698478688,0.05813953488372093,36.23969224079568,4.135289181059289,0,,0.9758465814074642,0.8496710906674977,0.9502262443438914,0.7878787878787878,0.9502262443438914,0.023755656108597284,0.026018099547511313
SH-MC-01-2024031816,2024-03-18 16:00:00,2024-03-18,LINE-A,MC-01,CNC,PRD-C,C,3,7,25500.0,2860.0,480.0,18.0,462.0,0.0,462.0,26.0,0.8200457933623765,874,802,38,34,95,1067.0,4.159284997425453,74.56030285114122,5.4641770288279945,50.286754169215186,54.35373065067022,61.011514842928534,1.800247119417632,22.559858342401355,52.40529664153486,182.87669047282418,47744.611288738575,0,3,449.39603725338367,0,,0.1458540845632887,0.5938548072015438,0.049773755656108594,47.398571630547224,4.3012450194787535,0,,1.0,0.8197691197691198,0.9176201372997712,0.7522366522366523,0.9176201372997712,0.038901601830663615,0.043478260869565216
SH-MC-01-2024031900,2024-03-19 00:00:00,2024-03-19,LINE-A,MC-01,CNC,PRD-D,A,3,7,25500.0,2860.0,480.0,35.0,445.0,0.0,445.0,24.0,0.8018066327988096,892,836,33,23,68,839.0,4.348622496366484,70.83389027202946,5.497104509128735,54.23684313085077,53.53283274446859,61.19610791212591,1.6479750468461847,22.68741867902979,47.81850364627786,190.57669047282417,47752.31128873857,1,3,432.0236829192301,0,,0.16238543111306764,0.6122548072015438,0.08237986270022883,47.398571630547224,4.257740852091575,0,,1.0,0.8017977528089888,0.9372197309417041,0.7514606741573034,0.9372197309417041,0.0257847533632287,0.03699551569506727
SH-MC-01-2024031908,2024-03-19 08:00:00,2024-03-19,LINE-A,MC-01,CNC,PRD-D,B,3,7,25500.0,2860.0,480.0,18.0,462.0,0.0,462.0,24.0,0.8424514274439471,973,912,37,24,81,896.0,4.35092065032953,73.89784969996198,5.479903181883519,51.300653635991345,52.34953708005623,65.43915489035207,1.6909813091325732,22.68741867902979,46.143444979349155,197.99335713949083,47759.72795540524,0,3,452.27410609590476,0,,0.18103855226286336,0.6315881405348771,0.06278026905829596,47.398571630547224,4.286276048040489,0,,1.0,0.8424242424242424,0.9373072970195272,0.7896103896103895,0.9373072970195272,0.024665981500513873,0.03802672147995889
SH-MC-01-2024031916,2024-03-19 16:00:00,2024-03-19,LINE-A,MC-01,CNC,PRD-D,C,3,7,25500.0,2860.0,480.0,18.0,462.0,0.0,462.0,24.0,0.8452270940951666,976,888,48,40,106,1384.0,4.57611569188227,73.74142674474366,5.306110394586075,51.47999349891866,56.456368596356974,62.93667677890345,1.6568053161888971,22.68741867902979,49.68551356633063,205.69335713949081,47767.427955405234,0,3,450.7112541227565,0,,0.2790423156804235,0.6469881405348771,0.06269270298047276,47.398571630547224,4.425219612859428,1,24.0,1.0,0.845021645021645,0.9098360655737705,0.7688311688311689,0.9098360655737705,0.040983606557377046,0.04918032786885246
SH-MC-01-2024032000,2024-03-20 00:00:00,2024-03-20,LINE-A,MC-01,CNC,PRD-D,A,3,7,25500.0,2860.0,480.0,18.0,462.0,0.0,462.0,24.0,0.8337059010716462,962,889,30,43,97,1315.0,4.470014282579534,71.72667581299332,5.326477529030702,51.194009674945086,50.94538010563377,65.37660054086648,1.5581007696518985,22.814627639367366,46.57042990877322,213.3933571394908,47775.12795540523,0,3,451.9451896970004,0,,0.3052741661395183,0.665388140534877,0.09016393442622951,47.398571630547224,4.4656835415971115,1,16.0,1.0,0.8329004329004329,0.9241164241164241,0.7696969696969698,0.9241164241164241,0.0446985446985447,0.031185031185031187
SH-MC-01-2024032008,2024-03-20 08:00:00,2024-03-20,LINE-A,MC-01,CNC,PRD-D,B,3,7,25500.0,2860.0,480.0,18.0,462.0,0.0,462.0,24.0,0.8481468298528481,979,894,56,29,102,1173.0,4.8188468649871306,72.25163760863967,5.341704595785818,52.15944637743112,45.42556226177773,66.21350840980561,1.628661128140858,22.814627639367366,52.76739712512898,221.0933571394908,47782.82795540523,0,3,454.3401159890368,0,,0.62,0.680788140534877,0.07588357588357589,47.398571630547224,4.621658946482978,1,8.0,1.0,0.8476190476190476,0.9131767109295199,0.774025974025974,0.9131767109295199,0.0296220633299285,0.05720122574055159
SH-MC-01-2024032016,2024-03-20 16:00:00,2024-03-20,LINE-A,MC-01,CNC,PRD-D,C,3,7,25500.0,2860.0,480.0,18.0,462.0,137.0641344210185,324.9358655789815,24.0,0.811854897879278,659,578,53,28,94,1124.0,3.9750770443676844,77.04652670775543,5.34913674258104,52.278230994966506,51.9020253689535,70.079282172283,1.857254731974979,22.814627639367366,50.411864726028895,228.79335713949078,47790.527955405225,0,3,321.1359123797853,1,Bearing,0.3538663649952026,0.696188140534877,0.08682328907048008,47.398571630547224,4.421312730644783,0,,0.7033243843700898,0.8112370098951951,0.8770864946889226,0.5004329004329005,0.8770864946889226,0.042488619119878605,0.08042488619119878
SH-MC-01-2024032100,2024-03-21 00:00:00,2024-03-21,LINE-A,MC-01,CNC,PRD-A,A,3,7,25500.0,2860.0,480.0,35.0,445.0,0.0,445.0,20.0,0.9242717878084611,1233,1200,19,14,41,366.0,2.7001803000367124,61.201568315465494,5.7869106620870925,47.21221782838789,75.4543679648547,22.662775370197895,0.9779395328035845,22.941447580236133,42.842677424885366,0.0,47795.94355316488,1,4,416.82801158629445,0,,0.013280052192456634,0.24140657425841996,0.12291350531107739,184.46270605156573,3.831368069797177,0,,1.0,0.9235955056179775,0.9732360097323601,0.8988764044943821,0.9732360097323601,0.0113544201135442,0.015409570154095702
SH-MC-01-2024032108,2024-03-21 08:00:00,2024-03-21,LINE-A,MC-01,CNC,PRD-A,B,3,7,25500.0,2860.0,480.0,18.0,462.0,0.0,462.0,20.0,0.9272660242959818,1285,1244,24,17,44,450.0,2.975047171643168,61.920910926846254,5.816894417037479,48.81050003728225,78.87761004141399,26.51172782877053,1.121885456187126,22.941447580236133,46.24642613589272,7.416666666666667,47803.36021983154,0,4,429.368331553458,0,,0.015114589197166343,0.2607399075917533,0.0267639902676399,184.46270605156573,3.2167681720158554,0,,1.0,0.9271284271284271,0.9680933852140078,0.8975468975468975,0.9680933852140078,0.013229571984435798,0.01867704280155642
SH-MC-01-2024032116,2024-03-21 16:00:00,2024-03-21,LINE-A,MC-01,CNC,PRD-A,C,3,7,25500.0,2860.0,480.0,18.0,462.0,0.0,462.0,20.0,0.9108672165985192,1262,1200,41,21,69,624.0,2.703262114995538,64.89262453106224,5.803546272533494,48.2306532935353,77.66740514624517,23.19051884816876,1.3459183785641755,22.941447580236133,53.02592726335477,15.116666666666667,47811.06021983154,0,4,432.94073277157855,0,,0.016844305445496102,0.27613990759175333,0.031906614785992216,184.46270605156573,2.79282986222514,0,,1.0,0.9105339105339105,0.9508716323296355,0.8658008658008658,0.9508716323296355,0.01664025356576862,0.03248811410459588
SH-MC-01-2024032200,2024-03-22 00:00:00,2024-03-22,LINE-A,MC-01,CNC,PRD-A,A,3,7,25500.0,2860.0,480.0,18.0,462.0,0.0,462.0,20.0,0.9055204847580859,1255,1225,14,16,35,372.0,2.7492181075225184,62.433402507171664,5.988968065586195,47.29821303928134,76.59400722576916,26.803443429789898,1.2123820772889804,23.067840973575244,47.349316716320814,22.816666666666666,47818.760219831536,0,4,429.51348699398284,0,,0.01908010087852192,0.2945399075917533,0.0491283676703645,184.46270605156573,2.809175798053742,0,,1.0,0.9054834054834054,0.9760956175298805,0.8838383838383839,0.9760956175298805,0.012749003984063745,0.011155378486055778
SH-MC-01-2024032208,2024-03-22 08:00:00,2024-03-22,LINE-A,MC-01,CNC,PRD-A,B,3,7,25500.0,2860.0,480.0,18.0,462.0,0.0,462.0,20.0,0.8860727958736851,1228,1188,23,17,49,444.0,2.8107529218251446,63.79937895246355,5.90768674827131,47.77381662076783,66.26520764024619,29.14159510338526,1.3453191455852747,23.067840973575244,57.29937654655216,30.516666666666666,47826.46021983153,0,4,433.8992671106032,0,,0.02125383767388101,0.3099399075917533,0.02390438247011952,184.46270605156573,2.7544110481144006,0,,1.0,0.886002886002886,0.9674267100977199,0.8571428571428571,0.9674267100977199,0.013843648208469055,0.018729641693811076
SH-MC-01-2024032216,2024-03-22 16:00:00,2024-03-22,LINE-A,MC-01,CNC,PRD-A,C,3,7,25500.0,2860.0,480.0,18.0,462.0,0.0,462.0,20.0,0.902945698621987,1251,1202,20,29,59,642.0,3.139378541005372,66.15666271407248,5.6934244973704855,48.31196784887076,79.59377816904772,32.11852973439821,1.3975537726209015,23.067840973575244,49.08850774900198,38.21666666666667,47834.16021983153,0,4,433.2999651408301,0,,0.023669245933657844,0.32533990759175335,0.03257328990228013,170.61564828089695,2.8997831901176787,0,,1.0,0.9025974025974026,0.9608313349320543,0.8672438672438673,0.9608313349320543,0.023181454836131096,0.01598721023181455
SH-MC-01-2024032300,2024-03-23 00:00:00,2024-03-23,LINE-A,MC-01,CNC,PRD-B,A,3,7,25500.0,2860.0,480.0,35.0,445.0,0.0,445.0,32.0,0.9259999642041641,772,748,19,5,34,311.0,3.080848966904573,63.699578037792065,5.954043552757737,49.95461453045419,70.56577126490306,33.00688877395888,1.283202199937216,23.19377041754614,51.82854085506053,45.91666666666667,47841.86021983153,1,4,421.3505373849704,0,,0.02678625501778192,0.3437399075917533,0.03916866506794564,170.61564828089695,3.0103268099116973,0,,1.0,0.9252434456928839,0.9689119170984456,0.8964794007490636,0.9689119170984456,0.006476683937823834,0.02461139896373057
SH-MC-01-2024032308,2024-03-23 08:00:00,2024-03-23,LINE-A,MC-01,CNC,PRD-B,B,3,7,25500.0,2860.0,480.0,18.0,462.0,0.0,462.0,32.0,0.9077569333571989,786,756,16,14,37,536.0,3.040256123356032,66.48274350894728,5.651764442202307,48.22368472607128,74.30288740596978,35.648792464271935,1.3744038079199126,23.19377041754614,48.756167234077,53.333333333333336,47849.27688649819,0,4,434.94175111061816,0,,0.030429032072181412,0.36307324092508664,0.031088082901554404,170.61564828089695,3.086827877088659,0,,1.0,0.9073593073593074,0.9618320610687023,0.8727272727272728,0.9618320610687023,0.017811704834605598,0.020356234096692113
SH-MC-01-2024032316,2024-03-23 16:00:00,2024-03-23,LINE-A,MC-01,CNC,PRD-B,C,3,7,25500.0,2860.0,480.0,18.0,462.0,0.0,462.0,32.0,0.8746930259272185,757,715,20,22,50,796.0,3.0101030398433553,68.75953993627311,5.617379654039457,48.620751454777505,72.21800326575507,40.53869181716171,1.3369961049403842,23.19377041754614,44.76406925006589,61.03333333333334,47856.97688649819,0,4,435.5853917381801,0,,0.03385109838099723,0.37847324092508666,0.03816793893129771,170.61564828089695,3.043736043367987,0,,1.0,0.8738816738816739,0.9445178335535006,0.8253968253968254,0.9445178335535006,0.02906208718626156,0.026420079260237782
SH-MC-01-2024032400,2024-03-24 00:00:00,2024-03-24,LINE-A,MC-01,CNC,PRD-B,A,3,7,25500.0,2860.0,480.0,18.0,462.0,0.0,462.0,32.0,0.8930525121567993,773,746,18,9,34,414.0,3.3048018606656013,65.18551862735622,5.685139723542287,50.10498888263602,68.81112012640683,40.01278266696872,1.373267439514302,23.319198647600338,45.13193106495234,68.73333333333333,47864.676886498186,0,4,435.3990483119123,0,,0.03825641850866741,0.3968732409250867,0.05548216644649934,170.61564828089695,3.1183870079549965,0,,1.0,0.8923520923520923,0.9650711513583441,0.8611832611832612,0.9650711513583441,0.01164294954721863,0.02328589909443726
SH-MC-01-2024032408,2024-03-24 08:00:00,2024-03-24,LINE-A,MC-01,CNC,PRD-B,B,3,7,25500.0,2860.0,480.0,18.0,462.0,0.0,462.0,32.0,0.8784192688937303,760,735,15,10,32,415.0,3.4327090154809334,67.02638635645293,5.630360174340112,50.47102059671242,59.19209736730667,44.8113765301196,1.3456191412404246,23.319198647600338,53.38283161212002,76.43333333333334,47872.37688649818,0,4,438.5342053785955,0,,0.042520153165030244,0.4122732409250867,0.03492884864165589,170.61564828089695,3.249204638663297,0,,1.0,0.8773448773448773,0.9671052631578947,0.8484848484848484,0.9671052631578947,0.013157894736842105,0.019736842105263157
SH-MC-01-2024032416,2024-03-24 16:00:00,2024-03-24,LINE-A,MC-01,CNC,PRD-B,C,3,7,25500.0,2860.0,480.0,18.0,462.0,4.8788418322185185,457.12115816778146,32.0,0.8865399746060584,759,710,31,18,58,783.0,3.5919692710888236,69.87524809298772,5.640096442809129,47.8932845438625,70.1739106888697,43.83444625593287,1.410218375735166,23.319198647600338,50.236184503134815,84.13333333333334,47880.07688649818,0,4,432.51713018981525,0,,0.04723574809669738,0.42767324092508674,0.03289473684210526,161.81008806501532,3.4431600490784535,0,,0.9894397362938993,0.8855420335880022,0.9354413702239789,0.8196248196248196,0.9354413702239789,0.023715415019762844,0.04084321475625823
SH-MC-01-2024032500,2024-03-25 00:00:00,2024-03-25,LINE-A,MC-01,CNC,PRD-C,A,3,7,25500.0,2860.0,480.0,35.0,445.0,0.0,445.0,26.0,0.88340291352222,907,865,23,19,53,609.5,3.23880549252851,69.03166050033823,5.683568276147838,50.095417842550006,66.46353932877777,41.058443490077806,1.2563001727923995,23.444088547506617,46.323289366858376,91.75201930279637,47887.695572467645,1,4,421.7198768914714,0,,0.053228222851128416,0.4459106128640128,0.06455862977602109,153.10185564298857,3.4211612596994225,0,,1.0,0.8832209737827715,0.9536934950385888,0.8423220973782772,0.9536934950385888,0.020948180815876516,0.025358324145534728
SH-MC-01-2024032508,2024-03-25 08:00:00,2024-03-25,LINE-A,MC-01,CNC,PRD-C,B,3,7,25500.0,2860.0,480.0,18.0,462.0,0.0,462.0,26.0,0.8885240332024513,947,910,18,19,54,572.0,3.808318905889722,69.16798874219374,5.687492288698028,49.34894763248522,63.19441686478196,49.01245614592122,1.2474762709586982,23.444088547506617,55.102437893775246,99.16868596946304,47895.11223913431,0,4,441.7849137490629,0,,0.06024435723732209,0.4652439461973461,0.04630650496141125,153.10185564298857,3.5463645565023523,0,,1.0,0.8882395382395383,0.9609292502639916,0.8535353535353536,0.9609292502639916,0.02006335797254488,0.01900739176346357
SH-MC-01-2024032516,2024-03-25 16:00:00,2024-03-25,LINE-A,MC-01,CNC,PRD-C,C,3,7,25500.0,2860.0,480.0,18.0,462.0,0.0,462.0,26.0,0.8624881865567673,919,863,37,19,69,714.5,3.534098998698178,70.72148165613267,5.596646356406671,48.503857385385636,57.34918294401914,49.76125884596181,1.599924380202992,23.444088547506617,54.02558999264024,106.86868596946304,47902.812239134306,0,4,436.0022986761738,0,,0.06678849865604816,0.48064394619734613,0.03907074973600845,141.94297625323702,3.527074465705471,0,,1.0,0.861976911976912,0.9390642002176278,0.8094516594516594,0.9390642002176278,0.020674646354733407,0.04026115342763874
SH-MC-01-2024032600,2024-03-26 00:00:00,2024-03-26,LINE-A,MC-01,CNC,PRD-C,A,3,7,25500.0,2860.0,480.0,18.0,462.0,2.521426820250017,459.47857317974996,26.0,0.8774341677372868,930,875,33,22,61,753.5,3.9632703296286906,70.43407721270731,5.481232165786746,50.62365479124614,61.27605492806881,51.98907772469691,1.4514761554235374,23.568403160334313,42.739261992723264,114.56868596946305,47910.5122391343,0,4,437.1882676614356,0,,0.07514683569764713,0.49904394619734616,0.060935799782372145,141.94297625323702,3.768562744738864,0,,0.994542366189935,0.8770811600878388,0.9408602150537635,0.8207070707070708,0.9408602150537635,0.023655913978494623,0.035483870967741936
SH-MC-01-2024032608,2024-03-26 08:00:00,2024-03-26,LINE-A,MC-01,CNC,PRD-C,B,3,7,25500.0,2860.0,480.0,18.0,462.0,0.0,462.0,26.0,0.9343605005503738,996,943,29,24,61,769.5,3.665064023502233,69.46828073419766,5.545707797997962,48.541276533841646,66.9153095669164,49.472923350992204,1.6739923229489715,23.568403160334313,48.97098996915099,122.22666218912555,47918.170215353966,0,4,442.2251778284184,0,,0.08312071185597354,0.5143598986366712,0.05913978494623656,144.46440307348703,3.7208111172763676,0,,1.0,0.9341991341991343,0.9467871485943775,0.8844877344877345,0.9467871485943775,0.024096385542168676,0.029116465863453816
SH-MC-01-2024032616,2024-03-26 16:00:00,2024-03-26,LINE-A,MC-01,CNC,PRD-C,C,3,7,25500.0,2860.0,480.0,18.0,462.0,0.0,462.0,26.0,0.864548500263914,921,850,41,30,94,997.5,3.4409038005745036,73.99431392207482,5.580441577568771,50.868790676098804,63.348005895079595,49.76519448245429,1.584722493997111,23.568403160334313,52.62903206729933,129.92666218912555,47925.87021535396,0,4,438.98043843665715,0,,0.09190680680714927,0.5297598986366712,0.05321285140562249,144.46440307348703,3.6897460512351423,0,,1.0,0.8638528138528139,0.9229098805646037,0.7972582972582972,0.9229098805646037,0.03257328990228013,0.04451682953311618
SH-MC-01-2024032700,2024-03-27 00:00:00,2024-03-27,LINE-A,MC-01,CNC,PRD-D,A,3,7,25500.0,2860.0,480.0,35.0,445.0,0.0,445.0,24.0,0.8973721394825876,998,930,42,26,83,986.0,4.1766595128240045,70.23539873909488,5.619213365728004,49.9242246700673,58.2937730834672,54.675799737377424,1.4241531862825931,23.69210569938946,50.71415823862572,137.62666218912554,47933.57021535396,1,4,426.84273411822505,0,,0.10306145244568361,0.5481598986366711,0.07709011943539631,144.46440307348703,3.760875778966914,0,,1.0,0.8970786516853932,0.9318637274549099,0.8359550561797753,0.9318637274549099,0.026052104208416832,0.04208416833667335
SH-MC-01-2024032708,2024-03-27 08:00:00,2024-03-27,LINE-A,MC-01,CNC,PRD-D,B,3,7,25500.0,2860.0,480.0,18.0,462.0,15.772787536850194,446.2272124631498,24.0,0.8570955885956884,956,897,32,27,74,931.0,3.9493748966122313,72.0180808616144,5.569901600267179,50.326986609522905,54.93342598899448,55.91519347379218,1.4275846125796554,23.69210569938946,47.036699136662556,145.0433288557922,47940.986882020625,0,4,430.95719280584245,0,,0.11584251257521841,0.5674932319700045,0.06813627254509018,144.46440307348703,3.85564607000358,1,24.0,0.965859767236255,0.8569625278771614,0.9382845188284519,0.7766233766233768,0.9382845188284519,0.028242677824267783,0.03347280334728033
SH-MC-01-2024032716,2024-03-27 16:00:00,2024-03-27,LINE-A,MC-01,CNC,PRD-D,C,3,7,25500.0,2860.0,480.0,18.0,462.0,0.0,462.0,24.0,0.8301552788096836,958,869,50,39,105,1375.0,4.24990873129782,73.93736232899332,5.298071647003465,51.31812892202407,60.68865212125808,57.62221944202763,1.8748227687958612,23.69210569938946,51.80318351728787,152.48044906351137,47948.42400222834,0,4,442.29388480632684,0,,0.18602436663830801,0.5823674723854427,0.06171548117154812,160.23719061033722,4.125314380244686,1,16.0,1.0,0.8294372294372294,0.907098121085595,0.7523809523809524,0.907098121085595,0.0407098121085595,0.05219206680584551
SH-MC-01-2024032800,2024-03-28 00:00:00,2024-03-28,LINE-A,MC-01,CNC,PRD-D,A,3,7,25500.0,2860.0,480.0,18.0,462.0,0.0,462.0,24.0,0.8689556417741929,1003,932,38,33,88,1129.0,4.146954577312456,73.20076880124718,5.630394834225971,49.46406498895493,58.19535545734133,60.42660846388912,1.5832294800287525,23.815159559100568,47.75864505258364,160.18044906351136,47956.12400222834,0,4,447.31850793581475,0,,0.14195544789153472,0.6007674723854427,0.09290187891440502,23.17305618931873,4.11541273507417,1,8.0,1.0,0.8683982683982684,0.9292123629112662,0.8069264069264069,0.9292123629112662,0.03290129611166501,0.03788634097706879
SH-MC-01-2024032808,2024-03-28 08:00:00,2024-03-28,LINE-A,MC-01,CNC,PRD-D,B,3,7,25500.0,2860.0,480.0,18.0,462.0,131.3259432090484,330.67405679095157,24.0,0.8659560020457773,715,670,20,25,49,785.0,4.408220825957162,71.86241471455281,5.244852208755215,49.521434636555504,59.731804512158035,59.8189101086495,1.546839889765158,23.815159559100568,47.371365149008476,167.88044906351135,47963.824002228335,0,4,319.3472598584338,1,Bearing,0.224604392283118,0.6161674723854427,0.0707876370887338,23.17305618931873,4.268361378189147,0,,0.7157447116687263,0.8649000250443173,0.9370629370629371,0.5800865800865801,0.9370629370629371,0.03496503496503497,0.027972027972027972
SH-MC-01-2024032816,2024-03-28 16:00:00,2024-03-28,LINE-A,MC-01,CNC,PRD-D,C,3,7,25500.0,2860.0,480.0,18.0,462.0,0.0,462.0,24.0,0.9000272117755052,1039,1005,26,8,45,408.0,2.4163953050116818,64.58994392863572,5.984624932546111,48.69085643392877,80.25864754483713,22.293895760568223,1.370049854916338,23.815159559100568,54.3125064059858,0.0,47969.33523650818,0,5,422.2201408677563,0,,0.011364510061689943,0.21324457992134796,0.06293706293706294,154.49899939836712,3.6571902360937667,0,,1.0,0.8995670995670996,0.9672762271414822,0.8701298701298701,0.9672762271414822,0.007699711260827719,0.025024061597690085
SH-MC-01-2024032900,2024-03-29 00:00:00,2024-03-29,LINE-A,MC-01,CNC,PRD-A,A,3,7,25500.0,2860.0,480.0,35.0,445.0,0.0,445.0,20.0,0.9453166145745825,1261,1231,18,12,35,324.0,2.527627126947329,60.517453052289284,5.816759714266741,45.916065405401696,85.07270831770437,23.037623414245854,1.1563123101453812,23.9375283258508,49.75965769837959,7.7,47977.03523650818,1,5,405.30295248613186,0,,0.01288248634633608,0.23164457992134796,0.032723772858517804,154.49899939836715,3.117414419305391,0,,1.0,0.9445692883895132,0.9762093576526566,0.9220973782771535,0.9762093576526566,0.00951625693893735,0.014274385408406027
SH-MC-01-2024032908,2024-03-29 08:00:00,2024-03-29,LINE-A,MC-01,CNC,PRD-A,B,3,7,25500.0,2860.0,480.0,18.0,462.0,0.0,462.0,20.0,0.9474872446984499,1313,1272,28,13,51,402.0,2.4272524889503297,64.96966289530619,5.944421261373847,46.6133377504904,74.18839164807923,26.43800604313566,1.2828142577845065,23.9375283258508,51.49715661598201,15.116666666666667,47984.45190317484,0,5,422.68357623981933,0,,0.01466291882467243,0.2509779132546813,0.023790642347343377,154.49899939836715,2.4570916403031138,0,,1.0,0.9473304473304474,0.9687738004569688,0.9177489177489178,0.9687738004569688,0.009900990099009901,0.021325209444021324
SH-MC-01-2024032916,2024-03-29 16:00:00,2024-03-29,LINE-A,MC-01,CNC,PRD-A,C,3,7,25500.0,2860.0,480.0,18.0,462.0,0.0,462.0,20.0,0.8953968201838277,1241,1203,23,15,51,408.0,2.893141740337784,66.3132951659253,5.934993794034901,47.30734061122535,76.87187789665815,22.34093601496547,1.2903157234640443,23.9375283258508,47.432803717291826,22.816666666666666,47992.15190317484,0,4,423.42600057819806,0,,0.01634180349457573,0.2663779132546813,0.031226199543031227,154.49899939836715,2.616007118745148,0,,1.0,0.8953823953823954,0.9693795326349718,0.8679653679653679,0.9693795326349718,0.012087026591458501,0.018533440773569703
SH-MC-01-2024033000,2024-03-30 00:00:00,2024-03-30,LINE-A,MC-01,CNC,PRD-A,A,3,7,25500.0,2860.0,480.0,18.0,462.0,0.0,462.0,20.0,0.9244377199137517,1281,1242,18,21,43,486.0,3.0156626673937157,63.567973064371905,5.70683862756542,47.708000225050846,77.48467325212894,28.55708346321427,1.2730274846484468,24.059175788753357,49.719062765038,30.516666666666666,47999.85190317484,0,4,428.44118470125665,0,,0.01851215621850199,0.28477791325468127,0.030620467365028204,154.49899939836715,2.7786856322272766,0,,1.0,0.9242424242424242,0.9695550351288056,0.8961038961038961,0.9695550351288056,0.01639344262295082,0.01405152224824356
SH-MC-01-2024033008,2024-03-30 08:00:00,2024-03-30,LINE-A,MC-01,CNC,PRD-A,B,3,7,25500.0,2860.0,480.0,18.0,462.0,0.0,462.0,20.0,0.9593439791425787,1329,1294,19,16,43,402.0,2.799866631364119,62.16814861702149,5.5615843190582686,47.000178540511726,81.73043460557349,30.433725449757393,1.2050817099855733,24.059175788753357,52.207207832055225,38.21666666666667,48007.55190317483,0,4,423.8935144891444,0,,0.020622549157962605,0.3001779132546813,0.03044496487119438,154.49899939836715,2.9028903463652065,0,,1.0,0.9588744588744589,0.9736644093303235,0.9336219336219336,0.9736644093303235,0.012039127163280662,0.014296463506395787
SH-MC-01-2024033016,2024-03-30 16:00:00,2024-03-30,LINE-A,MC-01,CNC,PRD-A,C,3,7,25500.0,2860.0,480.0,18.0,462.0,0.0,462.0,20.0,0.9012477648738588,1249,1185,42,22,69,648.0,3.198453175685615,65.59213282930718,5.9619916045171415,46.455989223899934,74.00535513145,29.238726226789183,1.4245266912703247,24.059175788753357,47.60168749317056,45.91666666666667,48015.25190317483,0,3,426.0869562230716,0,,0.02296789773690985,0.3155779132546813,0.02633559066967645,154.49899939836715,3.0046608248144833,0,,1.0,0.9011544011544012,0.9487590072057646,0.854978354978355,0.9487590072057646,0.017614091273018415,0.03362690152121697
SH-MC-01-2024033100,2024-03-31 00:00:00,2024-03-31,LINE-A,MC-01,CNC,PRD-B,A,3,7,25500.0,2860.0,480.0,35.0,445.0,0.0,445.0,32.0,0.9108164984442065,759,739,11,9,30,351.0,3.2223205503991568,65.15864293780777,5.617720561590693,47.90858498055332,73.32990363173586,33.72801737532089,1.3875939825116426,24.18006595036684,45.26999856434934,53.616666666666674,48022.95190317483,1,3,415.45388129557574,0,,0.025995005219737816,0.3339779132546813,0.051240992794235385,154.49899939836715,3.0735467858162973,0,,1.0,0.9096629213483146,0.9736495388669302,0.8856928838951311,0.9736495388669302,0.011857707509881422,0.014492753623188406
SH-MC-01-2024033108,2024-03-31 08:00:00,2024-03-31,LINE-A,MC-01,CNC,PRD-B,B,3,7,25500.0,2860.0,480.0,18.0,462.0,0.0,462.0,32.0,0.9520468413935572,824,793,16,15,37,564.0,3.4998705628239914,63.982448525423735,5.610885448320808,47.801105780856105,72.8654290177681,34.64137876836983,1.2451261067596666,24.18006595036684,49.132048688581804,61.03333333333334,48030.36856984149,0,3,428.3071086641461,0,,0.029533442267140973,0.3533112465880146,0.026350461133069828,154.49899939836715,3.3068814296362548,0,,1.0,0.9512265512265512,0.962378640776699,0.9154401154401154,0.962378640776699,0.01820388349514563,0.019417475728155338
SH-MC-01-2024033116,2024-03-31 16:00:00,2024-03-31,LINE-A,MC-01,CNC,PRD-B,C,3,7,25500.0,2860.0,480.0,18.0,462.0,0.0,462.0,32.0,0.9012112727925405,780,752,17,11,34,461.0,3.0713502504899264,68.19107181081947,5.744984316010415,47.18789212504963,71.4737524521325,33.88457846135589,1.4139524388911335,24.18006595036684,47.22353973951512,68.73333333333333,48038.06856984149,0,3,431.5845529339367,0,,0.03285820332898201,0.36871124658801463,0.03762135922330097,154.49899939836715,3.264513787904358,0,,1.0,0.9004329004329005,0.9641025641025641,0.8681096681096682,0.9641025641025641,0.014102564102564103,0.021794871794871794
SH-MC-01-2024040100,2024-04-01 00:00:00,2024-04-01,LINE-A,MC-01,CNC,PRD-B,A,3,7,25500.0,2860.0,480.0,88.0,392.0,18.668415758730177,373.3315842412698,32.0,0.9694504565543748,678,655,12,11,26,416.0,2.518302523080701,61.54161916510308,6.065249392002709,45.78892708554361,79.70027621615081,18.338264415686034,1.0275038575082467,24.300163037347495,53.38980478073131,0.0,48045.768569841486,0,3,340.76893420595803,0,,0.011102991745530344,0.20904007315752793,0.035897435897435895,149.62015756614863,3.0298411121315403,0,,0.9523764904114026,0.9685759664157207,0.9660766961651918,0.891156462585034,0.9660766961651918,0.016224188790560472,0.017699115044247787
SH-MC-01-2024040108,2024-04-01 08:00:00,2024-04-01,LINE-A,MC-01,CNC,PRD-B,B,3,7,25500.0,2860.0,480.0,18.0,462.0,0.0,462.0,32.0,0.9657843776112178,836,809,14,13,38,490.0,2.588509208468821,62.86530002548141,5.858355017769866,44.80158770685435,77.88902962565119,18.354871641031192,1.2506171018180012,24.300163037347495,46.336421878208114,6.222193070687831,48051.99076291217,0,3,417.9562200367922,0,,0.012123664590802245,0.2214844592989036,0.03392330383480826,168.28857332487883,2.7260539940131494,0,,1.0,0.9650793650793651,0.9677033492822966,0.9339105339105339,0.9677033492822966,0.01555023923444976,0.01674641148325359
SH-MC-01-2024040116,2024-04-01 16:00:00,2024-04-01,LINE-A,MC-01,CNC,PRD-B,C,3,7,25500.0,2860.0,480.0,18.0,462.0,22.0540934150779,439.9459065849221,32.0,0.9542833385688176,787,763,12,12,29,444.0,3.0202156462750764,64.38694199506337,5.859741297601337,47.47241304961901,86.93240155855956,25.075688466940125,1.2853745533049432,24.300163037347495,48.18965953986533,13.92219307068783,48059.69076291217,0,3,403.3658927219432,0,,0.013515796109970992,0.2368844592989036,0.03229665071770335,168.28857332487883,2.709009125941533,0,,0.952263867066931,0.9540566852673121,0.9695044472681067,0.8808080808080807,0.9695044472681067,0.015247776365946633,0.015247776365946633
SH-MC-01-2024040200,2024-04-02 00:00:00,2024-04-02,LINE-A,MC-01,CNC,PRD-C,A,3,7,25500.0,2860.0,480.0,35.0,445.0,0.0,445.0,26.0,0.912411537589253,936,911,13,12,28,373.5,2.630906767107011,63.117040639646696,5.870978984279278,47.610540736698944,84.6348292087891,26.24752368404477,1.2788485616737089,24.419431511035107,45.93332037983707,21.254624847103198,48067.02319468858,1,3,407.43431852314325,0,,0.015237598218162365,0.2545493228517343,0.030495552731893267,190.3426667399567,2.746543873950303,0,,1.0,0.9114606741573034,0.9732905982905983,0.8871161048689138,0.9732905982905983,0.01282051282051282,0.013888888888888888
SH-MC-01-2024040208,2024-04-02 08:00:00,2024-04-02,LINE-A,MC-01,CNC,PRD-C,B,3,7,25500.0,2860.0,480.0,18.0,462.0,0.0,462.0,26.0,0.9521799714143422,1015,983,20,12,35,426.0,3.448769101023936,64.16425691162983,5.629773572710842,45.98861693273561,83.61848449755183,26.9995480037069,1.2158069645703007,24.419431511035107,51.32513083436814,28.671291513769866,48074.43986135525,0,3,419.9760407730487,0,,0.017337803551937366,0.27388265618506763,0.026709401709401708,187.8212399197067,3.033297171468675,0,,1.0,0.952020202020202,0.9684729064039409,0.9220057720057719,0.9684729064039409,0.011822660098522168,0.019704433497536946
SH-MC-01-2024040216,2024-04-02 16:00:00,2024-04-02,LINE-A,MC-01,CNC,PRD-C,C,3,7,25500.0,2860.0,480.0,18.0,462.0,11.305108678149066,450.69489132185095,26.0,0.9004587294590618,936,914,14,8,27,289.0,3.063187526926891,65.79776977682712,5.853182776463318,47.48478166857166,77.59399456756204,29.984710248924696,1.1894331277272063,24.419431511035107,42.60546676552743,36.37129151376987,48082.139861355245,0,3,414.292578030431,0,,0.019316954701433568,0.28928265618506765,0.03152709359605911,187.8212399197067,3.0476211316859465,0,,0.9755300677962142,0.899943637724423,0.9764957264957265,0.8572871572871573,0.9764957264957265,0.008547008547008548,0.014957264957264958
SH-MC-01-2024040300,2024-04-03 00:00:00,2024-04-03,LINE-A,MC-01,CNC,PRD-C,A,3,7,25500.0,2860.0,480.0,18.0,462.0,0.0,462.0,26.0,0.9406731118513184,1002,971,15,16,38,480.5,3.144834135987302,63.51271809138145,5.470099300026007,49.230791497119796,74.93521841075905,29.218063770434505,1.2346545373641016,24.53783607796947,46.935718059013354,43.88287303580072,48089.65144287728,0,3,427.23427773346094,0,,0.02181607767687323,0.30730581922912936,0.023504273504273504,199.12634859785575,3.218930254646043,0,,1.0,0.9398268398268398,0.969061876247505,0.9107503607503606,0.969061876247505,0.015968063872255488,0.014970059880239521
SH-MC-01-2024040308,2024-04-03 08:00:00,2024-04-03,LINE-A,MC-01,CNC,PRD-C,B,3,7,25500.0,2860.0,480.0,18.0,462.0,0.0,462.0,26.0,0.9391470010139429,1001,974,19,8,32,326.5,2.922573320977931,65.20393130375112,5.735273494036248,47.44698301399559,75.20922466156819,29.601388237119192,1.2365960429801421,24.53783607796947,40.91527455414342,51.58287303580072,48097.351442877276,0,3,424.00561533307905,0,,0.024293796132548333,0.3227058192291294,0.03093812375249501,199.12634859785575,3.0435316612973753,0,,1.0,0.9388888888888889,0.973026973026973,0.9135642135642136,0.973026973026973,0.007992007992007992,0.01898101898101898
SH-MC-01-2024040316,2024-04-03 16:00:00,2024-04-03,LINE-A,MC-01,CNC,PRD-C,C,3,7,25500.0,2860.0,480.0,18.0,462.0,0.0,462.0,26.0,0.8939703225635944,953,911,25,17,53,578.5,3.260566227136899,69.36495614274475,5.6645302409313105,45.20039995501284,76.02025403097333,36.88745251455594,1.3937197383639526,24.53783607796947,42.18902500542285,59.282873035800726,48105.05144287727,0,3,424.49145328995485,0,,0.027045136335453152,0.3381058192291294,0.026973026973026972,183.35356106100556,3.109324561367378,0,,1.0,0.8938672438672439,0.9559286463798531,0.8544733044733045,0.9559286463798531,0.017838405036726127,0.026232948583420776
SH-MC-01-2024040400,2024-04-04 00:00:00,2024-04-04,LINE-A,MC-01,CNC,PRD-D,A,3,7,25500.0,2860.0,480.0,35.0,445.0,0.0,445.0,24.0,0.9075798061666105,1009,985,17,7,29,311.0,3.018769625221907,63.82771287475951,6.002480547180044,47.11413845309957,72.65864557058846,32.23638296218893,1.2753742185668362,24.655341700334276,46.94072285290049,66.98287303580072,48112.75144287727,1,3,408.16070904054845,0,,0.03059278687973111,0.3565058192291294,0.04407135362014691,183.35356106100556,3.0673030577789127,0,,1.0,0.9069662921348315,0.9762140733399405,0.8853932584269663,0.9762140733399405,0.006937561942517344,0.01684836471754212
SH-MC-01-2024040408,2024-04-04 08:00:00,2024-04-04,LINE-A,MC-01,CNC,PRD-D,B,3,7,25500.0,2860.0,480.0,18.0,462.0,0.0,462.0,24.0,0.9280934789778691,1071,1032,24,15,51,567.0,3.236543595051116,66.04222764949469,5.655964553535719,46.95935323013226,70.44806893763781,37.08878413052401,1.311749692236431,24.655341700334276,52.12658243254448,74.3995397024674,48120.168109543934,0,3,429.41605718744927,0,,0.03473475451609467,0.3758391525624627,0.023785926660059464,183.35356106100556,3.1719598158033073,0,,1.0,0.9272727272727272,0.9635854341736695,0.8935064935064935,0.9635854341736695,0.014005602240896359,0.022408963585434174
SH-MC-01-2024040416,2024-04-04 16:00:00,2024-04-04,LINE-A,MC-01,CNC,PRD-D,C,3,7,25500.0,2860.0,480.0,18.0,462.0,0.0,462.0,24.0,0.8807767007211944,1017,964,30,23,66,815.0,3.36654947472094,67.78824788357466,5.7155036465334375,46.6236673544356,70.47219586490526,38.57570891058649,1.4729564232115813,24.655341700334276,47.05298656062375,82.0995397024674,48127.86810954393,0,3,428.04623527193786,0,,0.03862175631548785,0.3912391525624627,0.036414565826330535,52.027617851957146,3.2072875649979884,0,,1.0,0.8805194805194805,0.9478859390363815,0.8346320346320346,0.9478859390363815,0.02261553588987217,0.029498525073746312
SH-MC-01-2024040500,2024-04-05 00:00:00,2024-04-05,LINE-A,MC-01,CNC,PRD-D,A,3,7,25500.0,2860.0,480.0,18.0,462.0,0.0,462.0,24.0,0.8542732254063994,986,939,20,27,55,835.0,3.760925548705736,68.18228659148963,5.681181375129546,46.87503280019658,72.5922634638238,44.2129869239129,1.4023008438043685,24.771913606325388,45.449132471710215,89.7995397024674,48135.56810954393,0,3,427.4823859402452,0,,0.04361989112912951,0.40963915256246275,0.05211406096361849,52.027617851957146,3.454672872825931,0,,1.0,0.8536796536796537,0.9523326572008114,0.812987012987013,0.9523326572008114,0.02738336713995943,0.02028397565922921
SH-MC-01-2024040508,2024-04-05 08:00:00,2024-04-05,LINE-A,MC-01,CNC,PRD-D,B,3,7,25500.0,2860.0,480.0,18.0,462.0,0.0,462.0,24.0,0.907302578497338,1047,997,27,23,62,791.0,3.1922778325941055,67.03390675988369,5.668243596754309,48.31697866264789,66.67552014454026,41.18068691175072,1.3119859955336646,24.771913606325388,43.46432622400014,97.4995397024674,48143.268109543926,0,3,428.54333561780015,0,,0.04845127812078614,0.4250391525624628,0.04766734279918864,52.027617851957146,3.439917618673594,0,,1.0,0.9064935064935065,0.9522445081184336,0.8632034632034632,0.9522445081184336,0.021967526265520534,0.025787965616045846
SH-MC-01-2024040516,2024-04-05 16:00:00,2024-04-05,LINE-A,MC-01,CNC,PRD-D,C,3,7,25500.0,2860.0,480.0,18.0,462.0,13.768838730221479,448.2311612697785,24.0,0.8156321247286801,913,857,32,24,76,856.0,3.8063761596303767,70.01169882760723,5.775173484176346,48.05665968850253,62.40224463777767,47.8930154002012,1.594509861266382,24.771913606325388,44.640215418690445,105.1995397024674,48150.96810954392,0,3,416.8639241158155,0,,0.05378769864681646,0.4404391525624628,0.04775549188156638,52.027617851957146,3.586526513643406,0,,0.9701973187657543,0.8147581684536113,0.9386637458926615,0.741991341991342,0.9386637458926615,0.02628696604600219,0.03504928806133625
SH-MC-01-2024040600,2024-04-06 00:00:00,2024-04-06,LINE-A,MC-01,CNC,PRD-A,A,3,7,25500.0,2860.0,480.0,35.0,445.0,0.0,445.0,20.0,0.9038010362482444,1206,1147,36,23,65,630.0,3.775292554963684,69.45851169375636,5.841603261679438,49.84788312644834,64.85885834144479,42.799169610678035,1.4453508169753329,24.887517300440358,45.15830591707083,112.67005905696371,48158.43862889842,1,3,416.02924118542705,0,,0.060438114549204995,0.4583801912714554,0.06133625410733844,65.79645658217862,3.5913155157293892,0,,1.0,0.903370786516854,0.951077943615257,0.8591760299625468,0.951077943615257,0.019071310116086235,0.029850746268656716
SH-MC-01-2024040608,2024-04-06 08:00:00,2024-04-06,LINE-A,MC-01,CNC,PRD-A,B,3,7,25500.0,2860.0,480.0,18.0,462.0,0.0,462.0,20.0,0.8952686249232724,1240,1177,35,28,74,714.0,3.9778709187027625,71.40452969461441,5.4886572660089294,49.749501288754416,66.07983789564962,47.06488764002595,1.5678535895603787,24.887517300440358,46.24660131303707,120.08672572363038,48165.85529556508,0,3,430.81736608514785,0,,0.06833600688192902,0.4777135246047887,0.04892205638474295,65.79645658217862,3.853179877765608,0,,1.0,0.8946608946608947,0.9491935483870968,0.8492063492063493,0.9491935483870968,0.02258064516129032,0.028225806451612902
SH-MC-01-2024040616,2024-04-06 16:00:00,2024-04-06,LINE-A,MC-01,CNC,PRD-A,C,3,7,25500.0,2860.0,480.0,18.0,462.0,0.0,462.0,20.0,0.8749379267120627,1212,1114,60,38,117,1044.0,3.8667269332253134,71.43898815802582,5.683662978919275,47.86094897196273,60.92268590070132,49.416233887828724,1.5637482555123812,24.887517300440358,50.37482697603267,127.78672572363038,48173.55529556508,0,3,432.70100382243504,0,,0.0756883244098838,0.49311352460478874,0.050806451612903224,65.79645658217862,3.873296802297254,0,,1.0,0.8744588744588745,0.9191419141914191,0.8037518037518038,0.9191419141914191,0.03135313531353135,0.04950495049504951
SH-MC-01-2024040700,2024-04-07 00:00:00,2024-04-07,LINE-A,MC-01,CNC,PRD-A,A,3,7,25500.0,2860.0,480.0,18.0,462.0,0.0,462.0,20.0,0.8819268907498291,1222,1154,35,33,80,804.0,3.8776506989812893,68.10173235947693,5.639620625624128,47.64490716587128,66.08099851013621,51.48661471213588,1.4941100242787655,25.002118573686218,47.773604693562106,135.48672572363037,48181.255295565075,0,3,439.44056264467827,0,,0.08505892501688382,0.5115135246047887,0.08085808580858085,65.79645658217862,3.9074161836364554,0,,1.0,0.8816738816738817,0.9443535188216039,0.8326118326118326,0.9443535188216039,0.027004909983633387,0.028641571194762683
SH-MC-01-2024040708,2024-04-07 08:00:00,2024-04-07,LINE-A,MC-01,CNC,PRD-A,B,3,7,25500.0,2860.0,480.0,18.0,462.0,0.0,462.0,20.0,0.8740847955239103,1211,1145,41,25,83,696.0,4.111117219938809,68.4633431628257,5.697263688848068,47.899081973768396,59.51605072240177,51.73282642599756,1.6276492913254645,25.002118573686218,49.18613130124795,143.18672572363036,48188.95529556507,0,3,435.9317220734061,0,,0.09402888405146857,0.5269135246047887,0.05564648117839607,65.79645658217862,3.951831617381804,0,,1.0,0.8737373737373737,0.9454995871180842,0.8261183261183261,0.9454995871180842,0.02064409578860446,0.033856317093311314
SH-MC-01-2024040716,2024-04-07 16:00:00,2024-04-07,LINE-A,MC-01,CNC,PRD-A,C,3,7,25500.0,2860.0,480.0,18.0,462.0,0.0,462.0,20.0,0.8443709378490691,1170,1090,46,34,98,888.0,3.989292423841544,71.90920758347127,5.416024786401728,50.64099817871016,54.10555693786465,53.43223485669991,1.651373948410218,25.002118573686218,42.93054778069061,150.88672572363035,48196.65529556507,0,3,436.4869584226397,0,,0.10383742262483776,0.5423135246047887,0.054500412881915775,65.79645658217862,3.9926867809205473,0,,1.0,0.8441558441558441,0.9316239316239316,0.7864357864357864,0.9316239316239316,0.02905982905982906,0.039316239316239315
SH-MC-01-2024040800,2024-04-08 00:00:00,2024-04-08,LINE-A,MC-01,CNC,PRD-B,A,3,7,25500.0,2860.0,480.0,35.0,445.0,0.0,445.0,32.0,0.890993666982742,743,697,25,21,57,813.0,4.422902087542698,71.49009885456535,5.516155584479901,49.42302627876827,60.81191709361335,53.215507131263294,1.5388141351367837,25.11568351370245,47.80117071743596,158.58672572363034,48204.35529556507,1,3,421.65173025997524,0,,0.11625470130714313,0.5607135246047886,0.06837606837606838,65.79645658217862,4.17443724377435,0,,1.0,0.8904868913857678,0.9380888290713324,0.8353558052434457,0.9380888290713324,0.02826379542395693,0.033647375504710635
SH-MC-01-2024040808,2024-04-08 08:00:00,2024-04-08,LINE-A,MC-01,CNC,PRD-B,B,3,7,25500.0,2860.0,480.0,18.0,462.0,0.0,462.0,32.0,0.8608169491632052,745,691,35,19,65,847.0,4.260297066580377,72.54813556497842,5.625109334195512,50.43560253120506,58.84256961922212,57.29307709302143,1.666865699634013,25.11568351370245,47.97042122455135,166.003392390297,48211.77196223173,0,3,438.2755342091559,0,,0.13043397796989234,0.5800468579381219,0.06191117092866756,47.128040823448444,4.22416385932154,0,,1.0,0.86002886002886,0.9275167785234899,0.7976911976911977,0.9275167785234899,0.025503355704697986,0.04697986577181208
SH-MC-01-2024040816,2024-04-08 16:00:00,2024-04-08,LINE-A,MC-01,CNC,PRD-B,C,3,7,25500.0,2860.0,480.0,18.0,462.0,15.394774567497263,446.6052254325027,32.0,0.8293618262769206,694,623,44,27,79,1152.0,4.857720481274818,73.70157232214093,5.563656505053529,48.10234656180175,59.86515793498357,60.98494391876457,1.701122139431374,25.11568351370245,48.28811939809882,173.70339239029698,48219.47196223173,0,3,424.4932252647983,0,,0.27150166282946725,0.5954468579381219,0.07248322147651007,47.128040823448444,4.513639878465965,0,,0.9666779771266293,0.8287707179755627,0.8976945244956772,0.719191919191919,0.8976945244956772,0.03890489913544669,0.06340057636887608
SH-MC-01-2024040900,2024-04-09 00:00:00,2024-04-09,LINE-A,MC-01,CNC,PRD-B,A,3,7,25500.0,2860.0,480.0,18.0,462.0,0.0,462.0,32.0,0.839661018439014,727,679,30,18,58,774.0,4.54355215722397,73.0719650830764,5.519131919009486,47.8967680819957,60.165796277072516,62.221403622130246,1.7031313021156766,25.228178514796227,44.32447463732608,181.14681281417202,48226.9153826556,0,3,435.68252217719225,0,,0.15925574248044858,0.613333698785872,0.10230547550432277,40.46872197586781,4.5538565683597225,0,,1.0,0.8392496392496392,0.9339752407152683,0.7838383838383839,0.9339752407152683,0.024759284731774415,0.04126547455295736
SH-MC-01-2024040908,2024-04-09 08:00:00,2024-04-09,LINE-A,MC-01,CNC,PRD-B,B,3,7,25500.0,2860.0,480.0,18.0,462.0,4.729051067444603,457.27094893255537,32.0,0.8503718480367564,729,698,19,12,38,507.0,4.353427414697429,74.12065842945107,5.570832925904615,48.60737038225152,52.132835146001824,64.16681910227061,1.486320752588449,25.228178514796227,46.83440886376191,188.846812814172,48234.6153826556,0,3,436.8069979229097,0,,0.1745573903273914,0.6287336987858719,0.06602475928473177,40.46872197586781,4.584900017732072,1,24.0,0.9897639587284748,0.8502617559842963,0.9574759945130316,0.8057720057720057,0.9574759945130316,0.01646090534979424,0.02606310013717421
SH-MC-01-2024040916,2024-04-09 16:00:00,2024-04-09,LINE-A,MC-01,CNC,PRD-B,C,3,7,25500.0,2860.0,480.0,18.0,462.0,0.0,462.0,32.0,0.8226219239498525,712,642,49,21,86,1029.0,4.402716582340741,75.99709379298984,5.455590967707685,47.70676509079942,50.757765907984606,65.18617074939472,1.9094596507405377,25.228178514796227,44.68193956658779,196.46799529638128,48242.236565137806,0,2,443.06799571895755,0,,0.19082116675633912,0.6439760637502905,0.04252400548696845,45.19777304331241,4.433232051420713,1,16.0,1.0,0.821933621933622,0.901685393258427,0.7411255411255412,0.901685393258427,0.02949438202247191,0.06882022471910113
SH-MC-01-2024041000,2024-04-10 00:00:00,2024-04-10,LINE-A,MC-01,CNC,PRD-C,A,3,7,25500.0,2860.0,480.0,35.0,445.0,0.0,445.0,26.0,0.8624017150448111,885,818,38,29,88,952.0,4.4518742401027716,73.55296538791819,5.348794198161839,49.241927133433364,49.39561387836265,65.02685959912237,1.5519802902244784,25.339570287886854,46.55046032016003,204.16799529638126,48249.9365651378,1,2,422.9575003596233,0,,0.29571785192972255,0.6623760637502905,0.09831460674157304,33.89266436516334,4.402672745713647,1,8.0,1.0,0.8617977528089887,0.9242937853107345,0.7965543071161049,0.9242937853107345,0.0327683615819209,0.04293785310734463
SH-MC-01-2024041008,2024-04-10 08:00:00,2024-04-10,LINE-A,MC-01,CNC,PRD-C,B,3,7,25500.0,2860.0,480.0,18.0,462.0,95.06279384844265,366.93720615155735,26.0,0.836664056095117,708,666,28,14,54,532.0,4.568857495647138,73.61084286021905,5.591457820330806,49.90812385326971,45.73078522047669,67.40279534346607,1.7431792175858483,25.339570287886854,48.17966766909579,211.58466196304792,48257.35323180447,0,2,353.2884505462756,1,Electrical,0.39257170563073646,0.6817093970836238,0.07570621468926554,33.89266436516334,4.474482772696883,1,24.0,0.7942363769514228,0.8361103612733164,0.940677966101695,0.6246753246753247,0.940677966101695,0.01977401129943503,0.03954802259887006
SH-MC-01-2024041016,2024-04-10 16:00:00,2024-04-10,LINE-A,MC-01,CNC,PRD-C,C,3,7,25500.0,2860.0,480.0,18.0,462.0,22.29019575589635,439.7098042441037,26.0,0.9209115862734135,934,903,20,11,36,403.0,3.2162072759910862,63.82392277905921,6.043875282790319,47.65107991417799,84.36812016036707,24.761898142771813,1.2755381289197034,25.339570287886854,46.82324254351321,0.0,48263.46885190699,0,3,398.49499888658244,0,,0.012884817822666627,0.23593981667814976,0.059322033898305086,128.955458213606,4.078979670580332,1,16.0,0.9517528230391854,0.9204555582496103,0.9668094218415417,0.8469696969696968,0.9668094218415417,0.011777301927194861,0.021413276231263382
SH-MC-01-2024041100,2024-04-11 00:00:00,2024-04-11,LINE-A,MC-01,CNC,PRD-C,A,3,7,25500.0,2860.0,480.0,18.0,462.0,0.0,462.0,26.0,0.9446375728079088,1007,978,19,10,31,372.5,2.978536500558408,62.065510767500115,5.8523908982419135,46.96921797945958,77.84262721997315,24.975059825441978,1.1224940528955654,25.44982587035654,40.73630630838957,7.328496737401728,48270.79734864439,0,3,421.32882888777715,0,,0.014526616606356617,0.2535968101529532,0.033190578158458245,151.24565396950234,3.5878670907322108,1,8.0,1.0,0.9445165945165945,0.971201588877855,0.9173160173160173,0.971201588877855,0.009930486593843098,0.018867924528301886
SH-MC-01-2024041108,2024-04-11 08:00:00,2024-04-11,LINE-A,MC-01,CNC,PRD-C,B,3,7,25500.0,2860.0,480.0,18.0,462.0,39.33734014257657,422.6626598574234,26.0,0.9212746426836816,898,874,13,11,30,350.5,2.7244431832756426,63.33475809209724,5.927283044196321,45.19635010645076,81.05157380826593,27.39093453235334,1.3277476535287764,25.44982587035654,47.9487936856861,15.028496737401728,48278.497348644385,0,3,386.353438715105,1,Sensor,0.016190151284216442,0.26899681015295324,0.028798411122144985,151.24565396950234,2.9730623199417128,0,,0.9148542421156352,0.9206711883765636,0.9732739420935412,0.8197691197691198,0.9732739420935412,0.012249443207126948,0.014476614699331848
SH-MC-01-2024041116,2024-04-11 16:00:00,2024-04-11,LINE-A,MC-01,CNC,PRD-C,C,3,7,25500.0,2860.0,480.0,18.0,462.0,0.0,462.0,26.0,0.9440939981666697,1006,980,11,15,32,427.5,1.8779992157982397,62.26755788614079,5.9699413674069515,47.17217933834625,84.99343478986108,7.163517393886636,0.9693557148764271,25.44982587035654,48.785023185257494,0.0,48285.54172630868,0,4,413.63798903234397,0,,0.005934589894050753,0.09624909226372157,0.026726057906458798,190.58299411207892,2.5269929665440967,0,,1.0,0.9435786435786436,0.974155069582505,0.9191919191919192,0.974155069582505,0.014910536779324055,0.010934393638170975
SH-MC-01-2024041200,2024-04-12 00:00:00,2024-04-12,LINE-A,MC-01,CNC,PRD-D,A,3,7,25500.0,2860.0,480.0,35.0,445.0,0.0,445.0,24.0,0.9788299565818847,1088,1051,24,13,45,517.0,2.2763354641210087,59.07648954421118,6.25997483365383,45.78932128915037,86.70992507706667,13.012616124765096,1.0361610196645032,25.55891263580461,42.710679240692166,7.7,48293.241726308675,1,4,402.0140270975339,0,,0.006732221715248108,0.11464909226372157,0.02584493041749503,190.58299411207892,2.2929259543982976,0,,1.0,0.9779775280898877,0.9659926470588235,0.9447191011235955,0.9659926470588235,0.011948529411764705,0.022058823529411766
SH-MC-01-2024041208,2024-04-12 08:00:00,2024-04-12,LINE-A,MC-01,CNC,PRD-D,B,3,7,25500.0,2860.0,480.0,18.0,462.0,0.0,462.0,24.0,0.9469335752041097,1093,1068,15,10,32,370.0,2.1583302865509584,60.861228322397565,5.990017300253733,44.927886699645846,83.62535794916586,14.83017035896361,0.9954293595899402,25.55891263580461,47.975904650314206,15.116666666666667,48300.65839297534,0,4,414.09141221914825,0,,0.007669256788789442,0.1339824255970549,0.03400735294117647,190.58299411207892,2.1042216554900697,0,,1.0,0.9463203463203463,0.9771271729185728,0.9246753246753248,0.9771271729185728,0.009149130832570906,0.013723696248856358
SH-MC-01-2024041216,2024-04-12 16:00:00,2024-04-12,LINE-A,MC-01,CNC,PRD-D,C,3,7,25500.0,2860.0,480.0,18.0,462.0,0.0,462.0,24.0,0.9431152915336244,1089,1056,18,15,41,519.0,2.282763873671827,62.16562361844436,6.02211988205968,46.37167934995444,86.35774262325414,12.46188690568678,1.333144085702383,25.55891263580461,43.39238560495592,22.816666666666666,48308.35839297534,0,4,415.25541481773615,0,,0.008554328415731425,0.1493824255970549,0.022872827081427266,190.58299411207892,2.2391432081145983,0,,1.0,0.9428571428571428,0.9696969696969697,0.9142857142857143,0.9696969696969697,0.013774104683195593,0.01652892561983471
SH-MC-01-2024041300,2024-04-13 00:00:00,2024-04-13,LINE-A,MC-01,CNC,PRD-D,A,3,7,25500.0,2860.0,480.0,18.0,462.0,0.0,462.0,24.0,0.9444388622935888,1090,1069,11,10,24,338.0,2.2871731595398557,60.30574443847332,5.918431449323523,45.42812786906177,83.97392142499773,15.285267552933675,1.0825843568008762,25.666798303702116,46.63318797598028,30.516666666666666,48316.058392975334,0,4,413.989079639862,0,,0.009700627209424018,0.1677824255970549,0.030303030303030304,176.81415538185743,2.242755773254214,0,,1.0,0.9437229437229437,0.9807339449541285,0.9255411255411256,0.9807339449541285,0.009174311926605505,0.010091743119266056
SH-MC-01-2024041308,2024-04-13 08:00:00,2024-04-13,LINE-A,MC-01,CNC,PRD-D,B,3,7,25500.0,2860.0,480.0,18.0,462.0,0.0,462.0,24.0,0.9461831771223853,1092,1073,10,9,26,305.0,2.095433494883718,61.8882787173788,5.876451424730064,46.24777990362689,79.076663362124,17.476719164077835,1.0000632585396985,25.666798303702116,46.2331360303826,38.21666666666667,48323.75839297533,0,4,419.98078805311997,0,,0.010817573847703597,0.1831824255970549,0.01926605504587156,176.81415538185743,2.2217901760318006,0,,1.0,0.9454545454545454,0.9826007326007326,0.9290043290043289,0.9826007326007326,0.008241758241758242,0.009157509157509158
SH-MC-01-2024041316,2024-04-13 16:00:00,2024-04-13,LINE-A,MC-01,CNC,PRD-D,C,3,7,25500.0,2860.0,480.0,18.0,462.0,0.0,462.0,24.0,0.9271941558475988,1070,1044,15,11,35,395.0,2.1783622371122746,62.94597582078542,5.932028063728779,44.845294381872606,83.66632598277333,19.41577788381409,1.2964250101965158,25.666798303702116,42.69567078230166,45.91666666666667,48331.45839297533,0,4,418.34420621072655,0,,0.012061561214928506,0.19858242559705488,0.0173992673992674,176.81415538185743,2.1869896305119494,0,,1.0,0.9264069264069265,0.9757009345794393,0.903896103896104,0.9757009345794393,0.010280373831775701,0.014018691588785047
SH-MC-01-2024041400,2024-04-14 00:00:00,2024-04-14,LINE-A,MC-01,CNC,PRD-A,A,3,7,25500.0,2860.0,480.0,35.0,445.0,0.0,445.0,20.0,0.9336598327030369,1246,1210,22,14,39,384.0,2.6075410315365612,61.03287073824166,5.816592085765035,46.6410528124302,80.31436952510913,20.451616698523175,0.9663357363056148,25.773450948944216,48.06291486974719,53.616666666666674,48339.158392975325,1,4,404.3599615163659,0,,0.013671356246597433,0.21698242559705488,0.024299065420560748,176.81415538185743,2.293778921177518,0,,1.0,0.9333333333333333,0.971107544141252,0.9063670411985019,0.971107544141252,0.011235955056179775,0.01765650080256822
SH-MC-01-2024041408,2024-04-14 08:00:00,2024-04-14,LINE-A,MC-01,CNC,PRD-A,B,3,7,25500.0,2860.0,480.0,18.0,462.0,0.0,462.0,20.0,0.935712497019521,1296,1267,18,11,36,306.0,2.5431642119261038,63.22648998770434,5.9486627996042,45.94965264869835,77.66428204328194,21.78817761766976,1.1076684933564565,25.773450948944216,47.02553242518143,61.03333333333334,48346.57505964199,0,4,420.9902803579154,0,,0.015559096518259504,0.23631575893038823,0.028892455858747994,176.81415538185743,2.44302249352498,0,,1.0,0.935064935064935,0.9776234567901234,0.914141414141414,0.9776234567901234,0.008487654320987654,0.013888888888888888
SH-MC-01-2024041416,2024-04-14 16:00:00,2024-04-14,LINE-A,MC-01,CNC,PRD-A,C,3,7,25500.0,2860.0,480.0,18.0,462.0,6.10125308216167,455.8987469178383,20.0,0.9215880741520812,1260,1222,20,18,46,444.0,2.8707815376971784,65.52595040888163,5.947580414969182,45.51575713697705,78.32611991862944,23.65737156064978,1.3571160663575252,25.773450948944216,46.27543104184227,68.73333333333333,48354.27505964199,0,4,414.16144813598265,0,,0.01733878671142986,0.2517157589303882,0.022376543209876542,176.81415538185743,2.673828927053281,0,,0.9867938244974855,0.9212571932681624,0.9698412698412698,0.8816738816738817,0.9698412698412698,0.014285714285714285,0.015873015873015872
SH-MC-01-2024041500,2024-04-15 00:00:00,2024-04-15,LINE-A,MC-01,CNC,PRD-A,A,3,7,25500.0,2860.0,480.0,18.0,462.0,10.337783085930539,451.66221691406946,20.0,0.9585023775951567,1298,1249,28,21,58,546.0,2.775401930002561,63.051276208593485,5.831457013203679,46.548090732616494,77.36340811936167,28.668370586753102,1.3199290562366504,25.87883901129731,40.37658368268744,76.33164578196397,48361.87337209062,0,4,410.8047324502491,0,,0.019610927896117635,0.2699123838276495,0.03015873015873016,182.9154084640191,2.729782559875281,0,,0.9776238461343495,0.9579430168474402,0.9622496147919877,0.901154401154401,0.9622496147919877,0.016178736517719568,0.02157164869029276
SH-MC-01-2024041508,2024-04-15 08:00:00,2024-04-15,LINE-A,MC-01,CNC,PRD-A,B,3,7,25500.0,2860.0,480.0,18.0,462.0,0.0,462.0,20.0,0.9572496711583974,1326,1292,19,15,44,384.0,2.9799399655098204,64.6306208079165,5.737938658287307,48.27542467656597,72.40655933913608,27.151470888528717,1.003522730451218,25.87883901129731,44.559006129451234,83.85934939719846,48369.40107570585,0,4,425.39579918573077,0,,0.02179121148233212,0.2849677910581185,0.03775038520801233,193.25319154994963,2.87537447773652,0,,1.0,0.9567099567099567,0.9743589743589743,0.9321789321789322,0.9743589743589743,0.011312217194570135,0.014328808446455505
SH-MC-01-2024041516,2024-04-15 16:00:00,2024-04-15,LINE-A,MC-01,CNC,PRD-A,C,3,7,25500.0,2860.0,480.0,18.0,462.0,0.0,462.0,20.0,0.9218367715667094,1277,1226,30,21,61,558.0,3.167424648212204,66.34422670615734,5.955013373542153,49.01176784928222,78.93017935287212,29.346249749739147,1.4782035737342292,25.87883901129731,40.67834447712883,91.55934939719846,48377.10107570585,0,4,430.5302812035889,0,,0.024266175867721573,0.3003677910581185,0.02564102564102564,193.25319154994963,2.974255514574862,0,,1.0,0.9213564213564214,0.9600626468285043,0.8845598845598845,0.9600626468285043,0.01644479248238058,0.023492560689115115
SH-MC-01-2024041600,2024-04-16 00:00:00,2024-04-16,LINE-A,MC-01,CNC,PRD-B,A,3,7,25500.0,2860.0,480.0,35.0,445.0,12.370605830518342,432.62939416948166,32.0,0.929355148235489,753,731,11,11,23,407.0,2.9934680634099142,66.49032519440777,5.885871249014096,47.79462331418765,79.03890594018935,30.633950529656413,1.2240347584787146,25.982931304738216,38.38119208690204,99.25934939719846,48384.801075705844,1,4,401.927013369902,0,,0.027459583883503426,0.3187677910581185,0.039937353171495694,177.85841698245238,3.0469442257106465,0,,0.9722008857741161,0.9282771938576926,0.9707835325365206,0.8761048689138577,0.9707835325365206,0.014608233731739707,0.014608233731739707
SH-MC-01-2024041608,2024-04-16 08:00:00,2024-04-16,LINE-A,MC-01,CNC,PRD-B,B,3,7,25500.0,2860.0,480.0,18.0,462.0,0.0,462.0,32.0,0.932562656778806,807,781,13,13,33,481.0,3.3921762331859098,63.76899549433161,5.647469344324028,46.29387342410794,66.70350110709458,33.44091858669527,1.1803381508225341,25.982931304738216,42.5286406788679,106.46983930002315,48392.01156560867,0,4,429.5804467175369,0,,0.031102025194408706,0.33768877086376786,0.029216467463479414,190.22902281297073,3.1843563149360095,0,,1.0,0.9316017316017317,0.9677819083023544,0.9015873015873017,0.9677819083023544,0.0161090458488228,0.0161090458488228
SH-MC-01-2024041616,2024-04-16 16:00:00,2024-04-16,LINE-A,MC-01,CNC,PRD-B,C,3,7,25500.0,2860.0,480.0,18.0,462.0,0.0,462.0,32.0,0.8769715518727526,759,712,26,21,57,822.0,3.3492595291717024,68.17534814066994,5.542290423978287,48.427394358944234,67.94036906210583,36.23427869510116,1.4577059703735353,25.982931304738216,40.43754655425724,114.16983930002316,48399.71156560867,0,4,430.52096888123134,0,,0.034597076028832045,0.3530887708637679,0.0322180916976456,185.49997174552612,3.2449679419225093,0,,1.0,0.8761904761904762,0.9380764163372859,0.821933621933622,0.9380764163372859,0.02766798418972332,0.034255599472990776
SH-MC-01-2024041700,2024-04-17 00:00:00,2024-04-17,LINE-A,MC-01,CNC,PRD-B,A,3,7,25500.0,2860.0,480.0,18.0,462.0,0.0,462.0,32.0,0.9004713514649824,780,759,10,11,28,398.0,3.110963102677852,67.20489283768069,5.600153481224319,48.949947023379146,74.36659279943306,34.3629710790938,1.2126621661270025,26.085697026682624,48.300161792332624,121.86983930002316,48407.411565608665,0,4,435.45429990325334,0,,0.039095547942901675,0.37148877086376786,0.061923583662714096,185.49997174552612,3.2841329550118217,0,,1.0,0.9004329004329005,0.9730769230769231,0.8761904761904762,0.9730769230769231,0.014102564102564103,0.01282051282051282
SH-MC-01-2024041708,2024-04-17 08:00:00,2024-04-17,LINE-A,MC-01,CNC,PRD-B,B,3,7,25500.0,2860.0,480.0,18.0,462.0,0.0,462.0,32.0,0.9132802200341501,791,753,25,13,45,589.0,3.7002664394209033,65.84880249562825,5.6573217114442516,47.17872850269605,67.9362826539437,42.689115349092845,1.2115727549703845,26.085697026682624,45.06176894066286,129.56983930002315,48415.11156560866,0,4,431.2476213676474,0,,0.043448579778169426,0.3868887708637679,0.026923076923076925,185.49997174552612,3.386829690423486,0,,1.0,0.9131313131313131,0.9519595448798989,0.8692640692640693,0.9519595448798989,0.01643489254108723,0.0316055625790139
SH-MC-01-2024041716,2024-04-17 16:00:00,2024-04-17,LINE-A,MC-01,CNC,PRD-B,C,3,7,25500.0,2860.0,480.0,18.0,462.0,0.0,462.0,32.0,0.8725423052725364,755,712,21,22,51,805.0,3.3258298188663193,70.02184573674563,5.591616367620651,46.66656839541498,59.49046671375598,43.902494297558185,1.479498330215562,26.085697026682624,44.03263349553533,137.26983930002314,48422.81156560866,0,4,433.38114307748225,0,,0.04826194965636346,0.4022887708637679,0.04804045512010114,90.43717789708347,3.3790197869883585,1,24.0,1.0,0.8715728715728716,0.9430463576158941,0.821933621933622,0.9430463576158941,0.02913907284768212,0.02781456953642384
SH-MC-01-2024041800,2024-04-18 00:00:00,2024-04-18,LINE-A,MC-01,CNC,PRD-C,A,3,7,25500.0,2860.0,480.0,35.0,445.0,3.7528202226041736,441.24717977739584,26.0,0.9179103704508896,934,904,17,13,36,426.5,3.188430340386642,65.90740946031688,5.50986007106005,48.65022137355627,64.15976769018536,44.814630502205794,1.465113989409919,26.187105767100064,48.258023014422115,144.96983930002312,48430.51156560866,1,4,416.74503791422455,0,,0.05443700340921724,0.4206887708637679,0.05695364238410596,68.14698214118712,3.404842199557955,1,16.0,0.9915666961289794,0.9172485443136807,0.9678800856531049,0.8802996254681648,0.9678800856531049,0.013918629550321198,0.018201284796573874
SH-MC-01-2024041808,2024-04-18 08:00:00,2024-04-18,LINE-A,MC-01,CNC,PRD-C,B,3,7,25500.0,2860.0,480.0,18.0,462.0,17.565459325323136,444.43454067467684,26.0,0.8837821111639232,906,869,22,15,49,510.0,3.109742393708456,68.00063633055278,5.654888655207247,47.91218218661968,69.89699960450177,41.65369580356213,1.501483103102585,26.187105767100064,48.19657299664716,152.32395896297973,48437.865685271616,0,4,418.41175825782557,0,,0.06155041908016322,0.4398970101896811,0.032119914346895075,71.8998023637913,3.208000850987139,1,8.0,0.9619795252698633,0.8833696845524449,0.9591611479028698,0.8150793650793652,0.9591611479028698,0.016556291390728478,0.024282560706401765
SH-MC-01-2024041816,2024-04-18 16:00:00,2024-04-18,LINE-A,MC-01,CNC,PRD-C,C,3,7,25500.0,2860.0,480.0,18.0,462.0,107.77376599837473,354.22623400162524,26.0,0.8793065171387507,718,679,23,16,46,540.5,3.5200403317849345,70.98910078020639,5.497621735174498,49.47884915953196,65.10735316152048,43.02865464651118,1.5951453690913315,26.187105767100064,43.72997206400523,159.73120130755768,48445.27292761619,0,4,336.1526526048294,1,Electrical,0.06796047701266983,0.454711494878837,0.04083885209713024,50.12792154653786,3.272737688626678,0,,0.766723450219968,0.8783463884606181,0.9456824512534819,0.6368686868686868,0.9456824512534819,0.022284122562674095,0.03203342618384401
SH-MC-01-2024041900,2024-04-19 00:00:00,2024-04-19,LINE-A,MC-01,CNC,PRD-C,A,3,7,25500.0,2860.0,480.0,18.0,462.0,0.0,462.0,26.0,0.9606922436802482,1024,1001,17,6,32,265.5,2.042882560160274,60.94882061235938,5.825303186246578,45.844828731414026,88.06299305760457,16.98122878743595,1.050358191760736,26.287127517512737,47.60057673663396,0.0,48451.176698182884,0,5,415.9429352199923,0,,0.008442187847024213,0.15963647224415634,0.054317548746518104,157.9016875449126,2.8908884285512215,0,,1.0,0.9604617604617605,0.9775390625,0.9388888888888889,0.9775390625,0.005859375,0.0166015625
SH-MC-01-2024041908,2024-04-19 08:00:00,2024-04-19,LINE-A,MC-01,CNC,PRD-C,B,3,7,25500.0,2860.0,480.0,18.0,462.0,0.0,462.0,26.0,0.915912241415181,976,953,12,11,28,343.0,2.2450887040455063,60.141853052705635,5.952880432404332,45.99825863477531,84.20655097457617,17.687455484808325,1.030790487507118,26.287127517512737,44.973464947277066,7.7,48458.87669818288,0,5,421.3537433458227,0,,0.0094156133225626,0.17503647224415633,0.0224609375,157.9016875449126,2.602670531996905,0,,1.0,0.9154401154401154,0.9764344262295082,0.8938672438672438,0.9764344262295082,0.011270491803278689,0.012295081967213115
SH-MC-01-2024041916,2024-04-19 16:00:00,2024-04-19,LINE-A,MC-01,CNC,PRD-C,C,3,7,25500.0,2860.0,480.0,18.0,462.0,0.0,462.0,26.0,0.9120273329443003,972,941,16,15,38,465.0,2.345545364461738,60.209436803297436,5.918968698295032,45.795845457827085,84.23672425485348,15.252171792823226,1.190554262222347,26.287127517512737,43.829717267213375,15.4,48466.57669818288,0,5,424.9120332536629,0,,0.010500090936119772,0.19043647224415633,0.0235655737704918,157.9016875449126,2.2111722095558397,0,,1.0,0.9116883116883117,0.9681069958847737,0.8826118326118326,0.9681069958847737,0.015432098765432098,0.01646090534979424
SH-MC-01-2024042000,2024-04-20 00:00:00,2024-04-20,LINE-A,MC-01,CNC,PRD-D,A,3,7,25500.0,2860.0,480.0,35.0,445.0,11.699891337828179,433.3001086621718,24.0,0.9396807098712189,1017,997,8,12,27,364.0,2.2441010947484425,60.620227534584785,5.995103430516685,45.681618808091436,83.79136728167873,24.302510555548487,0.9737295597042225,26.385732679875503,46.486012759347986,23.1,48474.276698182875,1,4,397.9399250297527,0,,0.011903995594974365,0.20883647224415633,0.03189300411522634,157.9016875449126,2.2782450544185626,0,,0.9737081093531951,0.9388412139013956,0.9803343166175025,0.8961797752808989,0.9803343166175025,0.011799410029498525,0.007866273352999017
SH-MC-01-2024042008,2024-04-20 08:00:00,2024-04-20,LINE-A,MC-01,CNC,PRD-D,B,3,7,25500.0,2860.0,480.0,18.0,462.0,0.0,462.0,24.0,0.9120684965507986,1053,1037,12,4,26,196.0,2.332210550133224,61.34598735070107,5.9807092922927705,48.67562378781757,77.70219279547872,21.078968878363156,1.2933242237536202,26.385732679875503,40.17064025469374,30.321668477702865,48481.49836666058,0,4,425.40259836859843,0,,0.013513827392404183,0.22777980919956206,0.01966568338249754,169.60157888274077,2.3072856697811353,0,,1.0,0.9116883116883117,0.9848053181386515,0.8978354978354978,0.9848053181386515,0.003798670465337132,0.011396011396011397
SH-MC-01-2024042016,2024-04-20 16:00:00,2024-04-20,LINE-A,MC-01,CNC,PRD-D,C,3,7,25500.0,2860.0,480.0,18.0,462.0,0.0,462.0,24.0,0.9270107751104557,1070,1024,24,22,52,742.0,2.723891089924818,65.30839481649116,5.852737364595903,45.71865469286095,80.66499526733504,24.415689705770856,1.3189636658169581,26.385732679875503,48.49024046900856,38.02166847770287,48489.198366660574,0,4,429.38107003502967,0,,0.015063153967116081,0.24317980919956206,0.015194681861348529,169.60157888274077,2.433400911602162,0,,1.0,0.9264069264069265,0.9570093457943926,0.8865800865800867,0.9570093457943926,0.020560747663551402,0.022429906542056073
SH-MC-01-2024042100,2024-04-21 00:00:00,2024-04-21,LINE-A,MC-01,CNC,PRD-D,A,3,7,25500.0,2860.0,480.0,18.0,462.0,0.0,462.0,24.0,0.9339457928806724,1078,1050,22,6,32,326.0,2.949641522886081,63.042857635494045,5.840933355797036,46.7235663560289,83.56490153933647,24.579372839394516,1.1265509463852414,26.48289207533441,44.83408706261012,45.72166847770287,48496.89836666057,0,4,426.65181927698615,0,,0.017066635777630245,0.26157980919956203,0.04299065420560748,169.60157888274077,2.6685810543147084,0,,1.0,0.9333333333333333,0.974025974025974,0.9090909090909091,0.974025974025974,0.0055658627087198514,0.02040816326530612
SH-MC-01-2024042108,2024-04-21 08:00:00,2024-04-21,LINE-A,MC-01,CNC,PRD-D,B,3,7,25500.0,2860.0,480.0,18.0,462.0,0.0,462.0,24.0,0.9289393478734832,1072,1044,18,10,36,394.0,2.7181060259707315,62.54746418004089,5.863985645435089,47.49457773860525,77.28216413823056,27.11499965602091,1.2213918737607576,26.48289207533441,46.04826389033204,53.42166847770287,48504.59836666057,0,4,432.0996071975434,0,,0.019015431483753495,0.27697980919956205,0.025974025974025976,169.60157888274077,2.797212879593877,0,,1.0,0.9281385281385282,0.9738805970149254,0.9038961038961039,0.9738805970149254,0.009328358208955223,0.016791044776119403
SH-MC-01-2024042116,2024-04-21 16:00:00,2024-04-21,LINE-A,MC-01,CNC,PRD-D,C,3,7,25500.0,2860.0,480.0,18.0,462.0,7.739993583863266,454.2600064161367,24.0,0.9302840014714105,1056,1019,21,16,46,568.0,2.9319656554576166,64.38692417713891,5.788283092220265,50.14740940607229,76.62732707405961,29.323695904054503,1.3043986407874237,26.48289207533441,43.91837854620247,61.121668477702876,48512.298366660565,0,4,424.1500852130876,0,,0.021181959790691696,0.2923798091995621,0.026119402985074626,169.60157888274077,2.8665710681048098,0,,0.9832467671344951,0.9298639414297227,0.9649621212121212,0.8822510822510823,0.9649621212121212,0.015151515151515152,0.019886363636363636
SH-MC-01-2024042200,2024-04-22 00:00:00,2024-04-22,LINE-A,MC-01,CNC,PRD-A,A,3,7,25500.0,2860.0,480.0,35.0,445.0,0.0,445.0,20.0,0.9181622289441002,1225,1195,18,12,42,324.0,3.078726945291098,63.628916541979784,5.886557918902315,47.32411073074156,73.73859765348395,31.26845383184734,1.2872728434085612,26.578576952861205,45.61274221295019,68.69266858463848,48519.8693667675,1,4,415.1341992984975,0,,0.023936326187258647,0.3105218094134333,0.035037878787878785,171.2403193844424,2.9095995422398158,0,,1.0,0.9176029962546817,0.9755102040816327,0.8951310861423222,0.9755102040816327,0.009795918367346938,0.014693877551020407
SH-MC-01-2024042208,2024-04-22 08:00:00,2024-04-22,LINE-A,MC-01,CNC,PRD-A,B,3,7,25500.0,2860.0,480.0,18.0,462.0,0.0,462.0,20.0,0.9313604070882436,1290,1255,18,17,45,414.0,3.298158414000383,65.6796666576782,5.814215360501019,46.93362750501258,74.58820978526846,31.07221973161831,1.1520506013340877,26.578576952861205,42.230905301208,76.10933525130515,48527.28603343417,0,4,433.92551021241445,0,,0.02720236237206407,0.32985514274676664,0.024489795918367346,160.90253629851185,3.1029503382496997,0,,1.0,0.9307359307359307,0.9728682170542635,0.9054834054834054,0.9728682170542635,0.01317829457364341,0.013953488372093023
SH-MC-01-2024042216,2024-04-22 16:00:00,2024-04-22,LINE-A,MC-01,CNC,PRD-A,C,3,7,25500.0,2860.0,480.0,18.0,462.0,0.0,462.0,20.0,0.8854077137681046,1227,1176,34,17,61,510.0,2.975854553432149,65.80413400065889,5.738829038679357,48.34479519505365,73.4418330108529,36.88923072643502,1.3707268116638953,26.578576952861205,43.57701237588948,83.80933525130516,48534.986033434165,0,4,434.0545129971901,0,,0.030272885541865847,0.34525514274676666,0.027131782945736434,160.90253629851185,3.1175799709078773,0,,1.0,0.8852813852813853,0.9584352078239609,0.8484848484848485,0.9584352078239609,0.013854930725346373,0.027709861450692746
SH-MC-01-2024042300,2024-04-23 00:00:00,2024-04-23,LINE-A,MC-01,CNC,PRD-A,A,3,7,25500.0,2860.0,480.0,18.0,462.0,0.0,462.0,20.0,0.8867282813916583,1229,1186,24,19,50,486.0,3.283942267786187,67.91139410218888,5.731337011767831,49.27983351237673,74.24554522240969,38.61390490663007,1.0885743242505468,26.6727589977612,49.849992780082474,91.50933525130516,48542.68603343416,0,4,432.5107395324963,0,,0.034229041214411594,0.3636551427467667,0.04156479217603912,160.90253629851185,3.18598507840624,0,,1.0,0.8867243867243867,0.9650122050447518,0.8556998556998556,0.9650122050447518,0.015459723352318959,0.01952807160292921
SH-MC-01-2024042308,2024-04-23 08:00:00,2024-04-23,LINE-A,MC-01,CNC,PRD-A,B,3,7,25500.0,2860.0,480.0,18.0,462.0,0.0,462.0,20.0,0.9185311896600193,1273,1231,22,20,52,492.0,3.5704322516892955,65.72436062992531,5.953229998363063,49.37225581215266,68.65515465305793,39.671370811757406,1.276582603956822,26.6727589977612,41.24934645624734,99.20933525130516,48550.38603343416,0,4,437.0930162672709,0,,0.03806168253079564,0.3790551427467667,0.03498779495524817,148.5319304679935,3.276743024302544,0,,1.0,0.9184704184704184,0.96700706991359,0.8881673881673882,0.96700706991359,0.015710919088766692,0.01728201099764336
SH-MC-01-2024042316,2024-04-23 16:00:00,2024-04-23,LINE-A,MC-01,CNC,PRD-A,C,3,7,25500.0,2860.0,480.0,18.0,462.0,0.0,462.0,20.0,0.8920620281050283,1236,1158,39,39,88,936.0,3.188317638772541,68.58935126224297,5.605568813719157,47.306194773656756,65.901254602308,38.94564646038259,1.5623388671611413,26.6727589977612,43.67648248411099,106.90933525130517,48558.086033434156,0,4,437.34716275966895,0,,0.04230466826032405,0.39445514274676674,0.032992930086410056,148.5319304679935,3.3475640527493415,0,,1.0,0.8917748917748918,0.9368932038834952,0.8354978354978355,0.9368932038834952,0.03155339805825243,0.03155339805825243
SH-MC-01-2024042400,2024-04-24 00:00:00,2024-04-24,LINE-A,MC-01,CNC,PRD-B,A,3,7,25500.0,2860.0,480.0,35.0,445.0,0.0,445.0,32.0,0.8970714482975735,748,723,15,10,35,415.0,3.000684959146764,66.0807565711484,5.736130262205101,47.204401481848514,72.12320479724895,42.14648597220276,1.3708601836939234,26.765410340052068,41.61227005607726,114.60933525130517,48565.78603343415,1,4,420.36800896719575,0,,0.0477557421394416,0.4128551427467667,0.06310679611650485,148.5319304679935,3.2531449498695335,0,,1.0,0.8964794007490636,0.9665775401069518,0.8665168539325842,0.9665775401069518,0.013368983957219251,0.020053475935828877
SH-MC-01-2024042408,2024-04-24 08:00:00,2024-04-24,LINE-A,MC-01,CNC,PRD-B,B,3,7,25500.0,2860.0,480.0,18.0,462.0,4.48840113873679,457.5115988612632,32.0,0.8747308654183974,750,720,16,14,34,536.0,3.662768547560566,69.29640686126953,5.789267481045093,48.60921529877688,67.26480962011134,42.041927289588145,1.4207902054393136,26.765410340052068,39.51876427027541,122.02600191797184,48573.20270010082,0,4,435.79131163800514,0,,0.05409174847437103,0.4321884760801,0.03342245989304813,148.5319304679935,3.283923715159957,1,24.0,0.9902848460200503,0.8742947741556534,0.96,0.8311688311688311,0.96,0.018666666666666668,0.021333333333333333
SH-MC-01-2024042416,2024-04-24 16:00:00,2024-04-24,LINE-A,MC-01,CNC,PRD-B,C,3,7,25500.0,2860.0,480.0,18.0,462.0,0.0,462.0,32.0,0.8482512919936879,734,689,26,19,52,766.0,3.512199479662323,68.27234327802783,5.649452571322928,49.74915282849552,67.28807660588085,43.20529842980464,1.4369005162036563,26.765410340052068,42.48531732158784,129.65119523232622,48580.827893415175,0,4,437.05133252295826,0,,0.05994991660753813,0.4474388627088088,0.04,153.02033160673028,3.3918843287898848,1,16.0,1.0,0.8473304473304474,0.9386920980926431,0.7953823953823954,0.9386920980926431,0.025885558583106268,0.035422343324250684
SH-MC-01-2024042500,2024-04-25 00:00:00,2024-04-25,LINE-A,MC-01,CNC,PRD-B,A,3,7,25500.0,2860.0,480.0,18.0,462.0,0.0,462.0,32.0,0.8719237478816353,755,719,24,12,46,552.0,3.183964274519527,70.98960338153773,5.806631710112423,48.29714449037125,68.25814738634739,47.834785253952575,1.2803644714081777,26.85650356271101,44.24106853798547,137.3511952323262,48588.52789341517,0,4,437.05545408513944,0,,0.06751434566689637,0.4658388627088088,0.06130790190735695,153.02033160673028,3.452977433914139,1,8.0,1.0,0.8715728715728716,0.952317880794702,0.83001443001443,0.952317880794702,0.015894039735099338,0.031788079470198675
SH-MC-01-2024042508,2024-04-25 08:00:00,2024-04-25,LINE-A,MC-01,CNC,PRD-B,B,3,7,25500.0,2860.0,480.0,18.0,462.0,169.60635146643543,292.3936485335646,32.0,0.8826765664601384,483,469,9,5,21,221.0,3.7081888970490855,70.42799636226214,5.811682625772914,46.752020130182515,62.430359523004725,49.07495371965328,1.4625156802125021,26.85650356271101,43.387150612985465,145.0511952323262,48596.22789341517,0,4,277.21038337142176,1,Bearing,0.074785356286305,0.48123886270880883,0.04768211920529802,149.2675113841261,3.4681175504103123,0,,0.6328866851375857,0.8810040891515105,0.9710144927536232,0.5414141414141413,0.9710144927536232,0.010351966873706004,0.018633540372670808
SH-MC-01-2024042516,2024-04-25 16:00:00,2024-04-25,LINE-A,MC-01,CNC,PRD-B,C,3,7,25500.0,2860.0,480.0,18.0,462.0,15.229850713524515,446.7701492864755,32.0,0.9409403756226882,788,763,12,13,31,472.0,2.274218844724138,64.23794947166795,5.84412310091006,46.571069354231895,79.82443247239861,14.307301869981906,1.0205318959154415,26.85650356271101,47.587875814520714,0.0,48601.10112089073,0,5,411.3865577527042,0,,0.00879128741909479,0.1669350080043754,0.028985507246376812,301.3084035252384,3.0554573387642505,0,,0.9670349551655314,0.9406775885494212,0.9682741116751269,0.8808080808080808,0.9682741116751269,0.01649746192893401,0.015228426395939087
SH-MC-01-2024042600,2024-04-26 00:00:00,2024-04-26,LINE-A,MC-01,CNC,PRD-C,A,3,7,25500.0,2860.0,480.0,35.0,445.0,0.0,445.0,26.0,0.944589705895259,970,961,4,5,16,145.0,2.756439448375777,61.99995544423141,5.918680463068943,49.28281794759895,86.48598133706247,17.30097153862464,0.9669996054879033,26.946011709787886,44.310062095239374,7.446169154774592,48608.547290045506,1,5,407.1537678578852,0,,0.009933258981824277,0.18482734631392458,0.031725888324873094,208.76448824038818,2.912949063383001,0,,1.0,0.9445692883895132,0.9907216494845361,0.9358052434456929,0.9907216494845361,0.005154639175257732,0.004123711340206186
SH-MC-01-2024042608,2024-04-26 08:00:00,2024-04-26,LINE-A,MC-01,CNC,PRD-C,B,3,7,25500.0,2860.0,480.0,18.0,462.0,4.509847498103511,457.4901525018965,26.0,0.937364243823508,989,963,15,11,34,365.5,2.3413570676364284,62.51904462176074,6.039714213367211,48.04232495135974,78.08177293776801,25.75161713163579,1.1825237633748782,26.946011709787886,45.174005295496535,14.862835821441259,48615.96395671217,0,5,422.8044578129299,0,,0.011310761989383515,0.20416067964725793,0.009278350515463918,208.76448824038818,2.4573384535787812,0,,0.9902384253287803,0.9367779051045041,0.9737108190091001,0.9032467532467533,0.9737108190091001,0.011122345803842264,0.015166835187057633
SH-MC-01-2024042616,2024-04-26 16:00:00,2024-04-26,LINE-A,MC-01,CNC,PRD-C,C,3,7,25500.0,2860.0,480.0,18.0,462.0,0.0,462.0,26.0,0.9048098987627387,964,936,15,13,32,411.5,2.431800907849853,64.86641225997712,6.017395230622273,45.84598747856629,80.5573509528136,21.530008041945557,1.3210591958675233,26.946011709787886,43.903262780079,22.487671696472866,48623.5887925872,0,5,427.10730312947544,0,,0.012597364744095839,0.21941035139732115,0.0262891809908999,213.2743357384917,2.5098658079540197,0,,1.0,0.9041847041847042,0.970954356846473,0.8779220779220779,0.970954356846473,0.013485477178423237,0.015560165975103735
SH-MC-01-2024042700,2024-04-27 00:00:00,2024-04-27,LINE-A,MC-01,CNC,PRD-C,A,3,7,25500.0,2860.0,480.0,18.0,462.0,14.44404424935799,447.555955750642,26.0,0.9581153666530243,989,963,15,11,31,365.5,2.7881147352683624,63.20266205374098,5.999397556708582,45.134216021954636,83.83332811000291,23.48598794844928,1.121319091920058,27.033908294381938,41.64723653323654,30.187671696472865,48631.2887925872,0,5,415.00562858995715,0,,0.014277637265995787,0.23781035139732115,0.029045643153526972,213.2743357384917,2.520424236918215,0,,0.9687358349580996,0.9575711397871436,0.9737108190091001,0.9032467532467532,0.9737108190091001,0.011122345803842264,0.015166835187057633
SH-MC-01-2024042708,2024-04-27 08:00:00,2024-04-27,LINE-A,MC-01,CNC,PRD-C,B,3,7,25500.0,2860.0,480.0,18.0,462.0,0.0,462.0,26.0,0.9412493199293895,1003,974,17,12,34,403.5,3.00857530399299,61.71760461671782,5.738854712920787,47.57888168756863,78.17026362781634,26.39934142270712,1.100820142304043,27.033908294381938,44.32989796285787,37.64693762565023,48638.74805851637,0,5,428.8802802178319,0,,0.01585930075644144,0.2527288832556759,0.0262891809908999,216.0184886500215,2.7428303157037353,0,,1.0,0.9407647907647908,0.9710867397806581,0.9135642135642137,0.9710867397806581,0.011964107676969093,0.01694915254237288
SH-MC-01-2024042716,2024-04-27 16:00:00,2024-04-27,LINE-A,MC-01,CNC,PRD-C,C,3,7,25500.0,2860.0,480.0,18.0,462.0,0.0,462.0,26.0,0.9154258435164454,975,930,26,19,58,632.0,3.2302614361350868,64.8332606271485,5.928786725390802,49.39576228125214,79.4163441637221,27.670462992374183,1.269882730130692,27.033908294381938,44.434046110171266,45.346937625650234,48646.44805851637,0,4,433.38959370406957,0,,0.017672712656863494,0.2681288832556759,0.028913260219341975,216.0184886500215,3.008983825132147,0,,1.0,0.9145021645021645,0.9538461538461539,0.8722943722943723,0.9538461538461539,0.019487179487179488,0.02666666666666667
SH-MC-01-2024042800,2024-04-28 00:00:00,2024-04-28,LINE-A,MC-01,CNC,PRD-D,A,3,7,25500.0,2860.0,480.0,35.0,445.0,0.0,445.0,24.0,0.9326340998742546,1037,1014,14,9,30,337.0,2.3924854641221147,64.62753315922163,5.953990258405695,48.14628710266021,77.02097375965701,28.182531688060642,1.352398540231315,27.120167306479658,38.34259727016479,53.04693762565024,48654.148058516366,1,4,411.5473641662109,0,,0.020016226443860318,0.28652888325567594,0.046153846153846156,216.0184886500215,2.877107401416731,0,,1.0,0.9321348314606741,0.9778206364513018,0.9114606741573033,0.9778206364513018,0.008678881388621022,0.013500482160077145
SH-MC-01-2024042808,2024-04-28 08:00:00,2024-04-28,LINE-A,MC-01,CNC,PRD-D,B,3,7,25500.0,2860.0,480.0,18.0,462.0,15.170247768562586,446.8297522314374,24.0,0.9209069023238029,1028,1002,15,11,34,395.0,2.9483604393347402,66.01172530511599,5.734871319639149,47.875080415423064,79.9638789012585,27.43460937094206,1.3060630679258025,27.120167306479658,41.42531407502464,60.4636042923169,48661.56472518303,0,4,416.72981770443164,0,,0.022759849839769454,0.30586221658900925,0.022179363548698167,216.0184886500215,2.857035779863981,0,,0.9671639658689121,0.9202610120442857,0.9747081712062257,0.8675324675324675,0.9747081712062257,0.010700389105058366,0.014591439688715954
SH-MC-01-2024042816,2024-04-28 16:00:00,2024-04-28,LINE-A,MC-01,CNC,PRD-D,C,3,7,25500.0,2860.0,480.0,18.0,462.0,0.0,462.0,24.0,0.8838399997695026,1020,973,29,18,59,682.0,2.6704489969546743,67.47163068501477,5.717741284440768,48.24685555808249,79.72215174630904,32.48589516613653,1.4222785953085397,27.120167306479658,41.991737554313715,67.91076682950752,48669.01188772022,0,4,432.03414924853485,0,,0.025252827695717416,0.3207565416633905,0.02529182879377432,231.18873641858409,2.67043163347051,0,,1.0,0.8831168831168831,0.953921568627451,0.8424242424242424,0.953921568627451,0.01764705882352941,0.028431372549019607
SH-MC-01-2024042900,2024-04-29 00:00:00,2024-04-29,LINE-A,MC-01,CNC,PRD-D,A,3,7,25500.0,2860.0,480.0,18.0,462.0,0.0,462.0,24.0,0.884873175617167,1022,992,18,12,38,444.0,3.2290466317656468,65.69929236502043,5.773297996324972,49.954597189955564,72.9199035835844,34.418355063409585,1.117076161593058,27.20476322065159,40.604636087375724,75.61076682950753,48676.711887720216,0,4,432.3036623730154,0,,0.028572276088517697,0.3391565416633905,0.04607843137254902,223.4487428347208,2.949285356018354,0,,1.0,0.8848484848484849,0.9706457925636007,0.8588744588744589,0.9706457925636007,0.011741682974559686,0.01761252446183953
SH-MC-01-2024042908,2024-04-29 08:00:00,2024-04-29,LINE-A,MC-01,CNC,PRD-D,B,3,7,25500.0,2860.0,480.0,18.0,462.0,0.0,462.0,24.0,0.9073475608740839,1047,1013,20,14,43,510.0,3.108333613002198,66.17841444335117,5.847038656391336,48.3702263212746,73.109896079983,34.48713132514518,1.2629980984217788,27.20476322065159,44.38072134164728,83.31076682950753,48684.41188772021,0,4,434.87277746390475,0,,0.03179237753147666,0.3545565416633905,0.029354207436399216,223.4487428347208,3.00260974724084,0,,1.0,0.9064935064935065,0.9675262655205349,0.8770562770562771,0.9675262655205349,0.013371537726838587,0.019102196752626553
SH-MC-01-2024042916,2024-04-29 16:00:00,2024-04-29,LINE-A,MC-01,CNC,PRD-D,C,3,7,25500.0,2860.0,480.0,18.0,462.0,3.8540191687291787,458.14598083127083,24.0,0.8699001708291746,996,960,23,13,45,509.0,2.926059497398574,69.9257333658965,5.623746766965597,47.41884290499045,73.22731018188335,37.70138930958855,1.3918117352903676,27.20476322065159,41.80217223896879,91.01076682950753,48692.11188772021,0,4,430.2943246998967,0,,0.035362174469191286,0.36995654166339054,0.03247373447946514,223.4487428347208,3.0878132473888065,0,,0.9916579671672529,0.8695918259004122,0.963855421686747,0.8311688311688312,0.963855421686747,0.013052208835341365,0.023092369477911646
