shift_id,timestamp,line_id,machine_id,product_id,criticality,failure_cost,maintenance_cost,failure_within_24h,next_failure_hours,failure_probability,alert,model_name
SH-MC-01-2025030100,2025-03-01 00:00:00,LINE-A,MC-01,PRD-A,3,25500.0,2860.0,0,,0.05647528834036869,0,random_forest
SH-MC-01-2025030108,2025-03-01 08:00:00,LINE-A,MC-01,PRD-A,3,25500.0,2860.0,0,,0.055427701927046893,0,random_forest
SH-MC-01-2025030116,2025-03-01 16:00:00,LINE-A,MC-01,PRD-A,3,25500.0,2860.0,0,,0.08092983045412801,0,random_forest
SH-MC-01-2025030200,2025-03-02 00:00:00,LINE-A,MC-01,PRD-B,3,25500.0,2860.0,0,,0.09469165572263648,0,random_forest
SH-MC-01-2025030208,2025-03-02 08:00:00,LINE-A,MC-01,PRD-B,3,25500.0,2860.0,0,,0.07155936435743829,0,random_forest
SH-MC-01-2025030216,2025-03-02 16:00:00,LINE-A,MC-01,PRD-B,3,25500.0,2860.0,0,,0.08369007038148538,0,random_forest
SH-MC-01-2025030300,2025-03-03 00:00:00,LINE-A,MC-01,PRD-B,3,25500.0,2860.0,0,,0.09700097791103256,0,random_forest
SH-MC-01-2025030308,2025-03-03 08:00:00,LINE-A,MC-01,PRD-B,3,25500.0,2860.0,0,,0.09053145988441516,0,random_forest
SH-MC-01-2025030316,2025-03-03 16:00:00,LINE-A,MC-01,PRD-B,3,25500.0,2860.0,0,,0.11277546367056104,0,random_forest
SH-MC-01-2025030400,2025-03-04 00:00:00,LINE-A,MC-01,PRD-C,3,25500.0,2860.0,0,,0.09945448434134227,0,random_forest
SH-MC-01-2025030408,2025-03-04 08:00:00,LINE-A,MC-01,PRD-C,3,25500.0,2860.0,0,,0.11462281751550056,0,random_forest
SH-MC-01-2025030416,2025-03-04 16:00:00,LINE-A,MC-01,PRD-C,3,25500.0,2860.0,0,,0.12177766794544598,0,random_forest
SH-MC-01-2025030500,2025-03-05 00:00:00,LINE-A,MC-01,PRD-C,3,25500.0,2860.0,0,,0.15074219278733708,1,random_forest
SH-MC-01-2025030508,2025-03-05 08:00:00,LINE-A,MC-01,PRD-C,3,25500.0,2860.0,0,,0.16360676500801008,1,random_forest
SH-MC-01-2025030516,2025-03-05 16:00:00,LINE-A,MC-01,PRD-C,3,25500.0,2860.0,0,,0.19367109772797728,1,random_forest
SH-MC-01-2025030600,2025-03-06 00:00:00,LINE-A,MC-01,PRD-D,3,25500.0,2860.0,0,,0.17556126782500173,1,random_forest
SH-MC-01-2025030608,2025-03-06 08:00:00,LINE-A,MC-01,PRD-D,3,25500.0,2860.0,0,,0.1971971436617048,1,random_forest
SH-MC-01-2025030616,2025-03-06 16:00:00,LINE-A,MC-01,PRD-D,3,25500.0,2860.0,0,,0.232443114995229,1,random_forest
SH-MC-01-2025030700,2025-03-07 00:00:00,LINE-A,MC-01,PRD-D,3,25500.0,2860.0,0,,0.29344684012397665,1,random_forest
SH-MC-01-2025030708,2025-03-07 08:00:00,LINE-A,MC-01,PRD-D,3,25500.0,2860.0,0,,0.3389431581972414,1,random_forest
SH-MC-01-2025030716,2025-03-07 16:00:00,LINE-A,MC-01,PRD-D,3,25500.0,2860.0,0,,0.26580381096612804,1,random_forest
SH-MC-01-2025030800,2025-03-08 00:00:00,LINE-A,MC-01,PRD-A,3,25500.0,2860.0,0,,0.4166105435824891,1,random_forest
SH-MC-01-2025030808,2025-03-08 08:00:00,LINE-A,MC-01,PRD-A,3,25500.0,2860.0,0,,0.34147251074076995,1,random_forest
SH-MC-01-2025030816,2025-03-08 16:00:00,LINE-A,MC-01,PRD-A,3,25500.0,2860.0,0,,0.3901435974750127,1,random_forest
SH-MC-01-2025030900,2025-03-09 00:00:00,LINE-A,MC-01,PRD-A,3,25500.0,2860.0,0,,0.4617974816110212,1,random_forest
SH-MC-01-2025030908,2025-03-09 08:00:00,LINE-A,MC-01,PRD-A,3,25500.0,2860.0,0,,0.40890850290414527,1,random_forest
SH-MC-01-2025030916,2025-03-09 16:00:00,LINE-A,MC-01,PRD-A,3,25500.0,2860.0,0,,0.5436960431684308,1,random_forest
SH-MC-01-2025031000,2025-03-10 00:00:00,LINE-A,MC-01,PRD-B,3,25500.0,2860.0,1,24.0,0.5508824743149813,1,random_forest
SH-MC-01-2025031008,2025-03-10 08:00:00,LINE-A,MC-01,PRD-B,3,25500.0,2860.0,1,16.0,0.4905356854158181,1,random_forest
SH-MC-01-2025031016,2025-03-10 16:00:00,LINE-A,MC-01,PRD-B,3,25500.0,2860.0,1,8.0,0.546679952479001,1,random_forest
SH-MC-01-2025031100,2025-03-11 00:00:00,LINE-A,MC-01,PRD-B,3,25500.0,2860.0,0,,0.5796361985179398,1,random_forest
SH-MC-01-2025031108,2025-03-11 08:00:00,LINE-A,MC-01,PRD-B,3,25500.0,2860.0,0,,0.06639305157087938,0,random_forest
SH-MC-01-2025031116,2025-03-11 16:00:00,LINE-A,MC-01,PRD-B,3,25500.0,2860.0,0,,0.0798560196576751,0,random_forest
SH-MC-01-2025031200,2025-03-12 00:00:00,LINE-A,MC-01,PRD-C,3,25500.0,2860.0,0,,0.07939075928522638,0,random_forest
SH-MC-01-2025031208,2025-03-12 08:00:00,LINE-A,MC-01,PRD-C,3,25500.0,2860.0,0,,0.0840537983584885,0,random_forest
SH-MC-01-2025031216,2025-03-12 16:00:00,LINE-A,MC-01,PRD-C,3,25500.0,2860.0,0,,0.09352924475678902,0,random_forest
SH-MC-01-2025031300,2025-03-13 00:00:00,LINE-A,MC-01,PRD-C,3,25500.0,2860.0,0,,0.10544426450382115,0,random_forest
SH-MC-01-2025031308,2025-03-13 08:00:00,LINE-A,MC-01,PRD-C,3,25500.0,2860.0,0,,0.1148538391666993,0,random_forest
SH-MC-01-2025031316,2025-03-13 16:00:00,LINE-A,MC-01,PRD-C,3,25500.0,2860.0,0,,0.14257058163439584,0,random_forest
SH-MC-01-2025031400,2025-03-14 00:00:00,LINE-A,MC-01,PRD-D,3,25500.0,2860.0,0,,0.16565215100930233,1,random_forest
SH-MC-01-2025031408,2025-03-14 08:00:00,LINE-A,MC-01,PRD-D,3,25500.0,2860.0,0,,0.17907270811365342,1,random_forest
SH-MC-01-2025031416,2025-03-14 16:00:00,LINE-A,MC-01,PRD-D,3,25500.0,2860.0,0,,0.16025960415361362,1,random_forest
SH-MC-01-2025031500,2025-03-15 00:00:00,LINE-A,MC-01,PRD-D,3,25500.0,2860.0,0,,0.23309591592103782,1,random_forest
SH-MC-01-2025031508,2025-03-15 08:00:00,LINE-A,MC-01,PRD-D,3,25500.0,2860.0,1,24.0,0.19309303012284157,1,random_forest
SH-MC-01-2025031516,2025-03-15 16:00:00,LINE-A,MC-01,PRD-D,3,25500.0,2860.0,1,16.0,0.27800458170836484,1,random_forest
SH-MC-01-2025031600,2025-03-16 00:00:00,LINE-A,MC-01,PRD-A,3,25500.0,2860.0,1,8.0,0.2518342235634571,1,random_forest
SH-MC-01-2025031608,2025-03-16 08:00:00,LINE-A,MC-01,PRD-A,3,25500.0,2860.0,0,,0.2208088741657811,1,random_forest
SH-MC-01-2025031616,2025-03-16 16:00:00,LINE-A,MC-01,PRD-A,3,25500.0,2860.0,0,,0.057021292629395044,0,random_forest
SH-MC-01-2025031700,2025-03-17 00:00:00,LINE-A,MC-01,PRD-A,3,25500.0,2860.0,0,,0.05775230505949675,0,random_forest
SH-MC-01-2025031708,2025-03-17 08:00:00,LINE-A,MC-01,PRD-A,3,25500.0,2860.0,0,,0.07278782756422382,0,random_forest
SH-MC-01-2025031716,2025-03-17 16:00:00,LINE-A,MC-01,PRD-A,3,25500.0,2860.0,0,,0.07615853974933058,0,random_forest
SH-MC-01-2025031800,2025-03-18 00:00:00,LINE-A,MC-01,PRD-B,3,25500.0,2860.0,0,,0.094547055257822,0,random_forest
SH-MC-01-2025031808,2025-03-18 08:00:00,LINE-A,MC-01,PRD-B,3,25500.0,2860.0,0,,0.0820534410933019,0,random_forest
SH-MC-01-2025031816,2025-03-18 16:00:00,LINE-A,MC-01,PRD-B,3,25500.0,2860.0,0,,0.09853020938166884,0,random_forest
SH-MC-01-2025031900,2025-03-19 00:00:00,LINE-A,MC-01,PRD-B,3,25500.0,2860.0,0,,0.10621997996694608,0,random_forest
SH-MC-01-2025031908,2025-03-19 08:00:00,LINE-A,MC-01,PRD-B,3,25500.0,2860.0,0,,0.10666314949239282,0,random_forest
SH-MC-01-2025031916,2025-03-19 16:00:00,LINE-A,MC-01,PRD-B,3,25500.0,2860.0,0,,0.1250055155377656,0,random_forest
SH-MC-01-2025032000,2025-03-20 00:00:00,LINE-A,MC-01,PRD-C,3,25500.0,2860.0,0,,0.12497904132506522,0,random_forest
SH-MC-01-2025032008,2025-03-20 08:00:00,LINE-A,MC-01,PRD-C,3,25500.0,2860.0,0,,0.16159397125954628,1,random_forest
SH-MC-01-2025032016,2025-03-20 16:00:00,LINE-A,MC-01,PRD-C,3,25500.0,2860.0,0,,0.15843827692667603,1,random_forest
SH-MC-01-2025032100,2025-03-21 00:00:00,LINE-A,MC-01,PRD-C,3,25500.0,2860.0,0,,0.16450146392877116,1,random_forest
SH-MC-01-2025032108,2025-03-21 08:00:00,LINE-A,MC-01,PRD-C,3,25500.0,2860.0,0,,0.21397929869701174,1,random_forest
SH-MC-01-2025032116,2025-03-21 16:00:00,LINE-A,MC-01,PRD-C,3,25500.0,2860.0,0,,0.187454308155007,1,random_forest
SH-MC-01-2025032200,2025-03-22 00:00:00,LINE-A,MC-01,PRD-D,3,25500.0,2860.0,1,24.0,0.260162225833095,1,random_forest
SH-MC-01-2025032208,2025-03-22 08:00:00,LINE-A,MC-01,PRD-D,3,25500.0,2860.0,1,16.0,0.21091137597335397,1,random_forest
SH-MC-01-2025032216,2025-03-22 16:00:00,LINE-A,MC-01,PRD-D,3,25500.0,2860.0,1,8.0,0.27169293995898336,1,random_forest
SH-MC-01-2025032300,2025-03-23 00:00:00,LINE-A,MC-01,PRD-D,3,25500.0,2860.0,0,,0.3726370995920085,1,random_forest
SH-MC-01-2025032308,2025-03-23 08:00:00,LINE-A,MC-01,PRD-D,3,25500.0,2860.0,0,,0.03872554387985891,0,random_forest
SH-MC-01-2025032316,2025-03-23 16:00:00,LINE-A,MC-01,PRD-D,3,25500.0,2860.0,0,,0.047410730474093866,0,random_forest
SH-MC-01-2025032400,2025-03-24 00:00:00,LINE-A,MC-01,PRD-A,3,25500.0,2860.0,0,,0.057835740124192375,0,random_forest
SH-MC-01-2025032408,2025-03-24 08:00:00,LINE-A,MC-01,PRD-A,3,25500.0,2860.0,0,,0.060696291755710494,0,random_forest
SH-MC-01-2025032416,2025-03-24 16:00:00,LINE-A,MC-01,PRD-A,3,25500.0,2860.0,0,,0.08505978382280897,0,random_forest
SH-MC-01-2025032500,2025-03-25 00:00:00,LINE-A,MC-01,PRD-A,3,25500.0,2860.0,0,,0.0761050421913432,0,random_forest
SH-MC-01-2025032508,2025-03-25 08:00:00,LINE-A,MC-01,PRD-A,3,25500.0,2860.0,0,,0.08018619336091716,0,random_forest
SH-MC-01-2025032516,2025-03-25 16:00:00,LINE-A,MC-01,PRD-A,3,25500.0,2860.0,0,,0.08160153294216807,0,random_forest
SH-MC-01-2025032600,2025-03-26 00:00:00,LINE-A,MC-01,PRD-B,3,25500.0,2860.0,0,,0.09339547613724315,0,random_forest
SH-MC-01-2025032608,2025-03-26 08:00:00,LINE-A,MC-01,PRD-B,3,25500.0,2860.0,0,,0.09635637326286813,0,random_forest
SH-MC-01-2025032616,2025-03-26 16:00:00,LINE-A,MC-01,PRD-B,3,25500.0,2860.0,1,24.0,0.10704322332075197,0,random_forest
SH-MC-01-2025032700,2025-03-27 00:00:00,LINE-A,MC-01,PRD-B,3,25500.0,2860.0,1,16.0,0.15029489121378414,1,random_forest
SH-MC-01-2025032708,2025-03-27 08:00:00,LINE-A,MC-01,PRD-B,3,25500.0,2860.0,1,8.0,0.1147288052022417,0,random_forest
SH-MC-01-2025032716,2025-03-27 16:00:00,LINE-A,MC-01,PRD-B,3,25500.0,2860.0,0,,0.1780062702279157,1,random_forest
SH-MC-01-2025032800,2025-03-28 00:00:00,LINE-A,MC-01,PRD-C,3,25500.0,2860.0,0,,0.04443695958546993,0,random_forest
SH-MC-01-2025032808,2025-03-28 08:00:00,LINE-A,MC-01,PRD-C,3,25500.0,2860.0,0,,0.04406194410620313,0,random_forest
SH-MC-01-2025032816,2025-03-28 16:00:00,LINE-A,MC-01,PRD-C,3,25500.0,2860.0,0,,0.04262946340912955,0,random_forest
SH-MC-01-2025032900,2025-03-29 00:00:00,LINE-A,MC-01,PRD-C,3,25500.0,2860.0,0,,0.04615842712236101,0,random_forest
SH-MC-01-2025032908,2025-03-29 08:00:00,LINE-A,MC-01,PRD-C,3,25500.0,2860.0,0,,0.04686290424555767,0,random_forest
SH-MC-01-2025032916,2025-03-29 16:00:00,LINE-A,MC-01,PRD-C,3,25500.0,2860.0,0,,0.04835393028625135,0,random_forest
SH-MC-01-2025033000,2025-03-30 00:00:00,LINE-A,MC-01,PRD-D,3,25500.0,2860.0,0,,0.04481277752785383,0,random_forest
SH-MC-01-2025033008,2025-03-30 08:00:00,LINE-A,MC-01,PRD-D,3,25500.0,2860.0,0,,0.048890861391410835,0,random_forest
SH-MC-01-2025033016,2025-03-30 16:00:00,LINE-A,MC-01,PRD-D,3,25500.0,2860.0,0,,0.05103023079112306,0,random_forest
SH-MC-01-2025033100,2025-03-31 00:00:00,LINE-A,MC-01,PRD-D,3,25500.0,2860.0,0,,0.0509237453254609,0,random_forest
SH-MC-01-2025033108,2025-03-31 08:00:00,LINE-A,MC-01,PRD-D,3,25500.0,2860.0,0,,0.07808596354371913,0,random_forest
SH-MC-01-2025033116,2025-03-31 16:00:00,LINE-A,MC-01,PRD-D,3,25500.0,2860.0,0,,0.07873530337480558,0,random_forest
SH-MC-01-2025040100,2025-04-01 00:00:00,LINE-A,MC-01,PRD-A,3,25500.0,2860.0,0,,0.04723751040193586,0,random_forest
SH-MC-01-2025040108,2025-04-01 08:00:00,LINE-A,MC-01,PRD-A,3,25500.0,2860.0,0,,0.04931363713554269,0,random_forest
SH-MC-01-2025040116,2025-04-01 16:00:00,LINE-A,MC-01,PRD-A,3,25500.0,2860.0,0,,0.050033910401000796,0,random_forest
SH-MC-01-2025040200,2025-04-02 00:00:00,LINE-A,MC-01,PRD-A,3,25500.0,2860.0,0,,0.0514346797893728,0,random_forest
SH-MC-01-2025040208,2025-04-02 08:00:00,LINE-A,MC-01,PRD-A,3,25500.0,2860.0,0,,0.049331545485859545,0,random_forest
SH-MC-01-2025040216,2025-04-02 16:00:00,LINE-A,MC-01,PRD-A,3,25500.0,2860.0,0,,0.05847265298860932,0,random_forest
SH-MC-01-2025040300,2025-04-03 00:00:00,LINE-A,MC-01,PRD-B,3,25500.0,2860.0,0,,0.05325431622028527,0,random_forest
SH-MC-01-2025040308,2025-04-03 08:00:00,LINE-A,MC-01,PRD-B,3,25500.0,2860.0,0,,0.09162401037009235,0,random_forest
SH-MC-01-2025040316,2025-04-03 16:00:00,LINE-A,MC-01,PRD-B,3,25500.0,2860.0,0,,0.07999462916485951,0,random_forest
SH-MC-01-2025040400,2025-04-04 00:00:00,LINE-A,MC-01,PRD-B,3,25500.0,2860.0,0,,0.1256452843466803,0,random_forest
SH-MC-01-2025040408,2025-04-04 08:00:00,LINE-A,MC-01,PRD-B,3,25500.0,2860.0,1,24.0,0.1718884639393186,1,random_forest
SH-MC-01-2025040416,2025-04-04 16:00:00,LINE-A,MC-01,PRD-B,3,25500.0,2860.0,1,16.0,0.1463397984769286,0,random_forest
SH-MC-01-2025040500,2025-04-05 00:00:00,LINE-A,MC-01,PRD-C,3,25500.0,2860.0,1,8.0,0.15881851362481975,1,random_forest
SH-MC-01-2025040508,2025-04-05 08:00:00,LINE-A,MC-01,PRD-C,3,25500.0,2860.0,0,,0.24272008356968056,1,random_forest
SH-MC-01-2025040516,2025-04-05 16:00:00,LINE-A,MC-01,PRD-C,3,25500.0,2860.0,0,,0.04583935131061297,0,random_forest
SH-MC-01-2025040600,2025-04-06 00:00:00,LINE-A,MC-01,PRD-C,3,25500.0,2860.0,0,,0.04915288784727096,0,random_forest
SH-MC-01-2025040608,2025-04-06 08:00:00,LINE-A,MC-01,PRD-C,3,25500.0,2860.0,0,,0.06895341015086794,0,random_forest
SH-MC-01-2025040616,2025-04-06 16:00:00,LINE-A,MC-01,PRD-C,3,25500.0,2860.0,0,,0.083766999453989,0,random_forest
SH-MC-01-2025040700,2025-04-07 00:00:00,LINE-A,MC-01,PRD-D,3,25500.0,2860.0,0,,0.06817084984602322,0,random_forest
SH-MC-01-2025040708,2025-04-07 08:00:00,LINE-A,MC-01,PRD-D,3,25500.0,2860.0,0,,0.07496344011596622,0,random_forest
SH-MC-01-2025040716,2025-04-07 16:00:00,LINE-A,MC-01,PRD-D,3,25500.0,2860.0,0,,0.07398809426550407,0,random_forest
SH-MC-01-2025040800,2025-04-08 00:00:00,LINE-A,MC-01,PRD-D,3,25500.0,2860.0,0,,0.085011821620211,0,random_forest
SH-MC-01-2025040808,2025-04-08 08:00:00,LINE-A,MC-01,PRD-D,3,25500.0,2860.0,0,,0.07371847482473669,0,random_forest
SH-MC-01-2025040816,2025-04-08 16:00:00,LINE-A,MC-01,PRD-D,3,25500.0,2860.0,0,,0.0961226201182864,0,random_forest
SH-MC-01-2025040900,2025-04-09 00:00:00,LINE-A,MC-01,PRD-A,3,25500.0,2860.0,0,,0.12175185068073972,0,random_forest
SH-MC-01-2025040908,2025-04-09 08:00:00,LINE-A,MC-01,PRD-A,3,25500.0,2860.0,0,,0.12276946042625998,0,random_forest
SH-MC-01-2025040916,2025-04-09 16:00:00,LINE-A,MC-01,PRD-A,3,25500.0,2860.0,0,,0.11153295796240778,0,random_forest
SH-MC-01-2025041000,2025-04-10 00:00:00,LINE-A,MC-01,PRD-A,3,25500.0,2860.0,0,,0.1715855979341691,1,random_forest
SH-MC-01-2025041008,2025-04-10 08:00:00,LINE-A,MC-01,PRD-A,3,25500.0,2860.0,1,24.0,0.1918638097934981,1,random_forest
SH-MC-01-2025041016,2025-04-10 16:00:00,LINE-A,MC-01,PRD-A,3,25500.0,2860.0,1,16.0,0.1945718911534656,1,random_forest
SH-MC-01-2025041100,2025-04-11 00:00:00,LINE-A,MC-01,PRD-B,3,25500.0,2860.0,1,8.0,0.23252332672513798,1,random_forest
SH-MC-01-2025041108,2025-04-11 08:00:00,LINE-A,MC-01,PRD-B,3,25500.0,2860.0,0,,0.3102395626849021,1,random_forest
SH-MC-01-2025041116,2025-04-11 16:00:00,LINE-A,MC-01,PRD-B,3,25500.0,2860.0,0,,0.06176882595389505,0,random_forest
SH-MC-01-2025041200,2025-04-12 00:00:00,LINE-A,MC-01,PRD-B,3,25500.0,2860.0,0,,0.0597354682196143,0,random_forest
SH-MC-01-2025041208,2025-04-12 08:00:00,LINE-A,MC-01,PRD-B,3,25500.0,2860.0,0,,0.08099115415152187,0,random_forest
SH-MC-01-2025041216,2025-04-12 16:00:00,LINE-A,MC-01,PRD-B,3,25500.0,2860.0,0,,0.08025108288297982,0,random_forest
SH-MC-01-2025041300,2025-04-13 00:00:00,LINE-A,MC-01,PRD-C,3,25500.0,2860.0,0,,0.08304244666796051,0,random_forest
SH-MC-01-2025041308,2025-04-13 08:00:00,LINE-A,MC-01,PRD-C,3,25500.0,2860.0,0,,0.08319863131216479,0,random_forest
SH-MC-01-2025041316,2025-04-13 16:00:00,LINE-A,MC-01,PRD-C,3,25500.0,2860.0,0,,0.09477423731891647,0,random_forest
SH-MC-01-2025041400,2025-04-14 00:00:00,LINE-A,MC-01,PRD-C,3,25500.0,2860.0,0,,0.11684788911203947,0,random_forest
SH-MC-01-2025041408,2025-04-14 08:00:00,LINE-A,MC-01,PRD-C,3,25500.0,2860.0,0,,0.09309832999392777,0,random_forest
SH-MC-01-2025041416,2025-04-14 16:00:00,LINE-A,MC-01,PRD-C,3,25500.0,2860.0,0,,0.08396518323290116,0,random_forest
SH-MC-01-2025041500,2025-04-15 00:00:00,LINE-A,MC-01,PRD-D,3,25500.0,2860.0,1,24.0,0.0978479127664617,0,random_forest
SH-MC-01-2025041508,2025-04-15 08:00:00,LINE-A,MC-01,PRD-D,3,25500.0,2860.0,1,16.0,0.1427280385397227,0,random_forest
SH-MC-01-2025041516,2025-04-15 16:00:00,LINE-A,MC-01,PRD-D,3,25500.0,2860.0,1,8.0,0.11393309505274118,0,random_forest
SH-MC-01-2025041600,2025-04-16 00:00:00,LINE-A,MC-01,PRD-D,3,25500.0,2860.0,0,,0.19336722122160863,1,random_forest
SH-MC-01-2025041608,2025-04-16 08:00:00,LINE-A,MC-01,PRD-D,3,25500.0,2860.0,0,,0.04388185136478541,0,random_forest
SH-MC-01-2025041616,2025-04-16 16:00:00,LINE-A,MC-01,PRD-D,3,25500.0,2860.0,0,,0.0627638083843224,0,random_forest
SH-MC-01-2025041700,2025-04-17 00:00:00,LINE-A,MC-01,PRD-A,3,25500.0,2860.0,0,,0.05773194195554159,0,random_forest
SH-MC-01-2025041708,2025-04-17 08:00:00,LINE-A,MC-01,PRD-A,3,25500.0,2860.0,0,,0.06631875036074775,0,random_forest
SH-MC-01-2025041716,2025-04-17 16:00:00,LINE-A,MC-01,PRD-A,3,25500.0,2860.0,0,,0.07384634482351514,0,random_forest
SH-MC-01-2025041800,2025-04-18 00:00:00,LINE-A,MC-01,PRD-A,3,25500.0,2860.0,0,,0.05722237833104185,0,random_forest
SH-MC-01-2025041808,2025-04-18 08:00:00,LINE-A,MC-01,PRD-A,3,25500.0,2860.0,0,,0.0648791088157951,0,random_forest
SH-MC-01-2025041816,2025-04-18 16:00:00,LINE-A,MC-01,PRD-A,3,25500.0,2860.0,0,,0.0893146241899603,0,random_forest
SH-MC-01-2025041900,2025-04-19 00:00:00,LINE-A,MC-01,PRD-B,3,25500.0,2860.0,0,,0.07863690892872711,0,random_forest
SH-MC-01-2025041908,2025-04-19 08:00:00,LINE-A,MC-01,PRD-B,3,25500.0,2860.0,0,,0.10038355567561329,0,random_forest
SH-MC-01-2025041916,2025-04-19 16:00:00,LINE-A,MC-01,PRD-B,3,25500.0,2860.0,0,,0.0845103308911928,0,random_forest
SH-MC-01-2025042000,2025-04-20 00:00:00,LINE-A,MC-01,PRD-B,3,25500.0,2860.0,0,,0.1079335488197651,0,random_forest
SH-MC-01-2025042008,2025-04-20 08:00:00,LINE-A,MC-01,PRD-B,3,25500.0,2860.0,0,,0.10211138803004141,0,random_forest
SH-MC-01-2025042016,2025-04-20 16:00:00,LINE-A,MC-01,PRD-B,3,25500.0,2860.0,0,,0.18736159877631905,1,random_forest
SH-MC-01-2025042100,2025-04-21 00:00:00,LINE-A,MC-01,PRD-C,3,25500.0,2860.0,0,,0.19436707640033185,1,random_forest
SH-MC-01-2025042108,2025-04-21 08:00:00,LINE-A,MC-01,PRD-C,3,25500.0,2860.0,0,,0.18191553820975134,1,random_forest
SH-MC-01-2025042116,2025-04-21 16:00:00,LINE-A,MC-01,PRD-C,3,25500.0,2860.0,0,,0.20778307835224766,1,random_forest
SH-MC-01-2025042200,2025-04-22 00:00:00,LINE-A,MC-01,PRD-C,3,25500.0,2860.0,0,,0.23918370182456192,1,random_forest
SH-MC-01-2025042208,2025-04-22 08:00:00,LINE-A,MC-01,PRD-C,3,25500.0,2860.0,0,,0.21911843393966546,1,random_forest
SH-MC-01-2025042216,2025-04-22 16:00:00,LINE-A,MC-01,PRD-C,3,25500.0,2860.0,0,,0.2283159559318619,1,random_forest
SH-MC-01-2025042300,2025-04-23 00:00:00,LINE-A,MC-01,PRD-D,3,25500.0,2860.0,1,24.0,0.23980273264695579,1,random_forest
SH-MC-01-2025042308,2025-04-23 08:00:00,LINE-A,MC-01,PRD-D,3,25500.0,2860.0,1,16.0,0.34453853591939404,1,random_forest
SH-MC-01-2025042316,2025-04-23 16:00:00,LINE-A,MC-01,PRD-D,3,25500.0,2860.0,1,8.0,0.2859337024765764,1,random_forest
SH-MC-01-2025042400,2025-04-24 00:00:00,LINE-A,MC-01,PRD-D,3,25500.0,2860.0,0,,0.4346018156892557,1,random_forest
SH-MC-01-2025042408,2025-04-24 08:00:00,LINE-A,MC-01,PRD-D,3,25500.0,2860.0,1,24.0,0.047617613917707774,0,random_forest
SH-MC-01-2025042416,2025-04-24 16:00:00,LINE-A,MC-01,PRD-D,3,25500.0,2860.0,1,16.0,0.05275088033901052,0,random_forest
SH-MC-01-2025042500,2025-04-25 00:00:00,LINE-A,MC-01,PRD-A,3,25500.0,2860.0,1,8.0,0.06921118349559871,0,random_forest
SH-MC-01-2025042508,2025-04-25 08:00:00,LINE-A,MC-01,PRD-A,3,25500.0,2860.0,0,,0.08664157749421238,0,random_forest
SH-MC-01-2025042516,2025-04-25 16:00:00,LINE-A,MC-01,PRD-A,3,25500.0,2860.0,0,,0.05772959087191696,0,random_forest
SH-MC-01-2025042600,2025-04-26 00:00:00,LINE-A,MC-01,PRD-A,3,25500.0,2860.0,0,,0.0413887097648305,0,random_forest
SH-MC-01-2025042608,2025-04-26 08:00:00,LINE-A,MC-01,PRD-A,3,25500.0,2860.0,0,,0.04131301867266525,0,random_forest
SH-MC-01-2025042616,2025-04-26 16:00:00,LINE-A,MC-01,PRD-A,3,25500.0,2860.0,0,,0.046209709756117046,0,random_forest
SH-MC-01-2025042700,2025-04-27 00:00:00,LINE-A,MC-01,PRD-B,3,25500.0,2860.0,0,,0.05639982889076819,0,random_forest
SH-MC-01-2025042708,2025-04-27 08:00:00,LINE-A,MC-01,PRD-B,3,25500.0,2860.0,0,,0.05503513393025386,0,random_forest
SH-MC-01-2025042716,2025-04-27 16:00:00,LINE-A,MC-01,PRD-B,3,25500.0,2860.0,0,,0.0552833383819444,0,random_forest
SH-MC-01-2025042800,2025-04-28 00:00:00,LINE-A,MC-01,PRD-B,3,25500.0,2860.0,0,,0.05732979554807955,0,random_forest
SH-MC-01-2025042808,2025-04-28 08:00:00,LINE-A,MC-01,PRD-B,3,25500.0,2860.0,0,,0.051255914281434695,0,random_forest
SH-MC-01-2025042816,2025-04-28 16:00:00,LINE-A,MC-01,PRD-B,3,25500.0,2860.0,1,24.0,0.051756999014546695,0,random_forest
SH-MC-01-2025042900,2025-04-29 00:00:00,LINE-A,MC-01,PRD-C,3,25500.0,2860.0,1,16.0,0.050149090012452,0,random_forest
SH-MC-01-2025042908,2025-04-29 08:00:00,LINE-A,MC-01,PRD-C,3,25500.0,2860.0,1,8.0,0.05101195849818388,0,random_forest
SH-MC-01-2025042916,2025-04-29 16:00:00,LINE-A,MC-01,PRD-C,3,25500.0,2860.0,0,,0.0578780539810019,0,random_forest
SH-MC-01-2025043000,2025-04-30 00:00:00,LINE-A,MC-01,PRD-C,3,25500.0,2860.0,0,,0.04066172751120278,0,random_forest
SH-MC-01-2025043008,2025-04-30 08:00:00,LINE-A,MC-01,PRD-C,3,25500.0,2860.0,0,,0.04138607495599602,0,random_forest
SH-MC-01-2025043016,2025-04-30 16:00:00,LINE-A,MC-01,PRD-C,3,25500.0,2860.0,0,,0.04981536601182062,0,random_forest
SH-MC-01-2025050100,2025-05-01 00:00:00,LINE-A,MC-01,PRD-D,3,25500.0,2860.0,0,,0.043496828844723855,0,random_forest
SH-MC-01-2025050108,2025-05-01 08:00:00,LINE-A,MC-01,PRD-D,3,25500.0,2860.0,0,,0.05485597315743223,0,random_forest
SH-MC-01-2025050116,2025-05-01 16:00:00,LINE-A,MC-01,PRD-D,3,25500.0,2860.0,0,,0.05466630963584757,0,random_forest
SH-MC-01-2025050200,2025-05-02 00:00:00,LINE-A,MC-01,PRD-D,3,25500.0,2860.0,0,,0.052609309904411185,0,random_forest
SH-MC-01-2025050208,2025-05-02 08:00:00,LINE-A,MC-01,PRD-D,3,25500.0,2860.0,0,,0.0684040169902661,0,random_forest
SH-MC-01-2025050216,2025-05-02 16:00:00,LINE-A,MC-01,PRD-D,3,25500.0,2860.0,0,,0.07446918878487602,0,random_forest
SH-MC-01-2025050300,2025-05-03 00:00:00,LINE-A,MC-01,PRD-A,3,25500.0,2860.0,0,,0.07631476618235804,0,random_forest
SH-MC-01-2025050308,2025-05-03 08:00:00,LINE-A,MC-01,PRD-A,3,25500.0,2860.0,0,,0.08744732499851697,0,random_forest
SH-MC-01-2025050316,2025-05-03 16:00:00,LINE-A,MC-01,PRD-A,3,25500.0,2860.0,0,,0.07939572001008524,0,random_forest
SH-MC-01-2025050400,2025-05-04 00:00:00,LINE-A,MC-01,PRD-A,3,25500.0,2860.0,0,,0.08470346476608472,0,random_forest
SH-MC-01-2025050408,2025-05-04 08:00:00,LINE-A,MC-01,PRD-A,3,25500.0,2860.0,0,,0.1065302292906307,0,random_forest
SH-MC-01-2025050416,2025-05-04 16:00:00,LINE-A,MC-01,PRD-A,3,25500.0,2860.0,0,,0.09358204377828133,0,random_forest
SH-MC-01-2025050500,2025-05-05 00:00:00,LINE-A,MC-01,PRD-B,3,25500.0,2860.0,0,,0.10683713435855204,0,random_forest
SH-MC-01-2025050508,2025-05-05 08:00:00,LINE-A,MC-01,PRD-B,3,25500.0,2860.0,0,,0.11608312107675903,0,random_forest
SH-MC-01-2025050516,2025-05-05 16:00:00,LINE-A,MC-01,PRD-B,3,25500.0,2860.0,0,,0.12578046324192974,0,random_forest
SH-MC-01-2025050600,2025-05-06 00:00:00,LINE-A,MC-01,PRD-B,3,25500.0,2860.0,0,,0.12100129528622051,0,random_forest
SH-MC-01-2025050608,2025-05-06 08:00:00,LINE-A,MC-01,PRD-B,3,25500.0,2860.0,0,,0.13583248468990514,0,random_forest
SH-MC-01-2025050616,2025-05-06 16:00:00,LINE-A,MC-01,PRD-B,3,25500.0,2860.0,0,,0.24105430228278016,1,random_forest
SH-MC-01-2025050700,2025-05-07 00:00:00,LINE-A,MC-01,PRD-C,3,25500.0,2860.0,0,,0.18284868589034303,1,random_forest
SH-MC-01-2025050708,2025-05-07 08:00:00,LINE-A,MC-01,PRD-C,3,25500.0,2860.0,0,,0.14852247730230303,1,random_forest
SH-MC-01-2025050716,2025-05-07 16:00:00,LINE-A,MC-01,PRD-C,3,25500.0,2860.0,0,,0.17319226920115527,1,random_forest
SH-MC-01-2025050800,2025-05-08 00:00:00,LINE-A,MC-01,PRD-C,3,25500.0,2860.0,0,,0.21495662512820052,1,random_forest
SH-MC-01-2025050808,2025-05-08 08:00:00,LINE-A,MC-01,PRD-C,3,25500.0,2860.0,0,,0.27839434228365534,1,random_forest
SH-MC-01-2025050816,2025-05-08 16:00:00,LINE-A,MC-01,PRD-C,3,25500.0,2860.0,0,,0.248267899372646,1,random_forest
SH-MC-01-2025050900,2025-05-09 00:00:00,LINE-A,MC-01,PRD-D,3,25500.0,2860.0,0,,0.3056393094792313,1,random_forest
SH-MC-01-2025050908,2025-05-09 08:00:00,LINE-A,MC-01,PRD-D,3,25500.0,2860.0,0,,0.3543544445629908,1,random_forest
SH-MC-01-2025050916,2025-05-09 16:00:00,LINE-A,MC-01,PRD-D,3,25500.0,2860.0,0,,0.44883847868538346,1,random_forest
SH-MC-01-2025051000,2025-05-10 00:00:00,LINE-A,MC-01,PRD-D,3,25500.0,2860.0,0,,0.4223433462526991,1,random_forest
SH-MC-01-2025051008,2025-05-10 08:00:00,LINE-A,MC-01,PRD-D,3,25500.0,2860.0,0,,0.4766897637269475,1,random_forest
SH-MC-01-2025051016,2025-05-10 16:00:00,LINE-A,MC-01,PRD-D,3,25500.0,2860.0,1,24.0,0.4561328010794324,1,random_forest
SH-MC-01-2025051100,2025-05-11 00:00:00,LINE-A,MC-01,PRD-A,3,25500.0,2860.0,1,16.0,0.5755706550146136,1,random_forest
SH-MC-01-2025051108,2025-05-11 08:00:00,LINE-A,MC-01,PRD-A,3,25500.0,2860.0,1,8.0,0.49941275165745946,1,random_forest
SH-MC-01-2025051116,2025-05-11 16:00:00,LINE-A,MC-01,PRD-A,3,25500.0,2860.0,0,,0.5876723224487854,1,random_forest
SH-MC-01-2025051200,2025-05-12 00:00:00,LINE-A,MC-01,PRD-A,3,25500.0,2860.0,0,,0.07536655822382961,0,random_forest
SH-MC-01-2025051208,2025-05-12 08:00:00,LINE-A,MC-01,PRD-A,3,25500.0,2860.0,0,,0.08740510227518934,0,random_forest
SH-MC-01-2025051216,2025-05-12 16:00:00,LINE-A,MC-01,PRD-A,3,25500.0,2860.0,0,,0.08574277171451801,0,random_forest
SH-MC-01-2025051300,2025-05-13 00:00:00,LINE-A,MC-01,PRD-B,3,25500.0,2860.0,0,,0.10004821427526726,0,random_forest
SH-MC-01-2025051308,2025-05-13 08:00:00,LINE-A,MC-01,PRD-B,3,25500.0,2860.0,0,,0.08411857681532116,0,random_forest
SH-MC-01-2025051316,2025-05-13 16:00:00,LINE-A,MC-01,PRD-B,3,25500.0,2860.0,0,,0.171210787566399,1,random_forest
SH-MC-01-2025051400,2025-05-14 00:00:00,LINE-A,MC-01,PRD-B,3,25500.0,2860.0,0,,0.11029340408082966,0,random_forest
SH-MC-01-2025051408,2025-05-14 08:00:00,LINE-A,MC-01,PRD-B,3,25500.0,2860.0,0,,0.0884364721531737,0,random_forest
SH-MC-01-2025051416,2025-05-14 16:00:00,LINE-A,MC-01,PRD-B,3,25500.0,2860.0,0,,0.14942425157044803,1,random_forest
SH-MC-01-2025051500,2025-05-15 00:00:00,LINE-A,MC-01,PRD-C,3,25500.0,2860.0,0,,0.16466974991080296,1,random_forest
SH-MC-01-2025051508,2025-05-15 08:00:00,LINE-A,MC-01,PRD-C,3,25500.0,2860.0,1,24.0,0.2158171938271303,1,random_forest
SH-MC-01-2025051516,2025-05-15 16:00:00,LINE-A,MC-01,PRD-C,3,25500.0,2860.0,1,16.0,0.14908509380783555,1,random_forest
SH-MC-01-2025051600,2025-05-16 00:00:00,LINE-A,MC-01,PRD-C,3,25500.0,2860.0,1,8.0,0.1397754040877241,0,random_forest
SH-MC-01-2025051608,2025-05-16 08:00:00,LINE-A,MC-01,PRD-C,3,25500.0,2860.0,0,,0.20774311601304332,1,random_forest
SH-MC-01-2025051616,2025-05-16 16:00:00,LINE-A,MC-01,PRD-C,3,25500.0,2860.0,0,,0.05130329201611372,0,random_forest
SH-MC-01-2025051700,2025-05-17 00:00:00,LINE-A,MC-01,PRD-D,3,25500.0,2860.0,0,,0.04958533579760905,0,random_forest
SH-MC-01-2025051708,2025-05-17 08:00:00,LINE-A,MC-01,PRD-D,3,25500.0,2860.0,0,,0.051406041428556606,0,random_forest
SH-MC-01-2025051716,2025-05-17 16:00:00,LINE-A,MC-01,PRD-D,3,25500.0,2860.0,0,,0.07036123241555199,0,random_forest
SH-MC-01-2025051800,2025-05-18 00:00:00,LINE-A,MC-01,PRD-D,3,25500.0,2860.0,0,,0.061669990830269424,0,random_forest
SH-MC-01-2025051808,2025-05-18 08:00:00,LINE-A,MC-01,PRD-D,3,25500.0,2860.0,0,,0.06019122790891814,0,random_forest
SH-MC-01-2025051816,2025-05-18 16:00:00,LINE-A,MC-01,PRD-D,3,25500.0,2860.0,0,,0.05146079747763202,0,random_forest
SH-MC-01-2025051900,2025-05-19 00:00:00,LINE-A,MC-01,PRD-A,3,25500.0,2860.0,0,,0.07253750085288785,0,random_forest
SH-MC-01-2025051908,2025-05-19 08:00:00,LINE-A,MC-01,PRD-A,3,25500.0,2860.0,0,,0.09234484692204006,0,random_forest
SH-MC-01-2025051916,2025-05-19 16:00:00,LINE-A,MC-01,PRD-A,3,25500.0,2860.0,0,,0.08835251432607226,0,random_forest
SH-MC-01-2025052000,2025-05-20 00:00:00,LINE-A,MC-01,PRD-A,3,25500.0,2860.0,0,,0.1139190999328138,0,random_forest
SH-MC-01-2025052008,2025-05-20 08:00:00,LINE-A,MC-01,PRD-A,3,25500.0,2860.0,0,,0.12555684535791073,0,random_forest
SH-MC-01-2025052016,2025-05-20 16:00:00,LINE-A,MC-01,PRD-A,3,25500.0,2860.0,0,,0.1586300282000201,1,random_forest
SH-MC-01-2025052100,2025-05-21 00:00:00,LINE-A,MC-01,PRD-B,3,25500.0,2860.0,0,,0.25673947975596695,1,random_forest
SH-MC-01-2025052108,2025-05-21 08:00:00,LINE-A,MC-01,PRD-B,3,25500.0,2860.0,0,,0.1466573161772726,0,random_forest
SH-MC-01-2025052116,2025-05-21 16:00:00,LINE-A,MC-01,PRD-B,3,25500.0,2860.0,1,24.0,0.22163291272799124,1,random_forest
SH-MC-01-2025052200,2025-05-22 00:00:00,LINE-A,MC-01,PRD-B,3,25500.0,2860.0,1,16.0,0.23969737152492926,1,random_forest
SH-MC-01-2025052208,2025-05-22 08:00:00,LINE-A,MC-01,PRD-B,3,25500.0,2860.0,1,8.0,0.273676234032479,1,random_forest
SH-MC-01-2025052216,2025-05-22 16:00:00,LINE-A,MC-01,PRD-B,3,25500.0,2860.0,0,,0.2977228241483031,1,random_forest
SH-MC-01-2025052300,2025-05-23 00:00:00,LINE-A,MC-01,PRD-C,3,25500.0,2860.0,0,,0.04546650807582778,0,random_forest
SH-MC-01-2025052308,2025-05-23 08:00:00,LINE-A,MC-01,PRD-C,3,25500.0,2860.0,0,,0.04319055322516722,0,random_forest
SH-MC-01-2025052316,2025-05-23 16:00:00,LINE-A,MC-01,PRD-C,3,25500.0,2860.0,0,,0.0627748875480368,0,random_forest
SH-MC-01-2025052400,2025-05-24 00:00:00,LINE-A,MC-01,PRD-C,3,25500.0,2860.0,0,,0.0723189491975311,0,random_forest
SH-MC-01-2025052408,2025-05-24 08:00:00,LINE-A,MC-01,PRD-C,3,25500.0,2860.0,0,,0.06618221554900328,0,random_forest
SH-MC-01-2025052416,2025-05-24 16:00:00,LINE-A,MC-01,PRD-C,3,25500.0,2860.0,0,,0.0701229707280139,0,random_forest
SH-MC-01-2025052500,2025-05-25 00:00:00,LINE-A,MC-01,PRD-D,3,25500.0,2860.0,0,,0.07842585405224696,0,random_forest
SH-MC-01-2025052508,2025-05-25 08:00:00,LINE-A,MC-01,PRD-D,3,25500.0,2860.0,0,,0.07397291033109199,0,random_forest
SH-MC-01-2025052516,2025-05-25 16:00:00,LINE-A,MC-01,PRD-D,3,25500.0,2860.0,0,,0.09014756320784507,0,random_forest
SH-MC-01-2025052600,2025-05-26 00:00:00,LINE-A,MC-01,PRD-D,3,25500.0,2860.0,0,,0.09859112585680263,0,random_forest
SH-MC-01-2025052608,2025-05-26 08:00:00,LINE-A,MC-01,PRD-D,3,25500.0,2860.0,0,,0.12113340979748888,0,random_forest
SH-MC-01-2025052616,2025-05-26 16:00:00,LINE-A,MC-01,PRD-D,3,25500.0,2860.0,0,,0.17596138206638998,1,random_forest
SH-MC-01-2025052700,2025-05-27 00:00:00,LINE-A,MC-01,PRD-A,3,25500.0,2860.0,0,,0.14735508668544062,0,random_forest
SH-MC-01-2025052708,2025-05-27 08:00:00,LINE-A,MC-01,PRD-A,3,25500.0,2860.0,0,,0.21475240919908864,1,random_forest
SH-MC-01-2025052716,2025-05-27 16:00:00,LINE-A,MC-01,PRD-A,3,25500.0,2860.0,0,,0.1785682279545707,1,random_forest
SH-MC-01-2025052800,2025-05-28 00:00:00,LINE-A,MC-01,PRD-A,3,25500.0,2860.0,0,,0.2054662919703758,1,random_forest
SH-MC-01-2025052808,2025-05-28 08:00:00,LINE-A,MC-01,PRD-A,3,25500.0,2860.0,0,,0.20048086325579506,1,random_forest
SH-MC-01-2025052816,2025-05-28 16:00:00,LINE-A,MC-01,PRD-A,3,25500.0,2860.0,0,,0.2380483815461435,1,random_forest
SH-MC-01-2025052900,2025-05-29 00:00:00,LINE-A,MC-01,PRD-B,3,25500.0,2860.0,0,,0.24833177089553332,1,random_forest
SH-MC-01-2025052908,2025-05-29 08:00:00,LINE-A,MC-01,PRD-B,3,25500.0,2860.0,0,,0.2695683360241088,1,random_forest
SH-MC-01-2025052916,2025-05-29 16:00:00,LINE-A,MC-01,PRD-B,3,25500.0,2860.0,0,,0.23753289994356955,1,random_forest
SH-MC-01-2025053000,2025-05-30 00:00:00,LINE-A,MC-01,PRD-B,3,25500.0,2860.0,0,,0.36140729667233884,1,random_forest
SH-MC-01-2025053008,2025-05-30 08:00:00,LINE-A,MC-01,PRD-B,3,25500.0,2860.0,0,,0.39975646536574255,1,random_forest
SH-MC-01-2025053016,2025-05-30 16:00:00,LINE-A,MC-01,PRD-B,3,25500.0,2860.0,0,,0.4658738504448058,1,random_forest
SH-MC-01-2025053100,2025-05-31 00:00:00,LINE-A,MC-01,PRD-C,3,25500.0,2860.0,0,,0.5415101102246059,1,random_forest
SH-MC-01-2025053108,2025-05-31 08:00:00,LINE-A,MC-01,PRD-C,3,25500.0,2860.0,0,,0.5190643612401091,1,random_forest
SH-MC-01-2025053116,2025-05-31 16:00:00,LINE-A,MC-01,PRD-C,3,25500.0,2860.0,0,,0.5206563875097158,1,random_forest
SH-MC-01-2025060100,2025-06-01 00:00:00,LINE-A,MC-01,PRD-C,3,25500.0,2860.0,0,,0.11665034682942821,0,random_forest
SH-MC-01-2025060108,2025-06-01 08:00:00,LINE-A,MC-01,PRD-C,3,25500.0,2860.0,0,,0.14320427294737553,0,random_forest
SH-MC-01-2025060116,2025-06-01 16:00:00,LINE-A,MC-01,PRD-C,3,25500.0,2860.0,0,,0.14190729146392334,0,random_forest
SH-MC-01-2025060200,2025-06-02 00:00:00,LINE-A,MC-01,PRD-D,3,25500.0,2860.0,0,,0.1153316338950216,0,random_forest
SH-MC-01-2025060208,2025-06-02 08:00:00,LINE-A,MC-01,PRD-D,3,25500.0,2860.0,0,,0.15471474228168489,1,random_forest
SH-MC-01-2025060216,2025-06-02 16:00:00,LINE-A,MC-01,PRD-D,3,25500.0,2860.0,0,,0.19592242081098712,1,random_forest
SH-MC-01-2025060300,2025-06-03 00:00:00,LINE-A,MC-01,PRD-D,3,25500.0,2860.0,1,24.0,0.16187551510470724,1,random_forest
SH-MC-01-2025060308,2025-06-03 08:00:00,LINE-A,MC-01,PRD-D,3,25500.0,2860.0,1,16.0,0.15163948656816792,1,random_forest
SH-MC-01-2025060316,2025-06-03 16:00:00,LINE-A,MC-01,PRD-D,3,25500.0,2860.0,1,8.0,0.20335046976773297,1,random_forest
SH-MC-01-2025060400,2025-06-04 00:00:00,LINE-A,MC-01,PRD-A,3,25500.0,2860.0,1,16.0,0.1962605776132554,1,random_forest
SH-MC-01-2025060408,2025-06-04 08:00:00,LINE-A,MC-01,PRD-A,3,25500.0,2860.0,1,8.0,0.05252034525247056,0,random_forest
SH-MC-01-2025060416,2025-06-04 16:00:00,LINE-A,MC-01,PRD-A,3,25500.0,2860.0,0,,0.06793484712210836,0,random_forest
SH-MC-01-2025060500,2025-06-05 00:00:00,LINE-A,MC-01,PRD-A,3,25500.0,2860.0,0,,0.04945007632009281,0,random_forest
SH-MC-01-2025060508,2025-06-05 08:00:00,LINE-A,MC-01,PRD-A,3,25500.0,2860.0,0,,0.0462730650240871,0,random_forest
SH-MC-01-2025060516,2025-06-05 16:00:00,LINE-A,MC-01,PRD-A,3,25500.0,2860.0,0,,0.061077303313114194,0,random_forest
SH-MC-01-2025060600,2025-06-06 00:00:00,LINE-A,MC-01,PRD-B,3,25500.0,2860.0,0,,0.05865358329268959,0,random_forest
SH-MC-01-2025060608,2025-06-06 08:00:00,LINE-A,MC-01,PRD-B,3,25500.0,2860.0,0,,0.05145740818428898,0,random_forest
SH-MC-01-2025060616,2025-06-06 16:00:00,LINE-A,MC-01,PRD-B,3,25500.0,2860.0,0,,0.051486443797990215,0,random_forest
SH-MC-01-2025060700,2025-06-07 00:00:00,LINE-A,MC-01,PRD-B,3,25500.0,2860.0,0,,0.05315387765778453,0,random_forest
SH-MC-01-2025060708,2025-06-07 08:00:00,LINE-A,MC-01,PRD-B,3,25500.0,2860.0,0,,0.053931131708841056,0,random_forest
SH-MC-01-2025060716,2025-06-07 16:00:00,LINE-A,MC-01,PRD-B,3,25500.0,2860.0,0,,0.06396896602832948,0,random_forest
SH-MC-01-2025060800,2025-06-08 00:00:00,LINE-A,MC-01,PRD-C,3,25500.0,2860.0,0,,0.06318664889800742,0,random_forest
SH-MC-01-2025060808,2025-06-08 08:00:00,LINE-A,MC-01,PRD-C,3,25500.0,2860.0,0,,0.06227427928873146,0,random_forest
SH-MC-01-2025060816,2025-06-08 16:00:00,LINE-A,MC-01,PRD-C,3,25500.0,2860.0,0,,0.0718020404722214,0,random_forest
SH-MC-01-2025060900,2025-06-09 00:00:00,LINE-A,MC-01,PRD-C,3,25500.0,2860.0,0,,0.07449414376008358,0,random_forest
SH-MC-01-2025060908,2025-06-09 08:00:00,LINE-A,MC-01,PRD-C,3,25500.0,2860.0,0,,0.07671876968529233,0,random_forest
SH-MC-01-2025060916,2025-06-09 16:00:00,LINE-A,MC-01,PRD-C,3,25500.0,2860.0,0,,0.07347068801446828,0,random_forest
SH-MC-01-2025061000,2025-06-10 00:00:00,LINE-A,MC-01,PRD-D,3,25500.0,2860.0,0,,0.08742950094271704,0,random_forest
SH-MC-01-2025061008,2025-06-10 08:00:00,LINE-A,MC-01,PRD-D,3,25500.0,2860.0,0,,0.14245753190900032,0,random_forest
SH-MC-01-2025061016,2025-06-10 16:00:00,LINE-A,MC-01,PRD-D,3,25500.0,2860.0,0,,0.1162672032957898,0,random_forest
SH-MC-01-2025061100,2025-06-11 00:00:00,LINE-A,MC-01,PRD-D,3,25500.0,2860.0,0,,0.19899862300838556,1,random_forest
SH-MC-01-2025061108,2025-06-11 08:00:00,LINE-A,MC-01,PRD-D,3,25500.0,2860.0,0,,0.22068272934241456,1,random_forest
SH-MC-01-2025061116,2025-06-11 16:00:00,LINE-A,MC-01,PRD-D,3,25500.0,2860.0,0,,0.2039317217127174,1,random_forest
SH-MC-01-2025061200,2025-06-12 00:00:00,LINE-A,MC-01,PRD-A,3,25500.0,2860.0,1,24.0,0.23045148163673035,1,random_forest
SH-MC-01-2025061208,2025-06-12 08:00:00,LINE-A,MC-01,PRD-A,3,25500.0,2860.0,1,16.0,0.22289934497108124,1,random_forest
SH-MC-01-2025061216,2025-06-12 16:00:00,LINE-A,MC-01,PRD-A,3,25500.0,2860.0,1,8.0,0.1878113045551895,1,random_forest
SH-MC-01-2025061300,2025-06-13 00:00:00,LINE-A,MC-01,PRD-A,3,25500.0,2860.0,0,,0.21727235631415895,1,random_forest
SH-MC-01-2025061308,2025-06-13 08:00:00,LINE-A,MC-01,PRD-A,3,25500.0,2860.0,0,,0.06433504483266875,0,random_forest
SH-MC-01-2025061316,2025-06-13 16:00:00,LINE-A,MC-01,PRD-A,3,25500.0,2860.0,0,,0.06966279369709971,0,random_forest
SH-MC-01-2025061400,2025-06-14 00:00:00,LINE-A,MC-01,PRD-B,3,25500.0,2860.0,0,,0.06420305391097239,0,random_forest
SH-MC-01-2025061408,2025-06-14 08:00:00,LINE-A,MC-01,PRD-B,3,25500.0,2860.0,0,,0.0658934894739336,0,random_forest
SH-MC-01-2025061416,2025-06-14 16:00:00,LINE-A,MC-01,PRD-B,3,25500.0,2860.0,0,,0.07801975296111233,0,random_forest
SH-MC-01-2025061500,2025-06-15 00:00:00,LINE-A,MC-01,PRD-B,3,25500.0,2860.0,0,,0.0855136969121079,0,random_forest
SH-MC-01-2025061508,2025-06-15 08:00:00,LINE-A,MC-01,PRD-B,3,25500.0,2860.0,0,,0.08707769970445303,0,random_forest
SH-MC-01-2025061516,2025-06-15 16:00:00,LINE-A,MC-01,PRD-B,3,25500.0,2860.0,0,,0.08363095221589649,0,random_forest
SH-MC-01-2025061600,2025-06-16 00:00:00,LINE-A,MC-01,PRD-C,3,25500.0,2860.0,0,,0.11357102182139453,0,random_forest
SH-MC-01-2025061608,2025-06-16 08:00:00,LINE-A,MC-01,PRD-C,3,25500.0,2860.0,0,,0.11888881473653812,0,random_forest
SH-MC-01-2025061616,2025-06-16 16:00:00,LINE-A,MC-01,PRD-C,3,25500.0,2860.0,0,,0.1199810004440978,0,random_forest
SH-MC-01-2025061700,2025-06-17 00:00:00,LINE-A,MC-01,PRD-C,3,25500.0,2860.0,0,,0.17497541801893957,1,random_forest
SH-MC-01-2025061708,2025-06-17 08:00:00,LINE-A,MC-01,PRD-C,3,25500.0,2860.0,0,,0.15616220673158412,1,random_forest
SH-MC-01-2025061716,2025-06-17 16:00:00,LINE-A,MC-01,PRD-C,3,25500.0,2860.0,0,,0.22574764607496042,1,random_forest
SH-MC-01-2025061800,2025-06-18 00:00:00,LINE-A,MC-01,PRD-D,3,25500.0,2860.0,1,24.0,0.26230211856449887,1,random_forest
SH-MC-01-2025061808,2025-06-18 08:00:00,LINE-A,MC-01,PRD-D,3,25500.0,2860.0,1,16.0,0.2226309003489287,1,random_forest
SH-MC-01-2025061816,2025-06-18 16:00:00,LINE-A,MC-01,PRD-D,3,25500.0,2860.0,1,8.0,0.2274173351950298,1,random_forest
SH-MC-01-2025061900,2025-06-19 00:00:00,LINE-A,MC-01,PRD-D,3,25500.0,2860.0,0,,0.2582858261817402,1,random_forest
SH-MC-01-2025061908,2025-06-19 08:00:00,LINE-A,MC-01,PRD-D,3,25500.0,2860.0,0,,0.047899275724824324,0,random_forest
SH-MC-01-2025061916,2025-06-19 16:00:00,LINE-A,MC-01,PRD-D,3,25500.0,2860.0,0,,0.06230810204017922,0,random_forest
SH-MC-01-2025062000,2025-06-20 00:00:00,LINE-A,MC-01,PRD-A,3,25500.0,2860.0,0,,0.07919416680004188,0,random_forest
SH-MC-01-2025062008,2025-06-20 08:00:00,LINE-A,MC-01,PRD-A,3,25500.0,2860.0,0,,0.07243306102946834,0,random_forest
SH-MC-01-2025062016,2025-06-20 16:00:00,LINE-A,MC-01,PRD-A,3,25500.0,2860.0,0,,0.08115874831517335,0,random_forest
SH-MC-01-2025062100,2025-06-21 00:00:00,LINE-A,MC-01,PRD-A,3,25500.0,2860.0,0,,0.06893114426108668,0,random_forest
SH-MC-01-2025062108,2025-06-21 08:00:00,LINE-A,MC-01,PRD-A,3,25500.0,2860.0,0,,0.08368073655546579,0,random_forest
SH-MC-01-2025062116,2025-06-21 16:00:00,LINE-A,MC-01,PRD-A,3,25500.0,2860.0,0,,0.08412781356277922,0,random_forest
SH-MC-01-2025062200,2025-06-22 00:00:00,LINE-A,MC-01,PRD-B,3,25500.0,2860.0,0,,0.1029843215067196,0,random_forest
SH-MC-01-2025062208,2025-06-22 08:00:00,LINE-A,MC-01,PRD-B,3,25500.0,2860.0,0,,0.10007463842947778,0,random_forest
SH-MC-01-2025062216,2025-06-22 16:00:00,LINE-A,MC-01,PRD-B,3,25500.0,2860.0,0,,0.12051885600679739,0,random_forest
SH-MC-01-2025062300,2025-06-23 00:00:00,LINE-A,MC-01,PRD-B,3,25500.0,2860.0,0,,0.1660577367061043,1,random_forest
SH-MC-01-2025062308,2025-06-23 08:00:00,LINE-A,MC-01,PRD-B,3,25500.0,2860.0,0,,0.1558855617304045,1,random_forest
SH-MC-01-2025062316,2025-06-23 16:00:00,LINE-A,MC-01,PRD-B,3,25500.0,2860.0,0,,0.13352740504989016,0,random_forest
SH-MC-01-2025062400,2025-06-24 00:00:00,LINE-A,MC-01,PRD-C,3,25500.0,2860.0,0,,0.18625527164847303,1,random_forest
SH-MC-01-2025062408,2025-06-24 08:00:00,LINE-A,MC-01,PRD-C,3,25500.0,2860.0,0,,0.1976469333713224,1,random_forest
SH-MC-01-2025062416,2025-06-24 16:00:00,LINE-A,MC-01,PRD-C,3,25500.0,2860.0,0,,0.2369688152959969,1,random_forest
SH-MC-01-2025062500,2025-06-25 00:00:00,LINE-A,MC-01,PRD-C,3,25500.0,2860.0,0,,0.2749094587429073,1,random_forest
SH-MC-01-2025062508,2025-06-25 08:00:00,LINE-A,MC-01,PRD-C,3,25500.0,2860.0,0,,0.20008538499215692,1,random_forest
SH-MC-01-2025062516,2025-06-25 16:00:00,LINE-A,MC-01,PRD-C,3,25500.0,2860.0,0,,0.25700163907216694,1,random_forest
SH-MC-01-2025062600,2025-06-26 00:00:00,LINE-A,MC-01,PRD-D,3,25500.0,2860.0,1,24.0,0.2770657314295223,1,random_forest
SH-MC-01-2025062608,2025-06-26 08:00:00,LINE-A,MC-01,PRD-D,3,25500.0,2860.0,1,16.0,0.32878516773004296,1,random_forest
SH-MC-01-2025062616,2025-06-26 16:00:00,LINE-A,MC-01,PRD-D,3,25500.0,2860.0,1,8.0,0.2753950456027499,1,random_forest
SH-MC-01-2025062700,2025-06-27 00:00:00,LINE-A,MC-01,PRD-D,3,25500.0,2860.0,0,,0.49091542446389097,1,random_forest
SH-MC-01-2025062708,2025-06-27 08:00:00,LINE-A,MC-01,PRD-D,3,25500.0,2860.0,0,,0.05773300327548737,0,random_forest
SH-MC-01-2025062716,2025-06-27 16:00:00,LINE-A,MC-01,PRD-D,3,25500.0,2860.0,0,,0.0769625641367617,0,random_forest
SH-MC-01-2025062800,2025-06-28 00:00:00,LINE-A,MC-01,PRD-A,3,25500.0,2860.0,0,,0.07829822392061879,0,random_forest
SH-MC-01-2025062808,2025-06-28 08:00:00,LINE-A,MC-01,PRD-A,3,25500.0,2860.0,0,,0.08490360029880863,0,random_forest
SH-MC-01-2025062816,2025-06-28 16:00:00,LINE-A,MC-01,PRD-A,3,25500.0,2860.0,0,,0.06865913740371538,0,random_forest
SH-MC-01-2025062900,2025-06-29 00:00:00,LINE-A,MC-01,PRD-A,3,25500.0,2860.0,0,,0.09402939998566441,0,random_forest
SH-MC-01-2025062908,2025-06-29 08:00:00,LINE-A,MC-01,PRD-A,3,25500.0,2860.0,0,,0.08379360585911896,0,random_forest
SH-MC-01-2025062916,2025-06-29 16:00:00,LINE-A,MC-01,PRD-A,3,25500.0,2860.0,0,,0.09079739986160722,0,random_forest
SH-MC-02-2025030100,2025-03-01 00:00:00,LINE-A,MC-02,PRD-B,4,31000.0,3460.0,0,,0.0431725221692803,0,random_forest
SH-MC-02-2025030108,2025-03-01 08:00:00,LINE-A,MC-02,PRD-B,4,31000.0,3460.0,0,,0.0419931815559494,0,random_forest
SH-MC-02-2025030116,2025-03-01 16:00:00,LINE-A,MC-02,PRD-B,4,31000.0,3460.0,0,,0.05426437063963584,0,random_forest
SH-MC-02-2025030200,2025-03-02 00:00:00,LINE-A,MC-02,PRD-C,4,31000.0,3460.0,0,,0.05631050038265049,0,random_forest
SH-MC-02-2025030208,2025-03-02 08:00:00,LINE-A,MC-02,PRD-C,4,31000.0,3460.0,0,,0.05123092497100701,0,random_forest
SH-MC-02-2025030216,2025-03-02 16:00:00,LINE-A,MC-02,PRD-C,4,31000.0,3460.0,0,,0.05551201501923104,0,random_forest
SH-MC-02-2025030300,2025-03-03 00:00:00,LINE-A,MC-02,PRD-C,4,31000.0,3460.0,0,,0.06991346253036872,0,random_forest
SH-MC-02-2025030308,2025-03-03 08:00:00,LINE-A,MC-02,PRD-C,4,31000.0,3460.0,1,24.0,0.07042739148922848,0,random_forest
SH-MC-02-2025030316,2025-03-03 16:00:00,LINE-A,MC-02,PRD-C,4,31000.0,3460.0,1,16.0,0.0838925113832733,0,random_forest
SH-MC-02-2025030400,2025-03-04 00:00:00,LINE-A,MC-02,PRD-D,4,31000.0,3460.0,1,8.0,0.0804173956426389,0,random_forest
SH-MC-02-2025030408,2025-03-04 08:00:00,LINE-A,MC-02,PRD-D,4,31000.0,3460.0,0,,0.13418262512178789,0,random_forest
SH-MC-02-2025030416,2025-03-04 16:00:00,LINE-A,MC-02,PRD-D,4,31000.0,3460.0,0,,0.040382633396461094,0,random_forest
SH-MC-02-2025030500,2025-03-05 00:00:00,LINE-A,MC-02,PRD-D,4,31000.0,3460.0,0,,0.04099289418009368,0,random_forest
SH-MC-02-2025030508,2025-03-05 08:00:00,LINE-A,MC-02,PRD-D,4,31000.0,3460.0,0,,0.04958387645323161,0,random_forest
SH-MC-02-2025030516,2025-03-05 16:00:00,LINE-A,MC-02,PRD-D,4,31000.0,3460.0,0,,0.05164231456797612,0,random_forest
SH-MC-02-2025030600,2025-03-06 00:00:00,LINE-A,MC-02,PRD-A,4,31000.0,3460.0,0,,0.05431201969216148,0,random_forest
SH-MC-02-2025030608,2025-03-06 08:00:00,LINE-A,MC-02,PRD-A,4,31000.0,3460.0,0,,0.057384298488537586,0,random_forest
SH-MC-02-2025030616,2025-03-06 16:00:00,LINE-A,MC-02,PRD-A,4,31000.0,3460.0,0,,0.05010084158149531,0,random_forest
SH-MC-02-2025030700,2025-03-07 00:00:00,LINE-A,MC-02,PRD-A,4,31000.0,3460.0,0,,0.053610272986708674,0,random_forest
SH-MC-02-2025030708,2025-03-07 08:00:00,LINE-A,MC-02,PRD-A,4,31000.0,3460.0,0,,0.06186040709358299,0,random_forest
SH-MC-02-2025030716,2025-03-07 16:00:00,LINE-A,MC-02,PRD-A,4,31000.0,3460.0,0,,0.0789223990919891,0,random_forest
SH-MC-02-2025030800,2025-03-08 00:00:00,LINE-A,MC-02,PRD-B,4,31000.0,3460.0,0,,0.09484606603512638,0,random_forest
SH-MC-02-2025030808,2025-03-08 08:00:00,LINE-A,MC-02,PRD-B,4,31000.0,3460.0,0,,0.11443958808474228,0,random_forest
SH-MC-02-2025030816,2025-03-08 16:00:00,LINE-A,MC-02,PRD-B,4,31000.0,3460.0,0,,0.1428635837677873,0,random_forest
SH-MC-02-2025030900,2025-03-09 00:00:00,LINE-A,MC-02,PRD-B,4,31000.0,3460.0,0,,0.16525113933039512,1,random_forest
SH-MC-02-2025030908,2025-03-09 08:00:00,LINE-A,MC-02,PRD-B,4,31000.0,3460.0,0,,0.16959838227184507,1,random_forest
SH-MC-02-2025030916,2025-03-09 16:00:00,LINE-A,MC-02,PRD-B,4,31000.0,3460.0,0,,0.16940625424334255,1,random_forest
SH-MC-02-2025031000,2025-03-10 00:00:00,LINE-A,MC-02,PRD-C,4,31000.0,3460.0,0,,0.14135738496443567,0,random_forest
SH-MC-02-2025031008,2025-03-10 08:00:00,LINE-A,MC-02,PRD-C,4,31000.0,3460.0,0,,0.19857375811300892,1,random_forest
SH-MC-02-2025031016,2025-03-10 16:00:00,LINE-A,MC-02,PRD-C,4,31000.0,3460.0,1,24.0,0.23343910487445213,1,random_forest
SH-MC-02-2025031100,2025-03-11 00:00:00,LINE-A,MC-02,PRD-C,4,31000.0,3460.0,1,16.0,0.25801641444807905,1,random_forest
SH-MC-02-2025031108,2025-03-11 08:00:00,LINE-A,MC-02,PRD-C,4,31000.0,3460.0,1,8.0,0.2719562142298134,1,random_forest
SH-MC-02-2025031116,2025-03-11 16:00:00,LINE-A,MC-02,PRD-C,4,31000.0,3460.0,0,,0.272367799395411,1,random_forest
SH-MC-02-2025031200,2025-03-12 00:00:00,LINE-A,MC-02,PRD-D,4,31000.0,3460.0,0,,0.041888422396590366,0,random_forest
SH-MC-02-2025031208,2025-03-12 08:00:00,LINE-A,MC-02,PRD-D,4,31000.0,3460.0,0,,0.03880922679694105,0,random_forest
SH-MC-02-2025031216,2025-03-12 16:00:00,LINE-A,MC-02,PRD-D,4,31000.0,3460.0,0,,0.06341442622110811,0,random_forest
SH-MC-02-2025031300,2025-03-13 00:00:00,LINE-A,MC-02,PRD-D,4,31000.0,3460.0,0,,0.043925914611033345,0,random_forest
SH-MC-02-2025031308,2025-03-13 08:00:00,LINE-A,MC-02,PRD-D,4,31000.0,3460.0,0,,0.05237215236647364,0,random_forest
SH-MC-02-2025031316,2025-03-13 16:00:00,LINE-A,MC-02,PRD-D,4,31000.0,3460.0,0,,0.06233781339622801,0,random_forest
SH-MC-02-2025031400,2025-03-14 00:00:00,LINE-A,MC-02,PRD-A,4,31000.0,3460.0,0,,0.05735753406677164,0,random_forest
SH-MC-02-2025031408,2025-03-14 08:00:00,LINE-A,MC-02,PRD-A,4,31000.0,3460.0,0,,0.05948017524898563,0,random_forest
SH-MC-02-2025031416,2025-03-14 16:00:00,LINE-A,MC-02,PRD-A,4,31000.0,3460.0,0,,0.06876929000004468,0,random_forest
SH-MC-02-2025031500,2025-03-15 00:00:00,LINE-A,MC-02,PRD-A,4,31000.0,3460.0,0,,0.13273980664626486,0,random_forest
SH-MC-02-2025031508,2025-03-15 08:00:00,LINE-A,MC-02,PRD-A,4,31000.0,3460.0,0,,0.0828099916884033,0,random_forest
SH-MC-02-2025031516,2025-03-15 16:00:00,LINE-A,MC-02,PRD-A,4,31000.0,3460.0,0,,0.11096515021980474,0,random_forest
SH-MC-02-2025031600,2025-03-16 00:00:00,LINE-A,MC-02,PRD-B,4,31000.0,3460.0,0,,0.15923197456532015,1,random_forest
SH-MC-02-2025031608,2025-03-16 08:00:00,LINE-A,MC-02,PRD-B,4,31000.0,3460.0,0,,0.14085054819776388,0,random_forest
SH-MC-02-2025031616,2025-03-16 16:00:00,LINE-A,MC-02,PRD-B,4,31000.0,3460.0,0,,0.22156094199133375,1,random_forest
SH-MC-02-2025031700,2025-03-17 00:00:00,LINE-A,MC-02,PRD-B,4,31000.0,3460.0,0,,0.2323338718876677,1,random_forest
SH-MC-02-2025031708,2025-03-17 08:00:00,LINE-A,MC-02,PRD-B,4,31000.0,3460.0,0,,0.2950663671157231,1,random_forest
SH-MC-02-2025031716,2025-03-17 16:00:00,LINE-A,MC-02,PRD-B,4,31000.0,3460.0,0,,0.25368467930751765,1,random_forest
SH-MC-02-2025031800,2025-03-18 00:00:00,LINE-A,MC-02,PRD-C,4,31000.0,3460.0,0,,0.27864537692022207,1,random_forest
SH-MC-02-2025031808,2025-03-18 08:00:00,LINE-A,MC-02,PRD-C,4,31000.0,3460.0,0,,0.2618874789802079,1,random_forest
SH-MC-02-2025031816,2025-03-18 16:00:00,LINE-A,MC-02,PRD-C,4,31000.0,3460.0,0,,0.3339718004236794,1,random_forest
SH-MC-02-2025031900,2025-03-19 00:00:00,LINE-A,MC-02,PRD-C,4,31000.0,3460.0,1,24.0,0.3882249880225276,1,random_forest
SH-MC-02-2025031908,2025-03-19 08:00:00,LINE-A,MC-02,PRD-C,4,31000.0,3460.0,1,16.0,0.3783394434208034,1,random_forest
SH-MC-02-2025031916,2025-03-19 16:00:00,LINE-A,MC-02,PRD-C,4,31000.0,3460.0,1,8.0,0.4134303183187127,1,random_forest
SH-MC-02-2025032000,2025-03-20 00:00:00,LINE-A,MC-02,PRD-D,4,31000.0,3460.0,0,,0.5970673464872657,1,random_forest
SH-MC-02-2025032008,2025-03-20 08:00:00,LINE-A,MC-02,PRD-D,4,31000.0,3460.0,0,,0.04609153375597198,0,random_forest
SH-MC-02-2025032016,2025-03-20 16:00:00,LINE-A,MC-02,PRD-D,4,31000.0,3460.0,0,,0.04288572390959079,0,random_forest
SH-MC-02-2025032100,2025-03-21 00:00:00,LINE-A,MC-02,PRD-D,4,31000.0,3460.0,0,,0.048825072112774856,0,random_forest
SH-MC-02-2025032108,2025-03-21 08:00:00,LINE-A,MC-02,PRD-D,4,31000.0,3460.0,0,,0.04983156931244307,0,random_forest
SH-MC-02-2025032116,2025-03-21 16:00:00,LINE-A,MC-02,PRD-D,4,31000.0,3460.0,0,,0.055356420413843456,0,random_forest
SH-MC-02-2025032200,2025-03-22 00:00:00,LINE-A,MC-02,PRD-A,4,31000.0,3460.0,0,,0.06792865376774111,0,random_forest
SH-MC-02-2025032208,2025-03-22 08:00:00,LINE-A,MC-02,PRD-A,4,31000.0,3460.0,0,,0.07201516990615989,0,random_forest
SH-MC-02-2025032216,2025-03-22 16:00:00,LINE-A,MC-02,PRD-A,4,31000.0,3460.0,1,24.0,0.07424562583384481,0,random_forest
SH-MC-02-2025032300,2025-03-23 00:00:00,LINE-A,MC-02,PRD-A,4,31000.0,3460.0,1,16.0,0.10143411610816275,0,random_forest
SH-MC-02-2025032308,2025-03-23 08:00:00,LINE-A,MC-02,PRD-A,4,31000.0,3460.0,1,8.0,0.13797650628248492,0,random_forest
SH-MC-02-2025032316,2025-03-23 16:00:00,LINE-A,MC-02,PRD-A,4,31000.0,3460.0,0,,0.14601877543416372,0,random_forest
SH-MC-02-2025032400,2025-03-24 00:00:00,LINE-A,MC-02,PRD-B,4,31000.0,3460.0,0,,0.04665352511025286,0,random_forest
SH-MC-02-2025032408,2025-03-24 08:00:00,LINE-A,MC-02,PRD-B,4,31000.0,3460.0,0,,0.0419634260820168,0,random_forest
SH-MC-02-2025032416,2025-03-24 16:00:00,LINE-A,MC-02,PRD-B,4,31000.0,3460.0,0,,0.05148655375019117,0,random_forest
SH-MC-02-2025032500,2025-03-25 00:00:00,LINE-A,MC-02,PRD-B,4,31000.0,3460.0,0,,0.04764928009494448,0,random_forest
SH-MC-02-2025032508,2025-03-25 08:00:00,LINE-A,MC-02,PRD-B,4,31000.0,3460.0,0,,0.0512346756458982,0,random_forest
SH-MC-02-2025032516,2025-03-25 16:00:00,LINE-A,MC-02,PRD-B,4,31000.0,3460.0,0,,0.051465239063685594,0,random_forest
SH-MC-02-2025032600,2025-03-26 00:00:00,LINE-A,MC-02,PRD-C,4,31000.0,3460.0,0,,0.05075116578313073,0,random_forest
SH-MC-02-2025032608,2025-03-26 08:00:00,LINE-A,MC-02,PRD-C,4,31000.0,3460.0,0,,0.054118705003413564,0,random_forest
SH-MC-02-2025032616,2025-03-26 16:00:00,LINE-A,MC-02,PRD-C,4,31000.0,3460.0,0,,0.06807239031886961,0,random_forest
SH-MC-02-2025032700,2025-03-27 00:00:00,LINE-A,MC-02,PRD-C,4,31000.0,3460.0,0,,0.07361446787910589,0,random_forest
SH-MC-02-2025032708,2025-03-27 08:00:00,LINE-A,MC-02,PRD-C,4,31000.0,3460.0,0,,0.0971764626165726,0,random_forest
SH-MC-02-2025032716,2025-03-27 16:00:00,LINE-A,MC-02,PRD-C,4,31000.0,3460.0,0,,0.11441404636048469,0,random_forest
SH-MC-02-2025032800,2025-03-28 00:00:00,LINE-A,MC-02,PRD-D,4,31000.0,3460.0,0,,0.13214078453865993,0,random_forest
SH-MC-02-2025032808,2025-03-28 08:00:00,LINE-A,MC-02,PRD-D,4,31000.0,3460.0,0,,0.1836344648930363,1,random_forest
SH-MC-02-2025032816,2025-03-28 16:00:00,LINE-A,MC-02,PRD-D,4,31000.0,3460.0,0,,0.21082175156780777,1,random_forest
SH-MC-02-2025032900,2025-03-29 00:00:00,LINE-A,MC-02,PRD-D,4,31000.0,3460.0,0,,0.25269882100941515,1,random_forest
SH-MC-02-2025032908,2025-03-29 08:00:00,LINE-A,MC-02,PRD-D,4,31000.0,3460.0,0,,0.25637564231485355,1,random_forest
SH-MC-02-2025032916,2025-03-29 16:00:00,LINE-A,MC-02,PRD-D,4,31000.0,3460.0,0,,0.2776916053710055,1,random_forest
SH-MC-02-2025033000,2025-03-30 00:00:00,LINE-A,MC-02,PRD-A,4,31000.0,3460.0,0,,0.33712659973867837,1,random_forest
SH-MC-02-2025033008,2025-03-30 08:00:00,LINE-A,MC-02,PRD-A,4,31000.0,3460.0,0,,0.31336588677010313,1,random_forest
SH-MC-02-2025033016,2025-03-30 16:00:00,LINE-A,MC-02,PRD-A,4,31000.0,3460.0,0,,0.3151410120394649,1,random_forest
SH-MC-02-2025033100,2025-03-31 00:00:00,LINE-A,MC-02,PRD-A,4,31000.0,3460.0,0,,0.28938037910294995,1,random_forest
SH-MC-02-2025033108,2025-03-31 08:00:00,LINE-A,MC-02,PRD-A,4,31000.0,3460.0,0,,0.34240786231057896,1,random_forest
SH-MC-02-2025033116,2025-03-31 16:00:00,LINE-A,MC-02,PRD-A,4,31000.0,3460.0,0,,0.38206956862004376,1,random_forest
SH-MC-02-2025040100,2025-04-01 00:00:00,LINE-A,MC-02,PRD-B,4,31000.0,3460.0,0,,0.3337111070643317,1,random_forest
SH-MC-02-2025040108,2025-04-01 08:00:00,LINE-A,MC-02,PRD-B,4,31000.0,3460.0,1,24.0,0.5371404376686849,1,random_forest
SH-MC-02-2025040116,2025-04-01 16:00:00,LINE-A,MC-02,PRD-B,4,31000.0,3460.0,1,16.0,0.5399626741728475,1,random_forest
SH-MC-02-2025040200,2025-04-02 00:00:00,LINE-A,MC-02,PRD-B,4,31000.0,3460.0,1,8.0,0.46551565636132114,1,random_forest
SH-MC-02-2025040208,2025-04-02 08:00:00,LINE-A,MC-02,PRD-B,4,31000.0,3460.0,0,,0.5157341663352086,1,random_forest
SH-MC-02-2025040216,2025-04-02 16:00:00,LINE-A,MC-02,PRD-B,4,31000.0,3460.0,0,,0.045929043593830175,0,random_forest
SH-MC-02-2025040300,2025-04-03 00:00:00,LINE-A,MC-02,PRD-C,4,31000.0,3460.0,0,,0.052563482101597316,0,random_forest
SH-MC-02-2025040308,2025-04-03 08:00:00,LINE-A,MC-02,PRD-C,4,31000.0,3460.0,0,,0.04960104351697985,0,random_forest
SH-MC-02-2025040316,2025-04-03 16:00:00,LINE-A,MC-02,PRD-C,4,31000.0,3460.0,0,,0.04800006640254906,0,random_forest
SH-MC-02-2025040400,2025-04-04 00:00:00,LINE-A,MC-02,PRD-C,4,31000.0,3460.0,0,,0.0632801068791262,0,random_forest
SH-MC-02-2025040408,2025-04-04 08:00:00,LINE-A,MC-02,PRD-C,4,31000.0,3460.0,0,,0.06308503971763833,0,random_forest
SH-MC-02-2025040416,2025-04-04 16:00:00,LINE-A,MC-02,PRD-C,4,31000.0,3460.0,0,,0.083452697342596,0,random_forest
SH-MC-02-2025040500,2025-04-05 00:00:00,LINE-A,MC-02,PRD-D,4,31000.0,3460.0,0,,0.08074245923218808,0,random_forest
SH-MC-02-2025040508,2025-04-05 08:00:00,LINE-A,MC-02,PRD-D,4,31000.0,3460.0,0,,0.13462200328201246,0,random_forest
SH-MC-02-2025040516,2025-04-05 16:00:00,LINE-A,MC-02,PRD-D,4,31000.0,3460.0,0,,0.11272406723326701,0,random_forest
SH-MC-02-2025040600,2025-04-06 00:00:00,LINE-A,MC-02,PRD-D,4,31000.0,3460.0,0,,0.18574428891925865,1,random_forest
SH-MC-02-2025040608,2025-04-06 08:00:00,LINE-A,MC-02,PRD-D,4,31000.0,3460.0,1,24.0,0.16808730275581424,1,random_forest
SH-MC-02-2025040616,2025-04-06 16:00:00,LINE-A,MC-02,PRD-D,4,31000.0,3460.0,1,16.0,0.1853654898723839,1,random_forest
SH-MC-02-2025040700,2025-04-07 00:00:00,LINE-A,MC-02,PRD-A,4,31000.0,3460.0,1,8.0,0.18122636538524567,1,random_forest
SH-MC-02-2025040708,2025-04-07 08:00:00,LINE-A,MC-02,PRD-A,4,31000.0,3460.0,0,,0.21936416749357474,1,random_forest
SH-MC-02-2025040716,2025-04-07 16:00:00,LINE-A,MC-02,PRD-A,4,31000.0,3460.0,0,,0.041882964061234575,0,random_forest
SH-MC-02-2025040800,2025-04-08 00:00:00,LINE-A,MC-02,PRD-A,4,31000.0,3460.0,0,,0.03811431563103482,0,random_forest
SH-MC-02-2025040808,2025-04-08 08:00:00,LINE-A,MC-02,PRD-A,4,31000.0,3460.0,0,,0.040712522775672305,0,random_forest
SH-MC-02-2025040816,2025-04-08 16:00:00,LINE-A,MC-02,PRD-A,4,31000.0,3460.0,0,,0.03806759330097158,0,random_forest
SH-MC-02-2025040900,2025-04-09 00:00:00,LINE-A,MC-02,PRD-B,4,31000.0,3460.0,0,,0.039664996463689324,0,random_forest
SH-MC-02-2025040908,2025-04-09 08:00:00,LINE-A,MC-02,PRD-B,4,31000.0,3460.0,0,,0.04433638750002831,0,random_forest
SH-MC-02-2025040916,2025-04-09 16:00:00,LINE-A,MC-02,PRD-B,4,31000.0,3460.0,0,,0.06343042426399467,0,random_forest
SH-MC-02-2025041000,2025-04-10 00:00:00,LINE-A,MC-02,PRD-B,4,31000.0,3460.0,0,,0.06413113136642477,0,random_forest
SH-MC-02-2025041008,2025-04-10 08:00:00,LINE-A,MC-02,PRD-B,4,31000.0,3460.0,0,,0.08747091336600644,0,random_forest
SH-MC-02-2025041016,2025-04-10 16:00:00,LINE-A,MC-02,PRD-B,4,31000.0,3460.0,1,24.0,0.07903993218937078,0,random_forest
SH-MC-02-2025041100,2025-04-11 00:00:00,LINE-A,MC-02,PRD-C,4,31000.0,3460.0,1,16.0,0.11544491999579648,0,random_forest
SH-MC-02-2025041108,2025-04-11 08:00:00,LINE-A,MC-02,PRD-C,4,31000.0,3460.0,1,8.0,0.09458671440853299,0,random_forest
SH-MC-02-2025041116,2025-04-11 16:00:00,LINE-A,MC-02,PRD-C,4,31000.0,3460.0,0,,0.19841235244273162,1,random_forest
SH-MC-02-2025041200,2025-04-12 00:00:00,LINE-A,MC-02,PRD-C,4,31000.0,3460.0,0,,0.03931105535056416,0,random_forest
SH-MC-02-2025041208,2025-04-12 08:00:00,LINE-A,MC-02,PRD-C,4,31000.0,3460.0,0,,0.03785997339275349,0,random_forest
SH-MC-02-2025041216,2025-04-12 16:00:00,LINE-A,MC-02,PRD-C,4,31000.0,3460.0,0,,0.039193148871064024,0,random_forest
SH-MC-02-2025041300,2025-04-13 00:00:00,LINE-A,MC-02,PRD-D,4,31000.0,3460.0,0,,0.047740125806544666,0,random_forest
SH-MC-02-2025041308,2025-04-13 08:00:00,LINE-A,MC-02,PRD-D,4,31000.0,3460.0,0,,0.051360987529605204,0,random_forest
SH-MC-02-2025041316,2025-04-13 16:00:00,LINE-A,MC-02,PRD-D,4,31000.0,3460.0,0,,0.04796807748088887,0,random_forest
SH-MC-02-2025041400,2025-04-14 00:00:00,LINE-A,MC-02,PRD-D,4,31000.0,3460.0,0,,0.04953033086035463,0,random_forest
SH-MC-02-2025041408,2025-04-14 08:00:00,LINE-A,MC-02,PRD-D,4,31000.0,3460.0,0,,0.056640392110876424,0,random_forest
SH-MC-02-2025041416,2025-04-14 16:00:00,LINE-A,MC-02,PRD-D,4,31000.0,3460.0,0,,0.05167360865915466,0,random_forest
SH-MC-02-2025041500,2025-04-15 00:00:00,LINE-A,MC-02,PRD-A,4,31000.0,3460.0,0,,0.06939396994963301,0,random_forest
SH-MC-02-2025041508,2025-04-15 08:00:00,LINE-A,MC-02,PRD-A,4,31000.0,3460.0,0,,0.07781808813314359,0,random_forest
SH-MC-02-2025041516,2025-04-15 16:00:00,LINE-A,MC-02,PRD-A,4,31000.0,3460.0,0,,0.1198895356605599,0,random_forest
SH-MC-02-2025041600,2025-04-16 00:00:00,LINE-A,MC-02,PRD-A,4,31000.0,3460.0,0,,0.1212715023592818,0,random_forest
SH-MC-02-2025041608,2025-04-16 08:00:00,LINE-A,MC-02,PRD-A,4,31000.0,3460.0,0,,0.13025858663253964,0,random_forest
SH-MC-02-2025041616,2025-04-16 16:00:00,LINE-A,MC-02,PRD-A,4,31000.0,3460.0,0,,0.18921167755455762,1,random_forest
SH-MC-02-2025041700,2025-04-17 00:00:00,LINE-A,MC-02,PRD-B,4,31000.0,3460.0,0,,0.20997562421659233,1,random_forest
SH-MC-02-2025041708,2025-04-17 08:00:00,LINE-A,MC-02,PRD-B,4,31000.0,3460.0,0,,0.28593242103899885,1,random_forest
SH-MC-02-2025041716,2025-04-17 16:00:00,LINE-A,MC-02,PRD-B,4,31000.0,3460.0,0,,0.22665903431657372,1,random_forest
SH-MC-02-2025041800,2025-04-18 00:00:00,LINE-A,MC-02,PRD-B,4,31000.0,3460.0,0,,0.2806489989265552,1,random_forest
SH-MC-02-2025041808,2025-04-18 08:00:00,LINE-A,MC-02,PRD-B,4,31000.0,3460.0,0,,0.285045084598799,1,random_forest
SH-MC-02-2025041816,2025-04-18 16:00:00,LINE-A,MC-02,PRD-B,4,31000.0,3460.0,0,,0.2997748516068672,1,random_forest
SH-MC-02-2025041900,2025-04-19 00:00:00,LINE-A,MC-02,PRD-C,4,31000.0,3460.0,0,,0.33022747537965846,1,random_forest
SH-MC-02-2025041908,2025-04-19 08:00:00,LINE-A,MC-02,PRD-C,4,31000.0,3460.0,0,,0.3859052838455532,1,random_forest
SH-MC-02-2025041916,2025-04-19 16:00:00,LINE-A,MC-02,PRD-C,4,31000.0,3460.0,0,,0.314039738699306,1,random_forest
SH-MC-02-2025042000,2025-04-20 00:00:00,LINE-A,MC-02,PRD-C,4,31000.0,3460.0,0,,0.3721874659105028,1,random_forest
SH-MC-02-2025042008,2025-04-20 08:00:00,LINE-A,MC-02,PRD-C,4,31000.0,3460.0,0,,0.3695842180041203,1,random_forest
SH-MC-02-2025042016,2025-04-20 16:00:00,LINE-A,MC-02,PRD-C,4,31000.0,3460.0,0,,0.5107779591426707,1,random_forest
SH-MC-02-2025042100,2025-04-21 00:00:00,LINE-A,MC-02,PRD-D,4,31000.0,3460.0,0,,0.5432491093969916,1,random_forest
SH-MC-02-2025042108,2025-04-21 08:00:00,LINE-A,MC-02,PRD-D,4,31000.0,3460.0,1,24.0,0.5629700585427937,1,random_forest
SH-MC-02-2025042116,2025-04-21 16:00:00,LINE-A,MC-02,PRD-D,4,31000.0,3460.0,1,16.0,0.4853370510490856,1,random_forest
SH-MC-02-2025042200,2025-04-22 00:00:00,LINE-A,MC-02,PRD-D,4,31000.0,3460.0,1,8.0,0.5821532395312229,1,random_forest
SH-MC-02-2025042208,2025-04-22 08:00:00,LINE-A,MC-02,PRD-D,4,31000.0,3460.0,0,,0.497368698081208,1,random_forest
SH-MC-02-2025042216,2025-04-22 16:00:00,LINE-A,MC-02,PRD-D,4,31000.0,3460.0,0,,0.06815818550624858,0,random_forest
SH-MC-02-2025042300,2025-04-23 00:00:00,LINE-A,MC-02,PRD-A,4,31000.0,3460.0,0,,0.0637359687941891,0,random_forest
SH-MC-02-2025042308,2025-04-23 08:00:00,LINE-A,MC-02,PRD-A,4,31000.0,3460.0,0,,0.06438379684502754,0,random_forest
SH-MC-02-2025042316,2025-04-23 16:00:00,LINE-A,MC-02,PRD-A,4,31000.0,3460.0,0,,0.08256467516054,0,random_forest
SH-MC-02-2025042400,2025-04-24 00:00:00,LINE-A,MC-02,PRD-A,4,31000.0,3460.0,0,,0.11284800920354303,0,random_forest
SH-MC-02-2025042408,2025-04-24 08:00:00,LINE-A,MC-02,PRD-A,4,31000.0,3460.0,0,,0.1350946033833475,0,random_forest
SH-MC-02-2025042416,2025-04-24 16:00:00,LINE-A,MC-02,PRD-A,4,31000.0,3460.0,0,,0.20291028647760595,1,random_forest
SH-MC-02-2025042500,2025-04-25 00:00:00,LINE-A,MC-02,PRD-B,4,31000.0,3460.0,0,,0.14949711578402577,1,random_forest
SH-MC-02-2025042508,2025-04-25 08:00:00,LINE-A,MC-02,PRD-B,4,31000.0,3460.0,0,,0.17324265615418633,1,random_forest
SH-MC-02-2025042516,2025-04-25 16:00:00,LINE-A,MC-02,PRD-B,4,31000.0,3460.0,0,,0.21481128834403324,1,random_forest
SH-MC-02-2025042600,2025-04-26 00:00:00,LINE-A,MC-02,PRD-B,4,31000.0,3460.0,0,,0.25955270612968706,1,random_forest
SH-MC-02-2025042608,2025-04-26 08:00:00,LINE-A,MC-02,PRD-B,4,31000.0,3460.0,0,,0.2657423327822349,1,random_forest
SH-MC-02-2025042616,2025-04-26 16:00:00,LINE-A,MC-02,PRD-B,4,31000.0,3460.0,0,,0.24323756448697487,1,random_forest
SH-MC-02-2025042700,2025-04-27 00:00:00,LINE-A,MC-02,PRD-C,4,31000.0,3460.0,0,,0.2713911578582582,1,random_forest
SH-MC-02-2025042708,2025-04-27 08:00:00,LINE-A,MC-02,PRD-C,4,31000.0,3460.0,0,,0.29992662224933186,1,random_forest
SH-MC-02-2025042716,2025-04-27 16:00:00,LINE-A,MC-02,PRD-C,4,31000.0,3460.0,0,,0.24792843256648173,1,random_forest
SH-MC-02-2025042800,2025-04-28 00:00:00,LINE-A,MC-02,PRD-C,4,31000.0,3460.0,0,,0.2703419228823495,1,random_forest
SH-MC-02-2025042808,2025-04-28 08:00:00,LINE-A,MC-02,PRD-C,4,31000.0,3460.0,0,,0.3436361838569875,1,random_forest
SH-MC-02-2025042816,2025-04-28 16:00:00,LINE-A,MC-02,PRD-C,4,31000.0,3460.0,0,,0.327613892902547,1,random_forest
SH-MC-02-2025042900,2025-04-29 00:00:00,LINE-A,MC-02,PRD-D,4,31000.0,3460.0,0,,0.3973765288458413,1,random_forest
SH-MC-02-2025042908,2025-04-29 08:00:00,LINE-A,MC-02,PRD-D,4,31000.0,3460.0,0,,0.42947157651618145,1,random_forest
SH-MC-02-2025042916,2025-04-29 16:00:00,LINE-A,MC-02,PRD-D,4,31000.0,3460.0,1,24.0,0.5462075149593029,1,random_forest
SH-MC-02-2025043000,2025-04-30 00:00:00,LINE-A,MC-02,PRD-D,4,31000.0,3460.0,1,16.0,0.529848092956733,1,random_forest
SH-MC-02-2025043008,2025-04-30 08:00:00,LINE-A,MC-02,PRD-D,4,31000.0,3460.0,1,8.0,0.5517274049979664,1,random_forest
SH-MC-02-2025043016,2025-04-30 16:00:00,LINE-A,MC-02,PRD-D,4,31000.0,3460.0,0,,0.5224225631089265,1,random_forest
SH-MC-02-2025050100,2025-05-01 00:00:00,LINE-A,MC-02,PRD-A,4,31000.0,3460.0,0,,0.04658596713539548,0,random_forest
SH-MC-02-2025050108,2025-05-01 08:00:00,LINE-A,MC-02,PRD-A,4,31000.0,3460.0,0,,0.050347510220181205,0,random_forest
SH-MC-02-2025050116,2025-05-01 16:00:00,LINE-A,MC-02,PRD-A,4,31000.0,3460.0,0,,0.06471046000986479,0,random_forest
SH-MC-02-2025050200,2025-05-02 00:00:00,LINE-A,MC-02,PRD-A,4,31000.0,3460.0,0,,0.0504680268125034,0,random_forest
SH-MC-02-2025050208,2025-05-02 08:00:00,LINE-A,MC-02,PRD-A,4,31000.0,3460.0,1,24.0,0.0611765914260842,0,random_forest
SH-MC-02-2025050216,2025-05-02 16:00:00,LINE-A,MC-02,PRD-A,4,31000.0,3460.0,1,16.0,0.06695282264356063,0,random_forest
SH-MC-02-2025050300,2025-05-03 00:00:00,LINE-A,MC-02,PRD-B,4,31000.0,3460.0,1,8.0,0.06706994273324171,0,random_forest
SH-MC-02-2025050308,2025-05-03 08:00:00,LINE-A,MC-02,PRD-B,4,31000.0,3460.0,0,,0.1759671826180191,1,random_forest
SH-MC-02-2025050316,2025-05-03 16:00:00,LINE-A,MC-02,PRD-B,4,31000.0,3460.0,0,,0.049192212994644595,0,random_forest
SH-MC-02-2025050400,2025-05-04 00:00:00,LINE-A,MC-02,PRD-B,4,31000.0,3460.0,0,,0.043628476217928175,0,random_forest
SH-MC-02-2025050408,2025-05-04 08:00:00,LINE-A,MC-02,PRD-B,4,31000.0,3460.0,0,,0.047276065726975285,0,random_forest
SH-MC-02-2025050416,2025-05-04 16:00:00,LINE-A,MC-02,PRD-B,4,31000.0,3460.0,0,,0.05550058055404174,0,random_forest
SH-MC-02-2025050500,2025-05-05 00:00:00,LINE-A,MC-02,PRD-C,4,31000.0,3460.0,0,,0.05172133477972177,0,random_forest
SH-MC-02-2025050508,2025-05-05 08:00:00,LINE-A,MC-02,PRD-C,4,31000.0,3460.0,0,,0.056321141971086154,0,random_forest
SH-MC-02-2025050516,2025-05-05 16:00:00,LINE-A,MC-02,PRD-C,4,31000.0,3460.0,0,,0.051963114202972394,0,random_forest
SH-MC-02-2025050600,2025-05-06 00:00:00,LINE-A,MC-02,PRD-C,4,31000.0,3460.0,0,,0.063178603405623,0,random_forest
SH-MC-02-2025050608,2025-05-06 08:00:00,LINE-A,MC-02,PRD-C,4,31000.0,3460.0,0,,0.058330997757384234,0,random_forest
SH-MC-02-2025050616,2025-05-06 16:00:00,LINE-A,MC-02,PRD-C,4,31000.0,3460.0,0,,0.07349101296173036,0,random_forest
SH-MC-02-2025050700,2025-05-07 00:00:00,LINE-A,MC-02,PRD-D,4,31000.0,3460.0,0,,0.07304742526180169,0,random_forest
SH-MC-02-2025050708,2025-05-07 08:00:00,LINE-A,MC-02,PRD-D,4,31000.0,3460.0,0,,0.08250908277925943,0,random_forest
SH-MC-02-2025050716,2025-05-07 16:00:00,LINE-A,MC-02,PRD-D,4,31000.0,3460.0,0,,0.1892979145851263,1,random_forest
SH-MC-02-2025050800,2025-05-08 00:00:00,LINE-A,MC-02,PRD-D,4,31000.0,3460.0,0,,0.1307680879446675,0,random_forest
SH-MC-02-2025050808,2025-05-08 08:00:00,LINE-A,MC-02,PRD-D,4,31000.0,3460.0,0,,0.214752193836718,1,random_forest
SH-MC-02-2025050816,2025-05-08 16:00:00,LINE-A,MC-02,PRD-D,4,31000.0,3460.0,0,,0.27970844478468854,1,random_forest
SH-MC-02-2025050900,2025-05-09 00:00:00,LINE-A,MC-02,PRD-A,4,31000.0,3460.0,1,24.0,0.24588265388366434,1,random_forest
SH-MC-02-2025050908,2025-05-09 08:00:00,LINE-A,MC-02,PRD-A,4,31000.0,3460.0,1,16.0,0.3304917054757364,1,random_forest
SH-MC-02-2025050916,2025-05-09 16:00:00,LINE-A,MC-02,PRD-A,4,31000.0,3460.0,1,8.0,0.3228718036370835,1,random_forest
SH-MC-02-2025051000,2025-05-10 00:00:00,LINE-A,MC-02,PRD-A,4,31000.0,3460.0,0,,0.3558235222422926,1,random_forest
SH-MC-02-2025051008,2025-05-10 08:00:00,LINE-A,MC-02,PRD-A,4,31000.0,3460.0,0,,0.054097884610207085,0,random_forest
SH-MC-02-2025051016,2025-05-10 16:00:00,LINE-A,MC-02,PRD-A,4,31000.0,3460.0,0,,0.05257914605515574,0,random_forest
SH-MC-02-2025051100,2025-05-11 00:00:00,LINE-A,MC-02,PRD-B,4,31000.0,3460.0,0,,0.05659671316375161,0,random_forest
SH-MC-02-2025051108,2025-05-11 08:00:00,LINE-A,MC-02,PRD-B,4,31000.0,3460.0,0,,0.05639029556160012,0,random_forest
SH-MC-02-2025051116,2025-05-11 16:00:00,LINE-A,MC-02,PRD-B,4,31000.0,3460.0,0,,0.05259681712193202,0,random_forest
SH-MC-02-2025051200,2025-05-12 00:00:00,LINE-A,MC-02,PRD-B,4,31000.0,3460.0,0,,0.06159688189571473,0,random_forest
SH-MC-02-2025051208,2025-05-12 08:00:00,LINE-A,MC-02,PRD-B,4,31000.0,3460.0,0,,0.053331409696583267,0,random_forest
SH-MC-02-2025051216,2025-05-12 16:00:00,LINE-A,MC-02,PRD-B,4,31000.0,3460.0,0,,0.06204046044542805,0,random_forest
SH-MC-02-2025051300,2025-05-13 00:00:00,LINE-A,MC-02,PRD-C,4,31000.0,3460.0,0,,0.07011614168856535,0,random_forest
SH-MC-02-2025051308,2025-05-13 08:00:00,LINE-A,MC-02,PRD-C,4,31000.0,3460.0,0,,0.10462624123936067,0,random_forest
SH-MC-02-2025051316,2025-05-13 16:00:00,LINE-A,MC-02,PRD-C,4,31000.0,3460.0,0,,0.09951309474560065,0,random_forest
SH-MC-02-2025051400,2025-05-14 00:00:00,LINE-A,MC-02,PRD-C,4,31000.0,3460.0,0,,0.12092204788300365,0,random_forest
SH-MC-02-2025051408,2025-05-14 08:00:00,LINE-A,MC-02,PRD-C,4,31000.0,3460.0,0,,0.12310906451795388,0,random_forest
SH-MC-02-2025051416,2025-05-14 16:00:00,LINE-A,MC-02,PRD-C,4,31000.0,3460.0,0,,0.2759921336171958,1,random_forest
SH-MC-02-2025051500,2025-05-15 00:00:00,LINE-A,MC-02,PRD-D,4,31000.0,3460.0,0,,0.264793525336041,1,random_forest
SH-MC-02-2025051508,2025-05-15 08:00:00,LINE-A,MC-02,PRD-D,4,31000.0,3460.0,0,,0.27521084719905875,1,random_forest
SH-MC-02-2025051516,2025-05-15 16:00:00,LINE-A,MC-02,PRD-D,4,31000.0,3460.0,0,,0.18286329539812002,1,random_forest
SH-MC-02-2025051600,2025-05-16 00:00:00,LINE-A,MC-02,PRD-D,4,31000.0,3460.0,0,,0.2626286204056767,1,random_forest
SH-MC-02-2025051608,2025-05-16 08:00:00,LINE-A,MC-02,PRD-D,4,31000.0,3460.0,0,,0.32226865542540156,1,random_forest
SH-MC-02-2025051616,2025-05-16 16:00:00,LINE-A,MC-02,PRD-D,4,31000.0,3460.0,0,,0.31013415421010937,1,random_forest
SH-MC-02-2025051700,2025-05-17 00:00:00,LINE-A,MC-02,PRD-A,4,31000.0,3460.0,0,,0.3306159584137294,1,random_forest
SH-MC-02-2025051708,2025-05-17 08:00:00,LINE-A,MC-02,PRD-A,4,31000.0,3460.0,0,,0.2584443368609527,1,random_forest
SH-MC-02-2025051716,2025-05-17 16:00:00,LINE-A,MC-02,PRD-A,4,31000.0,3460.0,0,,0.34953979796815426,1,random_forest
SH-MC-02-2025051800,2025-05-18 00:00:00,LINE-A,MC-02,PRD-A,4,31000.0,3460.0,0,,0.4177241152586653,1,random_forest
SH-MC-02-2025051808,2025-05-18 08:00:00,LINE-A,MC-02,PRD-A,4,31000.0,3460.0,0,,0.4639043218461031,1,random_forest
SH-MC-02-2025051816,2025-05-18 16:00:00,LINE-A,MC-02,PRD-A,4,31000.0,3460.0,0,,0.5071276799140924,1,random_forest
SH-MC-02-2025051900,2025-05-19 00:00:00,LINE-A,MC-02,PRD-B,4,31000.0,3460.0,1,24.0,0.4963639741351489,1,random_forest
SH-MC-02-2025051908,2025-05-19 08:00:00,LINE-A,MC-02,PRD-B,4,31000.0,3460.0,1,16.0,0.5547124382444338,1,random_forest
SH-MC-02-2025051916,2025-05-19 16:00:00,LINE-A,MC-02,PRD-B,4,31000.0,3460.0,1,8.0,0.5644614517286647,1,random_forest
SH-MC-02-2025052000,2025-05-20 00:00:00,LINE-A,MC-02,PRD-B,4,31000.0,3460.0,0,,0.4450066869470581,1,random_forest
SH-MC-02-2025052008,2025-05-20 08:00:00,LINE-A,MC-02,PRD-B,4,31000.0,3460.0,0,,0.04399155612711258,0,random_forest
SH-MC-02-2025052016,2025-05-20 16:00:00,LINE-A,MC-02,PRD-B,4,31000.0,3460.0,0,,0.06375521375254953,0,random_forest
SH-MC-02-2025052100,2025-05-21 00:00:00,LINE-A,MC-02,PRD-C,4,31000.0,3460.0,0,,0.05675239479893759,0,random_forest
SH-MC-02-2025052108,2025-05-21 08:00:00,LINE-A,MC-02,PRD-C,4,31000.0,3460.0,0,,0.05354969165290351,0,random_forest
SH-MC-02-2025052116,2025-05-21 16:00:00,LINE-A,MC-02,PRD-C,4,31000.0,3460.0,0,,0.07367609898060891,0,random_forest
SH-MC-02-2025052200,2025-05-22 00:00:00,LINE-A,MC-02,PRD-C,4,31000.0,3460.0,0,,0.1027553410660651,0,random_forest
SH-MC-02-2025052208,2025-05-22 08:00:00,LINE-A,MC-02,PRD-C,4,31000.0,3460.0,0,,0.09803987028189909,0,random_forest
SH-MC-02-2025052216,2025-05-22 16:00:00,LINE-A,MC-02,PRD-C,4,31000.0,3460.0,0,,0.13618445121379313,0,random_forest
SH-MC-02-2025052300,2025-05-23 00:00:00,LINE-A,MC-02,PRD-D,4,31000.0,3460.0,0,,0.1460894712906882,0,random_forest
SH-MC-02-2025052308,2025-05-23 08:00:00,LINE-A,MC-02,PRD-D,4,31000.0,3460.0,0,,0.11673732729117976,0,random_forest
SH-MC-02-2025052316,2025-05-23 16:00:00,LINE-A,MC-02,PRD-D,4,31000.0,3460.0,0,,0.1841130014396324,1,random_forest
SH-MC-02-2025052400,2025-05-24 00:00:00,LINE-A,MC-02,PRD-D,4,31000.0,3460.0,0,,0.1640088300962076,1,random_forest
SH-MC-02-2025052408,2025-05-24 08:00:00,LINE-A,MC-02,PRD-D,4,31000.0,3460.0,0,,0.2418461592358314,1,random_forest
SH-MC-02-2025052416,2025-05-24 16:00:00,LINE-A,MC-02,PRD-D,4,31000.0,3460.0,0,,0.24798806886570157,1,random_forest
SH-MC-02-2025052500,2025-05-25 00:00:00,LINE-A,MC-02,PRD-A,4,31000.0,3460.0,0,,0.2665105427277096,1,random_forest
SH-MC-02-2025052508,2025-05-25 08:00:00,LINE-A,MC-02,PRD-A,4,31000.0,3460.0,0,,0.2823418357122252,1,random_forest
SH-MC-02-2025052516,2025-05-25 16:00:00,LINE-A,MC-02,PRD-A,4,31000.0,3460.0,0,,0.2538995937653293,1,random_forest
SH-MC-02-2025052600,2025-05-26 00:00:00,LINE-A,MC-02,PRD-A,4,31000.0,3460.0,0,,0.31098595763772646,1,random_forest
SH-MC-02-2025052608,2025-05-26 08:00:00,LINE-A,MC-02,PRD-A,4,31000.0,3460.0,0,,0.3044243744391778,1,random_forest
SH-MC-02-2025052616,2025-05-26 16:00:00,LINE-A,MC-02,PRD-A,4,31000.0,3460.0,0,,0.3425560505000715,1,random_forest
SH-MC-02-2025052700,2025-05-27 00:00:00,LINE-A,MC-02,PRD-B,4,31000.0,3460.0,1,24.0,0.30067133447771827,1,random_forest
SH-MC-02-2025052708,2025-05-27 08:00:00,LINE-A,MC-02,PRD-B,4,31000.0,3460.0,1,16.0,0.43137018990497383,1,random_forest
SH-MC-02-2025052716,2025-05-27 16:00:00,LINE-A,MC-02,PRD-B,4,31000.0,3460.0,1,8.0,0.49848651193870336,1,random_forest
SH-MC-02-2025052800,2025-05-28 00:00:00,LINE-A,MC-02,PRD-B,4,31000.0,3460.0,0,,0.5487109296927333,1,random_forest
SH-MC-02-2025052808,2025-05-28 08:00:00,LINE-A,MC-02,PRD-B,4,31000.0,3460.0,0,,0.05051191558539564,0,random_forest
SH-MC-02-2025052816,2025-05-28 16:00:00,LINE-A,MC-02,PRD-B,4,31000.0,3460.0,0,,0.0577622736542828,0,random_forest
SH-MC-02-2025052900,2025-05-29 00:00:00,LINE-A,MC-02,PRD-C,4,31000.0,3460.0,0,,0.05562112687762028,0,random_forest
SH-MC-02-2025052908,2025-05-29 08:00:00,LINE-A,MC-02,PRD-C,4,31000.0,3460.0,0,,0.04876730081645461,0,random_forest
SH-MC-02-2025052916,2025-05-29 16:00:00,LINE-A,MC-02,PRD-C,4,31000.0,3460.0,0,,0.05101287360317037,0,random_forest
SH-MC-02-2025053000,2025-05-30 00:00:00,LINE-A,MC-02,PRD-C,4,31000.0,3460.0,0,,0.07051648828671066,0,random_forest
SH-MC-02-2025053008,2025-05-30 08:00:00,LINE-A,MC-02,PRD-C,4,31000.0,3460.0,0,,0.06459789977141399,0,random_forest
SH-MC-02-2025053016,2025-05-30 16:00:00,LINE-A,MC-02,PRD-C,4,31000.0,3460.0,0,,0.08580179872800743,0,random_forest
SH-MC-02-2025053100,2025-05-31 00:00:00,LINE-A,MC-02,PRD-D,4,31000.0,3460.0,0,,0.11452060701704364,0,random_forest
SH-MC-02-2025053108,2025-05-31 08:00:00,LINE-A,MC-02,PRD-D,4,31000.0,3460.0,0,,0.13226066255499241,0,random_forest
SH-MC-02-2025053116,2025-05-31 16:00:00,LINE-A,MC-02,PRD-D,4,31000.0,3460.0,0,,0.1568875179332668,1,random_forest
SH-MC-02-2025060100,2025-06-01 00:00:00,LINE-A,MC-02,PRD-D,4,31000.0,3460.0,0,,0.13200354725175598,0,random_forest
SH-MC-02-2025060108,2025-06-01 08:00:00,LINE-A,MC-02,PRD-D,4,31000.0,3460.0,0,,0.16370530577742598,1,random_forest
SH-MC-02-2025060116,2025-06-01 16:00:00,LINE-A,MC-02,PRD-D,4,31000.0,3460.0,0,,0.30542639314226777,1,random_forest
SH-MC-02-2025060200,2025-06-02 00:00:00,LINE-A,MC-02,PRD-A,4,31000.0,3460.0,0,,0.215731237554673,1,random_forest
SH-MC-02-2025060208,2025-06-02 08:00:00,LINE-A,MC-02,PRD-A,4,31000.0,3460.0,0,,0.20067845000305437,1,random_forest
SH-MC-02-2025060216,2025-06-02 16:00:00,LINE-A,MC-02,PRD-A,4,31000.0,3460.0,0,,0.22669199065782356,1,random_forest
SH-MC-02-2025060300,2025-06-03 00:00:00,LINE-A,MC-02,PRD-A,4,31000.0,3460.0,0,,0.2746720063867362,1,random_forest
SH-MC-02-2025060308,2025-06-03 08:00:00,LINE-A,MC-02,PRD-A,4,31000.0,3460.0,0,,0.2720921523437907,1,random_forest
SH-MC-02-2025060316,2025-06-03 16:00:00,LINE-A,MC-02,PRD-A,4,31000.0,3460.0,0,,0.3557520687135214,1,random_forest
SH-MC-02-2025060400,2025-06-04 00:00:00,LINE-A,MC-02,PRD-B,4,31000.0,3460.0,0,,0.39885375235917003,1,random_forest
SH-MC-02-2025060408,2025-06-04 08:00:00,LINE-A,MC-02,PRD-B,4,31000.0,3460.0,0,,0.41451928368510704,1,random_forest
SH-MC-02-2025060416,2025-06-04 16:00:00,LINE-A,MC-02,PRD-B,4,31000.0,3460.0,1,24.0,0.2685343816799877,1,random_forest
SH-MC-02-2025060500,2025-06-05 00:00:00,LINE-A,MC-02,PRD-B,4,31000.0,3460.0,1,16.0,0.5093382461689948,1,random_forest
SH-MC-02-2025060508,2025-06-05 08:00:00,LINE-A,MC-02,PRD-B,4,31000.0,3460.0,1,8.0,0.537456646667465,1,random_forest
SH-MC-02-2025060516,2025-06-05 16:00:00,LINE-A,MC-02,PRD-B,4,31000.0,3460.0,1,8.0,0.44076807672000723,1,random_forest
SH-MC-02-2025060600,2025-06-06 00:00:00,LINE-A,MC-02,PRD-C,4,31000.0,3460.0,0,,0.04046593831170396,0,random_forest
SH-MC-02-2025060608,2025-06-06 08:00:00,LINE-A,MC-02,PRD-C,4,31000.0,3460.0,0,,0.04119444871965099,0,random_forest
SH-MC-02-2025060616,2025-06-06 16:00:00,LINE-A,MC-02,PRD-C,4,31000.0,3460.0,0,,0.045648530776316386,0,random_forest
SH-MC-02-2025060700,2025-06-07 00:00:00,LINE-A,MC-02,PRD-C,4,31000.0,3460.0,0,,0.045991108861638375,0,random_forest
SH-MC-02-2025060708,2025-06-07 08:00:00,LINE-A,MC-02,PRD-C,4,31000.0,3460.0,0,,0.04481607451485303,0,random_forest
SH-MC-02-2025060716,2025-06-07 16:00:00,LINE-A,MC-02,PRD-C,4,31000.0,3460.0,0,,0.05039572173800405,0,random_forest
SH-MC-02-2025060800,2025-06-08 00:00:00,LINE-A,MC-02,PRD-D,4,31000.0,3460.0,0,,0.05756259387873573,0,random_forest
SH-MC-02-2025060808,2025-06-08 08:00:00,LINE-A,MC-02,PRD-D,4,31000.0,3460.0,0,,0.053202753787161675,0,random_forest
SH-MC-02-2025060816,2025-06-08 16:00:00,LINE-A,MC-02,PRD-D,4,31000.0,3460.0,0,,0.04806553275294448,0,random_forest
SH-MC-02-2025060900,2025-06-09 00:00:00,LINE-A,MC-02,PRD-D,4,31000.0,3460.0,0,,0.05353341447191499,0,random_forest
SH-MC-02-2025060908,2025-06-09 08:00:00,LINE-A,MC-02,PRD-D,4,31000.0,3460.0,0,,0.0548283928840268,0,random_forest
SH-MC-02-2025060916,2025-06-09 16:00:00,LINE-A,MC-02,PRD-D,4,31000.0,3460.0,0,,0.06370233802988451,0,random_forest
SH-MC-02-2025061000,2025-06-10 00:00:00,LINE-A,MC-02,PRD-A,4,31000.0,3460.0,0,,0.059455567329437485,0,random_forest
SH-MC-02-2025061008,2025-06-10 08:00:00,LINE-A,MC-02,PRD-A,4,31000.0,3460.0,0,,0.0781978870665699,0,random_forest
SH-MC-02-2025061016,2025-06-10 16:00:00,LINE-A,MC-02,PRD-A,4,31000.0,3460.0,0,,0.08123685507604357,0,random_forest
SH-MC-02-2025061100,2025-06-11 00:00:00,LINE-A,MC-02,PRD-A,4,31000.0,3460.0,0,,0.09181195732929444,0,random_forest
SH-MC-02-2025061108,2025-06-11 08:00:00,LINE-A,MC-02,PRD-A,4,31000.0,3460.0,0,,0.09487341639436657,0,random_forest
SH-MC-02-2025061116,2025-06-11 16:00:00,LINE-A,MC-02,PRD-A,4,31000.0,3460.0,0,,0.13214390841904178,0,random_forest
SH-MC-02-2025061200,2025-06-12 00:00:00,LINE-A,MC-02,PRD-B,4,31000.0,3460.0,0,,0.14663782392764177,0,random_forest
SH-MC-02-2025061208,2025-06-12 08:00:00,LINE-A,MC-02,PRD-B,4,31000.0,3460.0,0,,0.2276102178305996,1,random_forest
SH-MC-02-2025061216,2025-06-12 16:00:00,LINE-A,MC-02,PRD-B,4,31000.0,3460.0,0,,0.2308991329851389,1,random_forest
SH-MC-02-2025061300,2025-06-13 00:00:00,LINE-A,MC-02,PRD-B,4,31000.0,3460.0,0,,0.21475515083885782,1,random_forest
SH-MC-02-2025061308,2025-06-13 08:00:00,LINE-A,MC-02,PRD-B,4,31000.0,3460.0,0,,0.31025656768554155,1,random_forest
SH-MC-02-2025061316,2025-06-13 16:00:00,LINE-A,MC-02,PRD-B,4,31000.0,3460.0,1,24.0,0.2590410301585042,1,random_forest
SH-MC-02-2025061400,2025-06-14 00:00:00,LINE-A,MC-02,PRD-C,4,31000.0,3460.0,1,16.0,0.3196266127723486,1,random_forest
SH-MC-02-2025061408,2025-06-14 08:00:00,LINE-A,MC-02,PRD-C,4,31000.0,3460.0,1,8.0,0.2582068608463997,1,random_forest
SH-MC-02-2025061416,2025-06-14 16:00:00,LINE-A,MC-02,PRD-C,4,31000.0,3460.0,0,,0.36160206107182574,1,random_forest
SH-MC-02-2025061500,2025-06-15 00:00:00,LINE-A,MC-02,PRD-C,4,31000.0,3460.0,0,,0.04211121934032286,0,random_forest
SH-MC-02-2025061508,2025-06-15 08:00:00,LINE-A,MC-02,PRD-C,4,31000.0,3460.0,0,,0.04559195930868817,0,random_forest
SH-MC-02-2025061516,2025-06-15 16:00:00,LINE-A,MC-02,PRD-C,4,31000.0,3460.0,0,,0.05178578685916221,0,random_forest
SH-MC-02-2025061600,2025-06-16 00:00:00,LINE-A,MC-02,PRD-D,4,31000.0,3460.0,0,,0.04909121047302212,0,random_forest
SH-MC-02-2025061608,2025-06-16 08:00:00,LINE-A,MC-02,PRD-D,4,31000.0,3460.0,0,,0.047731499444640384,0,random_forest
SH-MC-02-2025061616,2025-06-16 16:00:00,LINE-A,MC-02,PRD-D,4,31000.0,3460.0,0,,0.0535497568490646,0,random_forest
SH-MC-02-2025061700,2025-06-17 00:00:00,LINE-A,MC-02,PRD-D,4,31000.0,3460.0,0,,0.058613833968675484,0,random_forest
SH-MC-02-2025061708,2025-06-17 08:00:00,LINE-A,MC-02,PRD-D,4,31000.0,3460.0,0,,0.059242240788525836,0,random_forest
SH-MC-02-2025061716,2025-06-17 16:00:00,LINE-A,MC-02,PRD-D,4,31000.0,3460.0,0,,0.07363560108147808,0,random_forest
SH-MC-02-2025061800,2025-06-18 00:00:00,LINE-A,MC-02,PRD-A,4,31000.0,3460.0,0,,0.08300907557351778,0,random_forest
SH-MC-02-2025061808,2025-06-18 08:00:00,LINE-A,MC-02,PRD-A,4,31000.0,3460.0,0,,0.12392194521946778,0,random_forest
SH-MC-02-2025061816,2025-06-18 16:00:00,LINE-A,MC-02,PRD-A,4,31000.0,3460.0,0,,0.180172846073811,1,random_forest
SH-MC-02-2025061900,2025-06-19 00:00:00,LINE-A,MC-02,PRD-A,4,31000.0,3460.0,0,,0.12465528572822292,0,random_forest
SH-MC-02-2025061908,2025-06-19 08:00:00,LINE-A,MC-02,PRD-A,4,31000.0,3460.0,0,,0.23229008389475037,1,random_forest
SH-MC-02-2025061916,2025-06-19 16:00:00,LINE-A,MC-02,PRD-A,4,31000.0,3460.0,0,,0.23187024221058242,1,random_forest
SH-MC-02-2025062000,2025-06-20 00:00:00,LINE-A,MC-02,PRD-B,4,31000.0,3460.0,0,,0.19962748004701594,1,random_forest
SH-MC-02-2025062008,2025-06-20 08:00:00,LINE-A,MC-02,PRD-B,4,31000.0,3460.0,0,,0.2201458955777181,1,random_forest
SH-MC-02-2025062016,2025-06-20 16:00:00,LINE-A,MC-02,PRD-B,4,31000.0,3460.0,0,,0.18160278432101287,1,random_forest
SH-MC-02-2025062100,2025-06-21 00:00:00,LINE-A,MC-02,PRD-B,4,31000.0,3460.0,0,,0.20534051645670245,1,random_forest
SH-MC-02-2025062108,2025-06-21 08:00:00,LINE-A,MC-02,PRD-B,4,31000.0,3460.0,0,,0.2608668199823005,1,random_forest
SH-MC-02-2025062116,2025-06-21 16:00:00,LINE-A,MC-02,PRD-B,4,31000.0,3460.0,1,24.0,0.3805738560027497,1,random_forest
SH-MC-02-2025062200,2025-06-22 00:00:00,LINE-A,MC-02,PRD-C,4,31000.0,3460.0,1,16.0,0.438204200195982,1,random_forest
SH-MC-02-2025062208,2025-06-22 08:00:00,LINE-A,MC-02,PRD-C,4,31000.0,3460.0,1,8.0,0.4992144760030527,1,random_forest
SH-MC-02-2025062216,2025-06-22 16:00:00,LINE-A,MC-02,PRD-C,4,31000.0,3460.0,0,,0.5076207641553621,1,random_forest
SH-MC-02-2025062300,2025-06-23 00:00:00,LINE-A,MC-02,PRD-C,4,31000.0,3460.0,0,,0.0617813063596988,0,random_forest
SH-MC-02-2025062308,2025-06-23 08:00:00,LINE-A,MC-02,PRD-C,4,31000.0,3460.0,0,,0.05847178320452448,0,random_forest
SH-MC-02-2025062316,2025-06-23 16:00:00,LINE-A,MC-02,PRD-C,4,31000.0,3460.0,0,,0.05045525867759257,0,random_forest
SH-MC-02-2025062400,2025-06-24 00:00:00,LINE-A,MC-02,PRD-D,4,31000.0,3460.0,0,,0.05791457781481857,0,random_forest
SH-MC-02-2025062408,2025-06-24 08:00:00,LINE-A,MC-02,PRD-D,4,31000.0,3460.0,0,,0.08087753413492058,0,random_forest
SH-MC-02-2025062416,2025-06-24 16:00:00,LINE-A,MC-02,PRD-D,4,31000.0,3460.0,0,,0.10141920498082316,0,random_forest
SH-MC-02-2025062500,2025-06-25 00:00:00,LINE-A,MC-02,PRD-D,4,31000.0,3460.0,0,,0.06111433647408143,0,random_forest
SH-MC-02-2025062508,2025-06-25 08:00:00,LINE-A,MC-02,PRD-D,4,31000.0,3460.0,0,,0.08987268857837263,0,random_forest
SH-MC-02-2025062516,2025-06-25 16:00:00,LINE-A,MC-02,PRD-D,4,31000.0,3460.0,0,,0.0963533873005524,0,random_forest
SH-MC-02-2025062600,2025-06-26 00:00:00,LINE-A,MC-02,PRD-A,4,31000.0,3460.0,0,,0.12740703921549962,0,random_forest
SH-MC-02-2025062608,2025-06-26 08:00:00,LINE-A,MC-02,PRD-A,4,31000.0,3460.0,0,,0.24491706626809867,1,random_forest
SH-MC-02-2025062616,2025-06-26 16:00:00,LINE-A,MC-02,PRD-A,4,31000.0,3460.0,0,,0.14028092081817123,0,random_forest
SH-MC-02-2025062700,2025-06-27 00:00:00,LINE-A,MC-02,PRD-A,4,31000.0,3460.0,0,,0.21340455456897323,1,random_forest
SH-MC-02-2025062708,2025-06-27 08:00:00,LINE-A,MC-02,PRD-A,4,31000.0,3460.0,0,,0.27340347768718753,1,random_forest
SH-MC-02-2025062716,2025-06-27 16:00:00,LINE-A,MC-02,PRD-A,4,31000.0,3460.0,0,,0.23710196293354402,1,random_forest
SH-MC-02-2025062800,2025-06-28 00:00:00,LINE-A,MC-02,PRD-B,4,31000.0,3460.0,0,,0.22349102396078965,1,random_forest
SH-MC-02-2025062808,2025-06-28 08:00:00,LINE-A,MC-02,PRD-B,4,31000.0,3460.0,0,,0.22943298751578903,1,random_forest
SH-MC-02-2025062816,2025-06-28 16:00:00,LINE-A,MC-02,PRD-B,4,31000.0,3460.0,0,,0.3224832260857125,1,random_forest
SH-MC-02-2025062900,2025-06-29 00:00:00,LINE-A,MC-02,PRD-B,4,31000.0,3460.0,0,,0.24971355353516664,1,random_forest
SH-MC-02-2025062908,2025-06-29 08:00:00,LINE-A,MC-02,PRD-B,4,31000.0,3460.0,0,,0.3189020139511471,1,random_forest
SH-MC-02-2025062916,2025-06-29 16:00:00,LINE-A,MC-02,PRD-B,4,31000.0,3460.0,0,,0.33643287118258147,1,random_forest
SH-MC-03-2025030100,2025-03-01 00:00:00,LINE-A,MC-03,PRD-C,5,36500.0,4060.0,0,,0.1060961684926058,0,random_forest
SH-MC-03-2025030108,2025-03-01 08:00:00,LINE-A,MC-03,PRD-C,5,36500.0,4060.0,0,,0.16308676118902235,1,random_forest
SH-MC-03-2025030116,2025-03-01 16:00:00,LINE-A,MC-03,PRD-C,5,36500.0,4060.0,0,,0.10390433741659806,0,random_forest
SH-MC-03-2025030200,2025-03-02 00:00:00,LINE-A,MC-03,PRD-D,5,36500.0,4060.0,0,,0.16228646353715243,1,random_forest
SH-MC-03-2025030208,2025-03-02 08:00:00,LINE-A,MC-03,PRD-D,5,36500.0,4060.0,0,,0.11273578226676248,0,random_forest
SH-MC-03-2025030216,2025-03-02 16:00:00,LINE-A,MC-03,PRD-D,5,36500.0,4060.0,0,,0.14157386843831196,0,random_forest
SH-MC-03-2025030300,2025-03-03 00:00:00,LINE-A,MC-03,PRD-D,5,36500.0,4060.0,0,,0.20013035152930464,1,random_forest
SH-MC-03-2025030308,2025-03-03 08:00:00,LINE-A,MC-03,PRD-D,5,36500.0,4060.0,0,,0.17425530083162152,1,random_forest
SH-MC-03-2025030316,2025-03-03 16:00:00,LINE-A,MC-03,PRD-D,5,36500.0,4060.0,0,,0.26949370002422074,1,random_forest
SH-MC-03-2025030400,2025-03-04 00:00:00,LINE-A,MC-03,PRD-A,5,36500.0,4060.0,0,,0.21774684171871295,1,random_forest
SH-MC-03-2025030408,2025-03-04 08:00:00,LINE-A,MC-03,PRD-A,5,36500.0,4060.0,1,24.0,0.3080809196318304,1,random_forest
SH-MC-03-2025030416,2025-03-04 16:00:00,LINE-A,MC-03,PRD-A,5,36500.0,4060.0,1,16.0,0.320079865285109,1,random_forest
SH-MC-03-2025030500,2025-03-05 00:00:00,LINE-A,MC-03,PRD-A,5,36500.0,4060.0,1,8.0,0.3414219503747899,1,random_forest
SH-MC-03-2025030508,2025-03-05 08:00:00,LINE-A,MC-03,PRD-A,5,36500.0,4060.0,0,,0.3802140251645262,1,random_forest
SH-MC-03-2025030516,2025-03-05 16:00:00,LINE-A,MC-03,PRD-A,5,36500.0,4060.0,0,,0.08720672475787741,0,random_forest
SH-MC-03-2025030600,2025-03-06 00:00:00,LINE-A,MC-03,PRD-B,5,36500.0,4060.0,0,,0.0801607227370817,0,random_forest
SH-MC-03-2025030608,2025-03-06 08:00:00,LINE-A,MC-03,PRD-B,5,36500.0,4060.0,0,,0.09487810357487526,0,random_forest
SH-MC-03-2025030616,2025-03-06 16:00:00,LINE-A,MC-03,PRD-B,5,36500.0,4060.0,0,,0.1117518236257603,0,random_forest
SH-MC-03-2025030700,2025-03-07 00:00:00,LINE-A,MC-03,PRD-B,5,36500.0,4060.0,0,,0.1281315858942274,0,random_forest
SH-MC-03-2025030708,2025-03-07 08:00:00,LINE-A,MC-03,PRD-B,5,36500.0,4060.0,0,,0.11285100131367246,0,random_forest
SH-MC-03-2025030716,2025-03-07 16:00:00,LINE-A,MC-03,PRD-B,5,36500.0,4060.0,0,,0.1217574741180039,0,random_forest
SH-MC-03-2025030800,2025-03-08 00:00:00,LINE-A,MC-03,PRD-C,5,36500.0,4060.0,0,,0.11337722643408478,0,random_forest
SH-MC-03-2025030808,2025-03-08 08:00:00,LINE-A,MC-03,PRD-C,5,36500.0,4060.0,0,,0.12986723638782494,0,random_forest
SH-MC-03-2025030816,2025-03-08 16:00:00,LINE-A,MC-03,PRD-C,5,36500.0,4060.0,0,,0.15026549433043226,1,random_forest
SH-MC-03-2025030900,2025-03-09 00:00:00,LINE-A,MC-03,PRD-C,5,36500.0,4060.0,0,,0.1415274589327158,0,random_forest
SH-MC-03-2025030908,2025-03-09 08:00:00,LINE-A,MC-03,PRD-C,5,36500.0,4060.0,1,24.0,0.16061038783137455,1,random_forest
SH-MC-03-2025030916,2025-03-09 16:00:00,LINE-A,MC-03,PRD-C,5,36500.0,4060.0,1,16.0,0.19640570284634276,1,random_forest
SH-MC-03-2025031000,2025-03-10 00:00:00,LINE-A,MC-03,PRD-D,5,36500.0,4060.0,1,8.0,0.2720335877266494,1,random_forest
SH-MC-03-2025031008,2025-03-10 08:00:00,LINE-A,MC-03,PRD-D,5,36500.0,4060.0,0,,0.23823175502903587,1,random_forest
SH-MC-03-2025031016,2025-03-10 16:00:00,LINE-A,MC-03,PRD-D,5,36500.0,4060.0,0,,0.05435820174994465,0,random_forest
SH-MC-03-2025031100,2025-03-11 00:00:00,LINE-A,MC-03,PRD-D,5,36500.0,4060.0,0,,0.0526206040241716,0,random_forest
SH-MC-03-2025031108,2025-03-11 08:00:00,LINE-A,MC-03,PRD-D,5,36500.0,4060.0,0,,0.06703565584721449,0,random_forest
SH-MC-03-2025031116,2025-03-11 16:00:00,LINE-A,MC-03,PRD-D,5,36500.0,4060.0,0,,0.07132800198932082,0,random_forest
SH-MC-03-2025031200,2025-03-12 00:00:00,LINE-A,MC-03,PRD-A,5,36500.0,4060.0,0,,0.07369459867246761,0,random_forest
SH-MC-03-2025031208,2025-03-12 08:00:00,LINE-A,MC-03,PRD-A,5,36500.0,4060.0,0,,0.08458669049702429,0,random_forest
SH-MC-03-2025031216,2025-03-12 16:00:00,LINE-A,MC-03,PRD-A,5,36500.0,4060.0,0,,0.12530417147844203,0,random_forest
SH-MC-03-2025031300,2025-03-13 00:00:00,LINE-A,MC-03,PRD-A,5,36500.0,4060.0,0,,0.1121478051722072,0,random_forest
SH-MC-03-2025031308,2025-03-13 08:00:00,LINE-A,MC-03,PRD-A,5,36500.0,4060.0,0,,0.11239224166971877,0,random_forest
SH-MC-03-2025031316,2025-03-13 16:00:00,LINE-A,MC-03,PRD-A,5,36500.0,4060.0,0,,0.12659708034382552,0,random_forest
SH-MC-03-2025031400,2025-03-14 00:00:00,LINE-A,MC-03,PRD-B,5,36500.0,4060.0,0,,0.1396846255225329,0,random_forest
SH-MC-03-2025031408,2025-03-14 08:00:00,LINE-A,MC-03,PRD-B,5,36500.0,4060.0,0,,0.12971073558143173,0,random_forest
SH-MC-03-2025031416,2025-03-14 16:00:00,LINE-A,MC-03,PRD-B,5,36500.0,4060.0,0,,0.17549533374655935,1,random_forest
SH-MC-03-2025031500,2025-03-15 00:00:00,LINE-A,MC-03,PRD-B,5,36500.0,4060.0,0,,0.2072543029844837,1,random_forest
SH-MC-03-2025031508,2025-03-15 08:00:00,LINE-A,MC-03,PRD-B,5,36500.0,4060.0,0,,0.20871213061612948,1,random_forest
SH-MC-03-2025031516,2025-03-15 16:00:00,LINE-A,MC-03,PRD-B,5,36500.0,4060.0,0,,0.2706757692480898,1,random_forest
SH-MC-03-2025031600,2025-03-16 00:00:00,LINE-A,MC-03,PRD-C,5,36500.0,4060.0,0,,0.20768714431556468,1,random_forest
SH-MC-03-2025031608,2025-03-16 08:00:00,LINE-A,MC-03,PRD-C,5,36500.0,4060.0,0,,0.1893696839108195,1,random_forest
SH-MC-03-2025031616,2025-03-16 16:00:00,LINE-A,MC-03,PRD-C,5,36500.0,4060.0,0,,0.2641861535044514,1,random_forest
SH-MC-03-2025031700,2025-03-17 00:00:00,LINE-A,MC-03,PRD-C,5,36500.0,4060.0,0,,0.2936821015235523,1,random_forest
SH-MC-03-2025031708,2025-03-17 08:00:00,LINE-A,MC-03,PRD-C,5,36500.0,4060.0,0,,0.3637121180258918,1,random_forest
SH-MC-03-2025031716,2025-03-17 16:00:00,LINE-A,MC-03,PRD-C,5,36500.0,4060.0,0,,0.36615067465675455,1,random_forest
SH-MC-03-2025031800,2025-03-18 00:00:00,LINE-A,MC-03,PRD-D,5,36500.0,4060.0,0,,0.4126669850976819,1,random_forest
SH-MC-03-2025031808,2025-03-18 08:00:00,LINE-A,MC-03,PRD-D,5,36500.0,4060.0,0,,0.42950325251934585,1,random_forest
SH-MC-03-2025031816,2025-03-18 16:00:00,LINE-A,MC-03,PRD-D,5,36500.0,4060.0,0,,0.39794642914559203,1,random_forest
SH-MC-03-2025031900,2025-03-19 00:00:00,LINE-A,MC-03,PRD-D,5,36500.0,4060.0,0,,0.5593242899289029,1,random_forest
SH-MC-03-2025031908,2025-03-19 08:00:00,LINE-A,MC-03,PRD-D,5,36500.0,4060.0,0,,0.5225150987654683,1,random_forest
SH-MC-03-2025031916,2025-03-19 16:00:00,LINE-A,MC-03,PRD-D,5,36500.0,4060.0,0,,0.5562909736426882,1,random_forest
SH-MC-03-2025032000,2025-03-20 00:00:00,LINE-A,MC-03,PRD-A,5,36500.0,4060.0,1,24.0,0.5050266030613332,1,random_forest
SH-MC-03-2025032008,2025-03-20 08:00:00,LINE-A,MC-03,PRD-A,5,36500.0,4060.0,1,16.0,0.5860995040056293,1,random_forest
SH-MC-03-2025032016,2025-03-20 16:00:00,LINE-A,MC-03,PRD-A,5,36500.0,4060.0,1,8.0,0.44078902349327465,1,random_forest
SH-MC-03-2025032100,2025-03-21 00:00:00,LINE-A,MC-03,PRD-A,5,36500.0,4060.0,0,,0.569473181115473,1,random_forest
SH-MC-03-2025032108,2025-03-21 08:00:00,LINE-A,MC-03,PRD-A,5,36500.0,4060.0,0,,0.09738742857103296,0,random_forest
SH-MC-03-2025032116,2025-03-21 16:00:00,LINE-A,MC-03,PRD-A,5,36500.0,4060.0,0,,0.08675233988051043,0,random_forest
SH-MC-03-2025032200,2025-03-22 00:00:00,LINE-A,MC-03,PRD-B,5,36500.0,4060.0,0,,0.15549498246242713,1,random_forest
SH-MC-03-2025032208,2025-03-22 08:00:00,LINE-A,MC-03,PRD-B,5,36500.0,4060.0,1,24.0,0.12706706451469027,0,random_forest
SH-MC-03-2025032216,2025-03-22 16:00:00,LINE-A,MC-03,PRD-B,5,36500.0,4060.0,1,16.0,0.10729179364759196,0,random_forest
SH-MC-03-2025032300,2025-03-23 00:00:00,LINE-A,MC-03,PRD-B,5,36500.0,4060.0,1,8.0,0.16060527619340798,1,random_forest
SH-MC-03-2025032308,2025-03-23 08:00:00,LINE-A,MC-03,PRD-B,5,36500.0,4060.0,0,,0.19986873547473907,1,random_forest
SH-MC-03-2025032316,2025-03-23 16:00:00,LINE-A,MC-03,PRD-B,5,36500.0,4060.0,0,,0.071764771839901,0,random_forest
SH-MC-03-2025032400,2025-03-24 00:00:00,LINE-A,MC-03,PRD-C,5,36500.0,4060.0,0,,0.06127592082525595,0,random_forest
SH-MC-03-2025032408,2025-03-24 08:00:00,LINE-A,MC-03,PRD-C,5,36500.0,4060.0,0,,0.05061880833884563,0,random_forest
SH-MC-03-2025032416,2025-03-24 16:00:00,LINE-A,MC-03,PRD-C,5,36500.0,4060.0,0,,0.07429800021953158,0,random_forest
SH-MC-03-2025032500,2025-03-25 00:00:00,LINE-A,MC-03,PRD-C,5,36500.0,4060.0,0,,0.06948227399000687,0,random_forest
SH-MC-03-2025032508,2025-03-25 08:00:00,LINE-A,MC-03,PRD-C,5,36500.0,4060.0,0,,0.05932239120943565,0,random_forest
SH-MC-03-2025032516,2025-03-25 16:00:00,LINE-A,MC-03,PRD-C,5,36500.0,4060.0,0,,0.07878649333537399,0,random_forest
SH-MC-03-2025032600,2025-03-26 00:00:00,LINE-A,MC-03,PRD-D,5,36500.0,4060.0,0,,0.05957704242982647,0,random_forest
SH-MC-03-2025032608,2025-03-26 08:00:00,LINE-A,MC-03,PRD-D,5,36500.0,4060.0,0,,0.07360095198931818,0,random_forest
SH-MC-03-2025032616,2025-03-26 16:00:00,LINE-A,MC-03,PRD-D,5,36500.0,4060.0,0,,0.06963031050239388,0,random_forest
SH-MC-03-2025032700,2025-03-27 00:00:00,LINE-A,MC-03,PRD-D,5,36500.0,4060.0,0,,0.07790176359717657,0,random_forest
SH-MC-03-2025032708,2025-03-27 08:00:00,LINE-A,MC-03,PRD-D,5,36500.0,4060.0,0,,0.07181773873257145,0,random_forest
SH-MC-03-2025032716,2025-03-27 16:00:00,LINE-A,MC-03,PRD-D,5,36500.0,4060.0,0,,0.11228569428149995,0,random_forest
SH-MC-03-2025032800,2025-03-28 00:00:00,LINE-A,MC-03,PRD-A,5,36500.0,4060.0,0,,0.18030815619532078,1,random_forest
SH-MC-03-2025032808,2025-03-28 08:00:00,LINE-A,MC-03,PRD-A,5,36500.0,4060.0,0,,0.24431582645284466,1,random_forest
SH-MC-03-2025032816,2025-03-28 16:00:00,LINE-A,MC-03,PRD-A,5,36500.0,4060.0,0,,0.23243123327034648,1,random_forest
SH-MC-03-2025032900,2025-03-29 00:00:00,LINE-A,MC-03,PRD-A,5,36500.0,4060.0,0,,0.22378326765584816,1,random_forest
SH-MC-03-2025032908,2025-03-29 08:00:00,LINE-A,MC-03,PRD-A,5,36500.0,4060.0,1,24.0,0.24834879173616142,1,random_forest
SH-MC-03-2025032916,2025-03-29 16:00:00,LINE-A,MC-03,PRD-A,5,36500.0,4060.0,1,16.0,0.28678459848744287,1,random_forest
SH-MC-03-2025033000,2025-03-30 00:00:00,LINE-A,MC-03,PRD-B,5,36500.0,4060.0,1,8.0,0.2729531723146843,1,random_forest
SH-MC-03-2025033008,2025-03-30 08:00:00,LINE-A,MC-03,PRD-B,5,36500.0,4060.0,0,,0.30013060745896203,1,random_forest
SH-MC-03-2025033016,2025-03-30 16:00:00,LINE-A,MC-03,PRD-B,5,36500.0,4060.0,0,,0.07593306564280398,0,random_forest
SH-MC-03-2025033100,2025-03-31 00:00:00,LINE-A,MC-03,PRD-B,5,36500.0,4060.0,0,,0.09019540747414957,0,random_forest
SH-MC-03-2025033108,2025-03-31 08:00:00,LINE-A,MC-03,PRD-B,5,36500.0,4060.0,0,,0.09787702200123824,0,random_forest
SH-MC-03-2025033116,2025-03-31 16:00:00,LINE-A,MC-03,PRD-B,5,36500.0,4060.0,0,,0.10736844232403471,0,random_forest
SH-MC-03-2025040100,2025-04-01 00:00:00,LINE-A,MC-03,PRD-C,5,36500.0,4060.0,0,,0.08915805745857722,0,random_forest
SH-MC-03-2025040108,2025-04-01 08:00:00,LINE-A,MC-03,PRD-C,5,36500.0,4060.0,0,,0.09663951991842264,0,random_forest
SH-MC-03-2025040116,2025-04-01 16:00:00,LINE-A,MC-03,PRD-C,5,36500.0,4060.0,0,,0.11062145065407832,0,random_forest
SH-MC-03-2025040200,2025-04-02 00:00:00,LINE-A,MC-03,PRD-C,5,36500.0,4060.0,0,,0.1345773080577406,0,random_forest
SH-MC-03-2025040208,2025-04-02 08:00:00,LINE-A,MC-03,PRD-C,5,36500.0,4060.0,0,,0.10379512661652748,0,random_forest
SH-MC-03-2025040216,2025-04-02 16:00:00,LINE-A,MC-03,PRD-C,5,36500.0,4060.0,0,,0.14148837542725703,0,random_forest
SH-MC-03-2025040300,2025-04-03 00:00:00,LINE-A,MC-03,PRD-D,5,36500.0,4060.0,0,,0.16109220093208773,1,random_forest
SH-MC-03-2025040308,2025-04-03 08:00:00,LINE-A,MC-03,PRD-D,5,36500.0,4060.0,1,24.0,0.26332244183275716,1,random_forest
SH-MC-03-2025040316,2025-04-03 16:00:00,LINE-A,MC-03,PRD-D,5,36500.0,4060.0,1,16.0,0.23394119129870566,1,random_forest
SH-MC-03-2025040400,2025-04-04 00:00:00,LINE-A,MC-03,PRD-D,5,36500.0,4060.0,1,8.0,0.22721630856180433,1,random_forest
SH-MC-03-2025040408,2025-04-04 08:00:00,LINE-A,MC-03,PRD-D,5,36500.0,4060.0,0,,0.2411146305440289,1,random_forest
SH-MC-03-2025040416,2025-04-04 16:00:00,LINE-A,MC-03,PRD-D,5,36500.0,4060.0,0,,0.062398943412235244,0,random_forest
SH-MC-03-2025040500,2025-04-05 00:00:00,LINE-A,MC-03,PRD-A,5,36500.0,4060.0,0,,0.08352424189949124,0,random_forest
SH-MC-03-2025040508,2025-04-05 08:00:00,LINE-A,MC-03,PRD-A,5,36500.0,4060.0,0,,0.07570754144170425,0,random_forest
SH-MC-03-2025040516,2025-04-05 16:00:00,LINE-A,MC-03,PRD-A,5,36500.0,4060.0,0,,0.07497528008301815,0,random_forest
SH-MC-03-2025040600,2025-04-06 00:00:00,LINE-A,MC-03,PRD-A,5,36500.0,4060.0,0,,0.08948658933530595,0,random_forest
SH-MC-03-2025040608,2025-04-06 08:00:00,LINE-A,MC-03,PRD-A,5,36500.0,4060.0,0,,0.09402139518138779,0,random_forest
SH-MC-03-2025040616,2025-04-06 16:00:00,LINE-A,MC-03,PRD-A,5,36500.0,4060.0,0,,0.11491726899640337,0,random_forest
SH-MC-03-2025040700,2025-04-07 00:00:00,LINE-A,MC-03,PRD-B,5,36500.0,4060.0,0,,0.1159997867965092,0,random_forest
SH-MC-03-2025040708,2025-04-07 08:00:00,LINE-A,MC-03,PRD-B,5,36500.0,4060.0,0,,0.11822565894440225,0,random_forest
SH-MC-03-2025040716,2025-04-07 16:00:00,LINE-A,MC-03,PRD-B,5,36500.0,4060.0,0,,0.12201628556744475,0,random_forest
SH-MC-03-2025040800,2025-04-08 00:00:00,LINE-A,MC-03,PRD-B,5,36500.0,4060.0,0,,0.1387143029032634,0,random_forest
SH-MC-03-2025040808,2025-04-08 08:00:00,LINE-A,MC-03,PRD-B,5,36500.0,4060.0,0,,0.16119321979338852,1,random_forest
SH-MC-03-2025040816,2025-04-08 16:00:00,LINE-A,MC-03,PRD-B,5,36500.0,4060.0,0,,0.18568990313985664,1,random_forest
SH-MC-03-2025040900,2025-04-09 00:00:00,LINE-A,MC-03,PRD-C,5,36500.0,4060.0,0,,0.18356202266001675,1,random_forest
SH-MC-03-2025040908,2025-04-09 08:00:00,LINE-A,MC-03,PRD-C,5,36500.0,4060.0,0,,0.24907564510825136,1,random_forest
SH-MC-03-2025040916,2025-04-09 16:00:00,LINE-A,MC-03,PRD-C,5,36500.0,4060.0,0,,0.2501278052610696,1,random_forest
SH-MC-03-2025041000,2025-04-10 00:00:00,LINE-A,MC-03,PRD-C,5,36500.0,4060.0,0,,0.22063941584883714,1,random_forest
SH-MC-03-2025041008,2025-04-10 08:00:00,LINE-A,MC-03,PRD-C,5,36500.0,4060.0,0,,0.2385753904410391,1,random_forest
SH-MC-03-2025041016,2025-04-10 16:00:00,LINE-A,MC-03,PRD-C,5,36500.0,4060.0,1,24.0,0.272913066372856,1,random_forest
SH-MC-03-2025041100,2025-04-11 00:00:00,LINE-A,MC-03,PRD-D,5,36500.0,4060.0,1,16.0,0.3780147505792855,1,random_forest
SH-MC-03-2025041108,2025-04-11 08:00:00,LINE-A,MC-03,PRD-D,5,36500.0,4060.0,1,8.0,0.2839190030849863,1,random_forest
SH-MC-03-2025041116,2025-04-11 16:00:00,LINE-A,MC-03,PRD-D,5,36500.0,4060.0,0,,0.40126098943134897,1,random_forest
SH-MC-03-2025041200,2025-04-12 00:00:00,LINE-A,MC-03,PRD-D,5,36500.0,4060.0,0,,0.06125932854086886,0,random_forest
SH-MC-03-2025041208,2025-04-12 08:00:00,LINE-A,MC-03,PRD-D,5,36500.0,4060.0,0,,0.059246927716927585,0,random_forest
SH-MC-03-2025041216,2025-04-12 16:00:00,LINE-A,MC-03,PRD-D,5,36500.0,4060.0,0,,0.08620382885146667,0,random_forest
SH-MC-03-2025041300,2025-04-13 00:00:00,LINE-A,MC-03,PRD-A,5,36500.0,4060.0,0,,0.11256938354103987,0,random_forest
SH-MC-03-2025041308,2025-04-13 08:00:00,LINE-A,MC-03,PRD-A,5,36500.0,4060.0,0,,0.12787339661712585,0,random_forest
SH-MC-03-2025041316,2025-04-13 16:00:00,LINE-A,MC-03,PRD-A,5,36500.0,4060.0,0,,0.10104544372106851,0,random_forest
SH-MC-03-2025041400,2025-04-14 00:00:00,LINE-A,MC-03,PRD-A,5,36500.0,4060.0,0,,0.15890807131116025,1,random_forest
SH-MC-03-2025041408,2025-04-14 08:00:00,LINE-A,MC-03,PRD-A,5,36500.0,4060.0,0,,0.15647829199579413,1,random_forest
SH-MC-03-2025041416,2025-04-14 16:00:00,LINE-A,MC-03,PRD-A,5,36500.0,4060.0,0,,0.1561031659031927,1,random_forest
SH-MC-03-2025041500,2025-04-15 00:00:00,LINE-A,MC-03,PRD-B,5,36500.0,4060.0,0,,0.13507514619804195,0,random_forest
SH-MC-03-2025041508,2025-04-15 08:00:00,LINE-A,MC-03,PRD-B,5,36500.0,4060.0,0,,0.20846745383061782,1,random_forest
SH-MC-03-2025041516,2025-04-15 16:00:00,LINE-A,MC-03,PRD-B,5,36500.0,4060.0,0,,0.2444724337507376,1,random_forest
SH-MC-03-2025041600,2025-04-16 00:00:00,LINE-A,MC-03,PRD-B,5,36500.0,4060.0,0,,0.20796349257114122,1,random_forest
SH-MC-03-2025041608,2025-04-16 08:00:00,LINE-A,MC-03,PRD-B,5,36500.0,4060.0,0,,0.22680129312904942,1,random_forest
SH-MC-03-2025041616,2025-04-16 16:00:00,LINE-A,MC-03,PRD-B,5,36500.0,4060.0,0,,0.29166672862033943,1,random_forest
SH-MC-03-2025041700,2025-04-17 00:00:00,LINE-A,MC-03,PRD-C,5,36500.0,4060.0,1,24.0,0.27157605824847364,1,random_forest
SH-MC-03-2025041708,2025-04-17 08:00:00,LINE-A,MC-03,PRD-C,5,36500.0,4060.0,1,16.0,0.28306294087029515,1,random_forest
SH-MC-03-2025041716,2025-04-17 16:00:00,LINE-A,MC-03,PRD-C,5,36500.0,4060.0,1,8.0,0.24641990064461072,1,random_forest
SH-MC-03-2025041800,2025-04-18 00:00:00,LINE-A,MC-03,PRD-C,5,36500.0,4060.0,0,,0.22122218531944557,1,random_forest
SH-MC-03-2025041808,2025-04-18 08:00:00,LINE-A,MC-03,PRD-C,5,36500.0,4060.0,0,,0.05835433058804915,0,random_forest
SH-MC-03-2025041816,2025-04-18 16:00:00,LINE-A,MC-03,PRD-C,5,36500.0,4060.0,0,,0.06881966161068327,0,random_forest
SH-MC-03-2025041900,2025-04-19 00:00:00,LINE-A,MC-03,PRD-D,5,36500.0,4060.0,0,,0.06890624989332689,0,random_forest
SH-MC-03-2025041908,2025-04-19 08:00:00,LINE-A,MC-03,PRD-D,5,36500.0,4060.0,1,24.0,0.0960465156742001,0,random_forest
SH-MC-03-2025041916,2025-04-19 16:00:00,LINE-A,MC-03,PRD-D,5,36500.0,4060.0,1,16.0,0.09221745328848067,0,random_forest
SH-MC-03-2025042000,2025-04-20 00:00:00,LINE-A,MC-03,PRD-D,5,36500.0,4060.0,1,8.0,0.08877214426372006,0,random_forest
SH-MC-03-2025042008,2025-04-20 08:00:00,LINE-A,MC-03,PRD-D,5,36500.0,4060.0,0,,0.09224396063808744,0,random_forest
SH-MC-03-2025042016,2025-04-20 16:00:00,LINE-A,MC-03,PRD-D,5,36500.0,4060.0,0,,0.05588572169187067,0,random_forest
SH-MC-03-2025042100,2025-04-21 00:00:00,LINE-A,MC-03,PRD-A,5,36500.0,4060.0,0,,0.05663134435735697,0,random_forest
SH-MC-03-2025042108,2025-04-21 08:00:00,LINE-A,MC-03,PRD-A,5,36500.0,4060.0,0,,0.08237796147874726,0,random_forest
SH-MC-03-2025042116,2025-04-21 16:00:00,LINE-A,MC-03,PRD-A,5,36500.0,4060.0,0,,0.0740240311712442,0,random_forest
SH-MC-03-2025042200,2025-04-22 00:00:00,LINE-A,MC-03,PRD-A,5,36500.0,4060.0,0,,0.06826963753423744,0,random_forest
SH-MC-03-2025042208,2025-04-22 08:00:00,LINE-A,MC-03,PRD-A,5,36500.0,4060.0,0,,0.06674766206732961,0,random_forest
SH-MC-03-2025042216,2025-04-22 16:00:00,LINE-A,MC-03,PRD-A,5,36500.0,4060.0,0,,0.09263475483339191,0,random_forest
SH-MC-03-2025042300,2025-04-23 00:00:00,LINE-A,MC-03,PRD-B,5,36500.0,4060.0,0,,0.09158411855526959,0,random_forest
SH-MC-03-2025042308,2025-04-23 08:00:00,LINE-A,MC-03,PRD-B,5,36500.0,4060.0,0,,0.10880138478464393,0,random_forest
SH-MC-03-2025042316,2025-04-23 16:00:00,LINE-A,MC-03,PRD-B,5,36500.0,4060.0,0,,0.08680419456359803,0,random_forest
SH-MC-03-2025042400,2025-04-24 00:00:00,LINE-A,MC-03,PRD-B,5,36500.0,4060.0,0,,0.10741183186498855,0,random_forest
SH-MC-03-2025042408,2025-04-24 08:00:00,LINE-A,MC-03,PRD-B,5,36500.0,4060.0,0,,0.11557703218711232,0,random_forest
SH-MC-03-2025042416,2025-04-24 16:00:00,LINE-A,MC-03,PRD-B,5,36500.0,4060.0,0,,0.10349270364019245,0,random_forest
SH-MC-03-2025042500,2025-04-25 00:00:00,LINE-A,MC-03,PRD-C,5,36500.0,4060.0,0,,0.12087407757208485,0,random_forest
SH-MC-03-2025042508,2025-04-25 08:00:00,LINE-A,MC-03,PRD-C,5,36500.0,4060.0,0,,0.14643040186227432,0,random_forest
SH-MC-03-2025042516,2025-04-25 16:00:00,LINE-A,MC-03,PRD-C,5,36500.0,4060.0,0,,0.21586059304711344,1,random_forest
SH-MC-03-2025042600,2025-04-26 00:00:00,LINE-A,MC-03,PRD-C,5,36500.0,4060.0,0,,0.17409096973176325,1,random_forest
SH-MC-03-2025042608,2025-04-26 08:00:00,LINE-A,MC-03,PRD-C,5,36500.0,4060.0,0,,0.21642008566027188,1,random_forest
SH-MC-03-2025042616,2025-04-26 16:00:00,LINE-A,MC-03,PRD-C,5,36500.0,4060.0,0,,0.2114607660536295,1,random_forest
SH-MC-03-2025042700,2025-04-27 00:00:00,LINE-A,MC-03,PRD-D,5,36500.0,4060.0,0,,0.29919671573856804,1,random_forest
SH-MC-03-2025042708,2025-04-27 08:00:00,LINE-A,MC-03,PRD-D,5,36500.0,4060.0,0,,0.2346436797345496,1,random_forest
SH-MC-03-2025042716,2025-04-27 16:00:00,LINE-A,MC-03,PRD-D,5,36500.0,4060.0,0,,0.2841143615103743,1,random_forest
SH-MC-03-2025042800,2025-04-28 00:00:00,LINE-A,MC-03,PRD-D,5,36500.0,4060.0,1,24.0,0.33933040208757537,1,random_forest
SH-MC-03-2025042808,2025-04-28 08:00:00,LINE-A,MC-03,PRD-D,5,36500.0,4060.0,1,16.0,0.3329660418658984,1,random_forest
SH-MC-03-2025042816,2025-04-28 16:00:00,LINE-A,MC-03,PRD-D,5,36500.0,4060.0,1,8.0,0.4016686891298417,1,random_forest
SH-MC-03-2025042900,2025-04-29 00:00:00,LINE-A,MC-03,PRD-A,5,36500.0,4060.0,0,,0.3550507160313323,1,random_forest
SH-MC-03-2025042908,2025-04-29 08:00:00,LINE-A,MC-03,PRD-A,5,36500.0,4060.0,0,,0.08239757536895732,0,random_forest
SH-MC-03-2025042916,2025-04-29 16:00:00,LINE-A,MC-03,PRD-A,5,36500.0,4060.0,0,,0.08227662233123713,0,random_forest
SH-MC-03-2025043000,2025-04-30 00:00:00,LINE-A,MC-03,PRD-A,5,36500.0,4060.0,0,,0.09111233843170681,0,random_forest
SH-MC-03-2025043008,2025-04-30 08:00:00,LINE-A,MC-03,PRD-A,5,36500.0,4060.0,0,,0.09210524444090684,0,random_forest
SH-MC-03-2025043016,2025-04-30 16:00:00,LINE-A,MC-03,PRD-A,5,36500.0,4060.0,0,,0.11521080030806234,0,random_forest
SH-MC-03-2025050100,2025-05-01 00:00:00,LINE-A,MC-03,PRD-B,5,36500.0,4060.0,0,,0.10549434384973265,0,random_forest
SH-MC-03-2025050108,2025-05-01 08:00:00,LINE-A,MC-03,PRD-B,5,36500.0,4060.0,0,,0.14011583434615113,0,random_forest
SH-MC-03-2025050116,2025-05-01 16:00:00,LINE-A,MC-03,PRD-B,5,36500.0,4060.0,0,,0.11626287385362646,0,random_forest
SH-MC-03-2025050200,2025-05-02 00:00:00,LINE-A,MC-03,PRD-B,5,36500.0,4060.0,0,,0.13908464056174072,0,random_forest
SH-MC-03-2025050208,2025-05-02 08:00:00,LINE-A,MC-03,PRD-B,5,36500.0,4060.0,0,,0.15534105669822001,1,random_forest
SH-MC-03-2025050216,2025-05-02 16:00:00,LINE-A,MC-03,PRD-B,5,36500.0,4060.0,0,,0.18056876633416583,1,random_forest
SH-MC-03-2025050300,2025-05-03 00:00:00,LINE-A,MC-03,PRD-C,5,36500.0,4060.0,0,,0.23122152979572916,1,random_forest
SH-MC-03-2025050308,2025-05-03 08:00:00,LINE-A,MC-03,PRD-C,5,36500.0,4060.0,0,,0.1990556876791928,1,random_forest
SH-MC-03-2025050316,2025-05-03 16:00:00,LINE-A,MC-03,PRD-C,5,36500.0,4060.0,0,,0.2676148358112042,1,random_forest
SH-MC-03-2025050400,2025-05-04 00:00:00,LINE-A,MC-03,PRD-C,5,36500.0,4060.0,0,,0.20604866171561678,1,random_forest
SH-MC-03-2025050408,2025-05-04 08:00:00,LINE-A,MC-03,PRD-C,5,36500.0,4060.0,0,,0.24220891879217105,1,random_forest
SH-MC-03-2025050416,2025-05-04 16:00:00,LINE-A,MC-03,PRD-C,5,36500.0,4060.0,0,,0.23701466602853685,1,random_forest
SH-MC-03-2025050500,2025-05-05 00:00:00,LINE-A,MC-03,PRD-D,5,36500.0,4060.0,0,,0.3113958766693205,1,random_forest
SH-MC-03-2025050508,2025-05-05 08:00:00,LINE-A,MC-03,PRD-D,5,36500.0,4060.0,0,,0.321613902200015,1,random_forest
SH-MC-03-2025050516,2025-05-05 16:00:00,LINE-A,MC-03,PRD-D,5,36500.0,4060.0,0,,0.35724520636701007,1,random_forest
SH-MC-03-2025050600,2025-05-06 00:00:00,LINE-A,MC-03,PRD-D,5,36500.0,4060.0,0,,0.34008170406996385,1,random_forest
SH-MC-03-2025050608,2025-05-06 08:00:00,LINE-A,MC-03,PRD-D,5,36500.0,4060.0,1,24.0,0.2826144504063781,1,random_forest
SH-MC-03-2025050616,2025-05-06 16:00:00,LINE-A,MC-03,PRD-D,5,36500.0,4060.0,1,16.0,0.38260149102603225,1,random_forest
SH-MC-03-2025050700,2025-05-07 00:00:00,LINE-A,MC-03,PRD-A,5,36500.0,4060.0,1,8.0,0.4130045313173403,1,random_forest
SH-MC-03-2025050708,2025-05-07 08:00:00,LINE-A,MC-03,PRD-A,5,36500.0,4060.0,0,,0.5565032712500096,1,random_forest
SH-MC-03-2025050716,2025-05-07 16:00:00,LINE-A,MC-03,PRD-A,5,36500.0,4060.0,0,,0.07644094089890356,0,random_forest
SH-MC-03-2025050800,2025-05-08 00:00:00,LINE-A,MC-03,PRD-A,5,36500.0,4060.0,0,,0.08653830631460045,0,random_forest
SH-MC-03-2025050808,2025-05-08 08:00:00,LINE-A,MC-03,PRD-A,5,36500.0,4060.0,0,,0.09988219518809972,0,random_forest
SH-MC-03-2025050816,2025-05-08 16:00:00,LINE-A,MC-03,PRD-A,5,36500.0,4060.0,0,,0.10605271938405017,0,random_forest
SH-MC-03-2025050900,2025-05-09 00:00:00,LINE-A,MC-03,PRD-B,5,36500.0,4060.0,0,,0.11923478599008679,0,random_forest
SH-MC-03-2025050908,2025-05-09 08:00:00,LINE-A,MC-03,PRD-B,5,36500.0,4060.0,0,,0.09932450347041359,0,random_forest
SH-MC-03-2025050916,2025-05-09 16:00:00,LINE-A,MC-03,PRD-B,5,36500.0,4060.0,0,,0.13688948069877588,0,random_forest
SH-MC-03-2025051000,2025-05-10 00:00:00,LINE-A,MC-03,PRD-B,5,36500.0,4060.0,0,,0.1529490027171448,1,random_forest
SH-MC-03-2025051008,2025-05-10 08:00:00,LINE-A,MC-03,PRD-B,5,36500.0,4060.0,0,,0.1504110932119598,1,random_forest
SH-MC-03-2025051016,2025-05-10 16:00:00,LINE-A,MC-03,PRD-B,5,36500.0,4060.0,0,,0.18190737449128636,1,random_forest
SH-MC-03-2025051100,2025-05-11 00:00:00,LINE-A,MC-03,PRD-C,5,36500.0,4060.0,0,,0.15945374804489565,1,random_forest
SH-MC-03-2025051108,2025-05-11 08:00:00,LINE-A,MC-03,PRD-C,5,36500.0,4060.0,0,,0.19760612246661008,1,random_forest
SH-MC-03-2025051116,2025-05-11 16:00:00,LINE-A,MC-03,PRD-C,5,36500.0,4060.0,0,,0.25101763879348743,1,random_forest
SH-MC-03-2025051200,2025-05-12 00:00:00,LINE-A,MC-03,PRD-C,5,36500.0,4060.0,0,,0.27832030531099367,1,random_forest
SH-MC-03-2025051208,2025-05-12 08:00:00,LINE-A,MC-03,PRD-C,5,36500.0,4060.0,0,,0.26962162691929664,1,random_forest
SH-MC-03-2025051216,2025-05-12 16:00:00,LINE-A,MC-03,PRD-C,5,36500.0,4060.0,1,24.0,0.29523435321446606,1,random_forest
SH-MC-03-2025051300,2025-05-13 00:00:00,LINE-A,MC-03,PRD-D,5,36500.0,4060.0,1,16.0,0.316107009791721,1,random_forest
SH-MC-03-2025051308,2025-05-13 08:00:00,LINE-A,MC-03,PRD-D,5,36500.0,4060.0,1,8.0,0.3931981870502857,1,random_forest
SH-MC-03-2025051316,2025-05-13 16:00:00,LINE-A,MC-03,PRD-D,5,36500.0,4060.0,0,,0.3966471729932877,1,random_forest
SH-MC-03-2025051400,2025-05-14 00:00:00,LINE-A,MC-03,PRD-D,5,36500.0,4060.0,0,,0.06262919622601638,0,random_forest
SH-MC-03-2025051408,2025-05-14 08:00:00,LINE-A,MC-03,PRD-D,5,36500.0,4060.0,0,,0.07018630709527644,0,random_forest
SH-MC-03-2025051416,2025-05-14 16:00:00,LINE-A,MC-03,PRD-D,5,36500.0,4060.0,0,,0.0821232988190232,0,random_forest
SH-MC-03-2025051500,2025-05-15 00:00:00,LINE-A,MC-03,PRD-A,5,36500.0,4060.0,0,,0.08820851852867277,0,random_forest
SH-MC-03-2025051508,2025-05-15 08:00:00,LINE-A,MC-03,PRD-A,5,36500.0,4060.0,0,,0.0887381784125737,0,random_forest
SH-MC-03-2025051516,2025-05-15 16:00:00,LINE-A,MC-03,PRD-A,5,36500.0,4060.0,0,,0.10474909195124289,0,random_forest
SH-MC-03-2025051600,2025-05-16 00:00:00,LINE-A,MC-03,PRD-A,5,36500.0,4060.0,0,,0.09384956303093958,0,random_forest
SH-MC-03-2025051608,2025-05-16 08:00:00,LINE-A,MC-03,PRD-A,5,36500.0,4060.0,0,,0.0867597962228759,0,random_forest
SH-MC-03-2025051616,2025-05-16 16:00:00,LINE-A,MC-03,PRD-A,5,36500.0,4060.0,0,,0.08952666636976185,0,random_forest
SH-MC-03-2025051700,2025-05-17 00:00:00,LINE-A,MC-03,PRD-B,5,36500.0,4060.0,0,,0.1287478732305891,0,random_forest
SH-MC-03-2025051708,2025-05-17 08:00:00,LINE-A,MC-03,PRD-B,5,36500.0,4060.0,0,,0.18093243154608593,1,random_forest
SH-MC-03-2025051716,2025-05-17 16:00:00,LINE-A,MC-03,PRD-B,5,36500.0,4060.0,0,,0.15590128296922667,1,random_forest
SH-MC-03-2025051800,2025-05-18 00:00:00,LINE-A,MC-03,PRD-B,5,36500.0,4060.0,0,,0.21592781087788585,1,random_forest
SH-MC-03-2025051808,2025-05-18 08:00:00,LINE-A,MC-03,PRD-B,5,36500.0,4060.0,0,,0.23426886244256936,1,random_forest
SH-MC-03-2025051816,2025-05-18 16:00:00,LINE-A,MC-03,PRD-B,5,36500.0,4060.0,0,,0.2345704851305443,1,random_forest
SH-MC-03-2025051900,2025-05-19 00:00:00,LINE-A,MC-03,PRD-C,5,36500.0,4060.0,0,,0.234125659150341,1,random_forest
SH-MC-03-2025051908,2025-05-19 08:00:00,LINE-A,MC-03,PRD-C,5,36500.0,4060.0,0,,0.3243806184221389,1,random_forest
SH-MC-03-2025051916,2025-05-19 16:00:00,LINE-A,MC-03,PRD-C,5,36500.0,4060.0,0,,0.3008077947946103,1,random_forest
SH-MC-03-2025052000,2025-05-20 00:00:00,LINE-A,MC-03,PRD-C,5,36500.0,4060.0,0,,0.3258967463130732,1,random_forest
SH-MC-03-2025052008,2025-05-20 08:00:00,LINE-A,MC-03,PRD-C,5,36500.0,4060.0,1,24.0,0.365879962103681,1,random_forest
SH-MC-03-2025052016,2025-05-20 16:00:00,LINE-A,MC-03,PRD-C,5,36500.0,4060.0,1,16.0,0.379604150021616,1,random_forest
SH-MC-03-2025052100,2025-05-21 00:00:00,LINE-A,MC-03,PRD-D,5,36500.0,4060.0,1,8.0,0.5014668266459953,1,random_forest
SH-MC-03-2025052108,2025-05-21 08:00:00,LINE-A,MC-03,PRD-D,5,36500.0,4060.0,0,,0.5232086820370967,1,random_forest
SH-MC-03-2025052116,2025-05-21 16:00:00,LINE-A,MC-03,PRD-D,5,36500.0,4060.0,0,,0.07326029759970255,0,random_forest
SH-MC-03-2025052200,2025-05-22 00:00:00,LINE-A,MC-03,PRD-D,5,36500.0,4060.0,0,,0.0755405801536936,0,random_forest
SH-MC-03-2025052208,2025-05-22 08:00:00,LINE-A,MC-03,PRD-D,5,36500.0,4060.0,0,,0.09729082903593816,0,random_forest
SH-MC-03-2025052216,2025-05-22 16:00:00,LINE-A,MC-03,PRD-D,5,36500.0,4060.0,0,,0.08384900656138307,0,random_forest
SH-MC-03-2025052300,2025-05-23 00:00:00,LINE-A,MC-03,PRD-A,5,36500.0,4060.0,0,,0.11267446775179715,0,random_forest
SH-MC-03-2025052308,2025-05-23 08:00:00,LINE-A,MC-03,PRD-A,5,36500.0,4060.0,0,,0.09598597875225306,0,random_forest
SH-MC-03-2025052316,2025-05-23 16:00:00,LINE-A,MC-03,PRD-A,5,36500.0,4060.0,0,,0.11736948219897766,0,random_forest
SH-MC-03-2025052400,2025-05-24 00:00:00,LINE-A,MC-03,PRD-A,5,36500.0,4060.0,0,,0.1315315945177881,0,random_forest
SH-MC-03-2025052408,2025-05-24 08:00:00,LINE-A,MC-03,PRD-A,5,36500.0,4060.0,0,,0.16417771905692125,1,random_forest
SH-MC-03-2025052416,2025-05-24 16:00:00,LINE-A,MC-03,PRD-A,5,36500.0,4060.0,0,,0.17147461435371528,1,random_forest
SH-MC-03-2025052500,2025-05-25 00:00:00,LINE-A,MC-03,PRD-B,5,36500.0,4060.0,0,,0.16374213859371567,1,random_forest
SH-MC-03-2025052508,2025-05-25 08:00:00,LINE-A,MC-03,PRD-B,5,36500.0,4060.0,0,,0.2042992599386428,1,random_forest
SH-MC-03-2025052516,2025-05-25 16:00:00,LINE-A,MC-03,PRD-B,5,36500.0,4060.0,0,,0.21452364217291064,1,random_forest
SH-MC-03-2025052600,2025-05-26 00:00:00,LINE-A,MC-03,PRD-B,5,36500.0,4060.0,0,,0.2727065901705006,1,random_forest
SH-MC-03-2025052608,2025-05-26 08:00:00,LINE-A,MC-03,PRD-B,5,36500.0,4060.0,0,,0.28567232377078217,1,random_forest
SH-MC-03-2025052616,2025-05-26 16:00:00,LINE-A,MC-03,PRD-B,5,36500.0,4060.0,0,,0.20555160235157177,1,random_forest
SH-MC-03-2025052700,2025-05-27 00:00:00,LINE-A,MC-03,PRD-C,5,36500.0,4060.0,1,24.0,0.25165700604074703,1,random_forest
SH-MC-03-2025052708,2025-05-27 08:00:00,LINE-A,MC-03,PRD-C,5,36500.0,4060.0,1,16.0,0.33815876790915356,1,random_forest
SH-MC-03-2025052716,2025-05-27 16:00:00,LINE-A,MC-03,PRD-C,5,36500.0,4060.0,1,8.0,0.31196135766384686,1,random_forest
SH-MC-03-2025052800,2025-05-28 00:00:00,LINE-A,MC-03,PRD-C,5,36500.0,4060.0,1,8.0,0.3549178529592339,1,random_forest
SH-MC-03-2025052808,2025-05-28 08:00:00,LINE-A,MC-03,PRD-C,5,36500.0,4060.0,0,,0.06362733454545767,0,random_forest
SH-MC-03-2025052816,2025-05-28 16:00:00,LINE-A,MC-03,PRD-C,5,36500.0,4060.0,0,,0.06117972333320182,0,random_forest
SH-MC-03-2025052900,2025-05-29 00:00:00,LINE-A,MC-03,PRD-D,5,36500.0,4060.0,0,,0.0707697070324257,0,random_forest
SH-MC-03-2025052908,2025-05-29 08:00:00,LINE-A,MC-03,PRD-D,5,36500.0,4060.0,0,,0.07938106571998323,0,random_forest
SH-MC-03-2025052916,2025-05-29 16:00:00,LINE-A,MC-03,PRD-D,5,36500.0,4060.0,0,,0.07108907121835495,0,random_forest
SH-MC-03-2025053000,2025-05-30 00:00:00,LINE-A,MC-03,PRD-D,5,36500.0,4060.0,0,,0.05684097654338287,0,random_forest
SH-MC-03-2025053008,2025-05-30 08:00:00,LINE-A,MC-03,PRD-D,5,36500.0,4060.0,0,,0.055168720558132864,0,random_forest
SH-MC-03-2025053016,2025-05-30 16:00:00,LINE-A,MC-03,PRD-D,5,36500.0,4060.0,0,,0.06741738413877155,0,random_forest
SH-MC-03-2025053100,2025-05-31 00:00:00,LINE-A,MC-03,PRD-A,5,36500.0,4060.0,0,,0.074610724433291,0,random_forest
SH-MC-03-2025053108,2025-05-31 08:00:00,LINE-A,MC-03,PRD-A,5,36500.0,4060.0,0,,0.08615592221741697,0,random_forest
SH-MC-03-2025053116,2025-05-31 16:00:00,LINE-A,MC-03,PRD-A,5,36500.0,4060.0,0,,0.08005658125469715,0,random_forest
SH-MC-03-2025060100,2025-06-01 00:00:00,LINE-A,MC-03,PRD-A,5,36500.0,4060.0,0,,0.0773347539053505,0,random_forest
SH-MC-03-2025060108,2025-06-01 08:00:00,LINE-A,MC-03,PRD-A,5,36500.0,4060.0,0,,0.09038037905311587,0,random_forest
SH-MC-03-2025060116,2025-06-01 16:00:00,LINE-A,MC-03,PRD-A,5,36500.0,4060.0,1,24.0,0.09023835229329773,0,random_forest
SH-MC-03-2025060200,2025-06-02 00:00:00,LINE-A,MC-03,PRD-B,5,36500.0,4060.0,1,16.0,0.09437887141234852,0,random_forest
SH-MC-03-2025060208,2025-06-02 08:00:00,LINE-A,MC-03,PRD-B,5,36500.0,4060.0,1,8.0,0.1158920066406853,0,random_forest
SH-MC-03-2025060216,2025-06-02 16:00:00,LINE-A,MC-03,PRD-B,5,36500.0,4060.0,0,,0.18581644218896043,1,random_forest
SH-MC-03-2025060300,2025-06-03 00:00:00,LINE-A,MC-03,PRD-B,5,36500.0,4060.0,0,,0.06565898545672906,0,random_forest
SH-MC-03-2025060308,2025-06-03 08:00:00,LINE-A,MC-03,PRD-B,5,36500.0,4060.0,0,,0.06480831610610337,0,random_forest
SH-MC-03-2025060316,2025-06-03 16:00:00,LINE-A,MC-03,PRD-B,5,36500.0,4060.0,0,,0.0890692491946205,0,random_forest
SH-MC-03-2025060400,2025-06-04 00:00:00,LINE-A,MC-03,PRD-C,5,36500.0,4060.0,0,,0.07097451644671608,0,random_forest
SH-MC-03-2025060408,2025-06-04 08:00:00,LINE-A,MC-03,PRD-C,5,36500.0,4060.0,0,,0.06282430007862073,0,random_forest
SH-MC-03-2025060416,2025-06-04 16:00:00,LINE-A,MC-03,PRD-C,5,36500.0,4060.0,0,,0.09046776588136718,0,random_forest
SH-MC-03-2025060500,2025-06-05 00:00:00,LINE-A,MC-03,PRD-C,5,36500.0,4060.0,0,,0.09368951588561317,0,random_forest
SH-MC-03-2025060508,2025-06-05 08:00:00,LINE-A,MC-03,PRD-C,5,36500.0,4060.0,0,,0.08686355641027389,0,random_forest
SH-MC-03-2025060516,2025-06-05 16:00:00,LINE-A,MC-03,PRD-C,5,36500.0,4060.0,0,,0.07828238532710052,0,random_forest
SH-MC-03-2025060600,2025-06-06 00:00:00,LINE-A,MC-03,PRD-D,5,36500.0,4060.0,0,,0.100134653306061,0,random_forest
SH-MC-03-2025060608,2025-06-06 08:00:00,LINE-A,MC-03,PRD-D,5,36500.0,4060.0,0,,0.10191594675619088,0,random_forest
SH-MC-03-2025060616,2025-06-06 16:00:00,LINE-A,MC-03,PRD-D,5,36500.0,4060.0,0,,0.11753260600844126,0,random_forest
SH-MC-03-2025060700,2025-06-07 00:00:00,LINE-A,MC-03,PRD-D,5,36500.0,4060.0,0,,0.18845821340421656,1,random_forest
SH-MC-03-2025060708,2025-06-07 08:00:00,LINE-A,MC-03,PRD-D,5,36500.0,4060.0,0,,0.13926822857454496,0,random_forest
SH-MC-03-2025060716,2025-06-07 16:00:00,LINE-A,MC-03,PRD-D,5,36500.0,4060.0,0,,0.2319853639524483,1,random_forest
SH-MC-03-2025060800,2025-06-08 00:00:00,LINE-A,MC-03,PRD-A,5,36500.0,4060.0,0,,0.22978918446452143,1,random_forest
SH-MC-03-2025060808,2025-06-08 08:00:00,LINE-A,MC-03,PRD-A,5,36500.0,4060.0,0,,0.23197681169348225,1,random_forest
SH-MC-03-2025060816,2025-06-08 16:00:00,LINE-A,MC-03,PRD-A,5,36500.0,4060.0,0,,0.2106684386887512,1,random_forest
SH-MC-03-2025060900,2025-06-09 00:00:00,LINE-A,MC-03,PRD-A,5,36500.0,4060.0,0,,0.20962666149907944,1,random_forest
SH-MC-03-2025060908,2025-06-09 08:00:00,LINE-A,MC-03,PRD-A,5,36500.0,4060.0,0,,0.2397483506365339,1,random_forest
SH-MC-03-2025060916,2025-06-09 16:00:00,LINE-A,MC-03,PRD-A,5,36500.0,4060.0,0,,0.19119580902297867,1,random_forest
SH-MC-03-2025061000,2025-06-10 00:00:00,LINE-A,MC-03,PRD-B,5,36500.0,4060.0,1,24.0,0.26147855909352513,1,random_forest
SH-MC-03-2025061008,2025-06-10 08:00:00,LINE-A,MC-03,PRD-B,5,36500.0,4060.0,1,16.0,0.2601750884203556,1,random_forest
SH-MC-03-2025061016,2025-06-10 16:00:00,LINE-A,MC-03,PRD-B,5,36500.0,4060.0,1,8.0,0.22578043602738807,1,random_forest
SH-MC-03-2025061100,2025-06-11 00:00:00,LINE-A,MC-03,PRD-B,5,36500.0,4060.0,0,,0.39745165774526325,1,random_forest
SH-MC-03-2025061108,2025-06-11 08:00:00,LINE-A,MC-03,PRD-B,5,36500.0,4060.0,0,,0.08020478647016331,0,random_forest
SH-MC-03-2025061116,2025-06-11 16:00:00,LINE-A,MC-03,PRD-B,5,36500.0,4060.0,0,,0.10236824523645867,0,random_forest
SH-MC-03-2025061200,2025-06-12 00:00:00,LINE-A,MC-03,PRD-C,5,36500.0,4060.0,0,,0.08543281911026256,0,random_forest
SH-MC-03-2025061208,2025-06-12 08:00:00,LINE-A,MC-03,PRD-C,5,36500.0,4060.0,0,,0.09093711861936882,0,random_forest
SH-MC-03-2025061216,2025-06-12 16:00:00,LINE-A,MC-03,PRD-C,5,36500.0,4060.0,0,,0.08956339692607777,0,random_forest
SH-MC-03-2025061300,2025-06-13 00:00:00,LINE-A,MC-03,PRD-C,5,36500.0,4060.0,0,,0.1051270715354483,0,random_forest
SH-MC-03-2025061308,2025-06-13 08:00:00,LINE-A,MC-03,PRD-C,5,36500.0,4060.0,0,,0.11002086836379857,0,random_forest
SH-MC-03-2025061316,2025-06-13 16:00:00,LINE-A,MC-03,PRD-C,5,36500.0,4060.0,0,,0.09098089647043739,0,random_forest
SH-MC-03-2025061400,2025-06-14 00:00:00,LINE-A,MC-03,PRD-D,5,36500.0,4060.0,0,,0.11480355986800392,0,random_forest
SH-MC-03-2025061408,2025-06-14 08:00:00,LINE-A,MC-03,PRD-D,5,36500.0,4060.0,0,,0.13410130670262815,0,random_forest
SH-MC-03-2025061416,2025-06-14 16:00:00,LINE-A,MC-03,PRD-D,5,36500.0,4060.0,0,,0.1652471356698836,1,random_forest
SH-MC-03-2025061500,2025-06-15 00:00:00,LINE-A,MC-03,PRD-D,5,36500.0,4060.0,0,,0.20268822519258642,1,random_forest
SH-MC-03-2025061508,2025-06-15 08:00:00,LINE-A,MC-03,PRD-D,5,36500.0,4060.0,0,,0.18233237158159138,1,random_forest
SH-MC-03-2025061516,2025-06-15 16:00:00,LINE-A,MC-03,PRD-D,5,36500.0,4060.0,1,24.0,0.23693948630667905,1,random_forest
SH-MC-03-2025061600,2025-06-16 00:00:00,LINE-A,MC-03,PRD-A,5,36500.0,4060.0,1,16.0,0.1624596687512325,1,random_forest
SH-MC-03-2025061608,2025-06-16 08:00:00,LINE-A,MC-03,PRD-A,5,36500.0,4060.0,1,8.0,0.19737265572865192,1,random_forest
SH-MC-03-2025061616,2025-06-16 16:00:00,LINE-A,MC-03,PRD-A,5,36500.0,4060.0,0,,0.20615341122822378,1,random_forest
SH-MC-03-2025061700,2025-06-17 00:00:00,LINE-A,MC-03,PRD-A,5,36500.0,4060.0,0,,0.08575109296138704,0,random_forest
SH-MC-03-2025061708,2025-06-17 08:00:00,LINE-A,MC-03,PRD-A,5,36500.0,4060.0,0,,0.08130416344014155,0,random_forest
SH-MC-03-2025061716,2025-06-17 16:00:00,LINE-A,MC-03,PRD-A,5,36500.0,4060.0,0,,0.0700519026250835,0,random_forest
SH-MC-03-2025061800,2025-06-18 00:00:00,LINE-A,MC-03,PRD-B,5,36500.0,4060.0,0,,0.07956023987100282,0,random_forest
SH-MC-03-2025061808,2025-06-18 08:00:00,LINE-A,MC-03,PRD-B,5,36500.0,4060.0,0,,0.08528448965679294,0,random_forest
SH-MC-03-2025061816,2025-06-18 16:00:00,LINE-A,MC-03,PRD-B,5,36500.0,4060.0,0,,0.08546019240493985,0,random_forest
SH-MC-03-2025061900,2025-06-19 00:00:00,LINE-A,MC-03,PRD-B,5,36500.0,4060.0,0,,0.08661873981576414,0,random_forest
SH-MC-03-2025061908,2025-06-19 08:00:00,LINE-A,MC-03,PRD-B,5,36500.0,4060.0,0,,0.0986925540610294,0,random_forest
SH-MC-03-2025061916,2025-06-19 16:00:00,LINE-A,MC-03,PRD-B,5,36500.0,4060.0,0,,0.1112545221322215,0,random_forest
SH-MC-03-2025062000,2025-06-20 00:00:00,LINE-A,MC-03,PRD-C,5,36500.0,4060.0,0,,0.08835141788011852,0,random_forest
SH-MC-03-2025062008,2025-06-20 08:00:00,LINE-A,MC-03,PRD-C,5,36500.0,4060.0,0,,0.08197435250620114,0,random_forest
SH-MC-03-2025062016,2025-06-20 16:00:00,LINE-A,MC-03,PRD-C,5,36500.0,4060.0,0,,0.18419733158791712,1,random_forest
SH-MC-03-2025062100,2025-06-21 00:00:00,LINE-A,MC-03,PRD-C,5,36500.0,4060.0,0,,0.18579480060682801,1,random_forest
SH-MC-03-2025062108,2025-06-21 08:00:00,LINE-A,MC-03,PRD-C,5,36500.0,4060.0,0,,0.13563884138600008,0,random_forest
SH-MC-03-2025062116,2025-06-21 16:00:00,LINE-A,MC-03,PRD-C,5,36500.0,4060.0,0,,0.20043103239577678,1,random_forest
SH-MC-03-2025062200,2025-06-22 00:00:00,LINE-A,MC-03,PRD-D,5,36500.0,4060.0,0,,0.19119077637125867,1,random_forest
SH-MC-03-2025062208,2025-06-22 08:00:00,LINE-A,MC-03,PRD-D,5,36500.0,4060.0,0,,0.21330830108849486,1,random_forest
SH-MC-03-2025062216,2025-06-22 16:00:00,LINE-A,MC-03,PRD-D,5,36500.0,4060.0,0,,0.19781314676058975,1,random_forest
SH-MC-03-2025062300,2025-06-23 00:00:00,LINE-A,MC-03,PRD-D,5,36500.0,4060.0,0,,0.27653452606914175,1,random_forest
SH-MC-03-2025062308,2025-06-23 08:00:00,LINE-A,MC-03,PRD-D,5,36500.0,4060.0,0,,0.2690533991066508,1,random_forest
SH-MC-03-2025062316,2025-06-23 16:00:00,LINE-A,MC-03,PRD-D,5,36500.0,4060.0,0,,0.23940384454759356,1,random_forest
SH-MC-03-2025062400,2025-06-24 00:00:00,LINE-A,MC-03,PRD-A,5,36500.0,4060.0,0,,0.33211911684901746,1,random_forest
SH-MC-03-2025062408,2025-06-24 08:00:00,LINE-A,MC-03,PRD-A,5,36500.0,4060.0,0,,0.429414265047205,1,random_forest
SH-MC-03-2025062416,2025-06-24 16:00:00,LINE-A,MC-03,PRD-A,5,36500.0,4060.0,0,,0.4632222292970422,1,random_forest
SH-MC-03-2025062500,2025-06-25 00:00:00,LINE-A,MC-03,PRD-A,5,36500.0,4060.0,1,24.0,0.5377860248452077,1,random_forest
SH-MC-03-2025062508,2025-06-25 08:00:00,LINE-A,MC-03,PRD-A,5,36500.0,4060.0,1,16.0,0.5323643808059513,1,random_forest
SH-MC-03-2025062516,2025-06-25 16:00:00,LINE-A,MC-03,PRD-A,5,36500.0,4060.0,1,8.0,0.5757683248004417,1,random_forest
SH-MC-03-2025062600,2025-06-26 00:00:00,LINE-A,MC-03,PRD-B,5,36500.0,4060.0,0,,0.5516031198540126,1,random_forest
SH-MC-03-2025062608,2025-06-26 08:00:00,LINE-A,MC-03,PRD-B,5,36500.0,4060.0,0,,0.10477710961088736,0,random_forest
SH-MC-03-2025062616,2025-06-26 16:00:00,LINE-A,MC-03,PRD-B,5,36500.0,4060.0,0,,0.10639401042735495,0,random_forest
SH-MC-03-2025062700,2025-06-27 00:00:00,LINE-A,MC-03,PRD-B,5,36500.0,4060.0,0,,0.10240879824258946,0,random_forest
SH-MC-03-2025062708,2025-06-27 08:00:00,LINE-A,MC-03,PRD-B,5,36500.0,4060.0,0,,0.09023246594169985,0,random_forest
SH-MC-03-2025062716,2025-06-27 16:00:00,LINE-A,MC-03,PRD-B,5,36500.0,4060.0,0,,0.1073918331318227,0,random_forest
SH-MC-03-2025062800,2025-06-28 00:00:00,LINE-A,MC-03,PRD-C,5,36500.0,4060.0,0,,0.10201496474537318,0,random_forest
SH-MC-03-2025062808,2025-06-28 08:00:00,LINE-A,MC-03,PRD-C,5,36500.0,4060.0,0,,0.12359108830875368,0,random_forest
SH-MC-03-2025062816,2025-06-28 16:00:00,LINE-A,MC-03,PRD-C,5,36500.0,4060.0,0,,0.1940142958021497,1,random_forest
SH-MC-03-2025062900,2025-06-29 00:00:00,LINE-A,MC-03,PRD-C,5,36500.0,4060.0,0,,0.133332038845511,0,random_forest
SH-MC-03-2025062908,2025-06-29 08:00:00,LINE-A,MC-03,PRD-C,5,36500.0,4060.0,0,,0.18524718071701932,1,random_forest
SH-MC-03-2025062916,2025-06-29 16:00:00,LINE-A,MC-03,PRD-C,5,36500.0,4060.0,0,,0.18904494328861346,1,random_forest
SH-MC-04-2025030100,2025-03-01 00:00:00,LINE-B,MC-04,PRD-D,4,32200.0,3280.0,0,,0.05149112250001209,0,random_forest
SH-MC-04-2025030108,2025-03-01 08:00:00,LINE-B,MC-04,PRD-D,4,32200.0,3280.0,0,,0.059698435390738304,0,random_forest
SH-MC-04-2025030116,2025-03-01 16:00:00,LINE-B,MC-04,PRD-D,4,32200.0,3280.0,0,,0.06987438866375426,0,random_forest
SH-MC-04-2025030200,2025-03-02 00:00:00,LINE-B,MC-04,PRD-A,4,32200.0,3280.0,0,,0.07854449098452203,0,random_forest
SH-MC-04-2025030208,2025-03-02 08:00:00,LINE-B,MC-04,PRD-A,4,32200.0,3280.0,0,,0.06375395176721715,0,random_forest
SH-MC-04-2025030216,2025-03-02 16:00:00,LINE-B,MC-04,PRD-A,4,32200.0,3280.0,0,,0.0877665360642887,0,random_forest
SH-MC-04-2025030300,2025-03-03 00:00:00,LINE-B,MC-04,PRD-A,4,32200.0,3280.0,0,,0.07298710569314548,0,random_forest
SH-MC-04-2025030308,2025-03-03 08:00:00,LINE-B,MC-04,PRD-A,4,32200.0,3280.0,0,,0.11591080545719551,0,random_forest
SH-MC-04-2025030316,2025-03-03 16:00:00,LINE-B,MC-04,PRD-A,4,32200.0,3280.0,0,,0.08462592537859198,0,random_forest
SH-MC-04-2025030400,2025-03-04 00:00:00,LINE-B,MC-04,PRD-B,4,32200.0,3280.0,0,,0.1152515173865263,0,random_forest
SH-MC-04-2025030408,2025-03-04 08:00:00,LINE-B,MC-04,PRD-B,4,32200.0,3280.0,0,,0.13916738407035747,0,random_forest
SH-MC-04-2025030416,2025-03-04 16:00:00,LINE-B,MC-04,PRD-B,4,32200.0,3280.0,0,,0.09965640765118222,0,random_forest
SH-MC-04-2025030500,2025-03-05 00:00:00,LINE-B,MC-04,PRD-B,4,32200.0,3280.0,0,,0.12997890026363987,0,random_forest
SH-MC-04-2025030508,2025-03-05 08:00:00,LINE-B,MC-04,PRD-B,4,32200.0,3280.0,0,,0.15779706687651968,1,random_forest
SH-MC-04-2025030516,2025-03-05 16:00:00,LINE-B,MC-04,PRD-B,4,32200.0,3280.0,0,,0.1790123528450446,1,random_forest
SH-MC-04-2025030600,2025-03-06 00:00:00,LINE-B,MC-04,PRD-C,4,32200.0,3280.0,0,,0.1496292003586658,1,random_forest
SH-MC-04-2025030608,2025-03-06 08:00:00,LINE-B,MC-04,PRD-C,4,32200.0,3280.0,0,,0.17788568666281376,1,random_forest
SH-MC-04-2025030616,2025-03-06 16:00:00,LINE-B,MC-04,PRD-C,4,32200.0,3280.0,0,,0.17911836489618657,1,random_forest
SH-MC-04-2025030700,2025-03-07 00:00:00,LINE-B,MC-04,PRD-C,4,32200.0,3280.0,0,,0.21478465393196058,1,random_forest
SH-MC-04-2025030708,2025-03-07 08:00:00,LINE-B,MC-04,PRD-C,4,32200.0,3280.0,0,,0.3017783918704085,1,random_forest
SH-MC-04-2025030716,2025-03-07 16:00:00,LINE-B,MC-04,PRD-C,4,32200.0,3280.0,0,,0.37880031733855346,1,random_forest
SH-MC-04-2025030800,2025-03-08 00:00:00,LINE-B,MC-04,PRD-D,4,32200.0,3280.0,1,24.0,0.3499959481352245,1,random_forest
SH-MC-04-2025030808,2025-03-08 08:00:00,LINE-B,MC-04,PRD-D,4,32200.0,3280.0,1,16.0,0.29937695592731167,1,random_forest
SH-MC-04-2025030816,2025-03-08 16:00:00,LINE-B,MC-04,PRD-D,4,32200.0,3280.0,1,8.0,0.5224576483363494,1,random_forest
SH-MC-04-2025030900,2025-03-09 00:00:00,LINE-B,MC-04,PRD-D,4,32200.0,3280.0,0,,0.5194735262114717,1,random_forest
SH-MC-04-2025030908,2025-03-09 08:00:00,LINE-B,MC-04,PRD-D,4,32200.0,3280.0,0,,0.05466463963129197,0,random_forest
SH-MC-04-2025030916,2025-03-09 16:00:00,LINE-B,MC-04,PRD-D,4,32200.0,3280.0,0,,0.06609943852444411,0,random_forest
SH-MC-04-2025031000,2025-03-10 00:00:00,LINE-B,MC-04,PRD-A,4,32200.0,3280.0,0,,0.08026390468861476,0,random_forest
SH-MC-04-2025031008,2025-03-10 08:00:00,LINE-B,MC-04,PRD-A,4,32200.0,3280.0,0,,0.09108135724317226,0,random_forest
SH-MC-04-2025031016,2025-03-10 16:00:00,LINE-B,MC-04,PRD-A,4,32200.0,3280.0,0,,0.0773320786254985,0,random_forest
SH-MC-04-2025031100,2025-03-11 00:00:00,LINE-B,MC-04,PRD-A,4,32200.0,3280.0,0,,0.08775382742165132,0,random_forest
SH-MC-04-2025031108,2025-03-11 08:00:00,LINE-B,MC-04,PRD-A,4,32200.0,3280.0,0,,0.09129462278257053,0,random_forest
SH-MC-04-2025031116,2025-03-11 16:00:00,LINE-B,MC-04,PRD-A,4,32200.0,3280.0,0,,0.11590772705111382,0,random_forest
SH-MC-04-2025031200,2025-03-12 00:00:00,LINE-B,MC-04,PRD-B,4,32200.0,3280.0,0,,0.12284866553373207,0,random_forest
SH-MC-04-2025031208,2025-03-12 08:00:00,LINE-B,MC-04,PRD-B,4,32200.0,3280.0,0,,0.11769616107610095,0,random_forest
SH-MC-04-2025031216,2025-03-12 16:00:00,LINE-B,MC-04,PRD-B,4,32200.0,3280.0,0,,0.10145900353127667,0,random_forest
SH-MC-04-2025031300,2025-03-13 00:00:00,LINE-B,MC-04,PRD-B,4,32200.0,3280.0,0,,0.1497169453950478,1,random_forest
SH-MC-04-2025031308,2025-03-13 08:00:00,LINE-B,MC-04,PRD-B,4,32200.0,3280.0,0,,0.15465163038548782,1,random_forest
SH-MC-04-2025031316,2025-03-13 16:00:00,LINE-B,MC-04,PRD-B,4,32200.0,3280.0,0,,0.17221782398364263,1,random_forest
SH-MC-04-2025031400,2025-03-14 00:00:00,LINE-B,MC-04,PRD-C,4,32200.0,3280.0,0,,0.166634179349892,1,random_forest
SH-MC-04-2025031408,2025-03-14 08:00:00,LINE-B,MC-04,PRD-C,4,32200.0,3280.0,0,,0.14028851400274372,0,random_forest
SH-MC-04-2025031416,2025-03-14 16:00:00,LINE-B,MC-04,PRD-C,4,32200.0,3280.0,0,,0.19751372690380134,1,random_forest
SH-MC-04-2025031500,2025-03-15 00:00:00,LINE-B,MC-04,PRD-C,4,32200.0,3280.0,0,,0.2754670706964896,1,random_forest
SH-MC-04-2025031508,2025-03-15 08:00:00,LINE-B,MC-04,PRD-C,4,32200.0,3280.0,0,,0.28038155252810165,1,random_forest
SH-MC-04-2025031516,2025-03-15 16:00:00,LINE-B,MC-04,PRD-C,4,32200.0,3280.0,1,24.0,0.4408217629987535,1,random_forest
SH-MC-04-2025031600,2025-03-16 00:00:00,LINE-B,MC-04,PRD-D,4,32200.0,3280.0,1,16.0,0.476771620542399,1,random_forest
SH-MC-04-2025031608,2025-03-16 08:00:00,LINE-B,MC-04,PRD-D,4,32200.0,3280.0,1,8.0,0.5164783210854823,1,random_forest
SH-MC-04-2025031616,2025-03-16 16:00:00,LINE-B,MC-04,PRD-D,4,32200.0,3280.0,0,,0.4796716753377015,1,random_forest
SH-MC-04-2025031700,2025-03-17 00:00:00,LINE-B,MC-04,PRD-D,4,32200.0,3280.0,0,,0.06197592004384175,0,random_forest
SH-MC-04-2025031708,2025-03-17 08:00:00,LINE-B,MC-04,PRD-D,4,32200.0,3280.0,0,,0.056350914007045685,0,random_forest
SH-MC-04-2025031716,2025-03-17 16:00:00,LINE-B,MC-04,PRD-D,4,32200.0,3280.0,0,,0.07305292685424694,0,random_forest
SH-MC-04-2025031800,2025-03-18 00:00:00,LINE-B,MC-04,PRD-A,4,32200.0,3280.0,0,,0.08428529322726339,0,random_forest
SH-MC-04-2025031808,2025-03-18 08:00:00,LINE-B,MC-04,PRD-A,4,32200.0,3280.0,0,,0.09036078275345781,0,random_forest
SH-MC-04-2025031816,2025-03-18 16:00:00,LINE-B,MC-04,PRD-A,4,32200.0,3280.0,0,,0.08811298218819388,0,random_forest
SH-MC-04-2025031900,2025-03-19 00:00:00,LINE-B,MC-04,PRD-A,4,32200.0,3280.0,1,24.0,0.10673314354832526,0,random_forest
SH-MC-04-2025031908,2025-03-19 08:00:00,LINE-B,MC-04,PRD-A,4,32200.0,3280.0,1,16.0,0.11872159253090227,0,random_forest
SH-MC-04-2025031916,2025-03-19 16:00:00,LINE-B,MC-04,PRD-A,4,32200.0,3280.0,1,8.0,0.1082440554920357,0,random_forest
SH-MC-04-2025032000,2025-03-20 00:00:00,LINE-B,MC-04,PRD-B,4,32200.0,3280.0,0,,0.1253735139459269,0,random_forest
SH-MC-04-2025032008,2025-03-20 08:00:00,LINE-B,MC-04,PRD-B,4,32200.0,3280.0,0,,0.049048005273193716,0,random_forest
SH-MC-04-2025032016,2025-03-20 16:00:00,LINE-B,MC-04,PRD-B,4,32200.0,3280.0,0,,0.054885998321135714,0,random_forest
SH-MC-04-2025032100,2025-03-21 00:00:00,LINE-B,MC-04,PRD-B,4,32200.0,3280.0,0,,0.04474805205260373,0,random_forest
SH-MC-04-2025032108,2025-03-21 08:00:00,LINE-B,MC-04,PRD-B,4,32200.0,3280.0,0,,0.06090175523688494,0,random_forest
SH-MC-04-2025032116,2025-03-21 16:00:00,LINE-B,MC-04,PRD-B,4,32200.0,3280.0,0,,0.07145942347678456,0,random_forest
SH-MC-04-2025032200,2025-03-22 00:00:00,LINE-B,MC-04,PRD-C,4,32200.0,3280.0,0,,0.08015084462282986,0,random_forest
SH-MC-04-2025032208,2025-03-22 08:00:00,LINE-B,MC-04,PRD-C,4,32200.0,3280.0,0,,0.07620735753484813,0,random_forest
SH-MC-04-2025032216,2025-03-22 16:00:00,LINE-B,MC-04,PRD-C,4,32200.0,3280.0,0,,0.0716766227840833,0,random_forest
SH-MC-04-2025032300,2025-03-23 00:00:00,LINE-B,MC-04,PRD-C,4,32200.0,3280.0,0,,0.09228168841071269,0,random_forest
SH-MC-04-2025032308,2025-03-23 08:00:00,LINE-B,MC-04,PRD-C,4,32200.0,3280.0,0,,0.06917555837661139,0,random_forest
SH-MC-04-2025032316,2025-03-23 16:00:00,LINE-B,MC-04,PRD-C,4,32200.0,3280.0,0,,0.08811372331596383,0,random_forest
SH-MC-04-2025032400,2025-03-24 00:00:00,LINE-B,MC-04,PRD-D,4,32200.0,3280.0,0,,0.11169130174379117,0,random_forest
SH-MC-04-2025032408,2025-03-24 08:00:00,LINE-B,MC-04,PRD-D,4,32200.0,3280.0,0,,0.10062823540246264,0,random_forest
SH-MC-04-2025032416,2025-03-24 16:00:00,LINE-B,MC-04,PRD-D,4,32200.0,3280.0,0,,0.10840954762722611,0,random_forest
SH-MC-04-2025032500,2025-03-25 00:00:00,LINE-B,MC-04,PRD-D,4,32200.0,3280.0,0,,0.17159506304735503,1,random_forest
SH-MC-04-2025032508,2025-03-25 08:00:00,LINE-B,MC-04,PRD-D,4,32200.0,3280.0,0,,0.11362266178136517,0,random_forest
SH-MC-04-2025032516,2025-03-25 16:00:00,LINE-B,MC-04,PRD-D,4,32200.0,3280.0,0,,0.23224910012364666,1,random_forest
SH-MC-04-2025032600,2025-03-26 00:00:00,LINE-B,MC-04,PRD-A,4,32200.0,3280.0,0,,0.21825283558200187,1,random_forest
SH-MC-04-2025032608,2025-03-26 08:00:00,LINE-B,MC-04,PRD-A,4,32200.0,3280.0,0,,0.22585554557535345,1,random_forest
SH-MC-04-2025032616,2025-03-26 16:00:00,LINE-B,MC-04,PRD-A,4,32200.0,3280.0,1,24.0,0.33293347493474496,1,random_forest
SH-MC-04-2025032700,2025-03-27 00:00:00,LINE-B,MC-04,PRD-A,4,32200.0,3280.0,1,16.0,0.3516888887724729,1,random_forest
SH-MC-04-2025032708,2025-03-27 08:00:00,LINE-B,MC-04,PRD-A,4,32200.0,3280.0,1,8.0,0.278130453761727,1,random_forest
SH-MC-04-2025032716,2025-03-27 16:00:00,LINE-B,MC-04,PRD-A,4,32200.0,3280.0,0,,0.3636072247651104,1,random_forest
SH-MC-04-2025032800,2025-03-28 00:00:00,LINE-B,MC-04,PRD-B,4,32200.0,3280.0,0,,0.08505218505489592,0,random_forest
SH-MC-04-2025032808,2025-03-28 08:00:00,LINE-B,MC-04,PRD-B,4,32200.0,3280.0,0,,0.05893214305707889,0,random_forest
SH-MC-04-2025032816,2025-03-28 16:00:00,LINE-B,MC-04,PRD-B,4,32200.0,3280.0,0,,0.10196368459247508,0,random_forest
SH-MC-04-2025032900,2025-03-29 00:00:00,LINE-B,MC-04,PRD-B,4,32200.0,3280.0,0,,0.07408348505857124,0,random_forest
SH-MC-04-2025032908,2025-03-29 08:00:00,LINE-B,MC-04,PRD-B,4,32200.0,3280.0,0,,0.08290223800756258,0,random_forest
SH-MC-04-2025032916,2025-03-29 16:00:00,LINE-B,MC-04,PRD-B,4,32200.0,3280.0,0,,0.09989666140352324,0,random_forest
SH-MC-04-2025033000,2025-03-30 00:00:00,LINE-B,MC-04,PRD-C,4,32200.0,3280.0,0,,0.09876691287878547,0,random_forest
SH-MC-04-2025033008,2025-03-30 08:00:00,LINE-B,MC-04,PRD-C,4,32200.0,3280.0,0,,0.10301783034457196,0,random_forest
SH-MC-04-2025033016,2025-03-30 16:00:00,LINE-B,MC-04,PRD-C,4,32200.0,3280.0,0,,0.08489181928924901,0,random_forest
SH-MC-04-2025033100,2025-03-31 00:00:00,LINE-B,MC-04,PRD-C,4,32200.0,3280.0,0,,0.11508067195897312,0,random_forest
SH-MC-04-2025033108,2025-03-31 08:00:00,LINE-B,MC-04,PRD-C,4,32200.0,3280.0,0,,0.1667164401027864,1,random_forest
SH-MC-04-2025033116,2025-03-31 16:00:00,LINE-B,MC-04,PRD-C,4,32200.0,3280.0,0,,0.1766831664006726,1,random_forest
SH-MC-04-2025040100,2025-04-01 00:00:00,LINE-B,MC-04,PRD-D,4,32200.0,3280.0,0,,0.0551347844054092,0,random_forest
SH-MC-04-2025040108,2025-04-01 08:00:00,LINE-B,MC-04,PRD-D,4,32200.0,3280.0,0,,0.08813350369761849,0,random_forest
SH-MC-04-2025040116,2025-04-01 16:00:00,LINE-B,MC-04,PRD-D,4,32200.0,3280.0,0,,0.07206226826282587,0,random_forest
SH-MC-04-2025040200,2025-04-02 00:00:00,LINE-B,MC-04,PRD-D,4,32200.0,3280.0,0,,0.07542762056372056,0,random_forest
SH-MC-04-2025040208,2025-04-02 08:00:00,LINE-B,MC-04,PRD-D,4,32200.0,3280.0,0,,0.08330888451881358,0,random_forest
SH-MC-04-2025040216,2025-04-02 16:00:00,LINE-B,MC-04,PRD-D,4,32200.0,3280.0,0,,0.07237330263111087,0,random_forest
SH-MC-04-2025040300,2025-04-03 00:00:00,LINE-B,MC-04,PRD-A,4,32200.0,3280.0,1,24.0,0.0868549341396223,0,random_forest
SH-MC-04-2025040308,2025-04-03 08:00:00,LINE-B,MC-04,PRD-A,4,32200.0,3280.0,1,16.0,0.11574809748319921,0,random_forest
SH-MC-04-2025040316,2025-04-03 16:00:00,LINE-B,MC-04,PRD-A,4,32200.0,3280.0,1,8.0,0.14162863665992564,0,random_forest
SH-MC-04-2025040400,2025-04-04 00:00:00,LINE-B,MC-04,PRD-A,4,32200.0,3280.0,0,,0.13623384708222303,0,random_forest
SH-MC-04-2025040408,2025-04-04 08:00:00,LINE-B,MC-04,PRD-A,4,32200.0,3280.0,0,,0.0527005726236757,0,random_forest
SH-MC-04-2025040416,2025-04-04 16:00:00,LINE-B,MC-04,PRD-A,4,32200.0,3280.0,0,,0.06078570844168921,0,random_forest
SH-MC-04-2025040500,2025-04-05 00:00:00,LINE-B,MC-04,PRD-B,4,32200.0,3280.0,0,,0.06557585305360507,0,random_forest
SH-MC-04-2025040508,2025-04-05 08:00:00,LINE-B,MC-04,PRD-B,4,32200.0,3280.0,0,,0.062359384244726035,0,random_forest
SH-MC-04-2025040516,2025-04-05 16:00:00,LINE-B,MC-04,PRD-B,4,32200.0,3280.0,0,,0.07509570537760177,0,random_forest
SH-MC-04-2025040600,2025-04-06 00:00:00,LINE-B,MC-04,PRD-B,4,32200.0,3280.0,0,,0.09554393554480006,0,random_forest
SH-MC-04-2025040608,2025-04-06 08:00:00,LINE-B,MC-04,PRD-B,4,32200.0,3280.0,0,,0.0877613046106578,0,random_forest
SH-MC-04-2025040616,2025-04-06 16:00:00,LINE-B,MC-04,PRD-B,4,32200.0,3280.0,0,,0.08567964104256008,0,random_forest
SH-MC-04-2025040700,2025-04-07 00:00:00,LINE-B,MC-04,PRD-C,4,32200.0,3280.0,0,,0.1072359489086719,0,random_forest
SH-MC-04-2025040708,2025-04-07 08:00:00,LINE-B,MC-04,PRD-C,4,32200.0,3280.0,0,,0.091033613917357,0,random_forest
SH-MC-04-2025040716,2025-04-07 16:00:00,LINE-B,MC-04,PRD-C,4,32200.0,3280.0,0,,0.0956105747897133,0,random_forest
SH-MC-04-2025040800,2025-04-08 00:00:00,LINE-B,MC-04,PRD-C,4,32200.0,3280.0,0,,0.10707494931309573,0,random_forest
SH-MC-04-2025040808,2025-04-08 08:00:00,LINE-B,MC-04,PRD-C,4,32200.0,3280.0,0,,0.12580668463841413,0,random_forest
SH-MC-04-2025040816,2025-04-08 16:00:00,LINE-B,MC-04,PRD-C,4,32200.0,3280.0,0,,0.149991813957157,1,random_forest
SH-MC-04-2025040900,2025-04-09 00:00:00,LINE-B,MC-04,PRD-D,4,32200.0,3280.0,0,,0.16612514265130066,1,random_forest
SH-MC-04-2025040908,2025-04-09 08:00:00,LINE-B,MC-04,PRD-D,4,32200.0,3280.0,0,,0.15275035583085428,1,random_forest
SH-MC-04-2025040916,2025-04-09 16:00:00,LINE-B,MC-04,PRD-D,4,32200.0,3280.0,1,24.0,0.2488295813204382,1,random_forest
SH-MC-04-2025041000,2025-04-10 00:00:00,LINE-B,MC-04,PRD-D,4,32200.0,3280.0,1,16.0,0.2404371112052633,1,random_forest
SH-MC-04-2025041008,2025-04-10 08:00:00,LINE-B,MC-04,PRD-D,4,32200.0,3280.0,1,8.0,0.20231625055679123,1,random_forest
SH-MC-04-2025041016,2025-04-10 16:00:00,LINE-B,MC-04,PRD-D,4,32200.0,3280.0,0,,0.2150311285254232,1,random_forest
SH-MC-04-2025041100,2025-04-11 00:00:00,LINE-B,MC-04,PRD-A,4,32200.0,3280.0,0,,0.052033277737196605,0,random_forest
SH-MC-04-2025041108,2025-04-11 08:00:00,LINE-B,MC-04,PRD-A,4,32200.0,3280.0,0,,0.05572267701349971,0,random_forest
SH-MC-04-2025041116,2025-04-11 16:00:00,LINE-B,MC-04,PRD-A,4,32200.0,3280.0,0,,0.0718251137939914,0,random_forest
SH-MC-04-2025041200,2025-04-12 00:00:00,LINE-B,MC-04,PRD-A,4,32200.0,3280.0,0,,0.0746005510698441,0,random_forest
SH-MC-04-2025041208,2025-04-12 08:00:00,LINE-B,MC-04,PRD-A,4,32200.0,3280.0,0,,0.09016355034607682,0,random_forest
SH-MC-04-2025041216,2025-04-12 16:00:00,LINE-B,MC-04,PRD-A,4,32200.0,3280.0,0,,0.08499781580208177,0,random_forest
SH-MC-04-2025041300,2025-04-13 00:00:00,LINE-B,MC-04,PRD-B,4,32200.0,3280.0,0,,0.11314992127529103,0,random_forest
SH-MC-04-2025041308,2025-04-13 08:00:00,LINE-B,MC-04,PRD-B,4,32200.0,3280.0,0,,0.08368157725287188,0,random_forest
SH-MC-04-2025041316,2025-04-13 16:00:00,LINE-B,MC-04,PRD-B,4,32200.0,3280.0,0,,0.0968355422095756,0,random_forest
SH-MC-04-2025041400,2025-04-14 00:00:00,LINE-B,MC-04,PRD-B,4,32200.0,3280.0,0,,0.09981702673726396,0,random_forest
SH-MC-04-2025041408,2025-04-14 08:00:00,LINE-B,MC-04,PRD-B,4,32200.0,3280.0,1,24.0,0.09700853815188142,0,random_forest
SH-MC-04-2025041416,2025-04-14 16:00:00,LINE-B,MC-04,PRD-B,4,32200.0,3280.0,1,16.0,0.11079419779789385,0,random_forest
SH-MC-04-2025041500,2025-04-15 00:00:00,LINE-B,MC-04,PRD-C,4,32200.0,3280.0,1,8.0,0.13749666775649663,0,random_forest
SH-MC-04-2025041508,2025-04-15 08:00:00,LINE-B,MC-04,PRD-C,4,32200.0,3280.0,0,,0.13354558072752318,0,random_forest
SH-MC-04-2025041516,2025-04-15 16:00:00,LINE-B,MC-04,PRD-C,4,32200.0,3280.0,1,24.0,0.04169904787406359,0,random_forest
SH-MC-04-2025041600,2025-04-16 00:00:00,LINE-B,MC-04,PRD-C,4,32200.0,3280.0,1,16.0,0.039900525014938744,0,random_forest
SH-MC-04-2025041608,2025-04-16 08:00:00,LINE-B,MC-04,PRD-C,4,32200.0,3280.0,1,8.0,0.04070118282042745,0,random_forest
SH-MC-04-2025041616,2025-04-16 16:00:00,LINE-B,MC-04,PRD-C,4,32200.0,3280.0,0,,0.045574318552940044,0,random_forest
SH-MC-04-2025041700,2025-04-17 00:00:00,LINE-B,MC-04,PRD-D,4,32200.0,3280.0,0,,0.04182889543422305,0,random_forest
SH-MC-04-2025041708,2025-04-17 08:00:00,LINE-B,MC-04,PRD-D,4,32200.0,3280.0,0,,0.04222139361550133,0,random_forest
SH-MC-04-2025041716,2025-04-17 16:00:00,LINE-B,MC-04,PRD-D,4,32200.0,3280.0,0,,0.041621224464496294,0,random_forest
SH-MC-04-2025041800,2025-04-18 00:00:00,LINE-B,MC-04,PRD-D,4,32200.0,3280.0,0,,0.038525595386650735,0,random_forest
SH-MC-04-2025041808,2025-04-18 08:00:00,LINE-B,MC-04,PRD-D,4,32200.0,3280.0,0,,0.04003659616273009,0,random_forest
SH-MC-04-2025041816,2025-04-18 16:00:00,LINE-B,MC-04,PRD-D,4,32200.0,3280.0,0,,0.04639263713462622,0,random_forest
SH-MC-04-2025041900,2025-04-19 00:00:00,LINE-B,MC-04,PRD-A,4,32200.0,3280.0,0,,0.04284301922108206,0,random_forest
SH-MC-04-2025041908,2025-04-19 08:00:00,LINE-B,MC-04,PRD-A,4,32200.0,3280.0,0,,0.046201920607956554,0,random_forest
SH-MC-04-2025041916,2025-04-19 16:00:00,LINE-B,MC-04,PRD-A,4,32200.0,3280.0,0,,0.05085648042316003,0,random_forest
SH-MC-04-2025042000,2025-04-20 00:00:00,LINE-B,MC-04,PRD-A,4,32200.0,3280.0,0,,0.04514123023553257,0,random_forest
SH-MC-04-2025042008,2025-04-20 08:00:00,LINE-B,MC-04,PRD-A,4,32200.0,3280.0,0,,0.05465061830128711,0,random_forest
SH-MC-04-2025042016,2025-04-20 16:00:00,LINE-B,MC-04,PRD-A,4,32200.0,3280.0,0,,0.059286437341553005,0,random_forest
SH-MC-04-2025042100,2025-04-21 00:00:00,LINE-B,MC-04,PRD-B,4,32200.0,3280.0,0,,0.0629163408428009,0,random_forest
SH-MC-04-2025042108,2025-04-21 08:00:00,LINE-B,MC-04,PRD-B,4,32200.0,3280.0,0,,0.06272529769496299,0,random_forest
SH-MC-04-2025042116,2025-04-21 16:00:00,LINE-B,MC-04,PRD-B,4,32200.0,3280.0,0,,0.08388183660626296,0,random_forest
SH-MC-04-2025042200,2025-04-22 00:00:00,LINE-B,MC-04,PRD-B,4,32200.0,3280.0,0,,0.0944700587910447,0,random_forest
SH-MC-04-2025042208,2025-04-22 08:00:00,LINE-B,MC-04,PRD-B,4,32200.0,3280.0,0,,0.09372619738070191,0,random_forest
SH-MC-04-2025042216,2025-04-22 16:00:00,LINE-B,MC-04,PRD-B,4,32200.0,3280.0,0,,0.14184515345440912,0,random_forest
SH-MC-04-2025042300,2025-04-23 00:00:00,LINE-B,MC-04,PRD-C,4,32200.0,3280.0,1,24.0,0.1988988335934231,1,random_forest
SH-MC-04-2025042308,2025-04-23 08:00:00,LINE-B,MC-04,PRD-C,4,32200.0,3280.0,1,16.0,0.18796251421886473,1,random_forest
SH-MC-04-2025042316,2025-04-23 16:00:00,LINE-B,MC-04,PRD-C,4,32200.0,3280.0,1,8.0,0.20060906277610815,1,random_forest
SH-MC-04-2025042400,2025-04-24 00:00:00,LINE-B,MC-04,PRD-C,4,32200.0,3280.0,0,,0.27371349474629436,1,random_forest
SH-MC-04-2025042408,2025-04-24 08:00:00,LINE-B,MC-04,PRD-C,4,32200.0,3280.0,0,,0.05051580365678825,0,random_forest
SH-MC-04-2025042416,2025-04-24 16:00:00,LINE-B,MC-04,PRD-C,4,32200.0,3280.0,0,,0.057266891572559236,0,random_forest
SH-MC-04-2025042500,2025-04-25 00:00:00,LINE-B,MC-04,PRD-D,4,32200.0,3280.0,0,,0.058361645722287046,0,random_forest
SH-MC-04-2025042508,2025-04-25 08:00:00,LINE-B,MC-04,PRD-D,4,32200.0,3280.0,0,,0.06670810835658113,0,random_forest
SH-MC-04-2025042516,2025-04-25 16:00:00,LINE-B,MC-04,PRD-D,4,32200.0,3280.0,0,,0.08346510692880037,0,random_forest
SH-MC-04-2025042600,2025-04-26 00:00:00,LINE-B,MC-04,PRD-D,4,32200.0,3280.0,0,,0.07859734423199709,0,random_forest
SH-MC-04-2025042608,2025-04-26 08:00:00,LINE-B,MC-04,PRD-D,4,32200.0,3280.0,0,,0.07435431383291,0,random_forest
SH-MC-04-2025042616,2025-04-26 16:00:00,LINE-B,MC-04,PRD-D,4,32200.0,3280.0,0,,0.09790435605143016,0,random_forest
SH-MC-04-2025042700,2025-04-27 00:00:00,LINE-B,MC-04,PRD-A,4,32200.0,3280.0,0,,0.12355135941276923,0,random_forest
SH-MC-04-2025042708,2025-04-27 08:00:00,LINE-B,MC-04,PRD-A,4,32200.0,3280.0,0,,0.09581035213396646,0,random_forest
SH-MC-04-2025042716,2025-04-27 16:00:00,LINE-B,MC-04,PRD-A,4,32200.0,3280.0,0,,0.1390938352961837,0,random_forest
SH-MC-04-2025042800,2025-04-28 00:00:00,LINE-B,MC-04,PRD-A,4,32200.0,3280.0,0,,0.16078262464834386,1,random_forest
SH-MC-04-2025042808,2025-04-28 08:00:00,LINE-B,MC-04,PRD-A,4,32200.0,3280.0,0,,0.21797079828187343,1,random_forest
SH-MC-04-2025042816,2025-04-28 16:00:00,LINE-B,MC-04,PRD-A,4,32200.0,3280.0,0,,0.17791942733093655,1,random_forest
SH-MC-04-2025042900,2025-04-29 00:00:00,LINE-B,MC-04,PRD-B,4,32200.0,3280.0,0,,0.24366994210458406,1,random_forest
SH-MC-04-2025042908,2025-04-29 08:00:00,LINE-B,MC-04,PRD-B,4,32200.0,3280.0,0,,0.2097177085830971,1,random_forest
SH-MC-04-2025042916,2025-04-29 16:00:00,LINE-B,MC-04,PRD-B,4,32200.0,3280.0,0,,0.1997774651661497,1,random_forest
SH-MC-04-2025043000,2025-04-30 00:00:00,LINE-B,MC-04,PRD-B,4,32200.0,3280.0,0,,0.24249980871380517,1,random_forest
SH-MC-04-2025043008,2025-04-30 08:00:00,LINE-B,MC-04,PRD-B,4,32200.0,3280.0,0,,0.22488149374506503,1,random_forest
SH-MC-04-2025043016,2025-04-30 16:00:00,LINE-B,MC-04,PRD-B,4,32200.0,3280.0,0,,0.2682218770492485,1,random_forest
SH-MC-04-2025050100,2025-05-01 00:00:00,LINE-B,MC-04,PRD-C,4,32200.0,3280.0,0,,0.07799224163042569,0,random_forest
SH-MC-04-2025050108,2025-05-01 08:00:00,LINE-B,MC-04,PRD-C,4,32200.0,3280.0,0,,0.0792049495906088,0,random_forest
SH-MC-04-2025050116,2025-05-01 16:00:00,LINE-B,MC-04,PRD-C,4,32200.0,3280.0,0,,0.1070076445354819,0,random_forest
SH-MC-04-2025050200,2025-05-02 00:00:00,LINE-B,MC-04,PRD-C,4,32200.0,3280.0,0,,0.12337691808092989,0,random_forest
SH-MC-04-2025050208,2025-05-02 08:00:00,LINE-B,MC-04,PRD-C,4,32200.0,3280.0,0,,0.10505018537398342,0,random_forest
SH-MC-04-2025050216,2025-05-02 16:00:00,LINE-B,MC-04,PRD-C,4,32200.0,3280.0,0,,0.1309035919358038,0,random_forest
SH-MC-04-2025050300,2025-05-03 00:00:00,LINE-B,MC-04,PRD-D,4,32200.0,3280.0,0,,0.16953153878427699,1,random_forest
SH-MC-04-2025050308,2025-05-03 08:00:00,LINE-B,MC-04,PRD-D,4,32200.0,3280.0,0,,0.15493137357409878,1,random_forest
SH-MC-04-2025050316,2025-05-03 16:00:00,LINE-B,MC-04,PRD-D,4,32200.0,3280.0,0,,0.17605229182468,1,random_forest
SH-MC-04-2025050400,2025-05-04 00:00:00,LINE-B,MC-04,PRD-D,4,32200.0,3280.0,0,,0.18368554646781507,1,random_forest
SH-MC-04-2025050408,2025-05-04 08:00:00,LINE-B,MC-04,PRD-D,4,32200.0,3280.0,0,,0.19934016355654613,1,random_forest
SH-MC-04-2025050416,2025-05-04 16:00:00,LINE-B,MC-04,PRD-D,4,32200.0,3280.0,0,,0.20439501727230333,1,random_forest
SH-MC-04-2025050500,2025-05-05 00:00:00,LINE-B,MC-04,PRD-A,4,32200.0,3280.0,0,,0.20262565512807923,1,random_forest
SH-MC-04-2025050508,2025-05-05 08:00:00,LINE-B,MC-04,PRD-A,4,32200.0,3280.0,1,24.0,0.2872060542113863,1,random_forest
SH-MC-04-2025050516,2025-05-05 16:00:00,LINE-B,MC-04,PRD-A,4,32200.0,3280.0,1,16.0,0.349827262778662,1,random_forest
SH-MC-04-2025050600,2025-05-06 00:00:00,LINE-B,MC-04,PRD-A,4,32200.0,3280.0,1,8.0,0.2782006693530349,1,random_forest
SH-MC-04-2025050608,2025-05-06 08:00:00,LINE-B,MC-04,PRD-A,4,32200.0,3280.0,0,,0.4315659330913327,1,random_forest
SH-MC-04-2025050616,2025-05-06 16:00:00,LINE-B,MC-04,PRD-A,4,32200.0,3280.0,0,,0.06839676035359384,0,random_forest
SH-MC-04-2025050700,2025-05-07 00:00:00,LINE-B,MC-04,PRD-B,4,32200.0,3280.0,0,,0.0690172637227595,0,random_forest
SH-MC-04-2025050708,2025-05-07 08:00:00,LINE-B,MC-04,PRD-B,4,32200.0,3280.0,0,,0.07169012759586514,0,random_forest
SH-MC-04-2025050716,2025-05-07 16:00:00,LINE-B,MC-04,PRD-B,4,32200.0,3280.0,0,,0.08347904546850303,0,random_forest
SH-MC-04-2025050800,2025-05-08 00:00:00,LINE-B,MC-04,PRD-B,4,32200.0,3280.0,0,,0.0917713051327461,0,random_forest
SH-MC-04-2025050808,2025-05-08 08:00:00,LINE-B,MC-04,PRD-B,4,32200.0,3280.0,0,,0.1021309445116306,0,random_forest
SH-MC-04-2025050816,2025-05-08 16:00:00,LINE-B,MC-04,PRD-B,4,32200.0,3280.0,0,,0.08155379943742587,0,random_forest
SH-MC-04-2025050900,2025-05-09 00:00:00,LINE-B,MC-04,PRD-C,4,32200.0,3280.0,0,,0.1255561069356157,0,random_forest
SH-MC-04-2025050908,2025-05-09 08:00:00,LINE-B,MC-04,PRD-C,4,32200.0,3280.0,1,24.0,0.122126354570133,0,random_forest
SH-MC-04-2025050916,2025-05-09 16:00:00,LINE-B,MC-04,PRD-C,4,32200.0,3280.0,1,16.0,0.15991200665310734,1,random_forest
SH-MC-04-2025051000,2025-05-10 00:00:00,LINE-B,MC-04,PRD-C,4,32200.0,3280.0,1,8.0,0.13857954088030414,0,random_forest
SH-MC-04-2025051008,2025-05-10 08:00:00,LINE-B,MC-04,PRD-C,4,32200.0,3280.0,0,,0.1394515488756698,0,random_forest
SH-MC-04-2025051016,2025-05-10 16:00:00,LINE-B,MC-04,PRD-C,4,32200.0,3280.0,0,,0.05053056837302736,0,random_forest
SH-MC-04-2025051100,2025-05-11 00:00:00,LINE-B,MC-04,PRD-D,4,32200.0,3280.0,0,,0.04557539226446648,0,random_forest
SH-MC-04-2025051108,2025-05-11 08:00:00,LINE-B,MC-04,PRD-D,4,32200.0,3280.0,0,,0.05079637325344889,0,random_forest
SH-MC-04-2025051116,2025-05-11 16:00:00,LINE-B,MC-04,PRD-D,4,32200.0,3280.0,0,,0.05861041360496768,0,random_forest
SH-MC-04-2025051200,2025-05-12 00:00:00,LINE-B,MC-04,PRD-D,4,32200.0,3280.0,0,,0.05619348767439831,0,random_forest
SH-MC-04-2025051208,2025-05-12 08:00:00,LINE-B,MC-04,PRD-D,4,32200.0,3280.0,0,,0.06899216271491608,0,random_forest
SH-MC-04-2025051216,2025-05-12 16:00:00,LINE-B,MC-04,PRD-D,4,32200.0,3280.0,0,,0.06565862289363537,0,random_forest
SH-MC-04-2025051300,2025-05-13 00:00:00,LINE-B,MC-04,PRD-A,4,32200.0,3280.0,0,,0.06458185078748643,0,random_forest
SH-MC-04-2025051308,2025-05-13 08:00:00,LINE-B,MC-04,PRD-A,4,32200.0,3280.0,0,,0.07703470542770119,0,random_forest
SH-MC-04-2025051316,2025-05-13 16:00:00,LINE-B,MC-04,PRD-A,4,32200.0,3280.0,0,,0.08258737462002438,0,random_forest
SH-MC-04-2025051400,2025-05-14 00:00:00,LINE-B,MC-04,PRD-A,4,32200.0,3280.0,0,,0.11082450777074371,0,random_forest
SH-MC-04-2025051408,2025-05-14 08:00:00,LINE-B,MC-04,PRD-A,4,32200.0,3280.0,0,,0.07540921492555716,0,random_forest
SH-MC-04-2025051416,2025-05-14 16:00:00,LINE-B,MC-04,PRD-A,4,32200.0,3280.0,0,,0.16262755123566672,1,random_forest
SH-MC-04-2025051500,2025-05-15 00:00:00,LINE-B,MC-04,PRD-B,4,32200.0,3280.0,0,,0.1328847592863954,0,random_forest
SH-MC-04-2025051508,2025-05-15 08:00:00,LINE-B,MC-04,PRD-B,4,32200.0,3280.0,0,,0.16687675838163854,1,random_forest
SH-MC-04-2025051516,2025-05-15 16:00:00,LINE-B,MC-04,PRD-B,4,32200.0,3280.0,0,,0.21165516428717893,1,random_forest
SH-MC-04-2025051600,2025-05-16 00:00:00,LINE-B,MC-04,PRD-B,4,32200.0,3280.0,1,24.0,0.16992225044907236,1,random_forest
SH-MC-04-2025051608,2025-05-16 08:00:00,LINE-B,MC-04,PRD-B,4,32200.0,3280.0,1,16.0,0.22783665240876486,1,random_forest
SH-MC-04-2025051616,2025-05-16 16:00:00,LINE-B,MC-04,PRD-B,4,32200.0,3280.0,1,8.0,0.22512496786493433,1,random_forest
SH-MC-04-2025051700,2025-05-17 00:00:00,LINE-B,MC-04,PRD-C,4,32200.0,3280.0,0,,0.2690936184285872,1,random_forest
SH-MC-04-2025051708,2025-05-17 08:00:00,LINE-B,MC-04,PRD-C,4,32200.0,3280.0,0,,0.06139541665887109,0,random_forest
SH-MC-04-2025051716,2025-05-17 16:00:00,LINE-B,MC-04,PRD-C,4,32200.0,3280.0,0,,0.07346024879926545,0,random_forest
SH-MC-04-2025051800,2025-05-18 00:00:00,LINE-B,MC-04,PRD-C,4,32200.0,3280.0,0,,0.07027516164583886,0,random_forest
SH-MC-04-2025051808,2025-05-18 08:00:00,LINE-B,MC-04,PRD-C,4,32200.0,3280.0,0,,0.07533384599160721,0,random_forest
SH-MC-04-2025051816,2025-05-18 16:00:00,LINE-B,MC-04,PRD-C,4,32200.0,3280.0,0,,0.09990560084689552,0,random_forest
SH-MC-04-2025051900,2025-05-19 00:00:00,LINE-B,MC-04,PRD-D,4,32200.0,3280.0,0,,0.08575175570915551,0,random_forest
SH-MC-04-2025051908,2025-05-19 08:00:00,LINE-B,MC-04,PRD-D,4,32200.0,3280.0,0,,0.08564074248342608,0,random_forest
SH-MC-04-2025051916,2025-05-19 16:00:00,LINE-B,MC-04,PRD-D,4,32200.0,3280.0,0,,0.11818014069814031,0,random_forest
SH-MC-04-2025052000,2025-05-20 00:00:00,LINE-B,MC-04,PRD-D,4,32200.0,3280.0,0,,0.11374165648949937,0,random_forest
SH-MC-04-2025052008,2025-05-20 08:00:00,LINE-B,MC-04,PRD-D,4,32200.0,3280.0,0,,0.09971078538521476,0,random_forest
SH-MC-04-2025052016,2025-05-20 16:00:00,LINE-B,MC-04,PRD-D,4,32200.0,3280.0,0,,0.17182665247532072,1,random_forest
SH-MC-04-2025052100,2025-05-21 00:00:00,LINE-B,MC-04,PRD-A,4,32200.0,3280.0,1,24.0,0.13852809561828117,0,random_forest
SH-MC-04-2025052108,2025-05-21 08:00:00,LINE-B,MC-04,PRD-A,4,32200.0,3280.0,1,16.0,0.189285179347602,1,random_forest
SH-MC-04-2025052116,2025-05-21 16:00:00,LINE-B,MC-04,PRD-A,4,32200.0,3280.0,1,8.0,0.252012710260808,1,random_forest
SH-MC-04-2025052200,2025-05-22 00:00:00,LINE-B,MC-04,PRD-A,4,32200.0,3280.0,0,,0.22777152633969996,1,random_forest
SH-MC-04-2025052208,2025-05-22 08:00:00,LINE-B,MC-04,PRD-A,4,32200.0,3280.0,0,,0.062403432573257506,0,random_forest
SH-MC-04-2025052216,2025-05-22 16:00:00,LINE-B,MC-04,PRD-A,4,32200.0,3280.0,0,,0.058814406046775146,0,random_forest
SH-MC-04-2025052300,2025-05-23 00:00:00,LINE-B,MC-04,PRD-B,4,32200.0,3280.0,0,,0.05448608494176292,0,random_forest
SH-MC-04-2025052308,2025-05-23 08:00:00,LINE-B,MC-04,PRD-B,4,32200.0,3280.0,0,,0.0750359587216521,0,random_forest
SH-MC-04-2025052316,2025-05-23 16:00:00,LINE-B,MC-04,PRD-B,4,32200.0,3280.0,0,,0.06815418897311167,0,random_forest
SH-MC-04-2025052400,2025-05-24 00:00:00,LINE-B,MC-04,PRD-B,4,32200.0,3280.0,0,,0.07187836202348472,0,random_forest
SH-MC-04-2025052408,2025-05-24 08:00:00,LINE-B,MC-04,PRD-B,4,32200.0,3280.0,1,24.0,0.08623490779967953,0,random_forest
SH-MC-04-2025052416,2025-05-24 16:00:00,LINE-B,MC-04,PRD-B,4,32200.0,3280.0,1,16.0,0.07029008835462854,0,random_forest
SH-MC-04-2025052500,2025-05-25 00:00:00,LINE-B,MC-04,PRD-C,4,32200.0,3280.0,1,8.0,0.07480967764303612,0,random_forest
SH-MC-04-2025052508,2025-05-25 08:00:00,LINE-B,MC-04,PRD-C,4,32200.0,3280.0,0,,0.07366192172835127,0,random_forest
SH-MC-04-2025052516,2025-05-25 16:00:00,LINE-B,MC-04,PRD-C,4,32200.0,3280.0,0,,0.05274197673089575,0,random_forest
SH-MC-04-2025052600,2025-05-26 00:00:00,LINE-B,MC-04,PRD-C,4,32200.0,3280.0,0,,0.05185928545054848,0,random_forest
SH-MC-04-2025052608,2025-05-26 08:00:00,LINE-B,MC-04,PRD-C,4,32200.0,3280.0,0,,0.06308790777505152,0,random_forest
SH-MC-04-2025052616,2025-05-26 16:00:00,LINE-B,MC-04,PRD-C,4,32200.0,3280.0,0,,0.06025355054262493,0,random_forest
SH-MC-04-2025052700,2025-05-27 00:00:00,LINE-B,MC-04,PRD-D,4,32200.0,3280.0,0,,0.0518455059803831,0,random_forest
SH-MC-04-2025052708,2025-05-27 08:00:00,LINE-B,MC-04,PRD-D,4,32200.0,3280.0,0,,0.07810323825325123,0,random_forest
SH-MC-04-2025052716,2025-05-27 16:00:00,LINE-B,MC-04,PRD-D,4,32200.0,3280.0,0,,0.07846061004820698,0,random_forest
SH-MC-04-2025052800,2025-05-28 00:00:00,LINE-B,MC-04,PRD-D,4,32200.0,3280.0,0,,0.06515170070338946,0,random_forest
SH-MC-04-2025052808,2025-05-28 08:00:00,LINE-B,MC-04,PRD-D,4,32200.0,3280.0,0,,0.06848981722649856,0,random_forest
SH-MC-04-2025052816,2025-05-28 16:00:00,LINE-B,MC-04,PRD-D,4,32200.0,3280.0,0,,0.08882378191821583,0,random_forest
SH-MC-04-2025052900,2025-05-29 00:00:00,LINE-B,MC-04,PRD-A,4,32200.0,3280.0,0,,0.0843036195189554,0,random_forest
SH-MC-04-2025052908,2025-05-29 08:00:00,LINE-B,MC-04,PRD-A,4,32200.0,3280.0,0,,0.10957657623868054,0,random_forest
SH-MC-04-2025052916,2025-05-29 16:00:00,LINE-B,MC-04,PRD-A,4,32200.0,3280.0,0,,0.11701755233692994,0,random_forest
SH-MC-04-2025053000,2025-05-30 00:00:00,LINE-B,MC-04,PRD-A,4,32200.0,3280.0,0,,0.18729666277702706,1,random_forest
SH-MC-04-2025053008,2025-05-30 08:00:00,LINE-B,MC-04,PRD-A,4,32200.0,3280.0,0,,0.18189286519573755,1,random_forest
SH-MC-04-2025053016,2025-05-30 16:00:00,LINE-B,MC-04,PRD-A,4,32200.0,3280.0,0,,0.15445015501257434,1,random_forest
SH-MC-04-2025053100,2025-05-31 00:00:00,LINE-B,MC-04,PRD-B,4,32200.0,3280.0,0,,0.1731797298024906,1,random_forest
SH-MC-04-2025053108,2025-05-31 08:00:00,LINE-B,MC-04,PRD-B,4,32200.0,3280.0,0,,0.18022320816405135,1,random_forest
SH-MC-04-2025053116,2025-05-31 16:00:00,LINE-B,MC-04,PRD-B,4,32200.0,3280.0,0,,0.20758851830910852,1,random_forest
SH-MC-04-2025060100,2025-06-01 00:00:00,LINE-B,MC-04,PRD-B,4,32200.0,3280.0,0,,0.06912692384557836,0,random_forest
SH-MC-04-2025060108,2025-06-01 08:00:00,LINE-B,MC-04,PRD-B,4,32200.0,3280.0,0,,0.07970144663787128,0,random_forest
SH-MC-04-2025060116,2025-06-01 16:00:00,LINE-B,MC-04,PRD-B,4,32200.0,3280.0,0,,0.07267406090077819,0,random_forest
SH-MC-04-2025060200,2025-06-02 00:00:00,LINE-B,MC-04,PRD-C,4,32200.0,3280.0,0,,0.08497523677642865,0,random_forest
SH-MC-04-2025060208,2025-06-02 08:00:00,LINE-B,MC-04,PRD-C,4,32200.0,3280.0,0,,0.07750345660153787,0,random_forest
SH-MC-04-2025060216,2025-06-02 16:00:00,LINE-B,MC-04,PRD-C,4,32200.0,3280.0,0,,0.12772711121118066,0,random_forest
SH-MC-04-2025060300,2025-06-03 00:00:00,LINE-B,MC-04,PRD-C,4,32200.0,3280.0,0,,0.13344466533388855,0,random_forest
SH-MC-04-2025060308,2025-06-03 08:00:00,LINE-B,MC-04,PRD-C,4,32200.0,3280.0,0,,0.13311921321003586,0,random_forest
SH-MC-04-2025060316,2025-06-03 16:00:00,LINE-B,MC-04,PRD-C,4,32200.0,3280.0,0,,0.1641104587930784,1,random_forest
SH-MC-04-2025060400,2025-06-04 00:00:00,LINE-B,MC-04,PRD-D,4,32200.0,3280.0,0,,0.157626221516773,1,random_forest
SH-MC-04-2025060408,2025-06-04 08:00:00,LINE-B,MC-04,PRD-D,4,32200.0,3280.0,0,,0.17058412473772935,1,random_forest
SH-MC-04-2025060416,2025-06-04 16:00:00,LINE-B,MC-04,PRD-D,4,32200.0,3280.0,0,,0.17012215791389076,1,random_forest
SH-MC-04-2025060500,2025-06-05 00:00:00,LINE-B,MC-04,PRD-D,4,32200.0,3280.0,0,,0.14902927768795698,1,random_forest
SH-MC-04-2025060508,2025-06-05 08:00:00,LINE-B,MC-04,PRD-D,4,32200.0,3280.0,0,,0.1854546511945947,1,random_forest
SH-MC-04-2025060516,2025-06-05 16:00:00,LINE-B,MC-04,PRD-D,4,32200.0,3280.0,0,,0.23741594111677428,1,random_forest
SH-MC-04-2025060600,2025-06-06 00:00:00,LINE-B,MC-04,PRD-A,4,32200.0,3280.0,0,,0.24808390388363502,1,random_forest
SH-MC-04-2025060608,2025-06-06 08:00:00,LINE-B,MC-04,PRD-A,4,32200.0,3280.0,0,,0.3176962439776389,1,random_forest
SH-MC-04-2025060616,2025-06-06 16:00:00,LINE-B,MC-04,PRD-A,4,32200.0,3280.0,1,24.0,0.4122767448024317,1,random_forest
SH-MC-04-2025060700,2025-06-07 00:00:00,LINE-B,MC-04,PRD-A,4,32200.0,3280.0,1,16.0,0.448462895745957,1,random_forest
SH-MC-04-2025060708,2025-06-07 08:00:00,LINE-B,MC-04,PRD-A,4,32200.0,3280.0,1,8.0,0.43813685025495075,1,random_forest
SH-MC-04-2025060716,2025-06-07 16:00:00,LINE-B,MC-04,PRD-A,4,32200.0,3280.0,0,,0.5198825151297014,1,random_forest
SH-MC-04-2025060800,2025-06-08 00:00:00,LINE-B,MC-04,PRD-B,4,32200.0,3280.0,0,,0.06596988972649283,0,random_forest
SH-MC-04-2025060808,2025-06-08 08:00:00,LINE-B,MC-04,PRD-B,4,32200.0,3280.0,0,,0.08447610458983043,0,random_forest
SH-MC-04-2025060816,2025-06-08 16:00:00,LINE-B,MC-04,PRD-B,4,32200.0,3280.0,0,,0.09227768445110895,0,random_forest
SH-MC-04-2025060900,2025-06-09 00:00:00,LINE-B,MC-04,PRD-B,4,32200.0,3280.0,0,,0.08351775478363861,0,random_forest
SH-MC-04-2025060908,2025-06-09 08:00:00,LINE-B,MC-04,PRD-B,4,32200.0,3280.0,0,,0.09078534015108143,0,random_forest
SH-MC-04-2025060916,2025-06-09 16:00:00,LINE-B,MC-04,PRD-B,4,32200.0,3280.0,0,,0.11170296411938371,0,random_forest
SH-MC-04-2025061000,2025-06-10 00:00:00,LINE-B,MC-04,PRD-C,4,32200.0,3280.0,0,,0.12203042986719079,0,random_forest
SH-MC-04-2025061008,2025-06-10 08:00:00,LINE-B,MC-04,PRD-C,4,32200.0,3280.0,0,,0.11988681417442991,0,random_forest
SH-MC-04-2025061016,2025-06-10 16:00:00,LINE-B,MC-04,PRD-C,4,32200.0,3280.0,0,,0.15093500588228856,1,random_forest
SH-MC-04-2025061100,2025-06-11 00:00:00,LINE-B,MC-04,PRD-C,4,32200.0,3280.0,1,24.0,0.15542240014386158,1,random_forest
SH-MC-04-2025061108,2025-06-11 08:00:00,LINE-B,MC-04,PRD-C,4,32200.0,3280.0,1,16.0,0.1319030678072968,0,random_forest
SH-MC-04-2025061116,2025-06-11 16:00:00,LINE-B,MC-04,PRD-C,4,32200.0,3280.0,1,8.0,0.21493900940634983,1,random_forest
SH-MC-04-2025061200,2025-06-12 00:00:00,LINE-B,MC-04,PRD-D,4,32200.0,3280.0,0,,0.1979343392421771,1,random_forest
SH-MC-04-2025061208,2025-06-12 08:00:00,LINE-B,MC-04,PRD-D,4,32200.0,3280.0,0,,0.0504205621045435,0,random_forest
SH-MC-04-2025061216,2025-06-12 16:00:00,LINE-B,MC-04,PRD-D,4,32200.0,3280.0,0,,0.061513929842478596,0,random_forest
SH-MC-04-2025061300,2025-06-13 00:00:00,LINE-B,MC-04,PRD-D,4,32200.0,3280.0,0,,0.07229572418125035,0,random_forest
SH-MC-04-2025061308,2025-06-13 08:00:00,LINE-B,MC-04,PRD-D,4,32200.0,3280.0,0,,0.05703581618349558,0,random_forest
SH-MC-04-2025061316,2025-06-13 16:00:00,LINE-B,MC-04,PRD-D,4,32200.0,3280.0,0,,0.06189235020711898,0,random_forest
SH-MC-04-2025061400,2025-06-14 00:00:00,LINE-B,MC-04,PRD-A,4,32200.0,3280.0,0,,0.06227864995241944,0,random_forest
SH-MC-04-2025061408,2025-06-14 08:00:00,LINE-B,MC-04,PRD-A,4,32200.0,3280.0,0,,0.061088784151725375,0,random_forest
SH-MC-04-2025061416,2025-06-14 16:00:00,LINE-B,MC-04,PRD-A,4,32200.0,3280.0,0,,0.07262121492249568,0,random_forest
SH-MC-04-2025061500,2025-06-15 00:00:00,LINE-B,MC-04,PRD-A,4,32200.0,3280.0,0,,0.0660254508358489,0,random_forest
SH-MC-04-2025061508,2025-06-15 08:00:00,LINE-B,MC-04,PRD-A,4,32200.0,3280.0,0,,0.08874463902332738,0,random_forest
SH-MC-04-2025061516,2025-06-15 16:00:00,LINE-B,MC-04,PRD-A,4,32200.0,3280.0,0,,0.11766834223728029,0,random_forest
SH-MC-04-2025061600,2025-06-16 00:00:00,LINE-B,MC-04,PRD-B,4,32200.0,3280.0,0,,0.09695420642285366,0,random_forest
SH-MC-04-2025061608,2025-06-16 08:00:00,LINE-B,MC-04,PRD-B,4,32200.0,3280.0,0,,0.11774397759937391,0,random_forest
SH-MC-04-2025061616,2025-06-16 16:00:00,LINE-B,MC-04,PRD-B,4,32200.0,3280.0,0,,0.21504129009654116,1,random_forest
SH-MC-04-2025061700,2025-06-17 00:00:00,LINE-B,MC-04,PRD-B,4,32200.0,3280.0,0,,0.196898789730566,1,random_forest
SH-MC-04-2025061708,2025-06-17 08:00:00,LINE-B,MC-04,PRD-B,4,32200.0,3280.0,0,,0.22144117356326923,1,random_forest
SH-MC-04-2025061716,2025-06-17 16:00:00,LINE-B,MC-04,PRD-B,4,32200.0,3280.0,0,,0.20895536035996537,1,random_forest
SH-MC-04-2025061800,2025-06-18 00:00:00,LINE-B,MC-04,PRD-C,4,32200.0,3280.0,0,,0.19615383110643775,1,random_forest
SH-MC-04-2025061808,2025-06-18 08:00:00,LINE-B,MC-04,PRD-C,4,32200.0,3280.0,0,,0.20823183229813727,1,random_forest
SH-MC-04-2025061816,2025-06-18 16:00:00,LINE-B,MC-04,PRD-C,4,32200.0,3280.0,0,,0.30523422537137207,1,random_forest
SH-MC-04-2025061900,2025-06-19 00:00:00,LINE-B,MC-04,PRD-C,4,32200.0,3280.0,0,,0.37962901333668764,1,random_forest
SH-MC-04-2025061908,2025-06-19 08:00:00,LINE-B,MC-04,PRD-C,4,32200.0,3280.0,0,,0.24812391430944306,1,random_forest
SH-MC-04-2025061916,2025-06-19 16:00:00,LINE-B,MC-04,PRD-C,4,32200.0,3280.0,0,,0.2919048230829715,1,random_forest
SH-MC-04-2025062000,2025-06-20 00:00:00,LINE-B,MC-04,PRD-D,4,32200.0,3280.0,1,24.0,0.3816742054035985,1,random_forest
SH-MC-04-2025062008,2025-06-20 08:00:00,LINE-B,MC-04,PRD-D,4,32200.0,3280.0,1,16.0,0.4736987996605229,1,random_forest
SH-MC-04-2025062016,2025-06-20 16:00:00,LINE-B,MC-04,PRD-D,4,32200.0,3280.0,1,8.0,0.519941395636014,1,random_forest
SH-MC-04-2025062100,2025-06-21 00:00:00,LINE-B,MC-04,PRD-D,4,32200.0,3280.0,0,,0.5485793141032749,1,random_forest
SH-MC-04-2025062108,2025-06-21 08:00:00,LINE-B,MC-04,PRD-D,4,32200.0,3280.0,0,,0.061932614257078536,0,random_forest
SH-MC-04-2025062116,2025-06-21 16:00:00,LINE-B,MC-04,PRD-D,4,32200.0,3280.0,0,,0.07879469735903104,0,random_forest
SH-MC-04-2025062200,2025-06-22 00:00:00,LINE-B,MC-04,PRD-A,4,32200.0,3280.0,1,24.0,0.0660169702747838,0,random_forest
SH-MC-04-2025062208,2025-06-22 08:00:00,LINE-B,MC-04,PRD-A,4,32200.0,3280.0,1,16.0,0.07442324263560528,0,random_forest
SH-MC-04-2025062216,2025-06-22 16:00:00,LINE-B,MC-04,PRD-A,4,32200.0,3280.0,1,8.0,0.07225556812124125,0,random_forest
SH-MC-04-2025062300,2025-06-23 00:00:00,LINE-B,MC-04,PRD-A,4,32200.0,3280.0,0,,0.08334510964251783,0,random_forest
SH-MC-04-2025062308,2025-06-23 08:00:00,LINE-B,MC-04,PRD-A,4,32200.0,3280.0,0,,0.04490593369063561,0,random_forest
SH-MC-04-2025062316,2025-06-23 16:00:00,LINE-B,MC-04,PRD-A,4,32200.0,3280.0,0,,0.0459133517528823,0,random_forest
SH-MC-04-2025062400,2025-06-24 00:00:00,LINE-B,MC-04,PRD-B,4,32200.0,3280.0,0,,0.045758930533417196,0,random_forest
SH-MC-04-2025062408,2025-06-24 08:00:00,LINE-B,MC-04,PRD-B,4,32200.0,3280.0,0,,0.04320075866555429,0,random_forest
SH-MC-04-2025062416,2025-06-24 16:00:00,LINE-B,MC-04,PRD-B,4,32200.0,3280.0,0,,0.046692524558231197,0,random_forest
SH-MC-04-2025062500,2025-06-25 00:00:00,LINE-B,MC-04,PRD-B,4,32200.0,3280.0,0,,0.04816078052280544,0,random_forest
SH-MC-04-2025062508,2025-06-25 08:00:00,LINE-B,MC-04,PRD-B,4,32200.0,3280.0,0,,0.04495822999656816,0,random_forest
SH-MC-04-2025062516,2025-06-25 16:00:00,LINE-B,MC-04,PRD-B,4,32200.0,3280.0,0,,0.04768301032355452,0,random_forest
SH-MC-04-2025062600,2025-06-26 00:00:00,LINE-B,MC-04,PRD-C,4,32200.0,3280.0,0,,0.05378044953369342,0,random_forest
SH-MC-04-2025062608,2025-06-26 08:00:00,LINE-B,MC-04,PRD-C,4,32200.0,3280.0,0,,0.05568192310892096,0,random_forest
SH-MC-04-2025062616,2025-06-26 16:00:00,LINE-B,MC-04,PRD-C,4,32200.0,3280.0,0,,0.06388560130616745,0,random_forest
SH-MC-04-2025062700,2025-06-27 00:00:00,LINE-B,MC-04,PRD-C,4,32200.0,3280.0,0,,0.06604506690061707,0,random_forest
SH-MC-04-2025062708,2025-06-27 08:00:00,LINE-B,MC-04,PRD-C,4,32200.0,3280.0,0,,0.06644316637080588,0,random_forest
SH-MC-04-2025062716,2025-06-27 16:00:00,LINE-B,MC-04,PRD-C,4,32200.0,3280.0,0,,0.14480863906632566,0,random_forest
SH-MC-04-2025062800,2025-06-28 00:00:00,LINE-B,MC-04,PRD-D,4,32200.0,3280.0,0,,0.16408219395521628,1,random_forest
SH-MC-04-2025062808,2025-06-28 08:00:00,LINE-B,MC-04,PRD-D,4,32200.0,3280.0,0,,0.1769236279450908,1,random_forest
SH-MC-04-2025062816,2025-06-28 16:00:00,LINE-B,MC-04,PRD-D,4,32200.0,3280.0,0,,0.18965656565980743,1,random_forest
SH-MC-04-2025062900,2025-06-29 00:00:00,LINE-B,MC-04,PRD-D,4,32200.0,3280.0,0,,0.23408395487653438,1,random_forest
SH-MC-04-2025062908,2025-06-29 08:00:00,LINE-B,MC-04,PRD-D,4,32200.0,3280.0,0,,0.18487077930938808,1,random_forest
SH-MC-04-2025062916,2025-06-29 16:00:00,LINE-B,MC-04,PRD-D,4,32200.0,3280.0,0,,0.21578260886584286,1,random_forest
SH-MC-05-2025030100,2025-03-01 00:00:00,LINE-B,MC-05,PRD-A,5,37700.0,3880.0,0,,0.1512081974758115,1,random_forest
SH-MC-05-2025030108,2025-03-01 08:00:00,LINE-B,MC-05,PRD-A,5,37700.0,3880.0,0,,0.1572599503891988,1,random_forest
SH-MC-05-2025030116,2025-03-01 16:00:00,LINE-B,MC-05,PRD-A,5,37700.0,3880.0,1,24.0,0.16249764649850043,1,random_forest
SH-MC-05-2025030200,2025-03-02 00:00:00,LINE-B,MC-05,PRD-B,5,37700.0,3880.0,1,16.0,0.17193972046757644,1,random_forest
SH-MC-05-2025030208,2025-03-02 08:00:00,LINE-B,MC-05,PRD-B,5,37700.0,3880.0,1,8.0,0.22721822870938066,1,random_forest
SH-MC-05-2025030216,2025-03-02 16:00:00,LINE-B,MC-05,PRD-B,5,37700.0,3880.0,0,,0.23834355129695797,1,random_forest
SH-MC-05-2025030300,2025-03-03 00:00:00,LINE-B,MC-05,PRD-B,5,37700.0,3880.0,0,,0.05476054987185934,0,random_forest
SH-MC-05-2025030308,2025-03-03 08:00:00,LINE-B,MC-05,PRD-B,5,37700.0,3880.0,0,,0.05440610029598429,0,random_forest
SH-MC-05-2025030316,2025-03-03 16:00:00,LINE-B,MC-05,PRD-B,5,37700.0,3880.0,0,,0.05292157719821819,0,random_forest
SH-MC-05-2025030400,2025-03-04 00:00:00,LINE-B,MC-05,PRD-C,5,37700.0,3880.0,0,,0.07939183685562985,0,random_forest
SH-MC-05-2025030408,2025-03-04 08:00:00,LINE-B,MC-05,PRD-C,5,37700.0,3880.0,0,,0.05441264702212881,0,random_forest
SH-MC-05-2025030416,2025-03-04 16:00:00,LINE-B,MC-05,PRD-C,5,37700.0,3880.0,0,,0.07679858882053876,0,random_forest
SH-MC-05-2025030500,2025-03-05 00:00:00,LINE-B,MC-05,PRD-C,5,37700.0,3880.0,0,,0.08108873520713808,0,random_forest
SH-MC-05-2025030508,2025-03-05 08:00:00,LINE-B,MC-05,PRD-C,5,37700.0,3880.0,0,,0.08585845779946287,0,random_forest
SH-MC-05-2025030516,2025-03-05 16:00:00,LINE-B,MC-05,PRD-C,5,37700.0,3880.0,0,,0.09543253355451561,0,random_forest
SH-MC-05-2025030600,2025-03-06 00:00:00,LINE-B,MC-05,PRD-D,5,37700.0,3880.0,0,,0.12451714851371375,0,random_forest
SH-MC-05-2025030608,2025-03-06 08:00:00,LINE-B,MC-05,PRD-D,5,37700.0,3880.0,0,,0.10821047153616731,0,random_forest
SH-MC-05-2025030616,2025-03-06 16:00:00,LINE-B,MC-05,PRD-D,5,37700.0,3880.0,0,,0.187937957775285,1,random_forest
SH-MC-05-2025030700,2025-03-07 00:00:00,LINE-B,MC-05,PRD-D,5,37700.0,3880.0,0,,0.18790559614602148,1,random_forest
SH-MC-05-2025030708,2025-03-07 08:00:00,LINE-B,MC-05,PRD-D,5,37700.0,3880.0,1,24.0,0.15907393120600868,1,random_forest
SH-MC-05-2025030716,2025-03-07 16:00:00,LINE-B,MC-05,PRD-D,5,37700.0,3880.0,1,16.0,0.16946954583178503,1,random_forest
SH-MC-05-2025030800,2025-03-08 00:00:00,LINE-B,MC-05,PRD-A,5,37700.0,3880.0,1,8.0,0.1690386269224978,1,random_forest
SH-MC-05-2025030808,2025-03-08 08:00:00,LINE-B,MC-05,PRD-A,5,37700.0,3880.0,0,,0.2014887385424488,1,random_forest
SH-MC-05-2025030816,2025-03-08 16:00:00,LINE-B,MC-05,PRD-A,5,37700.0,3880.0,0,,0.05172266682766598,0,random_forest
SH-MC-05-2025030900,2025-03-09 00:00:00,LINE-B,MC-05,PRD-A,5,37700.0,3880.0,0,,0.05013515108526048,0,random_forest
SH-MC-05-2025030908,2025-03-09 08:00:00,LINE-B,MC-05,PRD-A,5,37700.0,3880.0,0,,0.06021677859589002,0,random_forest
SH-MC-05-2025030916,2025-03-09 16:00:00,LINE-B,MC-05,PRD-A,5,37700.0,3880.0,1,24.0,0.061267734539723936,0,random_forest
SH-MC-05-2025031000,2025-03-10 00:00:00,LINE-B,MC-05,PRD-B,5,37700.0,3880.0,1,16.0,0.05961797416660522,0,random_forest
SH-MC-05-2025031008,2025-03-10 08:00:00,LINE-B,MC-05,PRD-B,5,37700.0,3880.0,1,8.0,0.07387282200826563,0,random_forest
SH-MC-05-2025031016,2025-03-10 16:00:00,LINE-B,MC-05,PRD-B,5,37700.0,3880.0,0,,0.07023073265411617,0,random_forest
SH-MC-05-2025031100,2025-03-11 00:00:00,LINE-B,MC-05,PRD-B,5,37700.0,3880.0,0,,0.04738239310212011,0,random_forest
SH-MC-05-2025031108,2025-03-11 08:00:00,LINE-B,MC-05,PRD-B,5,37700.0,3880.0,0,,0.053486925609432336,0,random_forest
SH-MC-05-2025031116,2025-03-11 16:00:00,LINE-B,MC-05,PRD-B,5,37700.0,3880.0,0,,0.05590519246355412,0,random_forest
SH-MC-05-2025031200,2025-03-12 00:00:00,LINE-B,MC-05,PRD-C,5,37700.0,3880.0,0,,0.06121104002645344,0,random_forest
SH-MC-05-2025031208,2025-03-12 08:00:00,LINE-B,MC-05,PRD-C,5,37700.0,3880.0,0,,0.06398679206499029,0,random_forest
SH-MC-05-2025031216,2025-03-12 16:00:00,LINE-B,MC-05,PRD-C,5,37700.0,3880.0,1,24.0,0.05393748136032816,0,random_forest
SH-MC-05-2025031300,2025-03-13 00:00:00,LINE-B,MC-05,PRD-C,5,37700.0,3880.0,1,16.0,0.0721508087027105,0,random_forest
SH-MC-05-2025031308,2025-03-13 08:00:00,LINE-B,MC-05,PRD-C,5,37700.0,3880.0,1,8.0,0.06412945636754644,0,random_forest
SH-MC-05-2025031316,2025-03-13 16:00:00,LINE-B,MC-05,PRD-C,5,37700.0,3880.0,0,,0.06563083534176169,0,random_forest
SH-MC-05-2025031400,2025-03-14 00:00:00,LINE-B,MC-05,PRD-D,5,37700.0,3880.0,0,,0.04183962359541692,0,random_forest
SH-MC-05-2025031408,2025-03-14 08:00:00,LINE-B,MC-05,PRD-D,5,37700.0,3880.0,0,,0.03635582401772008,0,random_forest
SH-MC-05-2025031416,2025-03-14 16:00:00,LINE-B,MC-05,PRD-D,5,37700.0,3880.0,0,,0.04595140595885554,0,random_forest
SH-MC-05-2025031500,2025-03-15 00:00:00,LINE-B,MC-05,PRD-D,5,37700.0,3880.0,0,,0.04286046111838163,0,random_forest
SH-MC-05-2025031508,2025-03-15 08:00:00,LINE-B,MC-05,PRD-D,5,37700.0,3880.0,0,,0.04125227589465932,0,random_forest
SH-MC-05-2025031516,2025-03-15 16:00:00,LINE-B,MC-05,PRD-D,5,37700.0,3880.0,0,,0.05436786449477422,0,random_forest
SH-MC-05-2025031600,2025-03-16 00:00:00,LINE-B,MC-05,PRD-A,5,37700.0,3880.0,0,,0.06072698738300204,0,random_forest
SH-MC-05-2025031608,2025-03-16 08:00:00,LINE-B,MC-05,PRD-A,5,37700.0,3880.0,0,,0.06179038645797972,0,random_forest
SH-MC-05-2025031616,2025-03-16 16:00:00,LINE-B,MC-05,PRD-A,5,37700.0,3880.0,0,,0.058823544350008715,0,random_forest
SH-MC-05-2025031700,2025-03-17 00:00:00,LINE-B,MC-05,PRD-A,5,37700.0,3880.0,0,,0.07312060416349792,0,random_forest
SH-MC-05-2025031708,2025-03-17 08:00:00,LINE-B,MC-05,PRD-A,5,37700.0,3880.0,0,,0.060307166425009065,0,random_forest
SH-MC-05-2025031716,2025-03-17 16:00:00,LINE-B,MC-05,PRD-A,5,37700.0,3880.0,0,,0.06588277033637094,0,random_forest
SH-MC-05-2025031800,2025-03-18 00:00:00,LINE-B,MC-05,PRD-B,5,37700.0,3880.0,0,,0.08113380351054605,0,random_forest
SH-MC-05-2025031808,2025-03-18 08:00:00,LINE-B,MC-05,PRD-B,5,37700.0,3880.0,0,,0.12496192852642601,0,random_forest
SH-MC-05-2025031816,2025-03-18 16:00:00,LINE-B,MC-05,PRD-B,5,37700.0,3880.0,0,,0.14701292652575113,0,random_forest
SH-MC-05-2025031900,2025-03-19 00:00:00,LINE-B,MC-05,PRD-B,5,37700.0,3880.0,0,,0.18275619747701535,1,random_forest
SH-MC-05-2025031908,2025-03-19 08:00:00,LINE-B,MC-05,PRD-B,5,37700.0,3880.0,0,,0.2513135299127322,1,random_forest
SH-MC-05-2025031916,2025-03-19 16:00:00,LINE-B,MC-05,PRD-B,5,37700.0,3880.0,0,,0.24000368197892288,1,random_forest
SH-MC-05-2025032000,2025-03-20 00:00:00,LINE-B,MC-05,PRD-C,5,37700.0,3880.0,1,24.0,0.2770561462697775,1,random_forest
SH-MC-05-2025032008,2025-03-20 08:00:00,LINE-B,MC-05,PRD-C,5,37700.0,3880.0,1,16.0,0.27138052121520584,1,random_forest
SH-MC-05-2025032016,2025-03-20 16:00:00,LINE-B,MC-05,PRD-C,5,37700.0,3880.0,1,8.0,0.268666390605796,1,random_forest
SH-MC-05-2025032100,2025-03-21 00:00:00,LINE-B,MC-05,PRD-C,5,37700.0,3880.0,0,,0.22404798813981297,1,random_forest
SH-MC-05-2025032108,2025-03-21 08:00:00,LINE-B,MC-05,PRD-C,5,37700.0,3880.0,0,,0.0459300465588267,0,random_forest
SH-MC-05-2025032116,2025-03-21 16:00:00,LINE-B,MC-05,PRD-C,5,37700.0,3880.0,0,,0.048292906915942735,0,random_forest
SH-MC-05-2025032200,2025-03-22 00:00:00,LINE-B,MC-05,PRD-D,5,37700.0,3880.0,0,,0.04928015197130372,0,random_forest
SH-MC-05-2025032208,2025-03-22 08:00:00,LINE-B,MC-05,PRD-D,5,37700.0,3880.0,0,,0.05009578394504088,0,random_forest
SH-MC-05-2025032216,2025-03-22 16:00:00,LINE-B,MC-05,PRD-D,5,37700.0,3880.0,0,,0.058646860516540306,0,random_forest
SH-MC-05-2025032300,2025-03-23 00:00:00,LINE-B,MC-05,PRD-D,5,37700.0,3880.0,0,,0.07054581307864057,0,random_forest
SH-MC-05-2025032308,2025-03-23 08:00:00,LINE-B,MC-05,PRD-D,5,37700.0,3880.0,0,,0.06739365990564716,0,random_forest
SH-MC-05-2025032316,2025-03-23 16:00:00,LINE-B,MC-05,PRD-D,5,37700.0,3880.0,0,,0.06870806031882358,0,random_forest
SH-MC-05-2025032400,2025-03-24 00:00:00,LINE-B,MC-05,PRD-A,5,37700.0,3880.0,0,,0.08558944208694698,0,random_forest
SH-MC-05-2025032408,2025-03-24 08:00:00,LINE-B,MC-05,PRD-A,5,37700.0,3880.0,0,,0.10745885479923128,0,random_forest
SH-MC-05-2025032416,2025-03-24 16:00:00,LINE-B,MC-05,PRD-A,5,37700.0,3880.0,0,,0.09230783161135338,0,random_forest
SH-MC-05-2025032500,2025-03-25 00:00:00,LINE-B,MC-05,PRD-A,5,37700.0,3880.0,0,,0.15244155642121382,1,random_forest
SH-MC-05-2025032508,2025-03-25 08:00:00,LINE-B,MC-05,PRD-A,5,37700.0,3880.0,0,,0.17341853922197936,1,random_forest
SH-MC-05-2025032516,2025-03-25 16:00:00,LINE-B,MC-05,PRD-A,5,37700.0,3880.0,0,,0.16074840259121798,1,random_forest
SH-MC-05-2025032600,2025-03-26 00:00:00,LINE-B,MC-05,PRD-B,5,37700.0,3880.0,0,,0.18716945054763542,1,random_forest
SH-MC-05-2025032608,2025-03-26 08:00:00,LINE-B,MC-05,PRD-B,5,37700.0,3880.0,0,,0.1948479771072102,1,random_forest
SH-MC-05-2025032616,2025-03-26 16:00:00,LINE-B,MC-05,PRD-B,5,37700.0,3880.0,1,24.0,0.21581745295548524,1,random_forest
SH-MC-05-2025032700,2025-03-27 00:00:00,LINE-B,MC-05,PRD-B,5,37700.0,3880.0,1,16.0,0.2064156043703811,1,random_forest
SH-MC-05-2025032708,2025-03-27 08:00:00,LINE-B,MC-05,PRD-B,5,37700.0,3880.0,1,8.0,0.3103458800248596,1,random_forest
SH-MC-05-2025032716,2025-03-27 16:00:00,LINE-B,MC-05,PRD-B,5,37700.0,3880.0,0,,0.3066722675197782,1,random_forest
SH-MC-05-2025032800,2025-03-28 00:00:00,LINE-B,MC-05,PRD-C,5,37700.0,3880.0,0,,0.06608163576476159,0,random_forest
SH-MC-05-2025032808,2025-03-28 08:00:00,LINE-B,MC-05,PRD-C,5,37700.0,3880.0,0,,0.04609555990675993,0,random_forest
SH-MC-05-2025032816,2025-03-28 16:00:00,LINE-B,MC-05,PRD-C,5,37700.0,3880.0,0,,0.06803164013774247,0,random_forest
SH-MC-05-2025032900,2025-03-29 00:00:00,LINE-B,MC-05,PRD-C,5,37700.0,3880.0,0,,0.06177968759121172,0,random_forest
SH-MC-05-2025032908,2025-03-29 08:00:00,LINE-B,MC-05,PRD-C,5,37700.0,3880.0,0,,0.06072010190809226,0,random_forest
SH-MC-05-2025032916,2025-03-29 16:00:00,LINE-B,MC-05,PRD-C,5,37700.0,3880.0,0,,0.07403030609370967,0,random_forest
SH-MC-05-2025033000,2025-03-30 00:00:00,LINE-B,MC-05,PRD-D,5,37700.0,3880.0,0,,0.08299206835787185,0,random_forest
SH-MC-05-2025033008,2025-03-30 08:00:00,LINE-B,MC-05,PRD-D,5,37700.0,3880.0,0,,0.08809833714850385,0,random_forest
SH-MC-05-2025033016,2025-03-30 16:00:00,LINE-B,MC-05,PRD-D,5,37700.0,3880.0,0,,0.08190367647249104,0,random_forest
SH-MC-05-2025033100,2025-03-31 00:00:00,LINE-B,MC-05,PRD-D,5,37700.0,3880.0,0,,0.12185643345901953,0,random_forest
SH-MC-05-2025033108,2025-03-31 08:00:00,LINE-B,MC-05,PRD-D,5,37700.0,3880.0,0,,0.08657764663497469,0,random_forest
SH-MC-05-2025033116,2025-03-31 16:00:00,LINE-B,MC-05,PRD-D,5,37700.0,3880.0,0,,0.12661591394029495,0,random_forest
SH-MC-05-2025040100,2025-04-01 00:00:00,LINE-B,MC-05,PRD-A,5,37700.0,3880.0,0,,0.14487563117270943,0,random_forest
SH-MC-05-2025040108,2025-04-01 08:00:00,LINE-B,MC-05,PRD-A,5,37700.0,3880.0,0,,0.15123432722915997,1,random_forest
SH-MC-05-2025040116,2025-04-01 16:00:00,LINE-B,MC-05,PRD-A,5,37700.0,3880.0,0,,0.14027005494644212,0,random_forest
SH-MC-05-2025040200,2025-04-02 00:00:00,LINE-B,MC-05,PRD-A,5,37700.0,3880.0,0,,0.20929170230508543,1,random_forest
SH-MC-05-2025040208,2025-04-02 08:00:00,LINE-B,MC-05,PRD-A,5,37700.0,3880.0,0,,0.2599408654579146,1,random_forest
SH-MC-05-2025040216,2025-04-02 16:00:00,LINE-B,MC-05,PRD-A,5,37700.0,3880.0,0,,0.3177512438038476,1,random_forest
SH-MC-05-2025040300,2025-04-03 00:00:00,LINE-B,MC-05,PRD-B,5,37700.0,3880.0,0,,0.2776037646603464,1,random_forest
SH-MC-05-2025040308,2025-04-03 08:00:00,LINE-B,MC-05,PRD-B,5,37700.0,3880.0,0,,0.4248206892391197,1,random_forest
SH-MC-05-2025040316,2025-04-03 16:00:00,LINE-B,MC-05,PRD-B,5,37700.0,3880.0,0,,0.34450313135326543,1,random_forest
SH-MC-05-2025040400,2025-04-04 00:00:00,LINE-B,MC-05,PRD-B,5,37700.0,3880.0,0,,0.33354399850217176,1,random_forest
SH-MC-05-2025040408,2025-04-04 08:00:00,LINE-B,MC-05,PRD-B,5,37700.0,3880.0,1,24.0,0.4917011577349572,1,random_forest
SH-MC-05-2025040416,2025-04-04 16:00:00,LINE-B,MC-05,PRD-B,5,37700.0,3880.0,1,16.0,0.5255603007580603,1,random_forest
SH-MC-05-2025040500,2025-04-05 00:00:00,LINE-B,MC-05,PRD-C,5,37700.0,3880.0,1,8.0,0.5677689381274861,1,random_forest
SH-MC-05-2025040508,2025-04-05 08:00:00,LINE-B,MC-05,PRD-C,5,37700.0,3880.0,0,,0.5541667033923945,1,random_forest
SH-MC-05-2025040516,2025-04-05 16:00:00,LINE-B,MC-05,PRD-C,5,37700.0,3880.0,0,,0.04969698275269764,0,random_forest
SH-MC-05-2025040600,2025-04-06 00:00:00,LINE-B,MC-05,PRD-C,5,37700.0,3880.0,0,,0.04948361185795282,0,random_forest
SH-MC-05-2025040608,2025-04-06 08:00:00,LINE-B,MC-05,PRD-C,5,37700.0,3880.0,0,,0.05773075744999266,0,random_forest
SH-MC-05-2025040616,2025-04-06 16:00:00,LINE-B,MC-05,PRD-C,5,37700.0,3880.0,0,,0.07017450660910336,0,random_forest
SH-MC-05-2025040700,2025-04-07 00:00:00,LINE-B,MC-05,PRD-D,5,37700.0,3880.0,0,,0.07078517484900324,0,random_forest
SH-MC-05-2025040708,2025-04-07 08:00:00,LINE-B,MC-05,PRD-D,5,37700.0,3880.0,0,,0.08850361046813385,0,random_forest
SH-MC-05-2025040716,2025-04-07 16:00:00,LINE-B,MC-05,PRD-D,5,37700.0,3880.0,0,,0.07964944943848533,0,random_forest
SH-MC-05-2025040800,2025-04-08 00:00:00,LINE-B,MC-05,PRD-D,5,37700.0,3880.0,0,,0.08107178280586205,0,random_forest
SH-MC-05-2025040808,2025-04-08 08:00:00,LINE-B,MC-05,PRD-D,5,37700.0,3880.0,0,,0.17582869096084044,1,random_forest
SH-MC-05-2025040816,2025-04-08 16:00:00,LINE-B,MC-05,PRD-D,5,37700.0,3880.0,0,,0.10220865555235327,0,random_forest
SH-MC-05-2025040900,2025-04-09 00:00:00,LINE-B,MC-05,PRD-A,5,37700.0,3880.0,0,,0.19288773029377582,1,random_forest
SH-MC-05-2025040908,2025-04-09 08:00:00,LINE-B,MC-05,PRD-A,5,37700.0,3880.0,0,,0.2444857255981772,1,random_forest
SH-MC-05-2025040916,2025-04-09 16:00:00,LINE-B,MC-05,PRD-A,5,37700.0,3880.0,0,,0.22381103983329698,1,random_forest
SH-MC-05-2025041000,2025-04-10 00:00:00,LINE-B,MC-05,PRD-A,5,37700.0,3880.0,0,,0.2182800709655212,1,random_forest
SH-MC-05-2025041008,2025-04-10 08:00:00,LINE-B,MC-05,PRD-A,5,37700.0,3880.0,1,24.0,0.24494296615049535,1,random_forest
SH-MC-05-2025041016,2025-04-10 16:00:00,LINE-B,MC-05,PRD-A,5,37700.0,3880.0,1,16.0,0.2553361188098297,1,random_forest
SH-MC-05-2025041100,2025-04-11 00:00:00,LINE-B,MC-05,PRD-B,5,37700.0,3880.0,1,8.0,0.31372404769430795,1,random_forest
SH-MC-05-2025041108,2025-04-11 08:00:00,LINE-B,MC-05,PRD-B,5,37700.0,3880.0,0,,0.2586414876357015,1,random_forest
SH-MC-05-2025041116,2025-04-11 16:00:00,LINE-B,MC-05,PRD-B,5,37700.0,3880.0,0,,0.04340309087047229,0,random_forest
SH-MC-05-2025041200,2025-04-12 00:00:00,LINE-B,MC-05,PRD-B,5,37700.0,3880.0,0,,0.05054243789563193,0,random_forest
SH-MC-05-2025041208,2025-04-12 08:00:00,LINE-B,MC-05,PRD-B,5,37700.0,3880.0,0,,0.04398758549334182,0,random_forest
SH-MC-05-2025041216,2025-04-12 16:00:00,LINE-B,MC-05,PRD-B,5,37700.0,3880.0,0,,0.06394759352801381,0,random_forest
SH-MC-05-2025041300,2025-04-13 00:00:00,LINE-B,MC-05,PRD-C,5,37700.0,3880.0,0,,0.06702182861571195,0,random_forest
SH-MC-05-2025041308,2025-04-13 08:00:00,LINE-B,MC-05,PRD-C,5,37700.0,3880.0,0,,0.07125107557316515,0,random_forest
SH-MC-05-2025041316,2025-04-13 16:00:00,LINE-B,MC-05,PRD-C,5,37700.0,3880.0,0,,0.06494599426124117,0,random_forest
SH-MC-05-2025041400,2025-04-14 00:00:00,LINE-B,MC-05,PRD-C,5,37700.0,3880.0,0,,0.09900074080871055,0,random_forest
SH-MC-05-2025041408,2025-04-14 08:00:00,LINE-B,MC-05,PRD-C,5,37700.0,3880.0,0,,0.14331710955292654,0,random_forest
SH-MC-05-2025041416,2025-04-14 16:00:00,LINE-B,MC-05,PRD-C,5,37700.0,3880.0,1,24.0,0.16938095012689536,1,random_forest
SH-MC-05-2025041500,2025-04-15 00:00:00,LINE-B,MC-05,PRD-D,5,37700.0,3880.0,1,16.0,0.104982388775341,0,random_forest
SH-MC-05-2025041508,2025-04-15 08:00:00,LINE-B,MC-05,PRD-D,5,37700.0,3880.0,1,8.0,0.14193811700340703,0,random_forest
SH-MC-05-2025041516,2025-04-15 16:00:00,LINE-B,MC-05,PRD-D,5,37700.0,3880.0,0,,0.22289895103100435,1,random_forest
SH-MC-05-2025041600,2025-04-16 00:00:00,LINE-B,MC-05,PRD-D,5,37700.0,3880.0,0,,0.04181627721349229,0,random_forest
SH-MC-05-2025041608,2025-04-16 08:00:00,LINE-B,MC-05,PRD-D,5,37700.0,3880.0,0,,0.0415857308760748,0,random_forest
SH-MC-05-2025041616,2025-04-16 16:00:00,LINE-B,MC-05,PRD-D,5,37700.0,3880.0,0,,0.05632654726852939,0,random_forest
SH-MC-05-2025041700,2025-04-17 00:00:00,LINE-B,MC-05,PRD-A,5,37700.0,3880.0,0,,0.06182833748032365,0,random_forest
SH-MC-05-2025041708,2025-04-17 08:00:00,LINE-B,MC-05,PRD-A,5,37700.0,3880.0,0,,0.04625106336614618,0,random_forest
SH-MC-05-2025041716,2025-04-17 16:00:00,LINE-B,MC-05,PRD-A,5,37700.0,3880.0,0,,0.04539066440287942,0,random_forest
SH-MC-05-2025041800,2025-04-18 00:00:00,LINE-B,MC-05,PRD-A,5,37700.0,3880.0,0,,0.05738082646785966,0,random_forest
SH-MC-05-2025041808,2025-04-18 08:00:00,LINE-B,MC-05,PRD-A,5,37700.0,3880.0,0,,0.060879272860997646,0,random_forest
SH-MC-05-2025041816,2025-04-18 16:00:00,LINE-B,MC-05,PRD-A,5,37700.0,3880.0,0,,0.07723370952547275,0,random_forest
SH-MC-05-2025041900,2025-04-19 00:00:00,LINE-B,MC-05,PRD-B,5,37700.0,3880.0,0,,0.07468974355813193,0,random_forest
SH-MC-05-2025041908,2025-04-19 08:00:00,LINE-B,MC-05,PRD-B,5,37700.0,3880.0,0,,0.08214620916589956,0,random_forest
SH-MC-05-2025041916,2025-04-19 16:00:00,LINE-B,MC-05,PRD-B,5,37700.0,3880.0,0,,0.11168215087424234,0,random_forest
SH-MC-05-2025042000,2025-04-20 00:00:00,LINE-B,MC-05,PRD-B,5,37700.0,3880.0,0,,0.17131835854960925,1,random_forest
SH-MC-05-2025042008,2025-04-20 08:00:00,LINE-B,MC-05,PRD-B,5,37700.0,3880.0,0,,0.24283573451708043,1,random_forest
SH-MC-05-2025042016,2025-04-20 16:00:00,LINE-B,MC-05,PRD-B,5,37700.0,3880.0,0,,0.217910234905692,1,random_forest
SH-MC-05-2025042100,2025-04-21 00:00:00,LINE-B,MC-05,PRD-C,5,37700.0,3880.0,0,,0.15284653371360363,1,random_forest
SH-MC-05-2025042108,2025-04-21 08:00:00,LINE-B,MC-05,PRD-C,5,37700.0,3880.0,1,24.0,0.23271404202023177,1,random_forest
SH-MC-05-2025042116,2025-04-21 16:00:00,LINE-B,MC-05,PRD-C,5,37700.0,3880.0,1,16.0,0.24739146202825252,1,random_forest
SH-MC-05-2025042200,2025-04-22 00:00:00,LINE-B,MC-05,PRD-C,5,37700.0,3880.0,1,8.0,0.2553778949362426,1,random_forest
SH-MC-05-2025042208,2025-04-22 08:00:00,LINE-B,MC-05,PRD-C,5,37700.0,3880.0,1,24.0,0.3271758334087551,1,random_forest
SH-MC-05-2025042216,2025-04-22 16:00:00,LINE-B,MC-05,PRD-C,5,37700.0,3880.0,1,16.0,0.04803082006548394,0,random_forest
SH-MC-05-2025042300,2025-04-23 00:00:00,LINE-B,MC-05,PRD-D,5,37700.0,3880.0,1,8.0,0.05689671916369557,0,random_forest
SH-MC-05-2025042308,2025-04-23 08:00:00,LINE-B,MC-05,PRD-D,5,37700.0,3880.0,0,,0.05404155506472389,0,random_forest
SH-MC-05-2025042316,2025-04-23 16:00:00,LINE-B,MC-05,PRD-D,5,37700.0,3880.0,0,,0.058014520558665066,0,random_forest
SH-MC-05-2025042400,2025-04-24 00:00:00,LINE-B,MC-05,PRD-D,5,37700.0,3880.0,0,,0.05536370070957376,0,random_forest
SH-MC-05-2025042408,2025-04-24 08:00:00,LINE-B,MC-05,PRD-D,5,37700.0,3880.0,0,,0.05193704360505348,0,random_forest
SH-MC-05-2025042416,2025-04-24 16:00:00,LINE-B,MC-05,PRD-D,5,37700.0,3880.0,0,,0.051016089129580465,0,random_forest
SH-MC-05-2025042500,2025-04-25 00:00:00,LINE-B,MC-05,PRD-A,5,37700.0,3880.0,0,,0.05936714959344822,0,random_forest
SH-MC-05-2025042508,2025-04-25 08:00:00,LINE-B,MC-05,PRD-A,5,37700.0,3880.0,0,,0.052008450519335454,0,random_forest
SH-MC-05-2025042516,2025-04-25 16:00:00,LINE-B,MC-05,PRD-A,5,37700.0,3880.0,0,,0.0491618317112926,0,random_forest
SH-MC-05-2025042600,2025-04-26 00:00:00,LINE-B,MC-05,PRD-A,5,37700.0,3880.0,0,,0.04777583809287474,0,random_forest
SH-MC-05-2025042608,2025-04-26 08:00:00,LINE-B,MC-05,PRD-A,5,37700.0,3880.0,0,,0.05592240668262951,0,random_forest
SH-MC-05-2025042616,2025-04-26 16:00:00,LINE-B,MC-05,PRD-A,5,37700.0,3880.0,0,,0.056239352198016034,0,random_forest
SH-MC-05-2025042700,2025-04-27 00:00:00,LINE-B,MC-05,PRD-B,5,37700.0,3880.0,0,,0.07241243934270283,0,random_forest
SH-MC-05-2025042708,2025-04-27 08:00:00,LINE-B,MC-05,PRD-B,5,37700.0,3880.0,0,,0.07123736358923502,0,random_forest
SH-MC-05-2025042716,2025-04-27 16:00:00,LINE-B,MC-05,PRD-B,5,37700.0,3880.0,0,,0.07750954154156929,0,random_forest
SH-MC-05-2025042800,2025-04-28 00:00:00,LINE-B,MC-05,PRD-B,5,37700.0,3880.0,0,,0.09798331055506161,0,random_forest
SH-MC-05-2025042808,2025-04-28 08:00:00,LINE-B,MC-05,PRD-B,5,37700.0,3880.0,0,,0.10160031276842985,0,random_forest
SH-MC-05-2025042816,2025-04-28 16:00:00,LINE-B,MC-05,PRD-B,5,37700.0,3880.0,0,,0.17300278324324442,1,random_forest
SH-MC-05-2025042900,2025-04-29 00:00:00,LINE-B,MC-05,PRD-C,5,37700.0,3880.0,0,,0.1701938824396567,1,random_forest
SH-MC-05-2025042908,2025-04-29 08:00:00,LINE-B,MC-05,PRD-C,5,37700.0,3880.0,1,24.0,0.11530611246199331,0,random_forest
SH-MC-05-2025042916,2025-04-29 16:00:00,LINE-B,MC-05,PRD-C,5,37700.0,3880.0,1,16.0,0.19806648064073437,1,random_forest
SH-MC-05-2025043000,2025-04-30 00:00:00,LINE-B,MC-05,PRD-C,5,37700.0,3880.0,1,8.0,0.1973888914804432,1,random_forest
SH-MC-05-2025043008,2025-04-30 08:00:00,LINE-B,MC-05,PRD-C,5,37700.0,3880.0,0,,0.18471913940290205,1,random_forest
SH-MC-05-2025043016,2025-04-30 16:00:00,LINE-B,MC-05,PRD-C,5,37700.0,3880.0,0,,0.04666173171265555,0,random_forest
SH-MC-05-2025050100,2025-05-01 00:00:00,LINE-B,MC-05,PRD-D,5,37700.0,3880.0,0,,0.057199250129822576,0,random_forest
SH-MC-05-2025050108,2025-05-01 08:00:00,LINE-B,MC-05,PRD-D,5,37700.0,3880.0,0,,0.052853926860246404,0,random_forest
SH-MC-05-2025050116,2025-05-01 16:00:00,LINE-B,MC-05,PRD-D,5,37700.0,3880.0,0,,0.05457505656931509,0,random_forest
SH-MC-05-2025050200,2025-05-02 00:00:00,LINE-B,MC-05,PRD-D,5,37700.0,3880.0,0,,0.05891605755120414,0,random_forest
SH-MC-05-2025050208,2025-05-02 08:00:00,LINE-B,MC-05,PRD-D,5,37700.0,3880.0,0,,0.06666800514163902,0,random_forest
SH-MC-05-2025050216,2025-05-02 16:00:00,LINE-B,MC-05,PRD-D,5,37700.0,3880.0,0,,0.05878458921622883,0,random_forest
SH-MC-05-2025050300,2025-05-03 00:00:00,LINE-B,MC-05,PRD-A,5,37700.0,3880.0,0,,0.08473532960266571,0,random_forest
SH-MC-05-2025050308,2025-05-03 08:00:00,LINE-B,MC-05,PRD-A,5,37700.0,3880.0,0,,0.06833384894154766,0,random_forest
SH-MC-05-2025050316,2025-05-03 16:00:00,LINE-B,MC-05,PRD-A,5,37700.0,3880.0,0,,0.09346013727787138,0,random_forest
SH-MC-05-2025050400,2025-05-04 00:00:00,LINE-B,MC-05,PRD-A,5,37700.0,3880.0,0,,0.09933844928784381,0,random_forest
SH-MC-05-2025050408,2025-05-04 08:00:00,LINE-B,MC-05,PRD-A,5,37700.0,3880.0,0,,0.11839707036901054,0,random_forest
SH-MC-05-2025050416,2025-05-04 16:00:00,LINE-B,MC-05,PRD-A,5,37700.0,3880.0,0,,0.15802096126723084,1,random_forest
SH-MC-05-2025050500,2025-05-05 00:00:00,LINE-B,MC-05,PRD-B,5,37700.0,3880.0,0,,0.1594763782171163,1,random_forest
SH-MC-05-2025050508,2025-05-05 08:00:00,LINE-B,MC-05,PRD-B,5,37700.0,3880.0,0,,0.2098013515065716,1,random_forest
SH-MC-05-2025050516,2025-05-05 16:00:00,LINE-B,MC-05,PRD-B,5,37700.0,3880.0,0,,0.23684841851126573,1,random_forest
SH-MC-05-2025050600,2025-05-06 00:00:00,LINE-B,MC-05,PRD-B,5,37700.0,3880.0,0,,0.2117498403929094,1,random_forest
SH-MC-05-2025050608,2025-05-06 08:00:00,LINE-B,MC-05,PRD-B,5,37700.0,3880.0,0,,0.2269032297267608,1,random_forest
SH-MC-05-2025050616,2025-05-06 16:00:00,LINE-B,MC-05,PRD-B,5,37700.0,3880.0,0,,0.2719850447826274,1,random_forest
SH-MC-05-2025050700,2025-05-07 00:00:00,LINE-B,MC-05,PRD-C,5,37700.0,3880.0,0,,0.2792770068362212,1,random_forest
SH-MC-05-2025050708,2025-05-07 08:00:00,LINE-B,MC-05,PRD-C,5,37700.0,3880.0,1,24.0,0.30021190686793003,1,random_forest
SH-MC-05-2025050716,2025-05-07 16:00:00,LINE-B,MC-05,PRD-C,5,37700.0,3880.0,1,16.0,0.34952708869025256,1,random_forest
SH-MC-05-2025050800,2025-05-08 00:00:00,LINE-B,MC-05,PRD-C,5,37700.0,3880.0,1,8.0,0.4249497902619857,1,random_forest
SH-MC-05-2025050808,2025-05-08 08:00:00,LINE-B,MC-05,PRD-C,5,37700.0,3880.0,0,,0.4382713182359055,1,random_forest
SH-MC-05-2025050816,2025-05-08 16:00:00,LINE-B,MC-05,PRD-C,5,37700.0,3880.0,0,,0.06983446931104777,0,random_forest
SH-MC-05-2025050900,2025-05-09 00:00:00,LINE-B,MC-05,PRD-D,5,37700.0,3880.0,0,,0.06054970416121444,0,random_forest
SH-MC-05-2025050908,2025-05-09 08:00:00,LINE-B,MC-05,PRD-D,5,37700.0,3880.0,0,,0.07485013359663767,0,random_forest
SH-MC-05-2025050916,2025-05-09 16:00:00,LINE-B,MC-05,PRD-D,5,37700.0,3880.0,0,,0.06369943586434862,0,random_forest
SH-MC-05-2025051000,2025-05-10 00:00:00,LINE-B,MC-05,PRD-D,5,37700.0,3880.0,0,,0.06817521037227012,0,random_forest
SH-MC-05-2025051008,2025-05-10 08:00:00,LINE-B,MC-05,PRD-D,5,37700.0,3880.0,0,,0.08561386741278784,0,random_forest
SH-MC-05-2025051016,2025-05-10 16:00:00,LINE-B,MC-05,PRD-D,5,37700.0,3880.0,0,,0.0833954869735064,0,random_forest
SH-MC-05-2025051100,2025-05-11 00:00:00,LINE-B,MC-05,PRD-A,5,37700.0,3880.0,1,24.0,0.08559944506782205,0,random_forest
SH-MC-05-2025051108,2025-05-11 08:00:00,LINE-B,MC-05,PRD-A,5,37700.0,3880.0,1,16.0,0.08567102243483825,0,random_forest
SH-MC-05-2025051116,2025-05-11 16:00:00,LINE-B,MC-05,PRD-A,5,37700.0,3880.0,1,8.0,0.2077779793870372,1,random_forest
SH-MC-05-2025051200,2025-05-12 00:00:00,LINE-B,MC-05,PRD-A,5,37700.0,3880.0,0,,0.1281844255693144,0,random_forest
SH-MC-05-2025051208,2025-05-12 08:00:00,LINE-B,MC-05,PRD-A,5,37700.0,3880.0,0,,0.04893202215102525,0,random_forest
SH-MC-05-2025051216,2025-05-12 16:00:00,LINE-B,MC-05,PRD-A,5,37700.0,3880.0,0,,0.051562006492681965,0,random_forest
SH-MC-05-2025051300,2025-05-13 00:00:00,LINE-B,MC-05,PRD-B,5,37700.0,3880.0,0,,0.06554081394518395,0,random_forest
SH-MC-05-2025051308,2025-05-13 08:00:00,LINE-B,MC-05,PRD-B,5,37700.0,3880.0,0,,0.06674609812012171,0,random_forest
SH-MC-05-2025051316,2025-05-13 16:00:00,LINE-B,MC-05,PRD-B,5,37700.0,3880.0,0,,0.057628204996678235,0,random_forest
SH-MC-05-2025051400,2025-05-14 00:00:00,LINE-B,MC-05,PRD-B,5,37700.0,3880.0,0,,0.05582576990187941,0,random_forest
SH-MC-05-2025051408,2025-05-14 08:00:00,LINE-B,MC-05,PRD-B,5,37700.0,3880.0,0,,0.06610741760872994,0,random_forest
SH-MC-05-2025051416,2025-05-14 16:00:00,LINE-B,MC-05,PRD-B,5,37700.0,3880.0,0,,0.0837979999319207,0,random_forest
SH-MC-05-2025051500,2025-05-15 00:00:00,LINE-B,MC-05,PRD-C,5,37700.0,3880.0,0,,0.07488852280764989,0,random_forest
SH-MC-05-2025051508,2025-05-15 08:00:00,LINE-B,MC-05,PRD-C,5,37700.0,3880.0,0,,0.07152325716696324,0,random_forest
SH-MC-05-2025051516,2025-05-15 16:00:00,LINE-B,MC-05,PRD-C,5,37700.0,3880.0,0,,0.0877088880277354,0,random_forest
SH-MC-05-2025051600,2025-05-16 00:00:00,LINE-B,MC-05,PRD-C,5,37700.0,3880.0,0,,0.09421645434897832,0,random_forest
SH-MC-05-2025051608,2025-05-16 08:00:00,LINE-B,MC-05,PRD-C,5,37700.0,3880.0,0,,0.13090392658361763,0,random_forest
SH-MC-05-2025051616,2025-05-16 16:00:00,LINE-B,MC-05,PRD-C,5,37700.0,3880.0,0,,0.18576599332909724,1,random_forest
SH-MC-05-2025051700,2025-05-17 00:00:00,LINE-B,MC-05,PRD-D,5,37700.0,3880.0,0,,0.19316878905671972,1,random_forest
SH-MC-05-2025051708,2025-05-17 08:00:00,LINE-B,MC-05,PRD-D,5,37700.0,3880.0,0,,0.19122488094720658,1,random_forest
SH-MC-05-2025051716,2025-05-17 16:00:00,LINE-B,MC-05,PRD-D,5,37700.0,3880.0,0,,0.21792348034451753,1,random_forest
SH-MC-05-2025051800,2025-05-18 00:00:00,LINE-B,MC-05,PRD-D,5,37700.0,3880.0,0,,0.251618627433779,1,random_forest
SH-MC-05-2025051808,2025-05-18 08:00:00,LINE-B,MC-05,PRD-D,5,37700.0,3880.0,0,,0.3069092536214012,1,random_forest
SH-MC-05-2025051816,2025-05-18 16:00:00,LINE-B,MC-05,PRD-D,5,37700.0,3880.0,0,,0.2638466982356502,1,random_forest
SH-MC-05-2025051900,2025-05-19 00:00:00,LINE-B,MC-05,PRD-A,5,37700.0,3880.0,1,24.0,0.33174923256849775,1,random_forest
SH-MC-05-2025051908,2025-05-19 08:00:00,LINE-B,MC-05,PRD-A,5,37700.0,3880.0,1,16.0,0.28092849772729944,1,random_forest
SH-MC-05-2025051916,2025-05-19 16:00:00,LINE-B,MC-05,PRD-A,5,37700.0,3880.0,1,8.0,0.32283877203410055,1,random_forest
SH-MC-05-2025052000,2025-05-20 00:00:00,LINE-B,MC-05,PRD-A,5,37700.0,3880.0,0,,0.4897096987244949,1,random_forest
SH-MC-05-2025052008,2025-05-20 08:00:00,LINE-B,MC-05,PRD-A,5,37700.0,3880.0,0,,0.06257239844484128,0,random_forest
SH-MC-05-2025052016,2025-05-20 16:00:00,LINE-B,MC-05,PRD-A,5,37700.0,3880.0,0,,0.056110541195575764,0,random_forest
SH-MC-05-2025052100,2025-05-21 00:00:00,LINE-B,MC-05,PRD-B,5,37700.0,3880.0,0,,0.06558042661692909,0,random_forest
SH-MC-05-2025052108,2025-05-21 08:00:00,LINE-B,MC-05,PRD-B,5,37700.0,3880.0,0,,0.05968984763684851,0,random_forest
SH-MC-05-2025052116,2025-05-21 16:00:00,LINE-B,MC-05,PRD-B,5,37700.0,3880.0,0,,0.06001495428134462,0,random_forest
SH-MC-05-2025052200,2025-05-22 00:00:00,LINE-B,MC-05,PRD-B,5,37700.0,3880.0,0,,0.06245717410298616,0,random_forest
SH-MC-05-2025052208,2025-05-22 08:00:00,LINE-B,MC-05,PRD-B,5,37700.0,3880.0,0,,0.07367658931460482,0,random_forest
SH-MC-05-2025052216,2025-05-22 16:00:00,LINE-B,MC-05,PRD-B,5,37700.0,3880.0,0,,0.08648709952461808,0,random_forest
SH-MC-05-2025052300,2025-05-23 00:00:00,LINE-B,MC-05,PRD-C,5,37700.0,3880.0,0,,0.0998348409628928,0,random_forest
SH-MC-05-2025052308,2025-05-23 08:00:00,LINE-B,MC-05,PRD-C,5,37700.0,3880.0,0,,0.13034417926953742,0,random_forest
SH-MC-05-2025052316,2025-05-23 16:00:00,LINE-B,MC-05,PRD-C,5,37700.0,3880.0,0,,0.17159252264456093,1,random_forest
SH-MC-05-2025052400,2025-05-24 00:00:00,LINE-B,MC-05,PRD-C,5,37700.0,3880.0,0,,0.17173340089244893,1,random_forest
SH-MC-05-2025052408,2025-05-24 08:00:00,LINE-B,MC-05,PRD-C,5,37700.0,3880.0,0,,0.1902851137784459,1,random_forest
SH-MC-05-2025052416,2025-05-24 16:00:00,LINE-B,MC-05,PRD-C,5,37700.0,3880.0,0,,0.15766233975839225,1,random_forest
SH-MC-05-2025052500,2025-05-25 00:00:00,LINE-B,MC-05,PRD-D,5,37700.0,3880.0,0,,0.21462344656770135,1,random_forest
SH-MC-05-2025052508,2025-05-25 08:00:00,LINE-B,MC-05,PRD-D,5,37700.0,3880.0,0,,0.22584319714431828,1,random_forest
SH-MC-05-2025052516,2025-05-25 16:00:00,LINE-B,MC-05,PRD-D,5,37700.0,3880.0,0,,0.256610472215371,1,random_forest
SH-MC-05-2025052600,2025-05-26 00:00:00,LINE-B,MC-05,PRD-D,5,37700.0,3880.0,0,,0.22588736284038902,1,random_forest
SH-MC-05-2025052608,2025-05-26 08:00:00,LINE-B,MC-05,PRD-D,5,37700.0,3880.0,0,,0.36514173422137025,1,random_forest
SH-MC-05-2025052616,2025-05-26 16:00:00,LINE-B,MC-05,PRD-D,5,37700.0,3880.0,1,24.0,0.41240018936313694,1,random_forest
SH-MC-05-2025052700,2025-05-27 00:00:00,LINE-B,MC-05,PRD-A,5,37700.0,3880.0,1,16.0,0.3640618606090524,1,random_forest
SH-MC-05-2025052708,2025-05-27 08:00:00,LINE-B,MC-05,PRD-A,5,37700.0,3880.0,1,8.0,0.4248290514838635,1,random_forest
SH-MC-05-2025052716,2025-05-27 16:00:00,LINE-B,MC-05,PRD-A,5,37700.0,3880.0,0,,0.4508608462673172,1,random_forest
SH-MC-05-2025052800,2025-05-28 00:00:00,LINE-B,MC-05,PRD-A,5,37700.0,3880.0,0,,0.06060282248735338,0,random_forest
SH-MC-05-2025052808,2025-05-28 08:00:00,LINE-B,MC-05,PRD-A,5,37700.0,3880.0,0,,0.05640436916638119,0,random_forest
SH-MC-05-2025052816,2025-05-28 16:00:00,LINE-B,MC-05,PRD-A,5,37700.0,3880.0,0,,0.05093179008662307,0,random_forest
SH-MC-05-2025052900,2025-05-29 00:00:00,LINE-B,MC-05,PRD-B,5,37700.0,3880.0,0,,0.07007941227916564,0,random_forest
SH-MC-05-2025052908,2025-05-29 08:00:00,LINE-B,MC-05,PRD-B,5,37700.0,3880.0,0,,0.055919773784012354,0,random_forest
SH-MC-05-2025052916,2025-05-29 16:00:00,LINE-B,MC-05,PRD-B,5,37700.0,3880.0,0,,0.062178954829017904,0,random_forest
SH-MC-05-2025053000,2025-05-30 00:00:00,LINE-B,MC-05,PRD-B,5,37700.0,3880.0,0,,0.10245670096773934,0,random_forest
SH-MC-05-2025053008,2025-05-30 08:00:00,LINE-B,MC-05,PRD-B,5,37700.0,3880.0,0,,0.08100085065691542,0,random_forest
SH-MC-05-2025053016,2025-05-30 16:00:00,LINE-B,MC-05,PRD-B,5,37700.0,3880.0,0,,0.13666444730465963,0,random_forest
SH-MC-05-2025053100,2025-05-31 00:00:00,LINE-B,MC-05,PRD-C,5,37700.0,3880.0,0,,0.09384951300361852,0,random_forest
SH-MC-05-2025053108,2025-05-31 08:00:00,LINE-B,MC-05,PRD-C,5,37700.0,3880.0,0,,0.15760493864454686,1,random_forest
SH-MC-05-2025053116,2025-05-31 16:00:00,LINE-B,MC-05,PRD-C,5,37700.0,3880.0,0,,0.14948529671606683,1,random_forest
SH-MC-05-2025060100,2025-06-01 00:00:00,LINE-B,MC-05,PRD-C,5,37700.0,3880.0,0,,0.17061598114022022,1,random_forest
SH-MC-05-2025060108,2025-06-01 08:00:00,LINE-B,MC-05,PRD-C,5,37700.0,3880.0,0,,0.14369254062410883,0,random_forest
SH-MC-05-2025060116,2025-06-01 16:00:00,LINE-B,MC-05,PRD-C,5,37700.0,3880.0,1,24.0,0.17717428051849274,1,random_forest
SH-MC-05-2025060200,2025-06-02 00:00:00,LINE-B,MC-05,PRD-D,5,37700.0,3880.0,1,16.0,0.20190962960353437,1,random_forest
SH-MC-05-2025060208,2025-06-02 08:00:00,LINE-B,MC-05,PRD-D,5,37700.0,3880.0,1,8.0,0.2053904367666006,1,random_forest
SH-MC-05-2025060216,2025-06-02 16:00:00,LINE-B,MC-05,PRD-D,5,37700.0,3880.0,0,,0.21360037200238702,1,random_forest
SH-MC-05-2025060300,2025-06-03 00:00:00,LINE-B,MC-05,PRD-D,5,37700.0,3880.0,0,,0.05900858865555133,0,random_forest
SH-MC-05-2025060308,2025-06-03 08:00:00,LINE-B,MC-05,PRD-D,5,37700.0,3880.0,0,,0.059184897974273246,0,random_forest
SH-MC-05-2025060316,2025-06-03 16:00:00,LINE-B,MC-05,PRD-D,5,37700.0,3880.0,0,,0.04694730398673719,0,random_forest
SH-MC-05-2025060400,2025-06-04 00:00:00,LINE-B,MC-05,PRD-A,5,37700.0,3880.0,0,,0.07168106516966571,0,random_forest
SH-MC-05-2025060408,2025-06-04 08:00:00,LINE-B,MC-05,PRD-A,5,37700.0,3880.0,0,,0.06480745827931757,0,random_forest
SH-MC-05-2025060416,2025-06-04 16:00:00,LINE-B,MC-05,PRD-A,5,37700.0,3880.0,0,,0.060289177378225034,0,random_forest
SH-MC-05-2025060500,2025-06-05 00:00:00,LINE-B,MC-05,PRD-A,5,37700.0,3880.0,0,,0.06548395622913306,0,random_forest
SH-MC-05-2025060508,2025-06-05 08:00:00,LINE-B,MC-05,PRD-A,5,37700.0,3880.0,0,,0.0803348935802785,0,random_forest
SH-MC-05-2025060516,2025-06-05 16:00:00,LINE-B,MC-05,PRD-A,5,37700.0,3880.0,0,,0.08947758676242741,0,random_forest
SH-MC-05-2025060600,2025-06-06 00:00:00,LINE-B,MC-05,PRD-B,5,37700.0,3880.0,1,24.0,0.08457126659702847,0,random_forest
SH-MC-05-2025060608,2025-06-06 08:00:00,LINE-B,MC-05,PRD-B,5,37700.0,3880.0,1,16.0,0.09955707116879782,0,random_forest
SH-MC-05-2025060616,2025-06-06 16:00:00,LINE-B,MC-05,PRD-B,5,37700.0,3880.0,1,8.0,0.13186513128214522,0,random_forest
SH-MC-05-2025060700,2025-06-07 00:00:00,LINE-B,MC-05,PRD-B,5,37700.0,3880.0,0,,0.1844695328540309,1,random_forest
SH-MC-05-2025060708,2025-06-07 08:00:00,LINE-B,MC-05,PRD-B,5,37700.0,3880.0,0,,0.05018323655471176,0,random_forest
SH-MC-05-2025060716,2025-06-07 16:00:00,LINE-B,MC-05,PRD-B,5,37700.0,3880.0,0,,0.054949969722205186,0,random_forest
SH-MC-05-2025060800,2025-06-08 00:00:00,LINE-B,MC-05,PRD-C,5,37700.0,3880.0,0,,0.06464538228327328,0,random_forest
SH-MC-05-2025060808,2025-06-08 08:00:00,LINE-B,MC-05,PRD-C,5,37700.0,3880.0,1,24.0,0.051315931760423615,0,random_forest
SH-MC-05-2025060816,2025-06-08 16:00:00,LINE-B,MC-05,PRD-C,5,37700.0,3880.0,1,16.0,0.05541560283147403,0,random_forest
SH-MC-05-2025060900,2025-06-09 00:00:00,LINE-B,MC-05,PRD-C,5,37700.0,3880.0,1,8.0,0.05625542306018452,0,random_forest
SH-MC-05-2025060908,2025-06-09 08:00:00,LINE-B,MC-05,PRD-C,5,37700.0,3880.0,0,,0.06680761409047409,0,random_forest
SH-MC-05-2025060916,2025-06-09 16:00:00,LINE-B,MC-05,PRD-C,5,37700.0,3880.0,0,,0.05681693252283705,0,random_forest
SH-MC-05-2025061000,2025-06-10 00:00:00,LINE-B,MC-05,PRD-D,5,37700.0,3880.0,0,,0.04972067476707659,0,random_forest
SH-MC-05-2025061008,2025-06-10 08:00:00,LINE-B,MC-05,PRD-D,5,37700.0,3880.0,0,,0.05408449736635108,0,random_forest
SH-MC-05-2025061016,2025-06-10 16:00:00,LINE-B,MC-05,PRD-D,5,37700.0,3880.0,0,,0.05577822302046293,0,random_forest
SH-MC-05-2025061100,2025-06-11 00:00:00,LINE-B,MC-05,PRD-D,5,37700.0,3880.0,0,,0.059602285926020106,0,random_forest
SH-MC-05-2025061108,2025-06-11 08:00:00,LINE-B,MC-05,PRD-D,5,37700.0,3880.0,0,,0.05765552855878398,0,random_forest
SH-MC-05-2025061116,2025-06-11 16:00:00,LINE-B,MC-05,PRD-D,5,37700.0,3880.0,0,,0.051802889043199796,0,random_forest
SH-MC-05-2025061200,2025-06-12 00:00:00,LINE-B,MC-05,PRD-A,5,37700.0,3880.0,0,,0.06629513420448908,0,random_forest
SH-MC-05-2025061208,2025-06-12 08:00:00,LINE-B,MC-05,PRD-A,5,37700.0,3880.0,0,,0.06703326761369505,0,random_forest
SH-MC-05-2025061216,2025-06-12 16:00:00,LINE-B,MC-05,PRD-A,5,37700.0,3880.0,0,,0.05640383118304858,0,random_forest
SH-MC-05-2025061300,2025-06-13 00:00:00,LINE-B,MC-05,PRD-A,5,37700.0,3880.0,0,,0.07479915692122058,0,random_forest
SH-MC-05-2025061308,2025-06-13 08:00:00,LINE-B,MC-05,PRD-A,5,37700.0,3880.0,0,,0.06667233363114601,0,random_forest
SH-MC-05-2025061316,2025-06-13 16:00:00,LINE-B,MC-05,PRD-A,5,37700.0,3880.0,0,,0.10519223860181957,0,random_forest
SH-MC-05-2025061400,2025-06-14 00:00:00,LINE-B,MC-05,PRD-B,5,37700.0,3880.0,0,,0.09020489506705684,0,random_forest
SH-MC-05-2025061408,2025-06-14 08:00:00,LINE-B,MC-05,PRD-B,5,37700.0,3880.0,0,,0.11953688052883327,0,random_forest
SH-MC-05-2025061416,2025-06-14 16:00:00,LINE-B,MC-05,PRD-B,5,37700.0,3880.0,0,,0.14402075544411588,0,random_forest
SH-MC-05-2025061500,2025-06-15 00:00:00,LINE-B,MC-05,PRD-B,5,37700.0,3880.0,0,,0.19465662703753037,1,random_forest
SH-MC-05-2025061508,2025-06-15 08:00:00,LINE-B,MC-05,PRD-B,5,37700.0,3880.0,0,,0.15541959683320147,1,random_forest
SH-MC-05-2025061516,2025-06-15 16:00:00,LINE-B,MC-05,PRD-B,5,37700.0,3880.0,0,,0.19209018331754876,1,random_forest
SH-MC-05-2025061600,2025-06-16 00:00:00,LINE-B,MC-05,PRD-C,5,37700.0,3880.0,0,,0.13249942344399357,0,random_forest
SH-MC-05-2025061608,2025-06-16 08:00:00,LINE-B,MC-05,PRD-C,5,37700.0,3880.0,0,,0.21203978005892204,1,random_forest
SH-MC-05-2025061616,2025-06-16 16:00:00,LINE-B,MC-05,PRD-C,5,37700.0,3880.0,0,,0.18473498196414148,1,random_forest
SH-MC-05-2025061700,2025-06-17 00:00:00,LINE-B,MC-05,PRD-C,5,37700.0,3880.0,1,24.0,0.2490455564338645,1,random_forest
SH-MC-05-2025061708,2025-06-17 08:00:00,LINE-B,MC-05,PRD-C,5,37700.0,3880.0,1,16.0,0.22987229281217164,1,random_forest
SH-MC-05-2025061716,2025-06-17 16:00:00,LINE-B,MC-05,PRD-C,5,37700.0,3880.0,1,8.0,0.35266550818162257,1,random_forest
SH-MC-05-2025061800,2025-06-18 00:00:00,LINE-B,MC-05,PRD-D,5,37700.0,3880.0,0,,0.4141771705148726,1,random_forest
SH-MC-05-2025061808,2025-06-18 08:00:00,LINE-B,MC-05,PRD-D,5,37700.0,3880.0,0,,0.05608667361228977,0,random_forest
SH-MC-05-2025061816,2025-06-18 16:00:00,LINE-B,MC-05,PRD-D,5,37700.0,3880.0,0,,0.04929965984925851,0,random_forest
SH-MC-05-2025061900,2025-06-19 00:00:00,LINE-B,MC-05,PRD-D,5,37700.0,3880.0,0,,0.046524210450711014,0,random_forest
SH-MC-05-2025061908,2025-06-19 08:00:00,LINE-B,MC-05,PRD-D,5,37700.0,3880.0,0,,0.04769477821038188,0,random_forest
SH-MC-05-2025061916,2025-06-19 16:00:00,LINE-B,MC-05,PRD-D,5,37700.0,3880.0,0,,0.05347856081508375,0,random_forest
SH-MC-05-2025062000,2025-06-20 00:00:00,LINE-B,MC-05,PRD-A,5,37700.0,3880.0,0,,0.0574235578279153,0,random_forest
SH-MC-05-2025062008,2025-06-20 08:00:00,LINE-B,MC-05,PRD-A,5,37700.0,3880.0,0,,0.0586321533308513,0,random_forest
SH-MC-05-2025062016,2025-06-20 16:00:00,LINE-B,MC-05,PRD-A,5,37700.0,3880.0,0,,0.06786367985268131,0,random_forest
SH-MC-05-2025062100,2025-06-21 00:00:00,LINE-B,MC-05,PRD-A,5,37700.0,3880.0,1,24.0,0.0654256513364525,0,random_forest
SH-MC-05-2025062108,2025-06-21 08:00:00,LINE-B,MC-05,PRD-A,5,37700.0,3880.0,1,16.0,0.09158337090320044,0,random_forest
SH-MC-05-2025062116,2025-06-21 16:00:00,LINE-B,MC-05,PRD-A,5,37700.0,3880.0,1,8.0,0.1404889205031861,0,random_forest
SH-MC-05-2025062200,2025-06-22 00:00:00,LINE-B,MC-05,PRD-B,5,37700.0,3880.0,0,,0.1453182725800521,0,random_forest
SH-MC-05-2025062208,2025-06-22 08:00:00,LINE-B,MC-05,PRD-B,5,37700.0,3880.0,0,,0.04449336120139671,0,random_forest
SH-MC-05-2025062216,2025-06-22 16:00:00,LINE-B,MC-05,PRD-B,5,37700.0,3880.0,0,,0.041558385924189804,0,random_forest
SH-MC-05-2025062300,2025-06-23 00:00:00,LINE-B,MC-05,PRD-B,5,37700.0,3880.0,0,,0.04366484910080525,0,random_forest
SH-MC-05-2025062308,2025-06-23 08:00:00,LINE-B,MC-05,PRD-B,5,37700.0,3880.0,0,,0.05103332716012972,0,random_forest
SH-MC-05-2025062316,2025-06-23 16:00:00,LINE-B,MC-05,PRD-B,5,37700.0,3880.0,0,,0.04780701027062563,0,random_forest
SH-MC-05-2025062400,2025-06-24 00:00:00,LINE-B,MC-05,PRD-C,5,37700.0,3880.0,0,,0.052473143210868094,0,random_forest
SH-MC-05-2025062408,2025-06-24 08:00:00,LINE-B,MC-05,PRD-C,5,37700.0,3880.0,0,,0.046408160274623037,0,random_forest
SH-MC-05-2025062416,2025-06-24 16:00:00,LINE-B,MC-05,PRD-C,5,37700.0,3880.0,0,,0.06688237627523806,0,random_forest
SH-MC-05-2025062500,2025-06-25 00:00:00,LINE-B,MC-05,PRD-C,5,37700.0,3880.0,0,,0.05725321282658182,0,random_forest
SH-MC-05-2025062508,2025-06-25 08:00:00,LINE-B,MC-05,PRD-C,5,37700.0,3880.0,0,,0.06815387063998879,0,random_forest
SH-MC-05-2025062516,2025-06-25 16:00:00,LINE-B,MC-05,PRD-C,5,37700.0,3880.0,0,,0.08407888250565128,0,random_forest
SH-MC-05-2025062600,2025-06-26 00:00:00,LINE-B,MC-05,PRD-D,5,37700.0,3880.0,0,,0.07312341922523871,0,random_forest
SH-MC-05-2025062608,2025-06-26 08:00:00,LINE-B,MC-05,PRD-D,5,37700.0,3880.0,0,,0.08419541032144015,0,random_forest
SH-MC-05-2025062616,2025-06-26 16:00:00,LINE-B,MC-05,PRD-D,5,37700.0,3880.0,0,,0.1037531644361433,0,random_forest
SH-MC-05-2025062700,2025-06-27 00:00:00,LINE-B,MC-05,PRD-D,5,37700.0,3880.0,0,,0.1975953751800278,1,random_forest
SH-MC-05-2025062708,2025-06-27 08:00:00,LINE-B,MC-05,PRD-D,5,37700.0,3880.0,0,,0.22478711054301842,1,random_forest
SH-MC-05-2025062716,2025-06-27 16:00:00,LINE-B,MC-05,PRD-D,5,37700.0,3880.0,0,,0.22828959190655057,1,random_forest
SH-MC-05-2025062800,2025-06-28 00:00:00,LINE-B,MC-05,PRD-A,5,37700.0,3880.0,0,,0.20268170694063808,1,random_forest
SH-MC-05-2025062808,2025-06-28 08:00:00,LINE-B,MC-05,PRD-A,5,37700.0,3880.0,0,,0.2183419508244969,1,random_forest
SH-MC-05-2025062816,2025-06-28 16:00:00,LINE-B,MC-05,PRD-A,5,37700.0,3880.0,0,,0.24097172076542683,1,random_forest
SH-MC-05-2025062900,2025-06-29 00:00:00,LINE-B,MC-05,PRD-A,5,37700.0,3880.0,0,,0.22351993683755353,1,random_forest
SH-MC-05-2025062908,2025-06-29 08:00:00,LINE-B,MC-05,PRD-A,5,37700.0,3880.0,0,,0.29801700567708167,1,random_forest
SH-MC-05-2025062916,2025-06-29 16:00:00,LINE-B,MC-05,PRD-A,5,37700.0,3880.0,1,24.0,0.2789684094684845,1,random_forest
SH-MC-06-2025030100,2025-03-01 00:00:00,LINE-B,MC-06,PRD-B,3,26700.0,3220.0,0,,0.31006355676926345,1,random_forest
SH-MC-06-2025030108,2025-03-01 08:00:00,LINE-B,MC-06,PRD-B,3,26700.0,3220.0,1,24.0,0.4247384165574301,1,random_forest
SH-MC-06-2025030116,2025-03-01 16:00:00,LINE-B,MC-06,PRD-B,3,26700.0,3220.0,1,16.0,0.4369468943391442,1,random_forest
SH-MC-06-2025030200,2025-03-02 00:00:00,LINE-B,MC-06,PRD-C,3,26700.0,3220.0,1,8.0,0.46072580209285563,1,random_forest
SH-MC-06-2025030208,2025-03-02 08:00:00,LINE-B,MC-06,PRD-C,3,26700.0,3220.0,0,,0.54844168428628,1,random_forest
SH-MC-06-2025030216,2025-03-02 16:00:00,LINE-B,MC-06,PRD-C,3,26700.0,3220.0,0,,0.0677453255124717,0,random_forest
SH-MC-06-2025030300,2025-03-03 00:00:00,LINE-B,MC-06,PRD-C,3,26700.0,3220.0,0,,0.08367167205101986,0,random_forest
SH-MC-06-2025030308,2025-03-03 08:00:00,LINE-B,MC-06,PRD-C,3,26700.0,3220.0,0,,0.08218594216860067,0,random_forest
SH-MC-06-2025030316,2025-03-03 16:00:00,LINE-B,MC-06,PRD-C,3,26700.0,3220.0,0,,0.1087876442876638,0,random_forest
SH-MC-06-2025030400,2025-03-04 00:00:00,LINE-B,MC-06,PRD-D,3,26700.0,3220.0,0,,0.1410267650567349,0,random_forest
SH-MC-06-2025030408,2025-03-04 08:00:00,LINE-B,MC-06,PRD-D,3,26700.0,3220.0,0,,0.08428434166075226,0,random_forest
SH-MC-06-2025030416,2025-03-04 16:00:00,LINE-B,MC-06,PRD-D,3,26700.0,3220.0,0,,0.12932719445059437,0,random_forest
SH-MC-06-2025030500,2025-03-05 00:00:00,LINE-B,MC-06,PRD-D,3,26700.0,3220.0,0,,0.1828984312906386,1,random_forest
SH-MC-06-2025030508,2025-03-05 08:00:00,LINE-B,MC-06,PRD-D,3,26700.0,3220.0,0,,0.15484038442313114,1,random_forest
SH-MC-06-2025030516,2025-03-05 16:00:00,LINE-B,MC-06,PRD-D,3,26700.0,3220.0,0,,0.15427752511044657,1,random_forest
SH-MC-06-2025030600,2025-03-06 00:00:00,LINE-B,MC-06,PRD-A,3,26700.0,3220.0,0,,0.22976704867527467,1,random_forest
SH-MC-06-2025030608,2025-03-06 08:00:00,LINE-B,MC-06,PRD-A,3,26700.0,3220.0,0,,0.19502360769388996,1,random_forest
SH-MC-06-2025030616,2025-03-06 16:00:00,LINE-B,MC-06,PRD-A,3,26700.0,3220.0,0,,0.23869166754270915,1,random_forest
SH-MC-06-2025030700,2025-03-07 00:00:00,LINE-B,MC-06,PRD-A,3,26700.0,3220.0,0,,0.27723592043549666,1,random_forest
SH-MC-06-2025030708,2025-03-07 08:00:00,LINE-B,MC-06,PRD-A,3,26700.0,3220.0,0,,0.24804833353143538,1,random_forest
SH-MC-06-2025030716,2025-03-07 16:00:00,LINE-B,MC-06,PRD-A,3,26700.0,3220.0,0,,0.2846151119660663,1,random_forest
SH-MC-06-2025030800,2025-03-08 00:00:00,LINE-B,MC-06,PRD-B,3,26700.0,3220.0,0,,0.30163723533581127,1,random_forest
SH-MC-06-2025030808,2025-03-08 08:00:00,LINE-B,MC-06,PRD-B,3,26700.0,3220.0,0,,0.3449097853924385,1,random_forest
SH-MC-06-2025030816,2025-03-08 16:00:00,LINE-B,MC-06,PRD-B,3,26700.0,3220.0,0,,0.28513767822243746,1,random_forest
SH-MC-06-2025030900,2025-03-09 00:00:00,LINE-B,MC-06,PRD-B,3,26700.0,3220.0,1,24.0,0.3644656095132375,1,random_forest
SH-MC-06-2025030908,2025-03-09 08:00:00,LINE-B,MC-06,PRD-B,3,26700.0,3220.0,1,16.0,0.3250804011202544,1,random_forest
SH-MC-06-2025030916,2025-03-09 16:00:00,LINE-B,MC-06,PRD-B,3,26700.0,3220.0,1,8.0,0.42120780182965206,1,random_forest
SH-MC-06-2025031000,2025-03-10 00:00:00,LINE-B,MC-06,PRD-C,3,26700.0,3220.0,0,,0.4305444846083479,1,random_forest
SH-MC-06-2025031008,2025-03-10 08:00:00,LINE-B,MC-06,PRD-C,3,26700.0,3220.0,0,,0.08048345647923966,0,random_forest
SH-MC-06-2025031016,2025-03-10 16:00:00,LINE-B,MC-06,PRD-C,3,26700.0,3220.0,0,,0.09368632238090543,0,random_forest
SH-MC-06-2025031100,2025-03-11 00:00:00,LINE-B,MC-06,PRD-C,3,26700.0,3220.0,0,,0.09252405268740732,0,random_forest
SH-MC-06-2025031108,2025-03-11 08:00:00,LINE-B,MC-06,PRD-C,3,26700.0,3220.0,0,,0.08749713493306721,0,random_forest
SH-MC-06-2025031116,2025-03-11 16:00:00,LINE-B,MC-06,PRD-C,3,26700.0,3220.0,0,,0.12771877733542714,0,random_forest
SH-MC-06-2025031200,2025-03-12 00:00:00,LINE-B,MC-06,PRD-D,3,26700.0,3220.0,0,,0.11926040024335528,0,random_forest
SH-MC-06-2025031208,2025-03-12 08:00:00,LINE-B,MC-06,PRD-D,3,26700.0,3220.0,0,,0.1640334162865656,1,random_forest
SH-MC-06-2025031216,2025-03-12 16:00:00,LINE-B,MC-06,PRD-D,3,26700.0,3220.0,0,,0.17290058760635665,1,random_forest
SH-MC-06-2025031300,2025-03-13 00:00:00,LINE-B,MC-06,PRD-D,3,26700.0,3220.0,0,,0.15536233012928372,1,random_forest
SH-MC-06-2025031308,2025-03-13 08:00:00,LINE-B,MC-06,PRD-D,3,26700.0,3220.0,0,,0.17553576441714097,1,random_forest
SH-MC-06-2025031316,2025-03-13 16:00:00,LINE-B,MC-06,PRD-D,3,26700.0,3220.0,0,,0.19417927009151406,1,random_forest
SH-MC-06-2025031400,2025-03-14 00:00:00,LINE-B,MC-06,PRD-A,3,26700.0,3220.0,0,,0.2046879158537458,1,random_forest
SH-MC-06-2025031408,2025-03-14 08:00:00,LINE-B,MC-06,PRD-A,3,26700.0,3220.0,0,,0.2636727583944496,1,random_forest
SH-MC-06-2025031416,2025-03-14 16:00:00,LINE-B,MC-06,PRD-A,3,26700.0,3220.0,0,,0.2483096148831054,1,random_forest
SH-MC-06-2025031500,2025-03-15 00:00:00,LINE-B,MC-06,PRD-A,3,26700.0,3220.0,1,24.0,0.23681842359286404,1,random_forest
SH-MC-06-2025031508,2025-03-15 08:00:00,LINE-B,MC-06,PRD-A,3,26700.0,3220.0,1,16.0,0.2569555181652101,1,random_forest
SH-MC-06-2025031516,2025-03-15 16:00:00,LINE-B,MC-06,PRD-A,3,26700.0,3220.0,1,8.0,0.2497118528404637,1,random_forest
SH-MC-06-2025031600,2025-03-16 00:00:00,LINE-B,MC-06,PRD-B,3,26700.0,3220.0,0,,0.28001460895701696,1,random_forest
SH-MC-06-2025031608,2025-03-16 08:00:00,LINE-B,MC-06,PRD-B,3,26700.0,3220.0,0,,0.06454929793113351,0,random_forest
SH-MC-06-2025031616,2025-03-16 16:00:00,LINE-B,MC-06,PRD-B,3,26700.0,3220.0,0,,0.06911445838794288,0,random_forest
SH-MC-06-2025031700,2025-03-17 00:00:00,LINE-B,MC-06,PRD-B,3,26700.0,3220.0,0,,0.09586737427509741,0,random_forest
SH-MC-06-2025031708,2025-03-17 08:00:00,LINE-B,MC-06,PRD-B,3,26700.0,3220.0,0,,0.11144932393582936,0,random_forest
SH-MC-06-2025031716,2025-03-17 16:00:00,LINE-B,MC-06,PRD-B,3,26700.0,3220.0,0,,0.08732870967513796,0,random_forest
SH-MC-06-2025031800,2025-03-18 00:00:00,LINE-B,MC-06,PRD-C,3,26700.0,3220.0,0,,0.10285925331440789,0,random_forest
SH-MC-06-2025031808,2025-03-18 08:00:00,LINE-B,MC-06,PRD-C,3,26700.0,3220.0,0,,0.13454766847313798,0,random_forest
SH-MC-06-2025031816,2025-03-18 16:00:00,LINE-B,MC-06,PRD-C,3,26700.0,3220.0,0,,0.1104458512259665,0,random_forest
SH-MC-06-2025031900,2025-03-19 00:00:00,LINE-B,MC-06,PRD-C,3,26700.0,3220.0,0,,0.09164737761259255,0,random_forest
SH-MC-06-2025031908,2025-03-19 08:00:00,LINE-B,MC-06,PRD-C,3,26700.0,3220.0,0,,0.10274842719019797,0,random_forest
SH-MC-06-2025031916,2025-03-19 16:00:00,LINE-B,MC-06,PRD-C,3,26700.0,3220.0,0,,0.146045416613923,0,random_forest
SH-MC-06-2025032000,2025-03-20 00:00:00,LINE-B,MC-06,PRD-D,3,26700.0,3220.0,0,,0.13239387784441126,0,random_forest
SH-MC-06-2025032008,2025-03-20 08:00:00,LINE-B,MC-06,PRD-D,3,26700.0,3220.0,0,,0.2120177481540352,1,random_forest
SH-MC-06-2025032016,2025-03-20 16:00:00,LINE-B,MC-06,PRD-D,3,26700.0,3220.0,0,,0.2640715661481331,1,random_forest
SH-MC-06-2025032100,2025-03-21 00:00:00,LINE-B,MC-06,PRD-D,3,26700.0,3220.0,0,,0.17296668267355564,1,random_forest
SH-MC-06-2025032108,2025-03-21 08:00:00,LINE-B,MC-06,PRD-D,3,26700.0,3220.0,0,,0.23368093739729048,1,random_forest
SH-MC-06-2025032116,2025-03-21 16:00:00,LINE-B,MC-06,PRD-D,3,26700.0,3220.0,0,,0.30273697067274924,1,random_forest
SH-MC-06-2025032200,2025-03-22 00:00:00,LINE-B,MC-06,PRD-A,3,26700.0,3220.0,0,,0.32890917631445965,1,random_forest
SH-MC-06-2025032208,2025-03-22 08:00:00,LINE-B,MC-06,PRD-A,3,26700.0,3220.0,0,,0.23769916173180794,1,random_forest
SH-MC-06-2025032216,2025-03-22 16:00:00,LINE-B,MC-06,PRD-A,3,26700.0,3220.0,0,,0.3672900201878261,1,random_forest
SH-MC-06-2025032300,2025-03-23 00:00:00,LINE-B,MC-06,PRD-A,3,26700.0,3220.0,0,,0.2515496471537384,1,random_forest
SH-MC-06-2025032308,2025-03-23 08:00:00,LINE-B,MC-06,PRD-A,3,26700.0,3220.0,1,24.0,0.40895951213408854,1,random_forest
SH-MC-06-2025032316,2025-03-23 16:00:00,LINE-B,MC-06,PRD-A,3,26700.0,3220.0,1,16.0,0.3220583233006723,1,random_forest
SH-MC-06-2025032400,2025-03-24 00:00:00,LINE-B,MC-06,PRD-B,3,26700.0,3220.0,1,8.0,0.3707355108037813,1,random_forest
SH-MC-06-2025032408,2025-03-24 08:00:00,LINE-B,MC-06,PRD-B,3,26700.0,3220.0,0,,0.4428125672549013,1,random_forest
SH-MC-06-2025032416,2025-03-24 16:00:00,LINE-B,MC-06,PRD-B,3,26700.0,3220.0,0,,0.07176821937750709,0,random_forest
SH-MC-06-2025032500,2025-03-25 00:00:00,LINE-B,MC-06,PRD-B,3,26700.0,3220.0,0,,0.08037818267315537,0,random_forest
SH-MC-06-2025032508,2025-03-25 08:00:00,LINE-B,MC-06,PRD-B,3,26700.0,3220.0,0,,0.09259067718599837,0,random_forest
SH-MC-06-2025032516,2025-03-25 16:00:00,LINE-B,MC-06,PRD-B,3,26700.0,3220.0,0,,0.09455629375146866,0,random_forest
SH-MC-06-2025032600,2025-03-26 00:00:00,LINE-B,MC-06,PRD-C,3,26700.0,3220.0,0,,0.10054737899415203,0,random_forest
SH-MC-06-2025032608,2025-03-26 08:00:00,LINE-B,MC-06,PRD-C,3,26700.0,3220.0,0,,0.09582526110741338,0,random_forest
SH-MC-06-2025032616,2025-03-26 16:00:00,LINE-B,MC-06,PRD-C,3,26700.0,3220.0,0,,0.15280148354081663,1,random_forest
SH-MC-06-2025032700,2025-03-27 00:00:00,LINE-B,MC-06,PRD-C,3,26700.0,3220.0,0,,0.15362664488353092,1,random_forest
SH-MC-06-2025032708,2025-03-27 08:00:00,LINE-B,MC-06,PRD-C,3,26700.0,3220.0,0,,0.13582887988086026,0,random_forest
SH-MC-06-2025032716,2025-03-27 16:00:00,LINE-B,MC-06,PRD-C,3,26700.0,3220.0,0,,0.16795696724632436,1,random_forest
SH-MC-06-2025032800,2025-03-28 00:00:00,LINE-B,MC-06,PRD-D,3,26700.0,3220.0,1,24.0,0.2506733146724749,1,random_forest
SH-MC-06-2025032808,2025-03-28 08:00:00,LINE-B,MC-06,PRD-D,3,26700.0,3220.0,1,16.0,0.24531360697030885,1,random_forest
SH-MC-06-2025032816,2025-03-28 16:00:00,LINE-B,MC-06,PRD-D,3,26700.0,3220.0,1,8.0,0.29351255791875325,1,random_forest
SH-MC-06-2025032900,2025-03-29 00:00:00,LINE-B,MC-06,PRD-D,3,26700.0,3220.0,0,,0.30720509023108605,1,random_forest
SH-MC-06-2025032908,2025-03-29 08:00:00,LINE-B,MC-06,PRD-D,3,26700.0,3220.0,0,,0.057384357049898485,0,random_forest
SH-MC-06-2025032916,2025-03-29 16:00:00,LINE-B,MC-06,PRD-D,3,26700.0,3220.0,0,,0.052757424242012546,0,random_forest
SH-MC-06-2025033000,2025-03-30 00:00:00,LINE-B,MC-06,PRD-A,3,26700.0,3220.0,0,,0.08030603159351815,0,random_forest
SH-MC-06-2025033008,2025-03-30 08:00:00,LINE-B,MC-06,PRD-A,3,26700.0,3220.0,0,,0.0784932266537912,0,random_forest
SH-MC-06-2025033016,2025-03-30 16:00:00,LINE-B,MC-06,PRD-A,3,26700.0,3220.0,0,,0.08309556455413847,0,random_forest
SH-MC-06-2025033100,2025-03-31 00:00:00,LINE-B,MC-06,PRD-A,3,26700.0,3220.0,0,,0.09961830600492913,0,random_forest
SH-MC-06-2025033108,2025-03-31 08:00:00,LINE-B,MC-06,PRD-A,3,26700.0,3220.0,0,,0.10543649190667466,0,random_forest
SH-MC-06-2025033116,2025-03-31 16:00:00,LINE-B,MC-06,PRD-A,3,26700.0,3220.0,0,,0.11378005492099397,0,random_forest
SH-MC-06-2025040100,2025-04-01 00:00:00,LINE-B,MC-06,PRD-B,3,26700.0,3220.0,0,,0.20126211387780582,1,random_forest
SH-MC-06-2025040108,2025-04-01 08:00:00,LINE-B,MC-06,PRD-B,3,26700.0,3220.0,0,,0.10644821834232074,0,random_forest
SH-MC-06-2025040116,2025-04-01 16:00:00,LINE-B,MC-06,PRD-B,3,26700.0,3220.0,0,,0.16834398905719505,1,random_forest
SH-MC-06-2025040200,2025-04-02 00:00:00,LINE-B,MC-06,PRD-B,3,26700.0,3220.0,0,,0.15057901524065329,1,random_forest
SH-MC-06-2025040208,2025-04-02 08:00:00,LINE-B,MC-06,PRD-B,3,26700.0,3220.0,0,,0.22744550175381542,1,random_forest
SH-MC-06-2025040216,2025-04-02 16:00:00,LINE-B,MC-06,PRD-B,3,26700.0,3220.0,0,,0.2688180493227019,1,random_forest
SH-MC-06-2025040300,2025-04-03 00:00:00,LINE-B,MC-06,PRD-C,3,26700.0,3220.0,0,,0.15407441231522517,1,random_forest
SH-MC-06-2025040308,2025-04-03 08:00:00,LINE-B,MC-06,PRD-C,3,26700.0,3220.0,0,,0.24532932254453255,1,random_forest
SH-MC-06-2025040316,2025-04-03 16:00:00,LINE-B,MC-06,PRD-C,3,26700.0,3220.0,0,,0.2180370149770988,1,random_forest
SH-MC-06-2025040400,2025-04-04 00:00:00,LINE-B,MC-06,PRD-C,3,26700.0,3220.0,0,,0.2814392683651395,1,random_forest
SH-MC-06-2025040408,2025-04-04 08:00:00,LINE-B,MC-06,PRD-C,3,26700.0,3220.0,0,,0.26192552827982774,1,random_forest
SH-MC-06-2025040416,2025-04-04 16:00:00,LINE-B,MC-06,PRD-C,3,26700.0,3220.0,0,,0.271158023278315,1,random_forest
SH-MC-06-2025040500,2025-04-05 00:00:00,LINE-B,MC-06,PRD-D,3,26700.0,3220.0,0,,0.25517245439983727,1,random_forest
SH-MC-06-2025040508,2025-04-05 08:00:00,LINE-B,MC-06,PRD-D,3,26700.0,3220.0,0,,0.34013699092266564,1,random_forest
SH-MC-06-2025040516,2025-04-05 16:00:00,LINE-B,MC-06,PRD-D,3,26700.0,3220.0,0,,0.4326502808754662,1,random_forest
SH-MC-06-2025040600,2025-04-06 00:00:00,LINE-B,MC-06,PRD-D,3,26700.0,3220.0,0,,0.44448890876378305,1,random_forest
SH-MC-06-2025040608,2025-04-06 08:00:00,LINE-B,MC-06,PRD-D,3,26700.0,3220.0,1,24.0,0.48277852836475377,1,random_forest
SH-MC-06-2025040616,2025-04-06 16:00:00,LINE-B,MC-06,PRD-D,3,26700.0,3220.0,1,16.0,0.4847184549276832,1,random_forest
SH-MC-06-2025040700,2025-04-07 00:00:00,LINE-B,MC-06,PRD-A,3,26700.0,3220.0,1,8.0,0.4965397485440682,1,random_forest
SH-MC-06-2025040708,2025-04-07 08:00:00,LINE-B,MC-06,PRD-A,3,26700.0,3220.0,0,,0.5184389440543338,1,random_forest
SH-MC-06-2025040716,2025-04-07 16:00:00,LINE-B,MC-06,PRD-A,3,26700.0,3220.0,0,,0.06691236157605161,0,random_forest
SH-MC-06-2025040800,2025-04-08 00:00:00,LINE-B,MC-06,PRD-A,3,26700.0,3220.0,0,,0.06698153492821131,0,random_forest
SH-MC-06-2025040808,2025-04-08 08:00:00,LINE-B,MC-06,PRD-A,3,26700.0,3220.0,0,,0.08306488436194756,0,random_forest
SH-MC-06-2025040816,2025-04-08 16:00:00,LINE-B,MC-06,PRD-A,3,26700.0,3220.0,0,,0.0958031927781548,0,random_forest
SH-MC-06-2025040900,2025-04-09 00:00:00,LINE-B,MC-06,PRD-B,3,26700.0,3220.0,0,,0.14956493134259385,1,random_forest
SH-MC-06-2025040908,2025-04-09 08:00:00,LINE-B,MC-06,PRD-B,3,26700.0,3220.0,0,,0.08909570388285332,0,random_forest
SH-MC-06-2025040916,2025-04-09 16:00:00,LINE-B,MC-06,PRD-B,3,26700.0,3220.0,0,,0.21018045304572217,1,random_forest
SH-MC-06-2025041000,2025-04-10 00:00:00,LINE-B,MC-06,PRD-B,3,26700.0,3220.0,0,,0.2027626191614333,1,random_forest
SH-MC-06-2025041008,2025-04-10 08:00:00,LINE-B,MC-06,PRD-B,3,26700.0,3220.0,0,,0.1513194670807754,1,random_forest
SH-MC-06-2025041016,2025-04-10 16:00:00,LINE-B,MC-06,PRD-B,3,26700.0,3220.0,0,,0.23401853277900223,1,random_forest
SH-MC-06-2025041100,2025-04-11 00:00:00,LINE-B,MC-06,PRD-C,3,26700.0,3220.0,0,,0.12479905564525305,0,random_forest
SH-MC-06-2025041108,2025-04-11 08:00:00,LINE-B,MC-06,PRD-C,3,26700.0,3220.0,0,,0.17363229532284483,1,random_forest
SH-MC-06-2025041116,2025-04-11 16:00:00,LINE-B,MC-06,PRD-C,3,26700.0,3220.0,0,,0.21446719188732025,1,random_forest
SH-MC-06-2025041200,2025-04-12 00:00:00,LINE-B,MC-06,PRD-C,3,26700.0,3220.0,0,,0.28020703955497145,1,random_forest
SH-MC-06-2025041208,2025-04-12 08:00:00,LINE-B,MC-06,PRD-C,3,26700.0,3220.0,0,,0.2661846154585274,1,random_forest
SH-MC-06-2025041216,2025-04-12 16:00:00,LINE-B,MC-06,PRD-C,3,26700.0,3220.0,0,,0.2989012905084201,1,random_forest
SH-MC-06-2025041300,2025-04-13 00:00:00,LINE-B,MC-06,PRD-D,3,26700.0,3220.0,0,,0.33208479183756856,1,random_forest
SH-MC-06-2025041308,2025-04-13 08:00:00,LINE-B,MC-06,PRD-D,3,26700.0,3220.0,1,24.0,0.3443193045292166,1,random_forest
SH-MC-06-2025041316,2025-04-13 16:00:00,LINE-B,MC-06,PRD-D,3,26700.0,3220.0,1,16.0,0.3523814142583907,1,random_forest
SH-MC-06-2025041400,2025-04-14 00:00:00,LINE-B,MC-06,PRD-D,3,26700.0,3220.0,1,8.0,0.38676916596387756,1,random_forest
SH-MC-06-2025041408,2025-04-14 08:00:00,LINE-B,MC-06,PRD-D,3,26700.0,3220.0,0,,0.4790755479226023,1,random_forest
SH-MC-06-2025041416,2025-04-14 16:00:00,LINE-B,MC-06,PRD-D,3,26700.0,3220.0,0,,0.06282285954054051,0,random_forest
SH-MC-06-2025041500,2025-04-15 00:00:00,LINE-B,MC-06,PRD-A,3,26700.0,3220.0,0,,0.09466198623010014,0,random_forest
SH-MC-06-2025041508,2025-04-15 08:00:00,LINE-B,MC-06,PRD-A,3,26700.0,3220.0,0,,0.11032121733794856,0,random_forest
SH-MC-06-2025041516,2025-04-15 16:00:00,LINE-B,MC-06,PRD-A,3,26700.0,3220.0,0,,0.0977723298668139,0,random_forest
SH-MC-06-2025041600,2025-04-16 00:00:00,LINE-B,MC-06,PRD-A,3,26700.0,3220.0,0,,0.12660316203468053,0,random_forest
SH-MC-06-2025041608,2025-04-16 08:00:00,LINE-B,MC-06,PRD-A,3,26700.0,3220.0,0,,0.10949184320342889,0,random_forest
SH-MC-06-2025041616,2025-04-16 16:00:00,LINE-B,MC-06,PRD-A,3,26700.0,3220.0,0,,0.14206719920517055,0,random_forest
SH-MC-06-2025041700,2025-04-17 00:00:00,LINE-B,MC-06,PRD-B,3,26700.0,3220.0,0,,0.19928131582077346,1,random_forest
SH-MC-06-2025041708,2025-04-17 08:00:00,LINE-B,MC-06,PRD-B,3,26700.0,3220.0,0,,0.2544766133190375,1,random_forest
SH-MC-06-2025041716,2025-04-17 16:00:00,LINE-B,MC-06,PRD-B,3,26700.0,3220.0,0,,0.19966557860360823,1,random_forest
SH-MC-06-2025041800,2025-04-18 00:00:00,LINE-B,MC-06,PRD-B,3,26700.0,3220.0,0,,0.23373104205277187,1,random_forest
SH-MC-06-2025041808,2025-04-18 08:00:00,LINE-B,MC-06,PRD-B,3,26700.0,3220.0,0,,0.23611937897886173,1,random_forest
SH-MC-06-2025041816,2025-04-18 16:00:00,LINE-B,MC-06,PRD-B,3,26700.0,3220.0,0,,0.24666161385909224,1,random_forest
SH-MC-06-2025041900,2025-04-19 00:00:00,LINE-B,MC-06,PRD-C,3,26700.0,3220.0,0,,0.3141034629079564,1,random_forest
SH-MC-06-2025041908,2025-04-19 08:00:00,LINE-B,MC-06,PRD-C,3,26700.0,3220.0,0,,0.2594847041954587,1,random_forest
SH-MC-06-2025041916,2025-04-19 16:00:00,LINE-B,MC-06,PRD-C,3,26700.0,3220.0,0,,0.3192792715909649,1,random_forest
SH-MC-06-2025042000,2025-04-20 00:00:00,LINE-B,MC-06,PRD-C,3,26700.0,3220.0,0,,0.24177144087576694,1,random_forest
SH-MC-06-2025042008,2025-04-20 08:00:00,LINE-B,MC-06,PRD-C,3,26700.0,3220.0,1,24.0,0.2815890195226279,1,random_forest
SH-MC-06-2025042016,2025-04-20 16:00:00,LINE-B,MC-06,PRD-C,3,26700.0,3220.0,1,16.0,0.2697960093032432,1,random_forest
SH-MC-06-2025042100,2025-04-21 00:00:00,LINE-B,MC-06,PRD-D,3,26700.0,3220.0,1,8.0,0.39315360407862093,1,random_forest
SH-MC-06-2025042108,2025-04-21 08:00:00,LINE-B,MC-06,PRD-D,3,26700.0,3220.0,0,,0.4434938413476298,1,random_forest
SH-MC-06-2025042116,2025-04-21 16:00:00,LINE-B,MC-06,PRD-D,3,26700.0,3220.0,0,,0.058602242006386716,0,random_forest
SH-MC-06-2025042200,2025-04-22 00:00:00,LINE-B,MC-06,PRD-D,3,26700.0,3220.0,0,,0.059820644624623436,0,random_forest
SH-MC-06-2025042208,2025-04-22 08:00:00,LINE-B,MC-06,PRD-D,3,26700.0,3220.0,0,,0.08012207166525558,0,random_forest
SH-MC-06-2025042216,2025-04-22 16:00:00,LINE-B,MC-06,PRD-D,3,26700.0,3220.0,0,,0.10558425538731617,0,random_forest
SH-MC-06-2025042300,2025-04-23 00:00:00,LINE-B,MC-06,PRD-A,3,26700.0,3220.0,0,,0.10644553446020559,0,random_forest
SH-MC-06-2025042308,2025-04-23 08:00:00,LINE-B,MC-06,PRD-A,3,26700.0,3220.0,1,24.0,0.105887277466982,0,random_forest
SH-MC-06-2025042316,2025-04-23 16:00:00,LINE-B,MC-06,PRD-A,3,26700.0,3220.0,1,16.0,0.095479554696397,0,random_forest
SH-MC-06-2025042400,2025-04-24 00:00:00,LINE-B,MC-06,PRD-A,3,26700.0,3220.0,1,8.0,0.12795087359563284,0,random_forest
SH-MC-06-2025042408,2025-04-24 08:00:00,LINE-B,MC-06,PRD-A,3,26700.0,3220.0,0,,0.12114244301802808,0,random_forest
SH-MC-06-2025042416,2025-04-24 16:00:00,LINE-B,MC-06,PRD-A,3,26700.0,3220.0,0,,0.05478750310524455,0,random_forest
SH-MC-06-2025042500,2025-04-25 00:00:00,LINE-B,MC-06,PRD-B,3,26700.0,3220.0,0,,0.056140010982041855,0,random_forest
SH-MC-06-2025042508,2025-04-25 08:00:00,LINE-B,MC-06,PRD-B,3,26700.0,3220.0,1,24.0,0.06306130652612109,0,random_forest
SH-MC-06-2025042516,2025-04-25 16:00:00,LINE-B,MC-06,PRD-B,3,26700.0,3220.0,1,16.0,0.0673072358909466,0,random_forest
SH-MC-06-2025042600,2025-04-26 00:00:00,LINE-B,MC-06,PRD-B,3,26700.0,3220.0,1,8.0,0.06528158555258876,0,random_forest
SH-MC-06-2025042608,2025-04-26 08:00:00,LINE-B,MC-06,PRD-B,3,26700.0,3220.0,0,,0.0841506712219222,0,random_forest
SH-MC-06-2025042616,2025-04-26 16:00:00,LINE-B,MC-06,PRD-B,3,26700.0,3220.0,0,,0.04786942484736386,0,random_forest
SH-MC-06-2025042700,2025-04-27 00:00:00,LINE-B,MC-06,PRD-C,3,26700.0,3220.0,0,,0.05105044011025032,0,random_forest
SH-MC-06-2025042708,2025-04-27 08:00:00,LINE-B,MC-06,PRD-C,3,26700.0,3220.0,0,,0.04952165096870689,0,random_forest
SH-MC-06-2025042716,2025-04-27 16:00:00,LINE-B,MC-06,PRD-C,3,26700.0,3220.0,0,,0.055666612365695124,0,random_forest
SH-MC-06-2025042800,2025-04-28 00:00:00,LINE-B,MC-06,PRD-C,3,26700.0,3220.0,0,,0.057618408189531706,0,random_forest
SH-MC-06-2025042808,2025-04-28 08:00:00,LINE-B,MC-06,PRD-C,3,26700.0,3220.0,0,,0.047384910769630806,0,random_forest
SH-MC-06-2025042816,2025-04-28 16:00:00,LINE-B,MC-06,PRD-C,3,26700.0,3220.0,0,,0.07301928095028581,0,random_forest
SH-MC-06-2025042900,2025-04-29 00:00:00,LINE-B,MC-06,PRD-D,3,26700.0,3220.0,0,,0.06064743788198659,0,random_forest
SH-MC-06-2025042908,2025-04-29 08:00:00,LINE-B,MC-06,PRD-D,3,26700.0,3220.0,0,,0.06064031012214783,0,random_forest
SH-MC-06-2025042916,2025-04-29 16:00:00,LINE-B,MC-06,PRD-D,3,26700.0,3220.0,0,,0.08469672006333964,0,random_forest
SH-MC-06-2025043000,2025-04-30 00:00:00,LINE-B,MC-06,PRD-D,3,26700.0,3220.0,0,,0.08514083325482076,0,random_forest
SH-MC-06-2025043008,2025-04-30 08:00:00,LINE-B,MC-06,PRD-D,3,26700.0,3220.0,0,,0.06733792908108911,0,random_forest
SH-MC-06-2025043016,2025-04-30 16:00:00,LINE-B,MC-06,PRD-D,3,26700.0,3220.0,1,24.0,0.08149647153876052,0,random_forest
SH-MC-06-2025050100,2025-05-01 00:00:00,LINE-B,MC-06,PRD-A,3,26700.0,3220.0,1,16.0,0.13835388464743745,0,random_forest
SH-MC-06-2025050108,2025-05-01 08:00:00,LINE-B,MC-06,PRD-A,3,26700.0,3220.0,1,8.0,0.12258950138799958,0,random_forest
SH-MC-06-2025050116,2025-05-01 16:00:00,LINE-B,MC-06,PRD-A,3,26700.0,3220.0,0,,0.1367241600794466,0,random_forest
SH-MC-06-2025050200,2025-05-02 00:00:00,LINE-B,MC-06,PRD-A,3,26700.0,3220.0,0,,0.050700264664359285,0,random_forest
SH-MC-06-2025050208,2025-05-02 08:00:00,LINE-B,MC-06,PRD-A,3,26700.0,3220.0,0,,0.047180369456795206,0,random_forest
SH-MC-06-2025050216,2025-05-02 16:00:00,LINE-B,MC-06,PRD-A,3,26700.0,3220.0,0,,0.05549932151944498,0,random_forest
SH-MC-06-2025050300,2025-05-03 00:00:00,LINE-B,MC-06,PRD-B,3,26700.0,3220.0,0,,0.06044252598915479,0,random_forest
SH-MC-06-2025050308,2025-05-03 08:00:00,LINE-B,MC-06,PRD-B,3,26700.0,3220.0,0,,0.056931357752270886,0,random_forest
SH-MC-06-2025050316,2025-05-03 16:00:00,LINE-B,MC-06,PRD-B,3,26700.0,3220.0,0,,0.08904870118246436,0,random_forest
SH-MC-06-2025050400,2025-05-04 00:00:00,LINE-B,MC-06,PRD-B,3,26700.0,3220.0,0,,0.10022578390115572,0,random_forest
SH-MC-06-2025050408,2025-05-04 08:00:00,LINE-B,MC-06,PRD-B,3,26700.0,3220.0,0,,0.09583088813570938,0,random_forest
SH-MC-06-2025050416,2025-05-04 16:00:00,LINE-B,MC-06,PRD-B,3,26700.0,3220.0,0,,0.1202774585306944,0,random_forest
SH-MC-06-2025050500,2025-05-05 00:00:00,LINE-B,MC-06,PRD-C,3,26700.0,3220.0,0,,0.1185788063631004,0,random_forest
SH-MC-06-2025050508,2025-05-05 08:00:00,LINE-B,MC-06,PRD-C,3,26700.0,3220.0,0,,0.134038008008183,0,random_forest
SH-MC-06-2025050516,2025-05-05 16:00:00,LINE-B,MC-06,PRD-C,3,26700.0,3220.0,0,,0.1733386327170316,1,random_forest
SH-MC-06-2025050600,2025-05-06 00:00:00,LINE-B,MC-06,PRD-C,3,26700.0,3220.0,0,,0.14483004146981984,0,random_forest
SH-MC-06-2025050608,2025-05-06 08:00:00,LINE-B,MC-06,PRD-C,3,26700.0,3220.0,0,,0.1358219247499968,0,random_forest
SH-MC-06-2025050616,2025-05-06 16:00:00,LINE-B,MC-06,PRD-C,3,26700.0,3220.0,0,,0.15380151987853036,1,random_forest
SH-MC-06-2025050700,2025-05-07 00:00:00,LINE-B,MC-06,PRD-D,3,26700.0,3220.0,0,,0.1665933017173635,1,random_forest
SH-MC-06-2025050708,2025-05-07 08:00:00,LINE-B,MC-06,PRD-D,3,26700.0,3220.0,0,,0.17769926094633895,1,random_forest
SH-MC-06-2025050716,2025-05-07 16:00:00,LINE-B,MC-06,PRD-D,3,26700.0,3220.0,0,,0.25202830247381786,1,random_forest
SH-MC-06-2025050800,2025-05-08 00:00:00,LINE-B,MC-06,PRD-D,3,26700.0,3220.0,0,,0.28972579723783937,1,random_forest
SH-MC-06-2025050808,2025-05-08 08:00:00,LINE-B,MC-06,PRD-D,3,26700.0,3220.0,0,,0.20065741436164364,1,random_forest
SH-MC-06-2025050816,2025-05-08 16:00:00,LINE-B,MC-06,PRD-D,3,26700.0,3220.0,1,24.0,0.2888889422739982,1,random_forest
SH-MC-06-2025050900,2025-05-09 00:00:00,LINE-B,MC-06,PRD-A,3,26700.0,3220.0,1,16.0,0.27783314893747124,1,random_forest
SH-MC-06-2025050908,2025-05-09 08:00:00,LINE-B,MC-06,PRD-A,3,26700.0,3220.0,1,8.0,0.44540998164708967,1,random_forest
SH-MC-06-2025050916,2025-05-09 16:00:00,LINE-B,MC-06,PRD-A,3,26700.0,3220.0,0,,0.4073227256461185,1,random_forest
SH-MC-06-2025051000,2025-05-10 00:00:00,LINE-B,MC-06,PRD-A,3,26700.0,3220.0,0,,0.06084349918566209,0,random_forest
SH-MC-06-2025051008,2025-05-10 08:00:00,LINE-B,MC-06,PRD-A,3,26700.0,3220.0,0,,0.09369274479011523,0,random_forest
SH-MC-06-2025051016,2025-05-10 16:00:00,LINE-B,MC-06,PRD-A,3,26700.0,3220.0,0,,0.0933266236705118,0,random_forest
SH-MC-06-2025051100,2025-05-11 00:00:00,LINE-B,MC-06,PRD-B,3,26700.0,3220.0,0,,0.08803616244987443,0,random_forest
SH-MC-06-2025051108,2025-05-11 08:00:00,LINE-B,MC-06,PRD-B,3,26700.0,3220.0,0,,0.09781401692093188,0,random_forest
SH-MC-06-2025051116,2025-05-11 16:00:00,LINE-B,MC-06,PRD-B,3,26700.0,3220.0,0,,0.09379178087332758,0,random_forest
SH-MC-06-2025051200,2025-05-12 00:00:00,LINE-B,MC-06,PRD-B,3,26700.0,3220.0,0,,0.09031123515631509,0,random_forest
SH-MC-06-2025051208,2025-05-12 08:00:00,LINE-B,MC-06,PRD-B,3,26700.0,3220.0,0,,0.10595837275673341,0,random_forest
SH-MC-06-2025051216,2025-05-12 16:00:00,LINE-B,MC-06,PRD-B,3,26700.0,3220.0,0,,0.12136617689362257,0,random_forest
SH-MC-06-2025051300,2025-05-13 00:00:00,LINE-B,MC-06,PRD-C,3,26700.0,3220.0,0,,0.18972818287580717,1,random_forest
SH-MC-06-2025051308,2025-05-13 08:00:00,LINE-B,MC-06,PRD-C,3,26700.0,3220.0,0,,0.14931095125532265,1,random_forest
SH-MC-06-2025051316,2025-05-13 16:00:00,LINE-B,MC-06,PRD-C,3,26700.0,3220.0,0,,0.12708711004164835,0,random_forest
SH-MC-06-2025051400,2025-05-14 00:00:00,LINE-B,MC-06,PRD-C,3,26700.0,3220.0,0,,0.15481438517501545,1,random_forest
SH-MC-06-2025051408,2025-05-14 08:00:00,LINE-B,MC-06,PRD-C,3,26700.0,3220.0,0,,0.16794308773751962,1,random_forest
SH-MC-06-2025051416,2025-05-14 16:00:00,LINE-B,MC-06,PRD-C,3,26700.0,3220.0,0,,0.2653716087250573,1,random_forest
SH-MC-06-2025051500,2025-05-15 00:00:00,LINE-B,MC-06,PRD-D,3,26700.0,3220.0,0,,0.30666800130368616,1,random_forest
SH-MC-06-2025051508,2025-05-15 08:00:00,LINE-B,MC-06,PRD-D,3,26700.0,3220.0,0,,0.2597645114578784,1,random_forest
SH-MC-06-2025051516,2025-05-15 16:00:00,LINE-B,MC-06,PRD-D,3,26700.0,3220.0,0,,0.3069829413660709,1,random_forest
SH-MC-06-2025051600,2025-05-16 00:00:00,LINE-B,MC-06,PRD-D,3,26700.0,3220.0,0,,0.3306868413014081,1,random_forest
SH-MC-06-2025051608,2025-05-16 08:00:00,LINE-B,MC-06,PRD-D,3,26700.0,3220.0,0,,0.34653875054900446,1,random_forest
SH-MC-06-2025051616,2025-05-16 16:00:00,LINE-B,MC-06,PRD-D,3,26700.0,3220.0,0,,0.4002726274714548,1,random_forest
SH-MC-06-2025051700,2025-05-17 00:00:00,LINE-B,MC-06,PRD-A,3,26700.0,3220.0,0,,0.44888331984448776,1,random_forest
SH-MC-06-2025051708,2025-05-17 08:00:00,LINE-B,MC-06,PRD-A,3,26700.0,3220.0,0,,0.46046273909897584,1,random_forest
SH-MC-06-2025051716,2025-05-17 16:00:00,LINE-B,MC-06,PRD-A,3,26700.0,3220.0,0,,0.43404406847838134,1,random_forest
SH-MC-06-2025051800,2025-05-18 00:00:00,LINE-B,MC-06,PRD-A,3,26700.0,3220.0,0,,0.507319213567153,1,random_forest
SH-MC-06-2025051808,2025-05-18 08:00:00,LINE-B,MC-06,PRD-A,3,26700.0,3220.0,0,,0.46999172711023385,1,random_forest
SH-MC-06-2025051816,2025-05-18 16:00:00,LINE-B,MC-06,PRD-A,3,26700.0,3220.0,0,,0.525394831351521,1,random_forest
SH-MC-06-2025051900,2025-05-19 00:00:00,LINE-B,MC-06,PRD-B,3,26700.0,3220.0,0,,0.4850142955763973,1,random_forest
SH-MC-06-2025051908,2025-05-19 08:00:00,LINE-B,MC-06,PRD-B,3,26700.0,3220.0,1,24.0,0.5404277459585634,1,random_forest
SH-MC-06-2025051916,2025-05-19 16:00:00,LINE-B,MC-06,PRD-B,3,26700.0,3220.0,1,16.0,0.5244982803694298,1,random_forest
SH-MC-06-2025052000,2025-05-20 00:00:00,LINE-B,MC-06,PRD-B,3,26700.0,3220.0,1,8.0,0.5322137675182045,1,random_forest
SH-MC-06-2025052008,2025-05-20 08:00:00,LINE-B,MC-06,PRD-B,3,26700.0,3220.0,0,,0.41753384246382075,1,random_forest
SH-MC-06-2025052016,2025-05-20 16:00:00,LINE-B,MC-06,PRD-B,3,26700.0,3220.0,0,,0.08437321971225754,0,random_forest
SH-MC-06-2025052100,2025-05-21 00:00:00,LINE-B,MC-06,PRD-C,3,26700.0,3220.0,0,,0.08281764167527292,0,random_forest
SH-MC-06-2025052108,2025-05-21 08:00:00,LINE-B,MC-06,PRD-C,3,26700.0,3220.0,0,,0.12424188532448463,0,random_forest
SH-MC-06-2025052116,2025-05-21 16:00:00,LINE-B,MC-06,PRD-C,3,26700.0,3220.0,0,,0.0996168242701604,0,random_forest
SH-MC-06-2025052200,2025-05-22 00:00:00,LINE-B,MC-06,PRD-C,3,26700.0,3220.0,0,,0.10910061180575507,0,random_forest
SH-MC-06-2025052208,2025-05-22 08:00:00,LINE-B,MC-06,PRD-C,3,26700.0,3220.0,0,,0.16166769085513089,1,random_forest
SH-MC-06-2025052216,2025-05-22 16:00:00,LINE-B,MC-06,PRD-C,3,26700.0,3220.0,0,,0.18843593239665227,1,random_forest
SH-MC-06-2025052300,2025-05-23 00:00:00,LINE-B,MC-06,PRD-D,3,26700.0,3220.0,0,,0.22489883249040854,1,random_forest
SH-MC-06-2025052308,2025-05-23 08:00:00,LINE-B,MC-06,PRD-D,3,26700.0,3220.0,0,,0.20652974150458386,1,random_forest
SH-MC-06-2025052316,2025-05-23 16:00:00,LINE-B,MC-06,PRD-D,3,26700.0,3220.0,0,,0.16987052074155481,1,random_forest
SH-MC-06-2025052400,2025-05-24 00:00:00,LINE-B,MC-06,PRD-D,3,26700.0,3220.0,0,,0.22493038800093562,1,random_forest
SH-MC-06-2025052408,2025-05-24 08:00:00,LINE-B,MC-06,PRD-D,3,26700.0,3220.0,0,,0.22066015650210918,1,random_forest
SH-MC-06-2025052416,2025-05-24 16:00:00,LINE-B,MC-06,PRD-D,3,26700.0,3220.0,0,,0.2442697618888074,1,random_forest
SH-MC-06-2025052500,2025-05-25 00:00:00,LINE-B,MC-06,PRD-A,3,26700.0,3220.0,0,,0.26214274473755805,1,random_forest
SH-MC-06-2025052508,2025-05-25 08:00:00,LINE-B,MC-06,PRD-A,3,26700.0,3220.0,0,,0.30566788633311714,1,random_forest
SH-MC-06-2025052516,2025-05-25 16:00:00,LINE-B,MC-06,PRD-A,3,26700.0,3220.0,0,,0.3350817042528105,1,random_forest
SH-MC-06-2025052600,2025-05-26 00:00:00,LINE-B,MC-06,PRD-A,3,26700.0,3220.0,0,,0.29046680382890006,1,random_forest
SH-MC-06-2025052608,2025-05-26 08:00:00,LINE-B,MC-06,PRD-A,3,26700.0,3220.0,0,,0.3473439559690727,1,random_forest
SH-MC-06-2025052616,2025-05-26 16:00:00,LINE-B,MC-06,PRD-A,3,26700.0,3220.0,1,24.0,0.4127981756326409,1,random_forest
SH-MC-06-2025052700,2025-05-27 00:00:00,LINE-B,MC-06,PRD-B,3,26700.0,3220.0,1,16.0,0.4192528281250416,1,random_forest
SH-MC-06-2025052708,2025-05-27 08:00:00,LINE-B,MC-06,PRD-B,3,26700.0,3220.0,1,8.0,0.46904084557693615,1,random_forest
SH-MC-06-2025052716,2025-05-27 16:00:00,LINE-B,MC-06,PRD-B,3,26700.0,3220.0,0,,0.4710169036532867,1,random_forest
SH-MC-06-2025052800,2025-05-28 00:00:00,LINE-B,MC-06,PRD-B,3,26700.0,3220.0,0,,0.08527190279941677,0,random_forest
SH-MC-06-2025052808,2025-05-28 08:00:00,LINE-B,MC-06,PRD-B,3,26700.0,3220.0,0,,0.07366063583579165,0,random_forest
SH-MC-06-2025052816,2025-05-28 16:00:00,LINE-B,MC-06,PRD-B,3,26700.0,3220.0,0,,0.08217799957398059,0,random_forest
SH-MC-06-2025052900,2025-05-29 00:00:00,LINE-B,MC-06,PRD-C,3,26700.0,3220.0,0,,0.08965361267954454,0,random_forest
SH-MC-06-2025052908,2025-05-29 08:00:00,LINE-B,MC-06,PRD-C,3,26700.0,3220.0,0,,0.08081709657675842,0,random_forest
SH-MC-06-2025052916,2025-05-29 16:00:00,LINE-B,MC-06,PRD-C,3,26700.0,3220.0,0,,0.12033089927024367,0,random_forest
SH-MC-06-2025053000,2025-05-30 00:00:00,LINE-B,MC-06,PRD-C,3,26700.0,3220.0,0,,0.0920626920971376,0,random_forest
SH-MC-06-2025053008,2025-05-30 08:00:00,LINE-B,MC-06,PRD-C,3,26700.0,3220.0,0,,0.1452349835006283,0,random_forest
SH-MC-06-2025053016,2025-05-30 16:00:00,LINE-B,MC-06,PRD-C,3,26700.0,3220.0,0,,0.18417517470137712,1,random_forest
SH-MC-06-2025053100,2025-05-31 00:00:00,LINE-B,MC-06,PRD-D,3,26700.0,3220.0,0,,0.13104098864149757,0,random_forest
SH-MC-06-2025053108,2025-05-31 08:00:00,LINE-B,MC-06,PRD-D,3,26700.0,3220.0,0,,0.2092004019426046,1,random_forest
SH-MC-06-2025053116,2025-05-31 16:00:00,LINE-B,MC-06,PRD-D,3,26700.0,3220.0,0,,0.224074372763531,1,random_forest
SH-MC-06-2025060100,2025-06-01 00:00:00,LINE-B,MC-06,PRD-D,3,26700.0,3220.0,0,,0.24323110382736268,1,random_forest
SH-MC-06-2025060108,2025-06-01 08:00:00,LINE-B,MC-06,PRD-D,3,26700.0,3220.0,0,,0.26812752832044157,1,random_forest
SH-MC-06-2025060116,2025-06-01 16:00:00,LINE-B,MC-06,PRD-D,3,26700.0,3220.0,0,,0.25133995899077255,1,random_forest
SH-MC-06-2025060200,2025-06-02 00:00:00,LINE-B,MC-06,PRD-A,3,26700.0,3220.0,0,,0.18732347654827794,1,random_forest
SH-MC-06-2025060208,2025-06-02 08:00:00,LINE-B,MC-06,PRD-A,3,26700.0,3220.0,0,,0.21207691323380237,1,random_forest
SH-MC-06-2025060216,2025-06-02 16:00:00,LINE-B,MC-06,PRD-A,3,26700.0,3220.0,0,,0.24740506238715038,1,random_forest
SH-MC-06-2025060300,2025-06-03 00:00:00,LINE-B,MC-06,PRD-A,3,26700.0,3220.0,0,,0.3276112991535398,1,random_forest
SH-MC-06-2025060308,2025-06-03 08:00:00,LINE-B,MC-06,PRD-A,3,26700.0,3220.0,1,24.0,0.33800683826457256,1,random_forest
SH-MC-06-2025060316,2025-06-03 16:00:00,LINE-B,MC-06,PRD-A,3,26700.0,3220.0,1,16.0,0.3382746709421088,1,random_forest
SH-MC-06-2025060400,2025-06-04 00:00:00,LINE-B,MC-06,PRD-B,3,26700.0,3220.0,1,8.0,0.4333829709144596,1,random_forest
SH-MC-06-2025060408,2025-06-04 08:00:00,LINE-B,MC-06,PRD-B,3,26700.0,3220.0,0,,0.5577658529731578,1,random_forest
SH-MC-06-2025060416,2025-06-04 16:00:00,LINE-B,MC-06,PRD-B,3,26700.0,3220.0,0,,0.07607168461586196,0,random_forest
SH-MC-06-2025060500,2025-06-05 00:00:00,LINE-B,MC-06,PRD-B,3,26700.0,3220.0,0,,0.07614743001162862,0,random_forest
SH-MC-06-2025060508,2025-06-05 08:00:00,LINE-B,MC-06,PRD-B,3,26700.0,3220.0,0,,0.07502572870158382,0,random_forest
SH-MC-06-2025060516,2025-06-05 16:00:00,LINE-B,MC-06,PRD-B,3,26700.0,3220.0,0,,0.07179368161618259,0,random_forest
SH-MC-06-2025060600,2025-06-06 00:00:00,LINE-B,MC-06,PRD-C,3,26700.0,3220.0,0,,0.08700833438541683,0,random_forest
SH-MC-06-2025060608,2025-06-06 08:00:00,LINE-B,MC-06,PRD-C,3,26700.0,3220.0,0,,0.0798964964539222,0,random_forest
SH-MC-06-2025060616,2025-06-06 16:00:00,LINE-B,MC-06,PRD-C,3,26700.0,3220.0,0,,0.09076711083505455,0,random_forest
SH-MC-06-2025060700,2025-06-07 00:00:00,LINE-B,MC-06,PRD-C,3,26700.0,3220.0,0,,0.15228878465456003,1,random_forest
SH-MC-06-2025060708,2025-06-07 08:00:00,LINE-B,MC-06,PRD-C,3,26700.0,3220.0,0,,0.18246929822044725,1,random_forest
SH-MC-06-2025060716,2025-06-07 16:00:00,LINE-B,MC-06,PRD-C,3,26700.0,3220.0,0,,0.12134039275384932,0,random_forest
SH-MC-06-2025060800,2025-06-08 00:00:00,LINE-B,MC-06,PRD-D,3,26700.0,3220.0,0,,0.19598874128696692,1,random_forest
SH-MC-06-2025060808,2025-06-08 08:00:00,LINE-B,MC-06,PRD-D,3,26700.0,3220.0,0,,0.24260365649769766,1,random_forest
SH-MC-06-2025060816,2025-06-08 16:00:00,LINE-B,MC-06,PRD-D,3,26700.0,3220.0,0,,0.20485570215653665,1,random_forest
SH-MC-06-2025060900,2025-06-09 00:00:00,LINE-B,MC-06,PRD-D,3,26700.0,3220.0,0,,0.2723562064038449,1,random_forest
SH-MC-06-2025060908,2025-06-09 08:00:00,LINE-B,MC-06,PRD-D,3,26700.0,3220.0,0,,0.30481000343907433,1,random_forest
SH-MC-06-2025060916,2025-06-09 16:00:00,LINE-B,MC-06,PRD-D,3,26700.0,3220.0,0,,0.2596080973416874,1,random_forest
SH-MC-06-2025061000,2025-06-10 00:00:00,LINE-B,MC-06,PRD-A,3,26700.0,3220.0,0,,0.2593573095191778,1,random_forest
SH-MC-06-2025061008,2025-06-10 08:00:00,LINE-B,MC-06,PRD-A,3,26700.0,3220.0,0,,0.28273845037404305,1,random_forest
SH-MC-06-2025061016,2025-06-10 16:00:00,LINE-B,MC-06,PRD-A,3,26700.0,3220.0,0,,0.28915298220942404,1,random_forest
SH-MC-06-2025061100,2025-06-11 00:00:00,LINE-B,MC-06,PRD-A,3,26700.0,3220.0,0,,0.3257854315671736,1,random_forest
SH-MC-06-2025061108,2025-06-11 08:00:00,LINE-B,MC-06,PRD-A,3,26700.0,3220.0,0,,0.3264786273784479,1,random_forest
SH-MC-06-2025061116,2025-06-11 16:00:00,LINE-B,MC-06,PRD-A,3,26700.0,3220.0,0,,0.3339097632511345,1,random_forest
SH-MC-06-2025061200,2025-06-12 00:00:00,LINE-B,MC-06,PRD-B,3,26700.0,3220.0,0,,0.37300294877506174,1,random_forest
SH-MC-06-2025061208,2025-06-12 08:00:00,LINE-B,MC-06,PRD-B,3,26700.0,3220.0,0,,0.47291488748528016,1,random_forest
SH-MC-06-2025061216,2025-06-12 16:00:00,LINE-B,MC-06,PRD-B,3,26700.0,3220.0,1,24.0,0.42017193792947893,1,random_forest
SH-MC-06-2025061300,2025-06-13 00:00:00,LINE-B,MC-06,PRD-B,3,26700.0,3220.0,1,16.0,0.5755324264457106,1,random_forest
SH-MC-06-2025061308,2025-06-13 08:00:00,LINE-B,MC-06,PRD-B,3,26700.0,3220.0,1,8.0,0.5260214805518922,1,random_forest
SH-MC-06-2025061316,2025-06-13 16:00:00,LINE-B,MC-06,PRD-B,3,26700.0,3220.0,0,,0.45546004534852336,1,random_forest
SH-MC-06-2025061400,2025-06-14 00:00:00,LINE-B,MC-06,PRD-C,3,26700.0,3220.0,0,,0.07483199141335767,0,random_forest
SH-MC-06-2025061408,2025-06-14 08:00:00,LINE-B,MC-06,PRD-C,3,26700.0,3220.0,0,,0.07991538860466607,0,random_forest
SH-MC-06-2025061416,2025-06-14 16:00:00,LINE-B,MC-06,PRD-C,3,26700.0,3220.0,0,,0.08475207219448262,0,random_forest
SH-MC-06-2025061500,2025-06-15 00:00:00,LINE-B,MC-06,PRD-C,3,26700.0,3220.0,0,,0.07559804411280432,0,random_forest
SH-MC-06-2025061508,2025-06-15 08:00:00,LINE-B,MC-06,PRD-C,3,26700.0,3220.0,0,,0.09203743972925604,0,random_forest
SH-MC-06-2025061516,2025-06-15 16:00:00,LINE-B,MC-06,PRD-C,3,26700.0,3220.0,0,,0.15663890084270743,1,random_forest
SH-MC-06-2025061600,2025-06-16 00:00:00,LINE-B,MC-06,PRD-D,3,26700.0,3220.0,0,,0.1498861441647694,1,random_forest
SH-MC-06-2025061608,2025-06-16 08:00:00,LINE-B,MC-06,PRD-D,3,26700.0,3220.0,0,,0.17880281316520968,1,random_forest
SH-MC-06-2025061616,2025-06-16 16:00:00,LINE-B,MC-06,PRD-D,3,26700.0,3220.0,0,,0.15584074106403054,1,random_forest
SH-MC-06-2025061700,2025-06-17 00:00:00,LINE-B,MC-06,PRD-D,3,26700.0,3220.0,0,,0.18958752285857747,1,random_forest
SH-MC-06-2025061708,2025-06-17 08:00:00,LINE-B,MC-06,PRD-D,3,26700.0,3220.0,0,,0.19277355138466104,1,random_forest
SH-MC-06-2025061716,2025-06-17 16:00:00,LINE-B,MC-06,PRD-D,3,26700.0,3220.0,0,,0.25407618938397775,1,random_forest
SH-MC-06-2025061800,2025-06-18 00:00:00,LINE-B,MC-06,PRD-A,3,26700.0,3220.0,0,,0.259345173802702,1,random_forest
SH-MC-06-2025061808,2025-06-18 08:00:00,LINE-B,MC-06,PRD-A,3,26700.0,3220.0,0,,0.19849028449714548,1,random_forest
SH-MC-06-2025061816,2025-06-18 16:00:00,LINE-B,MC-06,PRD-A,3,26700.0,3220.0,0,,0.2725722895713175,1,random_forest
SH-MC-06-2025061900,2025-06-19 00:00:00,LINE-B,MC-06,PRD-A,3,26700.0,3220.0,0,,0.3210364620847931,1,random_forest
SH-MC-06-2025061908,2025-06-19 08:00:00,LINE-B,MC-06,PRD-A,3,26700.0,3220.0,0,,0.30613844721526484,1,random_forest
SH-MC-06-2025061916,2025-06-19 16:00:00,LINE-B,MC-06,PRD-A,3,26700.0,3220.0,1,24.0,0.3273080037241504,1,random_forest
SH-MC-06-2025062000,2025-06-20 00:00:00,LINE-B,MC-06,PRD-B,3,26700.0,3220.0,1,16.0,0.3459270704294191,1,random_forest
SH-MC-06-2025062008,2025-06-20 08:00:00,LINE-B,MC-06,PRD-B,3,26700.0,3220.0,1,8.0,0.4185497409949667,1,random_forest
SH-MC-06-2025062016,2025-06-20 16:00:00,LINE-B,MC-06,PRD-B,3,26700.0,3220.0,0,,0.38840071162431467,1,random_forest
SH-MC-06-2025062100,2025-06-21 00:00:00,LINE-B,MC-06,PRD-B,3,26700.0,3220.0,0,,0.079514800002371,0,random_forest
SH-MC-06-2025062108,2025-06-21 08:00:00,LINE-B,MC-06,PRD-B,3,26700.0,3220.0,0,,0.08582881323659348,0,random_forest
SH-MC-06-2025062116,2025-06-21 16:00:00,LINE-B,MC-06,PRD-B,3,26700.0,3220.0,0,,0.0868104053667221,0,random_forest
SH-MC-06-2025062200,2025-06-22 00:00:00,LINE-B,MC-06,PRD-C,3,26700.0,3220.0,0,,0.0890504511458733,0,random_forest
SH-MC-06-2025062208,2025-06-22 08:00:00,LINE-B,MC-06,PRD-C,3,26700.0,3220.0,0,,0.08864398634687444,0,random_forest
SH-MC-06-2025062216,2025-06-22 16:00:00,LINE-B,MC-06,PRD-C,3,26700.0,3220.0,0,,0.09945893627265148,0,random_forest
SH-MC-06-2025062300,2025-06-23 00:00:00,LINE-B,MC-06,PRD-C,3,26700.0,3220.0,0,,0.110474551090286,0,random_forest
SH-MC-06-2025062308,2025-06-23 08:00:00,LINE-B,MC-06,PRD-C,3,26700.0,3220.0,0,,0.11823436985936767,0,random_forest
SH-MC-06-2025062316,2025-06-23 16:00:00,LINE-B,MC-06,PRD-C,3,26700.0,3220.0,0,,0.1247529663265595,0,random_forest
SH-MC-06-2025062400,2025-06-24 00:00:00,LINE-B,MC-06,PRD-D,3,26700.0,3220.0,0,,0.187326627476743,1,random_forest
SH-MC-06-2025062408,2025-06-24 08:00:00,LINE-B,MC-06,PRD-D,3,26700.0,3220.0,0,,0.2169519892052247,1,random_forest
SH-MC-06-2025062416,2025-06-24 16:00:00,LINE-B,MC-06,PRD-D,3,26700.0,3220.0,0,,0.2445310631233814,1,random_forest
SH-MC-06-2025062500,2025-06-25 00:00:00,LINE-B,MC-06,PRD-D,3,26700.0,3220.0,0,,0.27723883082031453,1,random_forest
SH-MC-06-2025062508,2025-06-25 08:00:00,LINE-B,MC-06,PRD-D,3,26700.0,3220.0,0,,0.2794398547013089,1,random_forest
SH-MC-06-2025062516,2025-06-25 16:00:00,LINE-B,MC-06,PRD-D,3,26700.0,3220.0,0,,0.2592610440787785,1,random_forest
SH-MC-06-2025062600,2025-06-26 00:00:00,LINE-B,MC-06,PRD-A,3,26700.0,3220.0,0,,0.24063397968694286,1,random_forest
SH-MC-06-2025062608,2025-06-26 08:00:00,LINE-B,MC-06,PRD-A,3,26700.0,3220.0,1,24.0,0.29912410240111786,1,random_forest
SH-MC-06-2025062616,2025-06-26 16:00:00,LINE-B,MC-06,PRD-A,3,26700.0,3220.0,1,16.0,0.29997003071795453,1,random_forest
SH-MC-06-2025062700,2025-06-27 00:00:00,LINE-B,MC-06,PRD-A,3,26700.0,3220.0,1,8.0,0.38403118697194033,1,random_forest
SH-MC-06-2025062708,2025-06-27 08:00:00,LINE-B,MC-06,PRD-A,3,26700.0,3220.0,1,24.0,0.37944569736369804,1,random_forest
SH-MC-06-2025062716,2025-06-27 16:00:00,LINE-B,MC-06,PRD-A,3,26700.0,3220.0,1,16.0,0.06709911992685236,0,random_forest
SH-MC-06-2025062800,2025-06-28 00:00:00,LINE-B,MC-06,PRD-B,3,26700.0,3220.0,1,8.0,0.09181863196818667,0,random_forest
SH-MC-06-2025062808,2025-06-28 08:00:00,LINE-B,MC-06,PRD-B,3,26700.0,3220.0,0,,0.07916215660075225,0,random_forest
SH-MC-06-2025062816,2025-06-28 16:00:00,LINE-B,MC-06,PRD-B,3,26700.0,3220.0,0,,0.0738743180752934,0,random_forest
SH-MC-06-2025062900,2025-06-29 00:00:00,LINE-B,MC-06,PRD-B,3,26700.0,3220.0,0,,0.06845268168827673,0,random_forest
SH-MC-06-2025062908,2025-06-29 08:00:00,LINE-B,MC-06,PRD-B,3,26700.0,3220.0,0,,0.07628821931348116,0,random_forest
SH-MC-06-2025062916,2025-06-29 16:00:00,LINE-B,MC-06,PRD-B,3,26700.0,3220.0,0,,0.07679629013744088,0,random_forest
SH-MC-07-2025030100,2025-03-01 00:00:00,LINE-C,MC-07,PRD-C,5,38900.0,3700.0,0,,0.07391390365241558,0,random_forest
SH-MC-07-2025030108,2025-03-01 08:00:00,LINE-C,MC-07,PRD-C,5,38900.0,3700.0,0,,0.08968500313544797,0,random_forest
SH-MC-07-2025030116,2025-03-01 16:00:00,LINE-C,MC-07,PRD-C,5,38900.0,3700.0,0,,0.10556543453123281,0,random_forest
SH-MC-07-2025030200,2025-03-02 00:00:00,LINE-C,MC-07,PRD-D,5,38900.0,3700.0,1,24.0,0.10234282397029784,0,random_forest
SH-MC-07-2025030208,2025-03-02 08:00:00,LINE-C,MC-07,PRD-D,5,38900.0,3700.0,1,16.0,0.11838293254434376,0,random_forest
SH-MC-07-2025030216,2025-03-02 16:00:00,LINE-C,MC-07,PRD-D,5,38900.0,3700.0,1,8.0,0.1713206041356039,1,random_forest
SH-MC-07-2025030300,2025-03-03 00:00:00,LINE-C,MC-07,PRD-D,5,38900.0,3700.0,0,,0.15474750849849983,1,random_forest
SH-MC-07-2025030308,2025-03-03 08:00:00,LINE-C,MC-07,PRD-D,5,38900.0,3700.0,0,,0.049171920048918884,0,random_forest
SH-MC-07-2025030316,2025-03-03 16:00:00,LINE-C,MC-07,PRD-D,5,38900.0,3700.0,0,,0.05444639978650784,0,random_forest
SH-MC-07-2025030400,2025-03-04 00:00:00,LINE-C,MC-07,PRD-A,5,38900.0,3700.0,0,,0.07502784429600845,0,random_forest
SH-MC-07-2025030408,2025-03-04 08:00:00,LINE-C,MC-07,PRD-A,5,38900.0,3700.0,0,,0.07408447428568501,0,random_forest
SH-MC-07-2025030416,2025-03-04 16:00:00,LINE-C,MC-07,PRD-A,5,38900.0,3700.0,0,,0.09049170133054167,0,random_forest
SH-MC-07-2025030500,2025-03-05 00:00:00,LINE-C,MC-07,PRD-A,5,38900.0,3700.0,0,,0.08531862240565961,0,random_forest
SH-MC-07-2025030508,2025-03-05 08:00:00,LINE-C,MC-07,PRD-A,5,38900.0,3700.0,0,,0.08352094252105804,0,random_forest
SH-MC-07-2025030516,2025-03-05 16:00:00,LINE-C,MC-07,PRD-A,5,38900.0,3700.0,0,,0.09506652406907538,0,random_forest
SH-MC-07-2025030600,2025-03-06 00:00:00,LINE-C,MC-07,PRD-B,5,38900.0,3700.0,0,,0.11167265859988307,0,random_forest
SH-MC-07-2025030608,2025-03-06 08:00:00,LINE-C,MC-07,PRD-B,5,38900.0,3700.0,0,,0.09972977854625235,0,random_forest
SH-MC-07-2025030616,2025-03-06 16:00:00,LINE-C,MC-07,PRD-B,5,38900.0,3700.0,0,,0.18801436033442862,1,random_forest
SH-MC-07-2025030700,2025-03-07 00:00:00,LINE-C,MC-07,PRD-B,5,38900.0,3700.0,0,,0.1595182719659426,1,random_forest
SH-MC-07-2025030708,2025-03-07 08:00:00,LINE-C,MC-07,PRD-B,5,38900.0,3700.0,0,,0.26094188124625095,1,random_forest
SH-MC-07-2025030716,2025-03-07 16:00:00,LINE-C,MC-07,PRD-B,5,38900.0,3700.0,0,,0.22208296403186298,1,random_forest
SH-MC-07-2025030800,2025-03-08 00:00:00,LINE-C,MC-07,PRD-C,5,38900.0,3700.0,0,,0.2462121316603187,1,random_forest
SH-MC-07-2025030808,2025-03-08 08:00:00,LINE-C,MC-07,PRD-C,5,38900.0,3700.0,0,,0.2665118219245492,1,random_forest
SH-MC-07-2025030816,2025-03-08 16:00:00,LINE-C,MC-07,PRD-C,5,38900.0,3700.0,0,,0.27212163467046424,1,random_forest
SH-MC-07-2025030900,2025-03-09 00:00:00,LINE-C,MC-07,PRD-C,5,38900.0,3700.0,1,24.0,0.30109440037069757,1,random_forest
SH-MC-07-2025030908,2025-03-09 08:00:00,LINE-C,MC-07,PRD-C,5,38900.0,3700.0,1,16.0,0.24730359574317357,1,random_forest
SH-MC-07-2025030916,2025-03-09 16:00:00,LINE-C,MC-07,PRD-C,5,38900.0,3700.0,1,8.0,0.35178548733314313,1,random_forest
SH-MC-07-2025031000,2025-03-10 00:00:00,LINE-C,MC-07,PRD-D,5,38900.0,3700.0,0,,0.30956121915852636,1,random_forest
SH-MC-07-2025031008,2025-03-10 08:00:00,LINE-C,MC-07,PRD-D,5,38900.0,3700.0,0,,0.062382107014775354,0,random_forest
SH-MC-07-2025031016,2025-03-10 16:00:00,LINE-C,MC-07,PRD-D,5,38900.0,3700.0,0,,0.07463006635234992,0,random_forest
SH-MC-07-2025031100,2025-03-11 00:00:00,LINE-C,MC-07,PRD-D,5,38900.0,3700.0,0,,0.07437003151189646,0,random_forest
SH-MC-07-2025031108,2025-03-11 08:00:00,LINE-C,MC-07,PRD-D,5,38900.0,3700.0,0,,0.07974686997260362,0,random_forest
SH-MC-07-2025031116,2025-03-11 16:00:00,LINE-C,MC-07,PRD-D,5,38900.0,3700.0,0,,0.08570659951355748,0,random_forest
SH-MC-07-2025031200,2025-03-12 00:00:00,LINE-C,MC-07,PRD-A,5,38900.0,3700.0,0,,0.1034488247458833,0,random_forest
SH-MC-07-2025031208,2025-03-12 08:00:00,LINE-C,MC-07,PRD-A,5,38900.0,3700.0,0,,0.11156035794588011,0,random_forest
SH-MC-07-2025031216,2025-03-12 16:00:00,LINE-C,MC-07,PRD-A,5,38900.0,3700.0,0,,0.11262701418641058,0,random_forest
SH-MC-07-2025031300,2025-03-13 00:00:00,LINE-C,MC-07,PRD-A,5,38900.0,3700.0,0,,0.14280642669980873,0,random_forest
SH-MC-07-2025031308,2025-03-13 08:00:00,LINE-C,MC-07,PRD-A,5,38900.0,3700.0,0,,0.12572292813973934,0,random_forest
SH-MC-07-2025031316,2025-03-13 16:00:00,LINE-C,MC-07,PRD-A,5,38900.0,3700.0,0,,0.18924233176073474,1,random_forest
SH-MC-07-2025031400,2025-03-14 00:00:00,LINE-C,MC-07,PRD-B,5,38900.0,3700.0,1,24.0,0.25654050631265624,1,random_forest
SH-MC-07-2025031408,2025-03-14 08:00:00,LINE-C,MC-07,PRD-B,5,38900.0,3700.0,1,16.0,0.22369426441044601,1,random_forest
SH-MC-07-2025031416,2025-03-14 16:00:00,LINE-C,MC-07,PRD-B,5,38900.0,3700.0,1,8.0,0.29646509859387155,1,random_forest
SH-MC-07-2025031500,2025-03-15 00:00:00,LINE-C,MC-07,PRD-B,5,38900.0,3700.0,0,,0.2494616952299869,1,random_forest
SH-MC-07-2025031508,2025-03-15 08:00:00,LINE-C,MC-07,PRD-B,5,38900.0,3700.0,0,,0.05587434757566692,0,random_forest
SH-MC-07-2025031516,2025-03-15 16:00:00,LINE-C,MC-07,PRD-B,5,38900.0,3700.0,0,,0.05724327019975319,0,random_forest
SH-MC-07-2025031600,2025-03-16 00:00:00,LINE-C,MC-07,PRD-C,5,38900.0,3700.0,0,,0.06933090827274195,0,random_forest
SH-MC-07-2025031608,2025-03-16 08:00:00,LINE-C,MC-07,PRD-C,5,38900.0,3700.0,0,,0.07031802886486593,0,random_forest
SH-MC-07-2025031616,2025-03-16 16:00:00,LINE-C,MC-07,PRD-C,5,38900.0,3700.0,0,,0.07595393862082067,0,random_forest
SH-MC-07-2025031700,2025-03-17 00:00:00,LINE-C,MC-07,PRD-C,5,38900.0,3700.0,0,,0.07508459352546622,0,random_forest
SH-MC-07-2025031708,2025-03-17 08:00:00,LINE-C,MC-07,PRD-C,5,38900.0,3700.0,0,,0.09863076938489466,0,random_forest
SH-MC-07-2025031716,2025-03-17 16:00:00,LINE-C,MC-07,PRD-C,5,38900.0,3700.0,0,,0.0968578965478775,0,random_forest
SH-MC-07-2025031800,2025-03-18 00:00:00,LINE-C,MC-07,PRD-D,5,38900.0,3700.0,1,24.0,0.08814745795437261,0,random_forest
SH-MC-07-2025031808,2025-03-18 08:00:00,LINE-C,MC-07,PRD-D,5,38900.0,3700.0,1,16.0,0.07963859245059414,0,random_forest
SH-MC-07-2025031816,2025-03-18 16:00:00,LINE-C,MC-07,PRD-D,5,38900.0,3700.0,1,8.0,0.09093209455714094,0,random_forest
SH-MC-07-2025031900,2025-03-19 00:00:00,LINE-C,MC-07,PRD-D,5,38900.0,3700.0,0,,0.11057592816792164,0,random_forest
SH-MC-07-2025031908,2025-03-19 08:00:00,LINE-C,MC-07,PRD-D,5,38900.0,3700.0,0,,0.04049525068019644,0,random_forest
SH-MC-07-2025031916,2025-03-19 16:00:00,LINE-C,MC-07,PRD-D,5,38900.0,3700.0,0,,0.04166903478070108,0,random_forest
SH-MC-07-2025032000,2025-03-20 00:00:00,LINE-C,MC-07,PRD-A,5,38900.0,3700.0,0,,0.0523818880389253,0,random_forest
SH-MC-07-2025032008,2025-03-20 08:00:00,LINE-C,MC-07,PRD-A,5,38900.0,3700.0,0,,0.056445503902026475,0,random_forest
SH-MC-07-2025032016,2025-03-20 16:00:00,LINE-C,MC-07,PRD-A,5,38900.0,3700.0,0,,0.04915032171325548,0,random_forest
SH-MC-07-2025032100,2025-03-21 00:00:00,LINE-C,MC-07,PRD-A,5,38900.0,3700.0,0,,0.050091005590339514,0,random_forest
SH-MC-07-2025032108,2025-03-21 08:00:00,LINE-C,MC-07,PRD-A,5,38900.0,3700.0,0,,0.046197858396036545,0,random_forest
SH-MC-07-2025032116,2025-03-21 16:00:00,LINE-C,MC-07,PRD-A,5,38900.0,3700.0,0,,0.05433697052313144,0,random_forest
SH-MC-07-2025032200,2025-03-22 00:00:00,LINE-C,MC-07,PRD-B,5,38900.0,3700.0,0,,0.05259751190338059,0,random_forest
SH-MC-07-2025032208,2025-03-22 08:00:00,LINE-C,MC-07,PRD-B,5,38900.0,3700.0,0,,0.0921626688421652,0,random_forest
SH-MC-07-2025032216,2025-03-22 16:00:00,LINE-C,MC-07,PRD-B,5,38900.0,3700.0,1,24.0,0.09751505365825193,0,random_forest
SH-MC-07-2025032300,2025-03-23 00:00:00,LINE-C,MC-07,PRD-B,5,38900.0,3700.0,1,16.0,0.13247540030537147,0,random_forest
SH-MC-07-2025032308,2025-03-23 08:00:00,LINE-C,MC-07,PRD-B,5,38900.0,3700.0,1,8.0,0.19228961229819913,1,random_forest
SH-MC-07-2025032316,2025-03-23 16:00:00,LINE-C,MC-07,PRD-B,5,38900.0,3700.0,0,,0.21002716634133786,1,random_forest
SH-MC-07-2025032400,2025-03-24 00:00:00,LINE-C,MC-07,PRD-C,5,38900.0,3700.0,0,,0.042739119032548574,0,random_forest
SH-MC-07-2025032408,2025-03-24 08:00:00,LINE-C,MC-07,PRD-C,5,38900.0,3700.0,0,,0.040820616921341375,0,random_forest
SH-MC-07-2025032416,2025-03-24 16:00:00,LINE-C,MC-07,PRD-C,5,38900.0,3700.0,0,,0.05662636017103173,0,random_forest
SH-MC-07-2025032500,2025-03-25 00:00:00,LINE-C,MC-07,PRD-C,5,38900.0,3700.0,0,,0.048849303056277965,0,random_forest
SH-MC-07-2025032508,2025-03-25 08:00:00,LINE-C,MC-07,PRD-C,5,38900.0,3700.0,0,,0.05736347202618381,0,random_forest
SH-MC-07-2025032516,2025-03-25 16:00:00,LINE-C,MC-07,PRD-C,5,38900.0,3700.0,0,,0.05318052575461497,0,random_forest
SH-MC-07-2025032600,2025-03-26 00:00:00,LINE-C,MC-07,PRD-D,5,38900.0,3700.0,0,,0.049852283616242804,0,random_forest
SH-MC-07-2025032608,2025-03-26 08:00:00,LINE-C,MC-07,PRD-D,5,38900.0,3700.0,0,,0.0794103298547373,0,random_forest
SH-MC-07-2025032616,2025-03-26 16:00:00,LINE-C,MC-07,PRD-D,5,38900.0,3700.0,0,,0.07136538934042036,0,random_forest
SH-MC-07-2025032700,2025-03-27 00:00:00,LINE-C,MC-07,PRD-D,5,38900.0,3700.0,0,,0.07434017910387061,0,random_forest
SH-MC-07-2025032708,2025-03-27 08:00:00,LINE-C,MC-07,PRD-D,5,38900.0,3700.0,0,,0.07256292393239724,0,random_forest
SH-MC-07-2025032716,2025-03-27 16:00:00,LINE-C,MC-07,PRD-D,5,38900.0,3700.0,0,,0.10818125717534051,0,random_forest
SH-MC-07-2025032800,2025-03-28 00:00:00,LINE-C,MC-07,PRD-A,5,38900.0,3700.0,1,24.0,0.18751718568051007,1,random_forest
SH-MC-07-2025032808,2025-03-28 08:00:00,LINE-C,MC-07,PRD-A,5,38900.0,3700.0,1,16.0,0.1559376814431934,1,random_forest
SH-MC-07-2025032816,2025-03-28 16:00:00,LINE-C,MC-07,PRD-A,5,38900.0,3700.0,1,8.0,0.24914279254721441,1,random_forest
SH-MC-07-2025032900,2025-03-29 00:00:00,LINE-C,MC-07,PRD-A,5,38900.0,3700.0,0,,0.23320331845457853,1,random_forest
SH-MC-07-2025032908,2025-03-29 08:00:00,LINE-C,MC-07,PRD-A,5,38900.0,3700.0,0,,0.04437493516523073,0,random_forest
SH-MC-07-2025032916,2025-03-29 16:00:00,LINE-C,MC-07,PRD-A,5,38900.0,3700.0,0,,0.04791434515889413,0,random_forest
SH-MC-07-2025033000,2025-03-30 00:00:00,LINE-C,MC-07,PRD-B,5,38900.0,3700.0,0,,0.051318580668997624,0,random_forest
SH-MC-07-2025033008,2025-03-30 08:00:00,LINE-C,MC-07,PRD-B,5,38900.0,3700.0,0,,0.0615630169243664,0,random_forest
SH-MC-07-2025033016,2025-03-30 16:00:00,LINE-C,MC-07,PRD-B,5,38900.0,3700.0,0,,0.06853710646218959,0,random_forest
SH-MC-07-2025033100,2025-03-31 00:00:00,LINE-C,MC-07,PRD-B,5,38900.0,3700.0,0,,0.07362691047849775,0,random_forest
SH-MC-07-2025033108,2025-03-31 08:00:00,LINE-C,MC-07,PRD-B,5,38900.0,3700.0,0,,0.06712203691472775,0,random_forest
SH-MC-07-2025033116,2025-03-31 16:00:00,LINE-C,MC-07,PRD-B,5,38900.0,3700.0,0,,0.09766210862023723,0,random_forest
SH-MC-07-2025040100,2025-04-01 00:00:00,LINE-C,MC-07,PRD-C,5,38900.0,3700.0,0,,0.0631454914685783,0,random_forest
SH-MC-07-2025040108,2025-04-01 08:00:00,LINE-C,MC-07,PRD-C,5,38900.0,3700.0,0,,0.0700909895064226,0,random_forest
SH-MC-07-2025040116,2025-04-01 16:00:00,LINE-C,MC-07,PRD-C,5,38900.0,3700.0,0,,0.08081170207922007,0,random_forest
SH-MC-07-2025040200,2025-04-02 00:00:00,LINE-C,MC-07,PRD-C,5,38900.0,3700.0,0,,0.08240855580902721,0,random_forest
SH-MC-07-2025040208,2025-04-02 08:00:00,LINE-C,MC-07,PRD-C,5,38900.0,3700.0,0,,0.07566297711437688,0,random_forest
SH-MC-07-2025040216,2025-04-02 16:00:00,LINE-C,MC-07,PRD-C,5,38900.0,3700.0,0,,0.08687166096687796,0,random_forest
SH-MC-07-2025040300,2025-04-03 00:00:00,LINE-C,MC-07,PRD-D,5,38900.0,3700.0,0,,0.08458567992892692,0,random_forest
SH-MC-07-2025040308,2025-04-03 08:00:00,LINE-C,MC-07,PRD-D,5,38900.0,3700.0,0,,0.07852397996354378,0,random_forest
SH-MC-07-2025040316,2025-04-03 16:00:00,LINE-C,MC-07,PRD-D,5,38900.0,3700.0,0,,0.0819933980523263,0,random_forest
SH-MC-07-2025040400,2025-04-04 00:00:00,LINE-C,MC-07,PRD-D,5,38900.0,3700.0,0,,0.08198818050223732,0,random_forest
SH-MC-07-2025040408,2025-04-04 08:00:00,LINE-C,MC-07,PRD-D,5,38900.0,3700.0,0,,0.11604642697263014,0,random_forest
SH-MC-07-2025040416,2025-04-04 16:00:00,LINE-C,MC-07,PRD-D,5,38900.0,3700.0,0,,0.13730998810573092,0,random_forest
SH-MC-07-2025040500,2025-04-05 00:00:00,LINE-C,MC-07,PRD-A,5,38900.0,3700.0,0,,0.16914247567742363,1,random_forest
SH-MC-07-2025040508,2025-04-05 08:00:00,LINE-C,MC-07,PRD-A,5,38900.0,3700.0,0,,0.14832469196738773,1,random_forest
SH-MC-07-2025040516,2025-04-05 16:00:00,LINE-C,MC-07,PRD-A,5,38900.0,3700.0,0,,0.2300999095649054,1,random_forest
SH-MC-07-2025040600,2025-04-06 00:00:00,LINE-C,MC-07,PRD-A,5,38900.0,3700.0,0,,0.26878769017753135,1,random_forest
SH-MC-07-2025040608,2025-04-06 08:00:00,LINE-C,MC-07,PRD-A,5,38900.0,3700.0,0,,0.2597015662210741,1,random_forest
SH-MC-07-2025040616,2025-04-06 16:00:00,LINE-C,MC-07,PRD-A,5,38900.0,3700.0,0,,0.28965403455410305,1,random_forest
SH-MC-07-2025040700,2025-04-07 00:00:00,LINE-C,MC-07,PRD-B,5,38900.0,3700.0,0,,0.3182611429361748,1,random_forest
SH-MC-07-2025040708,2025-04-07 08:00:00,LINE-C,MC-07,PRD-B,5,38900.0,3700.0,0,,0.35053529143076445,1,random_forest
SH-MC-07-2025040716,2025-04-07 16:00:00,LINE-C,MC-07,PRD-B,5,38900.0,3700.0,0,,0.3345963457014249,1,random_forest
SH-MC-07-2025040800,2025-04-08 00:00:00,LINE-C,MC-07,PRD-B,5,38900.0,3700.0,0,,0.3840462956179188,1,random_forest
SH-MC-07-2025040808,2025-04-08 08:00:00,LINE-C,MC-07,PRD-B,5,38900.0,3700.0,0,,0.42315702772935826,1,random_forest
SH-MC-07-2025040816,2025-04-08 16:00:00,LINE-C,MC-07,PRD-B,5,38900.0,3700.0,0,,0.3548433919347993,1,random_forest
SH-MC-07-2025040900,2025-04-09 00:00:00,LINE-C,MC-07,PRD-C,5,38900.0,3700.0,0,,0.46175275406899596,1,random_forest
SH-MC-07-2025040908,2025-04-09 08:00:00,LINE-C,MC-07,PRD-C,5,38900.0,3700.0,0,,0.3538769046304589,1,random_forest
SH-MC-07-2025040916,2025-04-09 16:00:00,LINE-C,MC-07,PRD-C,5,38900.0,3700.0,0,,0.5151959325487989,1,random_forest
SH-MC-07-2025041000,2025-04-10 00:00:00,LINE-C,MC-07,PRD-C,5,38900.0,3700.0,1,24.0,0.5735067480563656,1,random_forest
SH-MC-07-2025041008,2025-04-10 08:00:00,LINE-C,MC-07,PRD-C,5,38900.0,3700.0,1,16.0,0.5879784249784833,1,random_forest
SH-MC-07-2025041016,2025-04-10 16:00:00,LINE-C,MC-07,PRD-C,5,38900.0,3700.0,1,8.0,0.517003720352437,1,random_forest
SH-MC-07-2025041100,2025-04-11 00:00:00,LINE-C,MC-07,PRD-D,5,38900.0,3700.0,0,,0.5334989508839443,1,random_forest
SH-MC-07-2025041108,2025-04-11 08:00:00,LINE-C,MC-07,PRD-D,5,38900.0,3700.0,0,,0.06310924834496412,0,random_forest
SH-MC-07-2025041116,2025-04-11 16:00:00,LINE-C,MC-07,PRD-D,5,38900.0,3700.0,0,,0.0840517266780619,0,random_forest
SH-MC-07-2025041200,2025-04-12 00:00:00,LINE-C,MC-07,PRD-D,5,38900.0,3700.0,0,,0.11107854596383043,0,random_forest
SH-MC-07-2025041208,2025-04-12 08:00:00,LINE-C,MC-07,PRD-D,5,38900.0,3700.0,0,,0.07940297968705999,0,random_forest
SH-MC-07-2025041216,2025-04-12 16:00:00,LINE-C,MC-07,PRD-D,5,38900.0,3700.0,0,,0.08833208629087598,0,random_forest
SH-MC-07-2025041300,2025-04-13 00:00:00,LINE-C,MC-07,PRD-A,5,38900.0,3700.0,0,,0.12926739242745555,0,random_forest
SH-MC-07-2025041308,2025-04-13 08:00:00,LINE-C,MC-07,PRD-A,5,38900.0,3700.0,0,,0.10611482034950262,0,random_forest
SH-MC-07-2025041316,2025-04-13 16:00:00,LINE-C,MC-07,PRD-A,5,38900.0,3700.0,1,24.0,0.14575125578809703,0,random_forest
SH-MC-07-2025041400,2025-04-14 00:00:00,LINE-C,MC-07,PRD-A,5,38900.0,3700.0,1,16.0,0.17520518349503905,1,random_forest
SH-MC-07-2025041408,2025-04-14 08:00:00,LINE-C,MC-07,PRD-A,5,38900.0,3700.0,1,8.0,0.24970950410520898,1,random_forest
SH-MC-07-2025041416,2025-04-14 16:00:00,LINE-C,MC-07,PRD-A,5,38900.0,3700.0,0,,0.25030766003848953,1,random_forest
SH-MC-07-2025041500,2025-04-15 00:00:00,LINE-C,MC-07,PRD-B,5,38900.0,3700.0,0,,0.05089244890391719,0,random_forest
SH-MC-07-2025041508,2025-04-15 08:00:00,LINE-C,MC-07,PRD-B,5,38900.0,3700.0,0,,0.053047783754083346,0,random_forest
SH-MC-07-2025041516,2025-04-15 16:00:00,LINE-C,MC-07,PRD-B,5,38900.0,3700.0,0,,0.06762546400031959,0,random_forest
SH-MC-07-2025041600,2025-04-16 00:00:00,LINE-C,MC-07,PRD-B,5,38900.0,3700.0,0,,0.07306145853473033,0,random_forest
SH-MC-07-2025041608,2025-04-16 08:00:00,LINE-C,MC-07,PRD-B,5,38900.0,3700.0,0,,0.08599384703868611,0,random_forest
SH-MC-07-2025041616,2025-04-16 16:00:00,LINE-C,MC-07,PRD-B,5,38900.0,3700.0,0,,0.07272630326514895,0,random_forest
SH-MC-07-2025041700,2025-04-17 00:00:00,LINE-C,MC-07,PRD-C,5,38900.0,3700.0,0,,0.06974026577360351,0,random_forest
SH-MC-07-2025041708,2025-04-17 08:00:00,LINE-C,MC-07,PRD-C,5,38900.0,3700.0,0,,0.07253074255292177,0,random_forest
SH-MC-07-2025041716,2025-04-17 16:00:00,LINE-C,MC-07,PRD-C,5,38900.0,3700.0,0,,0.0633690633548372,0,random_forest
SH-MC-07-2025041800,2025-04-18 00:00:00,LINE-C,MC-07,PRD-C,5,38900.0,3700.0,0,,0.06987960529487701,0,random_forest
SH-MC-07-2025041808,2025-04-18 08:00:00,LINE-C,MC-07,PRD-C,5,38900.0,3700.0,0,,0.09273844489543184,0,random_forest
SH-MC-07-2025041816,2025-04-18 16:00:00,LINE-C,MC-07,PRD-C,5,38900.0,3700.0,0,,0.15152039747215706,1,random_forest
SH-MC-07-2025041900,2025-04-19 00:00:00,LINE-C,MC-07,PRD-D,5,38900.0,3700.0,0,,0.12984110769566196,0,random_forest
SH-MC-07-2025041908,2025-04-19 08:00:00,LINE-C,MC-07,PRD-D,5,38900.0,3700.0,0,,0.16347542591353553,1,random_forest
SH-MC-07-2025041916,2025-04-19 16:00:00,LINE-C,MC-07,PRD-D,5,38900.0,3700.0,0,,0.2115468371587833,1,random_forest
SH-MC-07-2025042000,2025-04-20 00:00:00,LINE-C,MC-07,PRD-D,5,38900.0,3700.0,0,,0.31052760254663564,1,random_forest
SH-MC-07-2025042008,2025-04-20 08:00:00,LINE-C,MC-07,PRD-D,5,38900.0,3700.0,0,,0.29336114990501727,1,random_forest
SH-MC-07-2025042016,2025-04-20 16:00:00,LINE-C,MC-07,PRD-D,5,38900.0,3700.0,0,,0.2931855581332414,1,random_forest
SH-MC-07-2025042100,2025-04-21 00:00:00,LINE-C,MC-07,PRD-A,5,38900.0,3700.0,0,,0.2976858303575127,1,random_forest
SH-MC-07-2025042108,2025-04-21 08:00:00,LINE-C,MC-07,PRD-A,5,38900.0,3700.0,0,,0.3824075528201737,1,random_forest
SH-MC-07-2025042116,2025-04-21 16:00:00,LINE-C,MC-07,PRD-A,5,38900.0,3700.0,0,,0.35549225688484665,1,random_forest
SH-MC-07-2025042200,2025-04-22 00:00:00,LINE-C,MC-07,PRD-A,5,38900.0,3700.0,0,,0.3590685841056143,1,random_forest
SH-MC-07-2025042208,2025-04-22 08:00:00,LINE-C,MC-07,PRD-A,5,38900.0,3700.0,1,24.0,0.3135511664239586,1,random_forest
SH-MC-07-2025042216,2025-04-22 16:00:00,LINE-C,MC-07,PRD-A,5,38900.0,3700.0,1,16.0,0.34941161596341513,1,random_forest
SH-MC-07-2025042300,2025-04-23 00:00:00,LINE-C,MC-07,PRD-B,5,38900.0,3700.0,1,8.0,0.525372359875149,1,random_forest
SH-MC-07-2025042308,2025-04-23 08:00:00,LINE-C,MC-07,PRD-B,5,38900.0,3700.0,0,,0.5323039002890687,1,random_forest
SH-MC-07-2025042316,2025-04-23 16:00:00,LINE-C,MC-07,PRD-B,5,38900.0,3700.0,0,,0.07432900281671895,0,random_forest
SH-MC-07-2025042400,2025-04-24 00:00:00,LINE-C,MC-07,PRD-B,5,38900.0,3700.0,0,,0.058744320942190655,0,random_forest
SH-MC-07-2025042408,2025-04-24 08:00:00,LINE-C,MC-07,PRD-B,5,38900.0,3700.0,0,,0.06828791605950651,0,random_forest
SH-MC-07-2025042416,2025-04-24 16:00:00,LINE-C,MC-07,PRD-B,5,38900.0,3700.0,0,,0.07576431199383732,0,random_forest
SH-MC-07-2025042500,2025-04-25 00:00:00,LINE-C,MC-07,PRD-C,5,38900.0,3700.0,0,,0.08083676719948202,0,random_forest
SH-MC-07-2025042508,2025-04-25 08:00:00,LINE-C,MC-07,PRD-C,5,38900.0,3700.0,0,,0.08934457445082779,0,random_forest
SH-MC-07-2025042516,2025-04-25 16:00:00,LINE-C,MC-07,PRD-C,5,38900.0,3700.0,0,,0.08375644805946864,0,random_forest
SH-MC-07-2025042600,2025-04-26 00:00:00,LINE-C,MC-07,PRD-C,5,38900.0,3700.0,0,,0.09934631774404641,0,random_forest
SH-MC-07-2025042608,2025-04-26 08:00:00,LINE-C,MC-07,PRD-C,5,38900.0,3700.0,0,,0.13694268745087793,0,random_forest
SH-MC-07-2025042616,2025-04-26 16:00:00,LINE-C,MC-07,PRD-C,5,38900.0,3700.0,1,24.0,0.2105589214576987,1,random_forest
SH-MC-07-2025042700,2025-04-27 00:00:00,LINE-C,MC-07,PRD-D,5,38900.0,3700.0,1,16.0,0.22902461728889265,1,random_forest
SH-MC-07-2025042708,2025-04-27 08:00:00,LINE-C,MC-07,PRD-D,5,38900.0,3700.0,1,8.0,0.18939242783277008,1,random_forest
SH-MC-07-2025042716,2025-04-27 16:00:00,LINE-C,MC-07,PRD-D,5,38900.0,3700.0,0,,0.22317912371875184,1,random_forest
SH-MC-07-2025042800,2025-04-28 00:00:00,LINE-C,MC-07,PRD-D,5,38900.0,3700.0,0,,0.04114004686322195,0,random_forest
SH-MC-07-2025042808,2025-04-28 08:00:00,LINE-C,MC-07,PRD-D,5,38900.0,3700.0,0,,0.04088912280576575,0,random_forest
SH-MC-07-2025042816,2025-04-28 16:00:00,LINE-C,MC-07,PRD-D,5,38900.0,3700.0,0,,0.05889367990927307,0,random_forest
SH-MC-07-2025042900,2025-04-29 00:00:00,LINE-C,MC-07,PRD-A,5,38900.0,3700.0,0,,0.05607910599768344,0,random_forest
SH-MC-07-2025042908,2025-04-29 08:00:00,LINE-C,MC-07,PRD-A,5,38900.0,3700.0,0,,0.05454645492032111,0,random_forest
SH-MC-07-2025042916,2025-04-29 16:00:00,LINE-C,MC-07,PRD-A,5,38900.0,3700.0,0,,0.059270251074921176,0,random_forest
SH-MC-07-2025043000,2025-04-30 00:00:00,LINE-C,MC-07,PRD-A,5,38900.0,3700.0,0,,0.058898090438628335,0,random_forest
SH-MC-07-2025043008,2025-04-30 08:00:00,LINE-C,MC-07,PRD-A,5,38900.0,3700.0,0,,0.06322956795917953,0,random_forest
SH-MC-07-2025043016,2025-04-30 16:00:00,LINE-C,MC-07,PRD-A,5,38900.0,3700.0,0,,0.08906739516649544,0,random_forest
SH-MC-07-2025050100,2025-05-01 00:00:00,LINE-C,MC-07,PRD-B,5,38900.0,3700.0,0,,0.06095991669588625,0,random_forest
SH-MC-07-2025050108,2025-05-01 08:00:00,LINE-C,MC-07,PRD-B,5,38900.0,3700.0,0,,0.07072634041233608,0,random_forest
SH-MC-07-2025050116,2025-05-01 16:00:00,LINE-C,MC-07,PRD-B,5,38900.0,3700.0,0,,0.08372478594325107,0,random_forest
SH-MC-07-2025050200,2025-05-02 00:00:00,LINE-C,MC-07,PRD-B,5,38900.0,3700.0,0,,0.07947897042084902,0,random_forest
SH-MC-07-2025050208,2025-05-02 08:00:00,LINE-C,MC-07,PRD-B,5,38900.0,3700.0,0,,0.08026239065798596,0,random_forest
SH-MC-07-2025050216,2025-05-02 16:00:00,LINE-C,MC-07,PRD-B,5,38900.0,3700.0,0,,0.07608662312437343,0,random_forest
SH-MC-07-2025050300,2025-05-03 00:00:00,LINE-C,MC-07,PRD-C,5,38900.0,3700.0,0,,0.08759045433430879,0,random_forest
SH-MC-07-2025050308,2025-05-03 08:00:00,LINE-C,MC-07,PRD-C,5,38900.0,3700.0,1,24.0,0.10138195013980272,0,random_forest
SH-MC-07-2025050316,2025-05-03 16:00:00,LINE-C,MC-07,PRD-C,5,38900.0,3700.0,1,16.0,0.07913818116469255,0,random_forest
SH-MC-07-2025050400,2025-05-04 00:00:00,LINE-C,MC-07,PRD-C,5,38900.0,3700.0,1,8.0,0.07325573758800846,0,random_forest
SH-MC-07-2025050408,2025-05-04 08:00:00,LINE-C,MC-07,PRD-C,5,38900.0,3700.0,0,,0.1747887451976699,1,random_forest
SH-MC-07-2025050416,2025-05-04 16:00:00,LINE-C,MC-07,PRD-C,5,38900.0,3700.0,0,,0.0466581620307598,0,random_forest
SH-MC-07-2025050500,2025-05-05 00:00:00,LINE-C,MC-07,PRD-D,5,38900.0,3700.0,0,,0.05859409035587473,0,random_forest
SH-MC-07-2025050508,2025-05-05 08:00:00,LINE-C,MC-07,PRD-D,5,38900.0,3700.0,0,,0.06301866882462985,0,random_forest
SH-MC-07-2025050516,2025-05-05 16:00:00,LINE-C,MC-07,PRD-D,5,38900.0,3700.0,0,,0.0845196795669646,0,random_forest
SH-MC-07-2025050600,2025-05-06 00:00:00,LINE-C,MC-07,PRD-D,5,38900.0,3700.0,0,,0.06470868948259884,0,random_forest
SH-MC-07-2025050608,2025-05-06 08:00:00,LINE-C,MC-07,PRD-D,5,38900.0,3700.0,0,,0.07538491981594528,0,random_forest
SH-MC-07-2025050616,2025-05-06 16:00:00,LINE-C,MC-07,PRD-D,5,38900.0,3700.0,0,,0.08859625316011957,0,random_forest
SH-MC-07-2025050700,2025-05-07 00:00:00,LINE-C,MC-07,PRD-A,5,38900.0,3700.0,0,,0.10663261759526647,0,random_forest
SH-MC-07-2025050708,2025-05-07 08:00:00,LINE-C,MC-07,PRD-A,5,38900.0,3700.0,0,,0.084181653627783,0,random_forest
SH-MC-07-2025050716,2025-05-07 16:00:00,LINE-C,MC-07,PRD-A,5,38900.0,3700.0,0,,0.09057850832288565,0,random_forest
SH-MC-07-2025050800,2025-05-08 00:00:00,LINE-C,MC-07,PRD-A,5,38900.0,3700.0,0,,0.10806163392385042,0,random_forest
SH-MC-07-2025050808,2025-05-08 08:00:00,LINE-C,MC-07,PRD-A,5,38900.0,3700.0,0,,0.0893950900286118,0,random_forest
SH-MC-07-2025050816,2025-05-08 16:00:00,LINE-C,MC-07,PRD-A,5,38900.0,3700.0,1,24.0,0.13317963599829813,0,random_forest
SH-MC-07-2025050900,2025-05-09 00:00:00,LINE-C,MC-07,PRD-B,5,38900.0,3700.0,1,16.0,0.11361288831861366,0,random_forest
SH-MC-07-2025050908,2025-05-09 08:00:00,LINE-C,MC-07,PRD-B,5,38900.0,3700.0,1,8.0,0.14496448455127112,0,random_forest
SH-MC-07-2025050916,2025-05-09 16:00:00,LINE-C,MC-07,PRD-B,5,38900.0,3700.0,0,,0.22313757641803064,1,random_forest
SH-MC-07-2025051000,2025-05-10 00:00:00,LINE-C,MC-07,PRD-B,5,38900.0,3700.0,0,,0.04812984812257771,0,random_forest
SH-MC-07-2025051008,2025-05-10 08:00:00,LINE-C,MC-07,PRD-B,5,38900.0,3700.0,0,,0.042356144369980385,0,random_forest
SH-MC-07-2025051016,2025-05-10 16:00:00,LINE-C,MC-07,PRD-B,5,38900.0,3700.0,0,,0.05017698522884117,0,random_forest
SH-MC-07-2025051100,2025-05-11 00:00:00,LINE-C,MC-07,PRD-C,5,38900.0,3700.0,0,,0.052838979976155234,0,random_forest
SH-MC-07-2025051108,2025-05-11 08:00:00,LINE-C,MC-07,PRD-C,5,38900.0,3700.0,0,,0.05571847520927089,0,random_forest
SH-MC-07-2025051116,2025-05-11 16:00:00,LINE-C,MC-07,PRD-C,5,38900.0,3700.0,1,24.0,0.08090640901516322,0,random_forest
SH-MC-07-2025051200,2025-05-12 00:00:00,LINE-C,MC-07,PRD-C,5,38900.0,3700.0,1,16.0,0.07406350792961346,0,random_forest
SH-MC-07-2025051208,2025-05-12 08:00:00,LINE-C,MC-07,PRD-C,5,38900.0,3700.0,1,8.0,0.06246934173226123,0,random_forest
SH-MC-07-2025051216,2025-05-12 16:00:00,LINE-C,MC-07,PRD-C,5,38900.0,3700.0,0,,0.07392744189129384,0,random_forest
SH-MC-07-2025051300,2025-05-13 00:00:00,LINE-C,MC-07,PRD-D,5,38900.0,3700.0,0,,0.042299565519061805,0,random_forest
SH-MC-07-2025051308,2025-05-13 08:00:00,LINE-C,MC-07,PRD-D,5,38900.0,3700.0,0,,0.042154482041058976,0,random_forest
SH-MC-07-2025051316,2025-05-13 16:00:00,LINE-C,MC-07,PRD-D,5,38900.0,3700.0,0,,0.041285447613995205,0,random_forest
SH-MC-07-2025051400,2025-05-14 00:00:00,LINE-C,MC-07,PRD-D,5,38900.0,3700.0,0,,0.0632488454019151,0,random_forest
SH-MC-07-2025051408,2025-05-14 08:00:00,LINE-C,MC-07,PRD-D,5,38900.0,3700.0,0,,0.0500466896563923,0,random_forest
SH-MC-07-2025051416,2025-05-14 16:00:00,LINE-C,MC-07,PRD-D,5,38900.0,3700.0,0,,0.06736217010962439,0,random_forest
SH-MC-07-2025051500,2025-05-15 00:00:00,LINE-C,MC-07,PRD-A,5,38900.0,3700.0,0,,0.04897078786085151,0,random_forest
SH-MC-07-2025051508,2025-05-15 08:00:00,LINE-C,MC-07,PRD-A,5,38900.0,3700.0,0,,0.08009518418435019,0,random_forest
SH-MC-07-2025051516,2025-05-15 16:00:00,LINE-C,MC-07,PRD-A,5,38900.0,3700.0,0,,0.0687388316869168,0,random_forest
SH-MC-07-2025051600,2025-05-16 00:00:00,LINE-C,MC-07,PRD-A,5,38900.0,3700.0,0,,0.07141852757732937,0,random_forest
SH-MC-07-2025051608,2025-05-16 08:00:00,LINE-C,MC-07,PRD-A,5,38900.0,3700.0,0,,0.05760689249552613,0,random_forest
SH-MC-07-2025051616,2025-05-16 16:00:00,LINE-C,MC-07,PRD-A,5,38900.0,3700.0,0,,0.06518528992748442,0,random_forest
SH-MC-07-2025051700,2025-05-17 00:00:00,LINE-C,MC-07,PRD-B,5,38900.0,3700.0,0,,0.1306662800542845,0,random_forest
SH-MC-07-2025051708,2025-05-17 08:00:00,LINE-C,MC-07,PRD-B,5,38900.0,3700.0,0,,0.10690023387389716,0,random_forest
SH-MC-07-2025051716,2025-05-17 16:00:00,LINE-C,MC-07,PRD-B,5,38900.0,3700.0,0,,0.21800654183988824,1,random_forest
SH-MC-07-2025051800,2025-05-18 00:00:00,LINE-C,MC-07,PRD-B,5,38900.0,3700.0,0,,0.1446206600316998,0,random_forest
SH-MC-07-2025051808,2025-05-18 08:00:00,LINE-C,MC-07,PRD-B,5,38900.0,3700.0,0,,0.15086263808498182,1,random_forest
SH-MC-07-2025051816,2025-05-18 16:00:00,LINE-C,MC-07,PRD-B,5,38900.0,3700.0,0,,0.3184535451789272,1,random_forest
SH-MC-07-2025051900,2025-05-19 00:00:00,LINE-C,MC-07,PRD-C,5,38900.0,3700.0,0,,0.25609176265762595,1,random_forest
SH-MC-07-2025051908,2025-05-19 08:00:00,LINE-C,MC-07,PRD-C,5,38900.0,3700.0,0,,0.2523946072266024,1,random_forest
SH-MC-07-2025051916,2025-05-19 16:00:00,LINE-C,MC-07,PRD-C,5,38900.0,3700.0,0,,0.30583297161132844,1,random_forest
SH-MC-07-2025052000,2025-05-20 00:00:00,LINE-C,MC-07,PRD-C,5,38900.0,3700.0,0,,0.27835725898368185,1,random_forest
SH-MC-07-2025052008,2025-05-20 08:00:00,LINE-C,MC-07,PRD-C,5,38900.0,3700.0,0,,0.25837920837680517,1,random_forest
SH-MC-07-2025052016,2025-05-20 16:00:00,LINE-C,MC-07,PRD-C,5,38900.0,3700.0,0,,0.2811795722102159,1,random_forest
SH-MC-07-2025052100,2025-05-21 00:00:00,LINE-C,MC-07,PRD-D,5,38900.0,3700.0,0,,0.3687323665241871,1,random_forest
SH-MC-07-2025052108,2025-05-21 08:00:00,LINE-C,MC-07,PRD-D,5,38900.0,3700.0,0,,0.3116871274975083,1,random_forest
SH-MC-07-2025052116,2025-05-21 16:00:00,LINE-C,MC-07,PRD-D,5,38900.0,3700.0,1,24.0,0.4322117745897214,1,random_forest
SH-MC-07-2025052200,2025-05-22 00:00:00,LINE-C,MC-07,PRD-D,5,38900.0,3700.0,1,16.0,0.5384074473713732,1,random_forest
SH-MC-07-2025052208,2025-05-22 08:00:00,LINE-C,MC-07,PRD-D,5,38900.0,3700.0,1,8.0,0.4805651638751954,1,random_forest
SH-MC-07-2025052216,2025-05-22 16:00:00,LINE-C,MC-07,PRD-D,5,38900.0,3700.0,0,,0.56670842047988,1,random_forest
SH-MC-07-2025052300,2025-05-23 00:00:00,LINE-C,MC-07,PRD-A,5,38900.0,3700.0,0,,0.04835172686087609,0,random_forest
SH-MC-07-2025052308,2025-05-23 08:00:00,LINE-C,MC-07,PRD-A,5,38900.0,3700.0,0,,0.06164353443027221,0,random_forest
SH-MC-07-2025052316,2025-05-23 16:00:00,LINE-C,MC-07,PRD-A,5,38900.0,3700.0,0,,0.07016676364738014,0,random_forest
SH-MC-07-2025052400,2025-05-24 00:00:00,LINE-C,MC-07,PRD-A,5,38900.0,3700.0,0,,0.07533158156526516,0,random_forest
SH-MC-07-2025052408,2025-05-24 08:00:00,LINE-C,MC-07,PRD-A,5,38900.0,3700.0,0,,0.06709312239553317,0,random_forest
SH-MC-07-2025052416,2025-05-24 16:00:00,LINE-C,MC-07,PRD-A,5,38900.0,3700.0,0,,0.08354174973639616,0,random_forest
SH-MC-07-2025052500,2025-05-25 00:00:00,LINE-C,MC-07,PRD-B,5,38900.0,3700.0,0,,0.07661753144127043,0,random_forest
SH-MC-07-2025052508,2025-05-25 08:00:00,LINE-C,MC-07,PRD-B,5,38900.0,3700.0,0,,0.09157697414816386,0,random_forest
SH-MC-07-2025052516,2025-05-25 16:00:00,LINE-C,MC-07,PRD-B,5,38900.0,3700.0,0,,0.17064580890908512,1,random_forest
SH-MC-07-2025052600,2025-05-26 00:00:00,LINE-C,MC-07,PRD-B,5,38900.0,3700.0,0,,0.1726087483116186,1,random_forest
SH-MC-07-2025052608,2025-05-26 08:00:00,LINE-C,MC-07,PRD-B,5,38900.0,3700.0,0,,0.25540252578741024,1,random_forest
SH-MC-07-2025052616,2025-05-26 16:00:00,LINE-C,MC-07,PRD-B,5,38900.0,3700.0,0,,0.26305552566614554,1,random_forest
SH-MC-07-2025052700,2025-05-27 00:00:00,LINE-C,MC-07,PRD-C,5,38900.0,3700.0,0,,0.19791390164645167,1,random_forest
SH-MC-07-2025052708,2025-05-27 08:00:00,LINE-C,MC-07,PRD-C,5,38900.0,3700.0,0,,0.2011573977124853,1,random_forest
SH-MC-07-2025052716,2025-05-27 16:00:00,LINE-C,MC-07,PRD-C,5,38900.0,3700.0,0,,0.27615796447907937,1,random_forest
SH-MC-07-2025052800,2025-05-28 00:00:00,LINE-C,MC-07,PRD-C,5,38900.0,3700.0,0,,0.2723720490274408,1,random_forest
SH-MC-07-2025052808,2025-05-28 08:00:00,LINE-C,MC-07,PRD-C,5,38900.0,3700.0,0,,0.2980057687190897,1,random_forest
SH-MC-07-2025052816,2025-05-28 16:00:00,LINE-C,MC-07,PRD-C,5,38900.0,3700.0,0,,0.30161863980849163,1,random_forest
SH-MC-07-2025052900,2025-05-29 00:00:00,LINE-C,MC-07,PRD-D,5,38900.0,3700.0,0,,0.28406073742497356,1,random_forest
SH-MC-07-2025052908,2025-05-29 08:00:00,LINE-C,MC-07,PRD-D,5,38900.0,3700.0,0,,0.4044728591660469,1,random_forest
SH-MC-07-2025052916,2025-05-29 16:00:00,LINE-C,MC-07,PRD-D,5,38900.0,3700.0,1,24.0,0.4053569800218739,1,random_forest
SH-MC-07-2025053000,2025-05-30 00:00:00,LINE-C,MC-07,PRD-D,5,38900.0,3700.0,1,16.0,0.47563450552113656,1,random_forest
SH-MC-07-2025053008,2025-05-30 08:00:00,LINE-C,MC-07,PRD-D,5,38900.0,3700.0,1,8.0,0.5827990405673288,1,random_forest
SH-MC-07-2025053016,2025-05-30 16:00:00,LINE-C,MC-07,PRD-D,5,38900.0,3700.0,1,16.0,0.5741714383188321,1,random_forest
SH-MC-07-2025053100,2025-05-31 00:00:00,LINE-C,MC-07,PRD-A,5,38900.0,3700.0,1,8.0,0.05301193299911857,0,random_forest
SH-MC-07-2025053108,2025-05-31 08:00:00,LINE-C,MC-07,PRD-A,5,38900.0,3700.0,0,,0.06619333746317,0,random_forest
SH-MC-07-2025053116,2025-05-31 16:00:00,LINE-C,MC-07,PRD-A,5,38900.0,3700.0,0,,0.05375589921390179,0,random_forest
SH-MC-07-2025060100,2025-06-01 00:00:00,LINE-C,MC-07,PRD-A,5,38900.0,3700.0,0,,0.05534907965596675,0,random_forest
SH-MC-07-2025060108,2025-06-01 08:00:00,LINE-C,MC-07,PRD-A,5,38900.0,3700.0,0,,0.07048842244907773,0,random_forest
SH-MC-07-2025060116,2025-06-01 16:00:00,LINE-C,MC-07,PRD-A,5,38900.0,3700.0,0,,0.062056344502596096,0,random_forest
SH-MC-07-2025060200,2025-06-02 00:00:00,LINE-C,MC-07,PRD-B,5,38900.0,3700.0,0,,0.0594539251182248,0,random_forest
SH-MC-07-2025060208,2025-06-02 08:00:00,LINE-C,MC-07,PRD-B,5,38900.0,3700.0,0,,0.06729948259634733,0,random_forest
SH-MC-07-2025060216,2025-06-02 16:00:00,LINE-C,MC-07,PRD-B,5,38900.0,3700.0,0,,0.0640558056106145,0,random_forest
SH-MC-07-2025060300,2025-06-03 00:00:00,LINE-C,MC-07,PRD-B,5,38900.0,3700.0,0,,0.06121553707190483,0,random_forest
SH-MC-07-2025060308,2025-06-03 08:00:00,LINE-C,MC-07,PRD-B,5,38900.0,3700.0,0,,0.05910544396886764,0,random_forest
SH-MC-07-2025060316,2025-06-03 16:00:00,LINE-C,MC-07,PRD-B,5,38900.0,3700.0,0,,0.06341145737263733,0,random_forest
SH-MC-07-2025060400,2025-06-04 00:00:00,LINE-C,MC-07,PRD-C,5,38900.0,3700.0,0,,0.059810038812468914,0,random_forest
SH-MC-07-2025060408,2025-06-04 08:00:00,LINE-C,MC-07,PRD-C,5,38900.0,3700.0,0,,0.08141827061677091,0,random_forest
SH-MC-07-2025060416,2025-06-04 16:00:00,LINE-C,MC-07,PRD-C,5,38900.0,3700.0,0,,0.07652812734949517,0,random_forest
SH-MC-07-2025060500,2025-06-05 00:00:00,LINE-C,MC-07,PRD-C,5,38900.0,3700.0,0,,0.09541017433824464,0,random_forest
SH-MC-07-2025060508,2025-06-05 08:00:00,LINE-C,MC-07,PRD-C,5,38900.0,3700.0,0,,0.08477222109499771,0,random_forest
SH-MC-07-2025060516,2025-06-05 16:00:00,LINE-C,MC-07,PRD-C,5,38900.0,3700.0,0,,0.08659309016246733,0,random_forest
SH-MC-07-2025060600,2025-06-06 00:00:00,LINE-C,MC-07,PRD-D,5,38900.0,3700.0,1,24.0,0.10753617224118016,0,random_forest
SH-MC-07-2025060608,2025-06-06 08:00:00,LINE-C,MC-07,PRD-D,5,38900.0,3700.0,1,16.0,0.1503672965671916,1,random_forest
SH-MC-07-2025060616,2025-06-06 16:00:00,LINE-C,MC-07,PRD-D,5,38900.0,3700.0,1,8.0,0.13499763257954547,0,random_forest
SH-MC-07-2025060700,2025-06-07 00:00:00,LINE-C,MC-07,PRD-D,5,38900.0,3700.0,0,,0.24977822221805196,1,random_forest
SH-MC-07-2025060708,2025-06-07 08:00:00,LINE-C,MC-07,PRD-D,5,38900.0,3700.0,0,,0.048038460920204744,0,random_forest
SH-MC-07-2025060716,2025-06-07 16:00:00,LINE-C,MC-07,PRD-D,5,38900.0,3700.0,0,,0.06012605713721337,0,random_forest
SH-MC-07-2025060800,2025-06-08 00:00:00,LINE-C,MC-07,PRD-A,5,38900.0,3700.0,0,,0.08563368857825168,0,random_forest
SH-MC-07-2025060808,2025-06-08 08:00:00,LINE-C,MC-07,PRD-A,5,38900.0,3700.0,0,,0.0726615215132333,0,random_forest
SH-MC-07-2025060816,2025-06-08 16:00:00,LINE-C,MC-07,PRD-A,5,38900.0,3700.0,0,,0.07197233077953372,0,random_forest
SH-MC-07-2025060900,2025-06-09 00:00:00,LINE-C,MC-07,PRD-A,5,38900.0,3700.0,0,,0.06862668511630997,0,random_forest
SH-MC-07-2025060908,2025-06-09 08:00:00,LINE-C,MC-07,PRD-A,5,38900.0,3700.0,0,,0.08659887926773031,0,random_forest
SH-MC-07-2025060916,2025-06-09 16:00:00,LINE-C,MC-07,PRD-A,5,38900.0,3700.0,0,,0.08694140564902741,0,random_forest
SH-MC-07-2025061000,2025-06-10 00:00:00,LINE-C,MC-07,PRD-B,5,38900.0,3700.0,0,,0.08570400559992866,0,random_forest
SH-MC-07-2025061008,2025-06-10 08:00:00,LINE-C,MC-07,PRD-B,5,38900.0,3700.0,0,,0.0822861499620756,0,random_forest
SH-MC-07-2025061016,2025-06-10 16:00:00,LINE-C,MC-07,PRD-B,5,38900.0,3700.0,0,,0.09439216914865133,0,random_forest
SH-MC-07-2025061100,2025-06-11 00:00:00,LINE-C,MC-07,PRD-B,5,38900.0,3700.0,0,,0.0830235298877416,0,random_forest
SH-MC-07-2025061108,2025-06-11 08:00:00,LINE-C,MC-07,PRD-B,5,38900.0,3700.0,0,,0.08939944154237862,0,random_forest
SH-MC-07-2025061116,2025-06-11 16:00:00,LINE-C,MC-07,PRD-B,5,38900.0,3700.0,0,,0.22383948213094565,1,random_forest
SH-MC-07-2025061200,2025-06-12 00:00:00,LINE-C,MC-07,PRD-C,5,38900.0,3700.0,0,,0.24353843481588952,1,random_forest
SH-MC-07-2025061208,2025-06-12 08:00:00,LINE-C,MC-07,PRD-C,5,38900.0,3700.0,0,,0.19101895278693343,1,random_forest
SH-MC-07-2025061216,2025-06-12 16:00:00,LINE-C,MC-07,PRD-C,5,38900.0,3700.0,0,,0.2896365507411793,1,random_forest
SH-MC-07-2025061300,2025-06-13 00:00:00,LINE-C,MC-07,PRD-C,5,38900.0,3700.0,0,,0.16905735429529273,1,random_forest
SH-MC-07-2025061308,2025-06-13 08:00:00,LINE-C,MC-07,PRD-C,5,38900.0,3700.0,0,,0.278355400574438,1,random_forest
SH-MC-07-2025061316,2025-06-13 16:00:00,LINE-C,MC-07,PRD-C,5,38900.0,3700.0,1,24.0,0.20800203850802446,1,random_forest
SH-MC-07-2025061400,2025-06-14 00:00:00,LINE-C,MC-07,PRD-D,5,38900.0,3700.0,1,16.0,0.30403020643145623,1,random_forest
SH-MC-07-2025061408,2025-06-14 08:00:00,LINE-C,MC-07,PRD-D,5,38900.0,3700.0,1,8.0,0.337972399100642,1,random_forest
SH-MC-07-2025061416,2025-06-14 16:00:00,LINE-C,MC-07,PRD-D,5,38900.0,3700.0,0,,0.3630926191111524,1,random_forest
SH-MC-07-2025061500,2025-06-15 00:00:00,LINE-C,MC-07,PRD-D,5,38900.0,3700.0,0,,0.05715046224947607,0,random_forest
SH-MC-07-2025061508,2025-06-15 08:00:00,LINE-C,MC-07,PRD-D,5,38900.0,3700.0,0,,0.06750846703186868,0,random_forest
SH-MC-07-2025061516,2025-06-15 16:00:00,LINE-C,MC-07,PRD-D,5,38900.0,3700.0,0,,0.0900965740324166,0,random_forest
SH-MC-07-2025061600,2025-06-16 00:00:00,LINE-C,MC-07,PRD-A,5,38900.0,3700.0,0,,0.07730970727233201,0,random_forest
SH-MC-07-2025061608,2025-06-16 08:00:00,LINE-C,MC-07,PRD-A,5,38900.0,3700.0,0,,0.07708394929794452,0,random_forest
SH-MC-07-2025061616,2025-06-16 16:00:00,LINE-C,MC-07,PRD-A,5,38900.0,3700.0,0,,0.07989868034542706,0,random_forest
SH-MC-07-2025061700,2025-06-17 00:00:00,LINE-C,MC-07,PRD-A,5,38900.0,3700.0,0,,0.08338144203880433,0,random_forest
SH-MC-07-2025061708,2025-06-17 08:00:00,LINE-C,MC-07,PRD-A,5,38900.0,3700.0,0,,0.08406710933918392,0,random_forest
SH-MC-07-2025061716,2025-06-17 16:00:00,LINE-C,MC-07,PRD-A,5,38900.0,3700.0,0,,0.12760546306441609,0,random_forest
SH-MC-07-2025061800,2025-06-18 00:00:00,LINE-C,MC-07,PRD-B,5,38900.0,3700.0,0,,0.11817362174403592,0,random_forest
SH-MC-07-2025061808,2025-06-18 08:00:00,LINE-C,MC-07,PRD-B,5,38900.0,3700.0,0,,0.1404696925939221,0,random_forest
SH-MC-07-2025061816,2025-06-18 16:00:00,LINE-C,MC-07,PRD-B,5,38900.0,3700.0,0,,0.14629009307410362,0,random_forest
SH-MC-07-2025061900,2025-06-19 00:00:00,LINE-C,MC-07,PRD-B,5,38900.0,3700.0,0,,0.19510968563444908,1,random_forest
SH-MC-07-2025061908,2025-06-19 08:00:00,LINE-C,MC-07,PRD-B,5,38900.0,3700.0,0,,0.22917610389310447,1,random_forest
SH-MC-07-2025061916,2025-06-19 16:00:00,LINE-C,MC-07,PRD-B,5,38900.0,3700.0,0,,0.2822291564914272,1,random_forest
SH-MC-07-2025062000,2025-06-20 00:00:00,LINE-C,MC-07,PRD-C,5,38900.0,3700.0,0,,0.2238773832758852,1,random_forest
SH-MC-07-2025062008,2025-06-20 08:00:00,LINE-C,MC-07,PRD-C,5,38900.0,3700.0,0,,0.2546574477366776,1,random_forest
SH-MC-07-2025062016,2025-06-20 16:00:00,LINE-C,MC-07,PRD-C,5,38900.0,3700.0,0,,0.2591415136454509,1,random_forest
SH-MC-07-2025062100,2025-06-21 00:00:00,LINE-C,MC-07,PRD-C,5,38900.0,3700.0,0,,0.258001803656429,1,random_forest
SH-MC-07-2025062108,2025-06-21 08:00:00,LINE-C,MC-07,PRD-C,5,38900.0,3700.0,0,,0.2809216789958064,1,random_forest
SH-MC-07-2025062116,2025-06-21 16:00:00,LINE-C,MC-07,PRD-C,5,38900.0,3700.0,0,,0.4233598945012765,1,random_forest
SH-MC-07-2025062200,2025-06-22 00:00:00,LINE-C,MC-07,PRD-D,5,38900.0,3700.0,0,,0.3492324120013755,1,random_forest
SH-MC-07-2025062208,2025-06-22 08:00:00,LINE-C,MC-07,PRD-D,5,38900.0,3700.0,0,,0.39269462309881464,1,random_forest
SH-MC-07-2025062216,2025-06-22 16:00:00,LINE-C,MC-07,PRD-D,5,38900.0,3700.0,0,,0.3541146955968094,1,random_forest
SH-MC-07-2025062300,2025-06-23 00:00:00,LINE-C,MC-07,PRD-D,5,38900.0,3700.0,0,,0.5256884826038313,1,random_forest
SH-MC-07-2025062308,2025-06-23 08:00:00,LINE-C,MC-07,PRD-D,5,38900.0,3700.0,1,24.0,0.5740969514709525,1,random_forest
SH-MC-07-2025062316,2025-06-23 16:00:00,LINE-C,MC-07,PRD-D,5,38900.0,3700.0,1,16.0,0.5521887450613889,1,random_forest
SH-MC-07-2025062400,2025-06-24 00:00:00,LINE-C,MC-07,PRD-A,5,38900.0,3700.0,1,8.0,0.6229122777470619,1,random_forest
SH-MC-07-2025062408,2025-06-24 08:00:00,LINE-C,MC-07,PRD-A,5,38900.0,3700.0,0,,0.47571331384965704,1,random_forest
SH-MC-07-2025062416,2025-06-24 16:00:00,LINE-C,MC-07,PRD-A,5,38900.0,3700.0,0,,0.054774979885108654,0,random_forest
SH-MC-07-2025062500,2025-06-25 00:00:00,LINE-C,MC-07,PRD-A,5,38900.0,3700.0,0,,0.08827483977997654,0,random_forest
SH-MC-07-2025062508,2025-06-25 08:00:00,LINE-C,MC-07,PRD-A,5,38900.0,3700.0,0,,0.10081591766025357,0,random_forest
SH-MC-07-2025062516,2025-06-25 16:00:00,LINE-C,MC-07,PRD-A,5,38900.0,3700.0,0,,0.07209908503183876,0,random_forest
SH-MC-07-2025062600,2025-06-26 00:00:00,LINE-C,MC-07,PRD-B,5,38900.0,3700.0,0,,0.07397263053728624,0,random_forest
SH-MC-07-2025062608,2025-06-26 08:00:00,LINE-C,MC-07,PRD-B,5,38900.0,3700.0,0,,0.08237180396385121,0,random_forest
SH-MC-07-2025062616,2025-06-26 16:00:00,LINE-C,MC-07,PRD-B,5,38900.0,3700.0,0,,0.12185905591261519,0,random_forest
SH-MC-07-2025062700,2025-06-27 00:00:00,LINE-C,MC-07,PRD-B,5,38900.0,3700.0,0,,0.11119426364930084,0,random_forest
SH-MC-07-2025062708,2025-06-27 08:00:00,LINE-C,MC-07,PRD-B,5,38900.0,3700.0,0,,0.19446012925407594,1,random_forest
SH-MC-07-2025062716,2025-06-27 16:00:00,LINE-C,MC-07,PRD-B,5,38900.0,3700.0,0,,0.21527493311812698,1,random_forest
SH-MC-07-2025062800,2025-06-28 00:00:00,LINE-C,MC-07,PRD-C,5,38900.0,3700.0,1,24.0,0.16622554176193838,1,random_forest
SH-MC-07-2025062808,2025-06-28 08:00:00,LINE-C,MC-07,PRD-C,5,38900.0,3700.0,1,16.0,0.2188878158910555,1,random_forest
SH-MC-07-2025062816,2025-06-28 16:00:00,LINE-C,MC-07,PRD-C,5,38900.0,3700.0,1,8.0,0.22739109045466416,1,random_forest
SH-MC-07-2025062900,2025-06-29 00:00:00,LINE-C,MC-07,PRD-C,5,38900.0,3700.0,0,,0.24684827523607397,1,random_forest
SH-MC-07-2025062908,2025-06-29 08:00:00,LINE-C,MC-07,PRD-C,5,38900.0,3700.0,0,,0.04774506228037576,0,random_forest
SH-MC-07-2025062916,2025-06-29 16:00:00,LINE-C,MC-07,PRD-C,5,38900.0,3700.0,0,,0.05425437206193842,0,random_forest
SH-MC-08-2025030100,2025-03-01 00:00:00,LINE-C,MC-08,PRD-D,3,27900.0,3040.0,1,16.0,0.2616574474085687,1,random_forest
SH-MC-08-2025030108,2025-03-01 08:00:00,LINE-C,MC-08,PRD-D,3,27900.0,3040.0,1,8.0,0.2411674538202063,1,random_forest
SH-MC-08-2025030116,2025-03-01 16:00:00,LINE-C,MC-08,PRD-D,3,27900.0,3040.0,0,,0.248401230680568,1,random_forest
SH-MC-08-2025030200,2025-03-02 00:00:00,LINE-C,MC-08,PRD-A,3,27900.0,3040.0,0,,0.04327806055540209,0,random_forest
SH-MC-08-2025030208,2025-03-02 08:00:00,LINE-C,MC-08,PRD-A,3,27900.0,3040.0,0,,0.058168853264581453,0,random_forest
SH-MC-08-2025030216,2025-03-02 16:00:00,LINE-C,MC-08,PRD-A,3,27900.0,3040.0,0,,0.05333659800103926,0,random_forest
SH-MC-08-2025030300,2025-03-03 00:00:00,LINE-C,MC-08,PRD-A,3,27900.0,3040.0,0,,0.053715992426203306,0,random_forest
SH-MC-08-2025030308,2025-03-03 08:00:00,LINE-C,MC-08,PRD-A,3,27900.0,3040.0,0,,0.05342841372521655,0,random_forest
SH-MC-08-2025030316,2025-03-03 16:00:00,LINE-C,MC-08,PRD-A,3,27900.0,3040.0,0,,0.057387346596118174,0,random_forest
SH-MC-08-2025030400,2025-03-04 00:00:00,LINE-C,MC-08,PRD-B,3,27900.0,3040.0,0,,0.0756827407219564,0,random_forest
SH-MC-08-2025030408,2025-03-04 08:00:00,LINE-C,MC-08,PRD-B,3,27900.0,3040.0,0,,0.07556365905513039,0,random_forest
SH-MC-08-2025030416,2025-03-04 16:00:00,LINE-C,MC-08,PRD-B,3,27900.0,3040.0,0,,0.1392573108395789,0,random_forest
SH-MC-08-2025030500,2025-03-05 00:00:00,LINE-C,MC-08,PRD-B,3,27900.0,3040.0,0,,0.1061993775792911,0,random_forest
SH-MC-08-2025030508,2025-03-05 08:00:00,LINE-C,MC-08,PRD-B,3,27900.0,3040.0,0,,0.11884824704092027,0,random_forest
SH-MC-08-2025030516,2025-03-05 16:00:00,LINE-C,MC-08,PRD-B,3,27900.0,3040.0,0,,0.19672886744679766,1,random_forest
SH-MC-08-2025030600,2025-03-06 00:00:00,LINE-C,MC-08,PRD-C,3,27900.0,3040.0,0,,0.16520211905623622,1,random_forest
SH-MC-08-2025030608,2025-03-06 08:00:00,LINE-C,MC-08,PRD-C,3,27900.0,3040.0,0,,0.17431528939464733,1,random_forest
SH-MC-08-2025030616,2025-03-06 16:00:00,LINE-C,MC-08,PRD-C,3,27900.0,3040.0,0,,0.1541970101196315,1,random_forest
SH-MC-08-2025030700,2025-03-07 00:00:00,LINE-C,MC-08,PRD-C,3,27900.0,3040.0,0,,0.17529849085664415,1,random_forest
SH-MC-08-2025030708,2025-03-07 08:00:00,LINE-C,MC-08,PRD-C,3,27900.0,3040.0,0,,0.20383191725181343,1,random_forest
SH-MC-08-2025030716,2025-03-07 16:00:00,LINE-C,MC-08,PRD-C,3,27900.0,3040.0,0,,0.20069094821552455,1,random_forest
SH-MC-08-2025030800,2025-03-08 00:00:00,LINE-C,MC-08,PRD-D,3,27900.0,3040.0,0,,0.1915678220293028,1,random_forest
SH-MC-08-2025030808,2025-03-08 08:00:00,LINE-C,MC-08,PRD-D,3,27900.0,3040.0,0,,0.29118127751465955,1,random_forest
SH-MC-08-2025030816,2025-03-08 16:00:00,LINE-C,MC-08,PRD-D,3,27900.0,3040.0,1,24.0,0.3200399650903614,1,random_forest
SH-MC-08-2025030900,2025-03-09 00:00:00,LINE-C,MC-08,PRD-D,3,27900.0,3040.0,1,16.0,0.40857874876882677,1,random_forest
SH-MC-08-2025030908,2025-03-09 08:00:00,LINE-C,MC-08,PRD-D,3,27900.0,3040.0,1,8.0,0.412715667463801,1,random_forest
SH-MC-08-2025030916,2025-03-09 16:00:00,LINE-C,MC-08,PRD-D,3,27900.0,3040.0,0,,0.501711911050597,1,random_forest
SH-MC-08-2025031000,2025-03-10 00:00:00,LINE-C,MC-08,PRD-A,3,27900.0,3040.0,0,,0.05139092746437255,0,random_forest
SH-MC-08-2025031008,2025-03-10 08:00:00,LINE-C,MC-08,PRD-A,3,27900.0,3040.0,0,,0.056281920109420534,0,random_forest
SH-MC-08-2025031016,2025-03-10 16:00:00,LINE-C,MC-08,PRD-A,3,27900.0,3040.0,0,,0.05964378632765512,0,random_forest
SH-MC-08-2025031100,2025-03-11 00:00:00,LINE-C,MC-08,PRD-A,3,27900.0,3040.0,0,,0.06469284792853644,0,random_forest
SH-MC-08-2025031108,2025-03-11 08:00:00,LINE-C,MC-08,PRD-A,3,27900.0,3040.0,0,,0.0716948813328089,0,random_forest
SH-MC-08-2025031116,2025-03-11 16:00:00,LINE-C,MC-08,PRD-A,3,27900.0,3040.0,0,,0.07333740359264244,0,random_forest
SH-MC-08-2025031200,2025-03-12 00:00:00,LINE-C,MC-08,PRD-B,3,27900.0,3040.0,1,24.0,0.12510778541975018,0,random_forest
SH-MC-08-2025031208,2025-03-12 08:00:00,LINE-C,MC-08,PRD-B,3,27900.0,3040.0,1,16.0,0.11067506606620825,0,random_forest
SH-MC-08-2025031216,2025-03-12 16:00:00,LINE-C,MC-08,PRD-B,3,27900.0,3040.0,1,8.0,0.12116603162051,0,random_forest
SH-MC-08-2025031300,2025-03-13 00:00:00,LINE-C,MC-08,PRD-B,3,27900.0,3040.0,0,,0.17617037637448796,1,random_forest
SH-MC-08-2025031308,2025-03-13 08:00:00,LINE-C,MC-08,PRD-B,3,27900.0,3040.0,0,,0.04660850220017647,0,random_forest
SH-MC-08-2025031316,2025-03-13 16:00:00,LINE-C,MC-08,PRD-B,3,27900.0,3040.0,0,,0.04989700920022187,0,random_forest
SH-MC-08-2025031400,2025-03-14 00:00:00,LINE-C,MC-08,PRD-C,3,27900.0,3040.0,0,,0.055768999169603393,0,random_forest
SH-MC-08-2025031408,2025-03-14 08:00:00,LINE-C,MC-08,PRD-C,3,27900.0,3040.0,0,,0.048932404417308666,0,random_forest
SH-MC-08-2025031416,2025-03-14 16:00:00,LINE-C,MC-08,PRD-C,3,27900.0,3040.0,0,,0.050495805844037636,0,random_forest
SH-MC-08-2025031500,2025-03-15 00:00:00,LINE-C,MC-08,PRD-C,3,27900.0,3040.0,0,,0.049635131634368966,0,random_forest
SH-MC-08-2025031508,2025-03-15 08:00:00,LINE-C,MC-08,PRD-C,3,27900.0,3040.0,0,,0.042808156189920246,0,random_forest
SH-MC-08-2025031516,2025-03-15 16:00:00,LINE-C,MC-08,PRD-C,3,27900.0,3040.0,0,,0.05655751601575663,0,random_forest
SH-MC-08-2025031600,2025-03-16 00:00:00,LINE-C,MC-08,PRD-D,3,27900.0,3040.0,0,,0.05519240460183649,0,random_forest
SH-MC-08-2025031608,2025-03-16 08:00:00,LINE-C,MC-08,PRD-D,3,27900.0,3040.0,0,,0.061045401090862185,0,random_forest
SH-MC-08-2025031616,2025-03-16 16:00:00,LINE-C,MC-08,PRD-D,3,27900.0,3040.0,0,,0.06572456005039255,0,random_forest
SH-MC-08-2025031700,2025-03-17 00:00:00,LINE-C,MC-08,PRD-D,3,27900.0,3040.0,0,,0.09047676859879533,0,random_forest
SH-MC-08-2025031708,2025-03-17 08:00:00,LINE-C,MC-08,PRD-D,3,27900.0,3040.0,0,,0.08541286488048115,0,random_forest
SH-MC-08-2025031716,2025-03-17 16:00:00,LINE-C,MC-08,PRD-D,3,27900.0,3040.0,0,,0.13134777806299788,0,random_forest
SH-MC-08-2025031800,2025-03-18 00:00:00,LINE-C,MC-08,PRD-A,3,27900.0,3040.0,0,,0.1386240975507782,0,random_forest
SH-MC-08-2025031808,2025-03-18 08:00:00,LINE-C,MC-08,PRD-A,3,27900.0,3040.0,0,,0.200622789610278,1,random_forest
SH-MC-08-2025031816,2025-03-18 16:00:00,LINE-C,MC-08,PRD-A,3,27900.0,3040.0,0,,0.18907619299163045,1,random_forest
SH-MC-08-2025031900,2025-03-19 00:00:00,LINE-C,MC-08,PRD-A,3,27900.0,3040.0,0,,0.18499326703118607,1,random_forest
SH-MC-08-2025031908,2025-03-19 08:00:00,LINE-C,MC-08,PRD-A,3,27900.0,3040.0,0,,0.23701347139425874,1,random_forest
SH-MC-08-2025031916,2025-03-19 16:00:00,LINE-C,MC-08,PRD-A,3,27900.0,3040.0,0,,0.26445945367014867,1,random_forest
SH-MC-08-2025032000,2025-03-20 00:00:00,LINE-C,MC-08,PRD-B,3,27900.0,3040.0,0,,0.3182989640128818,1,random_forest
SH-MC-08-2025032008,2025-03-20 08:00:00,LINE-C,MC-08,PRD-B,3,27900.0,3040.0,0,,0.2775521630201671,1,random_forest
SH-MC-08-2025032016,2025-03-20 16:00:00,LINE-C,MC-08,PRD-B,3,27900.0,3040.0,0,,0.2832247267165685,1,random_forest
SH-MC-08-2025032100,2025-03-21 00:00:00,LINE-C,MC-08,PRD-B,3,27900.0,3040.0,0,,0.3118558450001823,1,random_forest
SH-MC-08-2025032108,2025-03-21 08:00:00,LINE-C,MC-08,PRD-B,3,27900.0,3040.0,0,,0.3206485232796464,1,random_forest
SH-MC-08-2025032116,2025-03-21 16:00:00,LINE-C,MC-08,PRD-B,3,27900.0,3040.0,1,24.0,0.4073548109881609,1,random_forest
SH-MC-08-2025032200,2025-03-22 00:00:00,LINE-C,MC-08,PRD-C,3,27900.0,3040.0,1,16.0,0.5716348960632719,1,random_forest
SH-MC-08-2025032208,2025-03-22 08:00:00,LINE-C,MC-08,PRD-C,3,27900.0,3040.0,1,8.0,0.49909323901138575,1,random_forest
SH-MC-08-2025032216,2025-03-22 16:00:00,LINE-C,MC-08,PRD-C,3,27900.0,3040.0,0,,0.5490468722432686,1,random_forest
SH-MC-08-2025032300,2025-03-23 00:00:00,LINE-C,MC-08,PRD-C,3,27900.0,3040.0,0,,0.04846498851656007,0,random_forest
SH-MC-08-2025032308,2025-03-23 08:00:00,LINE-C,MC-08,PRD-C,3,27900.0,3040.0,0,,0.046956856865711834,0,random_forest
SH-MC-08-2025032316,2025-03-23 16:00:00,LINE-C,MC-08,PRD-C,3,27900.0,3040.0,0,,0.05429470362617323,0,random_forest
SH-MC-08-2025032400,2025-03-24 00:00:00,LINE-C,MC-08,PRD-D,3,27900.0,3040.0,0,,0.057872760840983466,0,random_forest
SH-MC-08-2025032408,2025-03-24 08:00:00,LINE-C,MC-08,PRD-D,3,27900.0,3040.0,1,24.0,0.062106804435977915,0,random_forest
SH-MC-08-2025032416,2025-03-24 16:00:00,LINE-C,MC-08,PRD-D,3,27900.0,3040.0,1,16.0,0.0606135127365822,0,random_forest
SH-MC-08-2025032500,2025-03-25 00:00:00,LINE-C,MC-08,PRD-D,3,27900.0,3040.0,1,8.0,0.09702681657186217,0,random_forest
SH-MC-08-2025032508,2025-03-25 08:00:00,LINE-C,MC-08,PRD-D,3,27900.0,3040.0,0,,0.140486100706624,0,random_forest
SH-MC-08-2025032516,2025-03-25 16:00:00,LINE-C,MC-08,PRD-D,3,27900.0,3040.0,0,,0.03687379077827392,0,random_forest
SH-MC-08-2025032600,2025-03-26 00:00:00,LINE-C,MC-08,PRD-A,3,27900.0,3040.0,0,,0.03656029303679231,0,random_forest
SH-MC-08-2025032608,2025-03-26 08:00:00,LINE-C,MC-08,PRD-A,3,27900.0,3040.0,0,,0.03890220006155234,0,random_forest
SH-MC-08-2025032616,2025-03-26 16:00:00,LINE-C,MC-08,PRD-A,3,27900.0,3040.0,0,,0.03939476417867712,0,random_forest
SH-MC-08-2025032700,2025-03-27 00:00:00,LINE-C,MC-08,PRD-A,3,27900.0,3040.0,0,,0.042213049511815925,0,random_forest
SH-MC-08-2025032708,2025-03-27 08:00:00,LINE-C,MC-08,PRD-A,3,27900.0,3040.0,0,,0.043898860612457756,0,random_forest
SH-MC-08-2025032716,2025-03-27 16:00:00,LINE-C,MC-08,PRD-A,3,27900.0,3040.0,0,,0.04051373439614368,0,random_forest
SH-MC-08-2025032800,2025-03-28 00:00:00,LINE-C,MC-08,PRD-B,3,27900.0,3040.0,0,,0.044765727093795976,0,random_forest
SH-MC-08-2025032808,2025-03-28 08:00:00,LINE-C,MC-08,PRD-B,3,27900.0,3040.0,0,,0.040005116663953934,0,random_forest
SH-MC-08-2025032816,2025-03-28 16:00:00,LINE-C,MC-08,PRD-B,3,27900.0,3040.0,0,,0.04927041185498582,0,random_forest
SH-MC-08-2025032900,2025-03-29 00:00:00,LINE-C,MC-08,PRD-B,3,27900.0,3040.0,0,,0.06693713883706126,0,random_forest
SH-MC-08-2025032908,2025-03-29 08:00:00,LINE-C,MC-08,PRD-B,3,27900.0,3040.0,0,,0.0822316915552361,0,random_forest
SH-MC-08-2025032916,2025-03-29 16:00:00,LINE-C,MC-08,PRD-B,3,27900.0,3040.0,0,,0.08612505770670137,0,random_forest
SH-MC-08-2025033000,2025-03-30 00:00:00,LINE-C,MC-08,PRD-C,3,27900.0,3040.0,0,,0.12768773522288435,0,random_forest
SH-MC-08-2025033008,2025-03-30 08:00:00,LINE-C,MC-08,PRD-C,3,27900.0,3040.0,0,,0.15449570576260088,1,random_forest
SH-MC-08-2025033016,2025-03-30 16:00:00,LINE-C,MC-08,PRD-C,3,27900.0,3040.0,0,,0.14610116184482685,0,random_forest
SH-MC-08-2025033100,2025-03-31 00:00:00,LINE-C,MC-08,PRD-C,3,27900.0,3040.0,0,,0.2021107492268514,1,random_forest
SH-MC-08-2025033108,2025-03-31 08:00:00,LINE-C,MC-08,PRD-C,3,27900.0,3040.0,0,,0.19687551931592853,1,random_forest
SH-MC-08-2025033116,2025-03-31 16:00:00,LINE-C,MC-08,PRD-C,3,27900.0,3040.0,0,,0.20757630145420425,1,random_forest
SH-MC-08-2025040100,2025-04-01 00:00:00,LINE-C,MC-08,PRD-D,3,27900.0,3040.0,0,,0.24597359082745926,1,random_forest
SH-MC-08-2025040108,2025-04-01 08:00:00,LINE-C,MC-08,PRD-D,3,27900.0,3040.0,0,,0.31808782740998326,1,random_forest
SH-MC-08-2025040116,2025-04-01 16:00:00,LINE-C,MC-08,PRD-D,3,27900.0,3040.0,0,,0.2720519006273384,1,random_forest
SH-MC-08-2025040200,2025-04-02 00:00:00,LINE-C,MC-08,PRD-D,3,27900.0,3040.0,0,,0.2936106245250747,1,random_forest
SH-MC-08-2025040208,2025-04-02 08:00:00,LINE-C,MC-08,PRD-D,3,27900.0,3040.0,0,,0.3812907137047675,1,random_forest
SH-MC-08-2025040216,2025-04-02 16:00:00,LINE-C,MC-08,PRD-D,3,27900.0,3040.0,0,,0.38131754272733615,1,random_forest
SH-MC-08-2025040300,2025-04-03 00:00:00,LINE-C,MC-08,PRD-A,3,27900.0,3040.0,0,,0.43712671795694696,1,random_forest
SH-MC-08-2025040308,2025-04-03 08:00:00,LINE-C,MC-08,PRD-A,3,27900.0,3040.0,1,24.0,0.49536867363157644,1,random_forest
SH-MC-08-2025040316,2025-04-03 16:00:00,LINE-C,MC-08,PRD-A,3,27900.0,3040.0,1,16.0,0.42680924516441543,1,random_forest
SH-MC-08-2025040400,2025-04-04 00:00:00,LINE-C,MC-08,PRD-A,3,27900.0,3040.0,1,8.0,0.5355059411553501,1,random_forest
SH-MC-08-2025040408,2025-04-04 08:00:00,LINE-C,MC-08,PRD-A,3,27900.0,3040.0,0,,0.53409616755139,1,random_forest
SH-MC-08-2025040416,2025-04-04 16:00:00,LINE-C,MC-08,PRD-A,3,27900.0,3040.0,0,,0.052541813122104715,0,random_forest
SH-MC-08-2025040500,2025-04-05 00:00:00,LINE-C,MC-08,PRD-B,3,27900.0,3040.0,0,,0.05313465319051212,0,random_forest
SH-MC-08-2025040508,2025-04-05 08:00:00,LINE-C,MC-08,PRD-B,3,27900.0,3040.0,0,,0.05331583604064631,0,random_forest
SH-MC-08-2025040516,2025-04-05 16:00:00,LINE-C,MC-08,PRD-B,3,27900.0,3040.0,0,,0.04762246267465934,0,random_forest
SH-MC-08-2025040600,2025-04-06 00:00:00,LINE-C,MC-08,PRD-B,3,27900.0,3040.0,0,,0.06109602688594267,0,random_forest
SH-MC-08-2025040608,2025-04-06 08:00:00,LINE-C,MC-08,PRD-B,3,27900.0,3040.0,0,,0.0646897785130713,0,random_forest
SH-MC-08-2025040616,2025-04-06 16:00:00,LINE-C,MC-08,PRD-B,3,27900.0,3040.0,0,,0.12254904873797477,0,random_forest
SH-MC-08-2025040700,2025-04-07 00:00:00,LINE-C,MC-08,PRD-C,3,27900.0,3040.0,0,,0.16182768957007565,1,random_forest
SH-MC-08-2025040708,2025-04-07 08:00:00,LINE-C,MC-08,PRD-C,3,27900.0,3040.0,0,,0.16684392149274102,1,random_forest
SH-MC-08-2025040716,2025-04-07 16:00:00,LINE-C,MC-08,PRD-C,3,27900.0,3040.0,0,,0.19059679241782673,1,random_forest
SH-MC-08-2025040800,2025-04-08 00:00:00,LINE-C,MC-08,PRD-C,3,27900.0,3040.0,0,,0.1823347199667067,1,random_forest
SH-MC-08-2025040808,2025-04-08 08:00:00,LINE-C,MC-08,PRD-C,3,27900.0,3040.0,0,,0.13772254136641354,0,random_forest
SH-MC-08-2025040816,2025-04-08 16:00:00,LINE-C,MC-08,PRD-C,3,27900.0,3040.0,0,,0.19547900881441801,1,random_forest
SH-MC-08-2025040900,2025-04-09 00:00:00,LINE-C,MC-08,PRD-D,3,27900.0,3040.0,0,,0.2330076568138942,1,random_forest
SH-MC-08-2025040908,2025-04-09 08:00:00,LINE-C,MC-08,PRD-D,3,27900.0,3040.0,0,,0.1888739032964176,1,random_forest
SH-MC-08-2025040916,2025-04-09 16:00:00,LINE-C,MC-08,PRD-D,3,27900.0,3040.0,0,,0.23998617983287404,1,random_forest
SH-MC-08-2025041000,2025-04-10 00:00:00,LINE-C,MC-08,PRD-D,3,27900.0,3040.0,0,,0.24640931155916537,1,random_forest
SH-MC-08-2025041008,2025-04-10 08:00:00,LINE-C,MC-08,PRD-D,3,27900.0,3040.0,0,,0.32178229112658274,1,random_forest
SH-MC-08-2025041016,2025-04-10 16:00:00,LINE-C,MC-08,PRD-D,3,27900.0,3040.0,0,,0.35336078543467253,1,random_forest
SH-MC-08-2025041100,2025-04-11 00:00:00,LINE-C,MC-08,PRD-A,3,27900.0,3040.0,0,,0.4580884139220968,1,random_forest
SH-MC-08-2025041108,2025-04-11 08:00:00,LINE-C,MC-08,PRD-A,3,27900.0,3040.0,0,,0.43675318790591816,1,random_forest
SH-MC-08-2025041116,2025-04-11 16:00:00,LINE-C,MC-08,PRD-A,3,27900.0,3040.0,1,24.0,0.49295698612484984,1,random_forest
SH-MC-08-2025041200,2025-04-12 00:00:00,LINE-C,MC-08,PRD-A,3,27900.0,3040.0,1,16.0,0.4771478301957498,1,random_forest
SH-MC-08-2025041208,2025-04-12 08:00:00,LINE-C,MC-08,PRD-A,3,27900.0,3040.0,1,8.0,0.5547319143092689,1,random_forest
SH-MC-08-2025041216,2025-04-12 16:00:00,LINE-C,MC-08,PRD-A,3,27900.0,3040.0,0,,0.5769237637440229,1,random_forest
SH-MC-08-2025041300,2025-04-13 00:00:00,LINE-C,MC-08,PRD-B,3,27900.0,3040.0,0,,0.047982211432100214,0,random_forest
SH-MC-08-2025041308,2025-04-13 08:00:00,LINE-C,MC-08,PRD-B,3,27900.0,3040.0,0,,0.05724221850954803,0,random_forest
SH-MC-08-2025041316,2025-04-13 16:00:00,LINE-C,MC-08,PRD-B,3,27900.0,3040.0,0,,0.06746776150083907,0,random_forest
SH-MC-08-2025041400,2025-04-14 00:00:00,LINE-C,MC-08,PRD-B,3,27900.0,3040.0,0,,0.06425116681054914,0,random_forest
SH-MC-08-2025041408,2025-04-14 08:00:00,LINE-C,MC-08,PRD-B,3,27900.0,3040.0,0,,0.08136082250716226,0,random_forest
SH-MC-08-2025041416,2025-04-14 16:00:00,LINE-C,MC-08,PRD-B,3,27900.0,3040.0,0,,0.12498783336033281,0,random_forest
SH-MC-08-2025041500,2025-04-15 00:00:00,LINE-C,MC-08,PRD-C,3,27900.0,3040.0,0,,0.09300145269409028,0,random_forest
SH-MC-08-2025041508,2025-04-15 08:00:00,LINE-C,MC-08,PRD-C,3,27900.0,3040.0,0,,0.12593449647344723,0,random_forest
SH-MC-08-2025041516,2025-04-15 16:00:00,LINE-C,MC-08,PRD-C,3,27900.0,3040.0,0,,0.1814728402305886,1,random_forest
SH-MC-08-2025041600,2025-04-16 00:00:00,LINE-C,MC-08,PRD-C,3,27900.0,3040.0,0,,0.17227843502223492,1,random_forest
SH-MC-08-2025041608,2025-04-16 08:00:00,LINE-C,MC-08,PRD-C,3,27900.0,3040.0,0,,0.1497139511174879,1,random_forest
SH-MC-08-2025041616,2025-04-16 16:00:00,LINE-C,MC-08,PRD-C,3,27900.0,3040.0,0,,0.13653942298391986,0,random_forest
SH-MC-08-2025041700,2025-04-17 00:00:00,LINE-C,MC-08,PRD-D,3,27900.0,3040.0,0,,0.19912739289473708,1,random_forest
SH-MC-08-2025041708,2025-04-17 08:00:00,LINE-C,MC-08,PRD-D,3,27900.0,3040.0,0,,0.2095786019005397,1,random_forest
SH-MC-08-2025041716,2025-04-17 16:00:00,LINE-C,MC-08,PRD-D,3,27900.0,3040.0,0,,0.24716068110993394,1,random_forest
SH-MC-08-2025041800,2025-04-18 00:00:00,LINE-C,MC-08,PRD-D,3,27900.0,3040.0,0,,0.2324870019640414,1,random_forest
SH-MC-08-2025041808,2025-04-18 08:00:00,LINE-C,MC-08,PRD-D,3,27900.0,3040.0,0,,0.21797728012624795,1,random_forest
SH-MC-08-2025041816,2025-04-18 16:00:00,LINE-C,MC-08,PRD-D,3,27900.0,3040.0,1,24.0,0.3278733261872512,1,random_forest
SH-MC-08-2025041900,2025-04-19 00:00:00,LINE-C,MC-08,PRD-A,3,27900.0,3040.0,1,16.0,0.3908421945223178,1,random_forest
SH-MC-08-2025041908,2025-04-19 08:00:00,LINE-C,MC-08,PRD-A,3,27900.0,3040.0,1,8.0,0.4195771896954286,1,random_forest
SH-MC-08-2025041916,2025-04-19 16:00:00,LINE-C,MC-08,PRD-A,3,27900.0,3040.0,0,,0.3926706983858185,1,random_forest
SH-MC-08-2025042000,2025-04-20 00:00:00,LINE-C,MC-08,PRD-A,3,27900.0,3040.0,0,,0.048258671523296506,0,random_forest
SH-MC-08-2025042008,2025-04-20 08:00:00,LINE-C,MC-08,PRD-A,3,27900.0,3040.0,0,,0.04305134967627948,0,random_forest
SH-MC-08-2025042016,2025-04-20 16:00:00,LINE-C,MC-08,PRD-A,3,27900.0,3040.0,0,,0.05156708367168469,0,random_forest
SH-MC-08-2025042100,2025-04-21 00:00:00,LINE-C,MC-08,PRD-B,3,27900.0,3040.0,0,,0.058484539653224796,0,random_forest
SH-MC-08-2025042108,2025-04-21 08:00:00,LINE-C,MC-08,PRD-B,3,27900.0,3040.0,0,,0.05161332914334886,0,random_forest
SH-MC-08-2025042116,2025-04-21 16:00:00,LINE-C,MC-08,PRD-B,3,27900.0,3040.0,0,,0.061520655484880414,0,random_forest
SH-MC-08-2025042200,2025-04-22 00:00:00,LINE-C,MC-08,PRD-B,3,27900.0,3040.0,0,,0.10509702517178669,0,random_forest
SH-MC-08-2025042208,2025-04-22 08:00:00,LINE-C,MC-08,PRD-B,3,27900.0,3040.0,0,,0.10192201711558466,0,random_forest
SH-MC-08-2025042216,2025-04-22 16:00:00,LINE-C,MC-08,PRD-B,3,27900.0,3040.0,0,,0.1278563150125827,0,random_forest
SH-MC-08-2025042300,2025-04-23 00:00:00,LINE-C,MC-08,PRD-C,3,27900.0,3040.0,0,,0.09660773438716794,0,random_forest
SH-MC-08-2025042308,2025-04-23 08:00:00,LINE-C,MC-08,PRD-C,3,27900.0,3040.0,0,,0.1484769420735268,1,random_forest
SH-MC-08-2025042316,2025-04-23 16:00:00,LINE-C,MC-08,PRD-C,3,27900.0,3040.0,0,,0.1820979336118834,1,random_forest
SH-MC-08-2025042400,2025-04-24 00:00:00,LINE-C,MC-08,PRD-C,3,27900.0,3040.0,0,,0.18832671334807852,1,random_forest
SH-MC-08-2025042408,2025-04-24 08:00:00,LINE-C,MC-08,PRD-C,3,27900.0,3040.0,0,,0.13001096771849224,0,random_forest
SH-MC-08-2025042416,2025-04-24 16:00:00,LINE-C,MC-08,PRD-C,3,27900.0,3040.0,0,,0.15167048242591283,1,random_forest
SH-MC-08-2025042500,2025-04-25 00:00:00,LINE-C,MC-08,PRD-D,3,27900.0,3040.0,0,,0.2492771218689674,1,random_forest
SH-MC-08-2025042508,2025-04-25 08:00:00,LINE-C,MC-08,PRD-D,3,27900.0,3040.0,0,,0.23767721458934063,1,random_forest
SH-MC-08-2025042516,2025-04-25 16:00:00,LINE-C,MC-08,PRD-D,3,27900.0,3040.0,0,,0.26638586953182564,1,random_forest
SH-MC-08-2025042600,2025-04-26 00:00:00,LINE-C,MC-08,PRD-D,3,27900.0,3040.0,0,,0.3058070143018778,1,random_forest
SH-MC-08-2025042608,2025-04-26 08:00:00,LINE-C,MC-08,PRD-D,3,27900.0,3040.0,1,24.0,0.44081282374812164,1,random_forest
SH-MC-08-2025042616,2025-04-26 16:00:00,LINE-C,MC-08,PRD-D,3,27900.0,3040.0,1,16.0,0.307874614853144,1,random_forest
SH-MC-08-2025042700,2025-04-27 00:00:00,LINE-C,MC-08,PRD-A,3,27900.0,3040.0,1,8.0,0.390660978227532,1,random_forest
SH-MC-08-2025042708,2025-04-27 08:00:00,LINE-C,MC-08,PRD-A,3,27900.0,3040.0,0,,0.46137376908012045,1,random_forest
SH-MC-08-2025042716,2025-04-27 16:00:00,LINE-C,MC-08,PRD-A,3,27900.0,3040.0,0,,0.04620018130609566,0,random_forest
SH-MC-08-2025042800,2025-04-28 00:00:00,LINE-C,MC-08,PRD-A,3,27900.0,3040.0,0,,0.04655065566320143,0,random_forest
SH-MC-08-2025042808,2025-04-28 08:00:00,LINE-C,MC-08,PRD-A,3,27900.0,3040.0,0,,0.05762798660993737,0,random_forest
SH-MC-08-2025042816,2025-04-28 16:00:00,LINE-C,MC-08,PRD-A,3,27900.0,3040.0,0,,0.05859439443933951,0,random_forest
SH-MC-08-2025042900,2025-04-29 00:00:00,LINE-C,MC-08,PRD-B,3,27900.0,3040.0,0,,0.07707978597918304,0,random_forest
SH-MC-08-2025042908,2025-04-29 08:00:00,LINE-C,MC-08,PRD-B,3,27900.0,3040.0,0,,0.07889256744963039,0,random_forest
SH-MC-08-2025042916,2025-04-29 16:00:00,LINE-C,MC-08,PRD-B,3,27900.0,3040.0,0,,0.0861990275300213,0,random_forest
SH-MC-08-2025043000,2025-04-30 00:00:00,LINE-C,MC-08,PRD-B,3,27900.0,3040.0,0,,0.14978848867492914,1,random_forest
SH-MC-08-2025043008,2025-04-30 08:00:00,LINE-C,MC-08,PRD-B,3,27900.0,3040.0,0,,0.15603281566456687,1,random_forest
SH-MC-08-2025043016,2025-04-30 16:00:00,LINE-C,MC-08,PRD-B,3,27900.0,3040.0,0,,0.15280051863304284,1,random_forest
SH-MC-08-2025050100,2025-05-01 00:00:00,LINE-C,MC-08,PRD-C,3,27900.0,3040.0,0,,0.11630536994390982,0,random_forest
SH-MC-08-2025050108,2025-05-01 08:00:00,LINE-C,MC-08,PRD-C,3,27900.0,3040.0,0,,0.16352044398908736,1,random_forest
SH-MC-08-2025050116,2025-05-01 16:00:00,LINE-C,MC-08,PRD-C,3,27900.0,3040.0,0,,0.15991479986700521,1,random_forest
SH-MC-08-2025050200,2025-05-02 00:00:00,LINE-C,MC-08,PRD-C,3,27900.0,3040.0,0,,0.17712275089297674,1,random_forest
SH-MC-08-2025050208,2025-05-02 08:00:00,LINE-C,MC-08,PRD-C,3,27900.0,3040.0,0,,0.18608225244556914,1,random_forest
SH-MC-08-2025050216,2025-05-02 16:00:00,LINE-C,MC-08,PRD-C,3,27900.0,3040.0,0,,0.21879179364036133,1,random_forest
SH-MC-08-2025050300,2025-05-03 00:00:00,LINE-C,MC-08,PRD-D,3,27900.0,3040.0,0,,0.211491340379383,1,random_forest
SH-MC-08-2025050308,2025-05-03 08:00:00,LINE-C,MC-08,PRD-D,3,27900.0,3040.0,0,,0.3528706796558348,1,random_forest
SH-MC-08-2025050316,2025-05-03 16:00:00,LINE-C,MC-08,PRD-D,3,27900.0,3040.0,0,,0.3539350117277564,1,random_forest
SH-MC-08-2025050400,2025-05-04 00:00:00,LINE-C,MC-08,PRD-D,3,27900.0,3040.0,0,,0.3266082482205847,1,random_forest
SH-MC-08-2025050408,2025-05-04 08:00:00,LINE-C,MC-08,PRD-D,3,27900.0,3040.0,0,,0.45272612923937056,1,random_forest
SH-MC-08-2025050416,2025-05-04 16:00:00,LINE-C,MC-08,PRD-D,3,27900.0,3040.0,0,,0.4936673409271477,1,random_forest
SH-MC-08-2025050500,2025-05-05 00:00:00,LINE-C,MC-08,PRD-A,3,27900.0,3040.0,1,24.0,0.4437758520946603,1,random_forest
SH-MC-08-2025050508,2025-05-05 08:00:00,LINE-C,MC-08,PRD-A,3,27900.0,3040.0,1,16.0,0.5700973019685839,1,random_forest
SH-MC-08-2025050516,2025-05-05 16:00:00,LINE-C,MC-08,PRD-A,3,27900.0,3040.0,1,8.0,0.5538909947356259,1,random_forest
SH-MC-08-2025050600,2025-05-06 00:00:00,LINE-C,MC-08,PRD-A,3,27900.0,3040.0,0,,0.43505072758224417,1,random_forest
SH-MC-08-2025050608,2025-05-06 08:00:00,LINE-C,MC-08,PRD-A,3,27900.0,3040.0,0,,0.05684890206111744,0,random_forest
SH-MC-08-2025050616,2025-05-06 16:00:00,LINE-C,MC-08,PRD-A,3,27900.0,3040.0,0,,0.05327902520784351,0,random_forest
SH-MC-08-2025050700,2025-05-07 00:00:00,LINE-C,MC-08,PRD-B,3,27900.0,3040.0,0,,0.06443477470827294,0,random_forest
SH-MC-08-2025050708,2025-05-07 08:00:00,LINE-C,MC-08,PRD-B,3,27900.0,3040.0,0,,0.06202132075753532,0,random_forest
SH-MC-08-2025050716,2025-05-07 16:00:00,LINE-C,MC-08,PRD-B,3,27900.0,3040.0,0,,0.07002844918230186,0,random_forest
SH-MC-08-2025050800,2025-05-08 00:00:00,LINE-C,MC-08,PRD-B,3,27900.0,3040.0,0,,0.0873918053973633,0,random_forest
SH-MC-08-2025050808,2025-05-08 08:00:00,LINE-C,MC-08,PRD-B,3,27900.0,3040.0,0,,0.13915467727568395,0,random_forest
SH-MC-08-2025050816,2025-05-08 16:00:00,LINE-C,MC-08,PRD-B,3,27900.0,3040.0,0,,0.09222522432934266,0,random_forest
SH-MC-08-2025050900,2025-05-09 00:00:00,LINE-C,MC-08,PRD-C,3,27900.0,3040.0,0,,0.17060437097510214,1,random_forest
SH-MC-08-2025050908,2025-05-09 08:00:00,LINE-C,MC-08,PRD-C,3,27900.0,3040.0,0,,0.15411318757419992,1,random_forest
SH-MC-08-2025050916,2025-05-09 16:00:00,LINE-C,MC-08,PRD-C,3,27900.0,3040.0,0,,0.16830888645183875,1,random_forest
SH-MC-08-2025051000,2025-05-10 00:00:00,LINE-C,MC-08,PRD-C,3,27900.0,3040.0,0,,0.16229467593008554,1,random_forest
SH-MC-08-2025051008,2025-05-10 08:00:00,LINE-C,MC-08,PRD-C,3,27900.0,3040.0,0,,0.2011710539738039,1,random_forest
SH-MC-08-2025051016,2025-05-10 16:00:00,LINE-C,MC-08,PRD-C,3,27900.0,3040.0,0,,0.18226427570770445,1,random_forest
SH-MC-08-2025051100,2025-05-11 00:00:00,LINE-C,MC-08,PRD-D,3,27900.0,3040.0,0,,0.22120495623059389,1,random_forest
SH-MC-08-2025051108,2025-05-11 08:00:00,LINE-C,MC-08,PRD-D,3,27900.0,3040.0,0,,0.26519344601744266,1,random_forest
SH-MC-08-2025051116,2025-05-11 16:00:00,LINE-C,MC-08,PRD-D,3,27900.0,3040.0,0,,0.2542333716663028,1,random_forest
SH-MC-08-2025051200,2025-05-12 00:00:00,LINE-C,MC-08,PRD-D,3,27900.0,3040.0,0,,0.24192313472453783,1,random_forest
SH-MC-08-2025051208,2025-05-12 08:00:00,LINE-C,MC-08,PRD-D,3,27900.0,3040.0,0,,0.3828591419954103,1,random_forest
SH-MC-08-2025051216,2025-05-12 16:00:00,LINE-C,MC-08,PRD-D,3,27900.0,3040.0,0,,0.39201737533926523,1,random_forest
SH-MC-08-2025051300,2025-05-13 00:00:00,LINE-C,MC-08,PRD-A,3,27900.0,3040.0,0,,0.5100719353662313,1,random_forest
SH-MC-08-2025051308,2025-05-13 08:00:00,LINE-C,MC-08,PRD-A,3,27900.0,3040.0,0,,0.5088385730463814,1,random_forest
SH-MC-08-2025051316,2025-05-13 16:00:00,LINE-C,MC-08,PRD-A,3,27900.0,3040.0,1,24.0,0.5193900423825982,1,random_forest
SH-MC-08-2025051400,2025-05-14 00:00:00,LINE-C,MC-08,PRD-A,3,27900.0,3040.0,1,16.0,0.5569374506226148,1,random_forest
SH-MC-08-2025051408,2025-05-14 08:00:00,LINE-C,MC-08,PRD-A,3,27900.0,3040.0,1,8.0,0.5689625829552981,1,random_forest
SH-MC-08-2025051416,2025-05-14 16:00:00,LINE-C,MC-08,PRD-A,3,27900.0,3040.0,0,,0.5339321318209452,1,random_forest
SH-MC-08-2025051500,2025-05-15 00:00:00,LINE-C,MC-08,PRD-B,3,27900.0,3040.0,0,,0.05188740686767459,0,random_forest
SH-MC-08-2025051508,2025-05-15 08:00:00,LINE-C,MC-08,PRD-B,3,27900.0,3040.0,0,,0.05407942310031939,0,random_forest
SH-MC-08-2025051516,2025-05-15 16:00:00,LINE-C,MC-08,PRD-B,3,27900.0,3040.0,0,,0.04897014745544247,0,random_forest
SH-MC-08-2025051600,2025-05-16 00:00:00,LINE-C,MC-08,PRD-B,3,27900.0,3040.0,0,,0.06067365957392695,0,random_forest
SH-MC-08-2025051608,2025-05-16 08:00:00,LINE-C,MC-08,PRD-B,3,27900.0,3040.0,0,,0.0694952482808977,0,random_forest
SH-MC-08-2025051616,2025-05-16 16:00:00,LINE-C,MC-08,PRD-B,3,27900.0,3040.0,0,,0.0706535273038673,0,random_forest
SH-MC-08-2025051700,2025-05-17 00:00:00,LINE-C,MC-08,PRD-C,3,27900.0,3040.0,0,,0.0998924694271472,0,random_forest
SH-MC-08-2025051708,2025-05-17 08:00:00,LINE-C,MC-08,PRD-C,3,27900.0,3040.0,0,,0.12210732667364756,0,random_forest
SH-MC-08-2025051716,2025-05-17 16:00:00,LINE-C,MC-08,PRD-C,3,27900.0,3040.0,0,,0.1870706242917782,1,random_forest
SH-MC-08-2025051800,2025-05-18 00:00:00,LINE-C,MC-08,PRD-C,3,27900.0,3040.0,0,,0.14175435596935845,0,random_forest
SH-MC-08-2025051808,2025-05-18 08:00:00,LINE-C,MC-08,PRD-C,3,27900.0,3040.0,0,,0.1869833568072474,1,random_forest
SH-MC-08-2025051816,2025-05-18 16:00:00,LINE-C,MC-08,PRD-C,3,27900.0,3040.0,1,24.0,0.17660503254808932,1,random_forest
SH-MC-08-2025051900,2025-05-19 00:00:00,LINE-C,MC-08,PRD-D,3,27900.0,3040.0,1,16.0,0.17000421777476837,1,random_forest
SH-MC-08-2025051908,2025-05-19 08:00:00,LINE-C,MC-08,PRD-D,3,27900.0,3040.0,1,8.0,0.2160597172368225,1,random_forest
SH-MC-08-2025051916,2025-05-19 16:00:00,LINE-C,MC-08,PRD-D,3,27900.0,3040.0,0,,0.20274390199475012,1,random_forest
SH-MC-08-2025052000,2025-05-20 00:00:00,LINE-C,MC-08,PRD-D,3,27900.0,3040.0,0,,0.03823953174826583,0,random_forest
SH-MC-08-2025052008,2025-05-20 08:00:00,LINE-C,MC-08,PRD-D,3,27900.0,3040.0,0,,0.0347553469493666,0,random_forest
SH-MC-08-2025052016,2025-05-20 16:00:00,LINE-C,MC-08,PRD-D,3,27900.0,3040.0,0,,0.035752101781665824,0,random_forest
SH-MC-08-2025052100,2025-05-21 00:00:00,LINE-C,MC-08,PRD-A,3,27900.0,3040.0,0,,0.0429230764085378,0,random_forest
SH-MC-08-2025052108,2025-05-21 08:00:00,LINE-C,MC-08,PRD-A,3,27900.0,3040.0,0,,0.04252014318719284,0,random_forest
SH-MC-08-2025052116,2025-05-21 16:00:00,LINE-C,MC-08,PRD-A,3,27900.0,3040.0,0,,0.04083546769212656,0,random_forest
SH-MC-08-2025052200,2025-05-22 00:00:00,LINE-C,MC-08,PRD-A,3,27900.0,3040.0,0,,0.0738305703649152,0,random_forest
SH-MC-08-2025052208,2025-05-22 08:00:00,LINE-C,MC-08,PRD-A,3,27900.0,3040.0,0,,0.06100229624653967,0,random_forest
SH-MC-08-2025052216,2025-05-22 16:00:00,LINE-C,MC-08,PRD-A,3,27900.0,3040.0,0,,0.11576243712295788,0,random_forest
SH-MC-08-2025052300,2025-05-23 00:00:00,LINE-C,MC-08,PRD-B,3,27900.0,3040.0,0,,0.1024731226620394,0,random_forest
SH-MC-08-2025052308,2025-05-23 08:00:00,LINE-C,MC-08,PRD-B,3,27900.0,3040.0,0,,0.21320951625658524,1,random_forest
SH-MC-08-2025052316,2025-05-23 16:00:00,LINE-C,MC-08,PRD-B,3,27900.0,3040.0,0,,0.1536860852022144,1,random_forest
SH-MC-08-2025052400,2025-05-24 00:00:00,LINE-C,MC-08,PRD-B,3,27900.0,3040.0,0,,0.1543802165763498,1,random_forest
SH-MC-08-2025052408,2025-05-24 08:00:00,LINE-C,MC-08,PRD-B,3,27900.0,3040.0,0,,0.1433719900749416,0,random_forest
SH-MC-08-2025052416,2025-05-24 16:00:00,LINE-C,MC-08,PRD-B,3,27900.0,3040.0,0,,0.1888525643264863,1,random_forest
SH-MC-08-2025052500,2025-05-25 00:00:00,LINE-C,MC-08,PRD-C,3,27900.0,3040.0,0,,0.17933253924269144,1,random_forest
SH-MC-08-2025052508,2025-05-25 08:00:00,LINE-C,MC-08,PRD-C,3,27900.0,3040.0,0,,0.14158781953624913,0,random_forest
SH-MC-08-2025052516,2025-05-25 16:00:00,LINE-C,MC-08,PRD-C,3,27900.0,3040.0,0,,0.2283627273213894,1,random_forest
SH-MC-08-2025052600,2025-05-26 00:00:00,LINE-C,MC-08,PRD-C,3,27900.0,3040.0,1,24.0,0.21027957337350708,1,random_forest
SH-MC-08-2025052608,2025-05-26 08:00:00,LINE-C,MC-08,PRD-C,3,27900.0,3040.0,1,16.0,0.28521805460990324,1,random_forest
SH-MC-08-2025052616,2025-05-26 16:00:00,LINE-C,MC-08,PRD-C,3,27900.0,3040.0,1,8.0,0.3110590528727794,1,random_forest
SH-MC-08-2025052700,2025-05-27 00:00:00,LINE-C,MC-08,PRD-D,3,27900.0,3040.0,0,,0.3285714245019075,1,random_forest
SH-MC-08-2025052708,2025-05-27 08:00:00,LINE-C,MC-08,PRD-D,3,27900.0,3040.0,0,,0.055709228156774246,0,random_forest
SH-MC-08-2025052716,2025-05-27 16:00:00,LINE-C,MC-08,PRD-D,3,27900.0,3040.0,0,,0.06508600250842306,0,random_forest
SH-MC-08-2025052800,2025-05-28 00:00:00,LINE-C,MC-08,PRD-D,3,27900.0,3040.0,0,,0.057822784201345685,0,random_forest
SH-MC-08-2025052808,2025-05-28 08:00:00,LINE-C,MC-08,PRD-D,3,27900.0,3040.0,0,,0.05889719774806347,0,random_forest
SH-MC-08-2025052816,2025-05-28 16:00:00,LINE-C,MC-08,PRD-D,3,27900.0,3040.0,0,,0.050853003590025675,0,random_forest
SH-MC-08-2025052900,2025-05-29 00:00:00,LINE-C,MC-08,PRD-A,3,27900.0,3040.0,0,,0.0639814541903069,0,random_forest
SH-MC-08-2025052908,2025-05-29 08:00:00,LINE-C,MC-08,PRD-A,3,27900.0,3040.0,0,,0.05925794636509484,0,random_forest
SH-MC-08-2025052916,2025-05-29 16:00:00,LINE-C,MC-08,PRD-A,3,27900.0,3040.0,0,,0.16539483508939953,1,random_forest
SH-MC-08-2025053000,2025-05-30 00:00:00,LINE-C,MC-08,PRD-A,3,27900.0,3040.0,1,24.0,0.08639936725125018,0,random_forest
SH-MC-08-2025053008,2025-05-30 08:00:00,LINE-C,MC-08,PRD-A,3,27900.0,3040.0,1,16.0,0.15879696758205541,1,random_forest
SH-MC-08-2025053016,2025-05-30 16:00:00,LINE-C,MC-08,PRD-A,3,27900.0,3040.0,1,8.0,0.17555019702535257,1,random_forest
SH-MC-08-2025053100,2025-05-31 00:00:00,LINE-C,MC-08,PRD-B,3,27900.0,3040.0,0,,0.13230384835579223,0,random_forest
SH-MC-08-2025053108,2025-05-31 08:00:00,LINE-C,MC-08,PRD-B,3,27900.0,3040.0,0,,0.04334049756389258,0,random_forest
SH-MC-08-2025053116,2025-05-31 16:00:00,LINE-C,MC-08,PRD-B,3,27900.0,3040.0,0,,0.0431350672403962,0,random_forest
SH-MC-08-2025060100,2025-06-01 00:00:00,LINE-C,MC-08,PRD-B,3,27900.0,3040.0,0,,0.047540089044301036,0,random_forest
SH-MC-08-2025060108,2025-06-01 08:00:00,LINE-C,MC-08,PRD-B,3,27900.0,3040.0,0,,0.04617939343246005,0,random_forest
SH-MC-08-2025060116,2025-06-01 16:00:00,LINE-C,MC-08,PRD-B,3,27900.0,3040.0,0,,0.048692712599093205,0,random_forest
SH-MC-08-2025060200,2025-06-02 00:00:00,LINE-C,MC-08,PRD-C,3,27900.0,3040.0,0,,0.05418904131443513,0,random_forest
SH-MC-08-2025060208,2025-06-02 08:00:00,LINE-C,MC-08,PRD-C,3,27900.0,3040.0,0,,0.05625928683638238,0,random_forest
SH-MC-08-2025060216,2025-06-02 16:00:00,LINE-C,MC-08,PRD-C,3,27900.0,3040.0,0,,0.06599702323198989,0,random_forest
SH-MC-08-2025060300,2025-06-03 00:00:00,LINE-C,MC-08,PRD-C,3,27900.0,3040.0,0,,0.05632599866864554,0,random_forest
SH-MC-08-2025060308,2025-06-03 08:00:00,LINE-C,MC-08,PRD-C,3,27900.0,3040.0,0,,0.08071372938018569,0,random_forest
SH-MC-08-2025060316,2025-06-03 16:00:00,LINE-C,MC-08,PRD-C,3,27900.0,3040.0,0,,0.12961550370372854,0,random_forest
SH-MC-08-2025060400,2025-06-04 00:00:00,LINE-C,MC-08,PRD-D,3,27900.0,3040.0,0,,0.09437566289170603,0,random_forest
SH-MC-08-2025060408,2025-06-04 08:00:00,LINE-C,MC-08,PRD-D,3,27900.0,3040.0,0,,0.11672351727803182,0,random_forest
SH-MC-08-2025060416,2025-06-04 16:00:00,LINE-C,MC-08,PRD-D,3,27900.0,3040.0,0,,0.18106423352145815,1,random_forest
SH-MC-08-2025060500,2025-06-05 00:00:00,LINE-C,MC-08,PRD-D,3,27900.0,3040.0,0,,0.12814249150589788,0,random_forest
SH-MC-08-2025060508,2025-06-05 08:00:00,LINE-C,MC-08,PRD-D,3,27900.0,3040.0,0,,0.21843027924597314,1,random_forest
SH-MC-08-2025060516,2025-06-05 16:00:00,LINE-C,MC-08,PRD-D,3,27900.0,3040.0,0,,0.2305703488226087,1,random_forest
SH-MC-08-2025060600,2025-06-06 00:00:00,LINE-C,MC-08,PRD-A,3,27900.0,3040.0,0,,0.2475991010553192,1,random_forest
SH-MC-08-2025060608,2025-06-06 08:00:00,LINE-C,MC-08,PRD-A,3,27900.0,3040.0,0,,0.20807375509671427,1,random_forest
SH-MC-08-2025060616,2025-06-06 16:00:00,LINE-C,MC-08,PRD-A,3,27900.0,3040.0,0,,0.28046918139203025,1,random_forest
SH-MC-08-2025060700,2025-06-07 00:00:00,LINE-C,MC-08,PRD-A,3,27900.0,3040.0,1,24.0,0.20076063613977851,1,random_forest
SH-MC-08-2025060708,2025-06-07 08:00:00,LINE-C,MC-08,PRD-A,3,27900.0,3040.0,1,16.0,0.2766897683498903,1,random_forest
SH-MC-08-2025060716,2025-06-07 16:00:00,LINE-C,MC-08,PRD-A,3,27900.0,3040.0,1,8.0,0.23588782620892257,1,random_forest
SH-MC-08-2025060800,2025-06-08 00:00:00,LINE-C,MC-08,PRD-B,3,27900.0,3040.0,0,,0.3468443973917931,1,random_forest
SH-MC-08-2025060808,2025-06-08 08:00:00,LINE-C,MC-08,PRD-B,3,27900.0,3040.0,0,,0.04778793820306199,0,random_forest
SH-MC-08-2025060816,2025-06-08 16:00:00,LINE-C,MC-08,PRD-B,3,27900.0,3040.0,0,,0.04712461428965374,0,random_forest
SH-MC-08-2025060900,2025-06-09 00:00:00,LINE-C,MC-08,PRD-B,3,27900.0,3040.0,0,,0.0497386282064066,0,random_forest
SH-MC-08-2025060908,2025-06-09 08:00:00,LINE-C,MC-08,PRD-B,3,27900.0,3040.0,0,,0.04757508344551741,0,random_forest
SH-MC-08-2025060916,2025-06-09 16:00:00,LINE-C,MC-08,PRD-B,3,27900.0,3040.0,0,,0.0529750670178735,0,random_forest
SH-MC-08-2025061000,2025-06-10 00:00:00,LINE-C,MC-08,PRD-C,3,27900.0,3040.0,0,,0.06107257982360121,0,random_forest
SH-MC-08-2025061008,2025-06-10 08:00:00,LINE-C,MC-08,PRD-C,3,27900.0,3040.0,0,,0.06211647615153945,0,random_forest
SH-MC-08-2025061016,2025-06-10 16:00:00,LINE-C,MC-08,PRD-C,3,27900.0,3040.0,0,,0.08690398523182616,0,random_forest
SH-MC-08-2025061100,2025-06-11 00:00:00,LINE-C,MC-08,PRD-C,3,27900.0,3040.0,0,,0.08070490291657753,0,random_forest
SH-MC-08-2025061108,2025-06-11 08:00:00,LINE-C,MC-08,PRD-C,3,27900.0,3040.0,0,,0.11423800308221344,0,random_forest
SH-MC-08-2025061116,2025-06-11 16:00:00,LINE-C,MC-08,PRD-C,3,27900.0,3040.0,0,,0.18291777944228027,1,random_forest
SH-MC-08-2025061200,2025-06-12 00:00:00,LINE-C,MC-08,PRD-D,3,27900.0,3040.0,0,,0.15097544983720665,1,random_forest
SH-MC-08-2025061208,2025-06-12 08:00:00,LINE-C,MC-08,PRD-D,3,27900.0,3040.0,1,24.0,0.12347299000509784,0,random_forest
SH-MC-08-2025061216,2025-06-12 16:00:00,LINE-C,MC-08,PRD-D,3,27900.0,3040.0,1,16.0,0.14684597789804224,0,random_forest
SH-MC-08-2025061300,2025-06-13 00:00:00,LINE-C,MC-08,PRD-D,3,27900.0,3040.0,1,8.0,0.19253609277507233,1,random_forest
SH-MC-08-2025061308,2025-06-13 08:00:00,LINE-C,MC-08,PRD-D,3,27900.0,3040.0,0,,0.215931230545127,1,random_forest
SH-MC-08-2025061316,2025-06-13 16:00:00,LINE-C,MC-08,PRD-D,3,27900.0,3040.0,0,,0.05374106686182893,0,random_forest
SH-MC-08-2025061400,2025-06-14 00:00:00,LINE-C,MC-08,PRD-A,3,27900.0,3040.0,0,,0.03912747019858347,0,random_forest
SH-MC-08-2025061408,2025-06-14 08:00:00,LINE-C,MC-08,PRD-A,3,27900.0,3040.0,0,,0.05715098196347934,0,random_forest
SH-MC-08-2025061416,2025-06-14 16:00:00,LINE-C,MC-08,PRD-A,3,27900.0,3040.0,0,,0.04444965660411797,0,random_forest
SH-MC-08-2025061500,2025-06-15 00:00:00,LINE-C,MC-08,PRD-A,3,27900.0,3040.0,0,,0.047385819969054305,0,random_forest
SH-MC-08-2025061508,2025-06-15 08:00:00,LINE-C,MC-08,PRD-A,3,27900.0,3040.0,0,,0.058907250412142835,0,random_forest
SH-MC-08-2025061516,2025-06-15 16:00:00,LINE-C,MC-08,PRD-A,3,27900.0,3040.0,0,,0.07318599616085973,0,random_forest
SH-MC-08-2025061600,2025-06-16 00:00:00,LINE-C,MC-08,PRD-B,3,27900.0,3040.0,0,,0.06745707459314448,0,random_forest
SH-MC-08-2025061608,2025-06-16 08:00:00,LINE-C,MC-08,PRD-B,3,27900.0,3040.0,0,,0.06761110279330727,0,random_forest
SH-MC-08-2025061616,2025-06-16 16:00:00,LINE-C,MC-08,PRD-B,3,27900.0,3040.0,0,,0.10194224777858271,0,random_forest
SH-MC-08-2025061700,2025-06-17 00:00:00,LINE-C,MC-08,PRD-B,3,27900.0,3040.0,0,,0.15378252396304104,1,random_forest
SH-MC-08-2025061708,2025-06-17 08:00:00,LINE-C,MC-08,PRD-B,3,27900.0,3040.0,0,,0.14031830609611146,0,random_forest
SH-MC-08-2025061716,2025-06-17 16:00:00,LINE-C,MC-08,PRD-B,3,27900.0,3040.0,0,,0.111376495490774,0,random_forest
SH-MC-08-2025061800,2025-06-18 00:00:00,LINE-C,MC-08,PRD-C,3,27900.0,3040.0,0,,0.11736124230561198,0,random_forest
SH-MC-08-2025061808,2025-06-18 08:00:00,LINE-C,MC-08,PRD-C,3,27900.0,3040.0,0,,0.17735279053103634,1,random_forest
SH-MC-08-2025061816,2025-06-18 16:00:00,LINE-C,MC-08,PRD-C,3,27900.0,3040.0,0,,0.13582705242577556,0,random_forest
SH-MC-08-2025061900,2025-06-19 00:00:00,LINE-C,MC-08,PRD-C,3,27900.0,3040.0,0,,0.18625180594792237,1,random_forest
SH-MC-08-2025061908,2025-06-19 08:00:00,LINE-C,MC-08,PRD-C,3,27900.0,3040.0,0,,0.19702334812816963,1,random_forest
SH-MC-08-2025061916,2025-06-19 16:00:00,LINE-C,MC-08,PRD-C,3,27900.0,3040.0,0,,0.14477459566898096,0,random_forest
SH-MC-08-2025062000,2025-06-20 00:00:00,LINE-C,MC-08,PRD-D,3,27900.0,3040.0,0,,0.2499722749030392,1,random_forest
SH-MC-08-2025062008,2025-06-20 08:00:00,LINE-C,MC-08,PRD-D,3,27900.0,3040.0,0,,0.2736729141870427,1,random_forest
SH-MC-08-2025062016,2025-06-20 16:00:00,LINE-C,MC-08,PRD-D,3,27900.0,3040.0,0,,0.35657746900245435,1,random_forest
SH-MC-08-2025062100,2025-06-21 00:00:00,LINE-C,MC-08,PRD-D,3,27900.0,3040.0,0,,0.36617357128703387,1,random_forest
SH-MC-08-2025062108,2025-06-21 08:00:00,LINE-C,MC-08,PRD-D,3,27900.0,3040.0,0,,0.5171828613931678,1,random_forest
SH-MC-08-2025062116,2025-06-21 16:00:00,LINE-C,MC-08,PRD-D,3,27900.0,3040.0,0,,0.43573857730244486,1,random_forest
SH-MC-08-2025062200,2025-06-22 00:00:00,LINE-C,MC-08,PRD-A,3,27900.0,3040.0,1,24.0,0.5307658506193009,1,random_forest
SH-MC-08-2025062208,2025-06-22 08:00:00,LINE-C,MC-08,PRD-A,3,27900.0,3040.0,1,16.0,0.598830964904603,1,random_forest
SH-MC-08-2025062216,2025-06-22 16:00:00,LINE-C,MC-08,PRD-A,3,27900.0,3040.0,1,8.0,0.5582645831181237,1,random_forest
SH-MC-08-2025062300,2025-06-23 00:00:00,LINE-C,MC-08,PRD-A,3,27900.0,3040.0,0,,0.542054680161092,1,random_forest
SH-MC-08-2025062308,2025-06-23 08:00:00,LINE-C,MC-08,PRD-A,3,27900.0,3040.0,0,,0.047012901726060985,0,random_forest
SH-MC-08-2025062316,2025-06-23 16:00:00,LINE-C,MC-08,PRD-A,3,27900.0,3040.0,0,,0.042929869848627525,0,random_forest
SH-MC-08-2025062400,2025-06-24 00:00:00,LINE-C,MC-08,PRD-B,3,27900.0,3040.0,0,,0.06323731917460536,0,random_forest
SH-MC-08-2025062408,2025-06-24 08:00:00,LINE-C,MC-08,PRD-B,3,27900.0,3040.0,0,,0.06557606588183179,0,random_forest
SH-MC-08-2025062416,2025-06-24 16:00:00,LINE-C,MC-08,PRD-B,3,27900.0,3040.0,0,,0.07898388016999236,0,random_forest
SH-MC-08-2025062500,2025-06-25 00:00:00,LINE-C,MC-08,PRD-B,3,27900.0,3040.0,0,,0.09129293514946729,0,random_forest
SH-MC-08-2025062508,2025-06-25 08:00:00,LINE-C,MC-08,PRD-B,3,27900.0,3040.0,0,,0.09653943553468057,0,random_forest
SH-MC-08-2025062516,2025-06-25 16:00:00,LINE-C,MC-08,PRD-B,3,27900.0,3040.0,0,,0.12260299689482414,0,random_forest
SH-MC-08-2025062600,2025-06-26 00:00:00,LINE-C,MC-08,PRD-C,3,27900.0,3040.0,0,,0.12181840750332318,0,random_forest
SH-MC-08-2025062608,2025-06-26 08:00:00,LINE-C,MC-08,PRD-C,3,27900.0,3040.0,0,,0.16607952043775892,1,random_forest
SH-MC-08-2025062616,2025-06-26 16:00:00,LINE-C,MC-08,PRD-C,3,27900.0,3040.0,0,,0.16951810519159144,1,random_forest
SH-MC-08-2025062700,2025-06-27 00:00:00,LINE-C,MC-08,PRD-C,3,27900.0,3040.0,1,24.0,0.134809124193173,0,random_forest
SH-MC-08-2025062708,2025-06-27 08:00:00,LINE-C,MC-08,PRD-C,3,27900.0,3040.0,1,16.0,0.16109710266473734,1,random_forest
SH-MC-08-2025062716,2025-06-27 16:00:00,LINE-C,MC-08,PRD-C,3,27900.0,3040.0,1,8.0,0.15495670941337827,1,random_forest
SH-MC-08-2025062800,2025-06-28 00:00:00,LINE-C,MC-08,PRD-D,3,27900.0,3040.0,0,,0.25679711299711805,1,random_forest
SH-MC-08-2025062808,2025-06-28 08:00:00,LINE-C,MC-08,PRD-D,3,27900.0,3040.0,0,,0.04333001890922446,0,random_forest
SH-MC-08-2025062816,2025-06-28 16:00:00,LINE-C,MC-08,PRD-D,3,27900.0,3040.0,0,,0.04177734633530936,0,random_forest
SH-MC-08-2025062900,2025-06-29 00:00:00,LINE-C,MC-08,PRD-D,3,27900.0,3040.0,0,,0.04195965284476901,0,random_forest
SH-MC-08-2025062908,2025-06-29 08:00:00,LINE-C,MC-08,PRD-D,3,27900.0,3040.0,0,,0.040607525799958584,0,random_forest
SH-MC-08-2025062916,2025-06-29 16:00:00,LINE-C,MC-08,PRD-D,3,27900.0,3040.0,0,,0.04130995061154855,0,random_forest
SH-MC-09-2025030100,2025-03-01 00:00:00,LINE-C,MC-09,PRD-A,4,33400.0,3640.0,0,,0.09323906366893174,0,random_forest
SH-MC-09-2025030108,2025-03-01 08:00:00,LINE-C,MC-09,PRD-A,4,33400.0,3640.0,0,,0.0836239965749333,0,random_forest
SH-MC-09-2025030116,2025-03-01 16:00:00,LINE-C,MC-09,PRD-A,4,33400.0,3640.0,0,,0.0981563896103068,0,random_forest
SH-MC-09-2025030200,2025-03-02 00:00:00,LINE-C,MC-09,PRD-B,4,33400.0,3640.0,0,,0.1310760510533967,0,random_forest
SH-MC-09-2025030208,2025-03-02 08:00:00,LINE-C,MC-09,PRD-B,4,33400.0,3640.0,0,,0.1558619952291949,1,random_forest
SH-MC-09-2025030216,2025-03-02 16:00:00,LINE-C,MC-09,PRD-B,4,33400.0,3640.0,1,24.0,0.16320425991942697,1,random_forest
SH-MC-09-2025030300,2025-03-03 00:00:00,LINE-C,MC-09,PRD-B,4,33400.0,3640.0,1,16.0,0.14323710166946702,0,random_forest
SH-MC-09-2025030308,2025-03-03 08:00:00,LINE-C,MC-09,PRD-B,4,33400.0,3640.0,1,8.0,0.1634698535846645,1,random_forest
SH-MC-09-2025030316,2025-03-03 16:00:00,LINE-C,MC-09,PRD-B,4,33400.0,3640.0,0,,0.16505539947071782,1,random_forest
SH-MC-09-2025030400,2025-03-04 00:00:00,LINE-C,MC-09,PRD-C,4,33400.0,3640.0,0,,0.05751145932884628,0,random_forest
SH-MC-09-2025030408,2025-03-04 08:00:00,LINE-C,MC-09,PRD-C,4,33400.0,3640.0,0,,0.05483199000840105,0,random_forest
SH-MC-09-2025030416,2025-03-04 16:00:00,LINE-C,MC-09,PRD-C,4,33400.0,3640.0,0,,0.04820910177584635,0,random_forest
SH-MC-09-2025030500,2025-03-05 00:00:00,LINE-C,MC-09,PRD-C,4,33400.0,3640.0,0,,0.05334387981753699,0,random_forest
SH-MC-09-2025030508,2025-03-05 08:00:00,LINE-C,MC-09,PRD-C,4,33400.0,3640.0,0,,0.09708509082610349,0,random_forest
SH-MC-09-2025030516,2025-03-05 16:00:00,LINE-C,MC-09,PRD-C,4,33400.0,3640.0,0,,0.10433153887992476,0,random_forest
SH-MC-09-2025030600,2025-03-06 00:00:00,LINE-C,MC-09,PRD-D,4,33400.0,3640.0,0,,0.10028540765856604,0,random_forest
SH-MC-09-2025030608,2025-03-06 08:00:00,LINE-C,MC-09,PRD-D,4,33400.0,3640.0,0,,0.10639657332311901,0,random_forest
SH-MC-09-2025030616,2025-03-06 16:00:00,LINE-C,MC-09,PRD-D,4,33400.0,3640.0,0,,0.09514263215721327,0,random_forest
SH-MC-09-2025030700,2025-03-07 00:00:00,LINE-C,MC-09,PRD-D,4,33400.0,3640.0,0,,0.11064980217708527,0,random_forest
SH-MC-09-2025030708,2025-03-07 08:00:00,LINE-C,MC-09,PRD-D,4,33400.0,3640.0,0,,0.10912379759025831,0,random_forest
SH-MC-09-2025030716,2025-03-07 16:00:00,LINE-C,MC-09,PRD-D,4,33400.0,3640.0,0,,0.10716479858441597,0,random_forest
SH-MC-09-2025030800,2025-03-08 00:00:00,LINE-C,MC-09,PRD-A,4,33400.0,3640.0,0,,0.09939306887384984,0,random_forest
SH-MC-09-2025030808,2025-03-08 08:00:00,LINE-C,MC-09,PRD-A,4,33400.0,3640.0,0,,0.15435721012123768,1,random_forest
SH-MC-09-2025030816,2025-03-08 16:00:00,LINE-C,MC-09,PRD-A,4,33400.0,3640.0,0,,0.15252422135579155,1,random_forest
SH-MC-09-2025030900,2025-03-09 00:00:00,LINE-C,MC-09,PRD-A,4,33400.0,3640.0,0,,0.21326061644257374,1,random_forest
SH-MC-09-2025030908,2025-03-09 08:00:00,LINE-C,MC-09,PRD-A,4,33400.0,3640.0,0,,0.2453832281873215,1,random_forest
SH-MC-09-2025030916,2025-03-09 16:00:00,LINE-C,MC-09,PRD-A,4,33400.0,3640.0,0,,0.18397611410726697,1,random_forest
SH-MC-09-2025031000,2025-03-10 00:00:00,LINE-C,MC-09,PRD-B,4,33400.0,3640.0,1,24.0,0.21794768733425585,1,random_forest
SH-MC-09-2025031008,2025-03-10 08:00:00,LINE-C,MC-09,PRD-B,4,33400.0,3640.0,1,16.0,0.2679261973756119,1,random_forest
SH-MC-09-2025031016,2025-03-10 16:00:00,LINE-C,MC-09,PRD-B,4,33400.0,3640.0,1,8.0,0.2540810898832791,1,random_forest
SH-MC-09-2025031100,2025-03-11 00:00:00,LINE-C,MC-09,PRD-B,4,33400.0,3640.0,0,,0.25677843472435785,1,random_forest
SH-MC-09-2025031108,2025-03-11 08:00:00,LINE-C,MC-09,PRD-B,4,33400.0,3640.0,0,,0.06340359405515095,0,random_forest
SH-MC-09-2025031116,2025-03-11 16:00:00,LINE-C,MC-09,PRD-B,4,33400.0,3640.0,0,,0.07705599549977765,0,random_forest
SH-MC-09-2025031200,2025-03-12 00:00:00,LINE-C,MC-09,PRD-C,4,33400.0,3640.0,0,,0.08573049457161819,0,random_forest
SH-MC-09-2025031208,2025-03-12 08:00:00,LINE-C,MC-09,PRD-C,4,33400.0,3640.0,0,,0.06927984136200213,0,random_forest
SH-MC-09-2025031216,2025-03-12 16:00:00,LINE-C,MC-09,PRD-C,4,33400.0,3640.0,0,,0.06783032023050212,0,random_forest
SH-MC-09-2025031300,2025-03-13 00:00:00,LINE-C,MC-09,PRD-C,4,33400.0,3640.0,0,,0.11046293602964137,0,random_forest
SH-MC-09-2025031308,2025-03-13 08:00:00,LINE-C,MC-09,PRD-C,4,33400.0,3640.0,0,,0.09004064985072972,0,random_forest
SH-MC-09-2025031316,2025-03-13 16:00:00,LINE-C,MC-09,PRD-C,4,33400.0,3640.0,0,,0.11057972839012077,0,random_forest
SH-MC-09-2025031400,2025-03-14 00:00:00,LINE-C,MC-09,PRD-D,4,33400.0,3640.0,0,,0.11395053279823764,0,random_forest
SH-MC-09-2025031408,2025-03-14 08:00:00,LINE-C,MC-09,PRD-D,4,33400.0,3640.0,0,,0.11893583032534281,0,random_forest
SH-MC-09-2025031416,2025-03-14 16:00:00,LINE-C,MC-09,PRD-D,4,33400.0,3640.0,0,,0.13861451081847279,0,random_forest
SH-MC-09-2025031500,2025-03-15 00:00:00,LINE-C,MC-09,PRD-D,4,33400.0,3640.0,0,,0.099369078527398,0,random_forest
SH-MC-09-2025031508,2025-03-15 08:00:00,LINE-C,MC-09,PRD-D,4,33400.0,3640.0,0,,0.14660896971361534,0,random_forest
SH-MC-09-2025031516,2025-03-15 16:00:00,LINE-C,MC-09,PRD-D,4,33400.0,3640.0,0,,0.22612342478479455,1,random_forest
SH-MC-09-2025031600,2025-03-16 00:00:00,LINE-C,MC-09,PRD-A,4,33400.0,3640.0,0,,0.27381443429570385,1,random_forest
SH-MC-09-2025031608,2025-03-16 08:00:00,LINE-C,MC-09,PRD-A,4,33400.0,3640.0,0,,0.2507840795141269,1,random_forest
SH-MC-09-2025031616,2025-03-16 16:00:00,LINE-C,MC-09,PRD-A,4,33400.0,3640.0,0,,0.2686325749629597,1,random_forest
SH-MC-09-2025031700,2025-03-17 00:00:00,LINE-C,MC-09,PRD-A,4,33400.0,3640.0,0,,0.22075444120009993,1,random_forest
SH-MC-09-2025031708,2025-03-17 08:00:00,LINE-C,MC-09,PRD-A,4,33400.0,3640.0,0,,0.33018556569308183,1,random_forest
SH-MC-09-2025031716,2025-03-17 16:00:00,LINE-C,MC-09,PRD-A,4,33400.0,3640.0,0,,0.3112231096206746,1,random_forest
SH-MC-09-2025031800,2025-03-18 00:00:00,LINE-C,MC-09,PRD-B,4,33400.0,3640.0,0,,0.33976979127739804,1,random_forest
SH-MC-09-2025031808,2025-03-18 08:00:00,LINE-C,MC-09,PRD-B,4,33400.0,3640.0,0,,0.3749699854215959,1,random_forest
SH-MC-09-2025031816,2025-03-18 16:00:00,LINE-C,MC-09,PRD-B,4,33400.0,3640.0,0,,0.47473700758274384,1,random_forest
SH-MC-09-2025031900,2025-03-19 00:00:00,LINE-C,MC-09,PRD-B,4,33400.0,3640.0,0,,0.5098268093457407,1,random_forest
SH-MC-09-2025031908,2025-03-19 08:00:00,LINE-C,MC-09,PRD-B,4,33400.0,3640.0,0,,0.3829086080230217,1,random_forest
SH-MC-09-2025031916,2025-03-19 16:00:00,LINE-C,MC-09,PRD-B,4,33400.0,3640.0,1,24.0,0.54905382023564,1,random_forest
SH-MC-09-2025032000,2025-03-20 00:00:00,LINE-C,MC-09,PRD-C,4,33400.0,3640.0,1,16.0,0.5538449889220621,1,random_forest
SH-MC-09-2025032008,2025-03-20 08:00:00,LINE-C,MC-09,PRD-C,4,33400.0,3640.0,1,8.0,0.5758412866755979,1,random_forest
SH-MC-09-2025032016,2025-03-20 16:00:00,LINE-C,MC-09,PRD-C,4,33400.0,3640.0,0,,0.4728498261198583,1,random_forest
SH-MC-09-2025032100,2025-03-21 00:00:00,LINE-C,MC-09,PRD-C,4,33400.0,3640.0,0,,0.0688109202064694,0,random_forest
SH-MC-09-2025032108,2025-03-21 08:00:00,LINE-C,MC-09,PRD-C,4,33400.0,3640.0,0,,0.0661626870757901,0,random_forest
SH-MC-09-2025032116,2025-03-21 16:00:00,LINE-C,MC-09,PRD-C,4,33400.0,3640.0,0,,0.08163198055629839,0,random_forest
SH-MC-09-2025032200,2025-03-22 00:00:00,LINE-C,MC-09,PRD-D,4,33400.0,3640.0,0,,0.11671445951348915,0,random_forest
SH-MC-09-2025032208,2025-03-22 08:00:00,LINE-C,MC-09,PRD-D,4,33400.0,3640.0,0,,0.08533180195890668,0,random_forest
SH-MC-09-2025032216,2025-03-22 16:00:00,LINE-C,MC-09,PRD-D,4,33400.0,3640.0,0,,0.099549220152844,0,random_forest
SH-MC-09-2025032300,2025-03-23 00:00:00,LINE-C,MC-09,PRD-D,4,33400.0,3640.0,0,,0.14503903925193662,0,random_forest
SH-MC-09-2025032308,2025-03-23 08:00:00,LINE-C,MC-09,PRD-D,4,33400.0,3640.0,0,,0.11159856060441238,0,random_forest
SH-MC-09-2025032316,2025-03-23 16:00:00,LINE-C,MC-09,PRD-D,4,33400.0,3640.0,0,,0.18712840867313124,1,random_forest
SH-MC-09-2025032400,2025-03-24 00:00:00,LINE-C,MC-09,PRD-A,4,33400.0,3640.0,0,,0.151980914170264,1,random_forest
SH-MC-09-2025032408,2025-03-24 08:00:00,LINE-C,MC-09,PRD-A,4,33400.0,3640.0,0,,0.20014680879980423,1,random_forest
SH-MC-09-2025032416,2025-03-24 16:00:00,LINE-C,MC-09,PRD-A,4,33400.0,3640.0,0,,0.23348667064096715,1,random_forest
SH-MC-09-2025032500,2025-03-25 00:00:00,LINE-C,MC-09,PRD-A,4,33400.0,3640.0,0,,0.20866441953488674,1,random_forest
SH-MC-09-2025032508,2025-03-25 08:00:00,LINE-C,MC-09,PRD-A,4,33400.0,3640.0,0,,0.25354658772365546,1,random_forest
SH-MC-09-2025032516,2025-03-25 16:00:00,LINE-C,MC-09,PRD-A,4,33400.0,3640.0,0,,0.24441632799122792,1,random_forest
SH-MC-09-2025032600,2025-03-26 00:00:00,LINE-C,MC-09,PRD-B,4,33400.0,3640.0,0,,0.30795394781778396,1,random_forest
SH-MC-09-2025032608,2025-03-26 08:00:00,LINE-C,MC-09,PRD-B,4,33400.0,3640.0,0,,0.2673459492561344,1,random_forest
SH-MC-09-2025032616,2025-03-26 16:00:00,LINE-C,MC-09,PRD-B,4,33400.0,3640.0,0,,0.29354783118022665,1,random_forest
SH-MC-09-2025032700,2025-03-27 00:00:00,LINE-C,MC-09,PRD-B,4,33400.0,3640.0,0,,0.41384435259838503,1,random_forest
SH-MC-09-2025032708,2025-03-27 08:00:00,LINE-C,MC-09,PRD-B,4,33400.0,3640.0,0,,0.4174618701966391,1,random_forest
SH-MC-09-2025032716,2025-03-27 16:00:00,LINE-C,MC-09,PRD-B,4,33400.0,3640.0,0,,0.3773478229545829,1,random_forest
SH-MC-09-2025032800,2025-03-28 00:00:00,LINE-C,MC-09,PRD-C,4,33400.0,3640.0,0,,0.5118264796582888,1,random_forest
SH-MC-09-2025032808,2025-03-28 08:00:00,LINE-C,MC-09,PRD-C,4,33400.0,3640.0,1,24.0,0.5560704482006508,1,random_forest
SH-MC-09-2025032816,2025-03-28 16:00:00,LINE-C,MC-09,PRD-C,4,33400.0,3640.0,1,16.0,0.5612169016421494,1,random_forest
SH-MC-09-2025032900,2025-03-29 00:00:00,LINE-C,MC-09,PRD-C,4,33400.0,3640.0,1,8.0,0.5569374563591738,1,random_forest
SH-MC-09-2025032908,2025-03-29 08:00:00,LINE-C,MC-09,PRD-C,4,33400.0,3640.0,0,,0.5606026623813436,1,random_forest
SH-MC-09-2025032916,2025-03-29 16:00:00,LINE-C,MC-09,PRD-C,4,33400.0,3640.0,0,,0.09315892432018133,0,random_forest
SH-MC-09-2025033000,2025-03-30 00:00:00,LINE-C,MC-09,PRD-D,4,33400.0,3640.0,0,,0.088663958838141,0,random_forest
SH-MC-09-2025033008,2025-03-30 08:00:00,LINE-C,MC-09,PRD-D,4,33400.0,3640.0,0,,0.10016032292142583,0,random_forest
SH-MC-09-2025033016,2025-03-30 16:00:00,LINE-C,MC-09,PRD-D,4,33400.0,3640.0,0,,0.13199036822879998,0,random_forest
SH-MC-09-2025033100,2025-03-31 00:00:00,LINE-C,MC-09,PRD-D,4,33400.0,3640.0,0,,0.14107910982903302,0,random_forest
SH-MC-09-2025033108,2025-03-31 08:00:00,LINE-C,MC-09,PRD-D,4,33400.0,3640.0,0,,0.1698436754068701,1,random_forest
SH-MC-09-2025033116,2025-03-31 16:00:00,LINE-C,MC-09,PRD-D,4,33400.0,3640.0,0,,0.16022827236306791,1,random_forest
SH-MC-09-2025040100,2025-04-01 00:00:00,LINE-C,MC-09,PRD-A,4,33400.0,3640.0,0,,0.17206427800055632,1,random_forest
SH-MC-09-2025040108,2025-04-01 08:00:00,LINE-C,MC-09,PRD-A,4,33400.0,3640.0,0,,0.18591385751422115,1,random_forest
SH-MC-09-2025040116,2025-04-01 16:00:00,LINE-C,MC-09,PRD-A,4,33400.0,3640.0,0,,0.21438791814208416,1,random_forest
SH-MC-09-2025040200,2025-04-02 00:00:00,LINE-C,MC-09,PRD-A,4,33400.0,3640.0,0,,0.19904503029874873,1,random_forest
SH-MC-09-2025040208,2025-04-02 08:00:00,LINE-C,MC-09,PRD-A,4,33400.0,3640.0,0,,0.26241682825438667,1,random_forest
SH-MC-09-2025040216,2025-04-02 16:00:00,LINE-C,MC-09,PRD-A,4,33400.0,3640.0,0,,0.21502220178105846,1,random_forest
SH-MC-09-2025040300,2025-04-03 00:00:00,LINE-C,MC-09,PRD-B,4,33400.0,3640.0,1,24.0,0.25048663580624125,1,random_forest
SH-MC-09-2025040308,2025-04-03 08:00:00,LINE-C,MC-09,PRD-B,4,33400.0,3640.0,1,16.0,0.24762437015490515,1,random_forest
SH-MC-09-2025040316,2025-04-03 16:00:00,LINE-C,MC-09,PRD-B,4,33400.0,3640.0,1,8.0,0.21648617265853604,1,random_forest
SH-MC-09-2025040400,2025-04-04 00:00:00,LINE-C,MC-09,PRD-B,4,33400.0,3640.0,0,,0.33609968185590255,1,random_forest
SH-MC-09-2025040408,2025-04-04 08:00:00,LINE-C,MC-09,PRD-B,4,33400.0,3640.0,0,,0.07015595621218008,0,random_forest
SH-MC-09-2025040416,2025-04-04 16:00:00,LINE-C,MC-09,PRD-B,4,33400.0,3640.0,0,,0.08401164058115027,0,random_forest
SH-MC-09-2025040500,2025-04-05 00:00:00,LINE-C,MC-09,PRD-C,4,33400.0,3640.0,0,,0.07069453099227178,0,random_forest
SH-MC-09-2025040508,2025-04-05 08:00:00,LINE-C,MC-09,PRD-C,4,33400.0,3640.0,0,,0.06908763304253925,0,random_forest
SH-MC-09-2025040516,2025-04-05 16:00:00,LINE-C,MC-09,PRD-C,4,33400.0,3640.0,0,,0.10122360347153797,0,random_forest
SH-MC-09-2025040600,2025-04-06 00:00:00,LINE-C,MC-09,PRD-C,4,33400.0,3640.0,0,,0.12864765740641512,0,random_forest
SH-MC-09-2025040608,2025-04-06 08:00:00,LINE-C,MC-09,PRD-C,4,33400.0,3640.0,0,,0.11074307293409166,0,random_forest
SH-MC-09-2025040616,2025-04-06 16:00:00,LINE-C,MC-09,PRD-C,4,33400.0,3640.0,0,,0.13476964382545953,0,random_forest
SH-MC-09-2025040700,2025-04-07 00:00:00,LINE-C,MC-09,PRD-D,4,33400.0,3640.0,0,,0.1661199475476812,1,random_forest
SH-MC-09-2025040708,2025-04-07 08:00:00,LINE-C,MC-09,PRD-D,4,33400.0,3640.0,0,,0.11098449043950097,0,random_forest
SH-MC-09-2025040716,2025-04-07 16:00:00,LINE-C,MC-09,PRD-D,4,33400.0,3640.0,1,24.0,0.2153966045662598,1,random_forest
SH-MC-09-2025040800,2025-04-08 00:00:00,LINE-C,MC-09,PRD-D,4,33400.0,3640.0,1,16.0,0.1887574138373625,1,random_forest
SH-MC-09-2025040808,2025-04-08 08:00:00,LINE-C,MC-09,PRD-D,4,33400.0,3640.0,1,8.0,0.16175399730461665,1,random_forest
SH-MC-09-2025040816,2025-04-08 16:00:00,LINE-C,MC-09,PRD-D,4,33400.0,3640.0,0,,0.18256437174465487,1,random_forest
SH-MC-09-2025040900,2025-04-09 00:00:00,LINE-C,MC-09,PRD-A,4,33400.0,3640.0,0,,0.06900521946165072,0,random_forest
SH-MC-09-2025040908,2025-04-09 08:00:00,LINE-C,MC-09,PRD-A,4,33400.0,3640.0,0,,0.07018048848360002,0,random_forest
SH-MC-09-2025040916,2025-04-09 16:00:00,LINE-C,MC-09,PRD-A,4,33400.0,3640.0,0,,0.08146443008135565,0,random_forest
SH-MC-09-2025041000,2025-04-10 00:00:00,LINE-C,MC-09,PRD-A,4,33400.0,3640.0,0,,0.09825115861584811,0,random_forest
SH-MC-09-2025041008,2025-04-10 08:00:00,LINE-C,MC-09,PRD-A,4,33400.0,3640.0,0,,0.10425468436099154,0,random_forest
SH-MC-09-2025041016,2025-04-10 16:00:00,LINE-C,MC-09,PRD-A,4,33400.0,3640.0,0,,0.12509518912569834,0,random_forest
SH-MC-09-2025041100,2025-04-11 00:00:00,LINE-C,MC-09,PRD-B,4,33400.0,3640.0,0,,0.10032492825626979,0,random_forest
SH-MC-09-2025041108,2025-04-11 08:00:00,LINE-C,MC-09,PRD-B,4,33400.0,3640.0,0,,0.12001713542166803,0,random_forest
SH-MC-09-2025041116,2025-04-11 16:00:00,LINE-C,MC-09,PRD-B,4,33400.0,3640.0,0,,0.1517283697197293,1,random_forest
SH-MC-09-2025041200,2025-04-12 00:00:00,LINE-C,MC-09,PRD-B,4,33400.0,3640.0,0,,0.17300651493272154,1,random_forest
SH-MC-09-2025041208,2025-04-12 08:00:00,LINE-C,MC-09,PRD-B,4,33400.0,3640.0,0,,0.16932928546762963,1,random_forest
SH-MC-09-2025041216,2025-04-12 16:00:00,LINE-C,MC-09,PRD-B,4,33400.0,3640.0,0,,0.16642542658988246,1,random_forest
SH-MC-09-2025041300,2025-04-13 00:00:00,LINE-C,MC-09,PRD-C,4,33400.0,3640.0,0,,0.18174414243909054,1,random_forest
SH-MC-09-2025041308,2025-04-13 08:00:00,LINE-C,MC-09,PRD-C,4,33400.0,3640.0,0,,0.21646864039654048,1,random_forest
SH-MC-09-2025041316,2025-04-13 16:00:00,LINE-C,MC-09,PRD-C,4,33400.0,3640.0,0,,0.24969799122915398,1,random_forest
SH-MC-09-2025041400,2025-04-14 00:00:00,LINE-C,MC-09,PRD-C,4,33400.0,3640.0,0,,0.22433473303283724,1,random_forest
SH-MC-09-2025041408,2025-04-14 08:00:00,LINE-C,MC-09,PRD-C,4,33400.0,3640.0,0,,0.24300250456316266,1,random_forest
SH-MC-09-2025041416,2025-04-14 16:00:00,LINE-C,MC-09,PRD-C,4,33400.0,3640.0,0,,0.2560367752778807,1,random_forest
SH-MC-09-2025041500,2025-04-15 00:00:00,LINE-C,MC-09,PRD-D,4,33400.0,3640.0,1,24.0,0.24511222700175253,1,random_forest
SH-MC-09-2025041508,2025-04-15 08:00:00,LINE-C,MC-09,PRD-D,4,33400.0,3640.0,1,16.0,0.381970516852734,1,random_forest
SH-MC-09-2025041516,2025-04-15 16:00:00,LINE-C,MC-09,PRD-D,4,33400.0,3640.0,1,8.0,0.2779488583641967,1,random_forest
SH-MC-09-2025041600,2025-04-16 00:00:00,LINE-C,MC-09,PRD-D,4,33400.0,3640.0,0,,0.351229017974931,1,random_forest
SH-MC-09-2025041608,2025-04-16 08:00:00,LINE-C,MC-09,PRD-D,4,33400.0,3640.0,0,,0.07594339929745532,0,random_forest
SH-MC-09-2025041616,2025-04-16 16:00:00,LINE-C,MC-09,PRD-D,4,33400.0,3640.0,0,,0.05450972107838775,0,random_forest
SH-MC-09-2025041700,2025-04-17 00:00:00,LINE-C,MC-09,PRD-A,4,33400.0,3640.0,0,,0.09814784171206437,0,random_forest
SH-MC-09-2025041708,2025-04-17 08:00:00,LINE-C,MC-09,PRD-A,4,33400.0,3640.0,0,,0.07393922142688052,0,random_forest
SH-MC-09-2025041716,2025-04-17 16:00:00,LINE-C,MC-09,PRD-A,4,33400.0,3640.0,0,,0.09742428630404203,0,random_forest
SH-MC-09-2025041800,2025-04-18 00:00:00,LINE-C,MC-09,PRD-A,4,33400.0,3640.0,0,,0.10265467920322188,0,random_forest
SH-MC-09-2025041808,2025-04-18 08:00:00,LINE-C,MC-09,PRD-A,4,33400.0,3640.0,0,,0.10716300866965471,0,random_forest
SH-MC-09-2025041816,2025-04-18 16:00:00,LINE-C,MC-09,PRD-A,4,33400.0,3640.0,0,,0.08586534462529162,0,random_forest
SH-MC-09-2025041900,2025-04-19 00:00:00,LINE-C,MC-09,PRD-B,4,33400.0,3640.0,0,,0.12977228318245063,0,random_forest
SH-MC-09-2025041908,2025-04-19 08:00:00,LINE-C,MC-09,PRD-B,4,33400.0,3640.0,0,,0.11953695179165112,0,random_forest
SH-MC-09-2025041916,2025-04-19 16:00:00,LINE-C,MC-09,PRD-B,4,33400.0,3640.0,0,,0.1858283481999519,1,random_forest
SH-MC-09-2025042000,2025-04-20 00:00:00,LINE-C,MC-09,PRD-B,4,33400.0,3640.0,0,,0.18062670974384637,1,random_forest
SH-MC-09-2025042008,2025-04-20 08:00:00,LINE-C,MC-09,PRD-B,4,33400.0,3640.0,0,,0.23995919634568638,1,random_forest
SH-MC-09-2025042016,2025-04-20 16:00:00,LINE-C,MC-09,PRD-B,4,33400.0,3640.0,0,,0.24113156329784707,1,random_forest
SH-MC-09-2025042100,2025-04-21 00:00:00,LINE-C,MC-09,PRD-C,4,33400.0,3640.0,0,,0.25364360894707033,1,random_forest
SH-MC-09-2025042108,2025-04-21 08:00:00,LINE-C,MC-09,PRD-C,4,33400.0,3640.0,0,,0.23813431530621187,1,random_forest
SH-MC-09-2025042116,2025-04-21 16:00:00,LINE-C,MC-09,PRD-C,4,33400.0,3640.0,0,,0.2871725390885628,1,random_forest
SH-MC-09-2025042200,2025-04-22 00:00:00,LINE-C,MC-09,PRD-C,4,33400.0,3640.0,0,,0.2295752417349919,1,random_forest
SH-MC-09-2025042208,2025-04-22 08:00:00,LINE-C,MC-09,PRD-C,4,33400.0,3640.0,0,,0.28283412335534325,1,random_forest
SH-MC-09-2025042216,2025-04-22 16:00:00,LINE-C,MC-09,PRD-C,4,33400.0,3640.0,0,,0.33436334502410825,1,random_forest
SH-MC-09-2025042300,2025-04-23 00:00:00,LINE-C,MC-09,PRD-D,4,33400.0,3640.0,0,,0.33389558459927116,1,random_forest
SH-MC-09-2025042308,2025-04-23 08:00:00,LINE-C,MC-09,PRD-D,4,33400.0,3640.0,0,,0.4231188430242284,1,random_forest
SH-MC-09-2025042316,2025-04-23 16:00:00,LINE-C,MC-09,PRD-D,4,33400.0,3640.0,1,24.0,0.5025351644237931,1,random_forest
SH-MC-09-2025042400,2025-04-24 00:00:00,LINE-C,MC-09,PRD-D,4,33400.0,3640.0,1,16.0,0.48640321970828826,1,random_forest
SH-MC-09-2025042408,2025-04-24 08:00:00,LINE-C,MC-09,PRD-D,4,33400.0,3640.0,1,8.0,0.5478818921144025,1,random_forest
SH-MC-09-2025042416,2025-04-24 16:00:00,LINE-C,MC-09,PRD-D,4,33400.0,3640.0,0,,0.520596889211149,1,random_forest
SH-MC-09-2025042500,2025-04-25 00:00:00,LINE-C,MC-09,PRD-A,4,33400.0,3640.0,0,,0.09000196260937902,0,random_forest
SH-MC-09-2025042508,2025-04-25 08:00:00,LINE-C,MC-09,PRD-A,4,33400.0,3640.0,0,,0.10559052853562956,0,random_forest
SH-MC-09-2025042516,2025-04-25 16:00:00,LINE-C,MC-09,PRD-A,4,33400.0,3640.0,0,,0.1381263053809194,0,random_forest
SH-MC-09-2025042600,2025-04-26 00:00:00,LINE-C,MC-09,PRD-A,4,33400.0,3640.0,0,,0.11353429744133807,0,random_forest
SH-MC-09-2025042608,2025-04-26 08:00:00,LINE-C,MC-09,PRD-A,4,33400.0,3640.0,0,,0.1226902503610007,0,random_forest
SH-MC-09-2025042616,2025-04-26 16:00:00,LINE-C,MC-09,PRD-A,4,33400.0,3640.0,0,,0.10618315359357282,0,random_forest
SH-MC-09-2025042700,2025-04-27 00:00:00,LINE-C,MC-09,PRD-B,4,33400.0,3640.0,0,,0.1394095070595588,0,random_forest
SH-MC-09-2025042708,2025-04-27 08:00:00,LINE-C,MC-09,PRD-B,4,33400.0,3640.0,0,,0.14643121135955994,0,random_forest
SH-MC-09-2025042716,2025-04-27 16:00:00,LINE-C,MC-09,PRD-B,4,33400.0,3640.0,0,,0.19263584031216552,1,random_forest
SH-MC-09-2025042800,2025-04-28 00:00:00,LINE-C,MC-09,PRD-B,4,33400.0,3640.0,0,,0.19072059237179542,1,random_forest
SH-MC-09-2025042808,2025-04-28 08:00:00,LINE-C,MC-09,PRD-B,4,33400.0,3640.0,0,,0.22673254565613085,1,random_forest
SH-MC-09-2025042816,2025-04-28 16:00:00,LINE-C,MC-09,PRD-B,4,33400.0,3640.0,0,,0.21170413396121465,1,random_forest
SH-MC-09-2025042900,2025-04-29 00:00:00,LINE-C,MC-09,PRD-C,4,33400.0,3640.0,0,,0.25795537066737867,1,random_forest
SH-MC-09-2025042908,2025-04-29 08:00:00,LINE-C,MC-09,PRD-C,4,33400.0,3640.0,0,,0.27033383538875966,1,random_forest
SH-MC-09-2025042916,2025-04-29 16:00:00,LINE-C,MC-09,PRD-C,4,33400.0,3640.0,0,,0.22573338813475802,1,random_forest
SH-MC-09-2025043000,2025-04-30 00:00:00,LINE-C,MC-09,PRD-C,4,33400.0,3640.0,0,,0.2381168702269134,1,random_forest
SH-MC-09-2025043008,2025-04-30 08:00:00,LINE-C,MC-09,PRD-C,4,33400.0,3640.0,0,,0.22516869077506327,1,random_forest
SH-MC-09-2025043016,2025-04-30 16:00:00,LINE-C,MC-09,PRD-C,4,33400.0,3640.0,0,,0.38920895769830294,1,random_forest
SH-MC-09-2025050100,2025-05-01 00:00:00,LINE-C,MC-09,PRD-D,4,33400.0,3640.0,0,,0.36352103635831773,1,random_forest
SH-MC-09-2025050108,2025-05-01 08:00:00,LINE-C,MC-09,PRD-D,4,33400.0,3640.0,0,,0.3824948826322921,1,random_forest
SH-MC-09-2025050116,2025-05-01 16:00:00,LINE-C,MC-09,PRD-D,4,33400.0,3640.0,0,,0.46513715453777515,1,random_forest
SH-MC-09-2025050200,2025-05-02 00:00:00,LINE-C,MC-09,PRD-D,4,33400.0,3640.0,0,,0.4886870051193806,1,random_forest
SH-MC-09-2025050208,2025-05-02 08:00:00,LINE-C,MC-09,PRD-D,4,33400.0,3640.0,1,24.0,0.5011549213369583,1,random_forest
SH-MC-09-2025050216,2025-05-02 16:00:00,LINE-C,MC-09,PRD-D,4,33400.0,3640.0,1,16.0,0.4998215466199464,1,random_forest
SH-MC-09-2025050300,2025-05-03 00:00:00,LINE-C,MC-09,PRD-A,4,33400.0,3640.0,1,8.0,0.5590909344007,1,random_forest
SH-MC-09-2025050308,2025-05-03 08:00:00,LINE-C,MC-09,PRD-A,4,33400.0,3640.0,0,,0.5372861332570219,1,random_forest
SH-MC-09-2025050316,2025-05-03 16:00:00,LINE-C,MC-09,PRD-A,4,33400.0,3640.0,0,,0.08840264140964306,0,random_forest
SH-MC-09-2025050400,2025-05-04 00:00:00,LINE-C,MC-09,PRD-A,4,33400.0,3640.0,0,,0.0834405351285913,0,random_forest
SH-MC-09-2025050408,2025-05-04 08:00:00,LINE-C,MC-09,PRD-A,4,33400.0,3640.0,0,,0.09011191562392872,0,random_forest
SH-MC-09-2025050416,2025-05-04 16:00:00,LINE-C,MC-09,PRD-A,4,33400.0,3640.0,0,,0.11629320386105028,0,random_forest
SH-MC-09-2025050500,2025-05-05 00:00:00,LINE-C,MC-09,PRD-B,4,33400.0,3640.0,0,,0.11320418002503405,0,random_forest
SH-MC-09-2025050508,2025-05-05 08:00:00,LINE-C,MC-09,PRD-B,4,33400.0,3640.0,0,,0.11279248733288931,0,random_forest
SH-MC-09-2025050516,2025-05-05 16:00:00,LINE-C,MC-09,PRD-B,4,33400.0,3640.0,0,,0.14819273008011935,1,random_forest
SH-MC-09-2025050600,2025-05-06 00:00:00,LINE-C,MC-09,PRD-B,4,33400.0,3640.0,0,,0.13132835539610543,0,random_forest
SH-MC-09-2025050608,2025-05-06 08:00:00,LINE-C,MC-09,PRD-B,4,33400.0,3640.0,0,,0.1357934112268886,0,random_forest
SH-MC-09-2025050616,2025-05-06 16:00:00,LINE-C,MC-09,PRD-B,4,33400.0,3640.0,0,,0.2109304073470503,1,random_forest
SH-MC-09-2025050700,2025-05-07 00:00:00,LINE-C,MC-09,PRD-C,4,33400.0,3640.0,0,,0.17761412122945647,1,random_forest
SH-MC-09-2025050708,2025-05-07 08:00:00,LINE-C,MC-09,PRD-C,4,33400.0,3640.0,0,,0.24049254014544014,1,random_forest
SH-MC-09-2025050716,2025-05-07 16:00:00,LINE-C,MC-09,PRD-C,4,33400.0,3640.0,0,,0.2422983903751443,1,random_forest
SH-MC-09-2025050800,2025-05-08 00:00:00,LINE-C,MC-09,PRD-C,4,33400.0,3640.0,0,,0.2474828142375219,1,random_forest
SH-MC-09-2025050808,2025-05-08 08:00:00,LINE-C,MC-09,PRD-C,4,33400.0,3640.0,0,,0.25699481795075685,1,random_forest
SH-MC-09-2025050816,2025-05-08 16:00:00,LINE-C,MC-09,PRD-C,4,33400.0,3640.0,0,,0.27223388351498096,1,random_forest
SH-MC-09-2025050900,2025-05-09 00:00:00,LINE-C,MC-09,PRD-D,4,33400.0,3640.0,0,,0.3128293785924249,1,random_forest
SH-MC-09-2025050908,2025-05-09 08:00:00,LINE-C,MC-09,PRD-D,4,33400.0,3640.0,1,24.0,0.3449041130990587,1,random_forest
SH-MC-09-2025050916,2025-05-09 16:00:00,LINE-C,MC-09,PRD-D,4,33400.0,3640.0,1,16.0,0.386898864738132,1,random_forest
SH-MC-09-2025051000,2025-05-10 00:00:00,LINE-C,MC-09,PRD-D,4,33400.0,3640.0,1,8.0,0.45623897902646254,1,random_forest
SH-MC-09-2025051008,2025-05-10 08:00:00,LINE-C,MC-09,PRD-D,4,33400.0,3640.0,1,24.0,0.4789632424726168,1,random_forest
SH-MC-09-2025051016,2025-05-10 16:00:00,LINE-C,MC-09,PRD-D,4,33400.0,3640.0,1,16.0,0.07552530972580192,0,random_forest
SH-MC-09-2025051100,2025-05-11 00:00:00,LINE-C,MC-09,PRD-A,4,33400.0,3640.0,1,8.0,0.08581010455182478,0,random_forest
SH-MC-09-2025051108,2025-05-11 08:00:00,LINE-C,MC-09,PRD-A,4,33400.0,3640.0,0,,0.07618794056629367,0,random_forest
SH-MC-09-2025051116,2025-05-11 16:00:00,LINE-C,MC-09,PRD-A,4,33400.0,3640.0,0,,0.051265349632261495,0,random_forest
SH-MC-09-2025051200,2025-05-12 00:00:00,LINE-C,MC-09,PRD-A,4,33400.0,3640.0,0,,0.05382992796326128,0,random_forest
SH-MC-09-2025051208,2025-05-12 08:00:00,LINE-C,MC-09,PRD-A,4,33400.0,3640.0,0,,0.05827959385251821,0,random_forest
SH-MC-09-2025051216,2025-05-12 16:00:00,LINE-C,MC-09,PRD-A,4,33400.0,3640.0,0,,0.05534074701148236,0,random_forest
SH-MC-09-2025051300,2025-05-13 00:00:00,LINE-C,MC-09,PRD-B,4,33400.0,3640.0,0,,0.053949084689806456,0,random_forest
SH-MC-09-2025051308,2025-05-13 08:00:00,LINE-C,MC-09,PRD-B,4,33400.0,3640.0,0,,0.04871229026119135,0,random_forest
SH-MC-09-2025051316,2025-05-13 16:00:00,LINE-C,MC-09,PRD-B,4,33400.0,3640.0,0,,0.05586412686615276,0,random_forest
SH-MC-09-2025051400,2025-05-14 00:00:00,LINE-C,MC-09,PRD-B,4,33400.0,3640.0,0,,0.054051573563470796,0,random_forest
SH-MC-09-2025051408,2025-05-14 08:00:00,LINE-C,MC-09,PRD-B,4,33400.0,3640.0,1,24.0,0.05037996674462488,0,random_forest
SH-MC-09-2025051416,2025-05-14 16:00:00,LINE-C,MC-09,PRD-B,4,33400.0,3640.0,1,16.0,0.06271914564018238,0,random_forest
SH-MC-09-2025051500,2025-05-15 00:00:00,LINE-C,MC-09,PRD-C,4,33400.0,3640.0,1,8.0,0.05545370581810783,0,random_forest
SH-MC-09-2025051508,2025-05-15 08:00:00,LINE-C,MC-09,PRD-C,4,33400.0,3640.0,0,,0.0660314560602715,0,random_forest
SH-MC-09-2025051516,2025-05-15 16:00:00,LINE-C,MC-09,PRD-C,4,33400.0,3640.0,0,,0.04541525126100609,0,random_forest
SH-MC-09-2025051600,2025-05-16 00:00:00,LINE-C,MC-09,PRD-C,4,33400.0,3640.0,0,,0.05096889253252682,0,random_forest
SH-MC-09-2025051608,2025-05-16 08:00:00,LINE-C,MC-09,PRD-C,4,33400.0,3640.0,0,,0.05831575358651234,0,random_forest
SH-MC-09-2025051616,2025-05-16 16:00:00,LINE-C,MC-09,PRD-C,4,33400.0,3640.0,0,,0.05992672059928103,0,random_forest
SH-MC-09-2025051700,2025-05-17 00:00:00,LINE-C,MC-09,PRD-D,4,33400.0,3640.0,0,,0.050067171488249504,0,random_forest
SH-MC-09-2025051708,2025-05-17 08:00:00,LINE-C,MC-09,PRD-D,4,33400.0,3640.0,0,,0.048660410561541335,0,random_forest
SH-MC-09-2025051716,2025-05-17 16:00:00,LINE-C,MC-09,PRD-D,4,33400.0,3640.0,0,,0.06966306662503598,0,random_forest
SH-MC-09-2025051800,2025-05-18 00:00:00,LINE-C,MC-09,PRD-D,4,33400.0,3640.0,0,,0.06380208317747936,0,random_forest
SH-MC-09-2025051808,2025-05-18 08:00:00,LINE-C,MC-09,PRD-D,4,33400.0,3640.0,0,,0.07552506413000183,0,random_forest
SH-MC-09-2025051816,2025-05-18 16:00:00,LINE-C,MC-09,PRD-D,4,33400.0,3640.0,0,,0.08229703110563488,0,random_forest
SH-MC-09-2025051900,2025-05-19 00:00:00,LINE-C,MC-09,PRD-A,4,33400.0,3640.0,0,,0.10796266643025876,0,random_forest
SH-MC-09-2025051908,2025-05-19 08:00:00,LINE-C,MC-09,PRD-A,4,33400.0,3640.0,0,,0.10528648110683698,0,random_forest
SH-MC-09-2025051916,2025-05-19 16:00:00,LINE-C,MC-09,PRD-A,4,33400.0,3640.0,0,,0.11762095104724048,0,random_forest
SH-MC-09-2025052000,2025-05-20 00:00:00,LINE-C,MC-09,PRD-A,4,33400.0,3640.0,0,,0.14706485802496408,0,random_forest
SH-MC-09-2025052008,2025-05-20 08:00:00,LINE-C,MC-09,PRD-A,4,33400.0,3640.0,0,,0.1830536715627522,1,random_forest
SH-MC-09-2025052016,2025-05-20 16:00:00,LINE-C,MC-09,PRD-A,4,33400.0,3640.0,0,,0.2793965071988992,1,random_forest
SH-MC-09-2025052100,2025-05-21 00:00:00,LINE-C,MC-09,PRD-B,4,33400.0,3640.0,0,,0.24716009009961534,1,random_forest
SH-MC-09-2025052108,2025-05-21 08:00:00,LINE-C,MC-09,PRD-B,4,33400.0,3640.0,0,,0.24604416781280228,1,random_forest
SH-MC-09-2025052116,2025-05-21 16:00:00,LINE-C,MC-09,PRD-B,4,33400.0,3640.0,0,,0.16151481231536235,1,random_forest
SH-MC-09-2025052200,2025-05-22 00:00:00,LINE-C,MC-09,PRD-B,4,33400.0,3640.0,0,,0.2158606418217981,1,random_forest
SH-MC-09-2025052208,2025-05-22 08:00:00,LINE-C,MC-09,PRD-B,4,33400.0,3640.0,0,,0.22066011558037937,1,random_forest
SH-MC-09-2025052216,2025-05-22 16:00:00,LINE-C,MC-09,PRD-B,4,33400.0,3640.0,0,,0.22962946566556286,1,random_forest
SH-MC-09-2025052300,2025-05-23 00:00:00,LINE-C,MC-09,PRD-C,4,33400.0,3640.0,0,,0.33802738506955077,1,random_forest
SH-MC-09-2025052308,2025-05-23 08:00:00,LINE-C,MC-09,PRD-C,4,33400.0,3640.0,0,,0.39189320698639857,1,random_forest
SH-MC-09-2025052316,2025-05-23 16:00:00,LINE-C,MC-09,PRD-C,4,33400.0,3640.0,0,,0.33907102218615537,1,random_forest
SH-MC-09-2025052400,2025-05-24 00:00:00,LINE-C,MC-09,PRD-C,4,33400.0,3640.0,0,,0.383338321962736,1,random_forest
SH-MC-09-2025052408,2025-05-24 08:00:00,LINE-C,MC-09,PRD-C,4,33400.0,3640.0,0,,0.3177248696574629,1,random_forest
SH-MC-09-2025052416,2025-05-24 16:00:00,LINE-C,MC-09,PRD-C,4,33400.0,3640.0,0,,0.4290094153576458,1,random_forest
SH-MC-09-2025052500,2025-05-25 00:00:00,LINE-C,MC-09,PRD-D,4,33400.0,3640.0,1,24.0,0.5079206960080649,1,random_forest
SH-MC-09-2025052508,2025-05-25 08:00:00,LINE-C,MC-09,PRD-D,4,33400.0,3640.0,1,16.0,0.6362190009941443,1,random_forest
SH-MC-09-2025052516,2025-05-25 16:00:00,LINE-C,MC-09,PRD-D,4,33400.0,3640.0,1,8.0,0.6013892416909609,1,random_forest
SH-MC-09-2025052600,2025-05-26 00:00:00,LINE-C,MC-09,PRD-D,4,33400.0,3640.0,0,,0.4884202940188491,1,random_forest
SH-MC-09-2025052608,2025-05-26 08:00:00,LINE-C,MC-09,PRD-D,4,33400.0,3640.0,0,,0.06861807555641387,0,random_forest
SH-MC-09-2025052616,2025-05-26 16:00:00,LINE-C,MC-09,PRD-D,4,33400.0,3640.0,0,,0.07000386871506446,0,random_forest
SH-MC-09-2025052700,2025-05-27 00:00:00,LINE-C,MC-09,PRD-A,4,33400.0,3640.0,0,,0.0911246741208182,0,random_forest
SH-MC-09-2025052708,2025-05-27 08:00:00,LINE-C,MC-09,PRD-A,4,33400.0,3640.0,0,,0.09592505724664963,0,random_forest
SH-MC-09-2025052716,2025-05-27 16:00:00,LINE-C,MC-09,PRD-A,4,33400.0,3640.0,0,,0.12872738606137746,0,random_forest
SH-MC-09-2025052800,2025-05-28 00:00:00,LINE-C,MC-09,PRD-A,4,33400.0,3640.0,0,,0.1426587164242566,0,random_forest
SH-MC-09-2025052808,2025-05-28 08:00:00,LINE-C,MC-09,PRD-A,4,33400.0,3640.0,0,,0.1956252460374307,1,random_forest
SH-MC-09-2025052816,2025-05-28 16:00:00,LINE-C,MC-09,PRD-A,4,33400.0,3640.0,0,,0.17588365041868323,1,random_forest
SH-MC-09-2025052900,2025-05-29 00:00:00,LINE-C,MC-09,PRD-B,4,33400.0,3640.0,0,,0.1886762777127895,1,random_forest
SH-MC-09-2025052908,2025-05-29 08:00:00,LINE-C,MC-09,PRD-B,4,33400.0,3640.0,0,,0.19119593089060888,1,random_forest
SH-MC-09-2025052916,2025-05-29 16:00:00,LINE-C,MC-09,PRD-B,4,33400.0,3640.0,1,24.0,0.22326827843332905,1,random_forest
SH-MC-09-2025053000,2025-05-30 00:00:00,LINE-C,MC-09,PRD-B,4,33400.0,3640.0,1,16.0,0.19330426740872741,1,random_forest
SH-MC-09-2025053008,2025-05-30 08:00:00,LINE-C,MC-09,PRD-B,4,33400.0,3640.0,1,8.0,0.2522821395359943,1,random_forest
SH-MC-09-2025053016,2025-05-30 16:00:00,LINE-C,MC-09,PRD-B,4,33400.0,3640.0,0,,0.22615529007717697,1,random_forest
SH-MC-09-2025053100,2025-05-31 00:00:00,LINE-C,MC-09,PRD-C,4,33400.0,3640.0,0,,0.06576991335713349,0,random_forest
SH-MC-09-2025053108,2025-05-31 08:00:00,LINE-C,MC-09,PRD-C,4,33400.0,3640.0,0,,0.06231860338079526,0,random_forest
SH-MC-09-2025053116,2025-05-31 16:00:00,LINE-C,MC-09,PRD-C,4,33400.0,3640.0,0,,0.05788218035646731,0,random_forest
SH-MC-09-2025060100,2025-06-01 00:00:00,LINE-C,MC-09,PRD-C,4,33400.0,3640.0,0,,0.05469009627290181,0,random_forest
SH-MC-09-2025060108,2025-06-01 08:00:00,LINE-C,MC-09,PRD-C,4,33400.0,3640.0,0,,0.056323206000313174,0,random_forest
SH-MC-09-2025060116,2025-06-01 16:00:00,LINE-C,MC-09,PRD-C,4,33400.0,3640.0,0,,0.06074781126031807,0,random_forest
SH-MC-09-2025060200,2025-06-02 00:00:00,LINE-C,MC-09,PRD-D,4,33400.0,3640.0,0,,0.07459218300278099,0,random_forest
SH-MC-09-2025060208,2025-06-02 08:00:00,LINE-C,MC-09,PRD-D,4,33400.0,3640.0,0,,0.08468212022258054,0,random_forest
SH-MC-09-2025060216,2025-06-02 16:00:00,LINE-C,MC-09,PRD-D,4,33400.0,3640.0,0,,0.08073782798559892,0,random_forest
SH-MC-09-2025060300,2025-06-03 00:00:00,LINE-C,MC-09,PRD-D,4,33400.0,3640.0,0,,0.08810277818039577,0,random_forest
SH-MC-09-2025060308,2025-06-03 08:00:00,LINE-C,MC-09,PRD-D,4,33400.0,3640.0,0,,0.12907324795283767,0,random_forest
SH-MC-09-2025060316,2025-06-03 16:00:00,LINE-C,MC-09,PRD-D,4,33400.0,3640.0,0,,0.21689341024257347,1,random_forest
SH-MC-09-2025060400,2025-06-04 00:00:00,LINE-C,MC-09,PRD-A,4,33400.0,3640.0,0,,0.1918126681958991,1,random_forest
SH-MC-09-2025060408,2025-06-04 08:00:00,LINE-C,MC-09,PRD-A,4,33400.0,3640.0,0,,0.22115586458967723,1,random_forest
SH-MC-09-2025060416,2025-06-04 16:00:00,LINE-C,MC-09,PRD-A,4,33400.0,3640.0,0,,0.2991005119450125,1,random_forest
SH-MC-09-2025060500,2025-06-05 00:00:00,LINE-C,MC-09,PRD-A,4,33400.0,3640.0,0,,0.21374808399026063,1,random_forest
SH-MC-09-2025060508,2025-06-05 08:00:00,LINE-C,MC-09,PRD-A,4,33400.0,3640.0,0,,0.16658137111481694,1,random_forest
SH-MC-09-2025060516,2025-06-05 16:00:00,LINE-C,MC-09,PRD-A,4,33400.0,3640.0,0,,0.20430737717813174,1,random_forest
SH-MC-09-2025060600,2025-06-06 00:00:00,LINE-C,MC-09,PRD-B,4,33400.0,3640.0,1,24.0,0.1813013371589763,1,random_forest
SH-MC-09-2025060608,2025-06-06 08:00:00,LINE-C,MC-09,PRD-B,4,33400.0,3640.0,1,16.0,0.20859993732228832,1,random_forest
SH-MC-09-2025060616,2025-06-06 16:00:00,LINE-C,MC-09,PRD-B,4,33400.0,3640.0,1,8.0,0.2395121371312972,1,random_forest
SH-MC-09-2025060700,2025-06-07 00:00:00,LINE-C,MC-09,PRD-B,4,33400.0,3640.0,0,,0.324738610975424,1,random_forest
SH-MC-09-2025060708,2025-06-07 08:00:00,LINE-C,MC-09,PRD-B,4,33400.0,3640.0,0,,0.0777912546497973,0,random_forest
SH-MC-09-2025060716,2025-06-07 16:00:00,LINE-C,MC-09,PRD-B,4,33400.0,3640.0,0,,0.06966294073603477,0,random_forest
SH-MC-09-2025060800,2025-06-08 00:00:00,LINE-C,MC-09,PRD-C,4,33400.0,3640.0,0,,0.07847849869433621,0,random_forest
SH-MC-09-2025060808,2025-06-08 08:00:00,LINE-C,MC-09,PRD-C,4,33400.0,3640.0,0,,0.07302225616330048,0,random_forest
SH-MC-09-2025060816,2025-06-08 16:00:00,LINE-C,MC-09,PRD-C,4,33400.0,3640.0,0,,0.07263224056336544,0,random_forest
SH-MC-09-2025060900,2025-06-09 00:00:00,LINE-C,MC-09,PRD-C,4,33400.0,3640.0,0,,0.08382274986680122,0,random_forest
SH-MC-09-2025060908,2025-06-09 08:00:00,LINE-C,MC-09,PRD-C,4,33400.0,3640.0,0,,0.08842598556679146,0,random_forest
SH-MC-09-2025060916,2025-06-09 16:00:00,LINE-C,MC-09,PRD-C,4,33400.0,3640.0,0,,0.08893879351979714,0,random_forest
SH-MC-09-2025061000,2025-06-10 00:00:00,LINE-C,MC-09,PRD-D,4,33400.0,3640.0,0,,0.08125277644230978,0,random_forest
SH-MC-09-2025061008,2025-06-10 08:00:00,LINE-C,MC-09,PRD-D,4,33400.0,3640.0,0,,0.14444691391265246,0,random_forest
SH-MC-09-2025061016,2025-06-10 16:00:00,LINE-C,MC-09,PRD-D,4,33400.0,3640.0,0,,0.17070478507763645,1,random_forest
SH-MC-09-2025061100,2025-06-11 00:00:00,LINE-C,MC-09,PRD-D,4,33400.0,3640.0,0,,0.17887257489507086,1,random_forest
SH-MC-09-2025061108,2025-06-11 08:00:00,LINE-C,MC-09,PRD-D,4,33400.0,3640.0,0,,0.2624537484735704,1,random_forest
SH-MC-09-2025061116,2025-06-11 16:00:00,LINE-C,MC-09,PRD-D,4,33400.0,3640.0,0,,0.25881851343317974,1,random_forest
SH-MC-09-2025061200,2025-06-12 00:00:00,LINE-C,MC-09,PRD-A,4,33400.0,3640.0,0,,0.2475906022219265,1,random_forest
SH-MC-09-2025061208,2025-06-12 08:00:00,LINE-C,MC-09,PRD-A,4,33400.0,3640.0,0,,0.1916927863642542,1,random_forest
SH-MC-09-2025061216,2025-06-12 16:00:00,LINE-C,MC-09,PRD-A,4,33400.0,3640.0,0,,0.2647313492371052,1,random_forest
SH-MC-09-2025061300,2025-06-13 00:00:00,LINE-C,MC-09,PRD-A,4,33400.0,3640.0,0,,0.2692966411275275,1,random_forest
SH-MC-09-2025061308,2025-06-13 08:00:00,LINE-C,MC-09,PRD-A,4,33400.0,3640.0,0,,0.2650624368183126,1,random_forest
SH-MC-09-2025061316,2025-06-13 16:00:00,LINE-C,MC-09,PRD-A,4,33400.0,3640.0,1,24.0,0.25586061462692195,1,random_forest
SH-MC-09-2025061400,2025-06-14 00:00:00,LINE-C,MC-09,PRD-B,4,33400.0,3640.0,1,16.0,0.3446749182878837,1,random_forest
SH-MC-09-2025061408,2025-06-14 08:00:00,LINE-C,MC-09,PRD-B,4,33400.0,3640.0,1,8.0,0.4274724427946245,1,random_forest
SH-MC-09-2025061416,2025-06-14 16:00:00,LINE-C,MC-09,PRD-B,4,33400.0,3640.0,0,,0.48191930309094566,1,random_forest
SH-MC-09-2025061500,2025-06-15 00:00:00,LINE-C,MC-09,PRD-B,4,33400.0,3640.0,0,,0.08999296594658954,0,random_forest
SH-MC-09-2025061508,2025-06-15 08:00:00,LINE-C,MC-09,PRD-B,4,33400.0,3640.0,0,,0.114831141347542,0,random_forest
SH-MC-09-2025061516,2025-06-15 16:00:00,LINE-C,MC-09,PRD-B,4,33400.0,3640.0,0,,0.11329285918756891,0,random_forest
SH-MC-09-2025061600,2025-06-16 00:00:00,LINE-C,MC-09,PRD-C,4,33400.0,3640.0,0,,0.09063878223332202,0,random_forest
SH-MC-09-2025061608,2025-06-16 08:00:00,LINE-C,MC-09,PRD-C,4,33400.0,3640.0,0,,0.10628461593943722,0,random_forest
SH-MC-09-2025061616,2025-06-16 16:00:00,LINE-C,MC-09,PRD-C,4,33400.0,3640.0,0,,0.10790278159768747,0,random_forest
SH-MC-09-2025061700,2025-06-17 00:00:00,LINE-C,MC-09,PRD-C,4,33400.0,3640.0,0,,0.14284856374147467,0,random_forest
SH-MC-09-2025061708,2025-06-17 08:00:00,LINE-C,MC-09,PRD-C,4,33400.0,3640.0,0,,0.10017428072312633,0,random_forest
SH-MC-09-2025061716,2025-06-17 16:00:00,LINE-C,MC-09,PRD-C,4,33400.0,3640.0,0,,0.183528963214799,1,random_forest
SH-MC-09-2025061800,2025-06-18 00:00:00,LINE-C,MC-09,PRD-D,4,33400.0,3640.0,0,,0.1823819033627154,1,random_forest
SH-MC-09-2025061808,2025-06-18 08:00:00,LINE-C,MC-09,PRD-D,4,33400.0,3640.0,0,,0.15863160505867932,1,random_forest
SH-MC-09-2025061816,2025-06-18 16:00:00,LINE-C,MC-09,PRD-D,4,33400.0,3640.0,0,,0.2513570367236834,1,random_forest
SH-MC-09-2025061900,2025-06-19 00:00:00,LINE-C,MC-09,PRD-D,4,33400.0,3640.0,0,,0.22413555199712842,1,random_forest
SH-MC-09-2025061908,2025-06-19 08:00:00,LINE-C,MC-09,PRD-D,4,33400.0,3640.0,0,,0.22654245372209908,1,random_forest
SH-MC-09-2025061916,2025-06-19 16:00:00,LINE-C,MC-09,PRD-D,4,33400.0,3640.0,0,,0.19692273464506835,1,random_forest
SH-MC-09-2025062000,2025-06-20 00:00:00,LINE-C,MC-09,PRD-A,4,33400.0,3640.0,0,,0.22094870524839832,1,random_forest
SH-MC-09-2025062008,2025-06-20 08:00:00,LINE-C,MC-09,PRD-A,4,33400.0,3640.0,0,,0.2516344765232814,1,random_forest
SH-MC-09-2025062016,2025-06-20 16:00:00,LINE-C,MC-09,PRD-A,4,33400.0,3640.0,0,,0.21676871762744412,1,random_forest
SH-MC-09-2025062100,2025-06-21 00:00:00,LINE-C,MC-09,PRD-A,4,33400.0,3640.0,0,,0.31003093379820396,1,random_forest
SH-MC-09-2025062108,2025-06-21 08:00:00,LINE-C,MC-09,PRD-A,4,33400.0,3640.0,0,,0.35148323128391895,1,random_forest
SH-MC-09-2025062116,2025-06-21 16:00:00,LINE-C,MC-09,PRD-A,4,33400.0,3640.0,1,24.0,0.40191802029472107,1,random_forest
SH-MC-09-2025062200,2025-06-22 00:00:00,LINE-C,MC-09,PRD-B,4,33400.0,3640.0,1,16.0,0.40348552890557915,1,random_forest
SH-MC-09-2025062208,2025-06-22 08:00:00,LINE-C,MC-09,PRD-B,4,33400.0,3640.0,1,8.0,0.5015317358101283,1,random_forest
SH-MC-09-2025062216,2025-06-22 16:00:00,LINE-C,MC-09,PRD-B,4,33400.0,3640.0,0,,0.46918464799882414,1,random_forest
SH-MC-09-2025062300,2025-06-23 00:00:00,LINE-C,MC-09,PRD-B,4,33400.0,3640.0,0,,0.0739980067515513,0,random_forest
SH-MC-09-2025062308,2025-06-23 08:00:00,LINE-C,MC-09,PRD-B,4,33400.0,3640.0,0,,0.08451042774385932,0,random_forest
SH-MC-09-2025062316,2025-06-23 16:00:00,LINE-C,MC-09,PRD-B,4,33400.0,3640.0,0,,0.08221977233615842,0,random_forest
SH-MC-09-2025062400,2025-06-24 00:00:00,LINE-C,MC-09,PRD-C,4,33400.0,3640.0,0,,0.08764167301993138,0,random_forest
SH-MC-09-2025062408,2025-06-24 08:00:00,LINE-C,MC-09,PRD-C,4,33400.0,3640.0,0,,0.0884581290340454,0,random_forest
SH-MC-09-2025062416,2025-06-24 16:00:00,LINE-C,MC-09,PRD-C,4,33400.0,3640.0,0,,0.09382716160863865,0,random_forest
SH-MC-09-2025062500,2025-06-25 00:00:00,LINE-C,MC-09,PRD-C,4,33400.0,3640.0,0,,0.10569528006899395,0,random_forest
SH-MC-09-2025062508,2025-06-25 08:00:00,LINE-C,MC-09,PRD-C,4,33400.0,3640.0,0,,0.11912828265909785,0,random_forest
SH-MC-09-2025062516,2025-06-25 16:00:00,LINE-C,MC-09,PRD-C,4,33400.0,3640.0,0,,0.14286221880591052,0,random_forest
SH-MC-09-2025062600,2025-06-26 00:00:00,LINE-C,MC-09,PRD-D,4,33400.0,3640.0,0,,0.14905016979672595,1,random_forest
SH-MC-09-2025062608,2025-06-26 08:00:00,LINE-C,MC-09,PRD-D,4,33400.0,3640.0,0,,0.1715105231916387,1,random_forest
SH-MC-09-2025062616,2025-06-26 16:00:00,LINE-C,MC-09,PRD-D,4,33400.0,3640.0,1,24.0,0.19391191333328092,1,random_forest
SH-MC-09-2025062700,2025-06-27 00:00:00,LINE-C,MC-09,PRD-D,4,33400.0,3640.0,1,16.0,0.2612267237164209,1,random_forest
SH-MC-09-2025062708,2025-06-27 08:00:00,LINE-C,MC-09,PRD-D,4,33400.0,3640.0,1,8.0,0.2342932918489323,1,random_forest
SH-MC-09-2025062716,2025-06-27 16:00:00,LINE-C,MC-09,PRD-D,4,33400.0,3640.0,0,,0.24757907932800596,1,random_forest
SH-MC-09-2025062800,2025-06-28 00:00:00,LINE-C,MC-09,PRD-A,4,33400.0,3640.0,0,,0.06882615072071606,0,random_forest
SH-MC-09-2025062808,2025-06-28 08:00:00,LINE-C,MC-09,PRD-A,4,33400.0,3640.0,0,,0.05696996823611405,0,random_forest
SH-MC-09-2025062816,2025-06-28 16:00:00,LINE-C,MC-09,PRD-A,4,33400.0,3640.0,0,,0.07334499189033779,0,random_forest
SH-MC-09-2025062900,2025-06-29 00:00:00,LINE-C,MC-09,PRD-A,4,33400.0,3640.0,0,,0.06951182139090341,0,random_forest
SH-MC-09-2025062908,2025-06-29 08:00:00,LINE-C,MC-09,PRD-A,4,33400.0,3640.0,1,24.0,0.057399233131925596,0,random_forest
SH-MC-09-2025062916,2025-06-29 16:00:00,LINE-C,MC-09,PRD-A,4,33400.0,3640.0,1,16.0,0.06340204111107393,0,random_forest
SH-MC-10-2025030100,2025-03-01 00:00:00,LINE-D,MC-10,PRD-B,3,29100.0,2860.0,0,,0.055067781024893604,0,random_forest
SH-MC-10-2025030108,2025-03-01 08:00:00,LINE-D,MC-10,PRD-B,3,29100.0,2860.0,0,,0.06814433594969896,0,random_forest
SH-MC-10-2025030116,2025-03-01 16:00:00,LINE-D,MC-10,PRD-B,3,29100.0,2860.0,0,,0.07213459722430808,0,random_forest
SH-MC-10-2025030200,2025-03-02 00:00:00,LINE-D,MC-10,PRD-C,3,29100.0,2860.0,0,,0.07241542870270935,0,random_forest
SH-MC-10-2025030208,2025-03-02 08:00:00,LINE-D,MC-10,PRD-C,3,29100.0,2860.0,0,,0.07455353868909775,0,random_forest
SH-MC-10-2025030216,2025-03-02 16:00:00,LINE-D,MC-10,PRD-C,3,29100.0,2860.0,0,,0.06908604270673482,0,random_forest
SH-MC-10-2025030300,2025-03-03 00:00:00,LINE-D,MC-10,PRD-C,3,29100.0,2860.0,0,,0.07349477596755605,0,random_forest
SH-MC-10-2025030308,2025-03-03 08:00:00,LINE-D,MC-10,PRD-C,3,29100.0,2860.0,0,,0.08103715335328911,0,random_forest
SH-MC-10-2025030316,2025-03-03 16:00:00,LINE-D,MC-10,PRD-C,3,29100.0,2860.0,0,,0.07887266412067745,0,random_forest
SH-MC-10-2025030400,2025-03-04 00:00:00,LINE-D,MC-10,PRD-D,3,29100.0,2860.0,0,,0.08496812849993263,0,random_forest
SH-MC-10-2025030408,2025-03-04 08:00:00,LINE-D,MC-10,PRD-D,3,29100.0,2860.0,0,,0.10956436541798804,0,random_forest
SH-MC-10-2025030416,2025-03-04 16:00:00,LINE-D,MC-10,PRD-D,3,29100.0,2860.0,0,,0.07759472274946848,0,random_forest
SH-MC-10-2025030500,2025-03-05 00:00:00,LINE-D,MC-10,PRD-D,3,29100.0,2860.0,1,24.0,0.12985990347598483,0,random_forest
SH-MC-10-2025030508,2025-03-05 08:00:00,LINE-D,MC-10,PRD-D,3,29100.0,2860.0,1,16.0,0.13811147858818404,0,random_forest
SH-MC-10-2025030516,2025-03-05 16:00:00,LINE-D,MC-10,PRD-D,3,29100.0,2860.0,1,8.0,0.21205153147482902,1,random_forest
SH-MC-10-2025030600,2025-03-06 00:00:00,LINE-D,MC-10,PRD-A,3,29100.0,2860.0,0,,0.1724802981066458,1,random_forest
SH-MC-10-2025030608,2025-03-06 08:00:00,LINE-D,MC-10,PRD-A,3,29100.0,2860.0,0,,0.06564534781553794,0,random_forest
SH-MC-10-2025030616,2025-03-06 16:00:00,LINE-D,MC-10,PRD-A,3,29100.0,2860.0,0,,0.06330862899335915,0,random_forest
SH-MC-10-2025030700,2025-03-07 00:00:00,LINE-D,MC-10,PRD-A,3,29100.0,2860.0,0,,0.06868654066294276,0,random_forest
SH-MC-10-2025030708,2025-03-07 08:00:00,LINE-D,MC-10,PRD-A,3,29100.0,2860.0,0,,0.0892088087635983,0,random_forest
SH-MC-10-2025030716,2025-03-07 16:00:00,LINE-D,MC-10,PRD-A,3,29100.0,2860.0,0,,0.09170209266282611,0,random_forest
SH-MC-10-2025030800,2025-03-08 00:00:00,LINE-D,MC-10,PRD-B,3,29100.0,2860.0,0,,0.08141507594649691,0,random_forest
SH-MC-10-2025030808,2025-03-08 08:00:00,LINE-D,MC-10,PRD-B,3,29100.0,2860.0,0,,0.08783877557664325,0,random_forest
SH-MC-10-2025030816,2025-03-08 16:00:00,LINE-D,MC-10,PRD-B,3,29100.0,2860.0,0,,0.09721040624387312,0,random_forest
SH-MC-10-2025030900,2025-03-09 00:00:00,LINE-D,MC-10,PRD-B,3,29100.0,2860.0,0,,0.113824768931284,0,random_forest
SH-MC-10-2025030908,2025-03-09 08:00:00,LINE-D,MC-10,PRD-B,3,29100.0,2860.0,0,,0.1113035797414353,0,random_forest
SH-MC-10-2025030916,2025-03-09 16:00:00,LINE-D,MC-10,PRD-B,3,29100.0,2860.0,0,,0.09199289231116077,0,random_forest
SH-MC-10-2025031000,2025-03-10 00:00:00,LINE-D,MC-10,PRD-C,3,29100.0,2860.0,0,,0.16958248926473726,1,random_forest
SH-MC-10-2025031008,2025-03-10 08:00:00,LINE-D,MC-10,PRD-C,3,29100.0,2860.0,0,,0.11279404135354752,0,random_forest
SH-MC-10-2025031016,2025-03-10 16:00:00,LINE-D,MC-10,PRD-C,3,29100.0,2860.0,0,,0.20476257446814353,1,random_forest
SH-MC-10-2025031100,2025-03-11 00:00:00,LINE-D,MC-10,PRD-C,3,29100.0,2860.0,0,,0.18906534223429589,1,random_forest
SH-MC-10-2025031108,2025-03-11 08:00:00,LINE-D,MC-10,PRD-C,3,29100.0,2860.0,0,,0.1954788754796813,1,random_forest
SH-MC-10-2025031116,2025-03-11 16:00:00,LINE-D,MC-10,PRD-C,3,29100.0,2860.0,0,,0.19816776259597507,1,random_forest
SH-MC-10-2025031200,2025-03-12 00:00:00,LINE-D,MC-10,PRD-D,3,29100.0,2860.0,0,,0.2078169747151977,1,random_forest
SH-MC-10-2025031208,2025-03-12 08:00:00,LINE-D,MC-10,PRD-D,3,29100.0,2860.0,0,,0.2418903777587289,1,random_forest
SH-MC-10-2025031216,2025-03-12 16:00:00,LINE-D,MC-10,PRD-D,3,29100.0,2860.0,0,,0.34426970738796103,1,random_forest
SH-MC-10-2025031300,2025-03-13 00:00:00,LINE-D,MC-10,PRD-D,3,29100.0,2860.0,0,,0.36136864532034985,1,random_forest
SH-MC-10-2025031308,2025-03-13 08:00:00,LINE-D,MC-10,PRD-D,3,29100.0,2860.0,0,,0.30418270999619285,1,random_forest
SH-MC-10-2025031316,2025-03-13 16:00:00,LINE-D,MC-10,PRD-D,3,29100.0,2860.0,0,,0.5347359061744417,1,random_forest
SH-MC-10-2025031400,2025-03-14 00:00:00,LINE-D,MC-10,PRD-A,3,29100.0,2860.0,1,24.0,0.49866706144068906,1,random_forest
SH-MC-10-2025031408,2025-03-14 08:00:00,LINE-D,MC-10,PRD-A,3,29100.0,2860.0,1,16.0,0.4362269541689517,1,random_forest
SH-MC-10-2025031416,2025-03-14 16:00:00,LINE-D,MC-10,PRD-A,3,29100.0,2860.0,1,8.0,0.48612247179009505,1,random_forest
SH-MC-10-2025031500,2025-03-15 00:00:00,LINE-D,MC-10,PRD-A,3,29100.0,2860.0,0,,0.4641287126568389,1,random_forest
SH-MC-10-2025031508,2025-03-15 08:00:00,LINE-D,MC-10,PRD-A,3,29100.0,2860.0,0,,0.057268110486936884,0,random_forest
SH-MC-10-2025031516,2025-03-15 16:00:00,LINE-D,MC-10,PRD-A,3,29100.0,2860.0,0,,0.07202439332295413,0,random_forest
SH-MC-10-2025031600,2025-03-16 00:00:00,LINE-D,MC-10,PRD-B,3,29100.0,2860.0,0,,0.06870810180311443,0,random_forest
SH-MC-10-2025031608,2025-03-16 08:00:00,LINE-D,MC-10,PRD-B,3,29100.0,2860.0,0,,0.07879454199685516,0,random_forest
SH-MC-10-2025031616,2025-03-16 16:00:00,LINE-D,MC-10,PRD-B,3,29100.0,2860.0,0,,0.07616145323619859,0,random_forest
SH-MC-10-2025031700,2025-03-17 00:00:00,LINE-D,MC-10,PRD-B,3,29100.0,2860.0,0,,0.10022551084878875,0,random_forest
SH-MC-10-2025031708,2025-03-17 08:00:00,LINE-D,MC-10,PRD-B,3,29100.0,2860.0,0,,0.10627570221774879,0,random_forest
SH-MC-10-2025031716,2025-03-17 16:00:00,LINE-D,MC-10,PRD-B,3,29100.0,2860.0,0,,0.13363784789130728,0,random_forest
SH-MC-10-2025031800,2025-03-18 00:00:00,LINE-D,MC-10,PRD-C,3,29100.0,2860.0,0,,0.15519619351126085,1,random_forest
SH-MC-10-2025031808,2025-03-18 08:00:00,LINE-D,MC-10,PRD-C,3,29100.0,2860.0,0,,0.1290597986776778,0,random_forest
SH-MC-10-2025031816,2025-03-18 16:00:00,LINE-D,MC-10,PRD-C,3,29100.0,2860.0,0,,0.1879947699286445,1,random_forest
SH-MC-10-2025031900,2025-03-19 00:00:00,LINE-D,MC-10,PRD-C,3,29100.0,2860.0,0,,0.1773778287841655,1,random_forest
SH-MC-10-2025031908,2025-03-19 08:00:00,LINE-D,MC-10,PRD-C,3,29100.0,2860.0,0,,0.17617789220218016,1,random_forest
SH-MC-10-2025031916,2025-03-19 16:00:00,LINE-D,MC-10,PRD-C,3,29100.0,2860.0,0,,0.15881741028554067,1,random_forest
SH-MC-10-2025032000,2025-03-20 00:00:00,LINE-D,MC-10,PRD-D,3,29100.0,2860.0,0,,0.20801035885205404,1,random_forest
SH-MC-10-2025032008,2025-03-20 08:00:00,LINE-D,MC-10,PRD-D,3,29100.0,2860.0,0,,0.26121595246331847,1,random_forest
SH-MC-10-2025032016,2025-03-20 16:00:00,LINE-D,MC-10,PRD-D,3,29100.0,2860.0,0,,0.2698563865834995,1,random_forest
SH-MC-10-2025032100,2025-03-21 00:00:00,LINE-D,MC-10,PRD-D,3,29100.0,2860.0,1,24.0,0.2559783538102561,1,random_forest
SH-MC-10-2025032108,2025-03-21 08:00:00,LINE-D,MC-10,PRD-D,3,29100.0,2860.0,1,16.0,0.35935516971363,1,random_forest
SH-MC-10-2025032116,2025-03-21 16:00:00,LINE-D,MC-10,PRD-D,3,29100.0,2860.0,1,8.0,0.46969605909412526,1,random_forest
SH-MC-10-2025032200,2025-03-22 00:00:00,LINE-D,MC-10,PRD-A,3,29100.0,2860.0,1,8.0,0.40929437618472114,1,random_forest
SH-MC-10-2025032208,2025-03-22 08:00:00,LINE-D,MC-10,PRD-A,3,29100.0,2860.0,0,,0.06718934381151548,0,random_forest
SH-MC-10-2025032216,2025-03-22 16:00:00,LINE-D,MC-10,PRD-A,3,29100.0,2860.0,0,,0.04455574789171465,0,random_forest
SH-MC-10-2025032300,2025-03-23 00:00:00,LINE-D,MC-10,PRD-A,3,29100.0,2860.0,0,,0.044030741227162586,0,random_forest
SH-MC-10-2025032308,2025-03-23 08:00:00,LINE-D,MC-10,PRD-A,3,29100.0,2860.0,0,,0.04988989928717143,0,random_forest
SH-MC-10-2025032316,2025-03-23 16:00:00,LINE-D,MC-10,PRD-A,3,29100.0,2860.0,0,,0.04350456147740155,0,random_forest
SH-MC-10-2025032400,2025-03-24 00:00:00,LINE-D,MC-10,PRD-B,3,29100.0,2860.0,0,,0.0446112084499287,0,random_forest
SH-MC-10-2025032408,2025-03-24 08:00:00,LINE-D,MC-10,PRD-B,3,29100.0,2860.0,0,,0.04626493914723586,0,random_forest
SH-MC-10-2025032416,2025-03-24 16:00:00,LINE-D,MC-10,PRD-B,3,29100.0,2860.0,0,,0.052848282319525944,0,random_forest
SH-MC-10-2025032500,2025-03-25 00:00:00,LINE-D,MC-10,PRD-B,3,29100.0,2860.0,0,,0.0420061772865721,0,random_forest
SH-MC-10-2025032508,2025-03-25 08:00:00,LINE-D,MC-10,PRD-B,3,29100.0,2860.0,0,,0.04564255886874675,0,random_forest
SH-MC-10-2025032516,2025-03-25 16:00:00,LINE-D,MC-10,PRD-B,3,29100.0,2860.0,0,,0.05619373102959786,0,random_forest
SH-MC-10-2025032600,2025-03-26 00:00:00,LINE-D,MC-10,PRD-C,3,29100.0,2860.0,0,,0.06401708382751278,0,random_forest
SH-MC-10-2025032608,2025-03-26 08:00:00,LINE-D,MC-10,PRD-C,3,29100.0,2860.0,0,,0.06658276078071503,0,random_forest
SH-MC-10-2025032616,2025-03-26 16:00:00,LINE-D,MC-10,PRD-C,3,29100.0,2860.0,0,,0.08227419942055242,0,random_forest
SH-MC-10-2025032700,2025-03-27 00:00:00,LINE-D,MC-10,PRD-C,3,29100.0,2860.0,0,,0.11581219729128461,0,random_forest
SH-MC-10-2025032708,2025-03-27 08:00:00,LINE-D,MC-10,PRD-C,3,29100.0,2860.0,0,,0.09301526897755696,0,random_forest
SH-MC-10-2025032716,2025-03-27 16:00:00,LINE-D,MC-10,PRD-C,3,29100.0,2860.0,0,,0.11425477058721485,0,random_forest
SH-MC-10-2025032800,2025-03-28 00:00:00,LINE-D,MC-10,PRD-D,3,29100.0,2860.0,0,,0.13483643379213772,0,random_forest
SH-MC-10-2025032808,2025-03-28 08:00:00,LINE-D,MC-10,PRD-D,3,29100.0,2860.0,0,,0.15914858497543602,1,random_forest
SH-MC-10-2025032816,2025-03-28 16:00:00,LINE-D,MC-10,PRD-D,3,29100.0,2860.0,0,,0.13504424020873682,0,random_forest
SH-MC-10-2025032900,2025-03-29 00:00:00,LINE-D,MC-10,PRD-D,3,29100.0,2860.0,0,,0.2250568054692209,1,random_forest
SH-MC-10-2025032908,2025-03-29 08:00:00,LINE-D,MC-10,PRD-D,3,29100.0,2860.0,0,,0.21388780071865066,1,random_forest
SH-MC-10-2025032916,2025-03-29 16:00:00,LINE-D,MC-10,PRD-D,3,29100.0,2860.0,0,,0.20584012577246596,1,random_forest
SH-MC-10-2025033000,2025-03-30 00:00:00,LINE-D,MC-10,PRD-A,3,29100.0,2860.0,0,,0.22157751120070615,1,random_forest
SH-MC-10-2025033008,2025-03-30 08:00:00,LINE-D,MC-10,PRD-A,3,29100.0,2860.0,1,24.0,0.24750249302542604,1,random_forest
SH-MC-10-2025033016,2025-03-30 16:00:00,LINE-D,MC-10,PRD-A,3,29100.0,2860.0,1,16.0,0.3140805625000141,1,random_forest
SH-MC-10-2025033100,2025-03-31 00:00:00,LINE-D,MC-10,PRD-A,3,29100.0,2860.0,1,8.0,0.29486769677225516,1,random_forest
SH-MC-10-2025033108,2025-03-31 08:00:00,LINE-D,MC-10,PRD-A,3,29100.0,2860.0,0,,0.36229598192441526,1,random_forest
SH-MC-10-2025033116,2025-03-31 16:00:00,LINE-D,MC-10,PRD-A,3,29100.0,2860.0,0,,0.05987664102675135,0,random_forest
SH-MC-10-2025040100,2025-04-01 00:00:00,LINE-D,MC-10,PRD-B,3,29100.0,2860.0,0,,0.05636896178964985,0,random_forest
SH-MC-10-2025040108,2025-04-01 08:00:00,LINE-D,MC-10,PRD-B,3,29100.0,2860.0,0,,0.06568243804434197,0,random_forest
SH-MC-10-2025040116,2025-04-01 16:00:00,LINE-D,MC-10,PRD-B,3,29100.0,2860.0,0,,0.06193370250250887,0,random_forest
SH-MC-10-2025040200,2025-04-02 00:00:00,LINE-D,MC-10,PRD-B,3,29100.0,2860.0,0,,0.0583412466812039,0,random_forest
SH-MC-10-2025040208,2025-04-02 08:00:00,LINE-D,MC-10,PRD-B,3,29100.0,2860.0,0,,0.06324256699925451,0,random_forest
SH-MC-10-2025040216,2025-04-02 16:00:00,LINE-D,MC-10,PRD-B,3,29100.0,2860.0,0,,0.07661743684351492,0,random_forest
SH-MC-10-2025040300,2025-04-03 00:00:00,LINE-D,MC-10,PRD-C,3,29100.0,2860.0,0,,0.05827263807391171,0,random_forest
SH-MC-10-2025040308,2025-04-03 08:00:00,LINE-D,MC-10,PRD-C,3,29100.0,2860.0,0,,0.06929579747685971,0,random_forest
SH-MC-10-2025040316,2025-04-03 16:00:00,LINE-D,MC-10,PRD-C,3,29100.0,2860.0,0,,0.07611538699029681,0,random_forest
SH-MC-10-2025040400,2025-04-04 00:00:00,LINE-D,MC-10,PRD-C,3,29100.0,2860.0,0,,0.0907308683573188,0,random_forest
SH-MC-10-2025040408,2025-04-04 08:00:00,LINE-D,MC-10,PRD-C,3,29100.0,2860.0,0,,0.07059044053879275,0,random_forest
SH-MC-10-2025040416,2025-04-04 16:00:00,LINE-D,MC-10,PRD-C,3,29100.0,2860.0,0,,0.07577446167120937,0,random_forest
SH-MC-10-2025040500,2025-04-05 00:00:00,LINE-D,MC-10,PRD-D,3,29100.0,2860.0,0,,0.09207607947773593,0,random_forest
SH-MC-10-2025040508,2025-04-05 08:00:00,LINE-D,MC-10,PRD-D,3,29100.0,2860.0,0,,0.1257303054927618,0,random_forest
SH-MC-10-2025040516,2025-04-05 16:00:00,LINE-D,MC-10,PRD-D,3,29100.0,2860.0,0,,0.17554673175953803,1,random_forest
SH-MC-10-2025040600,2025-04-06 00:00:00,LINE-D,MC-10,PRD-D,3,29100.0,2860.0,0,,0.2622352487895221,1,random_forest
SH-MC-10-2025040608,2025-04-06 08:00:00,LINE-D,MC-10,PRD-D,3,29100.0,2860.0,0,,0.2493787699037229,1,random_forest
SH-MC-10-2025040616,2025-04-06 16:00:00,LINE-D,MC-10,PRD-D,3,29100.0,2860.0,0,,0.14527246722866025,0,random_forest
SH-MC-10-2025040700,2025-04-07 00:00:00,LINE-D,MC-10,PRD-A,3,29100.0,2860.0,0,,0.2391651575549319,1,random_forest
SH-MC-10-2025040708,2025-04-07 08:00:00,LINE-D,MC-10,PRD-A,3,29100.0,2860.0,0,,0.1994116294754952,1,random_forest
SH-MC-10-2025040716,2025-04-07 16:00:00,LINE-D,MC-10,PRD-A,3,29100.0,2860.0,0,,0.23568596139170447,1,random_forest
SH-MC-10-2025040800,2025-04-08 00:00:00,LINE-D,MC-10,PRD-A,3,29100.0,2860.0,0,,0.23553694614900222,1,random_forest
SH-MC-10-2025040808,2025-04-08 08:00:00,LINE-D,MC-10,PRD-A,3,29100.0,2860.0,0,,0.3020632164773769,1,random_forest
SH-MC-10-2025040816,2025-04-08 16:00:00,LINE-D,MC-10,PRD-A,3,29100.0,2860.0,0,,0.28655601456317903,1,random_forest
SH-MC-10-2025040900,2025-04-09 00:00:00,LINE-D,MC-10,PRD-B,3,29100.0,2860.0,0,,0.3216482275299946,1,random_forest
SH-MC-10-2025040908,2025-04-09 08:00:00,LINE-D,MC-10,PRD-B,3,29100.0,2860.0,1,24.0,0.37298594006615093,1,random_forest
SH-MC-10-2025040916,2025-04-09 16:00:00,LINE-D,MC-10,PRD-B,3,29100.0,2860.0,1,16.0,0.40994829150705747,1,random_forest
SH-MC-10-2025041000,2025-04-10 00:00:00,LINE-D,MC-10,PRD-B,3,29100.0,2860.0,1,8.0,0.5790780637846972,1,random_forest
SH-MC-10-2025041008,2025-04-10 08:00:00,LINE-D,MC-10,PRD-B,3,29100.0,2860.0,0,,0.53048908664715,1,random_forest
SH-MC-10-2025041016,2025-04-10 16:00:00,LINE-D,MC-10,PRD-B,3,29100.0,2860.0,0,,0.07196811394578752,0,random_forest
SH-MC-10-2025041100,2025-04-11 00:00:00,LINE-D,MC-10,PRD-C,3,29100.0,2860.0,0,,0.0691535132868068,0,random_forest
SH-MC-10-2025041108,2025-04-11 08:00:00,LINE-D,MC-10,PRD-C,3,29100.0,2860.0,0,,0.060426862424511514,0,random_forest
SH-MC-10-2025041116,2025-04-11 16:00:00,LINE-D,MC-10,PRD-C,3,29100.0,2860.0,0,,0.07024841977560138,0,random_forest
SH-MC-10-2025041200,2025-04-12 00:00:00,LINE-D,MC-10,PRD-C,3,29100.0,2860.0,0,,0.08369725385753018,0,random_forest
SH-MC-10-2025041208,2025-04-12 08:00:00,LINE-D,MC-10,PRD-C,3,29100.0,2860.0,0,,0.08370447102821224,0,random_forest
SH-MC-10-2025041216,2025-04-12 16:00:00,LINE-D,MC-10,PRD-C,3,29100.0,2860.0,0,,0.10789098364174188,0,random_forest
SH-MC-10-2025041300,2025-04-13 00:00:00,LINE-D,MC-10,PRD-D,3,29100.0,2860.0,0,,0.15583083345375165,1,random_forest
SH-MC-10-2025041308,2025-04-13 08:00:00,LINE-D,MC-10,PRD-D,3,29100.0,2860.0,0,,0.07962875845646977,0,random_forest
SH-MC-10-2025041316,2025-04-13 16:00:00,LINE-D,MC-10,PRD-D,3,29100.0,2860.0,0,,0.13434967611578133,0,random_forest
SH-MC-10-2025041400,2025-04-14 00:00:00,LINE-D,MC-10,PRD-D,3,29100.0,2860.0,0,,0.15204278538325408,1,random_forest
SH-MC-10-2025041408,2025-04-14 08:00:00,LINE-D,MC-10,PRD-D,3,29100.0,2860.0,0,,0.17773339034811927,1,random_forest
SH-MC-10-2025041416,2025-04-14 16:00:00,LINE-D,MC-10,PRD-D,3,29100.0,2860.0,0,,0.19732529655847605,1,random_forest
SH-MC-10-2025041500,2025-04-15 00:00:00,LINE-D,MC-10,PRD-A,3,29100.0,2860.0,0,,0.22399269820443485,1,random_forest
SH-MC-10-2025041508,2025-04-15 08:00:00,LINE-D,MC-10,PRD-A,3,29100.0,2860.0,0,,0.2303301133337968,1,random_forest
SH-MC-10-2025041516,2025-04-15 16:00:00,LINE-D,MC-10,PRD-A,3,29100.0,2860.0,0,,0.2383793323954399,1,random_forest
SH-MC-10-2025041600,2025-04-16 00:00:00,LINE-D,MC-10,PRD-A,3,29100.0,2860.0,0,,0.29938421479922295,1,random_forest
SH-MC-10-2025041608,2025-04-16 08:00:00,LINE-D,MC-10,PRD-A,3,29100.0,2860.0,0,,0.3151980105171977,1,random_forest
SH-MC-10-2025041616,2025-04-16 16:00:00,LINE-D,MC-10,PRD-A,3,29100.0,2860.0,1,24.0,0.4597823874559821,1,random_forest
SH-MC-10-2025041700,2025-04-17 00:00:00,LINE-D,MC-10,PRD-B,3,29100.0,2860.0,1,16.0,0.4807959306866125,1,random_forest
SH-MC-10-2025041708,2025-04-17 08:00:00,LINE-D,MC-10,PRD-B,3,29100.0,2860.0,1,8.0,0.4410911025021345,1,random_forest
SH-MC-10-2025041716,2025-04-17 16:00:00,LINE-D,MC-10,PRD-B,3,29100.0,2860.0,0,,0.4903401835316349,1,random_forest
SH-MC-10-2025041800,2025-04-18 00:00:00,LINE-D,MC-10,PRD-B,3,29100.0,2860.0,0,,0.054455954879135106,0,random_forest
SH-MC-10-2025041808,2025-04-18 08:00:00,LINE-D,MC-10,PRD-B,3,29100.0,2860.0,0,,0.06111020847662361,0,random_forest
SH-MC-10-2025041816,2025-04-18 16:00:00,LINE-D,MC-10,PRD-B,3,29100.0,2860.0,0,,0.07414064140623913,0,random_forest
SH-MC-10-2025041900,2025-04-19 00:00:00,LINE-D,MC-10,PRD-C,3,29100.0,2860.0,0,,0.08619970143139274,0,random_forest
SH-MC-10-2025041908,2025-04-19 08:00:00,LINE-D,MC-10,PRD-C,3,29100.0,2860.0,0,,0.07472453995150097,0,random_forest
SH-MC-10-2025041916,2025-04-19 16:00:00,LINE-D,MC-10,PRD-C,3,29100.0,2860.0,0,,0.06851753608668977,0,random_forest
SH-MC-10-2025042000,2025-04-20 00:00:00,LINE-D,MC-10,PRD-C,3,29100.0,2860.0,0,,0.10612682538130021,0,random_forest
SH-MC-10-2025042008,2025-04-20 08:00:00,LINE-D,MC-10,PRD-C,3,29100.0,2860.0,0,,0.09066270712440576,0,random_forest
SH-MC-10-2025042016,2025-04-20 16:00:00,LINE-D,MC-10,PRD-C,3,29100.0,2860.0,0,,0.12746615903337374,0,random_forest
SH-MC-10-2025042100,2025-04-21 00:00:00,LINE-D,MC-10,PRD-D,3,29100.0,2860.0,0,,0.15401927439418575,1,random_forest
SH-MC-10-2025042108,2025-04-21 08:00:00,LINE-D,MC-10,PRD-D,3,29100.0,2860.0,0,,0.17200714439989073,1,random_forest
SH-MC-10-2025042116,2025-04-21 16:00:00,LINE-D,MC-10,PRD-D,3,29100.0,2860.0,0,,0.15722556917996378,1,random_forest
SH-MC-10-2025042200,2025-04-22 00:00:00,LINE-D,MC-10,PRD-D,3,29100.0,2860.0,0,,0.2077241667681392,1,random_forest
SH-MC-10-2025042208,2025-04-22 08:00:00,LINE-D,MC-10,PRD-D,3,29100.0,2860.0,0,,0.20282617910999148,1,random_forest
SH-MC-10-2025042216,2025-04-22 16:00:00,LINE-D,MC-10,PRD-D,3,29100.0,2860.0,1,24.0,0.1786418788767163,1,random_forest
SH-MC-10-2025042300,2025-04-23 00:00:00,LINE-D,MC-10,PRD-A,3,29100.0,2860.0,1,16.0,0.23054619513006597,1,random_forest
SH-MC-10-2025042308,2025-04-23 08:00:00,LINE-D,MC-10,PRD-A,3,29100.0,2860.0,1,8.0,0.2596431773233008,1,random_forest
SH-MC-10-2025042316,2025-04-23 16:00:00,LINE-D,MC-10,PRD-A,3,29100.0,2860.0,0,,0.25277322520569195,1,random_forest
SH-MC-10-2025042400,2025-04-24 00:00:00,LINE-D,MC-10,PRD-A,3,29100.0,2860.0,0,,0.0611309676240565,0,random_forest
SH-MC-10-2025042408,2025-04-24 08:00:00,LINE-D,MC-10,PRD-A,3,29100.0,2860.0,0,,0.0565878765387695,0,random_forest
SH-MC-10-2025042416,2025-04-24 16:00:00,LINE-D,MC-10,PRD-A,3,29100.0,2860.0,0,,0.05645682765367412,0,random_forest
SH-MC-10-2025042500,2025-04-25 00:00:00,LINE-D,MC-10,PRD-B,3,29100.0,2860.0,0,,0.07671491536836365,0,random_forest
SH-MC-10-2025042508,2025-04-25 08:00:00,LINE-D,MC-10,PRD-B,3,29100.0,2860.0,0,,0.09239120092045003,0,random_forest
SH-MC-10-2025042516,2025-04-25 16:00:00,LINE-D,MC-10,PRD-B,3,29100.0,2860.0,0,,0.06426281538946212,0,random_forest
SH-MC-10-2025042600,2025-04-26 00:00:00,LINE-D,MC-10,PRD-B,3,29100.0,2860.0,0,,0.0949534048583158,0,random_forest
SH-MC-10-2025042608,2025-04-26 08:00:00,LINE-D,MC-10,PRD-B,3,29100.0,2860.0,0,,0.08468940986971152,0,random_forest
SH-MC-10-2025042616,2025-04-26 16:00:00,LINE-D,MC-10,PRD-B,3,29100.0,2860.0,0,,0.10761257192153079,0,random_forest
SH-MC-10-2025042700,2025-04-27 00:00:00,LINE-D,MC-10,PRD-C,3,29100.0,2860.0,0,,0.11022843880050051,0,random_forest
SH-MC-10-2025042708,2025-04-27 08:00:00,LINE-D,MC-10,PRD-C,3,29100.0,2860.0,0,,0.12738708779794555,0,random_forest
SH-MC-10-2025042716,2025-04-27 16:00:00,LINE-D,MC-10,PRD-C,3,29100.0,2860.0,0,,0.13848252289584517,0,random_forest
SH-MC-10-2025042800,2025-04-28 00:00:00,LINE-D,MC-10,PRD-C,3,29100.0,2860.0,0,,0.20384543791925225,1,random_forest
SH-MC-10-2025042808,2025-04-28 08:00:00,LINE-D,MC-10,PRD-C,3,29100.0,2860.0,0,,0.22561193208012562,1,random_forest
SH-MC-10-2025042816,2025-04-28 16:00:00,LINE-D,MC-10,PRD-C,3,29100.0,2860.0,0,,0.2292688207521162,1,random_forest
SH-MC-10-2025042900,2025-04-29 00:00:00,LINE-D,MC-10,PRD-D,3,29100.0,2860.0,0,,0.25717416018017974,1,random_forest
SH-MC-10-2025042908,2025-04-29 08:00:00,LINE-D,MC-10,PRD-D,3,29100.0,2860.0,0,,0.2468818240289548,1,random_forest
SH-MC-10-2025042916,2025-04-29 16:00:00,LINE-D,MC-10,PRD-D,3,29100.0,2860.0,0,,0.2720271331858793,1,random_forest
SH-MC-10-2025043000,2025-04-30 00:00:00,LINE-D,MC-10,PRD-D,3,29100.0,2860.0,0,,0.2463433666249297,1,random_forest
SH-MC-10-2025043008,2025-04-30 08:00:00,LINE-D,MC-10,PRD-D,3,29100.0,2860.0,0,,0.4460001783845767,1,random_forest
SH-MC-10-2025043016,2025-04-30 16:00:00,LINE-D,MC-10,PRD-D,3,29100.0,2860.0,0,,0.46323022656642765,1,random_forest
SH-MC-10-2025050100,2025-05-01 00:00:00,LINE-D,MC-10,PRD-A,3,29100.0,2860.0,0,,0.1008337338689691,0,random_forest
SH-MC-10-2025050108,2025-05-01 08:00:00,LINE-D,MC-10,PRD-A,3,29100.0,2860.0,0,,0.11017615545393501,0,random_forest
SH-MC-10-2025050116,2025-05-01 16:00:00,LINE-D,MC-10,PRD-A,3,29100.0,2860.0,0,,0.09455226161628649,0,random_forest
SH-MC-10-2025050200,2025-05-02 00:00:00,LINE-D,MC-10,PRD-A,3,29100.0,2860.0,0,,0.1584362692507726,1,random_forest
SH-MC-10-2025050208,2025-05-02 08:00:00,LINE-D,MC-10,PRD-A,3,29100.0,2860.0,0,,0.1585946206265158,1,random_forest
SH-MC-10-2025050216,2025-05-02 16:00:00,LINE-D,MC-10,PRD-A,3,29100.0,2860.0,0,,0.18661574800569203,1,random_forest
SH-MC-10-2025050300,2025-05-03 00:00:00,LINE-D,MC-10,PRD-B,3,29100.0,2860.0,0,,0.227522021025728,1,random_forest
SH-MC-10-2025050308,2025-05-03 08:00:00,LINE-D,MC-10,PRD-B,3,29100.0,2860.0,0,,0.2008495399798418,1,random_forest
SH-MC-10-2025050316,2025-05-03 16:00:00,LINE-D,MC-10,PRD-B,3,29100.0,2860.0,0,,0.1837679222022952,1,random_forest
SH-MC-10-2025050400,2025-05-04 00:00:00,LINE-D,MC-10,PRD-B,3,29100.0,2860.0,0,,0.2164271926018086,1,random_forest
SH-MC-10-2025050408,2025-05-04 08:00:00,LINE-D,MC-10,PRD-B,3,29100.0,2860.0,0,,0.22810432386921206,1,random_forest
SH-MC-10-2025050416,2025-05-04 16:00:00,LINE-D,MC-10,PRD-B,3,29100.0,2860.0,0,,0.33137168170141107,1,random_forest
SH-MC-10-2025050500,2025-05-05 00:00:00,LINE-D,MC-10,PRD-C,3,29100.0,2860.0,0,,0.24938975378173453,1,random_forest
SH-MC-10-2025050508,2025-05-05 08:00:00,LINE-D,MC-10,PRD-C,3,29100.0,2860.0,0,,0.35288787615177963,1,random_forest
SH-MC-10-2025050516,2025-05-05 16:00:00,LINE-D,MC-10,PRD-C,3,29100.0,2860.0,0,,0.3969839773922171,1,random_forest
SH-MC-10-2025050600,2025-05-06 00:00:00,LINE-D,MC-10,PRD-C,3,29100.0,2860.0,0,,0.458626398875343,1,random_forest
SH-MC-10-2025050608,2025-05-06 08:00:00,LINE-D,MC-10,PRD-C,3,29100.0,2860.0,0,,0.45960983439935205,1,random_forest
SH-MC-10-2025050616,2025-05-06 16:00:00,LINE-D,MC-10,PRD-C,3,29100.0,2860.0,1,24.0,0.4584355016270603,1,random_forest
SH-MC-10-2025050700,2025-05-07 00:00:00,LINE-D,MC-10,PRD-D,3,29100.0,2860.0,1,16.0,0.550325743633174,1,random_forest
SH-MC-10-2025050708,2025-05-07 08:00:00,LINE-D,MC-10,PRD-D,3,29100.0,2860.0,1,8.0,0.6017828455125424,1,random_forest
SH-MC-10-2025050716,2025-05-07 16:00:00,LINE-D,MC-10,PRD-D,3,29100.0,2860.0,0,,0.5196725532652184,1,random_forest
SH-MC-10-2025050800,2025-05-08 00:00:00,LINE-D,MC-10,PRD-D,3,29100.0,2860.0,0,,0.06443799477737673,0,random_forest
SH-MC-10-2025050808,2025-05-08 08:00:00,LINE-D,MC-10,PRD-D,3,29100.0,2860.0,0,,0.05844984152127135,0,random_forest
SH-MC-10-2025050816,2025-05-08 16:00:00,LINE-D,MC-10,PRD-D,3,29100.0,2860.0,0,,0.08914699693599555,0,random_forest
SH-MC-10-2025050900,2025-05-09 00:00:00,LINE-D,MC-10,PRD-A,3,29100.0,2860.0,0,,0.08667735771322639,0,random_forest
SH-MC-10-2025050908,2025-05-09 08:00:00,LINE-D,MC-10,PRD-A,3,29100.0,2860.0,0,,0.08697537967248697,0,random_forest
SH-MC-10-2025050916,2025-05-09 16:00:00,LINE-D,MC-10,PRD-A,3,29100.0,2860.0,0,,0.15830573407631685,1,random_forest
SH-MC-10-2025051000,2025-05-10 00:00:00,LINE-D,MC-10,PRD-A,3,29100.0,2860.0,0,,0.11773568220268393,0,random_forest
SH-MC-10-2025051008,2025-05-10 08:00:00,LINE-D,MC-10,PRD-A,3,29100.0,2860.0,0,,0.1438502493469199,0,random_forest
SH-MC-10-2025051016,2025-05-10 16:00:00,LINE-D,MC-10,PRD-A,3,29100.0,2860.0,0,,0.1451100672547684,0,random_forest
SH-MC-10-2025051100,2025-05-11 00:00:00,LINE-D,MC-10,PRD-B,3,29100.0,2860.0,0,,0.18819475508013817,1,random_forest
SH-MC-10-2025051108,2025-05-11 08:00:00,LINE-D,MC-10,PRD-B,3,29100.0,2860.0,0,,0.15894636316822347,1,random_forest
SH-MC-10-2025051116,2025-05-11 16:00:00,LINE-D,MC-10,PRD-B,3,29100.0,2860.0,0,,0.19077960841374836,1,random_forest
SH-MC-10-2025051200,2025-05-12 00:00:00,LINE-D,MC-10,PRD-B,3,29100.0,2860.0,0,,0.20511139354757818,1,random_forest
SH-MC-10-2025051208,2025-05-12 08:00:00,LINE-D,MC-10,PRD-B,3,29100.0,2860.0,0,,0.27060151340252214,1,random_forest
SH-MC-10-2025051216,2025-05-12 16:00:00,LINE-D,MC-10,PRD-B,3,29100.0,2860.0,0,,0.22930755734626038,1,random_forest
SH-MC-10-2025051300,2025-05-13 00:00:00,LINE-D,MC-10,PRD-C,3,29100.0,2860.0,1,24.0,0.23970851883643915,1,random_forest
SH-MC-10-2025051308,2025-05-13 08:00:00,LINE-D,MC-10,PRD-C,3,29100.0,2860.0,1,16.0,0.33538675301881654,1,random_forest
SH-MC-10-2025051316,2025-05-13 16:00:00,LINE-D,MC-10,PRD-C,3,29100.0,2860.0,1,8.0,0.38441470427940205,1,random_forest
SH-MC-10-2025051400,2025-05-14 00:00:00,LINE-D,MC-10,PRD-C,3,29100.0,2860.0,0,,0.3821809134569353,1,random_forest
SH-MC-10-2025051408,2025-05-14 08:00:00,LINE-D,MC-10,PRD-C,3,29100.0,2860.0,0,,0.058978779950103366,0,random_forest
SH-MC-10-2025051416,2025-05-14 16:00:00,LINE-D,MC-10,PRD-C,3,29100.0,2860.0,0,,0.04978163427964762,0,random_forest
SH-MC-10-2025051500,2025-05-15 00:00:00,LINE-D,MC-10,PRD-D,3,29100.0,2860.0,0,,0.08512435140460668,0,random_forest
SH-MC-10-2025051508,2025-05-15 08:00:00,LINE-D,MC-10,PRD-D,3,29100.0,2860.0,0,,0.06674269858453034,0,random_forest
SH-MC-10-2025051516,2025-05-15 16:00:00,LINE-D,MC-10,PRD-D,3,29100.0,2860.0,0,,0.07942701985985486,0,random_forest
SH-MC-10-2025051600,2025-05-16 00:00:00,LINE-D,MC-10,PRD-D,3,29100.0,2860.0,0,,0.07606695561575223,0,random_forest
SH-MC-10-2025051608,2025-05-16 08:00:00,LINE-D,MC-10,PRD-D,3,29100.0,2860.0,0,,0.08300696174949397,0,random_forest
SH-MC-10-2025051616,2025-05-16 16:00:00,LINE-D,MC-10,PRD-D,3,29100.0,2860.0,0,,0.11971891458931541,0,random_forest
SH-MC-10-2025051700,2025-05-17 00:00:00,LINE-D,MC-10,PRD-A,3,29100.0,2860.0,0,,0.13248639883250543,0,random_forest
SH-MC-10-2025051708,2025-05-17 08:00:00,LINE-D,MC-10,PRD-A,3,29100.0,2860.0,0,,0.15793668760299817,1,random_forest
SH-MC-10-2025051716,2025-05-17 16:00:00,LINE-D,MC-10,PRD-A,3,29100.0,2860.0,0,,0.1534098008200322,1,random_forest
SH-MC-10-2025051800,2025-05-18 00:00:00,LINE-D,MC-10,PRD-A,3,29100.0,2860.0,0,,0.12883167594589723,0,random_forest
SH-MC-10-2025051808,2025-05-18 08:00:00,LINE-D,MC-10,PRD-A,3,29100.0,2860.0,0,,0.18188471249623644,1,random_forest
SH-MC-10-2025051816,2025-05-18 16:00:00,LINE-D,MC-10,PRD-A,3,29100.0,2860.0,0,,0.23262336753400945,1,random_forest
SH-MC-10-2025051900,2025-05-19 00:00:00,LINE-D,MC-10,PRD-B,3,29100.0,2860.0,1,24.0,0.24444489932192182,1,random_forest
SH-MC-10-2025051908,2025-05-19 08:00:00,LINE-D,MC-10,PRD-B,3,29100.0,2860.0,1,16.0,0.2156595237450517,1,random_forest
SH-MC-10-2025051916,2025-05-19 16:00:00,LINE-D,MC-10,PRD-B,3,29100.0,2860.0,1,8.0,0.27109283376670285,1,random_forest
SH-MC-10-2025052000,2025-05-20 00:00:00,LINE-D,MC-10,PRD-B,3,29100.0,2860.0,0,,0.266808969465645,1,random_forest
SH-MC-10-2025052008,2025-05-20 08:00:00,LINE-D,MC-10,PRD-B,3,29100.0,2860.0,0,,0.05638981232864695,0,random_forest
SH-MC-10-2025052016,2025-05-20 16:00:00,LINE-D,MC-10,PRD-B,3,29100.0,2860.0,0,,0.05967665829977038,0,random_forest
SH-MC-10-2025052100,2025-05-21 00:00:00,LINE-D,MC-10,PRD-C,3,29100.0,2860.0,0,,0.07077068553200938,0,random_forest
SH-MC-10-2025052108,2025-05-21 08:00:00,LINE-D,MC-10,PRD-C,3,29100.0,2860.0,0,,0.06328849692991866,0,random_forest
SH-MC-10-2025052116,2025-05-21 16:00:00,LINE-D,MC-10,PRD-C,3,29100.0,2860.0,1,24.0,0.08815151811275754,0,random_forest
SH-MC-10-2025052200,2025-05-22 00:00:00,LINE-D,MC-10,PRD-C,3,29100.0,2860.0,1,16.0,0.0996525497373367,0,random_forest
SH-MC-10-2025052208,2025-05-22 08:00:00,LINE-D,MC-10,PRD-C,3,29100.0,2860.0,1,8.0,0.07382112311008772,0,random_forest
SH-MC-10-2025052216,2025-05-22 16:00:00,LINE-D,MC-10,PRD-C,3,29100.0,2860.0,0,,0.0800684682395776,0,random_forest
SH-MC-10-2025052300,2025-05-23 00:00:00,LINE-D,MC-10,PRD-D,3,29100.0,2860.0,1,24.0,0.04713484541124328,0,random_forest
SH-MC-10-2025052308,2025-05-23 08:00:00,LINE-D,MC-10,PRD-D,3,29100.0,2860.0,1,16.0,0.04522020918667651,0,random_forest
SH-MC-10-2025052316,2025-05-23 16:00:00,LINE-D,MC-10,PRD-D,3,29100.0,2860.0,1,8.0,0.05060019299496815,0,random_forest
SH-MC-10-2025052400,2025-05-24 00:00:00,LINE-D,MC-10,PRD-D,3,29100.0,2860.0,0,,0.04939212488737955,0,random_forest
SH-MC-10-2025052408,2025-05-24 08:00:00,LINE-D,MC-10,PRD-D,3,29100.0,2860.0,0,,0.04607688228301079,0,random_forest
SH-MC-10-2025052416,2025-05-24 16:00:00,LINE-D,MC-10,PRD-D,3,29100.0,2860.0,0,,0.047729482180392836,0,random_forest
SH-MC-10-2025052500,2025-05-25 00:00:00,LINE-D,MC-10,PRD-A,3,29100.0,2860.0,0,,0.06173267812610277,0,random_forest
SH-MC-10-2025052508,2025-05-25 08:00:00,LINE-D,MC-10,PRD-A,3,29100.0,2860.0,0,,0.050117268924996614,0,random_forest
SH-MC-10-2025052516,2025-05-25 16:00:00,LINE-D,MC-10,PRD-A,3,29100.0,2860.0,0,,0.055524396895472485,0,random_forest
SH-MC-10-2025052600,2025-05-26 00:00:00,LINE-D,MC-10,PRD-A,3,29100.0,2860.0,0,,0.05539384496149038,0,random_forest
SH-MC-10-2025052608,2025-05-26 08:00:00,LINE-D,MC-10,PRD-A,3,29100.0,2860.0,0,,0.0686635001615387,0,random_forest
SH-MC-10-2025052616,2025-05-26 16:00:00,LINE-D,MC-10,PRD-A,3,29100.0,2860.0,0,,0.07856607101675334,0,random_forest
SH-MC-10-2025052700,2025-05-27 00:00:00,LINE-D,MC-10,PRD-B,3,29100.0,2860.0,0,,0.07309000377017091,0,random_forest
SH-MC-10-2025052708,2025-05-27 08:00:00,LINE-D,MC-10,PRD-B,3,29100.0,2860.0,0,,0.08384638819323359,0,random_forest
SH-MC-10-2025052716,2025-05-27 16:00:00,LINE-D,MC-10,PRD-B,3,29100.0,2860.0,0,,0.08611344417133697,0,random_forest
SH-MC-10-2025052800,2025-05-28 00:00:00,LINE-D,MC-10,PRD-B,3,29100.0,2860.0,0,,0.08514843429573027,0,random_forest
SH-MC-10-2025052808,2025-05-28 08:00:00,LINE-D,MC-10,PRD-B,3,29100.0,2860.0,0,,0.08214317543441065,0,random_forest
SH-MC-10-2025052816,2025-05-28 16:00:00,LINE-D,MC-10,PRD-B,3,29100.0,2860.0,0,,0.10461165525524636,0,random_forest
SH-MC-10-2025052900,2025-05-29 00:00:00,LINE-D,MC-10,PRD-C,3,29100.0,2860.0,0,,0.09240394755949977,0,random_forest
SH-MC-10-2025052908,2025-05-29 08:00:00,LINE-D,MC-10,PRD-C,3,29100.0,2860.0,0,,0.11116771068487327,0,random_forest
SH-MC-10-2025052916,2025-05-29 16:00:00,LINE-D,MC-10,PRD-C,3,29100.0,2860.0,0,,0.18340531496502682,1,random_forest
SH-MC-10-2025053000,2025-05-30 00:00:00,LINE-D,MC-10,PRD-C,3,29100.0,2860.0,0,,0.15528990206952192,1,random_forest
SH-MC-10-2025053008,2025-05-30 08:00:00,LINE-D,MC-10,PRD-C,3,29100.0,2860.0,0,,0.17387496004158,1,random_forest
SH-MC-10-2025053016,2025-05-30 16:00:00,LINE-D,MC-10,PRD-C,3,29100.0,2860.0,0,,0.1971574643423357,1,random_forest
SH-MC-10-2025053100,2025-05-31 00:00:00,LINE-D,MC-10,PRD-D,3,29100.0,2860.0,0,,0.17555277971291425,1,random_forest
SH-MC-10-2025053108,2025-05-31 08:00:00,LINE-D,MC-10,PRD-D,3,29100.0,2860.0,0,,0.17243370414310072,1,random_forest
SH-MC-10-2025053116,2025-05-31 16:00:00,LINE-D,MC-10,PRD-D,3,29100.0,2860.0,0,,0.1825335626228014,1,random_forest
SH-MC-10-2025060100,2025-06-01 00:00:00,LINE-D,MC-10,PRD-D,3,29100.0,2860.0,0,,0.061038844629710716,0,random_forest
SH-MC-10-2025060108,2025-06-01 08:00:00,LINE-D,MC-10,PRD-D,3,29100.0,2860.0,0,,0.07562959922605955,0,random_forest
SH-MC-10-2025060116,2025-06-01 16:00:00,LINE-D,MC-10,PRD-D,3,29100.0,2860.0,0,,0.0976742053477072,0,random_forest
SH-MC-10-2025060200,2025-06-02 00:00:00,LINE-D,MC-10,PRD-A,3,29100.0,2860.0,0,,0.0920598483692836,0,random_forest
SH-MC-10-2025060208,2025-06-02 08:00:00,LINE-D,MC-10,PRD-A,3,29100.0,2860.0,0,,0.09541811758512163,0,random_forest
SH-MC-10-2025060216,2025-06-02 16:00:00,LINE-D,MC-10,PRD-A,3,29100.0,2860.0,0,,0.12055896213886284,0,random_forest
SH-MC-10-2025060300,2025-06-03 00:00:00,LINE-D,MC-10,PRD-A,3,29100.0,2860.0,0,,0.19344481774361408,1,random_forest
SH-MC-10-2025060308,2025-06-03 08:00:00,LINE-D,MC-10,PRD-A,3,29100.0,2860.0,0,,0.20705727076559838,1,random_forest
SH-MC-10-2025060316,2025-06-03 16:00:00,LINE-D,MC-10,PRD-A,3,29100.0,2860.0,0,,0.19206098637779162,1,random_forest
SH-MC-10-2025060400,2025-06-04 00:00:00,LINE-D,MC-10,PRD-B,3,29100.0,2860.0,0,,0.20875204773365502,1,random_forest
SH-MC-10-2025060408,2025-06-04 08:00:00,LINE-D,MC-10,PRD-B,3,29100.0,2860.0,0,,0.1844544479624074,1,random_forest
SH-MC-10-2025060416,2025-06-04 16:00:00,LINE-D,MC-10,PRD-B,3,29100.0,2860.0,0,,0.16421119781506005,1,random_forest
SH-MC-10-2025060500,2025-06-05 00:00:00,LINE-D,MC-10,PRD-B,3,29100.0,2860.0,0,,0.19996451820971886,1,random_forest
SH-MC-10-2025060508,2025-06-05 08:00:00,LINE-D,MC-10,PRD-B,3,29100.0,2860.0,0,,0.23266900121174688,1,random_forest
SH-MC-10-2025060516,2025-06-05 16:00:00,LINE-D,MC-10,PRD-B,3,29100.0,2860.0,0,,0.27035971081471405,1,random_forest
SH-MC-10-2025060600,2025-06-06 00:00:00,LINE-D,MC-10,PRD-C,3,29100.0,2860.0,0,,0.2946280204882344,1,random_forest
SH-MC-10-2025060608,2025-06-06 08:00:00,LINE-D,MC-10,PRD-C,3,29100.0,2860.0,0,,0.2482322915682563,1,random_forest
SH-MC-10-2025060616,2025-06-06 16:00:00,LINE-D,MC-10,PRD-C,3,29100.0,2860.0,1,24.0,0.4088565578750874,1,random_forest
SH-MC-10-2025060700,2025-06-07 00:00:00,LINE-D,MC-10,PRD-C,3,29100.0,2860.0,1,16.0,0.47529321354811166,1,random_forest
SH-MC-10-2025060708,2025-06-07 08:00:00,LINE-D,MC-10,PRD-C,3,29100.0,2860.0,1,8.0,0.43410021397407006,1,random_forest
SH-MC-10-2025060716,2025-06-07 16:00:00,LINE-D,MC-10,PRD-C,3,29100.0,2860.0,0,,0.4793480678418039,1,random_forest
SH-MC-10-2025060800,2025-06-08 00:00:00,LINE-D,MC-10,PRD-D,3,29100.0,2860.0,0,,0.05726729398486033,0,random_forest
SH-MC-10-2025060808,2025-06-08 08:00:00,LINE-D,MC-10,PRD-D,3,29100.0,2860.0,0,,0.06980129173922338,0,random_forest
SH-MC-10-2025060816,2025-06-08 16:00:00,LINE-D,MC-10,PRD-D,3,29100.0,2860.0,0,,0.09299027175190605,0,random_forest
SH-MC-10-2025060900,2025-06-09 00:00:00,LINE-D,MC-10,PRD-D,3,29100.0,2860.0,0,,0.08525402820806806,0,random_forest
SH-MC-10-2025060908,2025-06-09 08:00:00,LINE-D,MC-10,PRD-D,3,29100.0,2860.0,0,,0.08167406964148832,0,random_forest
SH-MC-10-2025060916,2025-06-09 16:00:00,LINE-D,MC-10,PRD-D,3,29100.0,2860.0,0,,0.0892551438055674,0,random_forest
SH-MC-10-2025061000,2025-06-10 00:00:00,LINE-D,MC-10,PRD-A,3,29100.0,2860.0,0,,0.11521209066755901,0,random_forest
SH-MC-10-2025061008,2025-06-10 08:00:00,LINE-D,MC-10,PRD-A,3,29100.0,2860.0,0,,0.10784414742964044,0,random_forest
SH-MC-10-2025061016,2025-06-10 16:00:00,LINE-D,MC-10,PRD-A,3,29100.0,2860.0,0,,0.1589289505261055,1,random_forest
SH-MC-10-2025061100,2025-06-11 00:00:00,LINE-D,MC-10,PRD-A,3,29100.0,2860.0,0,,0.13540182870418882,0,random_forest
SH-MC-10-2025061108,2025-06-11 08:00:00,LINE-D,MC-10,PRD-A,3,29100.0,2860.0,0,,0.12055509286344554,0,random_forest
SH-MC-10-2025061116,2025-06-11 16:00:00,LINE-D,MC-10,PRD-A,3,29100.0,2860.0,0,,0.18620764433177409,1,random_forest
SH-MC-10-2025061200,2025-06-12 00:00:00,LINE-D,MC-10,PRD-B,3,29100.0,2860.0,0,,0.19748910934277,1,random_forest
SH-MC-10-2025061208,2025-06-12 08:00:00,LINE-D,MC-10,PRD-B,3,29100.0,2860.0,0,,0.2369646797151323,1,random_forest
SH-MC-10-2025061216,2025-06-12 16:00:00,LINE-D,MC-10,PRD-B,3,29100.0,2860.0,0,,0.20011583388242246,1,random_forest
SH-MC-10-2025061300,2025-06-13 00:00:00,LINE-D,MC-10,PRD-B,3,29100.0,2860.0,0,,0.19835124381012556,1,random_forest
SH-MC-10-2025061308,2025-06-13 08:00:00,LINE-D,MC-10,PRD-B,3,29100.0,2860.0,0,,0.1774390180796243,1,random_forest
SH-MC-10-2025061316,2025-06-13 16:00:00,LINE-D,MC-10,PRD-B,3,29100.0,2860.0,0,,0.22270579468689353,1,random_forest
SH-MC-10-2025061400,2025-06-14 00:00:00,LINE-D,MC-10,PRD-C,3,29100.0,2860.0,0,,0.4416102439314326,1,random_forest
SH-MC-10-2025061408,2025-06-14 08:00:00,LINE-D,MC-10,PRD-C,3,29100.0,2860.0,0,,0.3594482574727906,1,random_forest
SH-MC-10-2025061416,2025-06-14 16:00:00,LINE-D,MC-10,PRD-C,3,29100.0,2860.0,0,,0.48615996462172484,1,random_forest
SH-MC-10-2025061500,2025-06-15 00:00:00,LINE-D,MC-10,PRD-C,3,29100.0,2860.0,0,,0.4998633746682601,1,random_forest
SH-MC-10-2025061508,2025-06-15 08:00:00,LINE-D,MC-10,PRD-C,3,29100.0,2860.0,1,24.0,0.47018303091496344,1,random_forest
SH-MC-10-2025061516,2025-06-15 16:00:00,LINE-D,MC-10,PRD-C,3,29100.0,2860.0,1,16.0,0.5125437176637904,1,random_forest
SH-MC-10-2025061600,2025-06-16 00:00:00,LINE-D,MC-10,PRD-D,3,29100.0,2860.0,1,8.0,0.562328937725675,1,random_forest
SH-MC-10-2025061608,2025-06-16 08:00:00,LINE-D,MC-10,PRD-D,3,29100.0,2860.0,0,,0.5626616341899562,1,random_forest
SH-MC-10-2025061616,2025-06-16 16:00:00,LINE-D,MC-10,PRD-D,3,29100.0,2860.0,0,,0.0557706709756072,0,random_forest
SH-MC-10-2025061700,2025-06-17 00:00:00,LINE-D,MC-10,PRD-D,3,29100.0,2860.0,0,,0.07090044471746307,0,random_forest
SH-MC-10-2025061708,2025-06-17 08:00:00,LINE-D,MC-10,PRD-D,3,29100.0,2860.0,0,,0.07129962150565347,0,random_forest
SH-MC-10-2025061716,2025-06-17 16:00:00,LINE-D,MC-10,PRD-D,3,29100.0,2860.0,0,,0.08087275724943153,0,random_forest
SH-MC-10-2025061800,2025-06-18 00:00:00,LINE-D,MC-10,PRD-A,3,29100.0,2860.0,0,,0.08766233576367181,0,random_forest
SH-MC-10-2025061808,2025-06-18 08:00:00,LINE-D,MC-10,PRD-A,3,29100.0,2860.0,0,,0.14869507331024429,1,random_forest
SH-MC-10-2025061816,2025-06-18 16:00:00,LINE-D,MC-10,PRD-A,3,29100.0,2860.0,0,,0.1096529363261252,0,random_forest
SH-MC-10-2025061900,2025-06-19 00:00:00,LINE-D,MC-10,PRD-A,3,29100.0,2860.0,0,,0.11594879771366406,0,random_forest
SH-MC-10-2025061908,2025-06-19 08:00:00,LINE-D,MC-10,PRD-A,3,29100.0,2860.0,0,,0.1634950328063866,1,random_forest
SH-MC-10-2025061916,2025-06-19 16:00:00,LINE-D,MC-10,PRD-A,3,29100.0,2860.0,0,,0.16036465151531443,1,random_forest
SH-MC-10-2025062000,2025-06-20 00:00:00,LINE-D,MC-10,PRD-B,3,29100.0,2860.0,0,,0.1976434160983233,1,random_forest
SH-MC-10-2025062008,2025-06-20 08:00:00,LINE-D,MC-10,PRD-B,3,29100.0,2860.0,0,,0.18717641781280853,1,random_forest
SH-MC-10-2025062016,2025-06-20 16:00:00,LINE-D,MC-10,PRD-B,3,29100.0,2860.0,1,24.0,0.2225504897335737,1,random_forest
SH-MC-10-2025062100,2025-06-21 00:00:00,LINE-D,MC-10,PRD-B,3,29100.0,2860.0,1,16.0,0.2154612186817897,1,random_forest
SH-MC-10-2025062108,2025-06-21 08:00:00,LINE-D,MC-10,PRD-B,3,29100.0,2860.0,1,8.0,0.19594379879163062,1,random_forest
SH-MC-10-2025062116,2025-06-21 16:00:00,LINE-D,MC-10,PRD-B,3,29100.0,2860.0,0,,0.22302006679672537,1,random_forest
SH-MC-10-2025062200,2025-06-22 00:00:00,LINE-D,MC-10,PRD-C,3,29100.0,2860.0,0,,0.05933958377928623,0,random_forest
SH-MC-10-2025062208,2025-06-22 08:00:00,LINE-D,MC-10,PRD-C,3,29100.0,2860.0,0,,0.04869769436901137,0,random_forest
SH-MC-10-2025062216,2025-06-22 16:00:00,LINE-D,MC-10,PRD-C,3,29100.0,2860.0,0,,0.05313492037283216,0,random_forest
SH-MC-10-2025062300,2025-06-23 00:00:00,LINE-D,MC-10,PRD-C,3,29100.0,2860.0,0,,0.05597863773952829,0,random_forest
SH-MC-10-2025062308,2025-06-23 08:00:00,LINE-D,MC-10,PRD-C,3,29100.0,2860.0,0,,0.04880360617160935,0,random_forest
SH-MC-10-2025062316,2025-06-23 16:00:00,LINE-D,MC-10,PRD-C,3,29100.0,2860.0,0,,0.07443130525256887,0,random_forest
SH-MC-10-2025062400,2025-06-24 00:00:00,LINE-D,MC-10,PRD-D,3,29100.0,2860.0,0,,0.09698678175615212,0,random_forest
SH-MC-10-2025062408,2025-06-24 08:00:00,LINE-D,MC-10,PRD-D,3,29100.0,2860.0,0,,0.07217387011365897,0,random_forest
SH-MC-10-2025062416,2025-06-24 16:00:00,LINE-D,MC-10,PRD-D,3,29100.0,2860.0,0,,0.09246601391289827,0,random_forest
SH-MC-10-2025062500,2025-06-25 00:00:00,LINE-D,MC-10,PRD-D,3,29100.0,2860.0,1,24.0,0.09050127252660982,0,random_forest
SH-MC-10-2025062508,2025-06-25 08:00:00,LINE-D,MC-10,PRD-D,3,29100.0,2860.0,1,16.0,0.17293461575631883,1,random_forest
SH-MC-10-2025062516,2025-06-25 16:00:00,LINE-D,MC-10,PRD-D,3,29100.0,2860.0,1,8.0,0.15709406754444402,1,random_forest
SH-MC-10-2025062600,2025-06-26 00:00:00,LINE-D,MC-10,PRD-A,3,29100.0,2860.0,0,,0.195846472879939,1,random_forest
SH-MC-10-2025062608,2025-06-26 08:00:00,LINE-D,MC-10,PRD-A,3,29100.0,2860.0,0,,0.0522311597882945,0,random_forest
SH-MC-10-2025062616,2025-06-26 16:00:00,LINE-D,MC-10,PRD-A,3,29100.0,2860.0,0,,0.05270268479008885,0,random_forest
SH-MC-10-2025062700,2025-06-27 00:00:00,LINE-D,MC-10,PRD-A,3,29100.0,2860.0,0,,0.046833228498667646,0,random_forest
SH-MC-10-2025062708,2025-06-27 08:00:00,LINE-D,MC-10,PRD-A,3,29100.0,2860.0,0,,0.04916573146069503,0,random_forest
SH-MC-10-2025062716,2025-06-27 16:00:00,LINE-D,MC-10,PRD-A,3,29100.0,2860.0,0,,0.05701783446349137,0,random_forest
SH-MC-10-2025062800,2025-06-28 00:00:00,LINE-D,MC-10,PRD-B,3,29100.0,2860.0,0,,0.05154338598418617,0,random_forest
SH-MC-10-2025062808,2025-06-28 08:00:00,LINE-D,MC-10,PRD-B,3,29100.0,2860.0,0,,0.044699757323778996,0,random_forest
SH-MC-10-2025062816,2025-06-28 16:00:00,LINE-D,MC-10,PRD-B,3,29100.0,2860.0,0,,0.04958064549809923,0,random_forest
SH-MC-10-2025062900,2025-06-29 00:00:00,LINE-D,MC-10,PRD-B,3,29100.0,2860.0,0,,0.09595878847177693,0,random_forest
SH-MC-10-2025062908,2025-06-29 08:00:00,LINE-D,MC-10,PRD-B,3,29100.0,2860.0,0,,0.0828829107215977,0,random_forest
SH-MC-10-2025062916,2025-06-29 16:00:00,LINE-D,MC-10,PRD-B,3,29100.0,2860.0,0,,0.08290453895120602,0,random_forest
SH-MC-11-2025030100,2025-03-01 00:00:00,LINE-D,MC-11,PRD-C,4,34600.0,3460.0,0,,0.08670562884963082,0,random_forest
SH-MC-11-2025030108,2025-03-01 08:00:00,LINE-D,MC-11,PRD-C,4,34600.0,3460.0,0,,0.10053289363170674,0,random_forest
SH-MC-11-2025030116,2025-03-01 16:00:00,LINE-D,MC-11,PRD-C,4,34600.0,3460.0,0,,0.10962857317790863,0,random_forest
SH-MC-11-2025030200,2025-03-02 00:00:00,LINE-D,MC-11,PRD-D,4,34600.0,3460.0,0,,0.12049501574867456,0,random_forest
SH-MC-11-2025030208,2025-03-02 08:00:00,LINE-D,MC-11,PRD-D,4,34600.0,3460.0,0,,0.07681787426580423,0,random_forest
SH-MC-11-2025030216,2025-03-02 16:00:00,LINE-D,MC-11,PRD-D,4,34600.0,3460.0,0,,0.12941367479876154,0,random_forest
SH-MC-11-2025030300,2025-03-03 00:00:00,LINE-D,MC-11,PRD-D,4,34600.0,3460.0,0,,0.13001753824681797,0,random_forest
SH-MC-11-2025030308,2025-03-03 08:00:00,LINE-D,MC-11,PRD-D,4,34600.0,3460.0,0,,0.22025182362893464,1,random_forest
SH-MC-11-2025030316,2025-03-03 16:00:00,LINE-D,MC-11,PRD-D,4,34600.0,3460.0,0,,0.26082739035289004,1,random_forest
SH-MC-11-2025030400,2025-03-04 00:00:00,LINE-D,MC-11,PRD-A,4,34600.0,3460.0,0,,0.2063822133913685,1,random_forest
SH-MC-11-2025030408,2025-03-04 08:00:00,LINE-D,MC-11,PRD-A,4,34600.0,3460.0,0,,0.268462324282001,1,random_forest
SH-MC-11-2025030416,2025-03-04 16:00:00,LINE-D,MC-11,PRD-A,4,34600.0,3460.0,0,,0.27838924700635626,1,random_forest
SH-MC-11-2025030500,2025-03-05 00:00:00,LINE-D,MC-11,PRD-A,4,34600.0,3460.0,0,,0.36373087448516317,1,random_forest
SH-MC-11-2025030508,2025-03-05 08:00:00,LINE-D,MC-11,PRD-A,4,34600.0,3460.0,0,,0.3932868572905839,1,random_forest
SH-MC-11-2025030516,2025-03-05 16:00:00,LINE-D,MC-11,PRD-A,4,34600.0,3460.0,0,,0.3787991363991196,1,random_forest
SH-MC-11-2025030600,2025-03-06 00:00:00,LINE-D,MC-11,PRD-B,4,34600.0,3460.0,1,24.0,0.4385721628095561,1,random_forest
SH-MC-11-2025030608,2025-03-06 08:00:00,LINE-D,MC-11,PRD-B,4,34600.0,3460.0,1,16.0,0.5005851216541275,1,random_forest
SH-MC-11-2025030616,2025-03-06 16:00:00,LINE-D,MC-11,PRD-B,4,34600.0,3460.0,1,8.0,0.5686257801524561,1,random_forest
SH-MC-11-2025030700,2025-03-07 00:00:00,LINE-D,MC-11,PRD-B,4,34600.0,3460.0,0,,0.6151570688850231,1,random_forest
SH-MC-11-2025030708,2025-03-07 08:00:00,LINE-D,MC-11,PRD-B,4,34600.0,3460.0,0,,0.04718015675977756,0,random_forest
SH-MC-11-2025030716,2025-03-07 16:00:00,LINE-D,MC-11,PRD-B,4,34600.0,3460.0,0,,0.0535846372185886,0,random_forest
SH-MC-11-2025030800,2025-03-08 00:00:00,LINE-D,MC-11,PRD-C,4,34600.0,3460.0,0,,0.05203477586498948,0,random_forest
SH-MC-11-2025030808,2025-03-08 08:00:00,LINE-D,MC-11,PRD-C,4,34600.0,3460.0,0,,0.05562202538524927,0,random_forest
SH-MC-11-2025030816,2025-03-08 16:00:00,LINE-D,MC-11,PRD-C,4,34600.0,3460.0,0,,0.059945807530718154,0,random_forest
SH-MC-11-2025030900,2025-03-09 00:00:00,LINE-D,MC-11,PRD-C,4,34600.0,3460.0,0,,0.08041374271350707,0,random_forest
SH-MC-11-2025030908,2025-03-09 08:00:00,LINE-D,MC-11,PRD-C,4,34600.0,3460.0,0,,0.059246853700827794,0,random_forest
SH-MC-11-2025030916,2025-03-09 16:00:00,LINE-D,MC-11,PRD-C,4,34600.0,3460.0,0,,0.11712137565256388,0,random_forest
SH-MC-11-2025031000,2025-03-10 00:00:00,LINE-D,MC-11,PRD-D,4,34600.0,3460.0,0,,0.11767233890489859,0,random_forest
SH-MC-11-2025031008,2025-03-10 08:00:00,LINE-D,MC-11,PRD-D,4,34600.0,3460.0,0,,0.12180504186585364,0,random_forest
SH-MC-11-2025031016,2025-03-10 16:00:00,LINE-D,MC-11,PRD-D,4,34600.0,3460.0,0,,0.20386111770540422,1,random_forest
SH-MC-11-2025031100,2025-03-11 00:00:00,LINE-D,MC-11,PRD-D,4,34600.0,3460.0,0,,0.1932771553962317,1,random_forest
SH-MC-11-2025031108,2025-03-11 08:00:00,LINE-D,MC-11,PRD-D,4,34600.0,3460.0,0,,0.17072987712313334,1,random_forest
SH-MC-11-2025031116,2025-03-11 16:00:00,LINE-D,MC-11,PRD-D,4,34600.0,3460.0,0,,0.17500889667321043,1,random_forest
SH-MC-11-2025031200,2025-03-12 00:00:00,LINE-D,MC-11,PRD-A,4,34600.0,3460.0,0,,0.22885541389317698,1,random_forest
SH-MC-11-2025031208,2025-03-12 08:00:00,LINE-D,MC-11,PRD-A,4,34600.0,3460.0,0,,0.19764640022363503,1,random_forest
SH-MC-11-2025031216,2025-03-12 16:00:00,LINE-D,MC-11,PRD-A,4,34600.0,3460.0,0,,0.27914153220592175,1,random_forest
SH-MC-11-2025031300,2025-03-13 00:00:00,LINE-D,MC-11,PRD-A,4,34600.0,3460.0,0,,0.3464925009788688,1,random_forest
SH-MC-11-2025031308,2025-03-13 08:00:00,LINE-D,MC-11,PRD-A,4,34600.0,3460.0,1,24.0,0.28832640645110846,1,random_forest
SH-MC-11-2025031316,2025-03-13 16:00:00,LINE-D,MC-11,PRD-A,4,34600.0,3460.0,1,16.0,0.39487422060987154,1,random_forest
SH-MC-11-2025031400,2025-03-14 00:00:00,LINE-D,MC-11,PRD-B,4,34600.0,3460.0,1,8.0,0.37640403309132753,1,random_forest
SH-MC-11-2025031408,2025-03-14 08:00:00,LINE-D,MC-11,PRD-B,4,34600.0,3460.0,0,,0.37999237429538807,1,random_forest
SH-MC-11-2025031416,2025-03-14 16:00:00,LINE-D,MC-11,PRD-B,4,34600.0,3460.0,1,24.0,0.0458025911883939,0,random_forest
SH-MC-11-2025031500,2025-03-15 00:00:00,LINE-D,MC-11,PRD-B,4,34600.0,3460.0,1,16.0,0.051096963267606293,0,random_forest
SH-MC-11-2025031508,2025-03-15 08:00:00,LINE-D,MC-11,PRD-B,4,34600.0,3460.0,1,8.0,0.0480839870649147,0,random_forest
SH-MC-11-2025031516,2025-03-15 16:00:00,LINE-D,MC-11,PRD-B,4,34600.0,3460.0,0,,0.050818467499819685,0,random_forest
SH-MC-11-2025031600,2025-03-16 00:00:00,LINE-D,MC-11,PRD-C,4,34600.0,3460.0,0,,0.043216659242944155,0,random_forest
SH-MC-11-2025031608,2025-03-16 08:00:00,LINE-D,MC-11,PRD-C,4,34600.0,3460.0,0,,0.04447902030084746,0,random_forest
SH-MC-11-2025031616,2025-03-16 16:00:00,LINE-D,MC-11,PRD-C,4,34600.0,3460.0,0,,0.05598012793962278,0,random_forest
SH-MC-11-2025031700,2025-03-17 00:00:00,LINE-D,MC-11,PRD-C,4,34600.0,3460.0,0,,0.05846136140048942,0,random_forest
SH-MC-11-2025031708,2025-03-17 08:00:00,LINE-D,MC-11,PRD-C,4,34600.0,3460.0,0,,0.07455449362469684,0,random_forest
SH-MC-11-2025031716,2025-03-17 16:00:00,LINE-D,MC-11,PRD-C,4,34600.0,3460.0,0,,0.07276274281615615,0,random_forest
SH-MC-11-2025031800,2025-03-18 00:00:00,LINE-D,MC-11,PRD-D,4,34600.0,3460.0,0,,0.06587537864581978,0,random_forest
SH-MC-11-2025031808,2025-03-18 08:00:00,LINE-D,MC-11,PRD-D,4,34600.0,3460.0,0,,0.04672945125360482,0,random_forest
SH-MC-11-2025031816,2025-03-18 16:00:00,LINE-D,MC-11,PRD-D,4,34600.0,3460.0,0,,0.051328201960996835,0,random_forest
SH-MC-11-2025031900,2025-03-19 00:00:00,LINE-D,MC-11,PRD-D,4,34600.0,3460.0,0,,0.05144695923908827,0,random_forest
SH-MC-11-2025031908,2025-03-19 08:00:00,LINE-D,MC-11,PRD-D,4,34600.0,3460.0,0,,0.04850217922523881,0,random_forest
SH-MC-11-2025031916,2025-03-19 16:00:00,LINE-D,MC-11,PRD-D,4,34600.0,3460.0,1,24.0,0.05174392075238733,0,random_forest
SH-MC-11-2025032000,2025-03-20 00:00:00,LINE-D,MC-11,PRD-A,4,34600.0,3460.0,1,16.0,0.08769627440373537,0,random_forest
SH-MC-11-2025032008,2025-03-20 08:00:00,LINE-D,MC-11,PRD-A,4,34600.0,3460.0,1,8.0,0.08328850485762411,0,random_forest
SH-MC-11-2025032016,2025-03-20 16:00:00,LINE-D,MC-11,PRD-A,4,34600.0,3460.0,0,,0.09657812677253422,0,random_forest
SH-MC-11-2025032100,2025-03-21 00:00:00,LINE-D,MC-11,PRD-A,4,34600.0,3460.0,0,,0.04035936221233499,0,random_forest
SH-MC-11-2025032108,2025-03-21 08:00:00,LINE-D,MC-11,PRD-A,4,34600.0,3460.0,0,,0.039630750202036005,0,random_forest
SH-MC-11-2025032116,2025-03-21 16:00:00,LINE-D,MC-11,PRD-A,4,34600.0,3460.0,0,,0.0672341659619078,0,random_forest
SH-MC-11-2025032200,2025-03-22 00:00:00,LINE-D,MC-11,PRD-B,4,34600.0,3460.0,0,,0.07426145333985719,0,random_forest
SH-MC-11-2025032208,2025-03-22 08:00:00,LINE-D,MC-11,PRD-B,4,34600.0,3460.0,0,,0.06392590235522222,0,random_forest
SH-MC-11-2025032216,2025-03-22 16:00:00,LINE-D,MC-11,PRD-B,4,34600.0,3460.0,0,,0.05499974186980124,0,random_forest
SH-MC-11-2025032300,2025-03-23 00:00:00,LINE-D,MC-11,PRD-B,4,34600.0,3460.0,0,,0.05279566502781643,0,random_forest
SH-MC-11-2025032308,2025-03-23 08:00:00,LINE-D,MC-11,PRD-B,4,34600.0,3460.0,0,,0.05786549470353375,0,random_forest
SH-MC-11-2025032316,2025-03-23 16:00:00,LINE-D,MC-11,PRD-B,4,34600.0,3460.0,0,,0.06978109823371595,0,random_forest
SH-MC-11-2025032400,2025-03-24 00:00:00,LINE-D,MC-11,PRD-C,4,34600.0,3460.0,0,,0.08002050796505082,0,random_forest
SH-MC-11-2025032408,2025-03-24 08:00:00,LINE-D,MC-11,PRD-C,4,34600.0,3460.0,1,24.0,0.08361533892029,0,random_forest
SH-MC-11-2025032416,2025-03-24 16:00:00,LINE-D,MC-11,PRD-C,4,34600.0,3460.0,1,16.0,0.08844442091001273,0,random_forest
SH-MC-11-2025032500,2025-03-25 00:00:00,LINE-D,MC-11,PRD-C,4,34600.0,3460.0,1,8.0,0.12136651482584952,0,random_forest
SH-MC-11-2025032508,2025-03-25 08:00:00,LINE-D,MC-11,PRD-C,4,34600.0,3460.0,0,,0.1511163116183188,1,random_forest
SH-MC-11-2025032516,2025-03-25 16:00:00,LINE-D,MC-11,PRD-C,4,34600.0,3460.0,0,,0.03823796546074799,0,random_forest
SH-MC-11-2025032600,2025-03-26 00:00:00,LINE-D,MC-11,PRD-D,4,34600.0,3460.0,0,,0.039272254549288545,0,random_forest
SH-MC-11-2025032608,2025-03-26 08:00:00,LINE-D,MC-11,PRD-D,4,34600.0,3460.0,0,,0.06341629482146059,0,random_forest
SH-MC-11-2025032616,2025-03-26 16:00:00,LINE-D,MC-11,PRD-D,4,34600.0,3460.0,0,,0.058581466459271134,0,random_forest
SH-MC-11-2025032700,2025-03-27 00:00:00,LINE-D,MC-11,PRD-D,4,34600.0,3460.0,0,,0.04638420133678317,0,random_forest
SH-MC-11-2025032708,2025-03-27 08:00:00,LINE-D,MC-11,PRD-D,4,34600.0,3460.0,0,,0.04948183425364116,0,random_forest
SH-MC-11-2025032716,2025-03-27 16:00:00,LINE-D,MC-11,PRD-D,4,34600.0,3460.0,0,,0.0493779592254164,0,random_forest
SH-MC-11-2025032800,2025-03-28 00:00:00,LINE-D,MC-11,PRD-A,4,34600.0,3460.0,0,,0.07081489065614932,0,random_forest
SH-MC-11-2025032808,2025-03-28 08:00:00,LINE-D,MC-11,PRD-A,4,34600.0,3460.0,0,,0.07876232216057258,0,random_forest
SH-MC-11-2025032816,2025-03-28 16:00:00,LINE-D,MC-11,PRD-A,4,34600.0,3460.0,0,,0.05735330751988249,0,random_forest
SH-MC-11-2025032900,2025-03-29 00:00:00,LINE-D,MC-11,PRD-A,4,34600.0,3460.0,0,,0.10185930756523548,0,random_forest
SH-MC-11-2025032908,2025-03-29 08:00:00,LINE-D,MC-11,PRD-A,4,34600.0,3460.0,0,,0.07831612506647626,0,random_forest
SH-MC-11-2025032916,2025-03-29 16:00:00,LINE-D,MC-11,PRD-A,4,34600.0,3460.0,0,,0.11388401049543628,0,random_forest
SH-MC-11-2025033000,2025-03-30 00:00:00,LINE-D,MC-11,PRD-B,4,34600.0,3460.0,0,,0.1420294139068422,0,random_forest
SH-MC-11-2025033008,2025-03-30 08:00:00,LINE-D,MC-11,PRD-B,4,34600.0,3460.0,0,,0.11734150532278285,0,random_forest
SH-MC-11-2025033016,2025-03-30 16:00:00,LINE-D,MC-11,PRD-B,4,34600.0,3460.0,0,,0.17869244167253676,1,random_forest
SH-MC-11-2025033100,2025-03-31 00:00:00,LINE-D,MC-11,PRD-B,4,34600.0,3460.0,0,,0.23627476877385753,1,random_forest
SH-MC-11-2025033108,2025-03-31 08:00:00,LINE-D,MC-11,PRD-B,4,34600.0,3460.0,0,,0.2830109495989653,1,random_forest
SH-MC-11-2025033116,2025-03-31 16:00:00,LINE-D,MC-11,PRD-B,4,34600.0,3460.0,0,,0.3167786678746971,1,random_forest
SH-MC-11-2025040100,2025-04-01 00:00:00,LINE-D,MC-11,PRD-C,4,34600.0,3460.0,1,24.0,0.282504872189005,1,random_forest
SH-MC-11-2025040108,2025-04-01 08:00:00,LINE-D,MC-11,PRD-C,4,34600.0,3460.0,1,16.0,0.3265254925443197,1,random_forest
SH-MC-11-2025040116,2025-04-01 16:00:00,LINE-D,MC-11,PRD-C,4,34600.0,3460.0,1,8.0,0.29657153769373606,1,random_forest
SH-MC-11-2025040200,2025-04-02 00:00:00,LINE-D,MC-11,PRD-C,4,34600.0,3460.0,0,,0.329304977733043,1,random_forest
SH-MC-11-2025040208,2025-04-02 08:00:00,LINE-D,MC-11,PRD-C,4,34600.0,3460.0,0,,0.04143414026837278,0,random_forest
SH-MC-11-2025040216,2025-04-02 16:00:00,LINE-D,MC-11,PRD-C,4,34600.0,3460.0,0,,0.04837525727957498,0,random_forest
SH-MC-11-2025040300,2025-04-03 00:00:00,LINE-D,MC-11,PRD-D,4,34600.0,3460.0,0,,0.05399001509189345,0,random_forest
SH-MC-11-2025040308,2025-04-03 08:00:00,LINE-D,MC-11,PRD-D,4,34600.0,3460.0,0,,0.04423539172725807,0,random_forest
SH-MC-11-2025040316,2025-04-03 16:00:00,LINE-D,MC-11,PRD-D,4,34600.0,3460.0,0,,0.052259890976500294,0,random_forest
SH-MC-11-2025040400,2025-04-04 00:00:00,LINE-D,MC-11,PRD-D,4,34600.0,3460.0,0,,0.053063070074711206,0,random_forest
SH-MC-11-2025040408,2025-04-04 08:00:00,LINE-D,MC-11,PRD-D,4,34600.0,3460.0,0,,0.06211055690944376,0,random_forest
SH-MC-11-2025040416,2025-04-04 16:00:00,LINE-D,MC-11,PRD-D,4,34600.0,3460.0,0,,0.05753975902923559,0,random_forest
SH-MC-11-2025040500,2025-04-05 00:00:00,LINE-D,MC-11,PRD-A,4,34600.0,3460.0,0,,0.08157740142306717,0,random_forest
SH-MC-11-2025040508,2025-04-05 08:00:00,LINE-D,MC-11,PRD-A,4,34600.0,3460.0,0,,0.06918237723819695,0,random_forest
SH-MC-11-2025040516,2025-04-05 16:00:00,LINE-D,MC-11,PRD-A,4,34600.0,3460.0,0,,0.08190525410146525,0,random_forest
SH-MC-11-2025040600,2025-04-06 00:00:00,LINE-D,MC-11,PRD-A,4,34600.0,3460.0,0,,0.10685728878300345,0,random_forest
SH-MC-11-2025040608,2025-04-06 08:00:00,LINE-D,MC-11,PRD-A,4,34600.0,3460.0,1,24.0,0.18305944037889646,1,random_forest
SH-MC-11-2025040616,2025-04-06 16:00:00,LINE-D,MC-11,PRD-A,4,34600.0,3460.0,1,16.0,0.3069489957968839,1,random_forest
SH-MC-11-2025040700,2025-04-07 00:00:00,LINE-D,MC-11,PRD-B,4,34600.0,3460.0,1,8.0,0.2577929365227174,1,random_forest
SH-MC-11-2025040708,2025-04-07 08:00:00,LINE-D,MC-11,PRD-B,4,34600.0,3460.0,0,,0.3286777859382861,1,random_forest
SH-MC-11-2025040716,2025-04-07 16:00:00,LINE-D,MC-11,PRD-B,4,34600.0,3460.0,0,,0.04061678768771332,0,random_forest
SH-MC-11-2025040800,2025-04-08 00:00:00,LINE-D,MC-11,PRD-B,4,34600.0,3460.0,0,,0.03782182460972674,0,random_forest
SH-MC-11-2025040808,2025-04-08 08:00:00,LINE-D,MC-11,PRD-B,4,34600.0,3460.0,0,,0.04470652259845448,0,random_forest
SH-MC-11-2025040816,2025-04-08 16:00:00,LINE-D,MC-11,PRD-B,4,34600.0,3460.0,0,,0.05409507327039939,0,random_forest
SH-MC-11-2025040900,2025-04-09 00:00:00,LINE-D,MC-11,PRD-C,4,34600.0,3460.0,0,,0.06196410719513844,0,random_forest
SH-MC-11-2025040908,2025-04-09 08:00:00,LINE-D,MC-11,PRD-C,4,34600.0,3460.0,0,,0.07527425770738636,0,random_forest
SH-MC-11-2025040916,2025-04-09 16:00:00,LINE-D,MC-11,PRD-C,4,34600.0,3460.0,0,,0.06708776778747179,0,random_forest
SH-MC-11-2025041000,2025-04-10 00:00:00,LINE-D,MC-11,PRD-C,4,34600.0,3460.0,0,,0.07250457896407399,0,random_forest
SH-MC-11-2025041008,2025-04-10 08:00:00,LINE-D,MC-11,PRD-C,4,34600.0,3460.0,0,,0.05957602211616016,0,random_forest
SH-MC-11-2025041016,2025-04-10 16:00:00,LINE-D,MC-11,PRD-C,4,34600.0,3460.0,0,,0.0754249421851288,0,random_forest
SH-MC-11-2025041100,2025-04-11 00:00:00,LINE-D,MC-11,PRD-D,4,34600.0,3460.0,0,,0.09132799722175738,0,random_forest
SH-MC-11-2025041108,2025-04-11 08:00:00,LINE-D,MC-11,PRD-D,4,34600.0,3460.0,0,,0.11515405582145535,0,random_forest
SH-MC-11-2025041116,2025-04-11 16:00:00,LINE-D,MC-11,PRD-D,4,34600.0,3460.0,0,,0.09750313411627747,0,random_forest
SH-MC-11-2025041200,2025-04-12 00:00:00,LINE-D,MC-11,PRD-D,4,34600.0,3460.0,0,,0.12295337053460825,0,random_forest
SH-MC-11-2025041208,2025-04-12 08:00:00,LINE-D,MC-11,PRD-D,4,34600.0,3460.0,0,,0.190973192898267,1,random_forest
SH-MC-11-2025041216,2025-04-12 16:00:00,LINE-D,MC-11,PRD-D,4,34600.0,3460.0,0,,0.22586154118064725,1,random_forest
SH-MC-11-2025041300,2025-04-13 00:00:00,LINE-D,MC-11,PRD-A,4,34600.0,3460.0,0,,0.2087765796094642,1,random_forest
SH-MC-11-2025041308,2025-04-13 08:00:00,LINE-D,MC-11,PRD-A,4,34600.0,3460.0,1,24.0,0.2731204842116156,1,random_forest
SH-MC-11-2025041316,2025-04-13 16:00:00,LINE-D,MC-11,PRD-A,4,34600.0,3460.0,1,16.0,0.29275656717381593,1,random_forest
SH-MC-11-2025041400,2025-04-14 00:00:00,LINE-D,MC-11,PRD-A,4,34600.0,3460.0,1,8.0,0.33215016740219616,1,random_forest
SH-MC-11-2025041408,2025-04-14 08:00:00,LINE-D,MC-11,PRD-A,4,34600.0,3460.0,0,,0.34911434825331283,1,random_forest
SH-MC-11-2025041416,2025-04-14 16:00:00,LINE-D,MC-11,PRD-A,4,34600.0,3460.0,0,,0.05049653239436368,0,random_forest
SH-MC-11-2025041500,2025-04-15 00:00:00,LINE-D,MC-11,PRD-B,4,34600.0,3460.0,0,,0.04837915258718576,0,random_forest
SH-MC-11-2025041508,2025-04-15 08:00:00,LINE-D,MC-11,PRD-B,4,34600.0,3460.0,0,,0.044906727904339416,0,random_forest
SH-MC-11-2025041516,2025-04-15 16:00:00,LINE-D,MC-11,PRD-B,4,34600.0,3460.0,0,,0.049875668491232414,0,random_forest
SH-MC-11-2025041600,2025-04-16 00:00:00,LINE-D,MC-11,PRD-B,4,34600.0,3460.0,0,,0.04853050938534641,0,random_forest
SH-MC-11-2025041608,2025-04-16 08:00:00,LINE-D,MC-11,PRD-B,4,34600.0,3460.0,0,,0.06510481273423999,0,random_forest
SH-MC-11-2025041616,2025-04-16 16:00:00,LINE-D,MC-11,PRD-B,4,34600.0,3460.0,0,,0.07305989906452331,0,random_forest
SH-MC-11-2025041700,2025-04-17 00:00:00,LINE-D,MC-11,PRD-C,4,34600.0,3460.0,0,,0.06542458710823212,0,random_forest
SH-MC-11-2025041708,2025-04-17 08:00:00,LINE-D,MC-11,PRD-C,4,34600.0,3460.0,0,,0.08470697864264934,0,random_forest
SH-MC-11-2025041716,2025-04-17 16:00:00,LINE-D,MC-11,PRD-C,4,34600.0,3460.0,0,,0.06982263679598277,0,random_forest
SH-MC-11-2025041800,2025-04-18 00:00:00,LINE-D,MC-11,PRD-C,4,34600.0,3460.0,0,,0.17591843973198415,1,random_forest
SH-MC-11-2025041808,2025-04-18 08:00:00,LINE-D,MC-11,PRD-C,4,34600.0,3460.0,0,,0.09328991619249141,0,random_forest
SH-MC-11-2025041816,2025-04-18 16:00:00,LINE-D,MC-11,PRD-C,4,34600.0,3460.0,0,,0.17012154590178777,1,random_forest
SH-MC-11-2025041900,2025-04-19 00:00:00,LINE-D,MC-11,PRD-D,4,34600.0,3460.0,0,,0.21552421229857566,1,random_forest
SH-MC-11-2025041908,2025-04-19 08:00:00,LINE-D,MC-11,PRD-D,4,34600.0,3460.0,0,,0.26750346485931226,1,random_forest
SH-MC-11-2025041916,2025-04-19 16:00:00,LINE-D,MC-11,PRD-D,4,34600.0,3460.0,0,,0.232187608052887,1,random_forest
SH-MC-11-2025042000,2025-04-20 00:00:00,LINE-D,MC-11,PRD-D,4,34600.0,3460.0,1,24.0,0.29539164741669977,1,random_forest
SH-MC-11-2025042008,2025-04-20 08:00:00,LINE-D,MC-11,PRD-D,4,34600.0,3460.0,1,16.0,0.23783002151602703,1,random_forest
SH-MC-11-2025042016,2025-04-20 16:00:00,LINE-D,MC-11,PRD-D,4,34600.0,3460.0,1,8.0,0.3179627125849307,1,random_forest
SH-MC-11-2025042100,2025-04-21 00:00:00,LINE-D,MC-11,PRD-A,4,34600.0,3460.0,0,,0.37669953054672356,1,random_forest
SH-MC-11-2025042108,2025-04-21 08:00:00,LINE-D,MC-11,PRD-A,4,34600.0,3460.0,0,,0.04448616346586447,0,random_forest
SH-MC-11-2025042116,2025-04-21 16:00:00,LINE-D,MC-11,PRD-A,4,34600.0,3460.0,0,,0.04677321092763496,0,random_forest
SH-MC-11-2025042200,2025-04-22 00:00:00,LINE-D,MC-11,PRD-A,4,34600.0,3460.0,0,,0.05376562495327528,0,random_forest
SH-MC-11-2025042208,2025-04-22 08:00:00,LINE-D,MC-11,PRD-A,4,34600.0,3460.0,0,,0.04757929512935906,0,random_forest
SH-MC-11-2025042216,2025-04-22 16:00:00,LINE-D,MC-11,PRD-A,4,34600.0,3460.0,0,,0.059977860831548345,0,random_forest
SH-MC-11-2025042300,2025-04-23 00:00:00,LINE-D,MC-11,PRD-B,4,34600.0,3460.0,0,,0.05661569147194296,0,random_forest
SH-MC-11-2025042308,2025-04-23 08:00:00,LINE-D,MC-11,PRD-B,4,34600.0,3460.0,0,,0.07374581851576201,0,random_forest
SH-MC-11-2025042316,2025-04-23 16:00:00,LINE-D,MC-11,PRD-B,4,34600.0,3460.0,0,,0.09621715073650064,0,random_forest
SH-MC-11-2025042400,2025-04-24 00:00:00,LINE-D,MC-11,PRD-B,4,34600.0,3460.0,0,,0.0884247558390405,0,random_forest
SH-MC-11-2025042408,2025-04-24 08:00:00,LINE-D,MC-11,PRD-B,4,34600.0,3460.0,0,,0.10169586785737983,0,random_forest
SH-MC-11-2025042416,2025-04-24 16:00:00,LINE-D,MC-11,PRD-B,4,34600.0,3460.0,0,,0.18792287386933196,1,random_forest
SH-MC-11-2025042500,2025-04-25 00:00:00,LINE-D,MC-11,PRD-C,4,34600.0,3460.0,1,24.0,0.20262233907670155,1,random_forest
SH-MC-11-2025042508,2025-04-25 08:00:00,LINE-D,MC-11,PRD-C,4,34600.0,3460.0,1,16.0,0.19391533837526467,1,random_forest
SH-MC-11-2025042516,2025-04-25 16:00:00,LINE-D,MC-11,PRD-C,4,34600.0,3460.0,1,8.0,0.2732531511563435,1,random_forest
SH-MC-11-2025042600,2025-04-26 00:00:00,LINE-D,MC-11,PRD-C,4,34600.0,3460.0,0,,0.24206071834536427,1,random_forest
SH-MC-11-2025042608,2025-04-26 08:00:00,LINE-D,MC-11,PRD-C,4,34600.0,3460.0,0,,0.046561554128124405,0,random_forest
SH-MC-11-2025042616,2025-04-26 16:00:00,LINE-D,MC-11,PRD-C,4,34600.0,3460.0,0,,0.038081744036879785,0,random_forest
SH-MC-11-2025042700,2025-04-27 00:00:00,LINE-D,MC-11,PRD-D,4,34600.0,3460.0,0,,0.04100669894800169,0,random_forest
SH-MC-11-2025042708,2025-04-27 08:00:00,LINE-D,MC-11,PRD-D,4,34600.0,3460.0,0,,0.038979042796564216,0,random_forest
SH-MC-11-2025042716,2025-04-27 16:00:00,LINE-D,MC-11,PRD-D,4,34600.0,3460.0,0,,0.04032595681731631,0,random_forest
SH-MC-11-2025042800,2025-04-28 00:00:00,LINE-D,MC-11,PRD-D,4,34600.0,3460.0,0,,0.042649472723756,0,random_forest
SH-MC-11-2025042808,2025-04-28 08:00:00,LINE-D,MC-11,PRD-D,4,34600.0,3460.0,0,,0.05935286853085472,0,random_forest
SH-MC-11-2025042816,2025-04-28 16:00:00,LINE-D,MC-11,PRD-D,4,34600.0,3460.0,0,,0.06547572709143738,0,random_forest
SH-MC-11-2025042900,2025-04-29 00:00:00,LINE-D,MC-11,PRD-A,4,34600.0,3460.0,0,,0.07643274894119627,0,random_forest
SH-MC-11-2025042908,2025-04-29 08:00:00,LINE-D,MC-11,PRD-A,4,34600.0,3460.0,0,,0.09755583492562386,0,random_forest
SH-MC-11-2025042916,2025-04-29 16:00:00,LINE-D,MC-11,PRD-A,4,34600.0,3460.0,0,,0.07662831900163099,0,random_forest
SH-MC-11-2025043000,2025-04-30 00:00:00,LINE-D,MC-11,PRD-A,4,34600.0,3460.0,0,,0.09755153944837013,0,random_forest
SH-MC-11-2025043008,2025-04-30 08:00:00,LINE-D,MC-11,PRD-A,4,34600.0,3460.0,0,,0.1856898870230855,1,random_forest
SH-MC-11-2025043016,2025-04-30 16:00:00,LINE-D,MC-11,PRD-A,4,34600.0,3460.0,0,,0.19397810887575745,1,random_forest
SH-MC-11-2025050100,2025-05-01 00:00:00,LINE-D,MC-11,PRD-B,4,34600.0,3460.0,0,,0.19426579890654688,1,random_forest
SH-MC-11-2025050108,2025-05-01 08:00:00,LINE-D,MC-11,PRD-B,4,34600.0,3460.0,0,,0.23779019019952485,1,random_forest
SH-MC-11-2025050116,2025-05-01 16:00:00,LINE-D,MC-11,PRD-B,4,34600.0,3460.0,0,,0.2600106732313065,1,random_forest
SH-MC-11-2025050200,2025-05-02 00:00:00,LINE-D,MC-11,PRD-B,4,34600.0,3460.0,0,,0.2384446469258399,1,random_forest
SH-MC-11-2025050208,2025-05-02 08:00:00,LINE-D,MC-11,PRD-B,4,34600.0,3460.0,0,,0.33043393931851595,1,random_forest
SH-MC-11-2025050216,2025-05-02 16:00:00,LINE-D,MC-11,PRD-B,4,34600.0,3460.0,0,,0.28046045367906614,1,random_forest
SH-MC-11-2025050300,2025-05-03 00:00:00,LINE-D,MC-11,PRD-C,4,34600.0,3460.0,0,,0.27542069165633026,1,random_forest
SH-MC-11-2025050308,2025-05-03 08:00:00,LINE-D,MC-11,PRD-C,4,34600.0,3460.0,1,24.0,0.35690356594507966,1,random_forest
SH-MC-11-2025050316,2025-05-03 16:00:00,LINE-D,MC-11,PRD-C,4,34600.0,3460.0,1,16.0,0.3377388471039707,1,random_forest
SH-MC-11-2025050400,2025-05-04 00:00:00,LINE-D,MC-11,PRD-C,4,34600.0,3460.0,1,8.0,0.35677714491574664,1,random_forest
SH-MC-11-2025050408,2025-05-04 08:00:00,LINE-D,MC-11,PRD-C,4,34600.0,3460.0,0,,0.41550009296513174,1,random_forest
SH-MC-11-2025050416,2025-05-04 16:00:00,LINE-D,MC-11,PRD-C,4,34600.0,3460.0,0,,0.04569780163956329,0,random_forest
SH-MC-11-2025050500,2025-05-05 00:00:00,LINE-D,MC-11,PRD-D,4,34600.0,3460.0,0,,0.050753060490640954,0,random_forest
SH-MC-11-2025050508,2025-05-05 08:00:00,LINE-D,MC-11,PRD-D,4,34600.0,3460.0,0,,0.04989366066858972,0,random_forest
SH-MC-11-2025050516,2025-05-05 16:00:00,LINE-D,MC-11,PRD-D,4,34600.0,3460.0,0,,0.05437454347575464,0,random_forest
SH-MC-11-2025050600,2025-05-06 00:00:00,LINE-D,MC-11,PRD-D,4,34600.0,3460.0,0,,0.059531672756056905,0,random_forest
SH-MC-11-2025050608,2025-05-06 08:00:00,LINE-D,MC-11,PRD-D,4,34600.0,3460.0,0,,0.06335597682292018,0,random_forest
SH-MC-11-2025050616,2025-05-06 16:00:00,LINE-D,MC-11,PRD-D,4,34600.0,3460.0,0,,0.0732589207749504,0,random_forest
SH-MC-11-2025050700,2025-05-07 00:00:00,LINE-D,MC-11,PRD-A,4,34600.0,3460.0,0,,0.08988670871394033,0,random_forest
SH-MC-11-2025050708,2025-05-07 08:00:00,LINE-D,MC-11,PRD-A,4,34600.0,3460.0,0,,0.1090177607394786,0,random_forest
SH-MC-11-2025050716,2025-05-07 16:00:00,LINE-D,MC-11,PRD-A,4,34600.0,3460.0,0,,0.1402146572740166,0,random_forest
SH-MC-11-2025050800,2025-05-08 00:00:00,LINE-D,MC-11,PRD-A,4,34600.0,3460.0,0,,0.11617364140559572,0,random_forest
SH-MC-11-2025050808,2025-05-08 08:00:00,LINE-D,MC-11,PRD-A,4,34600.0,3460.0,0,,0.13851655149074424,0,random_forest
SH-MC-11-2025050816,2025-05-08 16:00:00,LINE-D,MC-11,PRD-A,4,34600.0,3460.0,0,,0.2786840013995582,1,random_forest
SH-MC-11-2025050900,2025-05-09 00:00:00,LINE-D,MC-11,PRD-B,4,34600.0,3460.0,0,,0.20787138365467414,1,random_forest
SH-MC-11-2025050908,2025-05-09 08:00:00,LINE-D,MC-11,PRD-B,4,34600.0,3460.0,0,,0.2899501649491751,1,random_forest
SH-MC-11-2025050916,2025-05-09 16:00:00,LINE-D,MC-11,PRD-B,4,34600.0,3460.0,0,,0.2916782666351617,1,random_forest
SH-MC-11-2025051000,2025-05-10 00:00:00,LINE-D,MC-11,PRD-B,4,34600.0,3460.0,0,,0.2891670025831315,1,random_forest
SH-MC-11-2025051008,2025-05-10 08:00:00,LINE-D,MC-11,PRD-B,4,34600.0,3460.0,1,24.0,0.3056252127433877,1,random_forest
SH-MC-11-2025051016,2025-05-10 16:00:00,LINE-D,MC-11,PRD-B,4,34600.0,3460.0,1,16.0,0.33225641016415225,1,random_forest
SH-MC-11-2025051100,2025-05-11 00:00:00,LINE-D,MC-11,PRD-C,4,34600.0,3460.0,1,8.0,0.38100760410172524,1,random_forest
SH-MC-11-2025051108,2025-05-11 08:00:00,LINE-D,MC-11,PRD-C,4,34600.0,3460.0,0,,0.39318621171093515,1,random_forest
SH-MC-11-2025051116,2025-05-11 16:00:00,LINE-D,MC-11,PRD-C,4,34600.0,3460.0,0,,0.05073332054678339,0,random_forest
SH-MC-11-2025051200,2025-05-12 00:00:00,LINE-D,MC-11,PRD-C,4,34600.0,3460.0,0,,0.051316059506412846,0,random_forest
SH-MC-11-2025051208,2025-05-12 08:00:00,LINE-D,MC-11,PRD-C,4,34600.0,3460.0,0,,0.05124757206430558,0,random_forest
SH-MC-11-2025051216,2025-05-12 16:00:00,LINE-D,MC-11,PRD-C,4,34600.0,3460.0,0,,0.06187800089251648,0,random_forest
SH-MC-11-2025051300,2025-05-13 00:00:00,LINE-D,MC-11,PRD-D,4,34600.0,3460.0,0,,0.06025956448251865,0,random_forest
SH-MC-11-2025051308,2025-05-13 08:00:00,LINE-D,MC-11,PRD-D,4,34600.0,3460.0,0,,0.06211467374576407,0,random_forest
SH-MC-11-2025051316,2025-05-13 16:00:00,LINE-D,MC-11,PRD-D,4,34600.0,3460.0,0,,0.06726765081039698,0,random_forest
SH-MC-11-2025051400,2025-05-14 00:00:00,LINE-D,MC-11,PRD-D,4,34600.0,3460.0,0,,0.08942469469768592,0,random_forest
SH-MC-11-2025051408,2025-05-14 08:00:00,LINE-D,MC-11,PRD-D,4,34600.0,3460.0,0,,0.08636089088515246,0,random_forest
SH-MC-11-2025051416,2025-05-14 16:00:00,LINE-D,MC-11,PRD-D,4,34600.0,3460.0,0,,0.11815029983498318,0,random_forest
SH-MC-11-2025051500,2025-05-15 00:00:00,LINE-D,MC-11,PRD-A,4,34600.0,3460.0,0,,0.1718067402421172,1,random_forest
SH-MC-11-2025051508,2025-05-15 08:00:00,LINE-D,MC-11,PRD-A,4,34600.0,3460.0,0,,0.1794972647605622,1,random_forest
SH-MC-11-2025051516,2025-05-15 16:00:00,LINE-D,MC-11,PRD-A,4,34600.0,3460.0,0,,0.30067278530066005,1,random_forest
SH-MC-11-2025051600,2025-05-16 00:00:00,LINE-D,MC-11,PRD-A,4,34600.0,3460.0,0,,0.2590797567874138,1,random_forest
SH-MC-11-2025051608,2025-05-16 08:00:00,LINE-D,MC-11,PRD-A,4,34600.0,3460.0,0,,0.2299019257903655,1,random_forest
SH-MC-11-2025051616,2025-05-16 16:00:00,LINE-D,MC-11,PRD-A,4,34600.0,3460.0,0,,0.2997513406050096,1,random_forest
SH-MC-11-2025051700,2025-05-17 00:00:00,LINE-D,MC-11,PRD-B,4,34600.0,3460.0,0,,0.21506786699236508,1,random_forest
SH-MC-11-2025051708,2025-05-17 08:00:00,LINE-D,MC-11,PRD-B,4,34600.0,3460.0,0,,0.35693106887755977,1,random_forest
SH-MC-11-2025051716,2025-05-17 16:00:00,LINE-D,MC-11,PRD-B,4,34600.0,3460.0,0,,0.3144789372395162,1,random_forest
SH-MC-11-2025051800,2025-05-18 00:00:00,LINE-D,MC-11,PRD-B,4,34600.0,3460.0,0,,0.3454484353166661,1,random_forest
SH-MC-11-2025051808,2025-05-18 08:00:00,LINE-D,MC-11,PRD-B,4,34600.0,3460.0,1,24.0,0.3483783236031055,1,random_forest
SH-MC-11-2025051816,2025-05-18 16:00:00,LINE-D,MC-11,PRD-B,4,34600.0,3460.0,1,16.0,0.2971378462073456,1,random_forest
SH-MC-11-2025051900,2025-05-19 00:00:00,LINE-D,MC-11,PRD-C,4,34600.0,3460.0,1,8.0,0.41774925422708736,1,random_forest
SH-MC-11-2025051908,2025-05-19 08:00:00,LINE-D,MC-11,PRD-C,4,34600.0,3460.0,0,,0.44496633732654856,1,random_forest
SH-MC-11-2025051916,2025-05-19 16:00:00,LINE-D,MC-11,PRD-C,4,34600.0,3460.0,0,,0.04887605263201421,0,random_forest
SH-MC-11-2025052000,2025-05-20 00:00:00,LINE-D,MC-11,PRD-C,4,34600.0,3460.0,0,,0.06036676318162516,0,random_forest
SH-MC-11-2025052008,2025-05-20 08:00:00,LINE-D,MC-11,PRD-C,4,34600.0,3460.0,0,,0.05260842346217597,0,random_forest
SH-MC-11-2025052016,2025-05-20 16:00:00,LINE-D,MC-11,PRD-C,4,34600.0,3460.0,0,,0.048347155145398744,0,random_forest
SH-MC-11-2025052100,2025-05-21 00:00:00,LINE-D,MC-11,PRD-D,4,34600.0,3460.0,0,,0.057490116168730274,0,random_forest
SH-MC-11-2025052108,2025-05-21 08:00:00,LINE-D,MC-11,PRD-D,4,34600.0,3460.0,0,,0.07405139093892553,0,random_forest
SH-MC-11-2025052116,2025-05-21 16:00:00,LINE-D,MC-11,PRD-D,4,34600.0,3460.0,0,,0.0786204725148761,0,random_forest
SH-MC-11-2025052200,2025-05-22 00:00:00,LINE-D,MC-11,PRD-D,4,34600.0,3460.0,0,,0.06636294883277874,0,random_forest
SH-MC-11-2025052208,2025-05-22 08:00:00,LINE-D,MC-11,PRD-D,4,34600.0,3460.0,0,,0.09616784678965769,0,random_forest
SH-MC-11-2025052216,2025-05-22 16:00:00,LINE-D,MC-11,PRD-D,4,34600.0,3460.0,0,,0.1405105084131985,0,random_forest
SH-MC-11-2025052300,2025-05-23 00:00:00,LINE-D,MC-11,PRD-A,4,34600.0,3460.0,0,,0.1850001411123795,1,random_forest
SH-MC-11-2025052308,2025-05-23 08:00:00,LINE-D,MC-11,PRD-A,4,34600.0,3460.0,0,,0.17069918212905372,1,random_forest
SH-MC-11-2025052316,2025-05-23 16:00:00,LINE-D,MC-11,PRD-A,4,34600.0,3460.0,0,,0.20606716791301025,1,random_forest
SH-MC-11-2025052400,2025-05-24 00:00:00,LINE-D,MC-11,PRD-A,4,34600.0,3460.0,0,,0.2412047581216746,1,random_forest
SH-MC-11-2025052408,2025-05-24 08:00:00,LINE-D,MC-11,PRD-A,4,34600.0,3460.0,0,,0.2889978120607242,1,random_forest
SH-MC-11-2025052416,2025-05-24 16:00:00,LINE-D,MC-11,PRD-A,4,34600.0,3460.0,0,,0.2547714539136797,1,random_forest
SH-MC-11-2025052500,2025-05-25 00:00:00,LINE-D,MC-11,PRD-B,4,34600.0,3460.0,0,,0.3119303137701929,1,random_forest
SH-MC-11-2025052508,2025-05-25 08:00:00,LINE-D,MC-11,PRD-B,4,34600.0,3460.0,0,,0.2823513837224536,1,random_forest
SH-MC-11-2025052516,2025-05-25 16:00:00,LINE-D,MC-11,PRD-B,4,34600.0,3460.0,0,,0.29592602142946384,1,random_forest
SH-MC-11-2025052600,2025-05-26 00:00:00,LINE-D,MC-11,PRD-B,4,34600.0,3460.0,0,,0.3655984840782243,1,random_forest
SH-MC-11-2025052608,2025-05-26 08:00:00,LINE-D,MC-11,PRD-B,4,34600.0,3460.0,1,24.0,0.3770536871329081,1,random_forest
SH-MC-11-2025052616,2025-05-26 16:00:00,LINE-D,MC-11,PRD-B,4,34600.0,3460.0,1,16.0,0.3134801979606588,1,random_forest
SH-MC-11-2025052700,2025-05-27 00:00:00,LINE-D,MC-11,PRD-C,4,34600.0,3460.0,1,8.0,0.39676507883604595,1,random_forest
SH-MC-11-2025052708,2025-05-27 08:00:00,LINE-D,MC-11,PRD-C,4,34600.0,3460.0,0,,0.47700471760937657,1,random_forest
SH-MC-11-2025052716,2025-05-27 16:00:00,LINE-D,MC-11,PRD-C,4,34600.0,3460.0,0,,0.04279707910952702,0,random_forest
SH-MC-11-2025052800,2025-05-28 00:00:00,LINE-D,MC-11,PRD-C,4,34600.0,3460.0,0,,0.04972046131944013,0,random_forest
SH-MC-11-2025052808,2025-05-28 08:00:00,LINE-D,MC-11,PRD-C,4,34600.0,3460.0,0,,0.04349923812007191,0,random_forest
SH-MC-11-2025052816,2025-05-28 16:00:00,LINE-D,MC-11,PRD-C,4,34600.0,3460.0,0,,0.050109018697684984,0,random_forest
SH-MC-11-2025052900,2025-05-29 00:00:00,LINE-D,MC-11,PRD-D,4,34600.0,3460.0,0,,0.05206740852114447,0,random_forest
SH-MC-11-2025052908,2025-05-29 08:00:00,LINE-D,MC-11,PRD-D,4,34600.0,3460.0,0,,0.05426169558627753,0,random_forest
SH-MC-11-2025052916,2025-05-29 16:00:00,LINE-D,MC-11,PRD-D,4,34600.0,3460.0,0,,0.06679521556534736,0,random_forest
SH-MC-11-2025053000,2025-05-30 00:00:00,LINE-D,MC-11,PRD-D,4,34600.0,3460.0,1,24.0,0.08483612639022038,0,random_forest
SH-MC-11-2025053008,2025-05-30 08:00:00,LINE-D,MC-11,PRD-D,4,34600.0,3460.0,1,16.0,0.1183218702381863,0,random_forest
SH-MC-11-2025053016,2025-05-30 16:00:00,LINE-D,MC-11,PRD-D,4,34600.0,3460.0,1,8.0,0.13579793719080088,0,random_forest
SH-MC-11-2025053100,2025-05-31 00:00:00,LINE-D,MC-11,PRD-A,4,34600.0,3460.0,0,,0.1476296560149228,0,random_forest
SH-MC-11-2025053108,2025-05-31 08:00:00,LINE-D,MC-11,PRD-A,4,34600.0,3460.0,0,,0.046064603082054574,0,random_forest
SH-MC-11-2025053116,2025-05-31 16:00:00,LINE-D,MC-11,PRD-A,4,34600.0,3460.0,0,,0.0418469524530319,0,random_forest
SH-MC-11-2025060100,2025-06-01 00:00:00,LINE-D,MC-11,PRD-A,4,34600.0,3460.0,0,,0.04616718863550224,0,random_forest
SH-MC-11-2025060108,2025-06-01 08:00:00,LINE-D,MC-11,PRD-A,4,34600.0,3460.0,0,,0.04243008877471501,0,random_forest
SH-MC-11-2025060116,2025-06-01 16:00:00,LINE-D,MC-11,PRD-A,4,34600.0,3460.0,1,24.0,0.04478825256487783,0,random_forest
SH-MC-11-2025060200,2025-06-02 00:00:00,LINE-D,MC-11,PRD-B,4,34600.0,3460.0,1,16.0,0.048235828543981486,0,random_forest
SH-MC-11-2025060208,2025-06-02 08:00:00,LINE-D,MC-11,PRD-B,4,34600.0,3460.0,1,8.0,0.04253595355740385,0,random_forest
SH-MC-11-2025060216,2025-06-02 16:00:00,LINE-D,MC-11,PRD-B,4,34600.0,3460.0,0,,0.053139194599994714,0,random_forest
SH-MC-11-2025060300,2025-06-03 00:00:00,LINE-D,MC-11,PRD-B,4,34600.0,3460.0,0,,0.04386880335489076,0,random_forest
SH-MC-11-2025060308,2025-06-03 08:00:00,LINE-D,MC-11,PRD-B,4,34600.0,3460.0,0,,0.041273000136813974,0,random_forest
SH-MC-11-2025060316,2025-06-03 16:00:00,LINE-D,MC-11,PRD-B,4,34600.0,3460.0,0,,0.04256750828727259,0,random_forest
SH-MC-11-2025060400,2025-06-04 00:00:00,LINE-D,MC-11,PRD-C,4,34600.0,3460.0,0,,0.04498748719740986,0,random_forest
SH-MC-11-2025060408,2025-06-04 08:00:00,LINE-D,MC-11,PRD-C,4,34600.0,3460.0,0,,0.05304008049147587,0,random_forest
SH-MC-11-2025060416,2025-06-04 16:00:00,LINE-D,MC-11,PRD-C,4,34600.0,3460.0,0,,0.045333208006210504,0,random_forest
SH-MC-11-2025060500,2025-06-05 00:00:00,LINE-D,MC-11,PRD-C,4,34600.0,3460.0,0,,0.05400106161548256,0,random_forest
SH-MC-11-2025060508,2025-06-05 08:00:00,LINE-D,MC-11,PRD-C,4,34600.0,3460.0,0,,0.043799614996462816,0,random_forest
SH-MC-11-2025060516,2025-06-05 16:00:00,LINE-D,MC-11,PRD-C,4,34600.0,3460.0,0,,0.045484320316642124,0,random_forest
SH-MC-11-2025060600,2025-06-06 00:00:00,LINE-D,MC-11,PRD-D,4,34600.0,3460.0,0,,0.04686660145532229,0,random_forest
SH-MC-11-2025060608,2025-06-06 08:00:00,LINE-D,MC-11,PRD-D,4,34600.0,3460.0,0,,0.04631877790277638,0,random_forest
SH-MC-11-2025060616,2025-06-06 16:00:00,LINE-D,MC-11,PRD-D,4,34600.0,3460.0,0,,0.05085078344555535,0,random_forest
SH-MC-11-2025060700,2025-06-07 00:00:00,LINE-D,MC-11,PRD-D,4,34600.0,3460.0,0,,0.11203828076766639,0,random_forest
SH-MC-11-2025060708,2025-06-07 08:00:00,LINE-D,MC-11,PRD-D,4,34600.0,3460.0,0,,0.08028788211687178,0,random_forest
SH-MC-11-2025060716,2025-06-07 16:00:00,LINE-D,MC-11,PRD-D,4,34600.0,3460.0,0,,0.1192472172414861,0,random_forest
SH-MC-11-2025060800,2025-06-08 00:00:00,LINE-D,MC-11,PRD-A,4,34600.0,3460.0,0,,0.18384244376397627,1,random_forest
SH-MC-11-2025060808,2025-06-08 08:00:00,LINE-D,MC-11,PRD-A,4,34600.0,3460.0,0,,0.14931562679837498,1,random_forest
SH-MC-11-2025060816,2025-06-08 16:00:00,LINE-D,MC-11,PRD-A,4,34600.0,3460.0,0,,0.21100369122658,1,random_forest
SH-MC-11-2025060900,2025-06-09 00:00:00,LINE-D,MC-11,PRD-A,4,34600.0,3460.0,0,,0.21991631879696583,1,random_forest
SH-MC-11-2025060908,2025-06-09 08:00:00,LINE-D,MC-11,PRD-A,4,34600.0,3460.0,0,,0.2647025970820666,1,random_forest
SH-MC-11-2025060916,2025-06-09 16:00:00,LINE-D,MC-11,PRD-A,4,34600.0,3460.0,0,,0.23898094303605089,1,random_forest
SH-MC-11-2025061000,2025-06-10 00:00:00,LINE-D,MC-11,PRD-B,4,34600.0,3460.0,0,,0.2513278925225208,1,random_forest
SH-MC-11-2025061008,2025-06-10 08:00:00,LINE-D,MC-11,PRD-B,4,34600.0,3460.0,0,,0.24884124663390592,1,random_forest
SH-MC-11-2025061016,2025-06-10 16:00:00,LINE-D,MC-11,PRD-B,4,34600.0,3460.0,0,,0.2769758143434796,1,random_forest
SH-MC-11-2025061100,2025-06-11 00:00:00,LINE-D,MC-11,PRD-B,4,34600.0,3460.0,0,,0.3263280403198165,1,random_forest
SH-MC-11-2025061108,2025-06-11 08:00:00,LINE-D,MC-11,PRD-B,4,34600.0,3460.0,0,,0.2658788990952473,1,random_forest
SH-MC-11-2025061116,2025-06-11 16:00:00,LINE-D,MC-11,PRD-B,4,34600.0,3460.0,0,,0.34354111385092645,1,random_forest
SH-MC-11-2025061200,2025-06-12 00:00:00,LINE-D,MC-11,PRD-C,4,34600.0,3460.0,0,,0.48873542123450675,1,random_forest
SH-MC-11-2025061208,2025-06-12 08:00:00,LINE-D,MC-11,PRD-C,4,34600.0,3460.0,1,24.0,0.3501429265268236,1,random_forest
SH-MC-11-2025061216,2025-06-12 16:00:00,LINE-D,MC-11,PRD-C,4,34600.0,3460.0,1,16.0,0.39683648751645056,1,random_forest
SH-MC-11-2025061300,2025-06-13 00:00:00,LINE-D,MC-11,PRD-C,4,34600.0,3460.0,1,8.0,0.5326927424035981,1,random_forest
SH-MC-11-2025061308,2025-06-13 08:00:00,LINE-D,MC-11,PRD-C,4,34600.0,3460.0,0,,0.5985778558225778,1,random_forest
SH-MC-11-2025061316,2025-06-13 16:00:00,LINE-D,MC-11,PRD-C,4,34600.0,3460.0,0,,0.047133052951399454,0,random_forest
SH-MC-11-2025061400,2025-06-14 00:00:00,LINE-D,MC-11,PRD-D,4,34600.0,3460.0,1,24.0,0.05097569810871051,0,random_forest
SH-MC-11-2025061408,2025-06-14 08:00:00,LINE-D,MC-11,PRD-D,4,34600.0,3460.0,1,16.0,0.05112907297207586,0,random_forest
SH-MC-11-2025061416,2025-06-14 16:00:00,LINE-D,MC-11,PRD-D,4,34600.0,3460.0,1,8.0,0.059787579344375584,0,random_forest
SH-MC-11-2025061500,2025-06-15 00:00:00,LINE-D,MC-11,PRD-D,4,34600.0,3460.0,0,,0.06441422170543308,0,random_forest
SH-MC-11-2025061508,2025-06-15 08:00:00,LINE-D,MC-11,PRD-D,4,34600.0,3460.0,0,,0.04029791383520949,0,random_forest
SH-MC-11-2025061516,2025-06-15 16:00:00,LINE-D,MC-11,PRD-D,4,34600.0,3460.0,0,,0.046061466478111615,0,random_forest
SH-MC-11-2025061600,2025-06-16 00:00:00,LINE-D,MC-11,PRD-A,4,34600.0,3460.0,0,,0.05103373266691863,0,random_forest
SH-MC-11-2025061608,2025-06-16 08:00:00,LINE-D,MC-11,PRD-A,4,34600.0,3460.0,0,,0.07131759406634831,0,random_forest
SH-MC-11-2025061616,2025-06-16 16:00:00,LINE-D,MC-11,PRD-A,4,34600.0,3460.0,0,,0.05856386174543045,0,random_forest
SH-MC-11-2025061700,2025-06-17 00:00:00,LINE-D,MC-11,PRD-A,4,34600.0,3460.0,0,,0.05782403568180773,0,random_forest
SH-MC-11-2025061708,2025-06-17 08:00:00,LINE-D,MC-11,PRD-A,4,34600.0,3460.0,0,,0.05831107139962875,0,random_forest
SH-MC-11-2025061716,2025-06-17 16:00:00,LINE-D,MC-11,PRD-A,4,34600.0,3460.0,0,,0.053139586072006174,0,random_forest
SH-MC-11-2025061800,2025-06-18 00:00:00,LINE-D,MC-11,PRD-B,4,34600.0,3460.0,0,,0.04918644578375013,0,random_forest
SH-MC-11-2025061808,2025-06-18 08:00:00,LINE-D,MC-11,PRD-B,4,34600.0,3460.0,0,,0.06711006576762855,0,random_forest
SH-MC-11-2025061816,2025-06-18 16:00:00,LINE-D,MC-11,PRD-B,4,34600.0,3460.0,0,,0.07005189100198811,0,random_forest
SH-MC-11-2025061900,2025-06-19 00:00:00,LINE-D,MC-11,PRD-B,4,34600.0,3460.0,0,,0.057419905478860396,0,random_forest
SH-MC-11-2025061908,2025-06-19 08:00:00,LINE-D,MC-11,PRD-B,4,34600.0,3460.0,0,,0.0805938316610927,0,random_forest
SH-MC-11-2025061916,2025-06-19 16:00:00,LINE-D,MC-11,PRD-B,4,34600.0,3460.0,0,,0.1573617844687438,1,random_forest
SH-MC-11-2025062000,2025-06-20 00:00:00,LINE-D,MC-11,PRD-C,4,34600.0,3460.0,0,,0.12096624176955377,0,random_forest
SH-MC-11-2025062008,2025-06-20 08:00:00,LINE-D,MC-11,PRD-C,4,34600.0,3460.0,0,,0.12643964386312906,0,random_forest
SH-MC-11-2025062016,2025-06-20 16:00:00,LINE-D,MC-11,PRD-C,4,34600.0,3460.0,0,,0.21055485558894577,1,random_forest
SH-MC-11-2025062100,2025-06-21 00:00:00,LINE-D,MC-11,PRD-C,4,34600.0,3460.0,0,,0.16061222964284036,1,random_forest
SH-MC-11-2025062108,2025-06-21 08:00:00,LINE-D,MC-11,PRD-C,4,34600.0,3460.0,0,,0.22575586991785368,1,random_forest
SH-MC-11-2025062116,2025-06-21 16:00:00,LINE-D,MC-11,PRD-C,4,34600.0,3460.0,0,,0.21529138609975368,1,random_forest
SH-MC-11-2025062200,2025-06-22 00:00:00,LINE-D,MC-11,PRD-D,4,34600.0,3460.0,1,24.0,0.22498343631458165,1,random_forest
SH-MC-11-2025062208,2025-06-22 08:00:00,LINE-D,MC-11,PRD-D,4,34600.0,3460.0,1,16.0,0.21445180209533934,1,random_forest
SH-MC-11-2025062216,2025-06-22 16:00:00,LINE-D,MC-11,PRD-D,4,34600.0,3460.0,1,8.0,0.26144251466222235,1,random_forest
SH-MC-11-2025062300,2025-06-23 00:00:00,LINE-D,MC-11,PRD-D,4,34600.0,3460.0,0,,0.35581728225874876,1,random_forest
SH-MC-11-2025062308,2025-06-23 08:00:00,LINE-D,MC-11,PRD-D,4,34600.0,3460.0,0,,0.04700350925684344,0,random_forest
SH-MC-11-2025062316,2025-06-23 16:00:00,LINE-D,MC-11,PRD-D,4,34600.0,3460.0,0,,0.05748530031189138,0,random_forest
SH-MC-11-2025062400,2025-06-24 00:00:00,LINE-D,MC-11,PRD-A,4,34600.0,3460.0,0,,0.06800663741538461,0,random_forest
SH-MC-11-2025062408,2025-06-24 08:00:00,LINE-D,MC-11,PRD-A,4,34600.0,3460.0,0,,0.05663871120011764,0,random_forest
SH-MC-11-2025062416,2025-06-24 16:00:00,LINE-D,MC-11,PRD-A,4,34600.0,3460.0,0,,0.05546016065872167,0,random_forest
SH-MC-11-2025062500,2025-06-25 00:00:00,LINE-D,MC-11,PRD-A,4,34600.0,3460.0,0,,0.06877984396899298,0,random_forest
SH-MC-11-2025062508,2025-06-25 08:00:00,LINE-D,MC-11,PRD-A,4,34600.0,3460.0,0,,0.06349704887400388,0,random_forest
SH-MC-11-2025062516,2025-06-25 16:00:00,LINE-D,MC-11,PRD-A,4,34600.0,3460.0,0,,0.08320301902937349,0,random_forest
SH-MC-11-2025062600,2025-06-26 00:00:00,LINE-D,MC-11,PRD-B,4,34600.0,3460.0,0,,0.09036130347893764,0,random_forest
SH-MC-11-2025062608,2025-06-26 08:00:00,LINE-D,MC-11,PRD-B,4,34600.0,3460.0,0,,0.09942866711201018,0,random_forest
SH-MC-11-2025062616,2025-06-26 16:00:00,LINE-D,MC-11,PRD-B,4,34600.0,3460.0,0,,0.1738955904658293,1,random_forest
SH-MC-11-2025062700,2025-06-27 00:00:00,LINE-D,MC-11,PRD-B,4,34600.0,3460.0,0,,0.14869248978830066,1,random_forest
SH-MC-11-2025062708,2025-06-27 08:00:00,LINE-D,MC-11,PRD-B,4,34600.0,3460.0,0,,0.24089721404955797,1,random_forest
SH-MC-11-2025062716,2025-06-27 16:00:00,LINE-D,MC-11,PRD-B,4,34600.0,3460.0,0,,0.2520029598089826,1,random_forest
SH-MC-11-2025062800,2025-06-28 00:00:00,LINE-D,MC-11,PRD-C,4,34600.0,3460.0,1,24.0,0.230449516727129,1,random_forest
SH-MC-11-2025062808,2025-06-28 08:00:00,LINE-D,MC-11,PRD-C,4,34600.0,3460.0,1,16.0,0.22339929470268022,1,random_forest
SH-MC-11-2025062816,2025-06-28 16:00:00,LINE-D,MC-11,PRD-C,4,34600.0,3460.0,1,8.0,0.24801660625541475,1,random_forest
SH-MC-11-2025062900,2025-06-29 00:00:00,LINE-D,MC-11,PRD-C,4,34600.0,3460.0,0,,0.2195188378738402,1,random_forest
SH-MC-11-2025062908,2025-06-29 08:00:00,LINE-D,MC-11,PRD-C,4,34600.0,3460.0,0,,0.04682345854741515,0,random_forest
SH-MC-11-2025062916,2025-06-29 16:00:00,LINE-D,MC-11,PRD-C,4,34600.0,3460.0,0,,0.04162540371873109,0,random_forest
SH-MC-12-2025030100,2025-03-01 00:00:00,LINE-D,MC-12,PRD-D,5,40100.0,4060.0,0,,0.13753889997054272,0,random_forest
SH-MC-12-2025030108,2025-03-01 08:00:00,LINE-D,MC-12,PRD-D,5,40100.0,4060.0,0,,0.1495861591187749,1,random_forest
SH-MC-12-2025030116,2025-03-01 16:00:00,LINE-D,MC-12,PRD-D,5,40100.0,4060.0,0,,0.16859008232579423,1,random_forest
SH-MC-12-2025030200,2025-03-02 00:00:00,LINE-D,MC-12,PRD-A,5,40100.0,4060.0,1,24.0,0.19178325808913424,1,random_forest
SH-MC-12-2025030208,2025-03-02 08:00:00,LINE-D,MC-12,PRD-A,5,40100.0,4060.0,1,16.0,0.23322669034180216,1,random_forest
SH-MC-12-2025030216,2025-03-02 16:00:00,LINE-D,MC-12,PRD-A,5,40100.0,4060.0,1,8.0,0.28859702789487407,1,random_forest
SH-MC-12-2025030300,2025-03-03 00:00:00,LINE-D,MC-12,PRD-A,5,40100.0,4060.0,0,,0.21625437103730102,1,random_forest
SH-MC-12-2025030308,2025-03-03 08:00:00,LINE-D,MC-12,PRD-A,5,40100.0,4060.0,0,,0.058199468623957036,0,random_forest
SH-MC-12-2025030316,2025-03-03 16:00:00,LINE-D,MC-12,PRD-A,5,40100.0,4060.0,0,,0.06040445613994728,0,random_forest
SH-MC-12-2025030400,2025-03-04 00:00:00,LINE-D,MC-12,PRD-B,5,40100.0,4060.0,0,,0.049899546802269656,0,random_forest
SH-MC-12-2025030408,2025-03-04 08:00:00,LINE-D,MC-12,PRD-B,5,40100.0,4060.0,0,,0.05622520326133103,0,random_forest
SH-MC-12-2025030416,2025-03-04 16:00:00,LINE-D,MC-12,PRD-B,5,40100.0,4060.0,0,,0.06946425917080923,0,random_forest
SH-MC-12-2025030500,2025-03-05 00:00:00,LINE-D,MC-12,PRD-B,5,40100.0,4060.0,0,,0.09638119576915553,0,random_forest
SH-MC-12-2025030508,2025-03-05 08:00:00,LINE-D,MC-12,PRD-B,5,40100.0,4060.0,0,,0.11090029486595795,0,random_forest
SH-MC-12-2025030516,2025-03-05 16:00:00,LINE-D,MC-12,PRD-B,5,40100.0,4060.0,1,24.0,0.15978007285333384,1,random_forest
SH-MC-12-2025030600,2025-03-06 00:00:00,LINE-D,MC-12,PRD-C,5,40100.0,4060.0,1,16.0,0.17605604991140691,1,random_forest
SH-MC-12-2025030608,2025-03-06 08:00:00,LINE-D,MC-12,PRD-C,5,40100.0,4060.0,1,8.0,0.1483154119238227,1,random_forest
SH-MC-12-2025030616,2025-03-06 16:00:00,LINE-D,MC-12,PRD-C,5,40100.0,4060.0,1,8.0,0.1716228277725789,1,random_forest
SH-MC-12-2025030700,2025-03-07 00:00:00,LINE-D,MC-12,PRD-C,5,40100.0,4060.0,0,,0.05103481880785521,0,random_forest
SH-MC-12-2025030708,2025-03-07 08:00:00,LINE-D,MC-12,PRD-C,5,40100.0,4060.0,0,,0.0505028596278269,0,random_forest
SH-MC-12-2025030716,2025-03-07 16:00:00,LINE-D,MC-12,PRD-C,5,40100.0,4060.0,0,,0.052998416483910536,0,random_forest
SH-MC-12-2025030800,2025-03-08 00:00:00,LINE-D,MC-12,PRD-D,5,40100.0,4060.0,0,,0.048442781313013855,0,random_forest
SH-MC-12-2025030808,2025-03-08 08:00:00,LINE-D,MC-12,PRD-D,5,40100.0,4060.0,0,,0.058743942610880874,0,random_forest
SH-MC-12-2025030816,2025-03-08 16:00:00,LINE-D,MC-12,PRD-D,5,40100.0,4060.0,0,,0.048078233015935785,0,random_forest
SH-MC-12-2025030900,2025-03-09 00:00:00,LINE-D,MC-12,PRD-D,5,40100.0,4060.0,0,,0.048656791634099666,0,random_forest
SH-MC-12-2025030908,2025-03-09 08:00:00,LINE-D,MC-12,PRD-D,5,40100.0,4060.0,0,,0.04910159027897314,0,random_forest
SH-MC-12-2025030916,2025-03-09 16:00:00,LINE-D,MC-12,PRD-D,5,40100.0,4060.0,0,,0.04851881137561586,0,random_forest
SH-MC-12-2025031000,2025-03-10 00:00:00,LINE-D,MC-12,PRD-A,5,40100.0,4060.0,0,,0.05782274990937896,0,random_forest
SH-MC-12-2025031008,2025-03-10 08:00:00,LINE-D,MC-12,PRD-A,5,40100.0,4060.0,0,,0.08040296480366992,0,random_forest
SH-MC-12-2025031016,2025-03-10 16:00:00,LINE-D,MC-12,PRD-A,5,40100.0,4060.0,0,,0.07170671700872189,0,random_forest
SH-MC-12-2025031100,2025-03-11 00:00:00,LINE-D,MC-12,PRD-A,5,40100.0,4060.0,0,,0.08050727755629147,0,random_forest
SH-MC-12-2025031108,2025-03-11 08:00:00,LINE-D,MC-12,PRD-A,5,40100.0,4060.0,0,,0.0892791238649527,0,random_forest
SH-MC-12-2025031116,2025-03-11 16:00:00,LINE-D,MC-12,PRD-A,5,40100.0,4060.0,0,,0.0930060008064864,0,random_forest
SH-MC-12-2025031200,2025-03-12 00:00:00,LINE-D,MC-12,PRD-B,5,40100.0,4060.0,0,,0.10592158131778463,0,random_forest
SH-MC-12-2025031208,2025-03-12 08:00:00,LINE-D,MC-12,PRD-B,5,40100.0,4060.0,0,,0.12960804033403367,0,random_forest
SH-MC-12-2025031216,2025-03-12 16:00:00,LINE-D,MC-12,PRD-B,5,40100.0,4060.0,0,,0.15958605950448804,1,random_forest
SH-MC-12-2025031300,2025-03-13 00:00:00,LINE-D,MC-12,PRD-B,5,40100.0,4060.0,0,,0.1796314415722266,1,random_forest
SH-MC-12-2025031308,2025-03-13 08:00:00,LINE-D,MC-12,PRD-B,5,40100.0,4060.0,0,,0.16952744228064237,1,random_forest
SH-MC-12-2025031316,2025-03-13 16:00:00,LINE-D,MC-12,PRD-B,5,40100.0,4060.0,0,,0.1864102337227117,1,random_forest
SH-MC-12-2025031400,2025-03-14 00:00:00,LINE-D,MC-12,PRD-C,5,40100.0,4060.0,0,,0.1538176085141641,1,random_forest
SH-MC-12-2025031408,2025-03-14 08:00:00,LINE-D,MC-12,PRD-C,5,40100.0,4060.0,0,,0.21213584836613722,1,random_forest
SH-MC-12-2025031416,2025-03-14 16:00:00,LINE-D,MC-12,PRD-C,5,40100.0,4060.0,1,24.0,0.20784009282937613,1,random_forest
SH-MC-12-2025031500,2025-03-15 00:00:00,LINE-D,MC-12,PRD-C,5,40100.0,4060.0,1,16.0,0.2824156707959788,1,random_forest
SH-MC-12-2025031508,2025-03-15 08:00:00,LINE-D,MC-12,PRD-C,5,40100.0,4060.0,1,8.0,0.31365527848754665,1,random_forest
SH-MC-12-2025031516,2025-03-15 16:00:00,LINE-D,MC-12,PRD-C,5,40100.0,4060.0,0,,0.2840512192374987,1,random_forest
SH-MC-12-2025031600,2025-03-16 00:00:00,LINE-D,MC-12,PRD-D,5,40100.0,4060.0,0,,0.06267415510635328,0,random_forest
SH-MC-12-2025031608,2025-03-16 08:00:00,LINE-D,MC-12,PRD-D,5,40100.0,4060.0,0,,0.0713691739498387,0,random_forest
SH-MC-12-2025031616,2025-03-16 16:00:00,LINE-D,MC-12,PRD-D,5,40100.0,4060.0,0,,0.08442257608964072,0,random_forest
SH-MC-12-2025031700,2025-03-17 00:00:00,LINE-D,MC-12,PRD-D,5,40100.0,4060.0,0,,0.05790679855896345,0,random_forest
SH-MC-12-2025031708,2025-03-17 08:00:00,LINE-D,MC-12,PRD-D,5,40100.0,4060.0,0,,0.07723480579832365,0,random_forest
SH-MC-12-2025031716,2025-03-17 16:00:00,LINE-D,MC-12,PRD-D,5,40100.0,4060.0,1,24.0,0.09377486866622355,0,random_forest
SH-MC-12-2025031800,2025-03-18 00:00:00,LINE-D,MC-12,PRD-A,5,40100.0,4060.0,1,16.0,0.13110902045144096,0,random_forest
SH-MC-12-2025031808,2025-03-18 08:00:00,LINE-D,MC-12,PRD-A,5,40100.0,4060.0,1,8.0,0.13873705990897298,0,random_forest
SH-MC-12-2025031816,2025-03-18 16:00:00,LINE-D,MC-12,PRD-A,5,40100.0,4060.0,0,,0.10017350261818506,0,random_forest
SH-MC-12-2025031900,2025-03-19 00:00:00,LINE-D,MC-12,PRD-A,5,40100.0,4060.0,0,,0.045888104010902306,0,random_forest
SH-MC-12-2025031908,2025-03-19 08:00:00,LINE-D,MC-12,PRD-A,5,40100.0,4060.0,0,,0.05247853130977263,0,random_forest
SH-MC-12-2025031916,2025-03-19 16:00:00,LINE-D,MC-12,PRD-A,5,40100.0,4060.0,0,,0.052770289715808445,0,random_forest
SH-MC-12-2025032000,2025-03-20 00:00:00,LINE-D,MC-12,PRD-B,5,40100.0,4060.0,0,,0.06783956587461934,0,random_forest
SH-MC-12-2025032008,2025-03-20 08:00:00,LINE-D,MC-12,PRD-B,5,40100.0,4060.0,0,,0.06964699400583185,0,random_forest
SH-MC-12-2025032016,2025-03-20 16:00:00,LINE-D,MC-12,PRD-B,5,40100.0,4060.0,0,,0.07382734996549485,0,random_forest
SH-MC-12-2025032100,2025-03-21 00:00:00,LINE-D,MC-12,PRD-B,5,40100.0,4060.0,0,,0.06953912145780997,0,random_forest
SH-MC-12-2025032108,2025-03-21 08:00:00,LINE-D,MC-12,PRD-B,5,40100.0,4060.0,0,,0.0737980275331528,0,random_forest
SH-MC-12-2025032116,2025-03-21 16:00:00,LINE-D,MC-12,PRD-B,5,40100.0,4060.0,0,,0.07471734452310497,0,random_forest
SH-MC-12-2025032200,2025-03-22 00:00:00,LINE-D,MC-12,PRD-C,5,40100.0,4060.0,0,,0.0784316875370552,0,random_forest
SH-MC-12-2025032208,2025-03-22 08:00:00,LINE-D,MC-12,PRD-C,5,40100.0,4060.0,0,,0.09988680288233265,0,random_forest
SH-MC-12-2025032216,2025-03-22 16:00:00,LINE-D,MC-12,PRD-C,5,40100.0,4060.0,0,,0.11900084623785265,0,random_forest
SH-MC-12-2025032300,2025-03-23 00:00:00,LINE-D,MC-12,PRD-C,5,40100.0,4060.0,0,,0.12478749945634071,0,random_forest
SH-MC-12-2025032308,2025-03-23 08:00:00,LINE-D,MC-12,PRD-C,5,40100.0,4060.0,0,,0.13080995897505443,0,random_forest
SH-MC-12-2025032316,2025-03-23 16:00:00,LINE-D,MC-12,PRD-C,5,40100.0,4060.0,0,,0.1105077427055841,0,random_forest
SH-MC-12-2025032400,2025-03-24 00:00:00,LINE-D,MC-12,PRD-D,5,40100.0,4060.0,0,,0.10575849559318874,0,random_forest
SH-MC-12-2025032408,2025-03-24 08:00:00,LINE-D,MC-12,PRD-D,5,40100.0,4060.0,0,,0.15106923924423024,1,random_forest
SH-MC-12-2025032416,2025-03-24 16:00:00,LINE-D,MC-12,PRD-D,5,40100.0,4060.0,0,,0.16079690520349052,1,random_forest
SH-MC-12-2025032500,2025-03-25 00:00:00,LINE-D,MC-12,PRD-D,5,40100.0,4060.0,0,,0.18260174547840255,1,random_forest
SH-MC-12-2025032508,2025-03-25 08:00:00,LINE-D,MC-12,PRD-D,5,40100.0,4060.0,0,,0.18198410023056047,1,random_forest
SH-MC-12-2025032516,2025-03-25 16:00:00,LINE-D,MC-12,PRD-D,5,40100.0,4060.0,0,,0.20103346787998394,1,random_forest
SH-MC-12-2025032600,2025-03-26 00:00:00,LINE-D,MC-12,PRD-A,5,40100.0,4060.0,0,,0.29159322353786604,1,random_forest
SH-MC-12-2025032608,2025-03-26 08:00:00,LINE-D,MC-12,PRD-A,5,40100.0,4060.0,0,,0.30132689683740155,1,random_forest
SH-MC-12-2025032616,2025-03-26 16:00:00,LINE-D,MC-12,PRD-A,5,40100.0,4060.0,1,24.0,0.2757263132817756,1,random_forest
SH-MC-12-2025032700,2025-03-27 00:00:00,LINE-D,MC-12,PRD-A,5,40100.0,4060.0,1,16.0,0.3999989987142565,1,random_forest
SH-MC-12-2025032708,2025-03-27 08:00:00,LINE-D,MC-12,PRD-A,5,40100.0,4060.0,1,8.0,0.38275820243709907,1,random_forest
SH-MC-12-2025032716,2025-03-27 16:00:00,LINE-D,MC-12,PRD-A,5,40100.0,4060.0,0,,0.42562063097427755,1,random_forest
SH-MC-12-2025032800,2025-03-28 00:00:00,LINE-D,MC-12,PRD-B,5,40100.0,4060.0,0,,0.05993455166847072,0,random_forest
SH-MC-12-2025032808,2025-03-28 08:00:00,LINE-D,MC-12,PRD-B,5,40100.0,4060.0,0,,0.08074697587787952,0,random_forest
SH-MC-12-2025032816,2025-03-28 16:00:00,LINE-D,MC-12,PRD-B,5,40100.0,4060.0,0,,0.09035534439058773,0,random_forest
SH-MC-12-2025032900,2025-03-29 00:00:00,LINE-D,MC-12,PRD-B,5,40100.0,4060.0,0,,0.0967042377907114,0,random_forest
SH-MC-12-2025032908,2025-03-29 08:00:00,LINE-D,MC-12,PRD-B,5,40100.0,4060.0,0,,0.12014218133582553,0,random_forest
SH-MC-12-2025032916,2025-03-29 16:00:00,LINE-D,MC-12,PRD-B,5,40100.0,4060.0,0,,0.10989847298479649,0,random_forest
SH-MC-12-2025033000,2025-03-30 00:00:00,LINE-D,MC-12,PRD-C,5,40100.0,4060.0,0,,0.12459170599198918,0,random_forest
SH-MC-12-2025033008,2025-03-30 08:00:00,LINE-D,MC-12,PRD-C,5,40100.0,4060.0,0,,0.13976992860573562,0,random_forest
SH-MC-12-2025033016,2025-03-30 16:00:00,LINE-D,MC-12,PRD-C,5,40100.0,4060.0,0,,0.12480203962977227,0,random_forest
SH-MC-12-2025033100,2025-03-31 00:00:00,LINE-D,MC-12,PRD-C,5,40100.0,4060.0,0,,0.122924335034597,0,random_forest
SH-MC-12-2025033108,2025-03-31 08:00:00,LINE-D,MC-12,PRD-C,5,40100.0,4060.0,0,,0.15374179554511358,1,random_forest
SH-MC-12-2025033116,2025-03-31 16:00:00,LINE-D,MC-12,PRD-C,5,40100.0,4060.0,0,,0.15365509771618374,1,random_forest
SH-MC-12-2025040100,2025-04-01 00:00:00,LINE-D,MC-12,PRD-D,5,40100.0,4060.0,0,,0.15436687925610867,1,random_forest
SH-MC-12-2025040108,2025-04-01 08:00:00,LINE-D,MC-12,PRD-D,5,40100.0,4060.0,0,,0.19675308594936486,1,random_forest
SH-MC-12-2025040116,2025-04-01 16:00:00,LINE-D,MC-12,PRD-D,5,40100.0,4060.0,0,,0.2574642027583346,1,random_forest
SH-MC-12-2025040200,2025-04-02 00:00:00,LINE-D,MC-12,PRD-D,5,40100.0,4060.0,0,,0.249012868803204,1,random_forest
SH-MC-12-2025040208,2025-04-02 08:00:00,LINE-D,MC-12,PRD-D,5,40100.0,4060.0,0,,0.30165698995923174,1,random_forest
SH-MC-12-2025040216,2025-04-02 16:00:00,LINE-D,MC-12,PRD-D,5,40100.0,4060.0,0,,0.30695719611430033,1,random_forest
SH-MC-12-2025040300,2025-04-03 00:00:00,LINE-D,MC-12,PRD-A,5,40100.0,4060.0,0,,0.38353134828127894,1,random_forest
SH-MC-12-2025040308,2025-04-03 08:00:00,LINE-D,MC-12,PRD-A,5,40100.0,4060.0,0,,0.4309190465530489,1,random_forest
SH-MC-12-2025040316,2025-04-03 16:00:00,LINE-D,MC-12,PRD-A,5,40100.0,4060.0,0,,0.4636176293065393,1,random_forest
SH-MC-12-2025040400,2025-04-04 00:00:00,LINE-D,MC-12,PRD-A,5,40100.0,4060.0,0,,0.3846293677630842,1,random_forest
SH-MC-12-2025040408,2025-04-04 08:00:00,LINE-D,MC-12,PRD-A,5,40100.0,4060.0,0,,0.4472968212998925,1,random_forest
SH-MC-12-2025040416,2025-04-04 16:00:00,LINE-D,MC-12,PRD-A,5,40100.0,4060.0,0,,0.39608507662841624,1,random_forest
SH-MC-12-2025040500,2025-04-05 00:00:00,LINE-D,MC-12,PRD-B,5,40100.0,4060.0,0,,0.4867672907482606,1,random_forest
SH-MC-12-2025040508,2025-04-05 08:00:00,LINE-D,MC-12,PRD-B,5,40100.0,4060.0,0,,0.505931886951291,1,random_forest
SH-MC-12-2025040516,2025-04-05 16:00:00,LINE-D,MC-12,PRD-B,5,40100.0,4060.0,0,,0.5847767816533808,1,random_forest
SH-MC-12-2025040600,2025-04-06 00:00:00,LINE-D,MC-12,PRD-B,5,40100.0,4060.0,1,24.0,0.4944878259171451,1,random_forest
SH-MC-12-2025040608,2025-04-06 08:00:00,LINE-D,MC-12,PRD-B,5,40100.0,4060.0,1,16.0,0.5792564924563733,1,random_forest
SH-MC-12-2025040616,2025-04-06 16:00:00,LINE-D,MC-12,PRD-B,5,40100.0,4060.0,1,8.0,0.36562384291492267,1,random_forest
SH-MC-12-2025040700,2025-04-07 00:00:00,LINE-D,MC-12,PRD-C,5,40100.0,4060.0,0,,0.5075150261065093,1,random_forest
SH-MC-12-2025040708,2025-04-07 08:00:00,LINE-D,MC-12,PRD-C,5,40100.0,4060.0,0,,0.0783697574847304,0,random_forest
SH-MC-12-2025040716,2025-04-07 16:00:00,LINE-D,MC-12,PRD-C,5,40100.0,4060.0,0,,0.09512719764126673,0,random_forest
SH-MC-12-2025040800,2025-04-08 00:00:00,LINE-D,MC-12,PRD-C,5,40100.0,4060.0,0,,0.1272843033744911,0,random_forest
SH-MC-12-2025040808,2025-04-08 08:00:00,LINE-D,MC-12,PRD-C,5,40100.0,4060.0,0,,0.09574629179463327,0,random_forest
SH-MC-12-2025040816,2025-04-08 16:00:00,LINE-D,MC-12,PRD-C,5,40100.0,4060.0,0,,0.123075277555039,0,random_forest
SH-MC-12-2025040900,2025-04-09 00:00:00,LINE-D,MC-12,PRD-D,5,40100.0,4060.0,0,,0.11261002467935796,0,random_forest
SH-MC-12-2025040908,2025-04-09 08:00:00,LINE-D,MC-12,PRD-D,5,40100.0,4060.0,0,,0.1388279830716851,0,random_forest
SH-MC-12-2025040916,2025-04-09 16:00:00,LINE-D,MC-12,PRD-D,5,40100.0,4060.0,0,,0.1884030219221888,1,random_forest
SH-MC-12-2025041000,2025-04-10 00:00:00,LINE-D,MC-12,PRD-D,5,40100.0,4060.0,0,,0.12915816999658664,0,random_forest
SH-MC-12-2025041008,2025-04-10 08:00:00,LINE-D,MC-12,PRD-D,5,40100.0,4060.0,1,24.0,0.17184897390440815,1,random_forest
SH-MC-12-2025041016,2025-04-10 16:00:00,LINE-D,MC-12,PRD-D,5,40100.0,4060.0,1,16.0,0.22172958853660307,1,random_forest
SH-MC-12-2025041100,2025-04-11 00:00:00,LINE-D,MC-12,PRD-A,5,40100.0,4060.0,1,8.0,0.19571012909105134,1,random_forest
SH-MC-12-2025041108,2025-04-11 08:00:00,LINE-D,MC-12,PRD-A,5,40100.0,4060.0,0,,0.23417296128492932,1,random_forest
SH-MC-12-2025041116,2025-04-11 16:00:00,LINE-D,MC-12,PRD-A,5,40100.0,4060.0,0,,0.05924288571493771,0,random_forest
SH-MC-12-2025041200,2025-04-12 00:00:00,LINE-D,MC-12,PRD-A,5,40100.0,4060.0,0,,0.06562621654260725,0,random_forest
SH-MC-12-2025041208,2025-04-12 08:00:00,LINE-D,MC-12,PRD-A,5,40100.0,4060.0,0,,0.052722100978142894,0,random_forest
SH-MC-12-2025041216,2025-04-12 16:00:00,LINE-D,MC-12,PRD-A,5,40100.0,4060.0,0,,0.07187316910645764,0,random_forest
SH-MC-12-2025041300,2025-04-13 00:00:00,LINE-D,MC-12,PRD-B,5,40100.0,4060.0,0,,0.06790078092383685,0,random_forest
SH-MC-12-2025041308,2025-04-13 08:00:00,LINE-D,MC-12,PRD-B,5,40100.0,4060.0,0,,0.06385317892510685,0,random_forest
SH-MC-12-2025041316,2025-04-13 16:00:00,LINE-D,MC-12,PRD-B,5,40100.0,4060.0,0,,0.06867234518324494,0,random_forest
SH-MC-12-2025041400,2025-04-14 00:00:00,LINE-D,MC-12,PRD-B,5,40100.0,4060.0,1,24.0,0.06409689958644865,0,random_forest
SH-MC-12-2025041408,2025-04-14 08:00:00,LINE-D,MC-12,PRD-B,5,40100.0,4060.0,1,16.0,0.12440747074929404,0,random_forest
SH-MC-12-2025041416,2025-04-14 16:00:00,LINE-D,MC-12,PRD-B,5,40100.0,4060.0,1,8.0,0.1040579160344289,0,random_forest
SH-MC-12-2025041500,2025-04-15 00:00:00,LINE-D,MC-12,PRD-C,5,40100.0,4060.0,0,,0.1292826815832688,0,random_forest
SH-MC-12-2025041508,2025-04-15 08:00:00,LINE-D,MC-12,PRD-C,5,40100.0,4060.0,0,,0.04789216082540819,0,random_forest
SH-MC-12-2025041516,2025-04-15 16:00:00,LINE-D,MC-12,PRD-C,5,40100.0,4060.0,0,,0.04648144240876466,0,random_forest
SH-MC-12-2025041600,2025-04-16 00:00:00,LINE-D,MC-12,PRD-C,5,40100.0,4060.0,0,,0.0560137437501089,0,random_forest
SH-MC-12-2025041608,2025-04-16 08:00:00,LINE-D,MC-12,PRD-C,5,40100.0,4060.0,0,,0.050110790103824195,0,random_forest
SH-MC-12-2025041616,2025-04-16 16:00:00,LINE-D,MC-12,PRD-C,5,40100.0,4060.0,0,,0.06407708627415944,0,random_forest
SH-MC-12-2025041700,2025-04-17 00:00:00,LINE-D,MC-12,PRD-D,5,40100.0,4060.0,0,,0.05326343197759012,0,random_forest
SH-MC-12-2025041708,2025-04-17 08:00:00,LINE-D,MC-12,PRD-D,5,40100.0,4060.0,0,,0.048789927473367224,0,random_forest
SH-MC-12-2025041716,2025-04-17 16:00:00,LINE-D,MC-12,PRD-D,5,40100.0,4060.0,0,,0.06788074469373002,0,random_forest
SH-MC-12-2025041800,2025-04-18 00:00:00,LINE-D,MC-12,PRD-D,5,40100.0,4060.0,0,,0.05777655719747588,0,random_forest
SH-MC-12-2025041808,2025-04-18 08:00:00,LINE-D,MC-12,PRD-D,5,40100.0,4060.0,0,,0.06310131168143678,0,random_forest
SH-MC-12-2025041816,2025-04-18 16:00:00,LINE-D,MC-12,PRD-D,5,40100.0,4060.0,0,,0.0940285753659012,0,random_forest
SH-MC-12-2025041900,2025-04-19 00:00:00,LINE-D,MC-12,PRD-A,5,40100.0,4060.0,0,,0.10933867202567915,0,random_forest
SH-MC-12-2025041908,2025-04-19 08:00:00,LINE-D,MC-12,PRD-A,5,40100.0,4060.0,0,,0.12501258299632653,0,random_forest
SH-MC-12-2025041916,2025-04-19 16:00:00,LINE-D,MC-12,PRD-A,5,40100.0,4060.0,0,,0.13264194986155853,0,random_forest
SH-MC-12-2025042000,2025-04-20 00:00:00,LINE-D,MC-12,PRD-A,5,40100.0,4060.0,0,,0.1491808906111487,1,random_forest
SH-MC-12-2025042008,2025-04-20 08:00:00,LINE-D,MC-12,PRD-A,5,40100.0,4060.0,0,,0.18058936392749242,1,random_forest
SH-MC-12-2025042016,2025-04-20 16:00:00,LINE-D,MC-12,PRD-A,5,40100.0,4060.0,0,,0.2413998894209325,1,random_forest
SH-MC-12-2025042100,2025-04-21 00:00:00,LINE-D,MC-12,PRD-B,5,40100.0,4060.0,0,,0.231670524132367,1,random_forest
SH-MC-12-2025042108,2025-04-21 08:00:00,LINE-D,MC-12,PRD-B,5,40100.0,4060.0,0,,0.24436046495542793,1,random_forest
SH-MC-12-2025042116,2025-04-21 16:00:00,LINE-D,MC-12,PRD-B,5,40100.0,4060.0,0,,0.24178547829232672,1,random_forest
SH-MC-12-2025042200,2025-04-22 00:00:00,LINE-D,MC-12,PRD-B,5,40100.0,4060.0,0,,0.2275383038379051,1,random_forest
SH-MC-12-2025042208,2025-04-22 08:00:00,LINE-D,MC-12,PRD-B,5,40100.0,4060.0,1,24.0,0.28160963865154304,1,random_forest
SH-MC-12-2025042216,2025-04-22 16:00:00,LINE-D,MC-12,PRD-B,5,40100.0,4060.0,1,16.0,0.35661225838219746,1,random_forest
SH-MC-12-2025042300,2025-04-23 00:00:00,LINE-D,MC-12,PRD-C,5,40100.0,4060.0,1,8.0,0.3223960358598986,1,random_forest
SH-MC-12-2025042308,2025-04-23 08:00:00,LINE-D,MC-12,PRD-C,5,40100.0,4060.0,1,16.0,0.4192119457002696,1,random_forest
SH-MC-12-2025042316,2025-04-23 16:00:00,LINE-D,MC-12,PRD-C,5,40100.0,4060.0,1,8.0,0.07153036138968404,0,random_forest
SH-MC-12-2025042400,2025-04-24 00:00:00,LINE-D,MC-12,PRD-C,5,40100.0,4060.0,0,,0.09043857618074311,0,random_forest
SH-MC-12-2025042408,2025-04-24 08:00:00,LINE-D,MC-12,PRD-C,5,40100.0,4060.0,0,,0.05195077453337846,0,random_forest
SH-MC-12-2025042416,2025-04-24 16:00:00,LINE-D,MC-12,PRD-C,5,40100.0,4060.0,0,,0.050879956255960555,0,random_forest
SH-MC-12-2025042500,2025-04-25 00:00:00,LINE-D,MC-12,PRD-D,5,40100.0,4060.0,0,,0.05244542995306737,0,random_forest
SH-MC-12-2025042508,2025-04-25 08:00:00,LINE-D,MC-12,PRD-D,5,40100.0,4060.0,0,,0.05350747658285764,0,random_forest
SH-MC-12-2025042516,2025-04-25 16:00:00,LINE-D,MC-12,PRD-D,5,40100.0,4060.0,0,,0.06934989435447782,0,random_forest
SH-MC-12-2025042600,2025-04-26 00:00:00,LINE-D,MC-12,PRD-D,5,40100.0,4060.0,0,,0.055503593470543185,0,random_forest
SH-MC-12-2025042608,2025-04-26 08:00:00,LINE-D,MC-12,PRD-D,5,40100.0,4060.0,0,,0.06893244100588992,0,random_forest
SH-MC-12-2025042616,2025-04-26 16:00:00,LINE-D,MC-12,PRD-D,5,40100.0,4060.0,1,24.0,0.06565113519040391,0,random_forest
SH-MC-12-2025042700,2025-04-27 00:00:00,LINE-D,MC-12,PRD-A,5,40100.0,4060.0,1,16.0,0.09195522918962466,0,random_forest
SH-MC-12-2025042708,2025-04-27 08:00:00,LINE-D,MC-12,PRD-A,5,40100.0,4060.0,1,8.0,0.08972785545704023,0,random_forest
SH-MC-12-2025042716,2025-04-27 16:00:00,LINE-D,MC-12,PRD-A,5,40100.0,4060.0,0,,0.08356227632064085,0,random_forest
SH-MC-12-2025042800,2025-04-28 00:00:00,LINE-D,MC-12,PRD-A,5,40100.0,4060.0,0,,0.051034670788508006,0,random_forest
SH-MC-12-2025042808,2025-04-28 08:00:00,LINE-D,MC-12,PRD-A,5,40100.0,4060.0,0,,0.049941152326872365,0,random_forest
SH-MC-12-2025042816,2025-04-28 16:00:00,LINE-D,MC-12,PRD-A,5,40100.0,4060.0,0,,0.05865784849072638,0,random_forest
SH-MC-12-2025042900,2025-04-29 00:00:00,LINE-D,MC-12,PRD-B,5,40100.0,4060.0,0,,0.0523197866457081,0,random_forest
SH-MC-12-2025042908,2025-04-29 08:00:00,LINE-D,MC-12,PRD-B,5,40100.0,4060.0,0,,0.05075025880072623,0,random_forest
SH-MC-12-2025042916,2025-04-29 16:00:00,LINE-D,MC-12,PRD-B,5,40100.0,4060.0,0,,0.0542908757931516,0,random_forest
SH-MC-12-2025043000,2025-04-30 00:00:00,LINE-D,MC-12,PRD-B,5,40100.0,4060.0,0,,0.06147241628981356,0,random_forest
SH-MC-12-2025043008,2025-04-30 08:00:00,LINE-D,MC-12,PRD-B,5,40100.0,4060.0,0,,0.05000937514508145,0,random_forest
SH-MC-12-2025043016,2025-04-30 16:00:00,LINE-D,MC-12,PRD-B,5,40100.0,4060.0,0,,0.07607399128676892,0,random_forest
SH-MC-12-2025050100,2025-05-01 00:00:00,LINE-D,MC-12,PRD-C,5,40100.0,4060.0,1,24.0,0.0958460187824994,0,random_forest
SH-MC-12-2025050108,2025-05-01 08:00:00,LINE-D,MC-12,PRD-C,5,40100.0,4060.0,1,16.0,0.1112995746494371,0,random_forest
SH-MC-12-2025050116,2025-05-01 16:00:00,LINE-D,MC-12,PRD-C,5,40100.0,4060.0,1,8.0,0.1125468051108352,0,random_forest
SH-MC-12-2025050200,2025-05-02 00:00:00,LINE-D,MC-12,PRD-C,5,40100.0,4060.0,0,,0.10792293140182012,0,random_forest
SH-MC-12-2025050208,2025-05-02 08:00:00,LINE-D,MC-12,PRD-C,5,40100.0,4060.0,0,,0.06235097080605428,0,random_forest
SH-MC-12-2025050216,2025-05-02 16:00:00,LINE-D,MC-12,PRD-C,5,40100.0,4060.0,0,,0.056599823614940994,0,random_forest
SH-MC-12-2025050300,2025-05-03 00:00:00,LINE-D,MC-12,PRD-D,5,40100.0,4060.0,0,,0.06739594929838938,0,random_forest
SH-MC-12-2025050308,2025-05-03 08:00:00,LINE-D,MC-12,PRD-D,5,40100.0,4060.0,1,24.0,0.06524215085913547,0,random_forest
SH-MC-12-2025050316,2025-05-03 16:00:00,LINE-D,MC-12,PRD-D,5,40100.0,4060.0,1,16.0,0.09384794567872616,0,random_forest
SH-MC-12-2025050400,2025-05-04 00:00:00,LINE-D,MC-12,PRD-D,5,40100.0,4060.0,1,8.0,0.06913471435719844,0,random_forest
SH-MC-12-2025050408,2025-05-04 08:00:00,LINE-D,MC-12,PRD-D,5,40100.0,4060.0,0,,0.08341096490699008,0,random_forest
SH-MC-12-2025050416,2025-05-04 16:00:00,LINE-D,MC-12,PRD-D,5,40100.0,4060.0,0,,0.044116206877066765,0,random_forest
SH-MC-12-2025050500,2025-05-05 00:00:00,LINE-D,MC-12,PRD-A,5,40100.0,4060.0,0,,0.06989450253512024,0,random_forest
SH-MC-12-2025050508,2025-05-05 08:00:00,LINE-D,MC-12,PRD-A,5,40100.0,4060.0,0,,0.0675178643041548,0,random_forest
SH-MC-12-2025050516,2025-05-05 16:00:00,LINE-D,MC-12,PRD-A,5,40100.0,4060.0,0,,0.0786393318570251,0,random_forest
SH-MC-12-2025050600,2025-05-06 00:00:00,LINE-D,MC-12,PRD-A,5,40100.0,4060.0,0,,0.09399222368119091,0,random_forest
SH-MC-12-2025050608,2025-05-06 08:00:00,LINE-D,MC-12,PRD-A,5,40100.0,4060.0,0,,0.07946971130298161,0,random_forest
SH-MC-12-2025050616,2025-05-06 16:00:00,LINE-D,MC-12,PRD-A,5,40100.0,4060.0,0,,0.09169629009195039,0,random_forest
SH-MC-12-2025050700,2025-05-07 00:00:00,LINE-D,MC-12,PRD-B,5,40100.0,4060.0,0,,0.07293133244004993,0,random_forest
SH-MC-12-2025050708,2025-05-07 08:00:00,LINE-D,MC-12,PRD-B,5,40100.0,4060.0,0,,0.07102038710665828,0,random_forest
SH-MC-12-2025050716,2025-05-07 16:00:00,LINE-D,MC-12,PRD-B,5,40100.0,4060.0,0,,0.07953172987514336,0,random_forest
SH-MC-12-2025050800,2025-05-08 00:00:00,LINE-D,MC-12,PRD-B,5,40100.0,4060.0,0,,0.08666140833803619,0,random_forest
SH-MC-12-2025050808,2025-05-08 08:00:00,LINE-D,MC-12,PRD-B,5,40100.0,4060.0,0,,0.08496097065124283,0,random_forest
SH-MC-12-2025050816,2025-05-08 16:00:00,LINE-D,MC-12,PRD-B,5,40100.0,4060.0,0,,0.0868888433849886,0,random_forest
SH-MC-12-2025050900,2025-05-09 00:00:00,LINE-D,MC-12,PRD-C,5,40100.0,4060.0,0,,0.08854877009487658,0,random_forest
SH-MC-12-2025050908,2025-05-09 08:00:00,LINE-D,MC-12,PRD-C,5,40100.0,4060.0,0,,0.14114604253459184,0,random_forest
SH-MC-12-2025050916,2025-05-09 16:00:00,LINE-D,MC-12,PRD-C,5,40100.0,4060.0,0,,0.15680674159587088,1,random_forest
SH-MC-12-2025051000,2025-05-10 00:00:00,LINE-D,MC-12,PRD-C,5,40100.0,4060.0,0,,0.13914974092312646,0,random_forest
SH-MC-12-2025051008,2025-05-10 08:00:00,LINE-D,MC-12,PRD-C,5,40100.0,4060.0,0,,0.17795139849844516,1,random_forest
SH-MC-12-2025051016,2025-05-10 16:00:00,LINE-D,MC-12,PRD-C,5,40100.0,4060.0,0,,0.15343719686792914,1,random_forest
SH-MC-12-2025051100,2025-05-11 00:00:00,LINE-D,MC-12,PRD-D,5,40100.0,4060.0,0,,0.2195280111578696,1,random_forest
SH-MC-12-2025051108,2025-05-11 08:00:00,LINE-D,MC-12,PRD-D,5,40100.0,4060.0,0,,0.2666706770920635,1,random_forest
SH-MC-12-2025051116,2025-05-11 16:00:00,LINE-D,MC-12,PRD-D,5,40100.0,4060.0,0,,0.2647946242340592,1,random_forest
SH-MC-12-2025051200,2025-05-12 00:00:00,LINE-D,MC-12,PRD-D,5,40100.0,4060.0,0,,0.20688558487312214,1,random_forest
SH-MC-12-2025051208,2025-05-12 08:00:00,LINE-D,MC-12,PRD-D,5,40100.0,4060.0,0,,0.3146148165915646,1,random_forest
SH-MC-12-2025051216,2025-05-12 16:00:00,LINE-D,MC-12,PRD-D,5,40100.0,4060.0,0,,0.3319387757693208,1,random_forest
SH-MC-12-2025051300,2025-05-13 00:00:00,LINE-D,MC-12,PRD-A,5,40100.0,4060.0,0,,0.338759802390971,1,random_forest
SH-MC-12-2025051308,2025-05-13 08:00:00,LINE-D,MC-12,PRD-A,5,40100.0,4060.0,1,24.0,0.43873784910914887,1,random_forest
SH-MC-12-2025051316,2025-05-13 16:00:00,LINE-D,MC-12,PRD-A,5,40100.0,4060.0,1,16.0,0.42497689058039134,1,random_forest
SH-MC-12-2025051400,2025-05-14 00:00:00,LINE-D,MC-12,PRD-A,5,40100.0,4060.0,1,8.0,0.45130014497357046,1,random_forest
SH-MC-12-2025051408,2025-05-14 08:00:00,LINE-D,MC-12,PRD-A,5,40100.0,4060.0,0,,0.5219788968020369,1,random_forest
SH-MC-12-2025051416,2025-05-14 16:00:00,LINE-D,MC-12,PRD-A,5,40100.0,4060.0,1,24.0,0.07158156768406883,0,random_forest
SH-MC-12-2025051500,2025-05-15 00:00:00,LINE-D,MC-12,PRD-B,5,40100.0,4060.0,1,16.0,0.07985737996522266,0,random_forest
SH-MC-12-2025051508,2025-05-15 08:00:00,LINE-D,MC-12,PRD-B,5,40100.0,4060.0,1,8.0,0.08358500274535857,0,random_forest
SH-MC-12-2025051516,2025-05-15 16:00:00,LINE-D,MC-12,PRD-B,5,40100.0,4060.0,0,,0.07838140652457048,0,random_forest
SH-MC-12-2025051600,2025-05-16 00:00:00,LINE-D,MC-12,PRD-B,5,40100.0,4060.0,0,,0.04901452897045597,0,random_forest
SH-MC-12-2025051608,2025-05-16 08:00:00,LINE-D,MC-12,PRD-B,5,40100.0,4060.0,0,,0.05311212479894387,0,random_forest
SH-MC-12-2025051616,2025-05-16 16:00:00,LINE-D,MC-12,PRD-B,5,40100.0,4060.0,0,,0.06389322437405139,0,random_forest
SH-MC-12-2025051700,2025-05-17 00:00:00,LINE-D,MC-12,PRD-C,5,40100.0,4060.0,0,,0.06978881179729646,0,random_forest
SH-MC-12-2025051708,2025-05-17 08:00:00,LINE-D,MC-12,PRD-C,5,40100.0,4060.0,0,,0.0566421422050947,0,random_forest
SH-MC-12-2025051716,2025-05-17 16:00:00,LINE-D,MC-12,PRD-C,5,40100.0,4060.0,0,,0.06465766930188109,0,random_forest
SH-MC-12-2025051800,2025-05-18 00:00:00,LINE-D,MC-12,PRD-C,5,40100.0,4060.0,0,,0.06219944789531524,0,random_forest
SH-MC-12-2025051808,2025-05-18 08:00:00,LINE-D,MC-12,PRD-C,5,40100.0,4060.0,0,,0.05093169858739823,0,random_forest
SH-MC-12-2025051816,2025-05-18 16:00:00,LINE-D,MC-12,PRD-C,5,40100.0,4060.0,0,,0.06751901071156917,0,random_forest
SH-MC-12-2025051900,2025-05-19 00:00:00,LINE-D,MC-12,PRD-D,5,40100.0,4060.0,0,,0.05666777103030818,0,random_forest
SH-MC-12-2025051908,2025-05-19 08:00:00,LINE-D,MC-12,PRD-D,5,40100.0,4060.0,0,,0.059865532868797505,0,random_forest
SH-MC-12-2025051916,2025-05-19 16:00:00,LINE-D,MC-12,PRD-D,5,40100.0,4060.0,0,,0.06601098271497603,0,random_forest
SH-MC-12-2025052000,2025-05-20 00:00:00,LINE-D,MC-12,PRD-D,5,40100.0,4060.0,0,,0.07010388964840518,0,random_forest
SH-MC-12-2025052008,2025-05-20 08:00:00,LINE-D,MC-12,PRD-D,5,40100.0,4060.0,0,,0.08130932378391506,0,random_forest
SH-MC-12-2025052016,2025-05-20 16:00:00,LINE-D,MC-12,PRD-D,5,40100.0,4060.0,0,,0.09151412724759315,0,random_forest
SH-MC-12-2025052100,2025-05-21 00:00:00,LINE-D,MC-12,PRD-A,5,40100.0,4060.0,0,,0.08988829896265763,0,random_forest
SH-MC-12-2025052108,2025-05-21 08:00:00,LINE-D,MC-12,PRD-A,5,40100.0,4060.0,0,,0.10905176044306278,0,random_forest
SH-MC-12-2025052116,2025-05-21 16:00:00,LINE-D,MC-12,PRD-A,5,40100.0,4060.0,0,,0.16819389701595336,1,random_forest
SH-MC-12-2025052200,2025-05-22 00:00:00,LINE-D,MC-12,PRD-A,5,40100.0,4060.0,0,,0.1359696298957702,0,random_forest
SH-MC-12-2025052208,2025-05-22 08:00:00,LINE-D,MC-12,PRD-A,5,40100.0,4060.0,0,,0.2197044698614373,1,random_forest
SH-MC-12-2025052216,2025-05-22 16:00:00,LINE-D,MC-12,PRD-A,5,40100.0,4060.0,0,,0.1741489693280488,1,random_forest
SH-MC-12-2025052300,2025-05-23 00:00:00,LINE-D,MC-12,PRD-B,5,40100.0,4060.0,0,,0.21376468446071675,1,random_forest
SH-MC-12-2025052308,2025-05-23 08:00:00,LINE-D,MC-12,PRD-B,5,40100.0,4060.0,0,,0.27999849708468566,1,random_forest
SH-MC-12-2025052316,2025-05-23 16:00:00,LINE-D,MC-12,PRD-B,5,40100.0,4060.0,0,,0.2715926590858006,1,random_forest
SH-MC-12-2025052400,2025-05-24 00:00:00,LINE-D,MC-12,PRD-B,5,40100.0,4060.0,0,,0.29976872024327134,1,random_forest
SH-MC-12-2025052408,2025-05-24 08:00:00,LINE-D,MC-12,PRD-B,5,40100.0,4060.0,1,24.0,0.32072504516374417,1,random_forest
SH-MC-12-2025052416,2025-05-24 16:00:00,LINE-D,MC-12,PRD-B,5,40100.0,4060.0,1,16.0,0.48648071454120523,1,random_forest
SH-MC-12-2025052500,2025-05-25 00:00:00,LINE-D,MC-12,PRD-C,5,40100.0,4060.0,1,8.0,0.4832343798356299,1,random_forest
SH-MC-12-2025052508,2025-05-25 08:00:00,LINE-D,MC-12,PRD-C,5,40100.0,4060.0,0,,0.48935964010225014,1,random_forest
SH-MC-12-2025052516,2025-05-25 16:00:00,LINE-D,MC-12,PRD-C,5,40100.0,4060.0,0,,0.0723043257117596,0,random_forest
SH-MC-12-2025052600,2025-05-26 00:00:00,LINE-D,MC-12,PRD-C,5,40100.0,4060.0,0,,0.0899965901255323,0,random_forest
SH-MC-12-2025052608,2025-05-26 08:00:00,LINE-D,MC-12,PRD-C,5,40100.0,4060.0,0,,0.09159065916236518,0,random_forest
SH-MC-12-2025052616,2025-05-26 16:00:00,LINE-D,MC-12,PRD-C,5,40100.0,4060.0,0,,0.09482592552598784,0,random_forest
SH-MC-12-2025052700,2025-05-27 00:00:00,LINE-D,MC-12,PRD-D,5,40100.0,4060.0,0,,0.09589903600269943,0,random_forest
SH-MC-12-2025052708,2025-05-27 08:00:00,LINE-D,MC-12,PRD-D,5,40100.0,4060.0,0,,0.0837384381070907,0,random_forest
SH-MC-12-2025052716,2025-05-27 16:00:00,LINE-D,MC-12,PRD-D,5,40100.0,4060.0,0,,0.10748941033136597,0,random_forest
SH-MC-12-2025052800,2025-05-28 00:00:00,LINE-D,MC-12,PRD-D,5,40100.0,4060.0,0,,0.13134651196879268,0,random_forest
SH-MC-12-2025052808,2025-05-28 08:00:00,LINE-D,MC-12,PRD-D,5,40100.0,4060.0,0,,0.12155537454882959,0,random_forest
SH-MC-12-2025052816,2025-05-28 16:00:00,LINE-D,MC-12,PRD-D,5,40100.0,4060.0,0,,0.1332640407247585,0,random_forest
SH-MC-12-2025052900,2025-05-29 00:00:00,LINE-D,MC-12,PRD-A,5,40100.0,4060.0,0,,0.1544781830919404,1,random_forest
SH-MC-12-2025052908,2025-05-29 08:00:00,LINE-D,MC-12,PRD-A,5,40100.0,4060.0,0,,0.1717302479002274,1,random_forest
SH-MC-12-2025052916,2025-05-29 16:00:00,LINE-D,MC-12,PRD-A,5,40100.0,4060.0,0,,0.1965826495623724,1,random_forest
SH-MC-12-2025053000,2025-05-30 00:00:00,LINE-D,MC-12,PRD-A,5,40100.0,4060.0,0,,0.1753526671020207,1,random_forest
SH-MC-12-2025053008,2025-05-30 08:00:00,LINE-D,MC-12,PRD-A,5,40100.0,4060.0,0,,0.21077557345962003,1,random_forest
SH-MC-12-2025053016,2025-05-30 16:00:00,LINE-D,MC-12,PRD-A,5,40100.0,4060.0,1,24.0,0.1951052502391864,1,random_forest
SH-MC-12-2025053100,2025-05-31 00:00:00,LINE-D,MC-12,PRD-B,5,40100.0,4060.0,1,16.0,0.1859074796247067,1,random_forest
SH-MC-12-2025053108,2025-05-31 08:00:00,LINE-D,MC-12,PRD-B,5,40100.0,4060.0,1,8.0,0.27123958923427366,1,random_forest
SH-MC-12-2025053116,2025-05-31 16:00:00,LINE-D,MC-12,PRD-B,5,40100.0,4060.0,0,,0.25143298897700556,1,random_forest
SH-MC-12-2025060100,2025-06-01 00:00:00,LINE-D,MC-12,PRD-B,5,40100.0,4060.0,0,,0.06638477605717866,0,random_forest
SH-MC-12-2025060108,2025-06-01 08:00:00,LINE-D,MC-12,PRD-B,5,40100.0,4060.0,0,,0.07015315894802232,0,random_forest
SH-MC-12-2025060116,2025-06-01 16:00:00,LINE-D,MC-12,PRD-B,5,40100.0,4060.0,0,,0.07350074727670114,0,random_forest
SH-MC-12-2025060200,2025-06-02 00:00:00,LINE-D,MC-12,PRD-C,5,40100.0,4060.0,0,,0.08203991380052189,0,random_forest
SH-MC-12-2025060208,2025-06-02 08:00:00,LINE-D,MC-12,PRD-C,5,40100.0,4060.0,0,,0.07979332462165342,0,random_forest
SH-MC-12-2025060216,2025-06-02 16:00:00,LINE-D,MC-12,PRD-C,5,40100.0,4060.0,0,,0.07278909807100166,0,random_forest
SH-MC-12-2025060300,2025-06-03 00:00:00,LINE-D,MC-12,PRD-C,5,40100.0,4060.0,0,,0.0927216666194701,0,random_forest
SH-MC-12-2025060308,2025-06-03 08:00:00,LINE-D,MC-12,PRD-C,5,40100.0,4060.0,0,,0.08054408419809972,0,random_forest
SH-MC-12-2025060316,2025-06-03 16:00:00,LINE-D,MC-12,PRD-C,5,40100.0,4060.0,0,,0.11757263084250161,0,random_forest
SH-MC-12-2025060400,2025-06-04 00:00:00,LINE-D,MC-12,PRD-D,5,40100.0,4060.0,0,,0.149087325111684,1,random_forest
SH-MC-12-2025060408,2025-06-04 08:00:00,LINE-D,MC-12,PRD-D,5,40100.0,4060.0,0,,0.14875010200944352,1,random_forest
SH-MC-12-2025060416,2025-06-04 16:00:00,LINE-D,MC-12,PRD-D,5,40100.0,4060.0,0,,0.14474512625827485,0,random_forest
SH-MC-12-2025060500,2025-06-05 00:00:00,LINE-D,MC-12,PRD-D,5,40100.0,4060.0,0,,0.16679728413277958,1,random_forest
SH-MC-12-2025060508,2025-06-05 08:00:00,LINE-D,MC-12,PRD-D,5,40100.0,4060.0,0,,0.2525101765876755,1,random_forest
SH-MC-12-2025060516,2025-06-05 16:00:00,LINE-D,MC-12,PRD-D,5,40100.0,4060.0,0,,0.2087666225143541,1,random_forest
SH-MC-12-2025060600,2025-06-06 00:00:00,LINE-D,MC-12,PRD-A,5,40100.0,4060.0,0,,0.26769043925897984,1,random_forest
SH-MC-12-2025060608,2025-06-06 08:00:00,LINE-D,MC-12,PRD-A,5,40100.0,4060.0,1,24.0,0.2729506308866869,1,random_forest
SH-MC-12-2025060616,2025-06-06 16:00:00,LINE-D,MC-12,PRD-A,5,40100.0,4060.0,1,16.0,0.24069393167040862,1,random_forest
SH-MC-12-2025060700,2025-06-07 00:00:00,LINE-D,MC-12,PRD-A,5,40100.0,4060.0,1,8.0,0.267760030606954,1,random_forest
SH-MC-12-2025060708,2025-06-07 08:00:00,LINE-D,MC-12,PRD-A,5,40100.0,4060.0,0,,0.37269640032413015,1,random_forest
SH-MC-12-2025060716,2025-06-07 16:00:00,LINE-D,MC-12,PRD-A,5,40100.0,4060.0,0,,0.10179595702334207,0,random_forest
SH-MC-12-2025060800,2025-06-08 00:00:00,LINE-D,MC-12,PRD-B,5,40100.0,4060.0,0,,0.08942469715671784,0,random_forest
SH-MC-12-2025060808,2025-06-08 08:00:00,LINE-D,MC-12,PRD-B,5,40100.0,4060.0,0,,0.08072394801781571,0,random_forest
SH-MC-12-2025060816,2025-06-08 16:00:00,LINE-D,MC-12,PRD-B,5,40100.0,4060.0,0,,0.07379904949831075,0,random_forest
SH-MC-12-2025060900,2025-06-09 00:00:00,LINE-D,MC-12,PRD-B,5,40100.0,4060.0,1,24.0,0.08715492690660434,0,random_forest
SH-MC-12-2025060908,2025-06-09 08:00:00,LINE-D,MC-12,PRD-B,5,40100.0,4060.0,1,16.0,0.08064983403235657,0,random_forest
SH-MC-12-2025060916,2025-06-09 16:00:00,LINE-D,MC-12,PRD-B,5,40100.0,4060.0,1,8.0,0.07708554055077163,0,random_forest
SH-MC-12-2025061000,2025-06-10 00:00:00,LINE-D,MC-12,PRD-C,5,40100.0,4060.0,0,,0.09044663948644714,0,random_forest
SH-MC-12-2025061008,2025-06-10 08:00:00,LINE-D,MC-12,PRD-C,5,40100.0,4060.0,0,,0.06894338752771596,0,random_forest
SH-MC-12-2025061016,2025-06-10 16:00:00,LINE-D,MC-12,PRD-C,5,40100.0,4060.0,0,,0.07445279786783351,0,random_forest
SH-MC-12-2025061100,2025-06-11 00:00:00,LINE-D,MC-12,PRD-C,5,40100.0,4060.0,0,,0.0700701726349071,0,random_forest
SH-MC-12-2025061108,2025-06-11 08:00:00,LINE-D,MC-12,PRD-C,5,40100.0,4060.0,0,,0.07710536216626458,0,random_forest
SH-MC-12-2025061116,2025-06-11 16:00:00,LINE-D,MC-12,PRD-C,5,40100.0,4060.0,0,,0.08577502753291488,0,random_forest
SH-MC-12-2025061200,2025-06-12 00:00:00,LINE-D,MC-12,PRD-D,5,40100.0,4060.0,0,,0.07344294882692441,0,random_forest
SH-MC-12-2025061208,2025-06-12 08:00:00,LINE-D,MC-12,PRD-D,5,40100.0,4060.0,0,,0.07313849955085892,0,random_forest
SH-MC-12-2025061216,2025-06-12 16:00:00,LINE-D,MC-12,PRD-D,5,40100.0,4060.0,0,,0.07212470581373552,0,random_forest
SH-MC-12-2025061300,2025-06-13 00:00:00,LINE-D,MC-12,PRD-D,5,40100.0,4060.0,0,,0.06384521287114771,0,random_forest
SH-MC-12-2025061308,2025-06-13 08:00:00,LINE-D,MC-12,PRD-D,5,40100.0,4060.0,0,,0.06327842023290718,0,random_forest
SH-MC-12-2025061316,2025-06-13 16:00:00,LINE-D,MC-12,PRD-D,5,40100.0,4060.0,0,,0.06389959383302085,0,random_forest
SH-MC-12-2025061400,2025-06-14 00:00:00,LINE-D,MC-12,PRD-A,5,40100.0,4060.0,0,,0.0932472332397766,0,random_forest
SH-MC-12-2025061408,2025-06-14 08:00:00,LINE-D,MC-12,PRD-A,5,40100.0,4060.0,0,,0.09203807516184638,0,random_forest
SH-MC-12-2025061416,2025-06-14 16:00:00,LINE-D,MC-12,PRD-A,5,40100.0,4060.0,0,,0.1272786842680944,0,random_forest
SH-MC-12-2025061500,2025-06-15 00:00:00,LINE-D,MC-12,PRD-A,5,40100.0,4060.0,0,,0.15728089346195093,1,random_forest
SH-MC-12-2025061508,2025-06-15 08:00:00,LINE-D,MC-12,PRD-A,5,40100.0,4060.0,0,,0.20401715659024142,1,random_forest
SH-MC-12-2025061516,2025-06-15 16:00:00,LINE-D,MC-12,PRD-A,5,40100.0,4060.0,0,,0.21827500389099963,1,random_forest
SH-MC-12-2025061600,2025-06-16 00:00:00,LINE-D,MC-12,PRD-B,5,40100.0,4060.0,0,,0.199001132202106,1,random_forest
SH-MC-12-2025061608,2025-06-16 08:00:00,LINE-D,MC-12,PRD-B,5,40100.0,4060.0,0,,0.2249781587598036,1,random_forest
SH-MC-12-2025061616,2025-06-16 16:00:00,LINE-D,MC-12,PRD-B,5,40100.0,4060.0,0,,0.26245410164712624,1,random_forest
SH-MC-12-2025061700,2025-06-17 00:00:00,LINE-D,MC-12,PRD-B,5,40100.0,4060.0,1,24.0,0.32942024393218444,1,random_forest
SH-MC-12-2025061708,2025-06-17 08:00:00,LINE-D,MC-12,PRD-B,5,40100.0,4060.0,1,16.0,0.2815502392379772,1,random_forest
SH-MC-12-2025061716,2025-06-17 16:00:00,LINE-D,MC-12,PRD-B,5,40100.0,4060.0,1,8.0,0.3139112002371834,1,random_forest
SH-MC-12-2025061800,2025-06-18 00:00:00,LINE-D,MC-12,PRD-C,5,40100.0,4060.0,0,,0.2814996873848899,1,random_forest
SH-MC-12-2025061808,2025-06-18 08:00:00,LINE-D,MC-12,PRD-C,5,40100.0,4060.0,0,,0.06757369393243412,0,random_forest
SH-MC-12-2025061816,2025-06-18 16:00:00,LINE-D,MC-12,PRD-C,5,40100.0,4060.0,0,,0.08034627815637733,0,random_forest
SH-MC-12-2025061900,2025-06-19 00:00:00,LINE-D,MC-12,PRD-C,5,40100.0,4060.0,0,,0.08915467545401552,0,random_forest
SH-MC-12-2025061908,2025-06-19 08:00:00,LINE-D,MC-12,PRD-C,5,40100.0,4060.0,0,,0.09607388309907618,0,random_forest
SH-MC-12-2025061916,2025-06-19 16:00:00,LINE-D,MC-12,PRD-C,5,40100.0,4060.0,0,,0.08425722643923152,0,random_forest
SH-MC-12-2025062000,2025-06-20 00:00:00,LINE-D,MC-12,PRD-D,5,40100.0,4060.0,0,,0.08048425607781318,0,random_forest
SH-MC-12-2025062008,2025-06-20 08:00:00,LINE-D,MC-12,PRD-D,5,40100.0,4060.0,0,,0.0916352651188626,0,random_forest
SH-MC-12-2025062016,2025-06-20 16:00:00,LINE-D,MC-12,PRD-D,5,40100.0,4060.0,0,,0.11109568216947335,0,random_forest
SH-MC-12-2025062100,2025-06-21 00:00:00,LINE-D,MC-12,PRD-D,5,40100.0,4060.0,0,,0.12238059179185533,0,random_forest
SH-MC-12-2025062108,2025-06-21 08:00:00,LINE-D,MC-12,PRD-D,5,40100.0,4060.0,0,,0.12902199714681736,0,random_forest
SH-MC-12-2025062116,2025-06-21 16:00:00,LINE-D,MC-12,PRD-D,5,40100.0,4060.0,1,24.0,0.11562681339028841,0,random_forest
SH-MC-12-2025062200,2025-06-22 00:00:00,LINE-D,MC-12,PRD-A,5,40100.0,4060.0,1,16.0,0.1284934559061994,0,random_forest
SH-MC-12-2025062208,2025-06-22 08:00:00,LINE-D,MC-12,PRD-A,5,40100.0,4060.0,1,8.0,0.1884208826615437,1,random_forest
SH-MC-12-2025062216,2025-06-22 16:00:00,LINE-D,MC-12,PRD-A,5,40100.0,4060.0,0,,0.1889992478168682,1,random_forest
SH-MC-12-2025062300,2025-06-23 00:00:00,LINE-D,MC-12,PRD-A,5,40100.0,4060.0,0,,0.0694580650044655,0,random_forest
SH-MC-12-2025062308,2025-06-23 08:00:00,LINE-D,MC-12,PRD-A,5,40100.0,4060.0,0,,0.07018250850384061,0,random_forest
SH-MC-12-2025062316,2025-06-23 16:00:00,LINE-D,MC-12,PRD-A,5,40100.0,4060.0,0,,0.07235174767144109,0,random_forest
SH-MC-12-2025062400,2025-06-24 00:00:00,LINE-D,MC-12,PRD-B,5,40100.0,4060.0,0,,0.07326130269317824,0,random_forest
SH-MC-12-2025062408,2025-06-24 08:00:00,LINE-D,MC-12,PRD-B,5,40100.0,4060.0,0,,0.06586625849968507,0,random_forest
SH-MC-12-2025062416,2025-06-24 16:00:00,LINE-D,MC-12,PRD-B,5,40100.0,4060.0,0,,0.0725040771334948,0,random_forest
SH-MC-12-2025062500,2025-06-25 00:00:00,LINE-D,MC-12,PRD-B,5,40100.0,4060.0,0,,0.05855338506979461,0,random_forest
SH-MC-12-2025062508,2025-06-25 08:00:00,LINE-D,MC-12,PRD-B,5,40100.0,4060.0,0,,0.0902299688945674,0,random_forest
SH-MC-12-2025062516,2025-06-25 16:00:00,LINE-D,MC-12,PRD-B,5,40100.0,4060.0,0,,0.07167339237213109,0,random_forest
SH-MC-12-2025062600,2025-06-26 00:00:00,LINE-D,MC-12,PRD-C,5,40100.0,4060.0,0,,0.09723793554257038,0,random_forest
SH-MC-12-2025062608,2025-06-26 08:00:00,LINE-D,MC-12,PRD-C,5,40100.0,4060.0,0,,0.10533142906907862,0,random_forest
SH-MC-12-2025062616,2025-06-26 16:00:00,LINE-D,MC-12,PRD-C,5,40100.0,4060.0,0,,0.11705122337105552,0,random_forest
SH-MC-12-2025062700,2025-06-27 00:00:00,LINE-D,MC-12,PRD-C,5,40100.0,4060.0,0,,0.14265914167776605,0,random_forest
SH-MC-12-2025062708,2025-06-27 08:00:00,LINE-D,MC-12,PRD-C,5,40100.0,4060.0,0,,0.10758314852590593,0,random_forest
SH-MC-12-2025062716,2025-06-27 16:00:00,LINE-D,MC-12,PRD-C,5,40100.0,4060.0,0,,0.22296052086300275,1,random_forest
SH-MC-12-2025062800,2025-06-28 00:00:00,LINE-D,MC-12,PRD-D,5,40100.0,4060.0,0,,0.1957174667088546,1,random_forest
SH-MC-12-2025062808,2025-06-28 08:00:00,LINE-D,MC-12,PRD-D,5,40100.0,4060.0,0,,0.214931791625724,1,random_forest
SH-MC-12-2025062816,2025-06-28 16:00:00,LINE-D,MC-12,PRD-D,5,40100.0,4060.0,0,,0.18670522689762495,1,random_forest
SH-MC-12-2025062900,2025-06-29 00:00:00,LINE-D,MC-12,PRD-D,5,40100.0,4060.0,0,,0.2362382292753635,1,random_forest
SH-MC-12-2025062908,2025-06-29 08:00:00,LINE-D,MC-12,PRD-D,5,40100.0,4060.0,0,,0.23863923452346994,1,random_forest
SH-MC-12-2025062916,2025-06-29 16:00:00,LINE-D,MC-12,PRD-D,5,40100.0,4060.0,0,,0.3412982955006608,1,random_forest
