shift_id,failure_probability,rank,transformed_feature,reason_code,shap_value,transformed_value
SH-MC-09-2025052508,0.6362190009941443,1,numeric__tool_wear_pct,TOOL_WEAR_ELEVATED,0.07729893717132763,2.0205168417822343
SH-MC-09-2025052508,0.6362190009941443,2,numeric__lubrication_index,LOW_LUBRICATION_INDEX,0.06189465377641734,-1.9990594491018758
SH-MC-09-2025052508,0.6362190009941443,3,numeric__vibration_rolling_3,SUSTAINED_VIBRATION,0.05514403128904864,2.224387073547626
SH-MC-09-2025052508,0.6362190009941443,4,numeric__hours_since_maintenance,MAINTENANCE_INTERVAL_EXCEEDED,0.0534837978858717,2.4272528220562837
SH-MC-07-2025062400,0.6229122777470619,1,numeric__tool_wear_pct,TOOL_WEAR_ELEVATED,0.08114338827071282,2.294175867857254
SH-MC-07-2025062400,0.6229122777470619,2,numeric__lubrication_index,LOW_LUBRICATION_INDEX,0.06312974671410926,-2.310290645961571
SH-MC-07-2025062400,0.6229122777470619,3,numeric__hours_since_maintenance,MAINTENANCE_INTERVAL_EXCEEDED,0.058492347588608204,2.170173977835986
SH-MC-07-2025062400,0.6229122777470619,4,numeric__vibration_rolling_3,SUSTAINED_VIBRATION,0.057102135469041394,2.1539703702287074
SH-MC-11-2025030700,0.6151570688850231,1,numeric__tool_wear_pct,TOOL_WEAR_ELEVATED,0.07870175238585618,2.329499311696579
SH-MC-11-2025030700,0.6151570688850231,2,numeric__vibration_rolling_3,SUSTAINED_VIBRATION,0.061434350818830336,2.1615297909378293
SH-MC-11-2025030700,0.6151570688850231,3,numeric__lubrication_index,LOW_LUBRICATION_INDEX,0.06012382293663609,-2.196853076894635
SH-MC-11-2025030700,0.6151570688850231,4,numeric__hours_since_maintenance,MAINTENANCE_INTERVAL_EXCEEDED,0.04969291622567087,1.7558107897232313
SH-MC-10-2025050708,0.6017828455125424,1,numeric__tool_wear_pct,TOOL_WEAR_ELEVATED,0.07158589369187093,2.5074825773295237
SH-MC-10-2025050708,0.6017828455125424,2,numeric__lubrication_index,LOW_LUBRICATION_INDEX,0.06037897088573493,-2.314511824708455
SH-MC-10-2025050708,0.6017828455125424,3,numeric__vibration_rolling_3,SUSTAINED_VIBRATION,0.05672789233411705,2.2933722215122505
SH-MC-10-2025050708,0.6017828455125424,4,numeric__temperature_c,THERMAL_STRESS,0.0532440637384719,1.926149610146474
SH-MC-09-2025052516,0.6013892416909609,1,numeric__tool_wear_pct,TOOL_WEAR_ELEVATED,0.07724699753366812,2.154816043409295
SH-MC-09-2025052516,0.6013892416909609,2,numeric__lubrication_index,LOW_LUBRICATION_INDEX,0.06097146698369367,-2.220375639006599
SH-MC-09-2025052516,0.6013892416909609,3,numeric__vibration_rolling_3,SUSTAINED_VIBRATION,0.05901352951660517,2.3455221644094877
SH-MC-09-2025052516,0.6013892416909609,4,numeric__hours_since_maintenance,MAINTENANCE_INTERVAL_EXCEEDED,0.04880789918968523,2.5595566302664134
SH-MC-08-2025062208,0.598830964904603,1,numeric__tool_wear_pct,TOOL_WEAR_ELEVATED,0.08306430906621931,2.167592195126447
SH-MC-08-2025062208,0.598830964904603,2,numeric__hours_since_maintenance,MAINTENANCE_INTERVAL_EXCEEDED,0.059341986703178064,2.0116470564153515
SH-MC-08-2025062208,0.598830964904603,3,numeric__vibration_rolling_3,SUSTAINED_VIBRATION,0.05885879520577397,2.1361640419560133
SH-MC-08-2025062208,0.598830964904603,4,numeric__lubrication_index,LOW_LUBRICATION_INDEX,0.054129216291929586,-1.6686505662061861
SH-MC-11-2025061308,0.5985778558225778,1,numeric__tool_wear_pct,TOOL_WEAR_ELEVATED,0.0831259951890961,2.186191133729355
SH-MC-11-2025061308,0.5985778558225778,2,numeric__lubrication_index,LOW_LUBRICATION_INDEX,0.0557525019258005,-1.9324602210767476
SH-MC-11-2025061308,0.5985778558225778,3,numeric__vibration_rolling_3,SUSTAINED_VIBRATION,0.054790584391874564,2.0163562903972436
SH-MC-11-2025061308,0.5985778558225778,4,numeric__hours_since_maintenance,MAINTENANCE_INTERVAL_EXCEEDED,0.05008026136588099,2.6751629657128433
SH-MC-02-2025032000,0.5970673464872657,1,numeric__tool_wear_pct,TOOL_WEAR_ELEVATED,0.0766090022312006,1.9038896602197553
SH-MC-02-2025032000,0.5970673464872657,2,numeric__lubrication_index,LOW_LUBRICATION_INDEX,0.05482183755143336,-1.881492712374999
SH-MC-02-2025032000,0.5970673464872657,3,numeric__hours_since_maintenance,MAINTENANCE_INTERVAL_EXCEEDED,0.051391059224184965,1.7604547802613089
SH-MC-02-2025032000,0.5970673464872657,4,numeric__vibration_rolling_3,SUSTAINED_VIBRATION,0.04815625259305771,1.8446123701858608
SH-MC-07-2025041008,0.5879784249784833,1,numeric__tool_wear_pct,TOOL_WEAR_ELEVATED,0.07500710424322275,2.22076322781526
SH-MC-07-2025041008,0.5879784249784833,2,numeric__hours_since_maintenance,MAINTENANCE_INTERVAL_EXCEEDED,0.05360605787833117,2.267645736480221
SH-MC-07-2025041008,0.5879784249784833,3,numeric__lubrication_index,LOW_LUBRICATION_INDEX,0.05327504635563418,-1.995232373730916
SH-MC-07-2025041008,0.5879784249784833,4,numeric__vibration_rms,HIGH_VIBRATION_PATTERN,0.03850633906382955,1.6031298620153576
SH-MC-01-2025051116,0.5876723224487854,1,numeric__tool_wear_pct,TOOL_WEAR_ELEVATED,0.08213026293113491,2.3460156696831542
SH-MC-01-2025051116,0.5876723224487854,2,numeric__lubrication_index,LOW_LUBRICATION_INDEX,0.06541999657640753,-2.399335523739102
SH-MC-01-2025051116,0.5876723224487854,3,numeric__vibration_rolling_3,SUSTAINED_VIBRATION,0.05499763802227482,2.0058507416935814
SH-MC-01-2025051116,0.5876723224487854,4,numeric__hours_since_maintenance,MAINTENANCE_INTERVAL_EXCEEDED,0.052038655622310734,2.8006765104259426
SH-MC-03-2025032008,0.5860995040056293,1,numeric__tool_wear_pct,TOOL_WEAR_ELEVATED,0.07022246234396849,2.23996244413094
SH-MC-03-2025032008,0.5860995040056293,2,numeric__lubrication_index,LOW_LUBRICATION_INDEX,0.06011515189274496,-2.390661756858097
SH-MC-03-2025032008,0.5860995040056293,3,numeric__hours_since_maintenance,MAINTENANCE_INTERVAL_EXCEEDED,0.05252275486122932,2.4135728642644456
SH-MC-03-2025032008,0.5860995040056293,4,numeric__vibration_rolling_3,SUSTAINED_VIBRATION,0.049362104061173834,2.382946832642246
SH-MC-12-2025040516,0.5847767816533808,1,numeric__tool_wear_pct,TOOL_WEAR_ELEVATED,0.07678367204936695,2.297114202148067
SH-MC-12-2025040516,0.5847767816533808,2,numeric__lubrication_index,LOW_LUBRICATION_INDEX,0.061007520919181275,-2.5157201073270397
SH-MC-12-2025040516,0.5847767816533808,3,numeric__hours_since_maintenance,MAINTENANCE_INTERVAL_EXCEEDED,0.05641849063081788,2.015694128185009
SH-MC-12-2025040516,0.5847767816533808,4,numeric__vibration_rolling_3,SUSTAINED_VIBRATION,0.04755984711260788,1.7776075335261785
SH-MC-07-2025053008,0.5827990405673288,1,numeric__tool_wear_pct,TOOL_WEAR_ELEVATED,0.06697214095996776,1.8896100595933971
SH-MC-07-2025053008,0.5827990405673288,2,numeric__lubrication_index,LOW_LUBRICATION_INDEX,0.053176619469696935,-1.7286070056249148
SH-MC-07-2025053008,0.5827990405673288,3,numeric__temperature_c,THERMAL_STRESS,0.04441284025881773,1.7135134401702805
SH-MC-07-2025053008,0.5827990405673288,4,numeric__hours_since_maintenance,MAINTENANCE_INTERVAL_EXCEEDED,0.04273973681413935,1.4989855838151172
SH-MC-02-2025042200,0.5821532395312229,1,numeric__tool_wear_pct,TOOL_WEAR_ELEVATED,0.07788361312302944,2.411465308496555
SH-MC-02-2025042200,0.5821532395312229,2,numeric__lubrication_index,LOW_LUBRICATION_INDEX,0.05695641559120424,-2.0035610542780233
SH-MC-02-2025042200,0.5821532395312229,3,numeric__vibration_rolling_3,SUSTAINED_VIBRATION,0.0561550484892308,2.2365909946989997
SH-MC-02-2025042200,0.5821532395312229,4,numeric__hours_since_maintenance,MAINTENANCE_INTERVAL_EXCEEDED,0.05113388758037387,2.55086073827361
SH-MC-01-2025031100,0.5796361985179398,1,numeric__lubrication_index,LOW_LUBRICATION_INDEX,0.06421034236141482,-2.4287195690064247
SH-MC-01-2025031100,0.5796361985179398,2,numeric__tool_wear_pct,TOOL_WEAR_ELEVATED,0.057111456568565304,2.7640559722630744
SH-MC-01-2025031100,0.5796361985179398,3,numeric__vibration_rolling_3,SUSTAINED_VIBRATION,0.05498063632572849,2.2402354668450704
SH-MC-01-2025031100,0.5796361985179398,4,numeric__hours_since_maintenance,MAINTENANCE_INTERVAL_EXCEEDED,0.050429125348237194,2.527548389961149
SH-MC-12-2025040608,0.5792564924563733,1,numeric__tool_wear_pct,TOOL_WEAR_ELEVATED,0.07135501264660661,2.433987804191129
SH-MC-12-2025040608,0.5792564924563733,2,numeric__lubrication_index,LOW_LUBRICATION_INDEX,0.05975393363765165,-2.5450659739532306
SH-MC-12-2025040608,0.5792564924563733,3,numeric__vibration_rolling_3,SUSTAINED_VIBRATION,0.0563787140778091,2.5429293452732167
SH-MC-12-2025040608,0.5792564924563733,4,numeric__hours_since_maintenance,MAINTENANCE_INTERVAL_EXCEEDED,0.052198921539236304,2.2803017446052682
SH-MC-10-2025041000,0.5790780637846972,1,numeric__tool_wear_pct,TOOL_WEAR_ELEVATED,0.07370009715992584,2.005593482253379
SH-MC-10-2025041000,0.5790780637846972,2,numeric__lubrication_index,LOW_LUBRICATION_INDEX,0.05501147668354057,-1.665671083409177
SH-MC-10-2025041000,0.5790780637846972,3,numeric__hours_since_maintenance,MAINTENANCE_INTERVAL_EXCEEDED,0.047952925833398295,2.1432389406196304
SH-MC-10-2025041000,0.5790780637846972,4,numeric__vibration_rolling_3,SUSTAINED_VIBRATION,0.04787612234350957,2.2713433677944224
SH-MC-08-2025041216,0.5769237637440229,1,numeric__tool_wear_pct,TOOL_WEAR_ELEVATED,0.0795315934353552,2.326530884249338
SH-MC-08-2025041216,0.5769237637440229,2,numeric__vibration_rolling_3,SUSTAINED_VIBRATION,0.05705787697274731,2.380958611726693
SH-MC-08-2025041216,0.5769237637440229,3,numeric__hours_since_maintenance,MAINTENANCE_INTERVAL_EXCEEDED,0.052465455322444496,1.7650577775011018
SH-MC-08-2025041216,0.5769237637440229,4,numeric__lubrication_index,LOW_LUBRICATION_INDEX,0.051883495454036935,-2.095461225984277
SH-MC-09-2025032008,0.5758412866755979,1,numeric__tool_wear_pct,TOOL_WEAR_ELEVATED,0.07560640719658564,2.266479087583997
SH-MC-09-2025032008,0.5758412866755979,2,numeric__lubrication_index,LOW_LUBRICATION_INDEX,0.05949018598311268,-2.573677027854089
SH-MC-09-2025032008,0.5758412866755979,3,numeric__hours_since_maintenance,MAINTENANCE_INTERVAL_EXCEEDED,0.05406395220532067,2.1594540681023515
SH-MC-09-2025032008,0.5758412866755979,4,numeric__vibration_rolling_3,SUSTAINED_VIBRATION,0.05184209644086299,2.621551042827755
SH-MC-03-2025062516,0.5757683248004417,1,numeric__tool_wear_pct,TOOL_WEAR_ELEVATED,0.07161466196204562,2.163310721391557
SH-MC-03-2025062516,0.5757683248004417,2,numeric__hours_since_maintenance,MAINTENANCE_INTERVAL_EXCEEDED,0.060043811121226504,2.0237668041377614
SH-MC-03-2025062516,0.5757683248004417,3,numeric__lubrication_index,LOW_LUBRICATION_INDEX,0.050861904326615456,-2.0627040099068057
SH-MC-03-2025062516,0.5757683248004417,4,numeric__vibration_rolling_3,SUSTAINED_VIBRATION,0.050539061134055055,1.9375652563430243
SH-MC-01-2025051100,0.5755706550146136,1,numeric__tool_wear_pct,TOOL_WEAR_ELEVATED,0.08056367834000625,2.2498139351171234
SH-MC-01-2025051100,0.5755706550146136,2,numeric__lubrication_index,LOW_LUBRICATION_INDEX,0.06198446235025435,-2.2772205154863667
SH-MC-01-2025051100,0.5755706550146136,3,numeric__hours_since_maintenance,MAINTENANCE_INTERVAL_EXCEEDED,0.052174167977941874,2.54093721595281
SH-MC-01-2025051100,0.5755706550146136,4,numeric__temperature_c,THERMAL_STRESS,0.044355987990768925,2.0182686174952336
SH-MC-06-2025061300,0.5755324264457106,1,numeric__tool_wear_pct,TOOL_WEAR_ELEVATED,0.07450900031060503,2.463723573713597
SH-MC-06-2025061300,0.5755324264457106,2,numeric__lubrication_index,LOW_LUBRICATION_INDEX,0.05592940109088467,-2.832810272627337
SH-MC-06-2025061300,0.5755324264457106,3,numeric__vibration_rolling_3,SUSTAINED_VIBRATION,0.05188207069858611,1.7626197607545586
SH-MC-06-2025061300,0.5755324264457106,4,numeric__hours_since_maintenance,MAINTENANCE_INTERVAL_EXCEEDED,0.04654160070788538,1.8869472754602654
SH-MC-07-2025053016,0.5741714383188321,1,numeric__tool_wear_pct,TOOL_WEAR_ELEVATED,0.07070891970276283,2.183545367656317
SH-MC-07-2025053016,0.5741714383188321,2,numeric__lubrication_index,LOW_LUBRICATION_INDEX,0.05291492969234493,-1.7450011376815742
SH-MC-07-2025053016,0.5741714383188321,3,numeric__vibration_rolling_3,SUSTAINED_VIBRATION,0.050630833504202784,1.9743433166301076
SH-MC-07-2025053016,0.5741714383188321,4,numeric__hours_since_maintenance,MAINTENANCE_INTERVAL_EXCEEDED,0.045829394566616034,1.6312893920252467
SH-MC-07-2025062308,0.5740969514709525,1,numeric__tool_wear_pct,TOOL_WEAR_ELEVATED,0.07108467786828274,2.3947790251013465
SH-MC-07-2025062308,0.5740969514709525,2,numeric__hours_since_maintenance,MAINTENANCE_INTERVAL_EXCEEDED,0.05472310216838243,1.9077145296171991
SH-MC-07-2025062308,0.5740969514709525,3,numeric__lubrication_index,LOW_LUBRICATION_INDEX,0.050687031044966226,-1.9791315591537904
SH-MC-07-2025062308,0.5740969514709525,4,numeric__temperature_c,THERMAL_STRESS,0.046745579181200106,1.8584052386546472
SH-MC-07-2025041000,0.5735067480563656,1,numeric__tool_wear_pct,TOOL_WEAR_ELEVATED,0.06979484306256112,2.157217062889329
SH-MC-07-2025041000,0.5735067480563656,2,numeric__hours_since_maintenance,MAINTENANCE_INTERVAL_EXCEEDED,0.054301637224433125,2.135341928270092
SH-MC-07-2025041000,0.5735067480563656,3,numeric__temperature_c,THERMAL_STRESS,0.04339551726077053,2.059359105037278
SH-MC-07-2025041000,0.5735067480563656,4,numeric__vibration_rolling_3,SUSTAINED_VIBRATION,0.04251907309076294,1.8201659939340729
SH-MC-08-2025032200,0.5716348960632719,1,numeric__tool_wear_pct,TOOL_WEAR_ELEVATED,0.08281390323177372,2.044115868644772
SH-MC-08-2025032200,0.5716348960632719,2,numeric__hours_since_maintenance,MAINTENANCE_INTERVAL_EXCEEDED,0.056167265927436844,2.0194812335787953
SH-MC-08-2025032200,0.5716348960632719,3,numeric__lubrication_index,LOW_LUBRICATION_INDEX,0.054035308348023205,-2.061673056540836
SH-MC-08-2025032200,0.5716348960632719,4,numeric__temperature_c,THERMAL_STRESS,0.03990541852196481,1.6028202463662586
SH-MC-08-2025050508,0.5700973019685839,1,numeric__tool_wear_pct,TOOL_WEAR_ELEVATED,0.08029777366435453,2.114424470400351
SH-MC-08-2025050508,0.5700973019685839,2,numeric__lubrication_index,LOW_LUBRICATION_INDEX,0.05409758438783595,-2.21877610667548
SH-MC-08-2025050508,0.5700973019685839,3,numeric__hours_since_maintenance,MAINTENANCE_INTERVAL_EXCEEDED,0.05003143767090708,1.637000637594494
SH-MC-08-2025050508,0.5700973019685839,4,numeric__temperature_c,THERMAL_STRESS,0.043757106616697336,1.9538589031658407
SH-MC-03-2025032100,0.569473181115473,1,numeric__tool_wear_pct,TOOL_WEAR_ELEVATED,0.06968491141883354,2.526808552054868
SH-MC-03-2025032100,0.569473181115473,2,numeric__lubrication_index,LOW_LUBRICATION_INDEX,0.05738318536325235,-2.212243162313679
SH-MC-03-2025032100,0.569473181115473,3,numeric__vibration_rolling_3,SUSTAINED_VIBRATION,0.053215962502467046,2.4889517058188217
SH-MC-03-2025032100,0.569473181115473,4,numeric__hours_since_maintenance,MAINTENANCE_INTERVAL_EXCEEDED,0.051847556300950885,2.6776077369262197
SH-MC-08-2025051408,0.5689625829552981,1,numeric__tool_wear_pct,TOOL_WEAR_ELEVATED,0.07510015583768041,2.0157083825434405
SH-MC-08-2025051408,0.5689625829552981,2,numeric__hours_since_maintenance,MAINTENANCE_INTERVAL_EXCEEDED,0.05463551581584545,1.7624982919330061
SH-MC-08-2025051408,0.5689625829552981,3,numeric__lubrication_index,LOW_LUBRICATION_INDEX,0.053611973082252684,-1.8135863896173288
SH-MC-08-2025051408,0.5689625829552981,4,numeric__vibration_rolling_3,SUSTAINED_VIBRATION,0.04879198619508611,1.963991616793998
SH-MC-11-2025030616,0.5686257801524561,1,numeric__tool_wear_pct,TOOL_WEAR_ELEVATED,0.07497215705869564,2.222208072354006
SH-MC-11-2025030616,0.5686257801524561,2,numeric__vibration_rolling_3,SUSTAINED_VIBRATION,0.057226046673486304,2.038583766827693
SH-MC-11-2025030616,0.5686257801524561,3,numeric__lubrication_index,LOW_LUBRICATION_INDEX,0.05712147722596749,-2.319614065674383
SH-MC-11-2025030616,0.5686257801524561,4,numeric__hours_since_maintenance,MAINTENANCE_INTERVAL_EXCEEDED,0.04389367339695705,1.625498923084285
SH-MC-05-2025040500,0.5677689381274861,1,numeric__tool_wear_pct,TOOL_WEAR_ELEVATED,0.07477531574438476,1.8916767849077036
SH-MC-05-2025040500,0.5677689381274861,2,numeric__lubrication_index,LOW_LUBRICATION_INDEX,0.05358557187109454,-1.7302107924950383
SH-MC-05-2025040500,0.5677689381274861,3,numeric__hours_since_maintenance,MAINTENANCE_INTERVAL_EXCEEDED,0.05065296635341663,1.757270756782408
SH-MC-05-2025040500,0.5677689381274861,4,numeric__vibration_rolling_3,SUSTAINED_VIBRATION,0.049902244536851874,2.0413885496044837
SH-MC-07-2025052216,0.56670842047988,1,numeric__tool_wear_pct,TOOL_WEAR_ELEVATED,0.0677371804639627,1.9610345549737862
SH-MC-07-2025052216,0.56670842047988,2,numeric__lubrication_index,LOW_LUBRICATION_INDEX,0.05265401651862383,-1.8960937244875444
SH-MC-07-2025052216,0.56670842047988,3,numeric__hours_since_maintenance,MAINTENANCE_INTERVAL_EXCEEDED,0.04947968439439648,2.429169277207017
SH-MC-07-2025052216,0.56670842047988,4,numeric__vibration_rms,HIGH_VIBRATION_PATTERN,0.040747135260667325,1.6762895745645356
SH-MC-02-2025051916,0.5644614517286647,1,numeric__tool_wear_pct,TOOL_WEAR_ELEVATED,0.08215729382565262,2.383628857121093
SH-MC-02-2025051916,0.5644614517286647,2,numeric__hours_since_maintenance,MAINTENANCE_INTERVAL_EXCEEDED,0.05175118264649517,2.2814799779603607
SH-MC-02-2025051916,0.5644614517286647,3,numeric__lubrication_index,LOW_LUBRICATION_INDEX,0.05087187266902769,-1.9929059957706639
SH-MC-02-2025051916,0.5644614517286647,4,numeric__vibration_rolling_3,SUSTAINED_VIBRATION,0.04701091547735522,1.7764397395106755
SH-MC-02-2025042108,0.5629700585427937,1,numeric__tool_wear_pct,TOOL_WEAR_ELEVATED,0.07467625051231824,1.9727419067555951
SH-MC-02-2025042108,0.5629700585427937,2,numeric__hours_since_maintenance,MAINTENANCE_INTERVAL_EXCEEDED,0.05341380520855968,2.2875661407698473
SH-MC-02-2025042108,0.5629700585427937,3,numeric__lubrication_index,LOW_LUBRICATION_INDEX,0.05187322852085449,-1.8424172735323743
SH-MC-02-2025042108,0.5629700585427937,4,numeric__vibration_rolling_3,SUSTAINED_VIBRATION,0.050614222720543535,1.8508787679163476
SH-MC-10-2025061608,0.5626616341899562,1,numeric__tool_wear_pct,TOOL_WEAR_ELEVATED,0.07421820986193509,2.0231767985086937
SH-MC-10-2025061608,0.5626616341899562,2,numeric__lubrication_index,LOW_LUBRICATION_INDEX,0.05397130783227453,-1.9101450398480555
SH-MC-10-2025061608,0.5626616341899562,3,numeric__hours_since_maintenance,MAINTENANCE_INTERVAL_EXCEEDED,0.053022507713807336,1.8926041022181619
SH-MC-10-2025061608,0.5626616341899562,4,numeric__vibration_rolling_3,SUSTAINED_VIBRATION,0.05178358339127767,2.3945540608030296
SH-MC-10-2025061600,0.562328937725675,1,numeric__tool_wear_pct,TOOL_WEAR_ELEVATED,0.07434362659504787,2.1416892677699964
SH-MC-10-2025061600,0.562328937725675,2,numeric__vibration_rolling_3,SUSTAINED_VIBRATION,0.05117765178011995,2.366801810685863
SH-MC-10-2025061600,0.562328937725675,3,numeric__lubrication_index,LOW_LUBRICATION_INDEX,0.04824845198991374,-1.395943153648502
SH-MC-10-2025061600,0.562328937725675,4,numeric__temperature_c,THERMAL_STRESS,0.04812249548093908,1.6654324406627856
SH-MC-09-2025032816,0.5612169016421494,1,numeric__tool_wear_pct,TOOL_WEAR_ELEVATED,0.06769594542910505,2.203664956776541
SH-MC-09-2025032816,0.5612169016421494,2,numeric__lubrication_index,LOW_LUBRICATION_INDEX,0.05522880820100189,-1.8371906118888017
SH-MC-09-2025032816,0.5612169016421494,3,numeric__vibration_rolling_3,SUSTAINED_VIBRATION,0.051657324932787164,2.208374708657148
SH-MC-09-2025032816,0.5612169016421494,4,numeric__hours_since_maintenance,MAINTENANCE_INTERVAL_EXCEEDED,0.04632349452633044,1.637645453951827
SH-MC-09-2025032908,0.5606026623813436,1,numeric__tool_wear_pct,TOOL_WEAR_ELEVATED,0.06830699268136928,2.4295914241467185
SH-MC-09-2025032908,0.5606026623813436,2,numeric__lubrication_index,LOW_LUBRICATION_INDEX,0.05254689321165024,-3.085985655550422
SH-MC-09-2025032908,0.5606026623813436,3,numeric__hours_since_maintenance,MAINTENANCE_INTERVAL_EXCEEDED,0.04977208242111663,1.902253070372086
SH-MC-09-2025032908,0.5606026623813436,4,numeric__vibration_rolling_3,SUSTAINED_VIBRATION,0.048184324939596145,2.4026974215366748
SH-MC-03-2025031900,0.5593242899289029,1,numeric__tool_wear_pct,TOOL_WEAR_ELEVATED,0.07016709653677461,1.8994680583597077
SH-MC-03-2025031900,0.5593242899289029,2,numeric__lubrication_index,LOW_LUBRICATION_INDEX,0.057476215522920086,-1.7777580872225618
SH-MC-03-2025031900,0.5593242899289029,3,numeric__hours_since_maintenance,MAINTENANCE_INTERVAL_EXCEEDED,0.05425298503026814,1.889225953371054
SH-MC-03-2025031900,0.5593242899289029,4,numeric__vibration_rms,HIGH_VIBRATION_PATTERN,0.038762173583442576,1.6224325212920419
SH-MC-09-2025050300,0.5590909344007,1,numeric__tool_wear_pct,TOOL_WEAR_ELEVATED,0.06842006952490334,2.367221181626987
SH-MC-09-2025050300,0.5590909344007,2,numeric__lubrication_index,LOW_LUBRICATION_INDEX,0.057957326817538776,-2.0967300739997072
SH-MC-09-2025050300,0.5590909344007,3,numeric__vibration_rolling_3,SUSTAINED_VIBRATION,0.05196416238909967,2.421762537213047
SH-MC-09-2025050300,0.5590909344007,4,numeric__hours_since_maintenance,MAINTENANCE_INTERVAL_EXCEEDED,0.04202956884306942,1.765210272774236
SH-MC-08-2025062216,0.5582645831181237,1,numeric__tool_wear_pct,TOOL_WEAR_ELEVATED,0.07681925122029201,2.221627222512025
SH-MC-08-2025062216,0.5582645831181237,2,numeric__vibration_rolling_3,SUSTAINED_VIBRATION,0.05810528082505275,2.3537937498507913
SH-MC-08-2025062216,0.5582645831181237,3,numeric__hours_since_maintenance,MAINTENANCE_INTERVAL_EXCEEDED,0.057122618924948916,2.1439508646254812
SH-MC-08-2025062216,0.5582645831181237,4,numeric__lubrication_index,LOW_LUBRICATION_INDEX,0.04995243660368598,-1.4671820436183298
SH-MC-06-2025060408,0.5577658529731578,1,numeric__tool_wear_pct,TOOL_WEAR_ELEVATED,0.07497141412476588,2.0221075858876323
SH-MC-06-2025060408,0.5577658529731578,2,numeric__lubrication_index,LOW_LUBRICATION_INDEX,0.04867606599843022,-2.1658061940564646
SH-MC-06-2025060408,0.5577658529731578,3,numeric__temperature_c,THERMAL_STRESS,0.038740607683549776,2.038407171006571
SH-MC-06-2025060408,0.5577658529731578,4,numeric__hours_since_maintenance,MAINTENANCE_INTERVAL_EXCEEDED,0.037972330204682506,1.4912520352876584
SH-MC-09-2025032900,0.5569374563591738,1,numeric__tool_wear_pct,TOOL_WEAR_ELEVATED,0.06861691786172859,2.415657119025452
SH-MC-09-2025032900,0.5569374563591738,2,numeric__lubrication_index,LOW_LUBRICATION_INDEX,0.054269554745975675,-1.6353345215858324
SH-MC-09-2025032900,0.5569374563591738,3,numeric__vibration_rolling_3,SUSTAINED_VIBRATION,0.05237793699647547,2.3655092332808354
SH-MC-09-2025032900,0.5569374563591738,4,numeric__hours_since_maintenance,MAINTENANCE_INTERVAL_EXCEEDED,0.04673073425446288,1.7699492621619564
SH-MC-08-2025051400,0.5569374506226148,1,numeric__tool_wear_pct,TOOL_WEAR_ELEVATED,0.06870973248740131,1.9282239829452563
SH-MC-08-2025051400,0.5569374506226148,2,numeric__vibration_rolling_3,SUSTAINED_VIBRATION,0.0600341092833534,2.2097704225294392
SH-MC-08-2025051400,0.5569374506226148,3,numeric__lubrication_index,LOW_LUBRICATION_INDEX,0.05735908071403538,-2.2554191944078195
SH-MC-08-2025051400,0.5569374506226148,4,numeric__hours_since_maintenance,MAINTENANCE_INTERVAL_EXCEEDED,0.0466617443639222,1.6301944837228766
SH-MC-03-2025050708,0.5565032712500096,1,numeric__tool_wear_pct,TOOL_WEAR_ELEVATED,0.07262018639726057,2.160262145021955
SH-MC-03-2025050708,0.5565032712500096,2,numeric__lubrication_index,LOW_LUBRICATION_INDEX,0.05716365849083944,-2.4667580765318076
SH-MC-03-2025050708,0.5565032712500096,3,numeric__hours_since_maintenance,MAINTENANCE_INTERVAL_EXCEEDED,0.04847079426167794,1.7679010908751176
SH-MC-03-2025050708,0.5565032712500096,4,numeric__vibration_rolling_3,SUSTAINED_VIBRATION,0.04434584496909003,1.8862004606222251
SH-MC-03-2025031916,0.5562909736426882,1,numeric__tool_wear_pct,TOOL_WEAR_ELEVATED,0.06722278259399582,2.0183515951368256
SH-MC-03-2025031916,0.5562909736426882,2,numeric__hours_since_maintenance,MAINTENANCE_INTERVAL_EXCEEDED,0.056412183406220104,2.153833569791313
SH-MC-03-2025031916,0.5562909736426882,3,numeric__lubrication_index,LOW_LUBRICATION_INDEX,0.05238367349363943,-2.146512874573273
SH-MC-03-2025031916,0.5562909736426882,4,numeric__vibration_rms,HIGH_VIBRATION_PATTERN,0.036589390997434454,1.6398839935483827
SH-MC-09-2025032808,0.5560704482006508,1,numeric__tool_wear_pct,TOOL_WEAR_ELEVATED,0.06477946043454877,2.062975478134879
SH-MC-09-2025032808,0.5560704482006508,2,numeric__lubrication_index,LOW_LUBRICATION_INDEX,0.05040683802685073,-1.8447425046702313
SH-MC-09-2025032808,0.5560704482006508,3,numeric__vibration_rolling_3,SUSTAINED_VIBRATION,0.05026428202896987,2.158242448842519
SH-MC-09-2025032808,0.5560704482006508,4,numeric__temperature_c,THERMAL_STRESS,0.044676089836834576,2.0179561603026404
SH-MC-08-2025041208,0.5547319143092689,1,numeric__tool_wear_pct,TOOL_WEAR_ELEVATED,0.07288816572070453,2.276764542806691
SH-MC-08-2025041208,0.5547319143092689,2,numeric__lubrication_index,LOW_LUBRICATION_INDEX,0.058646427897523834,-2.3485996211930305
SH-MC-08-2025041208,0.5547319143092689,3,numeric__vibration_rolling_3,SUSTAINED_VIBRATION,0.05078803692880699,2.334180199774738
SH-MC-08-2025041208,0.5547319143092689,4,numeric__hours_since_maintenance,MAINTENANCE_INTERVAL_EXCEEDED,0.04634311257193068,1.6327539692909723
SH-MC-02-2025051908,0.5547124382444338,1,numeric__tool_wear_pct,TOOL_WEAR_ELEVATED,0.07977367339169132,2.3106757985286257
SH-MC-02-2025051908,0.5547124382444338,2,numeric__hours_since_maintenance,MAINTENANCE_INTERVAL_EXCEEDED,0.05340765757422632,2.1539767608490688
SH-MC-02-2025051908,0.5547124382444338,3,numeric__lubrication_index,LOW_LUBRICATION_INDEX,0.04686617457023839,-1.8378141586368724
SH-MC-02-2025051908,0.5547124382444338,4,numeric__vibration_rolling_3,SUSTAINED_VIBRATION,0.04208002669687,1.808477657698879
SH-MC-05-2025040508,0.5541667033923945,1,numeric__tool_wear_pct,TOOL_WEAR_ELEVATED,0.0727110966144739,1.895090208937862
SH-MC-05-2025040508,0.5541667033923945,2,numeric__hours_since_maintenance,MAINTENANCE_INTERVAL_EXCEEDED,0.05247636841585523,1.8847062430454116
SH-MC-05-2025040508,0.5541667033923945,3,numeric__vibration_rolling_3,SUSTAINED_VIBRATION,0.05098478921564071,2.516690038399251
SH-MC-05-2025040508,0.5541667033923945,4,numeric__temperature_c,THERMAL_STRESS,0.05095701137376509,1.9765482364936862
SH-MC-08-2025050516,0.5538909947356259,1,numeric__tool_wear_pct,TOOL_WEAR_ELEVATED,0.06977964141904117,1.945953351122545
SH-MC-08-2025050516,0.5538909947356259,2,numeric__lubrication_index,LOW_LUBRICATION_INDEX,0.05925078521614838,-2.3357686620983116
SH-MC-08-2025050516,0.5538909947356259,3,numeric__vibration_rolling_3,SUSTAINED_VIBRATION,0.05361683559329466,1.9566117499814066
SH-MC-08-2025050516,0.5538909947356259,4,numeric__hours_since_maintenance,MAINTENANCE_INTERVAL_EXCEEDED,0.05256210474920727,1.7693044458046236
SH-MC-09-2025032000,0.5538449889220621,1,numeric__tool_wear_pct,TOOL_WEAR_ELEVATED,0.07157132017122217,2.106504453441664
SH-MC-09-2025032000,0.5538449889220621,2,numeric__lubrication_index,LOW_LUBRICATION_INDEX,0.0601074991238508,-2.2852147933669467
SH-MC-09-2025032000,0.5538449889220621,3,numeric__vibration_rolling_3,SUSTAINED_VIBRATION,0.05222912633786749,2.246978159227376
SH-MC-09-2025032000,0.5538449889220621,4,numeric__hours_since_maintenance,MAINTENANCE_INTERVAL_EXCEEDED,0.05157709499273791,2.0320185818393477
SH-MC-07-2025062316,0.5521887450613889,1,numeric__tool_wear_pct,TOOL_WEAR_ELEVATED,0.07175321180548008,2.152519745598309
SH-MC-07-2025062316,0.5521887450613889,2,numeric__hours_since_maintenance,MAINTENANCE_INTERVAL_EXCEEDED,0.05497918133538891,2.0400183378273287
SH-MC-07-2025062316,0.5521887450613889,3,numeric__lubrication_index,LOW_LUBRICATION_INDEX,0.05103731632387234,-1.6921036821851656
SH-MC-07-2025062316,0.5521887450613889,4,numeric__vibration_rolling_3,SUSTAINED_VIBRATION,0.050189474601236815,2.118001094047239
SH-MC-02-2025043008,0.5517274049979664,1,numeric__tool_wear_pct,TOOL_WEAR_ELEVATED,0.077022680833114,2.242717941694201
SH-MC-02-2025043008,0.5517274049979664,2,numeric__lubrication_index,LOW_LUBRICATION_INDEX,0.055009368596294884,-2.236621047408359
SH-MC-02-2025043008,0.5517274049979664,3,numeric__vibration_rolling_3,SUSTAINED_VIBRATION,0.054795566648223,2.0558074435041673
SH-MC-02-2025043008,0.5517274049979664,4,numeric__temperature_c,THERMAL_STRESS,0.047980516056140995,1.8795778173809332
SH-MC-03-2025062600,0.5516031198540126,1,numeric__tool_wear_pct,TOOL_WEAR_ELEVATED,0.0661867984514868,1.780757555768188
SH-MC-03-2025062600,0.5516031198540126,2,numeric__hours_since_maintenance,MAINTENANCE_INTERVAL_EXCEEDED,0.05658687036729914,2.1560706123478908
SH-MC-03-2025062600,0.5516031198540126,3,numeric__lubrication_index,LOW_LUBRICATION_INDEX,0.054693334839058146,-1.6160407164728028
SH-MC-03-2025062600,0.5516031198540126,4,numeric__vibration_rolling_3,SUSTAINED_VIBRATION,0.04228052489886793,1.7487836047822898
SH-MC-01-2025031000,0.5508824743149813,1,numeric__tool_wear_pct,TOOL_WEAR_ELEVATED,0.0730559896007354,2.311448273799887
SH-MC-01-2025031000,0.5508824743149813,2,numeric__lubrication_index,LOW_LUBRICATION_INDEX,0.05919365952828374,-1.7478743162085453
SH-MC-01-2025031000,0.5508824743149813,3,numeric__hours_since_maintenance,MAINTENANCE_INTERVAL_EXCEEDED,0.05219620957885519,2.137132069742373
SH-MC-01-2025031000,0.5508824743149813,4,numeric__vibration_rolling_3,SUSTAINED_VIBRATION,0.047793497446928,1.920801781381168
SH-MC-10-2025050700,0.550325743633174,1,numeric__tool_wear_pct,TOOL_WEAR_ELEVATED,0.06358058742059956,1.9566638089852555
SH-MC-10-2025050700,0.550325743633174,2,numeric__vibration_rolling_3,SUSTAINED_VIBRATION,0.05872966461877734,2.275423555587019
SH-MC-10-2025050700,0.550325743633174,3,numeric__lubrication_index,LOW_LUBRICATION_INDEX,0.05615288804684569,-2.2265801103974066
SH-MC-10-2025050700,0.550325743633174,4,numeric__temperature_c,THERMAL_STRESS,0.04307822464269441,2.1790444185827136
SH-MC-09-2025031916,0.54905382023564,1,numeric__tool_wear_pct,TOOL_WEAR_ELEVATED,0.07128501782810108,2.062682528138741
SH-MC-09-2025031916,0.54905382023564,2,numeric__lubrication_index,LOW_LUBRICATION_INDEX,0.05799482687291095,-2.4126885000645646
SH-MC-09-2025031916,0.54905382023564,3,numeric__hours_since_maintenance,MAINTENANCE_INTERVAL_EXCEEDED,0.05131556061517823,1.8997147736292184
SH-MC-09-2025031916,0.54905382023564,4,numeric__vibration_rolling_3,SUSTAINED_VIBRATION,0.0411481863131058,1.7401420568039465
SH-MC-08-2025032216,0.5490468722432686,1,numeric__tool_wear_pct,TOOL_WEAR_ELEVATED,0.07931381666304645,2.0906998276302224
SH-MC-08-2025032216,0.5490468722432686,2,numeric__vibration_rolling_3,SUSTAINED_VIBRATION,0.05367339800967403,2.1322501178219797
SH-MC-08-2025032216,0.5490468722432686,3,numeric__hours_since_maintenance,MAINTENANCE_INTERVAL_EXCEEDED,0.05307487086128674,2.2792205280519284
SH-MC-08-2025032216,0.5490468722432686,4,numeric__lubrication_index,LOW_LUBRICATION_INDEX,0.05295920658817776,-1.8439305152163303
SH-MC-02-2025052800,0.5487109296927333,1,numeric__tool_wear_pct,TOOL_WEAR_ELEVATED,0.07661670520033358,2.0151457286121515
SH-MC-02-2025052800,0.5487109296927333,2,numeric__vibration_rolling_3,SUSTAINED_VIBRATION,0.05280461993019094,1.982834142950451
SH-MC-02-2025052800,0.5487109296927333,3,numeric__temperature_c,THERMAL_STRESS,0.04734343356415977,1.939278087002992
SH-MC-02-2025052800,0.5487109296927333,4,numeric__hours_since_maintenance,MAINTENANCE_INTERVAL_EXCEEDED,0.046328686783465876,1.6331030799859352
SH-MC-04-2025062100,0.5485793141032749,1,numeric__tool_wear_pct,TOOL_WEAR_ELEVATED,0.07711255172646354,2.037872237830267
SH-MC-04-2025062100,0.5485793141032749,2,numeric__hours_since_maintenance,MAINTENANCE_INTERVAL_EXCEEDED,0.05535252042463018,2.028423341899895
SH-MC-04-2025062100,0.5485793141032749,3,numeric__lubrication_index,LOW_LUBRICATION_INDEX,0.05340227821818211,-1.971723356136703
SH-MC-04-2025062100,0.5485793141032749,4,numeric__temperature_c,THERMAL_STRESS,0.04772838257915302,1.9136775412541203
SH-MC-06-2025030208,0.54844168428628,1,numeric__tool_wear_pct,TOOL_WEAR_ELEVATED,0.06959301095808644,2.3598902212661677
SH-MC-06-2025030208,0.54844168428628,2,numeric__lubrication_index,LOW_LUBRICATION_INDEX,0.05542475650535358,-1.6149076547248389
SH-MC-06-2025030208,0.54844168428628,3,numeric__hours_since_maintenance,MAINTENANCE_INTERVAL_EXCEEDED,0.05241591529332382,2.0267137739590386
SH-MC-06-2025030208,0.54844168428628,4,numeric__temperature_c,THERMAL_STRESS,0.03723094322277997,1.4566853288823631
SH-MC-09-2025042408,0.5478818921144025,1,numeric__tool_wear_pct,TOOL_WEAR_ELEVATED,0.07041780077666876,1.9676400859995187
SH-MC-09-2025042408,0.5478818921144025,2,numeric__lubrication_index,LOW_LUBRICATION_INDEX,0.055026081199740645,-1.9400621286015227
SH-MC-09-2025042408,0.5478818921144025,3,numeric__hours_since_maintenance,MAINTENANCE_INTERVAL_EXCEEDED,0.04682898209249476,1.7586407939295134
SH-MC-09-2025042408,0.5478818921144025,4,numeric__vibration_rolling_3,SUSTAINED_VIBRATION,0.04021520434142331,1.9253500618909585
SH-MC-01-2025031016,0.546679952479001,1,numeric__tool_wear_pct,TOOL_WEAR_ELEVATED,0.05709370641607856,2.744905543582216
SH-MC-01-2025031016,0.546679952479001,2,numeric__lubrication_index,LOW_LUBRICATION_INDEX,0.056669086946013913,-2.132124976233195
SH-MC-01-2025031016,0.546679952479001,3,numeric__vibration_rolling_3,SUSTAINED_VIBRATION,0.052557986712985956,2.3257389432564355
SH-MC-01-2025031016,0.546679952479001,4,numeric__hours_since_maintenance,MAINTENANCE_INTERVAL_EXCEEDED,0.04838375542240258,2.3952445817510193
SH-MC-02-2025042916,0.5462075149593029,1,numeric__tool_wear_pct,TOOL_WEAR_ELEVATED,0.07725479871545847,2.2223953833040917
SH-MC-02-2025042916,0.5462075149593029,2,numeric__lubrication_index,LOW_LUBRICATION_INDEX,0.0465753288712323,-2.2000728518585446
SH-MC-02-2025042916,0.5462075149593029,3,numeric__temperature_c,THERMAL_STRESS,0.043296680263797634,2.103797535009198
SH-MC-02-2025042916,0.5462075149593029,4,numeric__vibration_rolling_3,SUSTAINED_VIBRATION,0.04224098082690589,1.8170035419393729
SH-MC-01-2025030916,0.5436960431684308,1,numeric__tool_wear_pct,TOOL_WEAR_ELEVATED,0.0766932961666678,2.1267197219177345
SH-MC-01-2025030916,0.5436960431684308,2,numeric__hours_since_maintenance,MAINTENANCE_INTERVAL_EXCEEDED,0.05471726078006627,2.0048282615322437
SH-MC-01-2025030916,0.5436960431684308,3,numeric__lubrication_index,LOW_LUBRICATION_INDEX,0.053813217048665415,-1.7231243652650896
SH-MC-01-2025030916,0.5436960431684308,4,numeric__vibration_rolling_3,SUSTAINED_VIBRATION,0.04432427802753334,1.8591764183007413
SH-MC-02-2025042100,0.5432491093969916,1,numeric__tool_wear_pct,TOOL_WEAR_ELEVATED,0.07521995380279003,2.0027221205849113
SH-MC-02-2025042100,0.5432491093969916,2,numeric__hours_since_maintenance,MAINTENANCE_INTERVAL_EXCEEDED,0.057147586211998065,2.1601306545068435
SH-MC-02-2025042100,0.5432491093969916,3,numeric__lubrication_index,LOW_LUBRICATION_INDEX,0.053964413730926114,-1.785393271999117
SH-MC-02-2025042100,0.5432491093969916,4,numeric__temperature_c,THERMAL_STRESS,0.04116185114949128,1.8570100974218764
SH-MC-08-2025062300,0.542054680161092,1,numeric__tool_wear_pct,TOOL_WEAR_ELEVATED,0.07403031828404104,2.2450844756223716
SH-MC-08-2025062300,0.542054680161092,2,numeric__hours_since_maintenance,MAINTENANCE_INTERVAL_EXCEEDED,0.055165304637861394,2.27625467283561
SH-MC-08-2025062300,0.542054680161092,3,numeric__vibration_rolling_3,SUSTAINED_VIBRATION,0.05425473073653701,2.313161286227607
SH-MC-08-2025062300,0.542054680161092,4,numeric__lubrication_index,LOW_LUBRICATION_INDEX,0.05403310350367509,-2.249830981570986
SH-MC-01-2025053100,0.5415101102246059,1,numeric__tool_wear_pct,TOOL_WEAR_ELEVATED,0.061654429004387404,1.738963786990045
SH-MC-01-2025053100,0.5415101102246059,2,numeric__lubrication_index,LOW_LUBRICATION_INDEX,0.05638006793936765,-1.9829954604871722
SH-MC-01-2025053100,0.5415101102246059,3,numeric__hours_since_maintenance,MAINTENANCE_INTERVAL_EXCEEDED,0.05010266904909099,1.769203701488482
SH-MC-01-2025053100,0.5415101102246059,4,numeric__temperature_c,THERMAL_STRESS,0.04260725427573338,1.7444155862413726
SH-MC-06-2025051908,0.5404277459585634,1,numeric__tool_wear_pct,TOOL_WEAR_ELEVATED,0.07080658633342583,2.5365776922380068
SH-MC-06-2025051908,0.5404277459585634,2,numeric__lubrication_index,LOW_LUBRICATION_INDEX,0.05775044531053071,-1.9708122979933937
SH-MC-06-2025051908,0.5404277459585634,3,numeric__hours_since_maintenance,MAINTENANCE_INTERVAL_EXCEEDED,0.04777867553281918,2.2819786719002426
SH-MC-06-2025051908,0.5404277459585634,4,numeric__vibration_rolling_3,SUSTAINED_VIBRATION,0.045413086260823576,1.942779375687227
SH-MC-02-2025040116,0.5399626741728475,1,numeric__tool_wear_pct,TOOL_WEAR_ELEVATED,0.06134985402767233,1.7642873969347335
SH-MC-02-2025040116,0.5399626741728475,2,numeric__hours_since_maintenance,MAINTENANCE_INTERVAL_EXCEEDED,0.05247396603641741,2.0170909430857273
SH-MC-02-2025040116,0.5399626741728475,3,numeric__lubrication_index,LOW_LUBRICATION_INDEX,0.05000423932357386,-1.971414777395197
SH-MC-02-2025040116,0.5399626741728475,4,numeric__vibration_rolling_3,SUSTAINED_VIBRATION,0.04587326124506898,1.8677485161950698
SH-MC-07-2025052200,0.5384074473713732,1,numeric__tool_wear_pct,TOOL_WEAR_ELEVATED,0.06552703291649373,1.9836460184558362
SH-MC-07-2025052200,0.5384074473713732,2,numeric__hours_since_maintenance,MAINTENANCE_INTERVAL_EXCEEDED,0.053607215066716646,2.1645616607867577
SH-MC-07-2025052200,0.5384074473713732,3,numeric__lubrication_index,LOW_LUBRICATION_INDEX,0.04251238743359339,-1.2459326034144698
SH-MC-07-2025052200,0.5384074473713732,4,numeric__temperature_c,THERMAL_STRESS,0.03782704494731792,1.3358797706925858
SH-MC-03-2025062500,0.5377860248452077,1,numeric__tool_wear_pct,TOOL_WEAR_ELEVATED,0.06790235246377792,1.961276214462826
SH-MC-03-2025062500,0.5377860248452077,2,numeric__lubrication_index,LOW_LUBRICATION_INDEX,0.05323187991782306,-2.010972569295495
SH-MC-03-2025062500,0.5377860248452077,3,numeric__hours_since_maintenance,MAINTENANCE_INTERVAL_EXCEEDED,0.04607477844737908,1.7622485291365655
SH-MC-03-2025062500,0.5377860248452077,4,numeric__vibration_rolling_3,SUSTAINED_VIBRATION,0.04586616577555103,2.0525647252481143
SH-MC-02-2025060508,0.537456646667465,1,numeric__tool_wear_pct,TOOL_WEAR_ELEVATED,0.07564723365040808,2.479654656956154
SH-MC-02-2025060508,0.537456646667465,2,numeric__vibration_rolling_3,SUSTAINED_VIBRATION,0.051676026638106755,1.728932598194777
SH-MC-02-2025060508,0.537456646667465,3,numeric__hours_since_maintenance,MAINTENANCE_INTERVAL_EXCEEDED,0.05034785994928091,1.7480782887667912
SH-MC-02-2025060508,0.537456646667465,4,numeric__lubrication_index,LOW_LUBRICATION_INDEX,0.04594829680679318,-2.219559698575238
SH-MC-09-2025050308,0.5372861332570219,1,numeric__tool_wear_pct,TOOL_WEAR_ELEVATED,0.06911223824802112,2.3006743496851194
SH-MC-09-2025050308,0.5372861332570219,2,numeric__hours_since_maintenance,MAINTENANCE_INTERVAL_EXCEEDED,0.05034573734792404,1.8926457590372396
SH-MC-09-2025050308,0.5372861332570219,3,numeric__vibration_rolling_3,SUSTAINED_VIBRATION,0.04980195145671426,2.4696913691547615
SH-MC-09-2025050308,0.5372861332570219,4,numeric__lubrication_index,LOW_LUBRICATION_INDEX,0.045146084561881246,-1.5728551431523978
SH-MC-02-2025040108,0.5371404376686849,1,numeric__tool_wear_pct,TOOL_WEAR_ELEVATED,0.0690476590320086,1.9314175433820033
SH-MC-02-2025040108,0.5371404376686849,2,numeric__hours_since_maintenance,MAINTENANCE_INTERVAL_EXCEEDED,0.051664888596474244,1.884787134875598
SH-MC-02-2025040108,0.5371404376686849,3,numeric__vibration_rolling_3,SUSTAINED_VIBRATION,0.04455712427708963,1.7765539718526338
SH-MC-02-2025040108,0.5371404376686849,4,numeric__temperature_c,THERMAL_STRESS,0.042176248630503,1.8921315501923344
SH-MC-08-2025040400,0.5355059411553501,1,numeric__tool_wear_pct,TOOL_WEAR_ELEVATED,0.06389981237412619,1.8150777314159374
SH-MC-08-2025040400,0.5355059411553501,2,numeric__hours_since_maintenance,MAINTENANCE_INTERVAL_EXCEEDED,0.05184259487354047,2.2801456821758697
SH-MC-08-2025040400,0.5355059411553501,3,numeric__lubrication_index,LOW_LUBRICATION_INDEX,0.05106881188979684,-2.0519670734984254
SH-MC-08-2025040400,0.5355059411553501,4,numeric__vibration_rolling_3,SUSTAINED_VIBRATION,0.04222433682782533,1.8520077931715948
SH-MC-10-2025031316,0.5347359061744417,1,numeric__tool_wear_pct,TOOL_WEAR_ELEVATED,0.05630291231521672,1.5927664716504937
SH-MC-10-2025031316,0.5347359061744417,2,numeric__lubrication_index,LOW_LUBRICATION_INDEX,0.05015528016455733,-1.3530855943442495
SH-MC-10-2025031316,0.5347359061744417,3,numeric__hours_since_maintenance,MAINTENANCE_INTERVAL_EXCEEDED,0.04264748448353676,1.496221016286454
SH-MC-10-2025031316,0.5347359061744417,4,numeric__temperature_c,THERMAL_STRESS,0.04162029519362649,1.5990814135114315
SH-MC-08-2025040408,0.53409616755139,1,numeric__tool_wear_pct,TOOL_WEAR_ELEVATED,0.07528256807093094,2.4020976671064673
SH-MC-08-2025040408,0.53409616755139,2,numeric__vibration_rolling_3,SUSTAINED_VIBRATION,0.04915569278919098,2.1133275409950967
SH-MC-08-2025040408,0.53409616755139,3,numeric__lubrication_index,LOW_LUBRICATION_INDEX,0.047065171476970355,-1.6300023465202522
SH-MC-08-2025040408,0.53409616755139,4,numeric__hours_since_maintenance,MAINTENANCE_INTERVAL_EXCEEDED,0.04662070237024084,2.412449490385999
SH-MC-08-2025051416,0.5339321318209452,1,numeric__tool_wear_pct,TOOL_WEAR_ELEVATED,0.0735928493986507,2.127011299910257
SH-MC-08-2025051416,0.5339321318209452,2,numeric__lubrication_index,LOW_LUBRICATION_INDEX,0.0587596095162822,-2.3720407444821396
SH-MC-08-2025051416,0.5339321318209452,3,numeric__hours_since_maintenance,MAINTENANCE_INTERVAL_EXCEEDED,0.055031214913909186,1.8948021001431357
SH-MC-08-2025051416,0.5339321318209452,4,numeric__vibration_rolling_3,SUSTAINED_VIBRATION,0.05048023294063281,2.0631555480854913
SH-MC-07-2025041100,0.5334989508839443,1,numeric__tool_wear_pct,TOOL_WEAR_ELEVATED,0.06879492100313662,2.419140029230244
SH-MC-07-2025041100,0.5334989508839443,2,numeric__lubrication_index,LOW_LUBRICATION_INDEX,0.05437302430750789,-2.6602233998300946
SH-MC-07-2025041100,0.5334989508839443,3,numeric__vibration_rolling_3,SUSTAINED_VIBRATION,0.050401922018126516,2.6043505158791427
SH-MC-07-2025041100,0.5334989508839443,4,numeric__hours_since_maintenance,MAINTENANCE_INTERVAL_EXCEEDED,0.04972735721989292,2.53225335290048
SH-MC-11-2025061300,0.5326927424035981,1,numeric__tool_wear_pct,TOOL_WEAR_ELEVATED,0.07416420398324354,2.0908152570584635
SH-MC-11-2025061300,0.5326927424035981,2,numeric__hours_since_maintenance,MAINTENANCE_INTERVAL_EXCEEDED,0.04970156755920361,2.542859157502714
SH-MC-11-2025061300,0.5326927424035981,3,numeric__lubrication_index,LOW_LUBRICATION_INDEX,0.04663090637305493,-2.1438146564466485
SH-MC-11-2025061300,0.5326927424035981,4,numeric__temperature_c,THERMAL_STRESS,0.04508613793076609,1.63456995639801
SH-MC-03-2025062508,0.5323643808059513,1,numeric__tool_wear_pct,TOOL_WEAR_ELEVATED,0.06458809136281589,1.8045935570869474
SH-MC-03-2025062508,0.5323643808059513,2,numeric__hours_since_maintenance,MAINTENANCE_INTERVAL_EXCEEDED,0.05705025499783825,1.894552337346695
SH-MC-03-2025062508,0.5323643808059513,3,numeric__lubrication_index,LOW_LUBRICATION_INDEX,0.0499003635283185,-2.338030393509679
SH-MC-03-2025062508,0.5323643808059513,4,numeric__temperature_c,THERMAL_STRESS,0.03962029594348276,1.8785199572616196
SH-MC-07-2025042308,0.5323039002890687,1,numeric__tool_wear_pct,TOOL_WEAR_ELEVATED,0.05813342443047908,1.7352144848389777
SH-MC-07-2025042308,0.5323039002890687,2,numeric__hours_since_maintenance,MAINTENANCE_INTERVAL_EXCEEDED,0.04730236452524579,1.8877375458483148
SH-MC-07-2025042308,0.5323039002890687,3,numeric__temperature_c,THERMAL_STRESS,0.033706651383619765,1.1903407939770771
SH-MC-07-2025042308,0.5323039002890687,4,numeric__vibration_rolling_3,SUSTAINED_VIBRATION,0.032960664817064465,1.65709913818067
SH-MC-06-2025052000,0.5322137675182045,1,numeric__lubrication_index,LOW_LUBRICATION_INDEX,0.0641520272756518,-2.3289717985283294
SH-MC-06-2025052000,0.5322137675182045,2,numeric__tool_wear_pct,TOOL_WEAR_ELEVATED,0.05331272684873751,2.9013301391567397
SH-MC-06-2025052000,0.5322137675182045,3,numeric__vibration_rolling_3,SUSTAINED_VIBRATION,0.04695229662946971,2.053939826202572
SH-MC-06-2025052000,0.5322137675182045,4,numeric__hours_since_maintenance,MAINTENANCE_INTERVAL_EXCEEDED,0.044487465259272975,2.5465862883205013
SH-MC-08-2025062200,0.5307658506193009,1,numeric__tool_wear_pct,TOOL_WEAR_ELEVATED,0.061314709180860384,1.767324000938109
SH-MC-08-2025062200,0.5307658506193009,2,numeric__hours_since_maintenance,MAINTENANCE_INTERVAL_EXCEEDED,0.054939786010880204,1.889354232018102
SH-MC-08-2025062200,0.5307658506193009,3,numeric__lubrication_index,LOW_LUBRICATION_INDEX,0.051268617907317626,-1.7723268833974617
SH-MC-08-2025062200,0.5307658506193009,4,numeric__temperature_c,THERMAL_STRESS,0.04570269636600296,2.0076135849090773
SH-MC-10-2025041008,0.53048908664715,1,numeric__tool_wear_pct,TOOL_WEAR_ELEVATED,0.07418986227769149,2.103820864871679
SH-MC-10-2025041008,0.53048908664715,2,numeric__lubrication_index,LOW_LUBRICATION_INDEX,0.05213281717994939,-1.7807022811191713
SH-MC-10-2025041008,0.53048908664715,3,numeric__hours_since_maintenance,MAINTENANCE_INTERVAL_EXCEEDED,0.04397333015592893,2.2755427488297597
SH-MC-10-2025041008,0.53048908664715,4,numeric__vibration_rolling_3,SUSTAINED_VIBRATION,0.04317892938228441,2.629764787826557
SH-MC-02-2025043000,0.529848092956733,1,numeric__tool_wear_pct,TOOL_WEAR_ELEVATED,0.06455144077556695,1.86658933601469
SH-MC-02-2025043000,0.529848092956733,2,numeric__lubrication_index,LOW_LUBRICATION_INDEX,0.05708392426157682,-2.4726348142277668
SH-MC-02-2025043000,0.529848092956733,3,numeric__vibration_rolling_3,SUSTAINED_VIBRATION,0.0532905074928651,1.9435615051966344
SH-MC-02-2025043000,0.529848092956733,4,numeric__hours_since_maintenance,MAINTENANCE_INTERVAL_EXCEEDED,0.04128961282691279,1.4913222293912554
SH-MC-06-2025061308,0.5260214805518922,1,numeric__tool_wear_pct,TOOL_WEAR_ELEVATED,0.06446903043305258,2.528835834120736
SH-MC-06-2025061308,0.5260214805518922,2,numeric__vibration_rolling_3,SUSTAINED_VIBRATION,0.053675694435089114,2.105330677814812
SH-MC-06-2025061308,0.5260214805518922,3,numeric__lubrication_index,LOW_LUBRICATION_INDEX,0.05084367803958145,-1.9414089883146994
SH-MC-06-2025061308,0.5260214805518922,4,numeric__hours_since_maintenance,MAINTENANCE_INTERVAL_EXCEEDED,0.043657437669383306,2.0192510836703947
SH-MC-07-2025062300,0.5256884826038313,1,numeric__tool_wear_pct,TOOL_WEAR_ELEVATED,0.07445772324269874,2.018213113943481
SH-MC-07-2025062300,0.5256884826038313,2,numeric__hours_since_maintenance,MAINTENANCE_INTERVAL_EXCEEDED,0.053046072159236735,1.7774068320413756
SH-MC-07-2025062300,0.5256884826038313,3,numeric__lubrication_index,LOW_LUBRICATION_INDEX,0.05210126373433869,-1.8102396145304827
SH-MC-07-2025062300,0.5256884826038313,4,numeric__temperature_c,THERMAL_STRESS,0.04142186436147734,2.021854233470904
SH-MC-05-2025040416,0.5255603007580603,1,numeric__tool_wear_pct,TOOL_WEAR_ELEVATED,0.060506742581214266,1.7823610991733023
SH-MC-05-2025040416,0.5255603007580603,2,numeric__vibration_rolling_3,SUSTAINED_VIBRATION,0.050240617549304194,2.000525768810189
SH-MC-05-2025040416,0.5255603007580603,3,numeric__lubrication_index,LOW_LUBRICATION_INDEX,0.04835510903681066,-1.765328890325185
SH-MC-05-2025040416,0.5255603007580603,4,numeric__hours_since_maintenance,MAINTENANCE_INTERVAL_EXCEEDED,0.045351524844878234,1.6249669485722786
SH-MC-06-2025051816,0.525394831351521,1,numeric__tool_wear_pct,TOOL_WEAR_ELEVATED,0.07107715896929159,2.139915977790335
SH-MC-06-2025051816,0.525394831351521,2,numeric__lubrication_index,LOW_LUBRICATION_INDEX,0.05253873782732206,-2.202518164529973
SH-MC-06-2025051816,0.525394831351521,3,numeric__hours_since_maintenance,MAINTENANCE_INTERVAL_EXCEEDED,0.05139628117182632,2.0239420541701887
SH-MC-06-2025051816,0.525394831351521,4,numeric__vibration_rolling_3,SUSTAINED_VIBRATION,0.03091577266971981,1.6548926299173714
SH-MC-07-2025042300,0.525372359875149,1,numeric__tool_wear_pct,TOOL_WEAR_ELEVATED,0.05675950626281636,1.7580408069385156
SH-MC-07-2025042300,0.525372359875149,2,numeric__lubrication_index,LOW_LUBRICATION_INDEX,0.047577113651409174,-1.2227901997550623
SH-MC-07-2025042300,0.525372359875149,3,numeric__hours_since_maintenance,MAINTENANCE_INTERVAL_EXCEEDED,0.04278467373181686,1.7603020595853114
SH-MC-07-2025042300,0.525372359875149,4,numeric__temperature_c,THERMAL_STRESS,0.03563980206907399,1.3184463714836592
SH-MC-06-2025051916,0.5244982803694298,1,numeric__lubrication_index,LOW_LUBRICATION_INDEX,0.05931128181744736,-2.0287312363211387
SH-MC-06-2025051916,0.5244982803694298,2,numeric__vibration_rolling_3,SUSTAINED_VIBRATION,0.052102599944525,2.1473424193955064
SH-MC-06-2025051916,0.5244982803694298,3,numeric__tool_wear_pct,TOOL_WEAR_ELEVATED,0.051241905121863156,2.9226549071062013
SH-MC-06-2025051916,0.5244982803694298,4,numeric__hours_since_maintenance,MAINTENANCE_INTERVAL_EXCEEDED,0.04558408710298562,2.414282480110372
SH-MC-03-2025052108,0.5232086820370967,1,numeric__tool_wear_pct,TOOL_WEAR_ELEVATED,0.059576397106403466,1.867890380670167
SH-MC-03-2025052108,0.5232086820370967,2,numeric__lubrication_index,LOW_LUBRICATION_INDEX,0.04807779543752562,-1.6835139943556632
SH-MC-03-2025052108,0.5232086820370967,3,numeric__temperature_c,THERMAL_STRESS,0.04068909902808439,1.7336785344729309
SH-MC-03-2025052108,0.5232086820370967,4,numeric__hours_since_maintenance,MAINTENANCE_INTERVAL_EXCEEDED,0.039727682495311396,1.4907076727197552
SH-MC-03-2025031908,0.5225150987654683,1,numeric__tool_wear_pct,TOOL_WEAR_ELEVATED,0.0562663643775693,1.694291553780686
SH-MC-03-2025031908,0.5225150987654683,2,numeric__hours_since_maintenance,MAINTENANCE_INTERVAL_EXCEEDED,0.05593056921725122,2.0215297615811836
SH-MC-03-2025031908,0.5225150987654683,3,numeric__lubrication_index,LOW_LUBRICATION_INDEX,0.05132088701982974,-1.699922486439561
SH-MC-03-2025031908,0.5225150987654683,4,numeric__temperature_c,THERMAL_STRESS,0.0354147238498612,1.5348589774380303
SH-MC-04-2025030816,0.5224576483363494,1,numeric__tool_wear_pct,TOOL_WEAR_ELEVATED,0.06044131032010792,1.7415897276616454
SH-MC-04-2025030816,0.5224576483363494,2,numeric__lubrication_index,LOW_LUBRICATION_INDEX,0.050990388105198424,-1.78553205843131
SH-MC-04-2025030816,0.5224576483363494,3,numeric__hours_since_maintenance,MAINTENANCE_INTERVAL_EXCEEDED,0.045825656015289803,1.6014444564955868
SH-MC-04-2025030816,0.5224576483363494,4,numeric__vibration_rolling_3,SUSTAINED_VIBRATION,0.0453374343118283,1.9213118405569674
SH-MC-02-2025043016,0.5224225631089265,1,numeric__tool_wear_pct,TOOL_WEAR_ELEVATED,0.07821425097629059,2.388298276661688
SH-MC-02-2025043016,0.5224225631089265,2,numeric__vibration_rolling_3,SUSTAINED_VIBRATION,0.05665104624035881,2.376619600890155
SH-MC-02-2025043016,0.5224225631089265,3,numeric__lubrication_index,LOW_LUBRICATION_INDEX,0.05246620402046774,-1.9732744019892876
SH-MC-02-2025043016,0.5224225631089265,4,numeric__hours_since_maintenance,MAINTENANCE_INTERVAL_EXCEEDED,0.048270704753956756,1.7559298458115142
SH-MC-12-2025051408,0.5219788968020369,1,numeric__tool_wear_pct,TOOL_WEAR_ELEVATED,0.06088768853299359,1.788115185063411
SH-MC-12-2025051408,0.5219788968020369,2,numeric__hours_since_maintenance,MAINTENANCE_INTERVAL_EXCEEDED,0.05181239449885537,2.4147815603452303
SH-MC-12-2025051408,0.5219788968020369,3,numeric__lubrication_index,LOW_LUBRICATION_INDEX,0.05141171611282525,-1.5654655619741857
SH-MC-12-2025051408,0.5219788968020369,4,numeric__temperature_c,THERMAL_STRESS,0.04118217290684855,1.9702507912824938
SH-MC-01-2025053116,0.5206563875097158,1,numeric__tool_wear_pct,TOOL_WEAR_ELEVATED,0.06788569008268691,1.8675609569522396
SH-MC-01-2025053116,0.5206563875097158,2,numeric__hours_since_maintenance,MAINTENANCE_INTERVAL_EXCEEDED,0.058431430044476325,2.024556028610998
SH-MC-01-2025053116,0.5206563875097158,3,numeric__lubrication_index,LOW_LUBRICATION_INDEX,0.04728562703907057,-1.9271402631746517
SH-MC-01-2025053116,0.5206563875097158,4,numeric__temperature_c,THERMAL_STRESS,0.046408474381988425,2.0679473749551858
SH-MC-09-2025042416,0.520596889211149,1,numeric__tool_wear_pct,TOOL_WEAR_ELEVATED,0.07172652462637706,2.1508837446320768
SH-MC-09-2025042416,0.520596889211149,2,numeric__lubrication_index,LOW_LUBRICATION_INDEX,0.05243622313521164,-1.8680053005311996
SH-MC-09-2025042416,0.520596889211149,3,numeric__vibration_rolling_3,SUSTAINED_VIBRATION,0.05053868660338519,2.158210736873945
SH-MC-09-2025042416,0.520596889211149,4,numeric__hours_since_maintenance,MAINTENANCE_INTERVAL_EXCEEDED,0.04954261448767067,1.8909446021396428
SH-MC-04-2025062016,0.519941395636014,1,numeric__tool_wear_pct,TOOL_WEAR_ELEVATED,0.07139113178477458,1.9720937845955593
SH-MC-04-2025062016,0.519941395636014,2,numeric__hours_since_maintenance,MAINTENANCE_INTERVAL_EXCEEDED,0.05371664488335078,1.901370650952277
SH-MC-04-2025062016,0.519941395636014,3,numeric__lubrication_index,LOW_LUBRICATION_INDEX,0.05261666639740987,-1.7708884648868655
SH-MC-04-2025062016,0.519941395636014,4,numeric__vibration_rolling_3,SUSTAINED_VIBRATION,0.05227582604442637,1.7482238452602314
SH-MC-04-2025060716,0.5198825151297014,1,numeric__tool_wear_pct,TOOL_WEAR_ELEVATED,0.06343657936492875,1.8189962715385632
SH-MC-04-2025060716,0.5198825151297014,2,numeric__temperature_c,THERMAL_STRESS,0.044636735776439194,2.0429204393354174
SH-MC-04-2025060716,0.5198825151297014,3,numeric__lubrication_index,LOW_LUBRICATION_INDEX,0.04454019502684064,-1.473608781319942
SH-MC-04-2025060716,0.5198825151297014,4,numeric__vibration_rolling_3,SUSTAINED_VIBRATION,0.040212430198620225,1.8948044345647745
SH-MC-10-2025050716,0.5196725532652184,1,numeric__tool_wear_pct,TOOL_WEAR_ELEVATED,0.06442806654139582,1.946322275154105
SH-MC-10-2025050716,0.5196725532652184,2,numeric__vibration_rolling_3,SUSTAINED_VIBRATION,0.05157047844134761,2.4192501669717488
SH-MC-10-2025050716,0.5196725532652184,3,numeric__lubrication_index,LOW_LUBRICATION_INDEX,0.04934614457693457,-1.8260830634565008
SH-MC-10-2025050716,0.5196725532652184,4,numeric__hours_since_maintenance,MAINTENANCE_INTERVAL_EXCEEDED,0.038894288689042614,1.2214284492581768
SH-MC-04-2025030900,0.5194735262114717,1,numeric__tool_wear_pct,TOOL_WEAR_ELEVATED,0.06147156220290449,1.8109499225052441
SH-MC-04-2025030900,0.5194735262114717,2,numeric__lubrication_index,LOW_LUBRICATION_INDEX,0.05383844227863247,-1.8491275915197423
SH-MC-04-2025030900,0.5194735262114717,3,numeric__hours_since_maintenance,MAINTENANCE_INTERVAL_EXCEEDED,0.04869684771310999,1.7337482647057163
SH-MC-04-2025030900,0.5194735262114717,4,numeric__vibration_rolling_3,SUSTAINED_VIBRATION,0.04755716756898076,1.9346047178876375
SH-MC-08-2025051316,0.5193900423825982,1,numeric__tool_wear_pct,TOOL_WEAR_ELEVATED,0.06384186450386081,1.8765436139642528
SH-MC-08-2025051316,0.5193900423825982,2,numeric__vibration_rolling_3,SUSTAINED_VIBRATION,0.056995492837677006,2.195200096159216
SH-MC-08-2025051316,0.5193900423825982,3,numeric__lubrication_index,LOW_LUBRICATION_INDEX,0.05315824984252637,-2.2770848197376496
SH-MC-08-2025051316,0.5193900423825982,4,numeric__hours_since_maintenance,MAINTENANCE_INTERVAL_EXCEEDED,0.0397145101605257,1.4978906755127472
SH-MC-01-2025053108,0.5190643612401091,1,numeric__tool_wear_pct,TOOL_WEAR_ELEVATED,0.07228216747052928,2.1252398376445565
SH-MC-01-2025053108,0.5190643612401091,2,numeric__hours_since_maintenance,MAINTENANCE_INTERVAL_EXCEEDED,0.05120427032531132,1.8966391877514857
SH-MC-01-2025053108,0.5190643612401091,3,numeric__lubrication_index,LOW_LUBRICATION_INDEX,0.04577735956073427,-1.456333448574749
SH-MC-01-2025053108,0.5190643612401091,4,numeric__vibration_rolling_3,SUSTAINED_VIBRATION,0.041934097046640174,1.8171718464261564
SH-MC-06-2025040708,0.5184389440543338,1,numeric__tool_wear_pct,TOOL_WEAR_ELEVATED,0.06355635886738088,1.8992921404694112
SH-MC-06-2025040708,0.5184389440543338,2,numeric__lubrication_index,LOW_LUBRICATION_INDEX,0.050841359956066236,-1.9850188105821025
SH-MC-06-2025040708,0.5184389440543338,3,numeric__hours_since_maintenance,MAINTENANCE_INTERVAL_EXCEEDED,0.05016652699460358,2.152361295773841
SH-MC-06-2025040708,0.5184389440543338,4,numeric__temperature_c,THERMAL_STRESS,0.03974023966991271,1.2485431201592905
SH-MC-08-2025062108,0.5171828613931678,1,numeric__tool_wear_pct,TOOL_WEAR_ELEVATED,0.06822064350665798,1.82601041551649
SH-MC-08-2025062108,0.5171828613931678,2,numeric__temperature_c,THERMAL_STRESS,0.047552230285401696,2.060980940949222
SH-MC-08-2025062108,0.5171828613931678,3,numeric__hours_since_maintenance,MAINTENANCE_INTERVAL_EXCEEDED,0.04659897338959374,1.624746615597843
SH-MC-08-2025062108,0.5171828613931678,4,numeric__lubrication_index,LOW_LUBRICATION_INDEX,0.03864916236006539,-1.220708764295299
SH-MC-07-2025041016,0.517003720352437,1,numeric__tool_wear_pct,TOOL_WEAR_ELEVATED,0.06586612012435757,2.2845730564130697
SH-MC-07-2025041016,0.517003720352437,2,numeric__lubrication_index,LOW_LUBRICATION_INDEX,0.04738886997752755,-1.7414469555621301
SH-MC-07-2025041016,0.517003720352437,3,numeric__hours_since_maintenance,MAINTENANCE_INTERVAL_EXCEEDED,0.04500258100488141,2.3999495446903505
SH-MC-07-2025041016,0.517003720352437,4,numeric__vibration_rolling_3,SUSTAINED_VIBRATION,0.04399122413879854,2.09984958265594
SH-MC-04-2025031608,0.5164783210854823,1,numeric__tool_wear_pct,TOOL_WEAR_ELEVATED,0.06011153766892131,1.6264195038360554
SH-MC-04-2025031608,0.5164783210854823,2,numeric__lubrication_index,LOW_LUBRICATION_INDEX,0.04901152596214132,-1.8201714384030414
SH-MC-04-2025031608,0.5164783210854823,3,numeric__vibration_rolling_3,SUSTAINED_VIBRATION,0.042316009793823536,1.7293413248545568
SH-MC-04-2025031608,0.5164783210854823,4,numeric__hours_since_maintenance,MAINTENANCE_INTERVAL_EXCEEDED,0.04104649692415879,1.3644062777225041
SH-MC-02-2025040208,0.5157341663352086,1,numeric__tool_wear_pct,TOOL_WEAR_ELEVATED,0.07417387338822781,2.039293093754969
SH-MC-02-2025040208,0.5157341663352086,2,numeric__lubrication_index,LOW_LUBRICATION_INDEX,0.04967589015533756,-1.898857175615464
SH-MC-02-2025040208,0.5157341663352086,3,numeric__hours_since_maintenance,MAINTENANCE_INTERVAL_EXCEEDED,0.04810982403003294,2.281698559505986
SH-MC-02-2025040208,0.5157341663352086,4,numeric__vibration_rolling_3,SUSTAINED_VIBRATION,0.0462624437714636,2.0621751780429456
SH-MC-07-2025040916,0.5151959325487989,1,numeric__tool_wear_pct,TOOL_WEAR_ELEVATED,0.06696680567255461,1.9406701216886775
SH-MC-07-2025040916,0.5151959325487989,2,numeric__hours_since_maintenance,MAINTENANCE_INTERVAL_EXCEEDED,0.05362587257912551,2.003038120059962
SH-MC-07-2025040916,0.5151959325487989,3,numeric__lubrication_index,LOW_LUBRICATION_INDEX,0.04414553969357894,-1.613992597729623
SH-MC-07-2025040916,0.5151959325487989,4,numeric__temperature_c,THERMAL_STRESS,0.039329573182535854,1.9805673956532022
SH-MC-10-2025061516,0.5125437176637904,1,numeric__tool_wear_pct,TOOL_WEAR_ELEVATED,0.06052347829994742,1.9131235427946998
SH-MC-10-2025061516,0.5125437176637904,2,numeric__vibration_rolling_3,SUSTAINED_VIBRATION,0.052201601688334376,2.3912132746858603
SH-MC-10-2025061516,0.5125437176637904,3,numeric__lubrication_index,LOW_LUBRICATION_INDEX,0.04359286137339527,-1.610759418857628
SH-MC-10-2025061516,0.5125437176637904,4,numeric__temperature_c,THERMAL_STRESS,0.04304232965201215,2.375324992207639
SH-MC-09-2025032800,0.5118264796582888,1,numeric__tool_wear_pct,TOOL_WEAR_ELEVATED,0.06067720812862253,1.9006931426244955
SH-MC-09-2025032800,0.5118264796582888,2,numeric__lubrication_index,LOW_LUBRICATION_INDEX,0.04882574954681639,-1.5537588440033456
SH-MC-09-2025032800,0.5118264796582888,3,numeric__temperature_c,THERMAL_STRESS,0.036490652845318564,1.5674475989405359
SH-MC-09-2025032800,0.5118264796582888,4,numeric__vibration_rolling_3,SUSTAINED_VIBRATION,0.0363001804277886,1.8087627356040001
SH-MC-02-2025042016,0.5107779591426707,1,numeric__tool_wear_pct,TOOL_WEAR_ELEVATED,0.07218420410929899,1.93992216553437
SH-MC-02-2025042016,0.5107779591426707,2,numeric__hours_since_maintenance,MAINTENANCE_INTERVAL_EXCEEDED,0.05497940595569483,2.027826846296714
SH-MC-02-2025042016,0.5107779591426707,3,numeric__lubrication_index,LOW_LUBRICATION_INDEX,0.05218386114931734,-1.880437797916314
SH-MC-02-2025042016,0.5107779591426707,4,numeric__vibration_rolling_3,SUSTAINED_VIBRATION,0.03083627662071573,1.5861487897437765
SH-MC-08-2025051300,0.5100719353662313,1,numeric__tool_wear_pct,TOOL_WEAR_ELEVATED,0.06807087260087331,1.845186008278259
SH-MC-08-2025051300,0.5100719353662313,2,numeric__lubrication_index,LOW_LUBRICATION_INDEX,0.05287294448724272,-1.7526004599793308
SH-MC-08-2025051300,0.5100719353662313,3,numeric__vibration_rolling_3,SUSTAINED_VIBRATION,0.04666596218526062,1.7597824683610066
SH-MC-08-2025051300,0.5100719353662313,4,numeric__hours_since_maintenance,MAINTENANCE_INTERVAL_EXCEEDED,0.04579785351307033,1.240568297420193
SH-MC-09-2025031900,0.5098268093457407,1,numeric__tool_wear_pct,TOOL_WEAR_ELEVATED,0.06975980000675683,1.9393232902798867
SH-MC-09-2025031900,0.5098268093457407,2,numeric__lubrication_index,LOW_LUBRICATION_INDEX,0.05106180315554877,-1.6459901853802064
SH-MC-09-2025031900,0.5098268093457407,3,numeric__hours_since_maintenance,MAINTENANCE_INTERVAL_EXCEEDED,0.044346064841380144,1.6375256984396367
SH-MC-09-2025031900,0.5098268093457407,4,numeric__vibration_rolling_3,SUSTAINED_VIBRATION,0.037893628803587945,1.7827867498473986
SH-MC-02-2025060500,0.5093382461689948,1,numeric__tool_wear_pct,TOOL_WEAR_ELEVATED,0.07471981054093495,2.009910318416176
SH-MC-02-2025060500,0.5093382461689948,2,numeric__vibration_rolling_3,SUSTAINED_VIBRATION,0.04940678614028428,1.735919142936676
SH-MC-02-2025060500,0.5093382461689948,3,numeric__lubrication_index,LOW_LUBRICATION_INDEX,0.047149603778472805,-1.8828411388676987
SH-MC-02-2025060500,0.5093382461689948,4,numeric__hours_since_maintenance,MAINTENANCE_INTERVAL_EXCEEDED,0.041514085940907344,1.6188079672450495
SH-MC-08-2025051308,0.5088385730463814,1,numeric__tool_wear_pct,TOOL_WEAR_ELEVATED,0.05801644826323226,1.7338883607138098
SH-MC-08-2025051308,0.5088385730463814,2,numeric__vibration_rolling_3,SUSTAINED_VIBRATION,0.04717526799233937,2.069461842889502
SH-MC-08-2025051308,0.5088385730463814,3,numeric__lubrication_index,LOW_LUBRICATION_INDEX,0.04673378796667925,-1.835436734721151
SH-MC-08-2025051308,0.5088385730463814,4,numeric__temperature_c,THERMAL_STRESS,0.04584306097038254,2.092901799502044
SH-MC-09-2025052500,0.5079206960080649,1,numeric__tool_wear_pct,TOOL_WEAR_ELEVATED,0.055594011346285804,1.7556866215910205
SH-MC-09-2025052500,0.5079206960080649,2,numeric__lubrication_index,LOW_LUBRICATION_INDEX,0.04843849805237409,-1.4563984415937268
SH-MC-09-2025052500,0.5079206960080649,3,numeric__hours_since_maintenance,MAINTENANCE_INTERVAL_EXCEEDED,0.0422791856286693,2.2998173357932807
SH-MC-09-2025052500,0.5079206960080649,4,numeric__vibration_rolling_3,SUSTAINED_VIBRATION,0.0399778567344613,2.039272054136452
SH-MC-02-2025062216,0.5076207641553621,1,numeric__tool_wear_pct,TOOL_WEAR_ELEVATED,0.06634027414781064,1.785878497331566
SH-MC-02-2025062216,0.5076207641553621,2,numeric__hours_since_maintenance,MAINTENANCE_INTERVAL_EXCEEDED,0.045459909429262535,1.629099294358137
SH-MC-02-2025062216,0.5076207641553621,3,numeric__vibration_rolling_3,SUSTAINED_VIBRATION,0.043225106226069045,1.7851898722501327
SH-MC-02-2025062216,0.5076207641553621,4,numeric__temperature_c,THERMAL_STRESS,0.04256122583752249,2.215353089979253
SH-MC-12-2025040700,0.5075150261065093,1,numeric__lubrication_index,LOW_LUBRICATION_INDEX,0.05814987811486619,-2.3156466248002974
SH-MC-12-2025040700,0.5075150261065093,2,numeric__vibration_rolling_3,SUSTAINED_VIBRATION,0.0493729994894112,2.519753240183669
SH-MC-12-2025040700,0.5075150261065093,3,numeric__tool_wear_pct,TOOL_WEAR_ELEVATED,0.04861606179753252,2.799898691249487
SH-MC-12-2025040700,0.5075150261065093,4,numeric__hours_since_maintenance,MAINTENANCE_INTERVAL_EXCEEDED,0.046237563015134195,2.5449093610255273
SH-MC-06-2025051800,0.507319213567153,1,numeric__tool_wear_pct,TOOL_WEAR_ELEVATED,0.07290056693702784,2.1207995584631574
SH-MC-06-2025051800,0.507319213567153,2,numeric__lubrication_index,LOW_LUBRICATION_INDEX,0.04575937676300406,-1.475038266363496
SH-MC-06-2025051800,0.507319213567153,3,numeric__hours_since_maintenance,MAINTENANCE_INTERVAL_EXCEEDED,0.04335180720883083,1.7607495146849759
SH-MC-06-2025051800,0.507319213567153,4,numeric__temperature_c,THERMAL_STRESS,0.038416305914543813,1.865300656481572
SH-MC-02-2025051816,0.5071276799140924,1,numeric__tool_wear_pct,TOOL_WEAR_ELEVATED,0.0659736280069874,1.8642368108145426
SH-MC-02-2025051816,0.5071276799140924,2,numeric__hours_since_maintenance,MAINTENANCE_INTERVAL_EXCEEDED,0.05212931315526189,1.8942374663759358
SH-MC-02-2025051816,0.5071276799140924,3,numeric__lubrication_index,LOW_LUBRICATION_INDEX,0.045058980810627126,-2.12533979936469
SH-MC-02-2025051816,0.5071276799140924,4,numeric__temperature_c,THERMAL_STRESS,0.042148179015654194,2.169075395315457
SH-MC-12-2025040508,0.505931886951291,1,numeric__tool_wear_pct,TOOL_WEAR_ELEVATED,0.0704655553426851,2.194856413610691
SH-MC-12-2025040508,0.505931886951291,2,numeric__lubrication_index,LOW_LUBRICATION_INDEX,0.05381633699510977,-2.4555749618748344
SH-MC-12-2025040508,0.505931886951291,3,numeric__hours_since_maintenance,MAINTENANCE_INTERVAL_EXCEEDED,0.047113291057787623,1.8833903199748796
SH-MC-12-2025040508,0.505931886951291,4,numeric__vibration_rolling_3,SUSTAINED_VIBRATION,0.036268690806571066,1.7677745729533094
SH-MC-03-2025032000,0.5050266030613332,1,numeric__tool_wear_pct,TOOL_WEAR_ELEVATED,0.06303275231895518,2.2873011479056338
SH-MC-03-2025032000,0.5050266030613332,2,numeric__lubrication_index,LOW_LUBRICATION_INDEX,0.05067996283283258,-2.142487553471734
SH-MC-03-2025032000,0.5050266030613332,3,numeric__hours_since_maintenance,MAINTENANCE_INTERVAL_EXCEEDED,0.04936283622873618,2.2861373780014427
SH-MC-03-2025032000,0.5050266030613332,4,numeric__vibration_rolling_3,SUSTAINED_VIBRATION,0.04238192928059983,2.0754102141370843
SH-MC-09-2025042316,0.5025351644237931,1,numeric__lubrication_index,LOW_LUBRICATION_INDEX,0.04932470464402487,-1.5412449312819458
SH-MC-09-2025042316,0.5025351644237931,2,numeric__tool_wear_pct,TOOL_WEAR_ELEVATED,0.04789764673795877,1.6034861396241231
SH-MC-09-2025042316,0.5025351644237931,3,numeric__hours_since_maintenance,MAINTENANCE_INTERVAL_EXCEEDED,0.037537646361939014,1.4940331775092544
SH-MC-09-2025042316,0.5025351644237931,4,numeric__temperature_c,THERMAL_STRESS,0.03642808106463964,1.6029203982548137
SH-MC-08-2025030916,0.501711911050597,1,numeric__tool_wear_pct,TOOL_WEAR_ELEVATED,0.05583500184820658,1.6294493565144488
SH-MC-08-2025030916,0.501711911050597,2,numeric__lubrication_index,LOW_LUBRICATION_INDEX,0.04654359169550985,-1.6062841645299593
SH-MC-08-2025030916,0.501711911050597,3,numeric__vibration_rolling_3,SUSTAINED_VIBRATION,0.042828020404558145,1.9068152462964023
SH-MC-08-2025030916,0.501711911050597,4,numeric__hours_since_maintenance,MAINTENANCE_INTERVAL_EXCEEDED,0.042154622228906334,1.627378021407138
SH-MC-09-2025062208,0.5015317358101283,1,numeric__tool_wear_pct,TOOL_WEAR_ELEVATED,0.05688517058251999,1.8085191666227234
SH-MC-09-2025062208,0.5015317358101283,2,numeric__vibration_rolling_3,SUSTAINED_VIBRATION,0.05125598718206362,2.3442758833731037
SH-MC-09-2025062208,0.5015317358101283,3,numeric__lubrication_index,LOW_LUBRICATION_INDEX,0.0504001271447242,-1.7903832779950404
SH-MC-09-2025062208,0.5015317358101283,4,numeric__temperature_c,THERMAL_STRESS,0.04146993008814585,1.7378838425222367
SH-MC-03-2025052100,0.5014668266459953,1,numeric__lubrication_index,LOW_LUBRICATION_INDEX,0.047313486308571844,-1.3219908102778428
SH-MC-03-2025052100,0.5014668266459953,2,numeric__tool_wear_pct,TOOL_WEAR_ELEVATED,0.04060568654573513,1.4677654705935743
SH-MC-03-2025052100,0.5014668266459953,3,numeric__hours_since_maintenance,MAINTENANCE_INTERVAL_EXCEEDED,0.03732012842253677,1.3661450328895837
SH-MC-03-2025052100,0.5014668266459953,4,numeric__temperature_c,THERMAL_STRESS,0.03700370387363854,1.516197625118621
SH-MC-09-2025050208,0.5011549213369583,1,numeric__tool_wear_pct,TOOL_WEAR_ELEVATED,0.06137659549112499,2.173800229551585
SH-MC-09-2025050208,0.5011549213369583,2,numeric__lubrication_index,LOW_LUBRICATION_INDEX,0.04898912987066001,-1.868449976675858
SH-MC-09-2025050208,0.5011549213369583,3,numeric__vibration_rolling_3,SUSTAINED_VIBRATION,0.048240373840978755,2.2633587477762154
SH-MC-09-2025050208,0.5011549213369583,4,numeric__temperature_c,THERMAL_STRESS,0.041751683191783906,1.9488135573535625
SH-MC-11-2025030608,0.5005851216541275,1,numeric__tool_wear_pct,TOOL_WEAR_ELEVATED,0.06975693563788644,2.3105959375510134
SH-MC-11-2025030608,0.5005851216541275,2,numeric__hours_since_maintenance,MAINTENANCE_INTERVAL_EXCEEDED,0.045829279713638385,1.4931951148741553
SH-MC-11-2025030608,0.5005851216541275,3,numeric__lubrication_index,LOW_LUBRICATION_INDEX,0.045098140863545466,-2.214536234726289
SH-MC-11-2025030608,0.5005851216541275,4,numeric__vibration_rolling_3,SUSTAINED_VIBRATION,0.03839050904582789,1.7336058849095843
SH-MC-10-2025061500,0.4998633746682601,1,numeric__lubrication_index,LOW_LUBRICATION_INDEX,0.049623407682095076,-1.7030902716631837
SH-MC-10-2025061500,0.4998633746682601,2,numeric__vibration_rolling_3,SUSTAINED_VIBRATION,0.04849306413333322,2.0522305723453176
SH-MC-10-2025061500,0.4998633746682601,3,numeric__temperature_c,THERMAL_STRESS,0.046333511579623385,1.8405224923695351
SH-MC-10-2025061500,0.4998633746682601,4,numeric__tool_wear_pct,TOOL_WEAR_ELEVATED,0.041768967818416866,1.5029383012424793
SH-MC-09-2025050216,0.4998215466199464,1,numeric__tool_wear_pct,TOOL_WEAR_ELEVATED,0.05885878081124588,1.9368131478606434
SH-MC-09-2025050216,0.4998215466199464,2,numeric__lubrication_index,LOW_LUBRICATION_INDEX,0.05399909921899168,-2.0060287564107164
SH-MC-09-2025050216,0.4998215466199464,3,numeric__vibration_rolling_3,SUSTAINED_VIBRATION,0.04467443533747075,2.290981543256594
SH-MC-09-2025050216,0.4998215466199464,4,numeric__hours_since_maintenance,MAINTENANCE_INTERVAL_EXCEEDED,0.04081122754018048,1.6329064645641065
SH-MC-01-2025051108,0.49941275165745946,1,numeric__tool_wear_pct,TOOL_WEAR_ELEVATED,0.07509858693540229,2.272560312722014
SH-MC-01-2025051108,0.49941275165745946,2,numeric__hours_since_maintenance,MAINTENANCE_INTERVAL_EXCEEDED,0.044661263460688015,2.668372702215813
SH-MC-01-2025051108,0.49941275165745946,3,numeric__lubrication_index,LOW_LUBRICATION_INDEX,0.04376281471312305,-1.538561247226209
SH-MC-01-2025051108,0.49941275165745946,4,numeric__vibration_rolling_3,SUSTAINED_VIBRATION,0.0389669156415007,1.7863259420758568
SH-MC-02-2025062208,0.4992144760030527,1,numeric__tool_wear_pct,TOOL_WEAR_ELEVATED,0.06609742645497509,1.7951324646158011
SH-MC-02-2025062208,0.4992144760030527,2,numeric__vibration_rolling_3,SUSTAINED_VIBRATION,0.043922537062393706,1.9547782749350027
SH-MC-02-2025062208,0.4992144760030527,3,numeric__lubrication_index,LOW_LUBRICATION_INDEX,0.04290509149377519,-1.7977623450794984
SH-MC-02-2025062208,0.4992144760030527,4,numeric__temperature_c,THERMAL_STRESS,0.038737288816718535,1.1742222585066668
SH-MC-08-2025032208,0.49909323901138575,1,numeric__tool_wear_pct,TOOL_WEAR_ELEVATED,0.058254662395343076,1.7889289325182367
SH-MC-08-2025032208,0.49909323901138575,2,numeric__hours_since_maintenance,MAINTENANCE_INTERVAL_EXCEEDED,0.05490771821569655,2.1469167198417987
SH-MC-08-2025032208,0.49909323901138575,3,numeric__lubrication_index,LOW_LUBRICATION_INDEX,0.04847759533925114,-2.3325268458586264
SH-MC-08-2025032208,0.49909323901138575,4,numeric__vibration_rolling_3,SUSTAINED_VIBRATION,0.04236333621567509,1.9348248915076922
SH-MC-10-2025031400,0.49866706144068906,1,numeric__lubrication_index,LOW_LUBRICATION_INDEX,0.05113872354422557,-1.2737463459846678
SH-MC-10-2025031400,0.49866706144068906,2,numeric__tool_wear_pct,TOOL_WEAR_ELEVATED,0.04991858110387864,1.5838391493218102
SH-MC-10-2025031400,0.49866706144068906,3,numeric__hours_since_maintenance,MAINTENANCE_INTERVAL_EXCEEDED,0.04265171766646834,1.6285248244965833
SH-MC-10-2025031400,0.49866706144068906,4,numeric__temperature_c,THERMAL_STRESS,0.039772524466560336,1.408280650057333
SH-MC-02-2025052716,0.49848651193870336,1,numeric__tool_wear_pct,TOOL_WEAR_ELEVATED,0.07706707694689593,2.0089910384936402
SH-MC-02-2025052716,0.49848651193870336,2,numeric__lubrication_index,LOW_LUBRICATION_INDEX,0.04529822966447406,-2.149674598644237
SH-MC-02-2025052716,0.49848651193870336,3,numeric__vibration_rolling_3,SUSTAINED_VIBRATION,0.043687428791786845,1.7914719038364297
SH-MC-02-2025052716,0.49848651193870336,4,numeric__hours_since_maintenance,MAINTENANCE_INTERVAL_EXCEEDED,0.035643752405543204,1.5007992717758056
SH-MC-02-2025042208,0.497368698081208,1,numeric__lubrication_index,LOW_LUBRICATION_INDEX,0.05722189527986576,-2.356305058286856
SH-MC-02-2025042208,0.497368698081208,2,numeric__vibration_rolling_3,SUSTAINED_VIBRATION,0.05191812507555443,2.5527342068973917
SH-MC-02-2025042208,0.497368698081208,3,numeric__tool_wear_pct,TOOL_WEAR_ELEVATED,0.04791291935555866,2.7320622693037637
SH-MC-02-2025042208,0.497368698081208,4,numeric__hours_since_maintenance,MAINTENANCE_INTERVAL_EXCEEDED,0.04470440096478532,2.6831645464837393
SH-MC-06-2025040700,0.4965397485440682,1,numeric__tool_wear_pct,TOOL_WEAR_ELEVATED,0.06495689266178854,1.9217580393519254
SH-MC-06-2025040700,0.4965397485440682,2,numeric__lubrication_index,LOW_LUBRICATION_INDEX,0.05255434596230299,-1.660165654212617
SH-MC-06-2025040700,0.4965397485440682,3,numeric__hours_since_maintenance,MAINTENANCE_INTERVAL_EXCEEDED,0.04880277984096722,2.0249258095108376
SH-MC-06-2025040700,0.4965397485440682,4,numeric__temperature_c,THERMAL_STRESS,0.033020156947810145,1.3171124096142626
SH-MC-02-2025051900,0.4963639741351489,1,numeric__tool_wear_pct,TOOL_WEAR_ELEVATED,0.08428856477080625,2.105678408527725
SH-MC-02-2025051900,0.4963639741351489,2,numeric__hours_since_maintenance,MAINTENANCE_INTERVAL_EXCEEDED,0.058367673838733806,2.0265412745860654
SH-MC-02-2025051900,0.4963639741351489,3,numeric__lubrication_index,LOW_LUBRICATION_INDEX,0.04497191374376538,-2.0625916583869475
SH-MC-02-2025051900,0.4963639741351489,4,numeric__temperature_c,THERMAL_STRESS,0.040404419278758326,1.9521379399049938
SH-MC-08-2025040308,0.49536867363157644,1,numeric__hours_since_maintenance,MAINTENANCE_INTERVAL_EXCEEDED,0.05378241914938011,2.0155380657556106
SH-MC-08-2025040308,0.49536867363157644,2,numeric__tool_wear_pct,TOOL_WEAR_ELEVATED,0.052747515309449586,1.6897430844805228
SH-MC-08-2025040308,0.49536867363157644,3,numeric__lubrication_index,LOW_LUBRICATION_INDEX,0.04758348943073877,-2.2785255465280594
SH-MC-08-2025040308,0.49536867363157644,4,numeric__temperature_c,THERMAL_STRESS,0.03969343313613001,1.2691561197294297
SH-MC-12-2025040600,0.4944878259171451,1,numeric__tool_wear_pct,TOOL_WEAR_ELEVATED,0.05479647909839425,2.6147360643854642
SH-MC-12-2025040600,0.4944878259171451,2,numeric__hours_since_maintenance,MAINTENANCE_INTERVAL_EXCEEDED,0.04928902770654053,2.1479979363951385
SH-MC-12-2025040600,0.4944878259171451,3,numeric__vibration_rolling_3,SUSTAINED_VIBRATION,0.04717249376092944,2.2934413741558
SH-MC-12-2025040600,0.4944878259171451,4,numeric__lubrication_index,LOW_LUBRICATION_INDEX,0.045448479788712505,-1.811050312317579
SH-MC-08-2025050416,0.4936673409271477,1,numeric__tool_wear_pct,TOOL_WEAR_ELEVATED,0.07016120484985183,1.9623165134764442
SH-MC-08-2025050416,0.4936673409271477,2,numeric__lubrication_index,LOW_LUBRICATION_INDEX,0.047696672087772334,-1.7584367450644924
SH-MC-08-2025050416,0.4936673409271477,3,numeric__hours_since_maintenance,MAINTENANCE_INTERVAL_EXCEEDED,0.04087254980177584,1.3772613431213612
SH-MC-08-2025050416,0.4936673409271477,4,numeric__temperature_c,THERMAL_STRESS,0.03610975288461184,1.6696685873226058
SH-MC-08-2025041116,0.49295698612484984,1,numeric__tool_wear_pct,TOOL_WEAR_ELEVATED,0.05278394476954788,1.7814025634869188
SH-MC-08-2025041116,0.49295698612484984,2,numeric__lubrication_index,LOW_LUBRICATION_INDEX,0.04242945087763244,-2.1731109729102496
SH-MC-08-2025041116,0.49295698612484984,3,numeric__hours_since_maintenance,MAINTENANCE_INTERVAL_EXCEEDED,0.04184877114153315,1.3681463528707132
SH-MC-08-2025041116,0.49295698612484984,4,numeric__temperature_c,THERMAL_STRESS,0.04100670275190702,2.06846741963232
SH-MC-05-2025040408,0.4917011577349572,1,numeric__tool_wear_pct,TOOL_WEAR_ELEVATED,0.056314405006393974,1.613428367829774
SH-MC-05-2025040408,0.4917011577349572,2,numeric__vibration_rolling_3,SUSTAINED_VIBRATION,0.042595576099029454,2.108090491171025
SH-MC-05-2025040408,0.4917011577349572,3,numeric__hours_since_maintenance,MAINTENANCE_INTERVAL_EXCEEDED,0.04200573238530055,1.492663140362149
SH-MC-05-2025040408,0.4917011577349572,4,numeric__lubrication_index,LOW_LUBRICATION_INDEX,0.04052609320218274,-1.2602945640693748
SH-MC-01-2025062700,0.49091542446389097,1,numeric__tool_wear_pct,TOOL_WEAR_ELEVATED,0.0682047006806785,1.840215226919934
SH-MC-01-2025062700,0.49091542446389097,2,numeric__lubrication_index,LOW_LUBRICATION_INDEX,0.0459364050639523,-1.5838391584882467
SH-MC-01-2025062700,0.49091542446389097,3,numeric__hours_since_maintenance,MAINTENANCE_INTERVAL_EXCEEDED,0.044790034655076694,1.6386950973106051
SH-MC-01-2025062700,0.49091542446389097,4,numeric__temperature_c,THERMAL_STRESS,0.03787816803564532,1.8341516871908083
SH-MC-01-2025031008,0.4905356854158181,1,numeric__tool_wear_pct,TOOL_WEAR_ELEVATED,0.06809900496936792,2.4667259195404627
SH-MC-01-2025031008,0.4905356854158181,2,numeric__lubrication_index,LOW_LUBRICATION_INDEX,0.05563262837828578,-2.4368764071229334
SH-MC-01-2025031008,0.4905356854158181,3,numeric__vibration_rolling_3,SUSTAINED_VIBRATION,0.04772405919655183,2.554599077972935
SH-MC-01-2025031008,0.4905356854158181,4,numeric__hours_since_maintenance,MAINTENANCE_INTERVAL_EXCEEDED,0.04480295058039323,2.2645675560053764
SH-MC-10-2025041716,0.4903401835316349,1,numeric__tool_wear_pct,TOOL_WEAR_ELEVATED,0.06618560763149509,1.9747695954446387
SH-MC-10-2025041716,0.4903401835316349,2,numeric__lubrication_index,LOW_LUBRICATION_INDEX,0.04522031057111069,-1.4758596770348191
SH-MC-10-2025041716,0.4903401835316349,3,numeric__vibration_rolling_3,SUSTAINED_VIBRATION,0.044384003406003486,2.0930060589391783
SH-MC-10-2025041716,0.4903401835316349,4,numeric__temperature_c,THERMAL_STRESS,0.033469255470780265,2.56088670490062
SH-MC-05-2025052000,0.4897096987244949,1,numeric__tool_wear_pct,TOOL_WEAR_ELEVATED,0.062002617188983325,1.6719784937104474
SH-MC-05-2025052000,0.4897096987244949,2,numeric__hours_since_maintenance,MAINTENANCE_INTERVAL_EXCEEDED,0.0505224703895659,1.634432671130879
SH-MC-05-2025052000,0.4897096987244949,3,numeric__temperature_c,THERMAL_STRESS,0.04364674880820812,1.964792212750581
SH-MC-05-2025052000,0.4897096987244949,4,numeric__lubrication_index,LOW_LUBRICATION_INDEX,0.03850761722088369,-1.4207621237396808
SH-MC-12-2025052508,0.48935964010225014,1,numeric__hours_since_maintenance,MAINTENANCE_INTERVAL_EXCEEDED,0.0496711606764186,2.2962268147142244
SH-MC-12-2025052508,0.48935964010225014,2,numeric__tool_wear_pct,TOOL_WEAR_ELEVATED,0.04885679456678835,1.6699524139265394
SH-MC-12-2025052508,0.48935964010225014,3,numeric__temperature_c,THERMAL_STRESS,0.04127953972253853,1.323562017560784
SH-MC-12-2025052508,0.48935964010225014,4,numeric__lubrication_index,LOW_LUBRICATION_INDEX,0.0396902503206465,-1.222993680167254
SH-MC-11-2025061200,0.48873542123450675,1,numeric__tool_wear_pct,TOOL_WEAR_ELEVATED,0.06268210389553909,1.6337759387863724
SH-MC-11-2025061200,0.48873542123450675,2,numeric__hours_since_maintenance,MAINTENANCE_INTERVAL_EXCEEDED,0.05094205948803208,2.1536072584203256
SH-MC-11-2025061200,0.48873542123450675,3,numeric__temperature_c,THERMAL_STRESS,0.044128286616373275,2.0162760871120597
SH-MC-11-2025061200,0.48873542123450675,4,numeric__lubrication_index,LOW_LUBRICATION_INDEX,0.041657089423995444,-1.8355391239516459
SH-MC-09-2025050200,0.4886870051193806,1,numeric__tool_wear_pct,TOOL_WEAR_ELEVATED,0.048769935507707335,1.7178775489445028
SH-MC-09-2025050200,0.4886870051193806,2,numeric__lubrication_index,LOW_LUBRICATION_INDEX,0.04867668132547471,-1.42123385985431
SH-MC-09-2025050200,0.4886870051193806,3,numeric__vibration_rolling_3,SUSTAINED_VIBRATION,0.03691734717594036,1.8914922499455604
SH-MC-09-2025050200,0.4886870051193806,4,numeric__vibration_rms,HIGH_VIBRATION_PATTERN,0.0362915876387448,1.6471062821152278
SH-MC-09-2025052600,0.4884202940188491,1,numeric__tool_wear_pct,TOOL_WEAR_ELEVATED,0.07148719739253169,2.167975755364371
SH-MC-09-2025052600,0.4884202940188491,2,numeric__lubrication_index,LOW_LUBRICATION_INDEX,0.049766200579844516,-2.636978285273281
SH-MC-09-2025052600,0.4884202940188491,3,numeric__vibration_rolling_3,SUSTAINED_VIBRATION,0.04760645274371328,2.2252570744893747
SH-MC-09-2025052600,0.4884202940188491,4,numeric__hours_since_maintenance,MAINTENANCE_INTERVAL_EXCEEDED,0.045005513180582095,2.6918604384765428
SH-MC-12-2025040500,0.4867672907482606,1,numeric__tool_wear_pct,TOOL_WEAR_ELEVATED,0.06795960995329814,1.949868703347027
SH-MC-12-2025040500,0.4867672907482606,2,numeric__hours_since_maintenance,MAINTENANCE_INTERVAL_EXCEEDED,0.04273093497130338,1.755954833711876
SH-MC-12-2025040500,0.4867672907482606,3,numeric__vibration_rolling_3,SUSTAINED_VIBRATION,0.03615509682739747,1.7434101452215611
SH-MC-12-2025040500,0.4867672907482606,4,numeric__temperature_c,THERMAL_STRESS,0.034441784787381906,1.784235986889067
SH-MC-12-2025052416,0.48648071454120523,1,numeric__tool_wear_pct,TOOL_WEAR_ELEVATED,0.05784289801073251,1.6846514980078826
SH-MC-12-2025052416,0.48648071454120523,2,numeric__hours_since_maintenance,MAINTENANCE_INTERVAL_EXCEEDED,0.05686017800223507,2.0364875202410917
SH-MC-12-2025052416,0.48648071454120523,3,numeric__lubrication_index,LOW_LUBRICATION_INDEX,0.046070901672158736,-1.3714059451708658
SH-MC-12-2025052416,0.48648071454120523,4,numeric__temperature_c,THERMAL_STRESS,0.03639863639976545,1.7352137160437566
SH-MC-09-2025042400,0.48640321970828826,1,numeric__tool_wear_pct,TOOL_WEAR_ELEVATED,0.05306110926433962,1.844032324820668
SH-MC-09-2025042400,0.48640321970828826,2,numeric__lubrication_index,LOW_LUBRICATION_INDEX,0.0520554056907856,-1.6450869825003929
SH-MC-09-2025042400,0.48640321970828826,3,numeric__vibration_rolling_3,SUSTAINED_VIBRATION,0.043553165129644064,1.9862895060201515
SH-MC-09-2025042400,0.48640321970828826,4,numeric__temperature_c,THERMAL_STRESS,0.037515144290294865,1.7247080392744987
SH-MC-10-2025061416,0.48615996462172484,1,numeric__temperature_c,THERMAL_STRESS,0.05217563381814943,2.1057751123085615
SH-MC-10-2025061416,0.48615996462172484,2,numeric__tool_wear_pct,TOOL_WEAR_ELEVATED,0.04994108751139833,1.658425594773326
SH-MC-10-2025061416,0.48615996462172484,3,numeric__vibration_rolling_3,SUSTAINED_VIBRATION,0.04422158088579767,2.069799221795972
SH-MC-10-2025061416,0.48615996462172484,4,numeric__lubrication_index,LOW_LUBRICATION_INDEX,0.04299079620436512,-1.4069017002876771
SH-MC-10-2025031416,0.48612247179009505,1,numeric__tool_wear_pct,TOOL_WEAR_ELEVATED,0.0731174705417978,2.0737945433558616
SH-MC-10-2025031416,0.48612247179009505,2,numeric__lubrication_index,LOW_LUBRICATION_INDEX,0.056955417460631305,-2.394982714374575
SH-MC-10-2025031416,0.48612247179009505,3,numeric__hours_since_maintenance,MAINTENANCE_INTERVAL_EXCEEDED,0.04993610598444456,1.8882641189697165
SH-MC-10-2025031416,0.48612247179009505,4,numeric__temperature_c,THERMAL_STRESS,0.036875865939349446,1.549573348776455
SH-MC-02-2025042116,0.4853370510490856,1,numeric__vibration_rolling_3,SUSTAINED_VIBRATION,0.053315816795721914,2.008164161617031
SH-MC-02-2025042116,0.4853370510490856,2,numeric__tool_wear_pct,TOOL_WEAR_ELEVATED,0.05188906821466214,1.7539516630829817
SH-MC-02-2025042116,0.4853370510490856,3,numeric__lubrication_index,LOW_LUBRICATION_INDEX,0.05106082315983277,-2.1686417350228613
SH-MC-02-2025042116,0.4853370510490856,4,numeric__hours_since_maintenance,MAINTENANCE_INTERVAL_EXCEEDED,0.04542308858405364,2.4185569300634806
SH-MC-06-2025051900,0.4850142955763973,1,numeric__tool_wear_pct,TOOL_WEAR_ELEVATED,0.06885065574960335,2.4221045064843176
SH-MC-06-2025051900,0.4850142955763973,2,numeric__lubrication_index,LOW_LUBRICATION_INDEX,0.06140227974227454,-2.3821483698741264
SH-MC-06-2025051900,0.4850142955763973,3,numeric__hours_since_maintenance,MAINTENANCE_INTERVAL_EXCEEDED,0.044569287094889214,2.156245862380318
SH-MC-06-2025051900,0.4850142955763973,4,numeric__vibration_rolling_3,SUSTAINED_VIBRATION,0.033323243770754477,1.7204031903865793
SH-MC-06-2025040616,0.4847184549276832,1,numeric__tool_wear_pct,TOOL_WEAR_ELEVATED,0.05633294985803614,1.7270456165564747
SH-MC-06-2025040616,0.4847184549276832,2,numeric__hours_since_maintenance,MAINTENANCE_INTERVAL_EXCEEDED,0.04882692946523046,1.8946507610890542
SH-MC-06-2025040616,0.4847184549276832,3,numeric__lubrication_index,LOW_LUBRICATION_INDEX,0.04844325859353981,-1.9126638121145403
SH-MC-06-2025040616,0.4847184549276832,4,numeric__temperature_c,THERMAL_STRESS,0.035970279120678274,1.896577013663986
SH-MC-12-2025052500,0.4832343798356299,1,numeric__tool_wear_pct,TOOL_WEAR_ELEVATED,0.05812066807290079,1.7068609022244783
SH-MC-12-2025052500,0.4832343798356299,2,numeric__lubrication_index,LOW_LUBRICATION_INDEX,0.053117481429611035,-1.8402789933675252
SH-MC-12-2025052500,0.4832343798356299,3,numeric__hours_since_maintenance,MAINTENANCE_INTERVAL_EXCEEDED,0.05174446887633002,2.1687913284512215
SH-MC-12-2025052500,0.4832343798356299,4,numeric__temperature_c,THERMAL_STRESS,0.03549519087601742,1.7104024505254372
SH-MC-06-2025040608,0.48277852836475377,1,numeric__tool_wear_pct,TOOL_WEAR_ELEVATED,0.07004416135330586,1.954973010647804
SH-MC-06-2025040608,0.48277852836475377,2,numeric__hours_since_maintenance,MAINTENANCE_INTERVAL_EXCEEDED,0.05004687076032983,1.7660167240112388
SH-MC-06-2025040608,0.48277852836475377,3,numeric__lubrication_index,LOW_LUBRICATION_INDEX,0.04840252429696711,-1.7436521819180206
SH-MC-06-2025040608,0.48277852836475377,4,numeric__temperature_c,THERMAL_STRESS,0.0307379019128385,1.6881515921505268
SH-MC-09-2025061416,0.48191930309094566,1,numeric__tool_wear_pct,TOOL_WEAR_ELEVATED,0.05799565459111381,1.622703484845696
SH-MC-09-2025061416,0.48191930309094566,2,numeric__lubrication_index,LOW_LUBRICATION_INDEX,0.04477685569860278,-1.8164427321705454
SH-MC-09-2025061416,0.48191930309094566,3,numeric__hours_since_maintenance,MAINTENANCE_INTERVAL_EXCEEDED,0.039783855494419866,1.495379175659359
SH-MC-09-2025061416,0.48191930309094566,4,numeric__temperature_c,THERMAL_STRESS,0.036400573083395144,1.9194641886647834
SH-MC-10-2025041700,0.4807959306866125,1,numeric__tool_wear_pct,TOOL_WEAR_ELEVATED,0.051817668050459155,1.5460409864675833
SH-MC-10-2025041700,0.4807959306866125,2,numeric__lubrication_index,LOW_LUBRICATION_INDEX,0.049425784746087664,-1.4750285707211652
SH-MC-10-2025041700,0.4807959306866125,3,numeric__hours_since_maintenance,MAINTENANCE_INTERVAL_EXCEEDED,0.04261931977875864,1.1059326020542777
SH-MC-10-2025041700,0.4807959306866125,4,numeric__temperature_c,THERMAL_STRESS,0.036385218900517824,1.1521210242437612
SH-MC-07-2025052208,0.4805651638751954,1,numeric__tool_wear_pct,TOOL_WEAR_ELEVATED,0.06614223773227565,1.9978306436599373
SH-MC-07-2025052208,0.4805651638751954,2,numeric__lubrication_index,LOW_LUBRICATION_INDEX,0.048613752096681825,-1.8512920053110782
SH-MC-07-2025052208,0.4805651638751954,3,numeric__hours_since_maintenance,MAINTENANCE_INTERVAL_EXCEEDED,0.04653036061069745,2.296865468996887
SH-MC-07-2025052208,0.4805651638751954,4,numeric__temperature_c,THERMAL_STRESS,0.04046910317263179,1.433747652021527
SH-MC-04-2025031616,0.4796716753377015,1,numeric__tool_wear_pct,TOOL_WEAR_ELEVATED,0.054957553201523957,1.6452361069090953
SH-MC-04-2025031616,0.4796716753377015,2,numeric__lubrication_index,LOW_LUBRICATION_INDEX,0.04745921006365377,-1.975376320319653
SH-MC-04-2025031616,0.4796716753377015,3,numeric__hours_since_maintenance,MAINTENANCE_INTERVAL_EXCEEDED,0.04004549961561685,1.4967100859326337
SH-MC-04-2025031616,0.4796716753377015,4,numeric__temperature_c,THERMAL_STRESS,0.03814985976212072,1.7489196280838204
SH-MC-10-2025060716,0.4793480678418039,1,numeric__tool_wear_pct,TOOL_WEAR_ELEVATED,0.05129042422588566,1.7559293860679608
SH-MC-10-2025060716,0.4793480678418039,2,numeric__temperature_c,THERMAL_STRESS,0.049944800305860786,2.00559999880853
SH-MC-10-2025060716,0.4793480678418039,3,numeric__lubrication_index,LOW_LUBRICATION_INDEX,0.04808525163093539,-1.7096600499965688
SH-MC-10-2025060716,0.4793480678418039,4,numeric__hours_since_maintenance,MAINTENANCE_INTERVAL_EXCEEDED,0.037513403538116885,1.2172769329692843
SH-MC-06-2025041408,0.4790755479226023,1,numeric__tool_wear_pct,TOOL_WEAR_ELEVATED,0.06369843072709207,1.681331890734793
SH-MC-06-2025041408,0.4790755479226023,2,numeric__lubrication_index,LOW_LUBRICATION_INDEX,0.052249150479848266,-1.5180642581151174
SH-MC-06-2025041408,0.4790755479226023,3,numeric__hours_since_maintenance,MAINTENANCE_INTERVAL_EXCEEDED,0.03696945057706253,1.2473519020160557
SH-MC-06-2025041408,0.4790755479226023,4,numeric__temperature_c,THERMAL_STRESS,0.03566340042324438,1.5000395692251114
SH-MC-09-2025051008,0.4789632424726168,1,numeric__lubrication_index,LOW_LUBRICATION_INDEX,0.04839620361048279,-1.5048160036944729
SH-MC-09-2025051008,0.4789632424726168,2,numeric__tool_wear_pct,TOOL_WEAR_ELEVATED,0.04679227875438891,1.4563353360782842
SH-MC-09-2025051008,0.4789632424726168,3,numeric__temperature_c,THERMAL_STRESS,0.04423633411488435,1.3937541206207882
SH-MC-09-2025051008,0.4789632424726168,4,numeric__vibration_rolling_3,SUSTAINED_VIBRATION,0.04075680103011273,2.044687598520491
SH-MC-08-2025041200,0.4771478301957498,1,numeric__tool_wear_pct,TOOL_WEAR_ELEVATED,0.0687682849951752,2.108904804488863
SH-MC-08-2025041200,0.4771478301957498,2,numeric__lubrication_index,LOW_LUBRICATION_INDEX,0.05103539391021459,-1.9316045266071502
SH-MC-08-2025041200,0.4771478301957498,3,numeric__vibration_rolling_3,SUSTAINED_VIBRATION,0.04354211391208883,1.9461593803146886
SH-MC-08-2025041200,0.4771478301957498,4,numeric__hours_since_maintenance,MAINTENANCE_INTERVAL_EXCEEDED,0.040116239883871196,1.5004501610808427
SH-MC-11-2025052708,0.47700471760937657,1,numeric__tool_wear_pct,TOOL_WEAR_ELEVATED,0.06877138755962144,1.842850520910089
SH-MC-11-2025052708,0.47700471760937657,2,numeric__hours_since_maintenance,MAINTENANCE_INTERVAL_EXCEEDED,0.046825451449465136,1.6369102510063231
SH-MC-11-2025052708,0.47700471760937657,3,numeric__lubrication_index,LOW_LUBRICATION_INDEX,0.046044377397488914,-1.9434231377539677
SH-MC-11-2025052708,0.47700471760937657,4,numeric__temperature_c,THERMAL_STRESS,0.03876810158261491,2.0869317402222776
SH-MC-04-2025031600,0.476771620542399,1,numeric__tool_wear_pct,TOOL_WEAR_ELEVATED,0.052758245629287354,1.3826160420926388
SH-MC-04-2025031600,0.476771620542399,2,numeric__lubrication_index,LOW_LUBRICATION_INDEX,0.049119159907222265,-1.7152207488363742
SH-MC-04-2025031600,0.476771620542399,3,numeric__hours_since_maintenance,MAINTENANCE_INTERVAL_EXCEEDED,0.04330542226001684,1.2369707914595007
SH-MC-04-2025031600,0.476771620542399,4,numeric__vibration_rolling_3,SUSTAINED_VIBRATION,0.03872392801440631,1.7205529359905087
SH-MC-01-2025051008,0.4766897637269475,1,numeric__hours_since_maintenance,MAINTENANCE_INTERVAL_EXCEEDED,0.052076969604929205,2.2763295995325508
SH-MC-01-2025051008,0.4766897637269475,2,numeric__tool_wear_pct,TOOL_WEAR_ELEVATED,0.04988716144302825,1.624501888059493
SH-MC-01-2025051008,0.4766897637269475,3,numeric__lubrication_index,LOW_LUBRICATION_INDEX,0.04355505908520323,-1.319325211441593
SH-MC-01-2025051008,0.4766897637269475,4,numeric__temperature_c,THERMAL_STRESS,0.0392796304849374,2.0346619544376088
SH-MC-07-2025062408,0.47571331384965704,1,numeric__lubrication_index,LOW_LUBRICATION_INDEX,0.04932884330905257,-2.411624851911022
SH-MC-07-2025062408,0.47571331384965704,2,numeric__tool_wear_pct,TOOL_WEAR_ELEVATED,0.04816100049199479,2.8432105851217933
SH-MC-07-2025062408,0.47571331384965704,3,numeric__vibration_rolling_3,SUSTAINED_VIBRATION,0.04697192826632002,2.1940503989124
SH-MC-07-2025062408,0.47571331384965704,4,numeric__hours_since_maintenance,MAINTENANCE_INTERVAL_EXCEEDED,0.04463687569809744,2.2976094640989895
SH-MC-07-2025053000,0.47563450552113656,1,numeric__tool_wear_pct,TOOL_WEAR_ELEVATED,0.0597597400608247,1.9582214332722874
SH-MC-07-2025053000,0.47563450552113656,2,numeric__hours_since_maintenance,MAINTENANCE_INTERVAL_EXCEEDED,0.04067698339081977,1.367483591851812
SH-MC-07-2025053000,0.47563450552113656,3,numeric__temperature_c,THERMAL_STRESS,0.03977498730221375,1.2760418646825509
SH-MC-07-2025053000,0.47563450552113656,4,numeric__vibration_rolling_3,SUSTAINED_VIBRATION,0.03680915591926219,1.8914793262898608
SH-MC-10-2025060700,0.47529321354811166,1,numeric__vibration_rolling_3,SUSTAINED_VIBRATION,0.046778727214197735,1.8645184164362354
SH-MC-10-2025060700,0.47529321354811166,2,numeric__tool_wear_pct,TOOL_WEAR_ELEVATED,0.04411814795853172,1.5905767318630346
SH-MC-10-2025060700,0.47529321354811166,3,numeric__lubrication_index,LOW_LUBRICATION_INDEX,0.043992356684900966,-1.5032586929915852
SH-MC-10-2025060700,0.47529321354811166,4,numeric__temperature_c,THERMAL_STRESS,0.04286993659149114,1.7247885077181804
SH-MC-09-2025031816,0.47473700758274384,1,numeric__tool_wear_pct,TOOL_WEAR_ELEVATED,0.05270185769664244,1.7986586288799828
SH-MC-09-2025031816,0.47473700758274384,2,numeric__vibration_rolling_3,SUSTAINED_VIBRATION,0.04171207237410592,2.0136936042468045
SH-MC-09-2025031816,0.47473700758274384,3,numeric__lubrication_index,LOW_LUBRICATION_INDEX,0.04150244640551225,-1.2169426138728985
SH-MC-09-2025031816,0.47473700758274384,4,numeric__temperature_c,THERMAL_STRESS,0.03387772937988574,1.4364076376987416
SH-MC-04-2025062008,0.4736987996605229,1,numeric__tool_wear_pct,TOOL_WEAR_ELEVATED,0.05396548161727588,1.621746443679075
SH-MC-04-2025062008,0.4736987996605229,2,numeric__hours_since_maintenance,MAINTENANCE_INTERVAL_EXCEEDED,0.05119047102548854,1.7737320529067901
SH-MC-04-2025062008,0.4736987996605229,3,numeric__lubrication_index,LOW_LUBRICATION_INDEX,0.04255159063396151,-2.269105468919373
SH-MC-04-2025062008,0.4736987996605229,4,numeric__temperature_c,THERMAL_STRESS,0.038199697996894176,2.1219715244279103
SH-MC-06-2025061208,0.47291488748528016,1,numeric__tool_wear_pct,TOOL_WEAR_ELEVATED,0.0685478468709902,1.838732067381587
SH-MC-06-2025061208,0.47291488748528016,2,numeric__lubrication_index,LOW_LUBRICATION_INDEX,0.04304208915059094,-1.8318525228862053
SH-MC-06-2025061208,0.47291488748528016,3,numeric__hours_since_maintenance,MAINTENANCE_INTERVAL_EXCEEDED,0.03914446229818483,1.6247111873802769
SH-MC-06-2025061208,0.47291488748528016,4,numeric__temperature_c,THERMAL_STRESS,0.0344158450879465,1.3876290343548165
SH-MC-09-2025032016,0.4728498261198583,1,numeric__tool_wear_pct,TOOL_WEAR_ELEVATED,0.06408206936137337,2.313580727037342
SH-MC-09-2025032016,0.4728498261198583,2,numeric__lubrication_index,LOW_LUBRICATION_INDEX,0.055448121707993646,-2.2700810895346115
SH-MC-09-2025032016,0.4728498261198583,3,numeric__hours_since_maintenance,MAINTENANCE_INTERVAL_EXCEEDED,0.04706273533430786,2.2917578763124813
SH-MC-09-2025032016,0.4728498261198583,4,numeric__vibration_rolling_3,SUSTAINED_VIBRATION,0.036575509675157346,2.900785561049733
SH-MC-06-2025052716,0.4710169036532867,1,numeric__tool_wear_pct,TOOL_WEAR_ELEVATED,0.06021563011674102,1.8788970583903524
SH-MC-06-2025052716,0.4710169036532867,2,numeric__lubrication_index,LOW_LUBRICATION_INDEX,0.05193165628583176,-2.274364166851649
SH-MC-06-2025052716,0.4710169036532867,3,numeric__vibration_rolling_3,SUSTAINED_VIBRATION,0.04385115157032933,1.9480688249394367
SH-MC-06-2025052716,0.4710169036532867,4,numeric__temperature_c,THERMAL_STRESS,0.029574342641626606,2.4072124691157915
SH-MC-10-2025061508,0.47018303091496344,1,numeric__tool_wear_pct,TOOL_WEAR_ELEVATED,0.05173792757329318,1.7918451190752036
SH-MC-10-2025061508,0.47018303091496344,2,numeric__temperature_c,THERMAL_STRESS,0.048968176068263626,1.9201806619132686
SH-MC-10-2025061508,0.47018303091496344,3,numeric__vibration_rolling_3,SUSTAINED_VIBRATION,0.04506696574328537,2.3699027034163973
SH-MC-10-2025061508,0.47018303091496344,4,numeric__lubrication_index,LOW_LUBRICATION_INDEX,0.044689836858595254,-1.8576443362509658
SH-MC-06-2025051808,0.46999172711023385,1,numeric__tool_wear_pct,TOOL_WEAR_ELEVATED,0.060508783182728974,1.7632266689287064
SH-MC-06-2025051808,0.46999172711023385,2,numeric__lubrication_index,LOW_LUBRICATION_INDEX,0.04820221371288702,-2.137971732702801
SH-MC-06-2025051808,0.46999172711023385,3,numeric__hours_since_maintenance,MAINTENANCE_INTERVAL_EXCEEDED,0.047644942023330326,1.8930533228951054
SH-MC-06-2025051808,0.46999172711023385,4,numeric__temperature_c,THERMAL_STRESS,0.03358447994820264,1.5502881940919913
SH-MC-10-2025032116,0.46969605909412526,1,numeric__lubrication_index,LOW_LUBRICATION_INDEX,0.05376853210035822,-1.7091005245174056
SH-MC-10-2025032116,0.46969605909412526,2,numeric__tool_wear_pct,TOOL_WEAR_ELEVATED,0.047554681961226884,1.4141995430325576
SH-MC-10-2025032116,0.46969605909412526,3,numeric__temperature_c,THERMAL_STRESS,0.04289356523740559,1.366751396841865
SH-MC-10-2025032116,0.46969605909412526,4,numeric__vibration_rolling_3,SUSTAINED_VIBRATION,0.04263398096815621,1.8763846895318235
SH-MC-09-2025062216,0.46918464799882414,1,numeric__tool_wear_pct,TOOL_WEAR_ELEVATED,0.06144417632193559,1.964769864923839
SH-MC-09-2025062216,0.46918464799882414,2,numeric__lubrication_index,LOW_LUBRICATION_INDEX,0.050112400752313185,-1.8997749296832944
SH-MC-09-2025062216,0.46918464799882414,3,numeric__vibration_rolling_3,SUSTAINED_VIBRATION,0.044136368019827975,2.2452242165532468
SH-MC-09-2025062216,0.46918464799882414,4,numeric__hours_since_maintenance,MAINTENANCE_INTERVAL_EXCEEDED,0.03335388433978018,1.624658908114279
SH-MC-06-2025052708,0.46904084557693615,1,numeric__tool_wear_pct,TOOL_WEAR_ELEVATED,0.07000764925271731,2.036104481967956
SH-MC-06-2025052708,0.46904084557693615,2,numeric__lubrication_index,LOW_LUBRICATION_INDEX,0.04715863826864343,-2.122740268026039
SH-MC-06-2025052708,0.46904084557693615,3,numeric__vibration_rms,HIGH_VIBRATION_PATTERN,0.031165746929111348,1.5681592412257903
SH-MC-06-2025052708,0.46904084557693615,4,numeric__hours_since_maintenance,MAINTENANCE_INTERVAL_EXCEEDED,0.028252082425341347,1.233702555121879
SH-MC-01-2025053016,0.4658738504448058,1,numeric__tool_wear_pct,TOOL_WEAR_ELEVATED,0.05705149193806037,1.6688742418319062
SH-MC-01-2025053016,0.4658738504448058,2,numeric__hours_since_maintenance,MAINTENANCE_INTERVAL_EXCEEDED,0.04362923494892129,1.6368998932783525
SH-MC-01-2025053016,0.4658738504448058,3,numeric__lubrication_index,LOW_LUBRICATION_INDEX,0.04221351515725602,-1.3411433690551053
SH-MC-01-2025053016,0.4658738504448058,4,numeric__temperature_c,THERMAL_STRESS,0.03613828017635265,2.1247588245950406
SH-MC-02-2025040200,0.46551565636132114,1,numeric__tool_wear_pct,TOOL_WEAR_ELEVATED,0.06898872141238242,1.9223416425428899
SH-MC-02-2025040200,0.46551565636132114,2,numeric__hours_since_maintenance,MAINTENANCE_INTERVAL_EXCEEDED,0.050047364928378156,2.149394751295857
SH-MC-02-2025040200,0.46551565636132114,3,numeric__lubrication_index,LOW_LUBRICATION_INDEX,0.04888769932392173,-1.7574033264584763
SH-MC-02-2025040200,0.46551565636132114,4,numeric__vibration_rolling_3,SUSTAINED_VIBRATION,0.042919887716722116,2.1460879598042433
SH-MC-09-2025050116,0.46513715453777515,1,numeric__tool_wear_pct,TOOL_WEAR_ELEVATED,0.06111981510813197,1.97456868360552
SH-MC-09-2025050116,0.46513715453777515,2,numeric__lubrication_index,LOW_LUBRICATION_INDEX,0.04834845024198614,-1.659686942501832
SH-MC-09-2025050116,0.46513715453777515,3,numeric__vibration_rolling_3,SUSTAINED_VIBRATION,0.044001344737814724,1.9196030934045245
SH-MC-09-2025050116,0.46513715453777515,4,numeric__temperature_c,THERMAL_STRESS,0.031302674239508804,2.3181330353184286
SH-MC-10-2025031500,0.4641287126568389,1,numeric__tool_wear_pct,TOOL_WEAR_ELEVATED,0.058672562793262634,1.892195190320672
SH-MC-10-2025031500,0.4641287126568389,2,numeric__hours_since_maintenance,MAINTENANCE_INTERVAL_EXCEEDED,0.0471564142487268,2.0091130520101377
SH-MC-10-2025031500,0.4641287126568389,3,numeric__lubrication_index,LOW_LUBRICATION_INDEX,0.04673829421778908,-1.624909959174968
SH-MC-10-2025031500,0.4641287126568389,4,numeric__temperature_c,THERMAL_STRESS,0.0414381906477348,1.4324855496788151
SH-MC-02-2025051808,0.4639043218461031,1,numeric__tool_wear_pct,TOOL_WEAR_ELEVATED,0.059132975647155236,1.5924994869457758
SH-MC-02-2025051808,0.4639043218461031,2,numeric__hours_since_maintenance,MAINTENANCE_INTERVAL_EXCEEDED,0.04858623211113204,1.7619336581658063
SH-MC-02-2025051808,0.4639043218461031,3,numeric__temperature_c,THERMAL_STRESS,0.03983633052838785,1.7288954668500018
SH-MC-02-2025051808,0.4639043218461031,4,numeric__lubrication_index,LOW_LUBRICATION_INDEX,0.03978175192405144,-1.5243185965179977
SH-MC-12-2025040316,0.4636176293065393,1,numeric__tool_wear_pct,TOOL_WEAR_ELEVATED,0.06020898203914324,1.6308298042975786
SH-MC-12-2025040316,0.4636176293065393,2,numeric__hours_since_maintenance,MAINTENANCE_INTERVAL_EXCEEDED,0.043327818152160975,1.2339190383306617
SH-MC-12-2025040316,0.4636176293065393,3,numeric__lubrication_index,LOW_LUBRICATION_INDEX,0.04120482571580196,-1.8109680732274578
SH-MC-12-2025040316,0.4636176293065393,4,numeric__temperature_c,THERMAL_STRESS,0.027228458113729898,1.5760508120715848
SH-MC-10-2025043016,0.46323022656642765,1,numeric__vibration_rolling_3,SUSTAINED_VIBRATION,0.04558112214470569,2.0962677115738706
SH-MC-10-2025043016,0.46323022656642765,2,numeric__temperature_c,THERMAL_STRESS,0.04092957119041512,1.8413734629170817
SH-MC-10-2025043016,0.46323022656642765,3,numeric__hours_since_maintenance,MAINTENANCE_INTERVAL_EXCEEDED,0.04050764954531986,1.2500041354579703
SH-MC-10-2025043016,0.46323022656642765,4,numeric__lubrication_index,LOW_LUBRICATION_INDEX,0.032747901919314495,-1.1152246278153566
SH-MC-03-2025062416,0.4632222292970422,1,numeric__hours_since_maintenance,MAINTENANCE_INTERVAL_EXCEEDED,0.04394681003501534,1.6299447209264362
SH-MC-03-2025062416,0.4632222292970422,2,numeric__tool_wear_pct,TOOL_WEAR_ELEVATED,0.04256327607435164,1.4681606775397382
SH-MC-03-2025062416,0.4632222292970422,3,numeric__lubrication_index,LOW_LUBRICATION_INDEX,0.041073005367304516,-1.2901310910079649
SH-MC-03-2025062416,0.4632222292970422,4,numeric__temperature_c,THERMAL_STRESS,0.03493026870744574,2.1727099076114382
SH-MC-01-2025030900,0.4617974816110212,1,numeric__tool_wear_pct,TOOL_WEAR_ELEVATED,0.06597945812625479,1.8187093334646296
SH-MC-01-2025030900,0.4617974816110212,2,numeric__lubrication_index,LOW_LUBRICATION_INDEX,0.05394138016406544,-1.9483202455224926
SH-MC-01-2025030900,0.4617974816110212,3,numeric__hours_since_maintenance,MAINTENANCE_INTERVAL_EXCEEDED,0.043138837220227745,1.7402206451119846
SH-MC-01-2025030900,0.4617974816110212,4,numeric__vibration_rms,HIGH_VIBRATION_PATTERN,0.03625092918903294,1.6274288784714734
SH-MC-07-2025040900,0.46175275406899596,1,numeric__tool_wear_pct,TOOL_WEAR_ELEVATED,0.05007395988219549,1.6308764174477244
SH-MC-07-2025040900,0.46175275406899596,2,numeric__hours_since_maintenance,MAINTENANCE_INTERVAL_EXCEEDED,0.047327810203297994,1.7432988255868294
SH-MC-07-2025040900,0.46175275406899596,3,numeric__lubrication_index,LOW_LUBRICATION_INDEX,0.0434852745564066,-1.8110806960963004
SH-MC-07-2025040900,0.46175275406899596,4,numeric__temperature_c,THERMAL_STRESS,0.0339844150791797,1.6347471169864287
SH-MC-08-2025042708,0.46137376908012045,1,numeric__lubrication_index,LOW_LUBRICATION_INDEX,0.04511865156969858,-2.5276164284681317
SH-MC-08-2025042708,0.46137376908012045,2,numeric__hours_since_maintenance,MAINTENANCE_INTERVAL_EXCEEDED,0.042661326664462935,1.502861677500274
SH-MC-08-2025042708,0.46137376908012045,3,numeric__tool_wear_pct,TOOL_WEAR_ELEVATED,0.040630351829166855,1.5250703575834414
SH-MC-08-2025042708,0.46137376908012045,4,numeric__temperature_c,THERMAL_STRESS,0.037808054936401186,1.3592860527758737
SH-MC-06-2025030200,0.46072580209285563,1,numeric__tool_wear_pct,TOOL_WEAR_ELEVATED,0.06177334933434378,1.834536534727249
SH-MC-06-2025030200,0.46072580209285563,2,numeric__lubrication_index,LOW_LUBRICATION_INDEX,0.05363099739346385,-1.5609483695382125
SH-MC-06-2025030200,0.46072580209285563,3,numeric__hours_since_maintenance,MAINTENANCE_INTERVAL_EXCEEDED,0.0473308372073361,1.8992782876960352
SH-MC-06-2025030200,0.46072580209285563,4,numeric__temperature_c,THERMAL_STRESS,0.027047275899684507,1.5789221434276666
SH-MC-06-2025051708,0.46046273909897584,1,numeric__tool_wear_pct,TOOL_WEAR_ELEVATED,0.06336970795453564,1.8323226657863225
SH-MC-06-2025051708,0.46046273909897584,2,numeric__lubrication_index,LOW_LUBRICATION_INDEX,0.047255729957877565,-1.9239421594124877
SH-MC-06-2025051708,0.46046273909897584,3,numeric__hours_since_maintenance,MAINTENANCE_INTERVAL_EXCEEDED,0.04012787879105988,1.496141898264717
SH-MC-06-2025051708,0.46046273909897584,4,numeric__temperature_c,THERMAL_STRESS,0.03445316814997814,1.3033472926347682
SH-MC-10-2025041616,0.4597823874559821,1,numeric__tool_wear_pct,TOOL_WEAR_ELEVATED,0.047378122341859855,1.573984968718115
SH-MC-10-2025041616,0.4597823874559821,2,numeric__lubrication_index,LOW_LUBRICATION_INDEX,0.04626996955312462,-1.304011718818624
SH-MC-10-2025041616,0.4597823874559821,3,numeric__temperature_c,THERMAL_STRESS,0.03821498179117301,1.7276568163949113
SH-MC-10-2025041616,0.4597823874559821,4,numeric__vibration_rms,HIGH_VIBRATION_PATTERN,0.03193048611138202,1.5291957318889224
SH-MC-10-2025050608,0.45960983439935205,1,numeric__tool_wear_pct,TOOL_WEAR_ELEVATED,0.055898403558509516,1.7885356609281289
SH-MC-10-2025050608,0.45960983439935205,2,numeric__vibration_rolling_3,SUSTAINED_VIBRATION,0.0431985251331804,1.8874208150782388
SH-MC-10-2025050608,0.45960983439935205,3,numeric__temperature_c,THERMAL_STRESS,0.04096165841256334,1.2675645187662257
SH-MC-10-2025050608,0.45960983439935205,4,numeric__vibration_rms,HIGH_VIBRATION_PATTERN,0.02762181673279513,1.9709103799593237
SH-MC-10-2025050600,0.458626398875343,1,numeric__tool_wear_pct,TOOL_WEAR_ELEVATED,0.05038518264807275,1.627121251050154
SH-MC-10-2025050600,0.458626398875343,2,numeric__lubrication_index,LOW_LUBRICATION_INDEX,0.04643716685306184,-1.7242589121566383
SH-MC-10-2025050600,0.458626398875343,3,numeric__temperature_c,THERMAL_STRESS,0.04002123669941483,1.3721536627288264
SH-MC-10-2025050600,0.458626398875343,4,numeric__vibration_rolling_3,SUSTAINED_VIBRATION,0.03325367619982108,1.589320397061363
SH-MC-10-2025050616,0.4584355016270603,1,numeric__vibration_rolling_3,SUSTAINED_VIBRATION,0.05125776089715334,2.224553319002577
SH-MC-10-2025050616,0.4584355016270603,2,numeric__lubrication_index,LOW_LUBRICATION_INDEX,0.04806416296669218,-2.3218291362728376
SH-MC-10-2025050616,0.4584355016270603,3,numeric__tool_wear_pct,TOOL_WEAR_ELEVATED,0.043349964989007526,1.6863343452633932
SH-MC-10-2025050616,0.4584355016270603,4,numeric__temperature_c,THERMAL_STRESS,0.039450893420117435,2.4147985214600713
SH-MC-08-2025041100,0.4580884139220968,1,numeric__tool_wear_pct,TOOL_WEAR_ELEVATED,0.057817324127701165,1.6252992717056753
SH-MC-08-2025041100,0.4580884139220968,2,numeric__lubrication_index,LOW_LUBRICATION_INDEX,0.05225528914982178,-1.7264734333866938
SH-MC-08-2025041100,0.4580884139220968,3,numeric__hours_since_maintenance,MAINTENANCE_INTERVAL_EXCEEDED,0.04166489416817763,1.1093612683434784
SH-MC-08-2025041100,0.4580884139220968,4,numeric__vibration_rolling_3,SUSTAINED_VIBRATION,0.03645972194455271,1.743936114699382
SH-MC-09-2025051000,0.45623897902646254,1,numeric__tool_wear_pct,TOOL_WEAR_ELEVATED,0.055202673286070564,1.6644982919423055
SH-MC-09-2025051000,0.45623897902646254,2,numeric__lubrication_index,LOW_LUBRICATION_INDEX,0.04563572527906177,-1.8567705269158619
SH-MC-09-2025051000,0.45623897902646254,3,numeric__vibration_rms,HIGH_VIBRATION_PATTERN,0.03637923306971459,1.6300123687795927
SH-MC-09-2025051000,0.45623897902646254,4,numeric__hours_since_maintenance,MAINTENANCE_INTERVAL_EXCEEDED,0.03589325247203332,1.0992632167868237
SH-MC-01-2025051016,0.4561328010794324,1,numeric__tool_wear_pct,TOOL_WEAR_ELEVATED,0.07154538716934378,2.1337710557282263
SH-MC-01-2025051016,0.4561328010794324,2,numeric__hours_since_maintenance,MAINTENANCE_INTERVAL_EXCEEDED,0.05263897058267149,2.4086334077426805
SH-MC-01-2025051016,0.4561328010794324,3,numeric__lubrication_index,LOW_LUBRICATION_INDEX,0.038203595463305394,-1.3072443899275634
SH-MC-01-2025051016,0.4561328010794324,4,numeric__temperature_c,THERMAL_STRESS,0.03503268691535905,1.930943202612867
SH-MC-06-2025061316,0.45546004534852336,1,numeric__tool_wear_pct,TOOL_WEAR_ELEVATED,0.05455020458014164,2.6853933409267334
SH-MC-06-2025061316,0.45546004534852336,2,numeric__lubrication_index,LOW_LUBRICATION_INDEX,0.04953722808755371,-2.0498547341242253
SH-MC-06-2025061316,0.45546004534852336,3,numeric__vibration_rolling_3,SUSTAINED_VIBRATION,0.0480686193476464,2.2393889174924198
SH-MC-06-2025061316,0.45546004534852336,4,numeric__hours_since_maintenance,MAINTENANCE_INTERVAL_EXCEEDED,0.043536993768008896,2.1515548918805245
SH-MC-08-2025050408,0.45272612923937056,1,numeric__tool_wear_pct,TOOL_WEAR_ELEVATED,0.055169583957922555,1.5287452514207722
SH-MC-08-2025050408,0.45272612923937056,2,numeric__hours_since_maintenance,MAINTENANCE_INTERVAL_EXCEEDED,0.046792907275866845,1.248234640837374
SH-MC-08-2025050408,0.45272612923937056,3,numeric__lubrication_index,LOW_LUBRICATION_INDEX,0.04362995384951837,-1.2815162003759841
SH-MC-08-2025050408,0.45272612923937056,4,numeric__temperature_c,THERMAL_STRESS,0.035122696316557775,1.425386323699685
SH-MC-12-2025051400,0.45130014497357046,1,numeric__hours_since_maintenance,MAINTENANCE_INTERVAL_EXCEEDED,0.05494813818607144,2.2850452891654975
SH-MC-12-2025051400,0.45130014497357046,2,numeric__lubrication_index,LOW_LUBRICATION_INDEX,0.050098627684799675,-1.9196967599962862
SH-MC-12-2025051400,0.45130014497357046,3,numeric__tool_wear_pct,TOOL_WEAR_ELEVATED,0.039431773911805613,1.6018030627455178
SH-MC-12-2025051400,0.45130014497357046,4,numeric__temperature_c,THERMAL_STRESS,0.03662240354991149,1.5378493981817898
SH-MC-05-2025052716,0.4508608462673172,1,numeric__tool_wear_pct,TOOL_WEAR_ELEVATED,0.053405878311471096,1.5728228472049286
SH-MC-05-2025052716,0.4508608462673172,2,numeric__vibration_rolling_3,SUSTAINED_VIBRATION,0.04506047200457416,2.4846476279465426
SH-MC-05-2025052716,0.4508608462673172,3,numeric__hours_since_maintenance,MAINTENANCE_INTERVAL_EXCEEDED,0.043542697502763454,1.4957792078783945
SH-MC-05-2025052716,0.4508608462673172,4,numeric__temperature_c,THERMAL_STRESS,0.036721599350956244,2.6246148476311286
SH-MC-06-2025051700,0.44888331984448776,1,numeric__tool_wear_pct,TOOL_WEAR_ELEVATED,0.061188679480613996,1.6655323711186092
SH-MC-06-2025051700,0.44888331984448776,2,numeric__lubrication_index,LOW_LUBRICATION_INDEX,0.04734884606890672,-1.7531265901547992
SH-MC-06-2025051700,0.44888331984448776,3,numeric__hours_since_maintenance,MAINTENANCE_INTERVAL_EXCEEDED,0.03709314161575876,1.3687064120017134
SH-MC-06-2025051700,0.44888331984448776,4,numeric__temperature_c,THERMAL_STRESS,0.03176746440419463,1.6991090224980803
SH-MC-01-2025050916,0.44883847868538346,1,numeric__hours_since_maintenance,MAINTENANCE_INTERVAL_EXCEEDED,0.05317868924694939,2.0117219831122917
SH-MC-01-2025050916,0.44883847868538346,2,numeric__tool_wear_pct,TOOL_WEAR_ELEVATED,0.05157861897897492,1.554031623516597
SH-MC-01-2025050916,0.44883847868538346,3,numeric__lubrication_index,LOW_LUBRICATION_INDEX,0.05016041273525575,-2.1536085752349456
SH-MC-01-2025050916,0.44883847868538346,4,numeric__temperature_c,THERMAL_STRESS,0.04014666680771939,2.1373304597896627
SH-MC-04-2025060700,0.448462895745957,1,numeric__tool_wear_pct,TOOL_WEAR_ELEVATED,0.046677233191369426,1.5813984589051049
SH-MC-04-2025060700,0.448462895745957,2,numeric__lubrication_index,LOW_LUBRICATION_INDEX,0.038592557802380086,-1.5482696066800203
SH-MC-04-2025060700,0.448462895745957,3,numeric__vibration_rolling_3,SUSTAINED_VIBRATION,0.03843913242664582,1.7227080329862379
SH-MC-04-2025060700,0.448462895745957,4,numeric__temperature_c,THERMAL_STRESS,0.03466709921493833,1.5185409233623341
SH-MC-12-2025040408,0.4472968212998925,1,numeric__tool_wear_pct,TOOL_WEAR_ELEVATED,0.055499591422587397,1.9308980109323104
SH-MC-12-2025040408,0.4472968212998925,2,numeric__lubrication_index,LOW_LUBRICATION_INDEX,0.04133642450584995,-2.448624769029699
SH-MC-12-2025040408,0.4472968212998925,3,numeric__hours_since_maintenance,MAINTENANCE_INTERVAL_EXCEEDED,0.03981090137824709,1.4985266547509206
SH-MC-12-2025040408,0.4472968212998925,4,numeric__temperature_c,THERMAL_STRESS,0.03386801180916988,1.3619261016927142
SH-MC-10-2025043008,0.4460001783845767,1,numeric__lubrication_index,LOW_LUBRICATION_INDEX,0.051108881280577195,-1.2360832666719357
SH-MC-10-2025043008,0.4460001783845767,2,numeric__hours_since_maintenance,MAINTENANCE_INTERVAL_EXCEEDED,0.04379867409162961,1.117700327247841
SH-MC-10-2025043008,0.4460001783845767,3,numeric__temperature_c,THERMAL_STRESS,0.03855097312641938,1.3650112562980499
SH-MC-10-2025043008,0.4460001783845767,4,numeric__vibration_rolling_3,SUSTAINED_VIBRATION,0.033061331855293745,1.9251173825918058
SH-MC-06-2025050908,0.44540998164708967,1,numeric__tool_wear_pct,TOOL_WEAR_ELEVATED,0.04866684321373916,1.3779060974022375
SH-MC-06-2025050908,0.44540998164708967,2,numeric__hours_since_maintenance,MAINTENANCE_INTERVAL_EXCEEDED,0.04262172588210227,1.5048897178314025
SH-MC-06-2025050908,0.44540998164708967,3,numeric__lubrication_index,LOW_LUBRICATION_INDEX,0.035265330524767324,-0.9902029198401427
SH-MC-06-2025050908,0.44540998164708967,4,numeric__temperature_c,THERMAL_STRESS,0.03196396871899206,1.4942637689862865
SH-MC-02-2025052000,0.4450066869470581,1,numeric__tool_wear_pct,TOOL_WEAR_ELEVATED,0.06953237205953808,2.2872383384500488
SH-MC-02-2025052000,0.4450066869470581,2,numeric__vibration_rolling_3,SUSTAINED_VIBRATION,0.05258010991260426,2.1805415964228683
SH-MC-02-2025052000,0.4450066869470581,3,numeric__lubrication_index,LOW_LUBRICATION_INDEX,0.04981671618244299,-2.86091322086858
SH-MC-02-2025052000,0.4450066869470581,4,numeric__hours_since_maintenance,MAINTENANCE_INTERVAL_EXCEEDED,0.04196273036215648,2.4137837861704905
SH-MC-11-2025051908,0.44496633732654856,1,numeric__tool_wear_pct,TOOL_WEAR_ELEVATED,0.06373946957493548,1.8042127691219954
SH-MC-11-2025051908,0.44496633732654856,2,numeric__hours_since_maintenance,MAINTENANCE_INTERVAL_EXCEEDED,0.04969819293510924,1.630721627795365
SH-MC-11-2025051908,0.44496633732654856,3,numeric__lubrication_index,LOW_LUBRICATION_INDEX,0.0466848415808505,-1.4902293294523956
SH-MC-11-2025051908,0.44496633732654856,4,numeric__temperature_c,THERMAL_STRESS,0.042161532550429266,1.4780179663426984
SH-MC-06-2025040600,0.44448890876378305,1,numeric__lubrication_index,LOW_LUBRICATION_INDEX,0.04450984922136576,-1.2901388353169063
SH-MC-06-2025040600,0.44448890876378305,2,numeric__tool_wear_pct,TOOL_WEAR_ELEVATED,0.04420715081851966,1.4711512962805866
SH-MC-06-2025040600,0.44448890876378305,3,numeric__hours_since_maintenance,MAINTENANCE_INTERVAL_EXCEEDED,0.038789334810852706,1.6337129158011094
SH-MC-06-2025040600,0.44448890876378305,4,numeric__vibration_rms,HIGH_VIBRATION_PATTERN,0.026939233972466326,1.736595761344825
SH-MC-08-2025050500,0.4437758520946603,1,numeric__tool_wear_pct,TOOL_WEAR_ELEVATED,0.05295747864266502,1.6737744044398513
SH-MC-08-2025050500,0.4437758520946603,2,numeric__hours_since_maintenance,MAINTENANCE_INTERVAL_EXCEEDED,0.04230319408074136,1.5095651513314907
SH-MC-08-2025050500,0.4437758520946603,3,numeric__lubrication_index,LOW_LUBRICATION_INDEX,0.04128746194152413,-1.349893037844074
SH-MC-08-2025050500,0.4437758520946603,4,numeric__vibration_rolling_3,SUSTAINED_VIBRATION,0.038090162051740824,1.8170321295624696
SH-MC-06-2025042108,0.4434938413476298,1,numeric__tool_wear_pct,TOOL_WEAR_ELEVATED,0.061096946819577384,1.7405695086900541
SH-MC-06-2025042108,0.4434938413476298,2,numeric__lubrication_index,LOW_LUBRICATION_INDEX,0.04624134142522282,-1.6321247871526394
SH-MC-06-2025042108,0.4434938413476298,3,numeric__hours_since_maintenance,MAINTENANCE_INTERVAL_EXCEEDED,0.03889550556209501,1.2272912117107762
SH-MC-06-2025042108,0.4434938413476298,4,numeric__pressure_bar,PRESSURE_DEVIATION,0.026596759140393497,-0.9407035805589319
SH-MC-06-2025032408,0.4428125672549013,1,numeric__tool_wear_pct,TOOL_WEAR_ELEVATED,0.07193232984855126,1.9184480897455183
SH-MC-06-2025032408,0.4428125672549013,2,numeric__lubrication_index,LOW_LUBRICATION_INDEX,0.04728367615527208,-1.2819631954579642
SH-MC-06-2025032408,0.4428125672549013,3,numeric__hours_since_maintenance,MAINTENANCE_INTERVAL_EXCEEDED,0.04103460124159082,1.7382671827718086
SH-MC-06-2025032408,0.4428125672549013,4,numeric__temperature_c,THERMAL_STRESS,0.02617049716581047,1.8652562073611032
SH-MC-10-2025061400,0.4416102439314326,1,numeric__tool_wear_pct,TOOL_WEAR_ELEVATED,0.0459447784792012,1.5458651068117149
SH-MC-10-2025061400,0.4416102439314326,2,numeric__lubrication_index,LOW_LUBRICATION_INDEX,0.04477035859534105,-2.3437033546607227
SH-MC-10-2025061400,0.4416102439314326,3,numeric__temperature_c,THERMAL_STRESS,0.04116754739042684,1.2192033006561125
SH-MC-10-2025061400,0.4416102439314326,4,numeric__vibration_rolling_3,SUSTAINED_VIBRATION,0.030361643834955484,1.6973986061752433
SH-MC-10-2025041708,0.4410911025021345,1,numeric__tool_wear_pct,TOOL_WEAR_ELEVATED,0.05056109305172456,1.5685980153417984
SH-MC-10-2025041708,0.4410911025021345,2,numeric__lubrication_index,LOW_LUBRICATION_INDEX,0.04356056732175066,-1.3737982490494605
SH-MC-10-2025041708,0.4410911025021345,3,numeric__hours_since_maintenance,MAINTENANCE_INTERVAL_EXCEEDED,0.03828247120853303,1.2333680883172813
SH-MC-10-2025041708,0.4410911025021345,4,numeric__temperature_c,THERMAL_STRESS,0.02955820695563837,1.1175788098620947
SH-MC-04-2025031516,0.4408217629987535,1,numeric__lubrication_index,LOW_LUBRICATION_INDEX,0.050419826321636656,-1.3935144424916268
SH-MC-04-2025031516,0.4408217629987535,2,numeric__tool_wear_pct,TOOL_WEAR_ELEVATED,0.044215342721194324,1.339756763833942
SH-MC-04-2025031516,0.4408217629987535,3,numeric__hours_since_maintenance,MAINTENANCE_INTERVAL_EXCEEDED,0.038314435058088375,1.1046669832493712
SH-MC-04-2025031516,0.4408217629987535,4,numeric__temperature_c,THERMAL_STRESS,0.03741028737345971,1.318214174567733
SH-MC-08-2025042608,0.44081282374812164,1,numeric__tool_wear_pct,TOOL_WEAR_ELEVATED,0.059951377602929956,1.641268087791
SH-MC-08-2025042608,0.44081282374812164,2,numeric__hours_since_maintenance,MAINTENANCE_INTERVAL_EXCEEDED,0.04475777233143956,1.1108185748170116
SH-MC-08-2025042608,0.44081282374812164,3,numeric__lubrication_index,LOW_LUBRICATION_INDEX,0.03975781127727771,-2.359669840498144
SH-MC-08-2025042608,0.44081282374812164,4,numeric__temperature_c,THERMAL_STRESS,0.03762296841713663,1.4622520345934944
SH-MC-03-2025032016,0.44078902349327465,1,numeric__lubrication_index,LOW_LUBRICATION_INDEX,0.04732185934578795,-1.8966176560138086
SH-MC-03-2025032016,0.44078902349327465,2,numeric__tool_wear_pct,TOOL_WEAR_ELEVATED,0.045806504159144695,2.69079192787831
SH-MC-03-2025032016,0.44078902349327465,3,numeric__hours_since_maintenance,MAINTENANCE_INTERVAL_EXCEEDED,0.045172291733618794,2.5453039287160903
SH-MC-03-2025032016,0.44078902349327465,4,numeric__vibration_rolling_3,SUSTAINED_VIBRATION,0.04025087942653812,2.6925376774653755
SH-MC-02-2025060516,0.44076807672000723,1,numeric__tool_wear_pct,TOOL_WEAR_ELEVATED,0.07130494043095714,2.1331747092186246
SH-MC-02-2025060516,0.44076807672000723,2,numeric__vibration_rolling_3,SUSTAINED_VIBRATION,0.05756472715864429,2.362151450962611
SH-MC-02-2025060516,0.44076807672000723,3,numeric__lubrication_index,LOW_LUBRICATION_INDEX,0.0486798795227866,-2.3129266332896457
SH-MC-02-2025060516,0.44076807672000723,4,numeric__hours_since_maintenance,MAINTENANCE_INTERVAL_EXCEEDED,0.046275494219409505,1.8803820969769207
SH-MC-12-2025051308,0.43873784910914887,1,numeric__hours_since_maintenance,MAINTENANCE_INTERVAL_EXCEEDED,0.05490375396669584,2.0204376727452384
SH-MC-12-2025051308,0.43873784910914887,2,numeric__tool_wear_pct,TOOL_WEAR_ELEVATED,0.04684960276368368,1.3990264526982816
SH-MC-12-2025051308,0.43873784910914887,3,numeric__lubrication_index,LOW_LUBRICATION_INDEX,0.03626889778152827,-1.0070530637677784
SH-MC-12-2025051308,0.43873784910914887,4,numeric__downtime_last_7d_min,RECENT_DOWNTIME_BURDEN,0.029032029814964277,-1.3589245244687282
SH-MC-11-2025030600,0.4385721628095561,1,numeric__tool_wear_pct,TOOL_WEAR_ELEVATED,0.06301422192919562,1.9179995765904747
SH-MC-11-2025030600,0.4385721628095561,2,numeric__lubrication_index,LOW_LUBRICATION_INDEX,0.048722157969131756,-1.7755702802659126
SH-MC-11-2025030600,0.4385721628095561,3,numeric__hours_since_maintenance,MAINTENANCE_INTERVAL_EXCEEDED,0.03554871564182488,1.3657596286111517
SH-MC-11-2025030600,0.4385721628095561,4,numeric__vibration_rms,HIGH_VIBRATION_PATTERN,0.029399581984567335,1.5711763558018261
SH-MC-05-2025050808,0.4382713182359055,1,numeric__tool_wear_pct,TOOL_WEAR_ELEVATED,0.054952880984886786,1.6621829039273759
SH-MC-05-2025050808,0.4382713182359055,2,numeric__hours_since_maintenance,MAINTENANCE_INTERVAL_EXCEEDED,0.04915226291425086,1.6422205407582977
SH-MC-05-2025050808,0.4382713182359055,3,numeric__temperature_c,THERMAL_STRESS,0.04430069227822545,1.7089943090300057
SH-MC-05-2025050808,0.4382713182359055,4,numeric__vibration_rolling_3,SUSTAINED_VIBRATION,0.02942287956670749,1.7598674894349302
SH-MC-02-2025062200,0.438204200195982,1,numeric__tool_wear_pct,TOOL_WEAR_ELEVATED,0.06021697726922991,1.576606355694228
SH-MC-02-2025062200,0.438204200195982,2,numeric__temperature_c,THERMAL_STRESS,0.040732981093620675,1.3819113959522107
SH-MC-02-2025062200,0.438204200195982,3,numeric__hours_since_maintenance,MAINTENANCE_INTERVAL_EXCEEDED,0.03820572848365293,1.3699327436434894
SH-MC-02-2025062200,0.438204200195982,4,numeric__lubrication_index,LOW_LUBRICATION_INDEX,0.030550197899151824,-1.0965380404209815
SH-MC-04-2025060708,0.43813685025495075,1,numeric__lubrication_index,LOW_LUBRICATION_INDEX,0.04323543201854816,-1.3737582410538767
SH-MC-04-2025060708,0.43813685025495075,2,numeric__tool_wear_pct,TOOL_WEAR_ELEVATED,0.0414882595737742,1.4898296654789944
SH-MC-04-2025060708,0.43813685025495075,3,numeric__hours_since_maintenance,MAINTENANCE_INTERVAL_EXCEEDED,0.033083898564240356,1.0906251825477407
SH-MC-04-2025060708,0.43813685025495075,4,numeric__vibration_rms,HIGH_VIBRATION_PATTERN,0.03243057141226731,1.688365913041898
SH-MC-08-2025040300,0.43712671795694696,1,numeric__tool_wear_pct,TOOL_WEAR_ELEVATED,0.0635937128423943,1.7666175860653912
SH-MC-08-2025040300,0.43712671795694696,2,numeric__hours_since_maintenance,MAINTENANCE_INTERVAL_EXCEEDED,0.054334302029965226,1.89397487303429
SH-MC-08-2025040300,0.43712671795694696,3,numeric__lubrication_index,LOW_LUBRICATION_INDEX,0.04646770398516541,-1.5490592054221637
SH-MC-08-2025040300,0.43712671795694696,4,numeric__temperature_c,THERMAL_STRESS,0.034232275726009356,1.5712404475732025
SH-MC-06-2025030116,0.4369468943391442,1,numeric__tool_wear_pct,TOOL_WEAR_ELEVATED,0.052275641733359274,1.5482086284103855
SH-MC-06-2025030116,0.4369468943391442,2,numeric__lubrication_index,LOW_LUBRICATION_INDEX,0.04696996078490392,-1.272444720196529
SH-MC-06-2025030116,0.4369468943391442,3,numeric__hours_since_maintenance,MAINTENANCE_INTERVAL_EXCEEDED,0.04452174125411776,1.7669744794859057
SH-MC-06-2025030116,0.4369468943391442,4,numeric__temperature_c,THERMAL_STRESS,0.025829232223034525,1.4800255912576141
SH-MC-08-2025041108,0.43675318790591816,1,numeric__tool_wear_pct,TOOL_WEAR_ELEVATED,0.061003359855519315,1.650281714318301
SH-MC-08-2025041108,0.43675318790591816,2,numeric__hours_since_maintenance,MAINTENANCE_INTERVAL_EXCEEDED,0.04662160230314982,1.236796754606482
SH-MC-08-2025041108,0.43675318790591816,3,numeric__lubrication_index,LOW_LUBRICATION_INDEX,0.041362134339411355,-1.635940755533629
SH-MC-08-2025041108,0.43675318790591816,4,numeric__temperature_c,THERMAL_STRESS,0.03250878226812156,1.3912420297745272
SH-MC-10-2025031408,0.4362269541689517,1,numeric__tool_wear_pct,TOOL_WEAR_ELEVATED,0.04771992339421139,1.601804478977705
SH-MC-10-2025031408,0.4362269541689517,2,numeric__hours_since_maintenance,MAINTENANCE_INTERVAL_EXCEEDED,0.044324084045736026,1.755960310759587
SH-MC-10-2025031408,0.4362269541689517,3,numeric__temperature_c,THERMAL_STRESS,0.0435313907425968,1.3119766545497304
SH-MC-10-2025031408,0.4362269541689517,4,numeric__lubrication_index,LOW_LUBRICATION_INDEX,0.042385809669106884,-1.3594919337875715
SH-MC-08-2025062116,0.43573857730244486,1,numeric__tool_wear_pct,TOOL_WEAR_ELEVATED,0.06217665325239402,1.816282058456939
SH-MC-08-2025062116,0.43573857730244486,2,numeric__hours_since_maintenance,MAINTENANCE_INTERVAL_EXCEEDED,0.05058015340033729,1.7570504238079725
SH-MC-08-2025062116,0.43573857730244486,3,numeric__temperature_c,THERMAL_STRESS,0.04474449174649306,1.7480765062324377
SH-MC-08-2025062116,0.43573857730244486,4,numeric__vibration_rms,HIGH_VIBRATION_PATTERN,0.03220135396797496,1.6472791538462281
SH-MC-08-2025050600,0.43505072758224417,1,numeric__tool_wear_pct,TOOL_WEAR_ELEVATED,0.0690796557851629,2.098972360993067
SH-MC-08-2025050600,0.43505072758224417,2,numeric__lubrication_index,LOW_LUBRICATION_INDEX,0.051222580456725224,-2.959093706577276
SH-MC-08-2025050600,0.43505072758224417,3,numeric__hours_since_maintenance,MAINTENANCE_INTERVAL_EXCEEDED,0.05104067839016893,1.8984540271136248
SH-MC-08-2025050600,0.43505072758224417,4,numeric__vibration_rolling_3,SUSTAINED_VIBRATION,0.04248158063074396,2.3255131606636583
SH-MC-01-2025042400,0.4346018156892557,1,numeric__tool_wear_pct,TOOL_WEAR_ELEVATED,0.05204634424901541,1.5030386598089567
SH-MC-01-2025042400,0.4346018156892557,2,numeric__lubrication_index,LOW_LUBRICATION_INDEX,0.04566095563183597,-1.5691585561343142
SH-MC-01-2025042400,0.4346018156892557,3,numeric__hours_since_maintenance,MAINTENANCE_INTERVAL_EXCEEDED,0.04559983707792519,1.6207647621805241
SH-MC-01-2025042400,0.4346018156892557,4,numeric__temperature_c,THERMAL_STRESS,0.030418540566129425,1.5273392013507412
SH-MC-10-2025060708,0.43410021397407006,1,numeric__tool_wear_pct,TOOL_WEAR_ELEVATED,0.05866653220217504,1.930872751946781
SH-MC-10-2025060708,0.43410021397407006,2,numeric__temperature_c,THERMAL_STRESS,0.049854922217783953,2.1433887113161383
SH-MC-10-2025060708,0.43410021397407006,3,numeric__lubrication_index,LOW_LUBRICATION_INDEX,0.044875884350516045,-2.0222637942340715
SH-MC-10-2025060708,0.43410021397407006,4,numeric__vibration_rolling_3,SUSTAINED_VIBRATION,0.04091005671584574,1.8065361226810948
SH-MC-06-2025051716,0.43404406847838134,1,numeric__tool_wear_pct,TOOL_WEAR_ELEVATED,0.058837735006309164,1.671070986708524
SH-MC-06-2025051716,0.43404406847838134,2,numeric__hours_since_maintenance,MAINTENANCE_INTERVAL_EXCEEDED,0.044070889645479165,1.6284457064748465
SH-MC-06-2025051716,0.43404406847838134,3,numeric__lubrication_index,LOW_LUBRICATION_INDEX,0.041527551284730686,-2.1311305840572
SH-MC-06-2025051716,0.43404406847838134,4,numeric__temperature_c,THERMAL_STRESS,0.02994043630999913,2.094499249478828
SH-MC-06-2025060400,0.4333829709144596,1,numeric__tool_wear_pct,TOOL_WEAR_ELEVATED,0.0592443629917174,1.9457139102750394
SH-MC-06-2025060400,0.4333829709144596,2,numeric__lubrication_index,LOW_LUBRICATION_INDEX,0.04627825316416308,-1.7134083370792565
SH-MC-06-2025060400,0.4333829709144596,3,numeric__vibration_rms,HIGH_VIBRATION_PATTERN,0.03362954612265422,1.6020184455906172
SH-MC-06-2025060400,0.4333829709144596,4,numeric__temperature_c,THERMAL_STRESS,0.03323905800500278,1.5040029267112152
SH-MC-06-2025040516,0.4326502808754662,1,numeric__lubrication_index,LOW_LUBRICATION_INDEX,0.04525027143443828,-1.6460547715512872
SH-MC-06-2025040516,0.4326502808754662,2,numeric__tool_wear_pct,TOOL_WEAR_ELEVATED,0.0438151033433788,1.4007440171084449
SH-MC-06-2025040516,0.4326502808754662,3,numeric__hours_since_maintenance,MAINTENANCE_INTERVAL_EXCEEDED,0.04029704084655066,1.5029760204369875
SH-MC-06-2025040516,0.4326502808754662,4,numeric__temperature_c,THERMAL_STRESS,0.025847368212361867,2.002533612622912
SH-MC-07-2025052116,0.4322117745897214,1,numeric__tool_wear_pct,TOOL_WEAR_ELEVATED,0.05672368684486861,1.7541128956470151
SH-MC-07-2025052116,0.4322117745897214,2,numeric__hours_since_maintenance,MAINTENANCE_INTERVAL_EXCEEDED,0.052022386747336814,2.0343465190186123
SH-MC-07-2025052116,0.4322117745897214,3,numeric__lubrication_index,LOW_LUBRICATION_INDEX,0.04763338791958945,-1.6387242180771455
SH-MC-07-2025052116,0.4322117745897214,4,numeric__vibration_rms,HIGH_VIBRATION_PATTERN,0.03617003523419322,1.579356045736374
SH-MC-04-2025050608,0.4315659330913327,1,numeric__lubrication_index,LOW_LUBRICATION_INDEX,0.04526365748764357,-1.9326932453856251
SH-MC-04-2025050608,0.4315659330913327,2,numeric__tool_wear_pct,TOOL_WEAR_ELEVATED,0.04050890576245976,1.5518332476522445
SH-MC-04-2025050608,0.4315659330913327,3,numeric__temperature_c,THERMAL_STRESS,0.03436092041859567,1.430956020563462
SH-MC-04-2025050608,0.4315659330913327,4,numeric__vibration_rolling_3,SUSTAINED_VIBRATION,0.03309017634519118,1.5638611878223958
SH-MC-02-2025052708,0.43137018990497383,1,numeric__tool_wear_pct,TOOL_WEAR_ELEVATED,0.05718061598054608,1.7693832017896562
SH-MC-02-2025052708,0.43137018990497383,2,numeric__lubrication_index,LOW_LUBRICATION_INDEX,0.037066476208516136,-1.3459572998244282
SH-MC-02-2025052708,0.43137018990497383,3,numeric__hours_since_maintenance,MAINTENANCE_INTERVAL_EXCEEDED,0.03432525552367852,1.368495463565676
SH-MC-02-2025052708,0.43137018990497383,4,numeric__temperature_c,THERMAL_STRESS,0.03385846951800425,2.205221002417749
SH-MC-12-2025040308,0.4309190465530489,1,numeric__lubrication_index,LOW_LUBRICATION_INDEX,0.041416786084171014,-1.8029768070557775
SH-MC-12-2025040308,0.4309190465530489,2,numeric__tool_wear_pct,TOOL_WEAR_ELEVATED,0.041285192351870934,1.5021264672411727
SH-MC-12-2025040308,0.4309190465530489,3,numeric__hours_since_maintenance,MAINTENANCE_INTERVAL_EXCEEDED,0.03954699302432507,1.1016152301205322
SH-MC-12-2025040308,0.4309190465530489,4,numeric__temperature_c,THERMAL_STRESS,0.02635902054550376,1.1216982666151456
SH-MC-06-2025031000,0.4305444846083479,1,numeric__tool_wear_pct,TOOL_WEAR_ELEVATED,0.0598545757391505,1.853788304384853
SH-MC-06-2025031000,0.4305444846083479,2,numeric__lubrication_index,LOW_LUBRICATION_INDEX,0.050505714061200614,-1.4700682854429679
SH-MC-06-2025031000,0.4305444846083479,3,numeric__hours_since_maintenance,MAINTENANCE_INTERVAL_EXCEEDED,0.03706420785751546,1.5095322659526829
SH-MC-06-2025031000,0.4305444846083479,4,numeric__temperature_c,THERMAL_STRESS,0.028376183481893916,2.0941918753621502
SH-MC-03-2025031808,0.42950325251934585,1,numeric__lubrication_index,LOW_LUBRICATION_INDEX,0.041540344281467384,-1.8296485343199933
SH-MC-03-2025031808,0.42950325251934585,2,numeric__hours_since_maintenance,MAINTENANCE_INTERVAL_EXCEEDED,0.03738384047666298,1.6290227672835544
SH-MC-03-2025031808,0.42950325251934585,3,numeric__tool_wear_pct,TOOL_WEAR_ELEVATED,0.0366102655907795,1.329049509421059
SH-MC-03-2025031808,0.42950325251934585,4,numeric__temperature_c,THERMAL_STRESS,0.030790720389182066,1.4669369655243967
SH-MC-02-2025042908,0.42947157651618145,1,numeric__tool_wear_pct,TOOL_WEAR_ELEVATED,0.07008586969425133,2.096213266124473
SH-MC-02-2025042908,0.42947157651618145,2,numeric__hours_since_maintenance,MAINTENANCE_INTERVAL_EXCEEDED,0.04479624911929208,1.2292377049822196
SH-MC-02-2025042908,0.42947157651618145,3,numeric__lubrication_index,LOW_LUBRICATION_INDEX,0.042454096955163466,-1.9099098609497411
SH-MC-02-2025042908,0.42947157651618145,4,numeric__temperature_c,THERMAL_STRESS,0.03968705773908229,1.7231584873498211
SH-MC-03-2025062408,0.429414265047205,1,numeric__lubrication_index,LOW_LUBRICATION_INDEX,0.040211749493587357,-1.31460561019842
SH-MC-03-2025062408,0.429414265047205,2,numeric__hours_since_maintenance,MAINTENANCE_INTERVAL_EXCEEDED,0.03701683508270352,1.4976409127163066
SH-MC-03-2025062408,0.429414265047205,3,numeric__temperature_c,THERMAL_STRESS,0.034244634338102854,1.3168823342570066
SH-MC-03-2025062408,0.429414265047205,4,numeric__vibration_rolling_3,SUSTAINED_VIBRATION,0.026705951082412437,1.6985165345852633
SH-MC-09-2025052416,0.4290094153576458,1,numeric__hours_since_maintenance,MAINTENANCE_INTERVAL_EXCEEDED,0.047847388365832265,2.167513527583151
SH-MC-09-2025052416,0.4290094153576458,2,numeric__tool_wear_pct,TOOL_WEAR_ELEVATED,0.03734740679325276,1.4485116932532234
SH-MC-09-2025052416,0.4290094153576458,3,numeric__temperature_c,THERMAL_STRESS,0.02892028302708615,2.4027205658208457
SH-MC-09-2025052416,0.4290094153576458,4,numeric__vibration_rolling_3,SUSTAINED_VIBRATION,0.028418493006507357,1.7112383753280462
SH-MC-09-2025061408,0.4274724427946245,1,numeric__tool_wear_pct,TOOL_WEAR_ELEVATED,0.049145329415707026,1.6965319095418852
SH-MC-09-2025061408,0.4274724427946245,2,numeric__vibration_rolling_3,SUSTAINED_VIBRATION,0.037972357085286346,1.931629598485593
SH-MC-09-2025061408,0.4274724427946245,3,numeric__temperature_c,THERMAL_STRESS,0.03596131519665553,2.1455629966325183
SH-MC-09-2025061408,0.4274724427946245,4,numeric__hours_since_maintenance,MAINTENANCE_INTERVAL_EXCEEDED,0.027356304593841967,1.3630753674492295
SH-MC-08-2025040316,0.42680924516441543,1,numeric__tool_wear_pct,TOOL_WEAR_ELEVATED,0.05522882273004575,1.7123640902731787
SH-MC-08-2025040316,0.42680924516441543,2,numeric__hours_since_maintenance,MAINTENANCE_INTERVAL_EXCEEDED,0.04905923638424687,2.1478418739657403
SH-MC-08-2025040316,0.42680924516441543,3,numeric__temperature_c,THERMAL_STRESS,0.03592514022375768,1.8677976746961362
SH-MC-08-2025040316,0.42680924516441543,4,numeric__vibration_rms,HIGH_VIBRATION_PATTERN,0.030267173511791274,1.5359131148445566
SH-MC-12-2025032716,0.42562063097427755,1,numeric__tool_wear_pct,TOOL_WEAR_ELEVATED,0.05381212354152073,1.7359024344613563
SH-MC-12-2025032716,0.42562063097427755,2,numeric__hours_since_maintenance,MAINTENANCE_INTERVAL_EXCEEDED,0.04677803165836325,2.020544262561864
SH-MC-12-2025032716,0.42562063097427755,3,numeric__lubrication_index,LOW_LUBRICATION_INDEX,0.04387554034877235,-1.6067643612926936
SH-MC-12-2025032716,0.42562063097427755,4,numeric__temperature_c,THERMAL_STRESS,0.03252421273856904,1.693673603543909
SH-MC-12-2025051316,0.42497689058039134,1,numeric__hours_since_maintenance,MAINTENANCE_INTERVAL_EXCEEDED,0.05440282769103693,2.1527414809553678
SH-MC-12-2025051316,0.42497689058039134,2,numeric__lubrication_index,LOW_LUBRICATION_INDEX,0.04334294434868641,-1.9008125276444865
SH-MC-12-2025051316,0.42497689058039134,3,numeric__tool_wear_pct,TOOL_WEAR_ELEVATED,0.03690326738608349,1.4966669495626221
SH-MC-12-2025051316,0.42497689058039134,4,numeric__temperature_c,THERMAL_STRESS,0.0314791647841085,1.8506256232488008
SH-MC-05-2025050800,0.4249497902619857,1,numeric__hours_since_maintenance,MAINTENANCE_INTERVAL_EXCEEDED,0.04193708464805747,1.5104894763066536
SH-MC-05-2025050800,0.4249497902619857,2,numeric__tool_wear_pct,TOOL_WEAR_ELEVATED,0.04079525498269755,1.3837977755694506
SH-MC-05-2025050800,0.4249497902619857,3,numeric__temperature_c,THERMAL_STRESS,0.038653276497009864,1.2932527099632947
SH-MC-05-2025050800,0.4249497902619857,4,numeric__lubrication_index,LOW_LUBRICATION_INDEX,0.03790049548505935,-1.353205565197563
SH-MC-05-2025052708,0.4248290514838635,1,numeric__tool_wear_pct,TOOL_WEAR_ELEVATED,0.04776716458154584,1.4141315257573264
SH-MC-05-2025052708,0.4248290514838635,2,numeric__hours_since_maintenance,MAINTENANCE_INTERVAL_EXCEEDED,0.04044767580759642,1.367528677102929
SH-MC-05-2025052708,0.4248290514838635,3,numeric__vibration_rolling_3,SUSTAINED_VIBRATION,0.03529903737078731,2.396206187581704
SH-MC-05-2025052708,0.4248290514838635,4,numeric__lubrication_index,LOW_LUBRICATION_INDEX,0.034955397502070544,-1.4167195301763873
SH-MC-05-2025040308,0.4248206892391197,1,numeric__hours_since_maintenance,MAINTENANCE_INTERVAL_EXCEEDED,0.047576372324625,1.100199373451607
SH-MC-05-2025040308,0.4248206892391197,2,numeric__lubrication_index,LOW_LUBRICATION_INDEX,0.044316979624366766,-1.2676560569526214
SH-MC-05-2025040308,0.4248206892391197,3,numeric__tool_wear_pct,TOOL_WEAR_ELEVATED,0.03524681536117176,1.2464764627051506
SH-MC-05-2025040308,0.4248206892391197,4,numeric__vibration_rolling_3,SUSTAINED_VIBRATION,0.02899350274433044,1.661859701123933
SH-MC-06-2025030108,0.4247384165574301,1,numeric__lubrication_index,LOW_LUBRICATION_INDEX,0.045030753247754164,-1.5383554926740557
SH-MC-06-2025030108,0.4247384165574301,2,numeric__tool_wear_pct,TOOL_WEAR_ELEVATED,0.04345050906485648,1.4857868442760456
SH-MC-06-2025030108,0.4247384165574301,3,numeric__hours_since_maintenance,MAINTENANCE_INTERVAL_EXCEEDED,0.03706200682746462,1.6346706712757764
SH-MC-06-2025030108,0.4247384165574301,4,numeric__vibration_rms,HIGH_VIBRATION_PATTERN,0.013834393836476618,1.1355437328978775
SH-MC-07-2025062116,0.4233598945012765,1,numeric__tool_wear_pct,TOOL_WEAR_ELEVATED,0.052309721716744646,1.6798387295485029
SH-MC-07-2025062116,0.4233598945012765,2,numeric__hours_since_maintenance,MAINTENANCE_INTERVAL_EXCEEDED,0.04378390665045269,1.2530599211479836
SH-MC-07-2025062116,0.4233598945012765,3,numeric__lubrication_index,LOW_LUBRICATION_INDEX,0.0414829391627059,-1.3834965598186024
SH-MC-07-2025062116,0.4233598945012765,4,numeric__temperature_c,THERMAL_STRESS,0.038129406714148,2.042661760967717
SH-MC-07-2025040808,0.42315702772935826,1,numeric__hours_since_maintenance,MAINTENANCE_INTERVAL_EXCEEDED,0.036205838314175856,1.4786912091665703
SH-MC-07-2025040808,0.42315702772935826,2,numeric__tool_wear_pct,TOOL_WEAR_ELEVATED,0.03518156082647453,1.3291286862640064
SH-MC-07-2025040808,0.42315702772935826,3,numeric__lubrication_index,LOW_LUBRICATION_INDEX,0.03086125259249677,-1.0692204598273896
SH-MC-07-2025040808,0.42315702772935826,4,numeric__temperature_c,THERMAL_STRESS,0.02466978764671648,1.1190522631275657
SH-MC-09-2025042308,0.4231188430242284,1,numeric__lubrication_index,LOW_LUBRICATION_INDEX,0.04950677458521528,-1.4457641500172351
SH-MC-09-2025042308,0.4231188430242284,2,numeric__tool_wear_pct,TOOL_WEAR_ELEVATED,0.04029815053397447,1.6044469282811213
SH-MC-09-2025042308,0.4231188430242284,3,numeric__temperature_c,THERMAL_STRESS,0.03524866309859983,1.5189848875394543
SH-MC-09-2025042308,0.4231188430242284,4,numeric__hours_since_maintenance,MAINTENANCE_INTERVAL_EXCEEDED,0.03145460517906537,1.3617293692991248
SH-MC-01-2025051000,0.4223433462526991,1,numeric__hours_since_maintenance,MAINTENANCE_INTERVAL_EXCEEDED,0.05922183834720183,2.144025791322421
SH-MC-01-2025051000,0.4223433462526991,2,numeric__tool_wear_pct,TOOL_WEAR_ELEVATED,0.05448862110782821,1.5801887292147367
SH-MC-01-2025051000,0.4223433462526991,3,numeric__lubrication_index,LOW_LUBRICATION_INDEX,0.050215317652948926,-1.3032383925821855
SH-MC-01-2025051000,0.4223433462526991,4,numeric__temperature_c,THERMAL_STRESS,0.031352987965446215,1.2609486733989625
SH-MC-06-2025030916,0.42120780182965206,1,numeric__tool_wear_pct,TOOL_WEAR_ELEVATED,0.0630195219246262,1.7492293877901735
SH-MC-06-2025030916,0.42120780182965206,2,numeric__lubrication_index,LOW_LUBRICATION_INDEX,0.04763186901713654,-1.6552652560440901
SH-MC-06-2025030916,0.42120780182965206,3,numeric__hours_since_maintenance,MAINTENANCE_INTERVAL_EXCEEDED,0.02851878984088089,1.3772284577425535
SH-MC-06-2025030916,0.42120780182965206,4,numeric__pressure_bar,PRESSURE_DEVIATION,0.01796152121230086,-1.1948458654612313
SH-MC-06-2025061216,0.42017193792947893,1,numeric__tool_wear_pct,TOOL_WEAR_ELEVATED,0.06045621741666805,2.302336229765411
SH-MC-06-2025061216,0.42017193792947893,2,numeric__lubrication_index,LOW_LUBRICATION_INDEX,0.045754201416162724,-1.741429491312621
SH-MC-06-2025061216,0.42017193792947893,3,numeric__hours_since_maintenance,MAINTENANCE_INTERVAL_EXCEEDED,0.03518740398175466,1.7570149955904064
SH-MC-06-2025061216,0.42017193792947893,4,numeric__vibration_rms,HIGH_VIBRATION_PATTERN,0.029695963836383673,1.7226659857843478
SH-MC-08-2025041908,0.4195771896954286,1,numeric__tool_wear_pct,TOOL_WEAR_ELEVATED,0.05461245656576983,1.7747232581323158
SH-MC-08-2025041908,0.4195771896954286,2,numeric__lubrication_index,LOW_LUBRICATION_INDEX,0.041710551461616195,-1.351160853062016
SH-MC-08-2025041908,0.4195771896954286,3,numeric__hours_since_maintenance,MAINTENANCE_INTERVAL_EXCEEDED,0.038887649675895544,1.104619552566604
SH-MC-08-2025041908,0.4195771896954286,4,numeric__temperature_c,THERMAL_STRESS,0.0367876275537558,1.3746354832735828
SH-MC-06-2025052700,0.4192528281250416,1,numeric__tool_wear_pct,TOOL_WEAR_ELEVATED,0.06588374094253391,1.8634715288782147
SH-MC-06-2025052700,0.4192528281250416,2,numeric__lubrication_index,LOW_LUBRICATION_INDEX,0.045017358405229885,-2.455284920518136
SH-MC-06-2025052700,0.4192528281250416,3,numeric__temperature_c,THERMAL_STRESS,0.03026053127056848,1.7743300780996538
SH-MC-06-2025052700,0.4192528281250416,4,numeric__pressure_bar,PRESSURE_DEVIATION,0.024975151601748322,-1.1067956241118644
SH-MC-12-2025042308,0.4192119457002696,1,numeric__hours_since_maintenance,MAINTENANCE_INTERVAL_EXCEEDED,0.04088763954289743,1.7643929928849633
SH-MC-12-2025042308,0.4192119457002696,2,numeric__tool_wear_pct,TOOL_WEAR_ELEVATED,0.04036950518051792,1.5290875402319453
SH-MC-12-2025042308,0.4192119457002696,3,numeric__temperature_c,THERMAL_STRESS,0.03236212534858216,1.3877962263222179
SH-MC-12-2025042308,0.4192119457002696,4,numeric__lubrication_index,LOW_LUBRICATION_INDEX,0.029227840492082113,-1.0654325196153116
SH-MC-06-2025062008,0.4185497409949667,1,numeric__tool_wear_pct,TOOL_WEAR_ELEVATED,0.06211488320616491,1.7521688130970796
SH-MC-06-2025062008,0.4185497409949667,2,numeric__lubrication_index,LOW_LUBRICATION_INDEX,0.0491621108576973,-1.279829051320959
SH-MC-06-2025062008,0.4185497409949667,3,numeric__temperature_c,THERMAL_STRESS,0.03636675593902213,1.3858450298548257
SH-MC-06-2025062008,0.4185497409949667,4,numeric__hours_since_maintenance,MAINTENANCE_INTERVAL_EXCEEDED,0.03272750930535576,1.1072935264924475
SH-MC-11-2025051900,0.41774925422708736,1,numeric__tool_wear_pct,TOOL_WEAR_ELEVATED,0.04599663942046167,1.457397598456068
SH-MC-11-2025051900,0.41774925422708736,2,numeric__lubrication_index,LOW_LUBRICATION_INDEX,0.04445090313452255,-1.7314666966572485
SH-MC-11-2025051900,0.41774925422708736,3,numeric__hours_since_maintenance,MAINTENANCE_INTERVAL_EXCEEDED,0.044089092210037394,1.5032861415323613
SH-MC-11-2025051900,0.41774925422708736,4,numeric__temperature_c,THERMAL_STRESS,0.03926481080230964,1.786466891650814
SH-MC-02-2025051800,0.4177241152586653,1,numeric__tool_wear_pct,TOOL_WEAR_ELEVATED,0.05826444179831523,1.5865606253088371
SH-MC-02-2025051800,0.4177241152586653,2,numeric__hours_since_maintenance,MAINTENANCE_INTERVAL_EXCEEDED,0.042965057196573106,1.6296298499556767
SH-MC-02-2025051800,0.4177241152586653,3,numeric__lubrication_index,LOW_LUBRICATION_INDEX,0.03834729764492383,-1.5683220131043116
SH-MC-02-2025051800,0.4177241152586653,4,numeric__temperature_c,THERMAL_STRESS,0.033579738693982425,1.1936849381325327
SH-MC-06-2025052008,0.41753384246382075,1,numeric__lubrication_index,LOW_LUBRICATION_INDEX,0.05190757445961712,-2.8153489585162905
SH-MC-06-2025052008,0.41753384246382075,2,numeric__tool_wear_pct,TOOL_WEAR_ELEVATED,0.0493342846398497,2.7714990187203483
SH-MC-06-2025052008,0.41753384246382075,3,numeric__hours_since_maintenance,MAINTENANCE_INTERVAL_EXCEEDED,0.03682132745616025,2.678890096530631
SH-MC-06-2025052008,0.41753384246382075,4,numeric__vibration_rolling_3,SUSTAINED_VIBRATION,0.03627935106724683,2.449859930289491
SH-MC-09-2025032708,0.4174618701966391,1,numeric__tool_wear_pct,TOOL_WEAR_ELEVATED,0.05229854144412015,1.5930036790174156
SH-MC-09-2025032708,0.4174618701966391,2,numeric__lubrication_index,LOW_LUBRICATION_INDEX,0.042476467943711564,-1.3636978815067475
SH-MC-09-2025032708,0.4174618701966391,3,numeric__temperature_c,THERMAL_STRESS,0.03687347343544233,1.4488516118792543
SH-MC-09-2025032708,0.4174618701966391,4,numeric__vibration_rolling_3,SUSTAINED_VIBRATION,0.03234510600657277,1.9488367075388067
SH-MC-01-2025030800,0.4166105435824891,1,numeric__lubrication_index,LOW_LUBRICATION_INDEX,0.04729084738324317,-1.6268955782259777
SH-MC-01-2025030800,0.4166105435824891,2,numeric__tool_wear_pct,TOOL_WEAR_ELEVATED,0.04716434565006379,1.5072562321533605
SH-MC-01-2025030800,0.4166105435824891,3,numeric__hours_since_maintenance,MAINTENANCE_INTERVAL_EXCEEDED,0.039574798734830205,1.3516326331194062
SH-MC-01-2025030800,0.4166105435824891,4,numeric__vibration_rms,HIGH_VIBRATION_PATTERN,0.030400877840185435,1.5883651648221333
SH-MC-11-2025050408,0.41550009296513174,1,numeric__tool_wear_pct,TOOL_WEAR_ELEVATED,0.04846245614113697,1.4961730025557638
SH-MC-11-2025050408,0.41550009296513174,2,numeric__hours_since_maintenance,MAINTENANCE_INTERVAL_EXCEEDED,0.04050561920433358,1.755574117171572
SH-MC-11-2025050408,0.41550009296513174,3,numeric__temperature_c,THERMAL_STRESS,0.03955742903512329,1.3908026012649422
SH-MC-11-2025050408,0.41550009296513174,4,numeric__lubrication_index,LOW_LUBRICATION_INDEX,0.028301026862197386,-1.033399042737615
SH-MC-02-2025060408,0.41451928368510704,1,numeric__tool_wear_pct,TOOL_WEAR_ELEVATED,0.0495500509937792,1.7224265591091865
SH-MC-02-2025060408,0.41451928368510704,2,numeric__vibration_rolling_3,SUSTAINED_VIBRATION,0.04486391062977869,1.778133804781214
SH-MC-02-2025060408,0.41451928368510704,3,numeric__lubrication_index,LOW_LUBRICATION_INDEX,0.03909575881162798,-2.3029817909810486
SH-MC-02-2025060408,0.41451928368510704,4,numeric__temperature_c,THERMAL_STRESS,0.03391652035558777,2.176242215283136
SH-MC-05-2025061800,0.4141771705148726,1,numeric__hours_since_maintenance,MAINTENANCE_INTERVAL_EXCEEDED,0.048636834747256164,1.8986727278777433
SH-MC-05-2025061800,0.4141771705148726,2,numeric__temperature_c,THERMAL_STRESS,0.035395181095719944,1.1509592978443732
SH-MC-05-2025061800,0.4141771705148726,3,numeric__lubrication_index,LOW_LUBRICATION_INDEX,0.033973500789961295,-1.3724178060435819
SH-MC-05-2025061800,0.4141771705148726,4,numeric__vibration_rolling_3,SUSTAINED_VIBRATION,0.02966207328193727,1.5721591134578532
SH-MC-09-2025032700,0.41384435259838503,1,numeric__lubrication_index,LOW_LUBRICATION_INDEX,0.045237339336018374,-1.7861931105071862
SH-MC-09-2025032700,0.41384435259838503,2,numeric__tool_wear_pct,TOOL_WEAR_ELEVATED,0.04216454857580956,1.5055753957076783
SH-MC-09-2025032700,0.41384435259838503,3,numeric__vibration_rolling_3,SUSTAINED_VIBRATION,0.03946562352419278,2.066373567833814
SH-MC-09-2025032700,0.41384435259838503,4,numeric__temperature_c,THERMAL_STRESS,0.03563247720392837,1.387411743917429
SH-MC-02-2025031916,0.4134303183187127,1,numeric__tool_wear_pct,TOOL_WEAR_ELEVATED,0.06780155421773902,1.7650143011280692
SH-MC-02-2025031916,0.4134303183187127,2,numeric__hours_since_maintenance,MAINTENANCE_INTERVAL_EXCEEDED,0.048073719313264505,1.629039332123358
SH-MC-02-2025031916,0.4134303183187127,3,numeric__lubrication_index,LOW_LUBRICATION_INDEX,0.043899820176149976,-1.620227443305488
SH-MC-02-2025031916,0.4134303183187127,4,numeric__temperature_c,THERMAL_STRESS,0.03731388672621937,1.9916493257233503
SH-MC-03-2025050700,0.4130045313173403,1,numeric__tool_wear_pct,TOOL_WEAR_ELEVATED,0.042969854396174643,1.6557088609889292
SH-MC-03-2025050700,0.4130045313173403,2,numeric__lubrication_index,LOW_LUBRICATION_INDEX,0.04220139906111367,-1.8165896336890957
SH-MC-03-2025050700,0.4130045313173403,3,numeric__hours_since_maintenance,MAINTENANCE_INTERVAL_EXCEEDED,0.04063466474538677,1.6461682293143471
SH-MC-03-2025050700,0.4130045313173403,4,numeric__vibration_rolling_3,SUSTAINED_VIBRATION,0.02760113517227945,1.5515707304774224
SH-MC-06-2025052616,0.4127981756326409,1,numeric__tool_wear_pct,TOOL_WEAR_ELEVATED,0.05894344079434279,1.763532571971157
SH-MC-06-2025052616,0.4127981756326409,2,numeric__lubrication_index,LOW_LUBRICATION_INDEX,0.04588033111974919,-1.8734490374084383
SH-MC-06-2025052616,0.4127981756326409,3,numeric__temperature_c,THERMAL_STRESS,0.030873989942338306,1.8361142406004016
SH-MC-06-2025052616,0.4127981756326409,4,numeric__hours_since_maintenance,MAINTENANCE_INTERVAL_EXCEEDED,0.013275040079789666,0.973963260648746
SH-MC-08-2025030908,0.412715667463801,1,numeric__hours_since_maintenance,MAINTENANCE_INTERVAL_EXCEEDED,0.043157949393997856,1.4950742131970085
SH-MC-08-2025030908,0.412715667463801,2,numeric__lubrication_index,LOW_LUBRICATION_INDEX,0.041329076007117015,-1.4892174568298604
SH-MC-08-2025030908,0.412715667463801,3,numeric__temperature_c,THERMAL_STRESS,0.03272011735759584,1.6657978013319317
SH-MC-08-2025030908,0.412715667463801,4,numeric__tool_wear_pct,TOOL_WEAR_ELEVATED,0.031064217659833103,1.2978335823386327
SH-MC-03-2025031800,0.4126669850976819,1,numeric__lubrication_index,LOW_LUBRICATION_INDEX,0.04603950492932413,-1.239439568482681
SH-MC-03-2025031800,0.4126669850976819,2,numeric__tool_wear_pct,TOOL_WEAR_ELEVATED,0.04064738000563091,1.3501304156319576
SH-MC-03-2025031800,0.4126669850976819,3,numeric__hours_since_maintenance,MAINTENANCE_INTERVAL_EXCEEDED,0.03770213225855769,1.5015872810205508
SH-MC-03-2025031800,0.4126669850976819,4,numeric__temperature_c,THERMAL_STRESS,0.029229268599670656,1.4633258061352845
SH-MC-05-2025052616,0.41240018936313694,1,numeric__vibration_rolling_3,SUSTAINED_VIBRATION,0.04118515020375879,1.9444556976213685
SH-MC-05-2025052616,0.41240018936313694,2,numeric__hours_since_maintenance,MAINTENANCE_INTERVAL_EXCEEDED,0.041001644703334277,1.107789382629796
SH-MC-05-2025052616,0.41240018936313694,3,numeric__temperature_c,THERMAL_STRESS,0.04012108717945976,1.75990388657586
SH-MC-05-2025052616,0.41240018936313694,4,numeric__lubrication_index,LOW_LUBRICATION_INDEX,0.03917942544556868,-2.022210683757236
SH-MC-04-2025060616,0.4122767448024317,1,numeric__tool_wear_pct,TOOL_WEAR_ELEVATED,0.04355126460078484,1.6038970485417288
SH-MC-04-2025060616,0.4122767448024317,2,numeric__temperature_c,THERMAL_STRESS,0.03820762099814098,2.2194224765869417
SH-MC-04-2025060616,0.4122767448024317,3,numeric__lubrication_index,LOW_LUBRICATION_INDEX,0.03772714017556337,-1.4761491034777199
SH-MC-04-2025060616,0.4122767448024317,4,numeric__vibration_rolling_3,SUSTAINED_VIBRATION,0.03411971964034145,1.671315654923354
SH-MC-10-2025040916,0.40994829150705747,1,numeric__temperature_c,THERMAL_STRESS,0.04470722077565665,2.0356359286341346
SH-MC-10-2025040916,0.40994829150705747,2,numeric__lubrication_index,LOW_LUBRICATION_INDEX,0.042878665834786084,-1.655382167953775
SH-MC-10-2025040916,0.40994829150705747,3,numeric__hours_since_maintenance,MAINTENANCE_INTERVAL_EXCEEDED,0.04207548300017259,2.010935132409501
SH-MC-10-2025040916,0.40994829150705747,4,numeric__vibration_rolling_3,SUSTAINED_VIBRATION,0.03755559224983672,2.1200063809510388
SH-MC-10-2025032200,0.40929437618472114,1,numeric__tool_wear_pct,TOOL_WEAR_ELEVATED,0.04866780573560105,1.4483686210891542
SH-MC-10-2025032200,0.40929437618472114,2,numeric__hours_since_maintenance,MAINTENANCE_INTERVAL_EXCEEDED,0.04184964788245686,1.246311883115308
SH-MC-10-2025032200,0.40929437618472114,3,numeric__vibration_rolling_3,SUSTAINED_VIBRATION,0.027402984207707953,2.082709052608792
SH-MC-10-2025032200,0.40929437618472114,4,numeric__vibration_rms,HIGH_VIBRATION_PATTERN,0.02721848498081288,1.9852611363783297
SH-MC-06-2025032308,0.40895951213408854,1,numeric__tool_wear_pct,TOOL_WEAR_ELEVATED,0.05093995869675379,1.4414705457476138
SH-MC-06-2025032308,0.40895951213408854,2,numeric__lubrication_index,LOW_LUBRICATION_INDEX,0.048257991247523814,-1.275664487717696
SH-MC-06-2025032308,0.40895951213408854,3,numeric__hours_since_maintenance,MAINTENANCE_INTERVAL_EXCEEDED,0.03462063814060604,1.349459341951069
SH-MC-06-2025032308,0.40895951213408854,4,numeric__pressure_bar,PRESSURE_DEVIATION,0.02648294028106695,-1.3496099512872837
SH-MC-01-2025030908,0.40890850290414527,1,numeric__tool_wear_pct,TOOL_WEAR_ELEVATED,0.07340417587769382,1.9219883020012951
SH-MC-01-2025030908,0.40890850290414527,2,numeric__hours_since_maintenance,MAINTENANCE_INTERVAL_EXCEEDED,0.05206388669314138,1.8725244533221141
SH-MC-01-2025030908,0.40890850290414527,3,numeric__lubrication_index,LOW_LUBRICATION_INDEX,0.04527503098861127,-2.035832129838021
SH-MC-01-2025030908,0.40890850290414527,4,numeric__temperature_c,THERMAL_STRESS,0.026507738446016678,1.6076352415104729
SH-MC-10-2025060616,0.4088565578750874,1,numeric__temperature_c,THERMAL_STRESS,0.04365636881752915,1.8965884516705676
SH-MC-10-2025060616,0.4088565578750874,2,numeric__tool_wear_pct,TOOL_WEAR_ELEVATED,0.04183538043557937,1.552761646395041
SH-MC-10-2025060616,0.4088565578750874,3,numeric__lubrication_index,LOW_LUBRICATION_INDEX,0.04163693284599021,-2.083578799797219
SH-MC-10-2025060616,0.4088565578750874,4,numeric__vibration_rms,HIGH_VIBRATION_PATTERN,0.035072072580251336,1.7284017594127323
SH-MC-08-2025030900,0.40857874876882677,1,numeric__tool_wear_pct,TOOL_WEAR_ELEVATED,0.04637928798952139,1.6664295308662285
SH-MC-08-2025030900,0.40857874876882677,2,numeric__lubrication_index,LOW_LUBRICATION_INDEX,0.04289123735168952,-1.4619361220463525
SH-MC-08-2025030900,0.40857874876882677,3,numeric__hours_since_maintenance,MAINTENANCE_INTERVAL_EXCEEDED,0.0403953788312386,1.3627704049868792
SH-MC-08-2025030900,0.40857874876882677,4,numeric__vibration_rms,HIGH_VIBRATION_PATTERN,0.031005950904121587,1.682753957456127
SH-MC-08-2025032116,0.4073548109881609,1,numeric__tool_wear_pct,TOOL_WEAR_ELEVATED,0.05088755818168537,1.5993036221618446
SH-MC-08-2025032116,0.4073548109881609,2,numeric__hours_since_maintenance,MAINTENANCE_INTERVAL_EXCEEDED,0.04707862677444045,1.8919653010541317
SH-MC-08-2025032116,0.4073548109881609,3,numeric__lubrication_index,LOW_LUBRICATION_INDEX,0.043161057176774806,-1.638849295469333
SH-MC-08-2025032116,0.4073548109881609,4,numeric__temperature_c,THERMAL_STRESS,0.027400474633742282,1.5638659594152158
SH-MC-06-2025050916,0.4073227256461185,1,numeric__lubrication_index,LOW_LUBRICATION_INDEX,0.041944911527056414,-1.3355180914977038
SH-MC-06-2025050916,0.4073227256461185,2,numeric__hours_since_maintenance,MAINTENANCE_INTERVAL_EXCEEDED,0.039188138117139226,1.637193526041532
SH-MC-06-2025050916,0.4073227256461185,3,numeric__tool_wear_pct,TOOL_WEAR_ELEVATED,0.03706803902754475,1.3201274359270336
SH-MC-06-2025050916,0.4073227256461185,4,numeric__pressure_bar,PRESSURE_DEVIATION,0.0260076312554096,-0.9548792701022661
SH-MC-07-2025052916,0.4053569800218739,1,numeric__tool_wear_pct,TOOL_WEAR_ELEVATED,0.05465424721641523,1.7420703248282017
SH-MC-07-2025052916,0.4053569800218739,2,numeric__temperature_c,THERMAL_STRESS,0.038640850243679345,2.205425391255824
SH-MC-07-2025052916,0.4053569800218739,3,numeric__hours_since_maintenance,MAINTENANCE_INTERVAL_EXCEEDED,0.038369703741869626,1.2351797836416825
SH-MC-07-2025052916,0.4053569800218739,4,numeric__lubrication_index,LOW_LUBRICATION_INDEX,0.03801194827344632,-1.7492047091974008
SH-MC-07-2025052908,0.4044728591660469,1,numeric__tool_wear_pct,TOOL_WEAR_ELEVATED,0.04588019434892921,1.4381065762625387
SH-MC-07-2025052908,0.4044728591660469,2,numeric__hours_since_maintenance,MAINTENANCE_INTERVAL_EXCEEDED,0.04370417659085344,1.1065106729707668
SH-MC-07-2025052908,0.4044728591660469,3,numeric__temperature_c,THERMAL_STRESS,0.04032642725075606,2.066816858227286
SH-MC-07-2025052908,0.4044728591660469,4,numeric__vibration_rms,HIGH_VIBRATION_PATTERN,0.03551238880818427,1.7245439879468987
SH-MC-09-2025062200,0.40348552890557915,1,numeric__vibration_rolling_3,SUSTAINED_VIBRATION,0.045257988386657774,2.2728990589528206
SH-MC-09-2025062200,0.40348552890557915,2,numeric__lubrication_index,LOW_LUBRICATION_INDEX,0.04485614767979624,-2.068686667223389
SH-MC-09-2025062200,0.40348552890557915,3,numeric__tool_wear_pct,TOOL_WEAR_ELEVATED,0.04395132033384964,1.7228627166230643
SH-MC-09-2025062200,0.40348552890557915,4,numeric__temperature_c,THERMAL_STRESS,0.03926004268096202,1.9281225847277654
SH-MC-09-2025062116,0.40191802029472107,1,numeric__tool_wear_pct,TOOL_WEAR_ELEVATED,0.046202369423301345,1.5543847427957276
SH-MC-09-2025062116,0.40191802029472107,2,numeric__vibration_rolling_3,SUSTAINED_VIBRATION,0.04381690332253793,1.8485008651526837
SH-MC-09-2025062116,0.40191802029472107,3,numeric__hours_since_maintenance,MAINTENANCE_INTERVAL_EXCEEDED,0.03768929810109464,1.2355486718458295
SH-MC-09-2025062116,0.40191802029472107,4,numeric__temperature_c,THERMAL_STRESS,0.02891597523816065,2.554347144287806
SH-MC-03-2025042816,0.4016686891298417,1,numeric__hours_since_maintenance,MAINTENANCE_INTERVAL_EXCEEDED,0.044104271601978745,1.768896536128481
SH-MC-03-2025042816,0.4016686891298417,2,numeric__tool_wear_pct,TOOL_WEAR_ELEVATED,0.04215807722214955,1.5036686976125564
SH-MC-03-2025042816,0.4016686891298417,3,numeric__pressure_bar,PRESSURE_DEVIATION,0.023332564358070136,-0.9502570373279486
SH-MC-03-2025042816,0.4016686891298417,4,numeric__vibration_rms,HIGH_VIBRATION_PATTERN,0.020308316623758038,1.7129886157812766
SH-MC-03-2025041116,0.40126098943134897,1,numeric__tool_wear_pct,TOOL_WEAR_ELEVATED,0.03898639339599524,1.34264729524666
SH-MC-03-2025041116,0.40126098943134897,2,numeric__lubrication_index,LOW_LUBRICATION_INDEX,0.03518215088799975,-2.305818566242908
SH-MC-03-2025041116,0.40126098943134897,3,numeric__hours_since_maintenance,MAINTENANCE_INTERVAL_EXCEEDED,0.03460036905415917,1.3725777285927137
SH-MC-03-2025041116,0.40126098943134897,4,numeric__temperature_c,THERMAL_STRESS,0.027138347221254633,1.326990352003477
SH-MC-06-2025051616,0.4002726274714548,1,numeric__tool_wear_pct,TOOL_WEAR_ELEVATED,0.06316438943745971,1.724250269820882
SH-MC-06-2025051616,0.4002726274714548,2,numeric__hours_since_maintenance,MAINTENANCE_INTERVAL_EXCEEDED,0.03963107611674693,1.2364026037915838
SH-MC-06-2025051616,0.4002726274714548,3,numeric__lubrication_index,LOW_LUBRICATION_INDEX,0.031014192414308906,-1.0286134906522388
SH-MC-06-2025051616,0.4002726274714548,4,numeric__temperature_c,THERMAL_STRESS,0.030278862618531747,2.056354364602817
SH-MC-12-2025032700,0.3999989987142565,1,numeric__tool_wear_pct,TOOL_WEAR_ELEVATED,0.05282122233035563,1.7040841374690456
SH-MC-12-2025032700,0.3999989987142565,2,numeric__hours_since_maintenance,MAINTENANCE_INTERVAL_EXCEEDED,0.047897768945420256,1.7559366461416048
SH-MC-12-2025032700,0.3999989987142565,3,numeric__lubrication_index,LOW_LUBRICATION_INDEX,0.043786002960849335,-1.5266141240480842
SH-MC-12-2025032700,0.3999989987142565,4,numeric__temperature_c,THERMAL_STRESS,0.02822758206616934,1.2093672820956112
SH-MC-01-2025053008,0.39975646536574255,1,numeric__tool_wear_pct,TOOL_WEAR_ELEVATED,0.05436703578214329,1.5860429945459555
SH-MC-01-2025053008,0.39975646536574255,2,numeric__lubrication_index,LOW_LUBRICATION_INDEX,0.04358978035885076,-1.6543062894651992
SH-MC-01-2025053008,0.39975646536574255,3,numeric__hours_since_maintenance,MAINTENANCE_INTERVAL_EXCEEDED,0.04344138411317967,1.504596085068223
SH-MC-01-2025053008,0.39975646536574255,4,numeric__temperature_c,THERMAL_STRESS,0.03046057303150201,1.6426539509087759
SH-MC-02-2025060400,0.39885375235917003,1,numeric__tool_wear_pct,TOOL_WEAR_ELEVATED,0.06330848358102713,1.7521370199674706
SH-MC-02-2025060400,0.39885375235917003,2,numeric__hours_since_maintenance,MAINTENANCE_INTERVAL_EXCEEDED,0.04428599349195022,1.2367501742272353
SH-MC-02-2025060400,0.39885375235917003,3,numeric__vibration_rolling_3,SUSTAINED_VIBRATION,0.03936370207363078,1.6087106081072773
SH-MC-02-2025060400,0.39885375235917003,4,numeric__lubrication_index,LOW_LUBRICATION_INDEX,0.038623614571011565,-1.3212952845551007
SH-MC-03-2025031816,0.39794642914559203,1,numeric__tool_wear_pct,TOOL_WEAR_ELEVATED,0.06046150496560586,1.6140310495717076
SH-MC-03-2025031816,0.39794642914559203,2,numeric__lubrication_index,LOW_LUBRICATION_INDEX,0.05048137996273035,-1.4164005835877522
SH-MC-03-2025031816,0.39794642914559203,3,numeric__hours_since_maintenance,MAINTENANCE_INTERVAL_EXCEEDED,0.04414581434395356,1.7569221451609245
SH-MC-03-2025031816,0.39794642914559203,4,numeric__temperature_c,THERMAL_STRESS,0.026009873431514258,2.1217624135594293
SH-MC-03-2025061100,0.39745165774526325,1,numeric__tool_wear_pct,TOOL_WEAR_ELEVATED,0.055914202786717646,1.7731795715365168
SH-MC-03-2025061100,0.39745165774526325,2,numeric__hours_since_maintenance,MAINTENANCE_INTERVAL_EXCEEDED,0.047651822264006875,1.769587618534352
SH-MC-03-2025061100,0.39745165774526325,3,numeric__lubrication_index,LOW_LUBRICATION_INDEX,0.03953621832209616,-1.4442488269000808
SH-MC-03-2025061100,0.39745165774526325,4,numeric__pressure_bar,PRESSURE_DEVIATION,0.018555047116939574,-1.6730887179687919
SH-MC-02-2025042900,0.3973765288458413,1,numeric__tool_wear_pct,TOOL_WEAR_ELEVATED,0.060914058556408565,1.8683438698734065
SH-MC-02-2025042900,0.3973765288458413,2,numeric__temperature_c,THERMAL_STRESS,0.04000343859782877,1.7405612926986693
SH-MC-02-2025042900,0.3973765288458413,3,numeric__lubrication_index,LOW_LUBRICATION_INDEX,0.03714784638442997,-1.6522407456534993
SH-MC-02-2025042900,0.3973765288458413,4,numeric__hours_since_maintenance,MAINTENANCE_INTERVAL_EXCEEDED,0.03686224088624768,1.1072142317699434
SH-MC-10-2025050516,0.3969839773922171,1,numeric__tool_wear_pct,TOOL_WEAR_ELEVATED,0.050131779282882045,1.6427024062160296
SH-MC-10-2025050516,0.3969839773922171,2,numeric__lubrication_index,LOW_LUBRICATION_INDEX,0.042718076954327076,-1.4121008389349596
SH-MC-10-2025050516,0.3969839773922171,3,numeric__temperature_c,THERMAL_STRESS,0.038531234601630306,1.806041707259739
SH-MC-10-2025050516,0.3969839773922171,4,numeric__vibration_rolling_3,SUSTAINED_VIBRATION,0.022307201526557477,1.5371245616037061
SH-MC-11-2025061216,0.39683648751645056,1,numeric__tool_wear_pct,TOOL_WEAR_ELEVATED,0.05445888442781475,1.7221643940550382
SH-MC-11-2025061216,0.39683648751645056,2,numeric__hours_since_maintenance,MAINTENANCE_INTERVAL_EXCEEDED,0.04387662630339086,2.4133465528934583
SH-MC-11-2025061216,0.39683648751645056,3,numeric__lubrication_index,LOW_LUBRICATION_INDEX,0.04098874247799528,-1.934022564529557
SH-MC-11-2025061216,0.39683648751645056,4,numeric__downtime_last_7d_min,RECENT_DOWNTIME_BURDEN,0.028091345462080593,-1.3464069778699743
SH-MC-11-2025052700,0.39676507883604595,1,numeric__tool_wear_pct,TOOL_WEAR_ELEVATED,0.06948947252236679,1.9805691852816822
SH-MC-11-2025052700,0.39676507883604595,2,numeric__lubrication_index,LOW_LUBRICATION_INDEX,0.043293643367110404,-1.3950621224240543
SH-MC-11-2025052700,0.39676507883604595,3,numeric__temperature_c,THERMAL_STRESS,0.04085803125637516,1.9158846840897406
SH-MC-11-2025052700,0.39676507883604595,4,numeric__hours_since_maintenance,MAINTENANCE_INTERVAL_EXCEEDED,0.039677322707748514,1.5132918532146564
SH-MC-03-2025051316,0.3966471729932877,1,numeric__tool_wear_pct,TOOL_WEAR_ELEVATED,0.044662201904937235,1.4776598656787117
SH-MC-03-2025051316,0.3966471729932877,2,numeric__lubrication_index,LOW_LUBRICATION_INDEX,0.03390147422795541,-1.1976482381063602
SH-MC-03-2025051316,0.3966471729932877,3,numeric__hours_since_maintenance,MAINTENANCE_INTERVAL_EXCEEDED,0.03001253990270519,0.9865635489202023
SH-MC-03-2025051316,0.3966471729932877,4,numeric__temperature_c,THERMAL_STRESS,0.029692194780017365,2.081110695806466
SH-MC-12-2025040416,0.39608507662841624,1,numeric__tool_wear_pct,TOOL_WEAR_ELEVATED,0.058166991878209603,2.0344234449139735
SH-MC-12-2025040416,0.39608507662841624,2,numeric__hours_since_maintenance,MAINTENANCE_INTERVAL_EXCEEDED,0.04126816383799903,1.6308304629610502
SH-MC-12-2025040416,0.39608507662841624,3,numeric__temperature_c,THERMAL_STRESS,0.022112350128513553,2.3114230779596254
SH-MC-12-2025040416,0.39608507662841624,4,numeric__vibration_rolling_3,SUSTAINED_VIBRATION,0.02099078812526055,1.5747906443510968
SH-MC-11-2025031316,0.39487422060987154,1,numeric__tool_wear_pct,TOOL_WEAR_ELEVATED,0.06194651673402294,1.599491080056855
SH-MC-11-2025031316,0.39487422060987154,2,numeric__hours_since_maintenance,MAINTENANCE_INTERVAL_EXCEEDED,0.045319345427378664,1.1050706161293955
SH-MC-11-2025031316,0.39487422060987154,3,numeric__lubrication_index,LOW_LUBRICATION_INDEX,0.03273769012023127,-1.0847409572018905
SH-MC-11-2025031316,0.39487422060987154,4,numeric__temperature_c,THERMAL_STRESS,0.03139668797610807,1.7022387710714855
SH-MC-11-2025030508,0.3932868572905839,1,numeric__tool_wear_pct,TOOL_WEAR_ELEVATED,0.05457263495249348,1.5001059161587373
SH-MC-11-2025030508,0.3932868572905839,2,numeric__hours_since_maintenance,MAINTENANCE_INTERVAL_EXCEEDED,0.046248733906870856,1.1024436752450302
SH-MC-11-2025030508,0.3932868572905839,3,numeric__lubrication_index,LOW_LUBRICATION_INDEX,0.04381985226858676,-1.6709333727949562
SH-MC-11-2025030508,0.3932868572905839,4,numeric__temperature_c,THERMAL_STRESS,0.029223112659113686,1.1007434423227394
SH-MC-03-2025051308,0.3931981870502857,1,numeric__tool_wear_pct,TOOL_WEAR_ELEVATED,0.0319589902328939,1.2853799145375813
SH-MC-03-2025051308,0.3931981870502857,2,numeric__temperature_c,THERMAL_STRESS,0.029646136598887412,1.165473190957688
SH-MC-03-2025051308,0.3931981870502857,3,numeric__pressure_bar,PRESSURE_DEVIATION,0.02455779512267195,-1.1909833020959075
SH-MC-03-2025051308,0.3931981870502857,4,numeric__hours_since_maintenance,MAINTENANCE_INTERVAL_EXCEEDED,0.02415312221288491,0.8555757527591098
SH-MC-11-2025051108,0.39318621171093515,1,numeric__tool_wear_pct,TOOL_WEAR_ELEVATED,0.06178291471301851,1.6312774838169917
SH-MC-11-2025051108,0.39318621171093515,2,numeric__lubrication_index,LOW_LUBRICATION_INDEX,0.0446971374102642,-1.3881938261988918
SH-MC-11-2025051108,0.39318621171093515,3,numeric__hours_since_maintenance,MAINTENANCE_INTERVAL_EXCEEDED,0.04446400620673809,1.2341724795965077
SH-MC-11-2025051108,0.39318621171093515,4,numeric__temperature_c,THERMAL_STRESS,0.03608513311043625,1.6853065861125156
SH-MC-06-2025042100,0.39315360407862093,1,numeric__lubrication_index,LOW_LUBRICATION_INDEX,0.04715782173572318,-1.6649156388867046
SH-MC-06-2025042100,0.39315360407862093,2,numeric__tool_wear_pct,TOOL_WEAR_ELEVATED,0.04534753509525724,1.4532235765516808
SH-MC-06-2025042100,0.39315360407862093,3,numeric__hours_since_maintenance,MAINTENANCE_INTERVAL_EXCEEDED,0.033416692368204826,1.0998557254477725
SH-MC-06-2025042100,0.39315360407862093,4,numeric__pressure_bar,PRESSURE_DEVIATION,0.02109640120548806,-1.3141905506040232
SH-MC-07-2025062208,0.39269462309881464,1,numeric__tool_wear_pct,TOOL_WEAR_ELEVATED,0.04934809155340657,1.7766291899729691
SH-MC-07-2025062208,0.39269462309881464,2,numeric__hours_since_maintenance,MAINTENANCE_INTERVAL_EXCEEDED,0.03866263616095902,1.5127992156211167
SH-MC-07-2025062208,0.39269462309881464,3,numeric__lubrication_index,LOW_LUBRICATION_INDEX,0.037343871530736594,-1.5927905526631532
SH-MC-07-2025062208,0.39269462309881464,4,numeric__temperature_c,THERMAL_STRESS,0.0370377631653288,1.7593847924608554
SH-MC-08-2025041916,0.3926706983858185,1,numeric__tool_wear_pct,TOOL_WEAR_ELEVATED,0.0638396540929188,1.9867014529049047
SH-MC-08-2025041916,0.3926706983858185,2,numeric__hours_since_maintenance,MAINTENANCE_INTERVAL_EXCEEDED,0.052691068849272375,1.2369233607767336
SH-MC-08-2025041916,0.3926706983858185,3,numeric__temperature_c,THERMAL_STRESS,0.03289932377457313,1.6961903723903085
SH-MC-08-2025041916,0.3926706983858185,4,numeric__lubrication_index,LOW_LUBRICATION_INDEX,0.03196790428851464,-1.0471112312979145
SH-MC-08-2025051216,0.39201737533926523,1,numeric__tool_wear_pct,TOOL_WEAR_ELEVATED,0.0580103566040004,1.6550900056809081
SH-MC-08-2025051216,0.39201737533926523,2,numeric__lubrication_index,LOW_LUBRICATION_INDEX,0.042709671979274375,-1.2325774885826697
SH-MC-08-2025051216,0.39201737533926523,3,numeric__hours_since_maintenance,MAINTENANCE_INTERVAL_EXCEEDED,0.041859910428615074,1.1082644892100635
SH-MC-08-2025051216,0.39201737533926523,4,numeric__vibration_rms,HIGH_VIBRATION_PATTERN,0.03188919895086985,1.4623525393172634
SH-MC-09-2025052308,0.39189320698639857,1,numeric__lubrication_index,LOW_LUBRICATION_INDEX,0.04139944232027303,-1.8901337480582419
SH-MC-09-2025052308,0.39189320698639857,2,numeric__hours_since_maintenance,MAINTENANCE_INTERVAL_EXCEEDED,0.0363805215676537,1.638298294742633
SH-MC-09-2025052308,0.39189320698639857,3,numeric__temperature_c,THERMAL_STRESS,0.03426062363480828,1.177430169099883
SH-MC-09-2025052308,0.39189320698639857,4,numeric__vibration_rms,HIGH_VIBRATION_PATTERN,0.030730339836587878,1.623701477234688
SH-MC-08-2025041900,0.3908421945223178,1,numeric__tool_wear_pct,TOOL_WEAR_ELEVATED,0.053414717122996835,1.7215901232052502
SH-MC-08-2025041900,0.3908421945223178,2,numeric__lubrication_index,LOW_LUBRICATION_INDEX,0.0421917505963377,-1.5149779555882066
SH-MC-08-2025041900,0.3908421945223178,3,numeric__temperature_c,THERMAL_STRESS,0.029467151492270475,1.3346466621778457
SH-MC-08-2025041900,0.3908421945223178,4,numeric__hours_since_maintenance,MAINTENANCE_INTERVAL_EXCEEDED,0.028865114270614792,0.9789115464081644
SH-MC-08-2025042700,0.390660978227532,1,numeric__tool_wear_pct,TOOL_WEAR_ELEVATED,0.059879012902002385,1.7957377266924806
SH-MC-08-2025042700,0.390660978227532,2,numeric__hours_since_maintenance,MAINTENANCE_INTERVAL_EXCEEDED,0.04038198063321347,1.3754261912372705
SH-MC-08-2025042700,0.390660978227532,3,numeric__lubrication_index,LOW_LUBRICATION_INDEX,0.03615767752667128,-2.2173820514424976
SH-MC-08-2025042700,0.390660978227532,4,numeric__temperature_c,THERMAL_STRESS,0.034691313563162324,1.7881275772478598
SH-MC-01-2025030816,0.3901435974750127,1,numeric__tool_wear_pct,TOOL_WEAR_ELEVATED,0.06118303415769773,1.7315475719086015
SH-MC-01-2025030816,0.3901435974750127,2,numeric__hours_since_maintenance,MAINTENANCE_INTERVAL_EXCEEDED,0.0446256325536357,1.607916836901855
SH-MC-01-2025030816,0.3901435974750127,3,numeric__lubrication_index,LOW_LUBRICATION_INDEX,0.04018620270671666,-1.6628928182200078
SH-MC-01-2025030816,0.3901435974750127,4,numeric__temperature_c,THERMAL_STRESS,0.025684540340986838,1.8844934541930685
SH-MC-09-2025043016,0.38920895769830294,1,numeric__tool_wear_pct,TOOL_WEAR_ELEVATED,0.0411697134251693,1.4643465706502916
SH-MC-09-2025043016,0.38920895769830294,2,numeric__temperature_c,THERMAL_STRESS,0.032501220555218556,1.2976339486492536
SH-MC-09-2025043016,0.38920895769830294,3,numeric__vibration_rms,HIGH_VIBRATION_PATTERN,0.03155690544072783,1.625154826917188
SH-MC-09-2025043016,0.38920895769830294,4,numeric__lubrication_index,LOW_LUBRICATION_INDEX,0.027011998513056763,-1.1814155391063315
SH-MC-06-2025062016,0.38840071162431467,1,numeric__tool_wear_pct,TOOL_WEAR_ELEVATED,0.06514951228349401,1.8390185317216117
SH-MC-06-2025062016,0.38840071162431467,2,numeric__lubrication_index,LOW_LUBRICATION_INDEX,0.04621016472437505,-1.7132465987962118
SH-MC-06-2025062016,0.38840071162431467,3,numeric__hours_since_maintenance,MAINTENANCE_INTERVAL_EXCEEDED,0.032621066642537104,1.2395973347025768
SH-MC-06-2025062016,0.38840071162431467,4,numeric__pressure_bar,PRESSURE_DEVIATION,0.02950522115091475,-1.7509705738100163
SH-MC-02-2025031900,0.3882249880225276,1,numeric__tool_wear_pct,TOOL_WEAR_ELEVATED,0.06176098100700464,1.652100255630058
SH-MC-02-2025031900,0.3882249880225276,2,numeric__lubrication_index,LOW_LUBRICATION_INDEX,0.040800802668884965,-1.9102698335469848
SH-MC-02-2025031900,0.3882249880225276,3,numeric__hours_since_maintenance,MAINTENANCE_INTERVAL_EXCEEDED,0.039392466240397994,1.3650044594615844
SH-MC-02-2025031900,0.3882249880225276,4,numeric__temperature_c,THERMAL_STRESS,0.030220945987696857,1.4380431989310425
SH-MC-09-2025050916,0.386898864738132,1,numeric__tool_wear_pct,TOOL_WEAR_ELEVATED,0.04188128147404564,1.4887339493907021
SH-MC-09-2025050916,0.386898864738132,2,numeric__lubrication_index,LOW_LUBRICATION_INDEX,0.0329942688700444,-1.0624456935565485
SH-MC-09-2025050916,0.386898864738132,3,numeric__temperature_c,THERMAL_STRESS,0.028779593488308535,1.5964478414930297
SH-MC-09-2025050916,0.386898864738132,4,numeric__hours_since_maintenance,MAINTENANCE_INTERVAL_EXCEEDED,0.025889832887539193,0.9669594085766942
SH-MC-06-2025041400,0.38676916596387756,1,numeric__lubrication_index,LOW_LUBRICATION_INDEX,0.0475518960034238,-1.579184138228496
SH-MC-06-2025041400,0.38676916596387756,2,numeric__hours_since_maintenance,MAINTENANCE_INTERVAL_EXCEEDED,0.03417205054435098,1.1150480938059264
SH-MC-06-2025041400,0.38676916596387756,3,numeric__temperature_c,THERMAL_STRESS,0.03165679504218222,1.3048968301575365
SH-MC-06-2025041400,0.38676916596387756,4,numeric__tool_wear_pct,TOOL_WEAR_ELEVATED,0.030803670046365143,1.3119072985694624
SH-MC-02-2025041908,0.3859052838455532,1,numeric__hours_since_maintenance,MAINTENANCE_INTERVAL_EXCEEDED,0.04510077101507311,1.5031956459890048
SH-MC-02-2025041908,0.3859052838455532,2,numeric__lubrication_index,LOW_LUBRICATION_INDEX,0.036487375599665244,-1.6628167254193953
SH-MC-02-2025041908,0.3859052838455532,3,numeric__temperature_c,THERMAL_STRESS,0.03176018783381578,1.4143157578770478
SH-MC-02-2025041908,0.3859052838455532,4,numeric__tool_wear_pct,TOOL_WEAR_ELEVATED,0.029843156177943267,1.2593626020717736
SH-MC-12-2025040400,0.3846293677630842,1,numeric__tool_wear_pct,TOOL_WEAR_ELEVATED,0.05313826422365471,1.77217173818518
SH-MC-12-2025040400,0.3846293677630842,2,numeric__hours_since_maintenance,MAINTENANCE_INTERVAL_EXCEEDED,0.04326213047718533,1.3662228465407913
SH-MC-12-2025040400,0.3846293677630842,3,numeric__temperature_c,THERMAL_STRESS,0.027761071761763786,1.4135992756335092
SH-MC-12-2025040400,0.3846293677630842,4,numeric__pressure_bar,PRESSURE_DEVIATION,0.024125776547720565,-1.514627102362003
SH-MC-10-2025051316,0.38441470427940205,1,numeric__temperature_c,THERMAL_STRESS,0.04782934803369874,2.21352122262271
SH-MC-10-2025051316,0.38441470427940205,2,numeric__lubrication_index,LOW_LUBRICATION_INDEX,0.04733505482448643,-1.8746042824674363
SH-MC-10-2025051316,0.38441470427940205,3,numeric__tool_wear_pct,TOOL_WEAR_ELEVATED,0.04436169784983028,1.5667843320029002
SH-MC-10-2025051316,0.38441470427940205,4,numeric__vibration_rolling_3,SUSTAINED_VIBRATION,0.03936348962706486,1.9413837612142781
SH-MC-07-2025040800,0.3840462956179188,1,numeric__lubrication_index,LOW_LUBRICATION_INDEX,0.03455271424991359,-1.6081922725434377
SH-MC-07-2025040800,0.3840462956179188,2,numeric__hours_since_maintenance,MAINTENANCE_INTERVAL_EXCEEDED,0.031888826739604845,1.3463874009564407
SH-MC-07-2025040800,0.3840462956179188,3,numeric__vibration_rms,HIGH_VIBRATION_PATTERN,0.030553864116571114,1.7551532583129752
SH-MC-07-2025040800,0.3840462956179188,4,numeric__pressure_bar,PRESSURE_DEVIATION,0.02201008492384408,-1.4359279629361537
SH-MC-06-2025062700,0.38403118697194033,1,numeric__lubrication_index,LOW_LUBRICATION_INDEX,0.04114437780559503,-1.285316249281959
SH-MC-06-2025062700,0.38403118697194033,2,numeric__tool_wear_pct,TOOL_WEAR_ELEVATED,0.03828742662619319,1.3619784257130636
SH-MC-06-2025062700,0.38403118697194033,3,numeric__temperature_c,THERMAL_STRESS,0.030925615885878072,1.4159848498428438
SH-MC-06-2025062700,0.38403118697194033,4,numeric__pressure_bar,PRESSURE_DEVIATION,0.02971526748674442,-1.0464359575827582
SH-MC-12-2025040300,0.38353134828127894,1,numeric__lubrication_index,LOW_LUBRICATION_INDEX,0.03808772519850597,-1.8689585182076982
SH-MC-12-2025040300,0.38353134828127894,2,numeric__tool_wear_pct,TOOL_WEAR_ELEVATED,0.0325934975597031,1.320044976869665
SH-MC-12-2025040300,0.38353134828127894,3,numeric__temperature_c,THERMAL_STRESS,0.028460630874389964,1.2933958094848759
SH-MC-12-2025040300,0.38353134828127894,4,numeric__hours_since_maintenance,MAINTENANCE_INTERVAL_EXCEEDED,0.0255668992580932,0.9774076699133845
SH-MC-09-2025052400,0.383338321962736,1,numeric__hours_since_maintenance,MAINTENANCE_INTERVAL_EXCEEDED,0.04468705434294214,1.902905911162892
SH-MC-09-2025052400,0.383338321962736,2,numeric__tool_wear_pct,TOOL_WEAR_ELEVATED,0.044013772301358695,1.4406395533359797
SH-MC-09-2025052400,0.383338321962736,3,numeric__temperature_c,THERMAL_STRESS,0.036791616704475394,1.3681739903968158
SH-MC-09-2025052400,0.383338321962736,4,numeric__vibration_rms,HIGH_VIBRATION_PATTERN,0.026024533654499124,1.6349406224235246
SH-MC-09-2025031908,0.3829086080230217,1,numeric__lubrication_index,LOW_LUBRICATION_INDEX,0.043204331704015435,-1.5613545011441001
SH-MC-09-2025031908,0.3829086080230217,2,numeric__hours_since_maintenance,MAINTENANCE_INTERVAL_EXCEEDED,0.03948433939426947,1.7674109654190888
SH-MC-09-2025031908,0.3829086080230217,3,numeric__tool_wear_pct,TOOL_WEAR_ELEVATED,0.02854723522659255,1.443302154739698
SH-MC-09-2025031908,0.3829086080230217,4,numeric__temperature_c,THERMAL_STRESS,0.028013131487711364,2.0706060333237013
SH-MC-08-2025051208,0.3828591419954103,1,numeric__tool_wear_pct,TOOL_WEAR_ELEVATED,0.054532321321048946,1.5543053139112337
SH-MC-08-2025051208,0.3828591419954103,2,numeric__lubrication_index,LOW_LUBRICATION_INDEX,0.043448137002497174,-1.373383273725678
SH-MC-08-2025051208,0.3828591419954103,3,numeric__temperature_c,THERMAL_STRESS,0.034848088247250025,1.4017771116639985
SH-MC-08-2025051208,0.3828591419954103,4,numeric__hours_since_maintenance,MAINTENANCE_INTERVAL_EXCEEDED,0.03203832341285159,0.975960680999934
SH-MC-12-2025032708,0.38275820243709907,1,numeric__tool_wear_pct,TOOL_WEAR_ELEVATED,0.04456967520467959,1.5374043941044178
SH-MC-12-2025032708,0.38275820243709907,2,numeric__hours_since_maintenance,MAINTENANCE_INTERVAL_EXCEEDED,0.04435977903243571,1.8882404543517342
SH-MC-12-2025032708,0.38275820243709907,3,numeric__lubrication_index,LOW_LUBRICATION_INDEX,0.043282665546547985,-1.2343336867623145
SH-MC-12-2025032708,0.38275820243709907,4,numeric__pressure_bar,PRESSURE_DEVIATION,0.025975990903583043,-1.0061997996803258
SH-MC-03-2025050616,0.38260149102603225,1,numeric__tool_wear_pct,TOOL_WEAR_ELEVATED,0.050406919047904376,1.7861104468163893
SH-MC-03-2025050616,0.38260149102603225,2,numeric__lubrication_index,LOW_LUBRICATION_INDEX,0.04127315771191346,-1.5169612586080283
SH-MC-03-2025050616,0.38260149102603225,3,numeric__hours_since_maintenance,MAINTENANCE_INTERVAL_EXCEEDED,0.032933987122903026,1.5138644211042176
SH-MC-03-2025050616,0.38260149102603225,4,numeric__vibration_rms,HIGH_VIBRATION_PATTERN,0.02577936476798891,1.4633524367328592
SH-MC-09-2025050108,0.3824948826322921,1,numeric__lubrication_index,LOW_LUBRICATION_INDEX,0.04722630827304083,-1.952890984642761
SH-MC-09-2025050108,0.3824948826322921,2,numeric__tool_wear_pct,TOOL_WEAR_ELEVATED,0.041997998492289246,1.6231322518992202
SH-MC-09-2025050108,0.3824948826322921,3,numeric__vibration_rolling_3,SUSTAINED_VIBRATION,0.03812099154922715,1.7161983827960658
SH-MC-09-2025050108,0.3824948826322921,4,numeric__temperature_c,THERMAL_STRESS,0.03138966778996235,1.4328500525346917
SH-MC-07-2025042108,0.3824075528201737,1,numeric__hours_since_maintenance,MAINTENANCE_INTERVAL_EXCEEDED,0.039343707135561574,1.1040678120465615
SH-MC-07-2025042108,0.3824075528201737,2,numeric__lubrication_index,LOW_LUBRICATION_INDEX,0.03866020892566898,-1.089606427415391
SH-MC-07-2025042108,0.3824075528201737,3,categorical__machine_id_MC-07,MACHINE_BASELINE_EFFECT,0.02083667729849517,1.0
SH-MC-07-2025042108,0.3824075528201737,4,numeric__tool_wear_pct,TOOL_WEAR_ELEVATED,0.018594377167493584,0.8698121993342987
SH-MC-10-2025051400,0.3821809134569353,1,numeric__tool_wear_pct,TOOL_WEAR_ELEVATED,0.04830366837042488,1.3694746839159797
SH-MC-10-2025051400,0.3821809134569353,2,numeric__temperature_c,THERMAL_STRESS,0.04474181260130874,1.355001142285048
SH-MC-10-2025051400,0.3821809134569353,3,numeric__lubrication_index,LOW_LUBRICATION_INDEX,0.04456664447254582,-1.2199040124333909
SH-MC-10-2025051400,0.3821809134569353,4,numeric__vibration_rolling_3,SUSTAINED_VIBRATION,0.03736704256174696,2.030206119240316
SH-MC-02-2025033116,0.38206956862004376,1,numeric__tool_wear_pct,TOOL_WEAR_ELEVATED,0.049805082703877776,1.4319659358626107
SH-MC-02-2025033116,0.38206956862004376,2,numeric__hours_since_maintenance,MAINTENANCE_INTERVAL_EXCEEDED,0.03825153278380874,1.6250478404024649
SH-MC-02-2025033116,0.38206956862004376,3,numeric__temperature_c,THERMAL_STRESS,0.033982340338458435,1.3577455146855213
SH-MC-02-2025033116,0.38206956862004376,4,numeric__lubrication_index,LOW_LUBRICATION_INDEX,0.03031760004522921,-1.0464049150156123
SH-MC-09-2025041508,0.381970516852734,1,numeric__lubrication_index,LOW_LUBRICATION_INDEX,0.0405921112410785,-1.5422255445897417
SH-MC-09-2025041508,0.381970516852734,2,numeric__hours_since_maintenance,MAINTENANCE_INTERVAL_EXCEEDED,0.031977534055184526,1.1062582159210061
SH-MC-09-2025041508,0.381970516852734,3,numeric__temperature_c,THERMAL_STRESS,0.02899202832149104,1.2168259453953845
SH-MC-09-2025041508,0.381970516852734,4,numeric__pressure_bar,PRESSURE_DEVIATION,0.02592347555815974,-1.1886303223562427
SH-MC-08-2025040216,0.38131754272733615,1,numeric__tool_wear_pct,TOOL_WEAR_ELEVATED,0.05170599416518246,1.361452611704541
SH-MC-08-2025040216,0.38131754272733615,2,numeric__hours_since_maintenance,MAINTENANCE_INTERVAL_EXCEEDED,0.0431090994413246,1.7616710648241605
SH-MC-08-2025040216,0.38131754272733615,3,numeric__lubrication_index,LOW_LUBRICATION_INDEX,0.035383565344073005,-1.5145786568416468
SH-MC-08-2025040216,0.38131754272733615,4,numeric__temperature_c,THERMAL_STRESS,0.03243053622717367,1.6360559212024284
SH-MC-11-2025052600,0.3655984840782243,1,numeric__tool_wear_pct,TOOL_WEAR_ELEVATED,0.05225165231597703,1.5031269115553334
SH-MC-11-2025052600,0.3655984840782243,2,numeric__lubrication_index,LOW_LUBRICATION_INDEX,0.04593691222541386,-1.458335618079794
SH-MC-11-2025052600,0.3655984840782243,3,numeric__hours_since_maintenance,MAINTENANCE_INTERVAL_EXCEEDED,0.04076016800870855,1.116380428584268
SH-MC-11-2025052600,0.3655984840782243,4,numeric__temperature_c,THERMAL_STRESS,0.03116395911869982,1.8355437890784088
SH-MC-05-2025052608,0.36514173422137025,1,numeric__hours_since_maintenance,MAINTENANCE_INTERVAL_EXCEEDED,0.04432369210002106,0.9754855744196664
SH-MC-05-2025052608,0.36514173422137025,2,numeric__temperature_c,THERMAL_STRESS,0.03716986794157664,1.3416526627505552
SH-MC-05-2025052608,0.36514173422137025,3,numeric__tool_wear_pct,TOOL_WEAR_ELEVATED,0.03693826573397906,1.3203056073517616
SH-MC-05-2025052608,0.36514173422137025,4,numeric__pressure_bar,PRESSURE_DEVIATION,0.024983910987765343,-1.1746496048083204
SH-MC-03-2025031708,0.3637121180258918,1,numeric__lubrication_index,LOW_LUBRICATION_INDEX,0.044792403910302446,-1.2747509046276593
SH-MC-03-2025031708,0.3637121180258918,2,numeric__hours_since_maintenance,MAINTENANCE_INTERVAL_EXCEEDED,0.035205098055703724,1.236979664600292
SH-MC-03-2025031708,0.3637121180258918,3,numeric__temperature_c,THERMAL_STRESS,0.02792336148754784,1.1320990616019357
SH-MC-03-2025031708,0.3637121180258918,4,numeric__tool_wear_pct,TOOL_WEAR_ELEVATED,0.025137877473588404,1.1540306217059637
SH-MC-10-2025031300,0.36136864532034985,1,numeric__lubrication_index,LOW_LUBRICATION_INDEX,0.04684808489952361,-1.2153138798340812
SH-MC-10-2025031300,0.36136864532034985,2,numeric__hours_since_maintenance,MAINTENANCE_INTERVAL_EXCEEDED,0.04524132146889191,1.234637444017257
SH-MC-10-2025031300,0.36136864532034985,3,numeric__tool_wear_pct,TOOL_WEAR_ELEVATED,0.03295514764034105,1.1317839332258572
SH-MC-10-2025031300,0.36136864532034985,4,numeric__pressure_bar,PRESSURE_DEVIATION,0.025308931339200126,-1.175171178311099
SH-MC-07-2025042200,0.3590685841056143,1,numeric__hours_since_maintenance,MAINTENANCE_INTERVAL_EXCEEDED,0.03926155287820886,1.3686754284668203
SH-MC-07-2025042200,0.3590685841056143,2,numeric__pressure_bar,PRESSURE_DEVIATION,0.020991680776818816,-1.203155927950446
SH-MC-07-2025042200,0.3590685841056143,3,numeric__tool_wear_pct,TOOL_WEAR_ELEVATED,0.019692173429814223,1.0635067249710388
SH-MC-07-2025042200,0.3590685841056143,4,numeric__temperature_c,THERMAL_STRESS,0.015475567022433684,1.5667806149296535
SH-MC-11-2025050308,0.35690356594507966,1,numeric__hours_since_maintenance,MAINTENANCE_INTERVAL_EXCEEDED,0.03754970790514238,1.3586626925411835
SH-MC-11-2025050308,0.35690356594507966,2,numeric__temperature_c,THERMAL_STRESS,0.03287900380786573,1.1638880908342686
SH-MC-11-2025050308,0.35690356594507966,3,numeric__lubrication_index,LOW_LUBRICATION_INDEX,0.023028459898439595,-0.9809652857794403
SH-MC-11-2025050308,0.35690356594507966,4,numeric__tool_wear_pct,TOOL_WEAR_ELEVATED,0.021698854459480936,1.217736367935367
SH-MC-07-2025040908,0.3538769046304589,1,numeric__lubrication_index,LOW_LUBRICATION_INDEX,0.04493860104716462,-2.501448228279367
SH-MC-07-2025040908,0.3538769046304589,2,numeric__tool_wear_pct,TOOL_WEAR_ELEVATED,0.03596471875452376,1.728907636436726
SH-MC-07-2025040908,0.3538769046304589,3,numeric__hours_since_maintenance,MAINTENANCE_INTERVAL_EXCEEDED,0.03503005507825038,1.8707343118498327
SH-MC-07-2025040908,0.3538769046304589,4,numeric__vibration_rolling_3,SUSTAINED_VIBRATION,0.02983520433220857,1.7022313743721693
SH-MC-06-2025041308,0.3443193045292166,1,numeric__tool_wear_pct,TOOL_WEAR_ELEVATED,0.04902413404082205,1.422372472635803
SH-MC-06-2025041308,0.3443193045292166,2,numeric__temperature_c,THERMAL_STRESS,0.018929610917289702,1.0628311766051934
SH-MC-06-2025041308,0.3443193045292166,3,numeric__hours_since_maintenance,MAINTENANCE_INTERVAL_EXCEEDED,0.01882235808611126,0.8510132211441528
SH-MC-06-2025041308,0.3443193045292166,4,numeric__pressure_bar,PRESSURE_DEVIATION,0.018090182310583257,-0.876784462569725
SH-MC-12-2025051300,0.338759802390971,1,numeric__hours_since_maintenance,MAINTENANCE_INTERVAL_EXCEEDED,0.0551546196926379,1.8938054270130091
SH-MC-12-2025051300,0.338759802390971,2,numeric__temperature_c,THERMAL_STRESS,0.0376090417311785,1.2773335122216438
SH-MC-12-2025051300,0.338759802390971,3,numeric__lubrication_index,LOW_LUBRICATION_INDEX,0.03130810942976754,-1.187925202873375
SH-MC-12-2025051300,0.338759802390971,4,numeric__tool_wear_pct,TOOL_WEAR_ELEVATED,0.030132619295437636,1.2603278619229656
SH-MC-09-2025052300,0.33802738506955077,1,numeric__lubrication_index,LOW_LUBRICATION_INDEX,0.0397317173366861,-1.6287017620393065
SH-MC-09-2025052300,0.33802738506955077,2,numeric__hours_since_maintenance,MAINTENANCE_INTERVAL_EXCEEDED,0.03421390281179679,1.5108628084796296
SH-MC-09-2025052300,0.33802738506955077,3,numeric__pressure_bar,PRESSURE_DEVIATION,0.02409129320025673,-1.4745113970429875
SH-MC-09-2025052300,0.33802738506955077,4,numeric__vibration_rms,HIGH_VIBRATION_PATTERN,0.016480754970098176,1.3901497984288653
SH-MC-02-2025033000,0.33712659973867837,1,numeric__hours_since_maintenance,MAINTENANCE_INTERVAL_EXCEEDED,0.035081331677996805,0.971926671582969
SH-MC-02-2025033000,0.33712659973867837,2,numeric__lubrication_index,LOW_LUBRICATION_INDEX,0.03266396828404083,-1.0295340661685615
SH-MC-02-2025033000,0.33712659973867837,3,numeric__pressure_bar,PRESSURE_DEVIATION,0.02515924848007796,-0.8958797191727775
SH-MC-02-2025033000,0.33712659973867837,4,numeric__tool_wear_pct,TOOL_WEAR_ELEVATED,0.018762972727092247,0.8163243858997106
SH-MC-02-2025040100,0.3337111070643317,1,numeric__tool_wear_pct,TOOL_WEAR_ELEVATED,0.05052476536505469,1.6541408707513006
SH-MC-02-2025040100,0.3337111070643317,2,numeric__lubrication_index,LOW_LUBRICATION_INDEX,0.03804169873024177,-1.267091745186382
SH-MC-02-2025040100,0.3337111070643317,3,numeric__hours_since_maintenance,MAINTENANCE_INTERVAL_EXCEEDED,0.03317762326829094,1.7573516486125944
SH-MC-02-2025040100,0.3337111070643317,4,numeric__temperature_c,THERMAL_STRESS,0.027158030784541393,1.3554561265863485
SH-MC-05-2025051900,0.33174923256849775,1,numeric__hours_since_maintenance,MAINTENANCE_INTERVAL_EXCEEDED,0.0442346921505301,1.242976816825539
SH-MC-05-2025051900,0.33174923256849775,2,numeric__lubrication_index,LOW_LUBRICATION_INDEX,0.036363156487306085,-1.2624351143687644
SH-MC-05-2025051900,0.33174923256849775,3,numeric__temperature_c,THERMAL_STRESS,0.027970060610338517,1.6458063524391375
SH-MC-05-2025051900,0.33174923256849775,4,numeric__pressure_bar,PRESSURE_DEVIATION,0.02475215033518329,-0.9507007155862819
SH-MC-02-2025041900,0.33022747537965846,1,numeric__hours_since_maintenance,MAINTENANCE_INTERVAL_EXCEEDED,0.03694100595812312,1.3778173324119356
SH-MC-02-2025041900,0.33022747537965846,2,numeric__tool_wear_pct,TOOL_WEAR_ELEVATED,0.03135441303450787,1.1355820724515813
SH-MC-02-2025041900,0.33022747537965846,3,numeric__lubrication_index,LOW_LUBRICATION_INDEX,0.031307925359560326,-0.9627651301861306
SH-MC-02-2025041900,0.33022747537965846,4,numeric__temperature_c,THERMAL_STRESS,0.029833550846773353,1.2991836725238666
SH-MC-06-2025030908,0.3250804011202544,1,numeric__tool_wear_pct,TOOL_WEAR_ELEVATED,0.059014036492692226,1.7602134565198706
SH-MC-06-2025030908,0.3250804011202544,2,numeric__hours_since_maintenance,MAINTENANCE_INTERVAL_EXCEEDED,0.030727450814393247,1.244924649532424
SH-MC-06-2025030908,0.3250804011202544,3,numeric__pressure_bar,PRESSURE_DEVIATION,0.010368306661680019,-2.047378579460531
SH-MC-06-2025030908,0.3250804011202544,4,numeric__vibration_rms,HIGH_VIBRATION_PATTERN,0.010127754742446616,1.0461721288337607
SH-MC-05-2025051916,0.32283877203410055,1,numeric__hours_since_maintenance,MAINTENANCE_INTERVAL_EXCEEDED,0.03493933752404202,1.5021288629207494
SH-MC-05-2025051916,0.32283877203410055,2,numeric__temperature_c,THERMAL_STRESS,0.026393672526622166,1.6854733112398579
SH-MC-05-2025051916,0.32283877203410055,3,numeric__pressure_bar,PRESSURE_DEVIATION,0.022646545629718857,-1.0937937739115824
SH-MC-05-2025051916,0.32283877203410055,4,numeric__vibration_rms,HIGH_VIBRATION_PATTERN,0.020314713682790347,1.3324017296034312
SH-MC-06-2025032316,0.3220583233006723,1,numeric__tool_wear_pct,TOOL_WEAR_ELEVATED,0.04376250505918155,1.6813314167552522
SH-MC-06-2025032316,0.3220583233006723,2,numeric__lubrication_index,LOW_LUBRICATION_INDEX,0.04044977853635064,-1.9006450438629618
SH-MC-06-2025032316,0.3220583233006723,3,numeric__hours_since_maintenance,MAINTENANCE_INTERVAL_EXCEEDED,0.03079036746728602,1.4817631501611985
SH-MC-06-2025032316,0.3220583233006723,4,numeric__vibration_rms,HIGH_VIBRATION_PATTERN,0.021310129339451776,1.77120123525833
SH-MC-02-2025062908,0.3189020139511471,1,numeric__tool_wear_pct,TOOL_WEAR_ELEVATED,0.05344922102085306,1.5907211281577918
SH-MC-02-2025062908,0.3189020139511471,2,numeric__temperature_c,THERMAL_STRESS,0.03801025650555939,1.4002799565932396
SH-MC-02-2025062908,0.3189020139511471,3,numeric__hours_since_maintenance,MAINTENANCE_INTERVAL_EXCEEDED,0.03726730985361199,1.1167222635922258
SH-MC-02-2025062908,0.3189020139511471,4,numeric__vibration_rms,HIGH_VIBRATION_PATTERN,0.020780737684198757,1.47069495205317
SH-MC-09-2025052408,0.3177248696574629,1,numeric__hours_since_maintenance,MAINTENANCE_INTERVAL_EXCEEDED,0.044531930122473806,2.0352097193730216
SH-MC-09-2025052408,0.3177248696574629,2,numeric__tool_wear_pct,TOOL_WEAR_ELEVATED,0.03795600641147812,1.5644413962084915
SH-MC-09-2025052408,0.3177248696574629,3,numeric__temperature_c,THERMAL_STRESS,0.029342544787581092,1.807807138287094
SH-MC-09-2025052408,0.3177248696574629,4,numeric__lubrication_index,LOW_LUBRICATION_INDEX,0.025268508930283283,-1.0862756737011423
SH-MC-11-2025051716,0.3144789372395162,1,numeric__temperature_c,THERMAL_STRESS,0.031046077734270094,1.3011345390669846
SH-MC-11-2025051716,0.3144789372395162,2,numeric__hours_since_maintenance,MAINTENANCE_INTERVAL_EXCEEDED,0.03044983509546069,0.9884523047277247
SH-MC-11-2025051716,0.3144789372395162,3,numeric__tool_wear_pct,TOOL_WEAR_ELEVATED,0.025514413537511167,1.2810143874315807
SH-MC-11-2025051716,0.3144789372395162,4,numeric__lubrication_index,LOW_LUBRICATION_INDEX,0.025386798605803725,-1.8374510965857511
SH-MC-12-2025061716,0.3139112002371834,1,numeric__hours_since_maintenance,MAINTENANCE_INTERVAL_EXCEEDED,0.03592726119424056,1.5176675375682422
SH-MC-12-2025061716,0.3139112002371834,2,numeric__lubrication_index,LOW_LUBRICATION_INDEX,0.0266426719752658,-1.0120272698895012
SH-MC-12-2025061716,0.3139112002371834,3,numeric__temperature_c,THERMAL_STRESS,0.0244179414554126,1.536210287559949
SH-MC-12-2025061716,0.3139112002371834,4,numeric__pressure_bar,PRESSURE_DEVIATION,0.02107909389425656,-1.420356188806945
SH-MC-05-2025041100,0.31372404769430795,1,numeric__lubrication_index,LOW_LUBRICATION_INDEX,0.03167370706388865,-1.664400177460512
SH-MC-05-2025041100,0.31372404769430795,2,numeric__tool_wear_pct,TOOL_WEAR_ELEVATED,0.02803466000450295,1.130757546268366
SH-MC-05-2025041100,0.31372404769430795,3,numeric__vibration_rms,HIGH_VIBRATION_PATTERN,0.01785545721327474,1.7840253460874258
SH-MC-05-2025041100,0.31372404769430795,4,numeric__pressure_bar,PRESSURE_DEVIATION,0.015393137378914594,-1.3735882762822147
SH-MC-11-2025052616,0.3134801979606588,1,numeric__tool_wear_pct,TOOL_WEAR_ELEVATED,0.04919773184401206,1.724387286954437
SH-MC-11-2025052616,0.3134801979606588,2,numeric__hours_since_maintenance,MAINTENANCE_INTERVAL_EXCEEDED,0.03699106291799987,1.3809880450045269
SH-MC-11-2025052616,0.3134801979606588,3,numeric__temperature_c,THERMAL_STRESS,0.033754157338959895,1.9395789479993903
SH-MC-11-2025052616,0.3134801979606588,4,numeric__lubrication_index,LOW_LUBRICATION_INDEX,0.02836660154262061,-1.858807382382749
SH-MC-02-2025033008,0.31336588677010313,1,numeric__hours_since_maintenance,MAINTENANCE_INTERVAL_EXCEEDED,0.04082212085542483,1.095832607561947
SH-MC-02-2025033008,0.31336588677010313,2,numeric__temperature_c,THERMAL_STRESS,0.025246162471254892,0.6092265771307185
SH-MC-02-2025033008,0.31336588677010313,3,numeric__tool_wear_pct,TOOL_WEAR_ELEVATED,0.02235665755716397,0.6755258399665667
SH-MC-02-2025033008,0.31336588677010313,4,numeric__vibration_rms,HIGH_VIBRATION_PATTERN,0.011278129182141852,0.5759454927277012
SH-MC-05-2025050708,0.30021190686793003,1,numeric__hours_since_maintenance,MAINTENANCE_INTERVAL_EXCEEDED,0.041552652669093165,1.2458818598863945
SH-MC-05-2025050708,0.30021190686793003,2,numeric__temperature_c,THERMAL_STRESS,0.03245030379036746,1.2186172021490504
SH-MC-05-2025050708,0.30021190686793003,3,numeric__lubrication_index,LOW_LUBRICATION_INDEX,0.029961841422845567,-1.181044940582377
SH-MC-05-2025050708,0.30021190686793003,4,numeric__tool_wear_pct,TOOL_WEAR_ELEVATED,0.027885559718462485,1.1570292782841451
SH-MC-05-2025062908,0.29801700567708167,1,numeric__hours_since_maintenance,MAINTENANCE_INTERVAL_EXCEEDED,0.041634535984420684,1.369708873593815
SH-MC-05-2025062908,0.29801700567708167,2,numeric__tool_wear_pct,TOOL_WEAR_ELEVATED,0.020379446934469546,1.1467385508196415
SH-MC-05-2025062908,0.29801700567708167,3,numeric__lubrication_index,LOW_LUBRICATION_INDEX,0.018937906483776,-1.1581055231497286
SH-MC-05-2025062908,0.29801700567708167,4,numeric__pressure_bar,PRESSURE_DEVIATION,0.016147781960785767,-0.7534733919114339
SH-MC-11-2025052516,0.29592602142946384,1,numeric__tool_wear_pct,TOOL_WEAR_ELEVATED,0.04232545782495551,1.3994115607353141
SH-MC-11-2025052516,0.29592602142946384,2,numeric__hours_since_maintenance,MAINTENANCE_INTERVAL_EXCEEDED,0.034434005472978396,0.9840766203741385
SH-MC-11-2025052516,0.29592602142946384,3,numeric__temperature_c,THERMAL_STRESS,0.031217734436897526,2.000536891637613
SH-MC-11-2025052516,0.29592602142946384,4,numeric__lubrication_index,LOW_LUBRICATION_INDEX,0.029917492012426685,-1.717549544545653
SH-MC-02-2025052508,0.2823418357122252,1,numeric__lubrication_index,LOW_LUBRICATION_INDEX,0.03845312030352525,-1.3847513047927908
SH-MC-02-2025052508,0.2823418357122252,2,numeric__temperature_c,THERMAL_STRESS,0.034571143509516275,1.2481491606701958
SH-MC-02-2025052508,0.2823418357122252,3,numeric__pressure_bar,PRESSURE_DEVIATION,0.021599822023417557,-0.9035686307174764
SH-MC-02-2025052508,0.2823418357122252,4,numeric__tool_wear_pct,TOOL_WEAR_ELEVATED,0.020727253437039645,0.9821393711066045
SH-MC-06-2025040400,0.2814392683651395,1,numeric__pressure_bar,PRESSURE_DEVIATION,0.03159979090187859,-0.9721329833426703
SH-MC-06-2025040400,0.2814392683651395,2,numeric__lubrication_index,LOW_LUBRICATION_INDEX,0.028400354124668282,-0.9667459472797167
SH-MC-06-2025040400,0.2814392683651395,3,numeric__hours_since_maintenance,MAINTENANCE_INTERVAL_EXCEEDED,0.021400505140274802,0.846325301333466
SH-MC-06-2025040400,0.2814392683651395,4,numeric__cumulative_operating_hours,MODEL_DRIVER_CUMULATIVE_OPERATING_HOURS,0.016047591161333034,1.656550526899305
SH-MC-11-2025050216,0.28046045367906614,1,numeric__hours_since_maintenance,MAINTENANCE_INTERVAL_EXCEEDED,0.03535817815045157,1.0989233980680504
SH-MC-11-2025050216,0.28046045367906614,2,numeric__temperature_c,THERMAL_STRESS,0.0277938716164426,1.3506837546507693
SH-MC-11-2025050216,0.28046045367906614,3,numeric__lubrication_index,LOW_LUBRICATION_INDEX,0.0209554041001733,-0.9645086615235317
SH-MC-11-2025050216,0.28046045367906614,4,numeric__tool_wear_pct,TOOL_WEAR_ELEVATED,0.020132533089049158,1.0451884371628861
SH-MC-01-2025050808,0.27839434228365534,1,numeric__hours_since_maintenance,MAINTENANCE_INTERVAL_EXCEEDED,0.026487847040463624,1.4873750722188996
SH-MC-01-2025050808,0.27839434228365534,2,numeric__pressure_bar,PRESSURE_DEVIATION,0.02225007727548798,-0.9823033804681349
SH-MC-01-2025050808,0.27839434228365534,3,numeric__tool_wear_pct,TOOL_WEAR_ELEVATED,0.020759737403148928,1.0530579253700787
SH-MC-01-2025050808,0.27839434228365534,4,numeric__lubrication_index,LOW_LUBRICATION_INDEX,0.018768007251329013,-0.9338313478191824
SH-MC-11-2025030416,0.27838924700635626,1,numeric__lubrication_index,LOW_LUBRICATION_INDEX,0.039102165815432625,-1.5263021872651343
SH-MC-11-2025030416,0.27838924700635626,2,numeric__tool_wear_pct,TOOL_WEAR_ELEVATED,0.037991673652914865,1.3019214278061673
SH-MC-11-2025030416,0.27838924700635626,3,numeric__temperature_c,THERMAL_STRESS,0.03347969549203737,1.279468909121766
SH-MC-11-2025030416,0.27838924700635626,4,numeric__hours_since_maintenance,MAINTENANCE_INTERVAL_EXCEEDED,0.03280421401857547,0.8485988536697332
SH-MC-11-2025050300,0.27542069165633026,1,numeric__hours_since_maintenance,MAINTENANCE_INTERVAL_EXCEEDED,0.033462113141404105,1.23122720627818
SH-MC-11-2025050300,0.27542069165633026,2,numeric__tool_wear_pct,TOOL_WEAR_ELEVATED,0.030620369083793685,1.3044001963470866
SH-MC-11-2025050300,0.27542069165633026,3,numeric__temperature_c,THERMAL_STRESS,0.026909983638611686,1.8326004860186222
SH-MC-11-2025050300,0.27542069165633026,4,numeric__pressure_bar,PRESSURE_DEVIATION,0.017465027499720842,-0.9457789130345727
SH-MC-09-2025031600,0.27381443429570385,1,numeric__tool_wear_pct,TOOL_WEAR_ELEVATED,0.022493906176427575,0.9761206061041088
SH-MC-09-2025031600,0.27381443429570385,2,numeric__cumulative_operating_hours,MODEL_DRIVER_CUMULATIVE_OPERATING_HOURS,0.013010771720732861,1.6567841272511725
SH-MC-09-2025031600,0.27381443429570385,3,numeric__temperature_c,THERMAL_STRESS,0.012709462125845988,0.46049854964489667
SH-MC-09-2025031600,0.27381443429570385,4,numeric__vibration_rms,HIGH_VIBRATION_PATTERN,0.01015468703542246,0.7553817142206981
SH-MC-11-2025042516,0.2732531511563435,1,numeric__temperature_c,THERMAL_STRESS,0.02733443694869568,0.992630136222784
SH-MC-11-2025042516,0.2732531511563435,2,numeric__lubrication_index,LOW_LUBRICATION_INDEX,0.016425642969607367,-0.7191086150323821
SH-MC-11-2025042516,0.2732531511563435,3,numeric__tool_wear_pct,TOOL_WEAR_ELEVATED,0.01630806627096732,0.7656084162397656
SH-MC-11-2025042516,0.2732531511563435,4,numeric__vibration_rms,HIGH_VIBRATION_PATTERN,0.00940157910023631,0.28993599581898977
SH-MC-07-2025030816,0.27212163467046424,1,numeric__lubrication_index,LOW_LUBRICATION_INDEX,0.0382527429400103,-1.270072972583763
SH-MC-07-2025030816,0.27212163467046424,2,numeric__hours_since_maintenance,MAINTENANCE_INTERVAL_EXCEEDED,0.019808025983727166,0.7143604860941943
SH-MC-07-2025030816,0.27212163467046424,3,numeric__pressure_bar,PRESSURE_DEVIATION,0.01956988255878049,-0.8331981003070923
SH-MC-07-2025030816,0.27212163467046424,4,categorical__machine_id_MC-07,MACHINE_BASELINE_EFFECT,0.019496767212938835,1.0
SH-MC-12-2025052316,0.2715926590858006,1,numeric__hours_since_maintenance,MAINTENANCE_INTERVAL_EXCEEDED,0.038942049332412784,1.6395760956107033
SH-MC-12-2025052316,0.2715926590858006,2,numeric__lubrication_index,LOW_LUBRICATION_INDEX,0.03206230770880471,-1.1401526795321606
SH-MC-12-2025052316,0.2715926590858006,3,numeric__temperature_c,THERMAL_STRESS,0.028809887557472595,1.2809786958613751
SH-MC-12-2025052316,0.2715926590858006,4,numeric__downtime_last_7d_min,RECENT_DOWNTIME_BURDEN,0.023011463890808336,-1.7660164961058693
SH-MC-10-2025051916,0.27109283376670285,1,numeric__lubrication_index,LOW_LUBRICATION_INDEX,0.030171839238035486,-1.1993745469452748
SH-MC-10-2025051916,0.27109283376670285,2,numeric__temperature_c,THERMAL_STRESS,0.025237016832173477,2.298721841814311
SH-MC-10-2025051916,0.27109283376670285,3,numeric__tool_wear_pct,TOOL_WEAR_ELEVATED,0.025193291478821583,1.0458641401951727
SH-MC-10-2025051916,0.27109283376670285,4,numeric__pressure_bar,PRESSURE_DEVIATION,0.0141902894213614,-1.3200771417541948
SH-MC-11-2025061108,0.2658788990952473,1,numeric__hours_since_maintenance,MAINTENANCE_INTERVAL_EXCEEDED,0.03750154131549993,1.8889996420000665
SH-MC-11-2025061108,0.2658788990952473,2,numeric__tool_wear_pct,TOOL_WEAR_ELEVATED,0.03707037653999616,1.450460948128734
SH-MC-11-2025061108,0.2658788990952473,3,numeric__lubrication_index,LOW_LUBRICATION_INDEX,0.03361065337064282,-1.3479917104042674
SH-MC-11-2025061108,0.2658788990952473,4,numeric__temperature_c,THERMAL_STRESS,0.028801351697358275,1.402839807910948
SH-MC-12-2025051116,0.2647946242340592,1,numeric__hours_since_maintenance,MAINTENANCE_INTERVAL_EXCEEDED,0.03139010618182956,1.3698968351049698
SH-MC-12-2025051116,0.2647946242340592,2,numeric__temperature_c,THERMAL_STRESS,0.02570432557467973,1.1295783899255325
SH-MC-12-2025051116,0.2647946242340592,3,numeric__downtime_last_7d_min,RECENT_DOWNTIME_BURDEN,0.0226227160515848,-1.534462011216185
SH-MC-12-2025051116,0.2647946242340592,4,numeric__lubrication_index,LOW_LUBRICATION_INDEX,0.020192120940768585,-0.9176169389844956
SH-MC-09-2025061216,0.2647313492371052,1,numeric__tool_wear_pct,TOOL_WEAR_ELEVATED,0.02187850193634652,1.1376460349054136
SH-MC-09-2025061216,0.2647313492371052,2,numeric__temperature_c,THERMAL_STRESS,0.018476455291211308,1.479548570104652
SH-MC-09-2025061216,0.2647313492371052,3,numeric__pressure_bar,PRESSURE_DEVIATION,0.014541969520882374,-0.8491347430025235
SH-MC-09-2025061216,0.2647313492371052,4,numeric__lubrication_index,LOW_LUBRICATION_INDEX,0.008797870627348119,-0.6395262004189897
SH-MC-07-2025052616,0.26305552566614554,1,numeric__temperature_c,THERMAL_STRESS,0.02539459265491674,1.1027386783955224
SH-MC-07-2025052616,0.26305552566614554,2,numeric__lubrication_index,LOW_LUBRICATION_INDEX,0.02467959387242241,-0.8613592859315851
SH-MC-07-2025052616,0.26305552566614554,3,categorical__machine_id_MC-07,MACHINE_BASELINE_EFFECT,0.02177498649329432,1.0
SH-MC-07-2025052616,0.26305552566614554,4,numeric__tool_wear_pct,TOOL_WEAR_ELEVATED,0.01682788357563989,0.6035027670184607
SH-MC-10-2025040600,0.2622352487895221,1,numeric__lubrication_index,LOW_LUBRICATION_INDEX,0.02811913948925705,-1.0272233863436582
SH-MC-10-2025040600,0.2622352487895221,2,numeric__pressure_bar,PRESSURE_DEVIATION,0.02764516069160904,-0.937057192234671
SH-MC-10-2025040600,0.2622352487895221,3,numeric__hours_since_maintenance,MAINTENANCE_INTERVAL_EXCEEDED,0.010965241072447281,0.571494848550346
SH-MC-10-2025040600,0.2622352487895221,4,numeric__defect_rate_lag_1,MODEL_DRIVER_DEFECT_RATE_LAG_1,0.005483113416259809,0.5693766571637849
SH-MC-08-2025030100,0.2616574474085687,1,numeric__lubrication_index,LOW_LUBRICATION_INDEX,0.03323180808838896,-1.0300472392445577
SH-MC-08-2025030100,0.2616574474085687,2,numeric__hours_since_maintenance,MAINTENANCE_INTERVAL_EXCEEDED,0.021675378136562333,0.844837730056986
SH-MC-08-2025030100,0.2616574474085687,3,numeric__pressure_bar,PRESSURE_DEVIATION,0.02160675197918587,-1.2808188036743684
SH-MC-08-2025030100,0.2616574474085687,4,numeric__tool_wear_pct,TOOL_WEAR_ELEVATED,0.020799892924161213,0.7658318693611315
SH-MC-11-2025062216,0.26144251466222235,1,numeric__lubrication_index,LOW_LUBRICATION_INDEX,0.0370462140662755,-1.440646031511609
SH-MC-11-2025062216,0.26144251466222235,2,numeric__hours_since_maintenance,MAINTENANCE_INTERVAL_EXCEEDED,0.03422127976684826,1.504714612503927
SH-MC-11-2025062216,0.26144251466222235,3,numeric__temperature_c,THERMAL_STRESS,0.024836689308979795,1.596029478386239
SH-MC-11-2025062216,0.26144251466222235,4,numeric__downtime_last_7d_min,RECENT_DOWNTIME_BURDEN,0.011472883277862951,-1.649241524671124
SH-MC-11-2025030316,0.26082739035289004,1,numeric__lubrication_index,LOW_LUBRICATION_INDEX,0.04153021134492404,-1.2024303939399805
SH-MC-11-2025030316,0.26082739035289004,2,numeric__temperature_c,THERMAL_STRESS,0.024469887880087082,1.176789552476644
SH-MC-11-2025030316,0.26082739035289004,3,numeric__pressure_bar,PRESSURE_DEVIATION,0.018329716621255668,-1.0026030522624432
SH-MC-11-2025030316,0.26082739035289004,4,numeric__tool_wear_pct,TOOL_WEAR_ELEVATED,0.01057864365835619,0.9158966602446588
SH-MC-07-2025062100,0.258001803656429,1,numeric__lubrication_index,LOW_LUBRICATION_INDEX,0.04078934252902762,-1.3101076384157684
SH-MC-07-2025062100,0.258001803656429,2,numeric__hours_since_maintenance,MAINTENANCE_INTERVAL_EXCEEDED,0.03387484846045763,0.9884523047277247
SH-MC-07-2025062100,0.258001803656429,3,numeric__tool_wear_pct,TOOL_WEAR_ELEVATED,0.026454006121679214,1.1777091996750628
SH-MC-07-2025062100,0.258001803656429,4,categorical__machine_id_MC-07,MACHINE_BASELINE_EFFECT,0.014108188097498267,1.0
SH-MC-11-2025040700,0.2577929365227174,1,numeric__lubrication_index,LOW_LUBRICATION_INDEX,0.03162033209168045,-1.0946926562832002
SH-MC-11-2025040700,0.2577929365227174,2,numeric__temperature_c,THERMAL_STRESS,0.018214053814707244,1.0040187836790353
SH-MC-11-2025040700,0.2577929365227174,3,numeric__tool_wear_pct,TOOL_WEAR_ELEVATED,0.01653498971950012,0.8367317755745762
SH-MC-11-2025040700,0.2577929365227174,4,numeric__pressure_bar,PRESSURE_DEVIATION,0.01177729107937406,-1.4424758039513472
SH-MC-12-2025040116,0.2574642027583346,1,numeric__pressure_bar,PRESSURE_DEVIATION,0.025749022445851526,-1.0604927885461581
SH-MC-12-2025040116,0.2574642027583346,2,numeric__downtime_last_7d_min,RECENT_DOWNTIME_BURDEN,0.01562431264479297,-1.0784126563589425
SH-MC-12-2025040116,0.2574642027583346,3,numeric__cumulative_operating_hours,MODEL_DRIVER_CUMULATIVE_OPERATING_HOURS,0.01290571126264736,1.705088853372478
SH-MC-12-2025040116,0.2574642027583346,4,numeric__temperature_c,THERMAL_STRESS,0.010359170823822005,0.8398839335966534
SH-MC-09-2025061316,0.25586061462692195,1,numeric__lubrication_index,LOW_LUBRICATION_INDEX,0.033242146829321785,-1.4510004667311636
SH-MC-09-2025061316,0.25586061462692195,2,numeric__temperature_c,THERMAL_STRESS,0.027127505193292187,1.752642877949471
SH-MC-09-2025061316,0.25586061462692195,3,numeric__vibration_rms,HIGH_VIBRATION_PATTERN,0.025838343509961437,1.7726334587561867
SH-MC-09-2025061316,0.25586061462692195,4,numeric__hours_since_maintenance,MAINTENANCE_INTERVAL_EXCEEDED,0.024781019557748408,1.1093012377681462
SH-MC-07-2025052608,0.25540252578741024,1,numeric__lubrication_index,LOW_LUBRICATION_INDEX,0.031243739075775996,-0.8002676933866002
SH-MC-07-2025052608,0.25540252578741024,2,categorical__machine_id_MC-07,MACHINE_BASELINE_EFFECT,0.024134065004067146,1.0
SH-MC-07-2025052608,0.25540252578741024,3,numeric__temperature_c,THERMAL_STRESS,0.022519258919321133,0.6436731611753097
SH-MC-07-2025052608,0.25540252578741024,4,numeric__tool_wear_pct,TOOL_WEAR_ELEVATED,0.019683590660022898,0.42162998040524813
SH-MC-12-2025060508,0.2525101765876755,1,numeric__pressure_bar,PRESSURE_DEVIATION,0.017047383420790777,-0.6598195513133246
SH-MC-12-2025060508,0.2525101765876755,2,numeric__lubrication_index,LOW_LUBRICATION_INDEX,0.015146727136324882,-0.600092209568711
SH-MC-12-2025060508,0.2525101765876755,3,numeric__hours_since_maintenance,MAINTENANCE_INTERVAL_EXCEEDED,0.01423804218202544,0.3291905527233357
SH-MC-12-2025060508,0.2525101765876755,4,numeric__cumulative_operating_hours,MODEL_DRIVER_CUMULATIVE_OPERATING_HOURS,0.01353559107076876,1.7947564283864152
SH-MC-06-2025050716,0.25202830247381786,1,numeric__temperature_c,THERMAL_STRESS,0.020782796589766988,1.3879679225098094
SH-MC-06-2025050716,0.25202830247381786,2,numeric__hours_since_maintenance,MAINTENANCE_INTERVAL_EXCEEDED,0.017514697980229,0.848238998727881
SH-MC-06-2025050716,0.25202830247381786,3,numeric__pressure_bar,PRESSURE_DEVIATION,0.015281950659188921,-0.8188997053851477
SH-MC-06-2025050716,0.25202830247381786,4,numeric__cumulative_operating_hours,MODEL_DRIVER_CUMULATIVE_OPERATING_HOURS,0.011307525043975586,1.7031675312867463
SH-MC-05-2025051800,0.251618627433779,1,numeric__lubrication_index,LOW_LUBRICATION_INDEX,0.03290963488797933,-1.0603400801858882
SH-MC-05-2025051800,0.251618627433779,2,numeric__hours_since_maintenance,MAINTENANCE_INTERVAL_EXCEEDED,0.02608590164161717,0.8460653921951505
SH-MC-05-2025051800,0.251618627433779,3,numeric__temperature_c,THERMAL_STRESS,0.01187642043116538,0.5212916717863246
SH-MC-05-2025051800,0.251618627433779,4,numeric__vibration_rms,HIGH_VIBRATION_PATTERN,0.008639041522806005,1.0009836183234102
SH-MC-03-2025040916,0.2501278052610696,1,numeric__pressure_bar,PRESSURE_DEVIATION,0.021459659587546056,-0.9374726110289211
SH-MC-03-2025040916,0.2501278052610696,2,numeric__temperature_c,THERMAL_STRESS,0.017425773823549724,1.3127031405564167
SH-MC-03-2025040916,0.2501278052610696,3,numeric__cumulative_operating_hours,MODEL_DRIVER_CUMULATIVE_OPERATING_HOURS,0.008987642865728562,1.6377110095223728
SH-MC-03-2025040916,0.2501278052610696,4,numeric__hours_since_maintenance,MAINTENANCE_INTERVAL_EXCEEDED,0.005739713961192545,0.5854092358617158
SH-MC-08-2025042500,0.2492771218689674,1,numeric__lubrication_index,LOW_LUBRICATION_INDEX,0.04261001263772129,-1.254820205718479
SH-MC-08-2025042500,0.2492771218689674,2,numeric__temperature_c,THERMAL_STRESS,0.022431824373896524,0.8084605377255872
SH-MC-08-2025042500,0.2492771218689674,3,numeric__tool_wear_pct,TOOL_WEAR_ELEVATED,0.018060012514176018,0.841013939078358
SH-MC-08-2025042500,0.2492771218689674,4,numeric__hours_since_maintenance,MAINTENANCE_INTERVAL_EXCEEDED,0.011663799588213968,0.5875920597957258
SH-MC-10-2025060608,0.2482322915682563,1,numeric__lubrication_index,LOW_LUBRICATION_INDEX,0.0382803271023984,-1.6277479228997005
SH-MC-10-2025060608,0.2482322915682563,2,numeric__temperature_c,THERMAL_STRESS,0.03449611293982044,1.2699777984558025
SH-MC-10-2025060608,0.2482322915682563,3,numeric__tool_wear_pct,TOOL_WEAR_ELEVATED,0.0218353124349464,1.3207807944664998
SH-MC-10-2025060608,0.2482322915682563,4,numeric__vibration_rms,HIGH_VIBRATION_PATTERN,0.02122148931617993,1.59965597908085
SH-MC-02-2025042716,0.24792843256648173,1,numeric__tool_wear_pct,TOOL_WEAR_ELEVATED,0.030765316237016945,1.2392207705354663
SH-MC-02-2025042716,0.24792843256648173,2,numeric__temperature_c,THERMAL_STRESS,0.028775766196100814,1.5437108356472067
SH-MC-02-2025042716,0.24792843256648173,3,numeric__lubrication_index,LOW_LUBRICATION_INDEX,0.020421223709988345,-2.183575607337974
SH-MC-02-2025042716,0.24792843256648173,4,numeric__hours_since_maintenance,MAINTENANCE_INTERVAL_EXCEEDED,0.007287121225256347,0.582368874979282
SH-MC-10-2025043000,0.2463433666249297,1,numeric__hours_since_maintenance,MAINTENANCE_INTERVAL_EXCEEDED,0.03473748942251162,0.9853965190377114
SH-MC-10-2025043000,0.2463433666249297,2,numeric__tool_wear_pct,TOOL_WEAR_ELEVATED,0.02279468816411479,1.088315373490396
SH-MC-10-2025043000,0.2463433666249297,3,numeric__vibration_rms,HIGH_VIBRATION_PATTERN,0.019459880881538688,1.7567646980730856
SH-MC-10-2025043000,0.2463433666249297,4,numeric__temperature_c,THERMAL_STRESS,0.008025196160606542,0.7895476251142179
SH-MC-02-2025042616,0.24323756448697487,1,numeric__temperature_c,THERMAL_STRESS,0.019081453572207144,1.147554299193423
SH-MC-02-2025042616,0.24323756448697487,2,numeric__tool_wear_pct,TOOL_WEAR_ELEVATED,0.01640313327280165,0.8814659259243289
SH-MC-02-2025042616,0.24323756448697487,3,numeric__pressure_bar,PRESSURE_DEVIATION,0.013428363862386695,-1.1188986437156856
SH-MC-02-2025042616,0.24323756448697487,4,numeric__lubrication_index,LOW_LUBRICATION_INDEX,0.01333327666482918,-0.6803151836549735
SH-MC-09-2025050716,0.2422983903751443,1,numeric__lubrication_index,LOW_LUBRICATION_INDEX,0.04779112346748613,-1.2867308604714638
SH-MC-09-2025050716,0.2422983903751443,2,numeric__tool_wear_pct,TOOL_WEAR_ELEVATED,0.023034440372268847,0.6777040295838935
SH-MC-09-2025050716,0.2422983903751443,3,numeric__temperature_c,THERMAL_STRESS,0.0160820000922004,0.7689246915486402
SH-MC-09-2025050716,0.2422983903751443,4,numeric__cumulative_operating_hours,MODEL_DRIVER_CUMULATIVE_OPERATING_HOURS,0.014115808898006706,1.7299872378975754
SH-MC-11-2025062708,0.24089721404955797,1,numeric__temperature_c,THERMAL_STRESS,0.021453405631559522,0.5847471070359841
SH-MC-11-2025062708,0.24089721404955797,2,categorical__product_id_PRD-B,PRODUCT_MIX_EFFECT,0.011188024448209629,1.0
SH-MC-11-2025062708,0.24089721404955797,3,categorical__machine_id_MC-11,MACHINE_BASELINE_EFFECT,0.010194436571384911,1.0
SH-MC-11-2025062708,0.24089721404955797,4,numeric__tool_wear_pct,TOOL_WEAR_ELEVATED,0.009827999143415412,0.3325713452792387
SH-MC-08-2025040916,0.23998617983287404,1,numeric__temperature_c,THERMAL_STRESS,0.02819621337549676,1.2955001995909583
SH-MC-08-2025040916,0.23998617983287404,2,numeric__lubrication_index,LOW_LUBRICATION_INDEX,0.026489868139411156,-1.0525823147592261
SH-MC-08-2025040916,0.23998617983287404,3,numeric__tool_wear_pct,TOOL_WEAR_ELEVATED,0.022635416912623427,1.0623923846010266
SH-MC-08-2025040916,0.23998617983287404,4,numeric__pressure_bar,PRESSURE_DEVIATION,0.011910247958046481,-0.7772590154711118
SH-MC-09-2025060616,0.2395121371312972,1,numeric__lubrication_index,LOW_LUBRICATION_INDEX,0.027417364792834607,-1.016715128170209
SH-MC-09-2025060616,0.2395121371312972,2,numeric__hours_since_maintenance,MAINTENANCE_INTERVAL_EXCEEDED,0.02565643435035795,1.215098935774055
SH-MC-09-2025060616,0.2395121371312972,3,numeric__temperature_c,THERMAL_STRESS,0.02272872110909064,1.6380258284655431
SH-MC-09-2025060616,0.2395121371312972,4,numeric__tool_wear_pct,TOOL_WEAR_ELEVATED,0.020543432283859867,1.138556721143471
SH-MC-01-2025042200,0.23918370182456192,1,numeric__hours_since_maintenance,MAINTENANCE_INTERVAL_EXCEEDED,0.020527461593243725,0.8318102348668732
SH-MC-01-2025042200,0.23918370182456192,2,numeric__tool_wear_pct,TOOL_WEAR_ELEVATED,0.012910278525514145,0.7214237476111409
SH-MC-01-2025042200,0.23918370182456192,3,numeric__lubrication_index,LOW_LUBRICATION_INDEX,0.008897166904059258,-0.5684929197504259
SH-MC-01-2025042200,0.23918370182456192,4,numeric__pressure_bar,PRESSURE_DEVIATION,0.008005687793697371,-0.6125954823241129
SH-MC-10-2025061208,0.2369646797151323,1,numeric__tool_wear_pct,TOOL_WEAR_ELEVATED,0.017395725304990634,0.8481092530918575
SH-MC-10-2025061208,0.2369646797151323,2,numeric__lubrication_index,LOW_LUBRICATION_INDEX,0.016680852302434525,-0.8219509075843834
SH-MC-10-2025061208,0.2369646797151323,3,numeric__temperature_c,THERMAL_STRESS,0.0111020088065781,0.4688244739187442
SH-MC-10-2025061208,0.2369646797151323,4,numeric__hours_since_maintenance,MAINTENANCE_INTERVAL_EXCEEDED,0.005762919728007028,0.31469504759085903
SH-MC-06-2025031500,0.23681842359286404,1,numeric__lubrication_index,LOW_LUBRICATION_INDEX,0.04185981326204243,-1.2810435546631727
SH-MC-06-2025031500,0.23681842359286404,2,numeric__cumulative_operating_hours,MODEL_DRIVER_CUMULATIVE_OPERATING_HOURS,0.010790238242976619,1.6287276544724258
SH-MC-06-2025031500,0.23681842359286404,3,numeric__tool_wear_pct,TOOL_WEAR_ELEVATED,0.00646271556285373,0.8554306198444168
SH-MC-06-2025031500,0.23681842359286404,4,numeric__hours_since_maintenance,MAINTENANCE_INTERVAL_EXCEEDED,0.0060648249142246135,0.45935374220230885
SH-MC-11-2025033100,0.23627476877385753,1,numeric__tool_wear_pct,TOOL_WEAR_ELEVATED,0.028981650205076304,0.4597099579633806
SH-MC-11-2025033100,0.23627476877385753,2,numeric__hours_since_maintenance,MAINTENANCE_INTERVAL_EXCEEDED,0.027417327560349106,0.7238446883074653
SH-MC-11-2025033100,0.23627476877385753,3,numeric__vibration_rms,HIGH_VIBRATION_PATTERN,0.011401586005819088,0.5533141095731727
SH-MC-11-2025033100,0.23627476877385753,4,numeric__downtime_last_7d_min,RECENT_DOWNTIME_BURDEN,0.010350331629642188,-1.0115684232665496
SH-MC-12-2025062900,0.2362382292753635,1,numeric__lubrication_index,LOW_LUBRICATION_INDEX,0.03003711809784268,-1.0966778339022811
SH-MC-12-2025062900,0.2362382292753635,2,numeric__pressure_bar,PRESSURE_DEVIATION,0.027800882607317876,-1.0192006531105693
SH-MC-12-2025062900,0.2362382292753635,3,numeric__hours_since_maintenance,MAINTENANCE_INTERVAL_EXCEEDED,0.0266953919362633,0.9742807667085193
SH-MC-12-2025062900,0.2362382292753635,4,numeric__cumulative_operating_hours,MODEL_DRIVER_CUMULATIVE_OPERATING_HOURS,0.00987889405778693,1.8275811137836642
SH-MC-03-2025040316,0.23394119129870566,1,numeric__temperature_c,THERMAL_STRESS,0.027546861456031205,0.943913154058616
SH-MC-03-2025040316,0.23394119129870566,2,numeric__lubrication_index,LOW_LUBRICATION_INDEX,0.011983769086195709,-0.4508778013894358
SH-MC-03-2025040316,0.23394119129870566,3,numeric__tool_wear_pct,TOOL_WEAR_ELEVATED,0.011876886460403255,0.22635975586959411
SH-MC-03-2025040316,0.23394119129870566,4,numeric__cumulative_operating_hours,MODEL_DRIVER_CUMULATIVE_OPERATING_HOURS,0.011401419581705331,1.629306455736113
SH-MC-01-2025030616,0.232443114995229,1,numeric__temperature_c,THERMAL_STRESS,0.022354060537222782,1.2989642354181974
SH-MC-01-2025030616,0.232443114995229,2,numeric__pressure_bar,PRESSURE_DEVIATION,0.012843751326439331,-1.474077309874289
SH-MC-01-2025030616,0.232443114995229,3,numeric__hours_since_maintenance,MAINTENANCE_INTERVAL_EXCEEDED,0.011641423036765795,0.8254027092157142
SH-MC-01-2025030616,0.232443114995229,4,numeric__downtime_last_7d_min,RECENT_DOWNTIME_BURDEN,0.009687690496317363,-1.3146990693869274
SH-MC-03-2025032816,0.23243123327034648,1,numeric__temperature_c,THERMAL_STRESS,0.018337383431607384,0.7895621243812315
SH-MC-03-2025032816,0.23243123327034648,2,numeric__vibration_rms,HIGH_VIBRATION_PATTERN,0.009912747835097154,0.3747071984821757
SH-MC-03-2025032816,0.23243123327034648,3,numeric__lubrication_index,LOW_LUBRICATION_INDEX,0.009457585686391393,-0.6630213579912337
SH-MC-03-2025032816,0.23243123327034648,4,numeric__hours_since_maintenance,MAINTENANCE_INTERVAL_EXCEEDED,0.009053088680597808,0.584942701409771
SH-MC-03-2025060716,0.2319853639524483,1,numeric__temperature_c,THERMAL_STRESS,0.03432855820826192,0.8565493806963231
SH-MC-03-2025060716,0.2319853639524483,2,numeric__lubrication_index,LOW_LUBRICATION_INDEX,0.01807252284142344,-0.5426003690161965
SH-MC-03-2025060716,0.2319853639524483,3,numeric__hours_since_maintenance,MAINTENANCE_INTERVAL_EXCEEDED,0.015492801408745583,0.4627269935308941
SH-MC-03-2025060716,0.2319853639524483,4,numeric__cumulative_operating_hours,MODEL_DRIVER_CUMULATIVE_OPERATING_HOURS,0.015094446051401766,1.7197464144667522
SH-MC-11-2025051608,0.2299019257903655,1,numeric__temperature_c,THERMAL_STRESS,0.02130192321628386,0.7318788697998538
SH-MC-11-2025051608,0.2299019257903655,2,numeric__tool_wear_pct,TOOL_WEAR_ELEVATED,0.0164786571306935,0.6650717007123521
SH-MC-11-2025051608,0.2299019257903655,3,categorical__machine_id_MC-11,MACHINE_BASELINE_EFFECT,0.00502291625579321,1.0
SH-MC-11-2025051608,0.2299019257903655,4,numeric__hours_since_maintenance,MAINTENANCE_INTERVAL_EXCEEDED,0.004493082216461178,0.46410539383433197
SH-MC-09-2025052216,0.22962946566556286,1,numeric__hours_since_maintenance,MAINTENANCE_INTERVAL_EXCEEDED,0.025505765023257906,1.3785590002695
SH-MC-09-2025052216,0.22962946566556286,2,numeric__pressure_bar,PRESSURE_DEVIATION,0.018153267151167333,-1.0195499345673695
SH-MC-09-2025052216,0.22962946566556286,3,numeric__vibration_rms,HIGH_VIBRATION_PATTERN,0.018040474785350126,1.7810547021568215
SH-MC-09-2025052216,0.22962946566556286,4,numeric__temperature_c,THERMAL_STRESS,0.01607092487079599,1.9323050380907791
SH-MC-06-2025040208,0.22744550175381542,1,numeric__cumulative_operating_hours,MODEL_DRIVER_CUMULATIVE_OPERATING_HOURS,0.01674763822443012,1.6542115427731197
SH-MC-06-2025040208,0.22744550175381542,2,numeric__tool_wear_pct,TOOL_WEAR_ELEVATED,0.012266739842363586,0.1789771663524274
SH-MC-06-2025040208,0.22744550175381542,3,numeric__temperature_c,THERMAL_STRESS,0.010966890989249611,0.4809740866554388
SH-MC-06-2025040208,0.22744550175381542,4,numeric__lubrication_index,LOW_LUBRICATION_INDEX,0.009466600012626553,-0.33712448876775836
SH-MC-02-2025041716,0.22665903431657372,1,numeric__hours_since_maintenance,MAINTENANCE_INTERVAL_EXCEEDED,0.03081924519577345,0.8486020995714176
SH-MC-02-2025041716,0.22665903431657372,2,numeric__temperature_c,THERMAL_STRESS,0.018083879362380595,1.0823297957351827
SH-MC-02-2025041716,0.22665903431657372,3,numeric__tool_wear_pct,TOOL_WEAR_ELEVATED,0.015850409791141495,0.7117786259784114
SH-MC-02-2025041716,0.22665903431657372,4,numeric__lubrication_index,LOW_LUBRICATION_INDEX,0.01479935822217445,-0.6636519104775792
SH-MC-11-2025041216,0.22586154118064725,1,numeric__temperature_c,THERMAL_STRESS,0.02686126341410223,0.6689092707483453
SH-MC-11-2025041216,0.22586154118064725,2,numeric__tool_wear_pct,TOOL_WEAR_ELEVATED,0.022203014359913197,0.5418495518859991
SH-MC-11-2025041216,0.22586154118064725,3,numeric__hours_since_maintenance,MAINTENANCE_INTERVAL_EXCEEDED,0.01588558598598851,0.5939250373903615
SH-MC-11-2025041216,0.22586154118064725,4,categorical__machine_id_MC-11,MACHINE_BASELINE_EFFECT,0.009413891767012255,1.0
SH-MC-09-2025042916,0.22573338813475802,1,numeric__temperature_c,THERMAL_STRESS,0.021722709531150002,1.187927361977851
SH-MC-09-2025042916,0.22573338813475802,2,numeric__cumulative_operating_hours,MODEL_DRIVER_CUMULATIVE_OPERATING_HOURS,0.007020176344194063,1.7189056822450908
SH-MC-09-2025042916,0.22573338813475802,3,numeric__failures_last_30d,RECENT_FAILURE_HISTORY,0.006044641038940886,-0.2954026141905654
SH-MC-09-2025042916,0.22573338813475802,4,numeric__hours_since_maintenance,MAINTENANCE_INTERVAL_EXCEEDED,0.005165360654239915,0.4508449877271358
SH-MC-09-2025043008,0.22516869077506327,1,numeric__lubrication_index,LOW_LUBRICATION_INDEX,0.027891518875432772,-1.0575538850434862
SH-MC-09-2025043008,0.22516869077506327,2,numeric__temperature_c,THERMAL_STRESS,0.021646946579953762,1.1948316956131848
SH-MC-09-2025043008,0.22516869077506327,3,numeric__vibration_rms,HIGH_VIBRATION_PATTERN,0.008526050247204082,1.3692594687783286
SH-MC-09-2025043008,0.22516869077506327,4,numeric__hours_since_maintenance,MAINTENANCE_INTERVAL_EXCEEDED,0.007098416138660279,0.7154526041473953
SH-MC-07-2025031408,0.22369426441044601,1,numeric__tool_wear_pct,TOOL_WEAR_ELEVATED,0.03307854392180159,0.6303401321299806
SH-MC-07-2025031408,0.22369426441044601,2,categorical__machine_id_MC-07,MACHINE_BASELINE_EFFECT,0.01374191245521629,1.0
SH-MC-07-2025031408,0.22369426441044601,3,numeric__downtime_last_7d_min,RECENT_DOWNTIME_BURDEN,0.00966735904432136,-1.3081538580278733
SH-MC-07-2025031408,0.22369426441044601,4,numeric__temperature_c,THERMAL_STRESS,0.007222013250255711,0.339742744078093
SH-MC-01-2025031608,0.2208088741657811,1,numeric__tool_wear_pct,TOOL_WEAR_ELEVATED,0.02374595635900903,1.16637593186451
SH-MC-01-2025031608,0.2208088741657811,2,numeric__vibration_rms,HIGH_VIBRATION_PATTERN,0.016645498271481048,1.5247355486796517
SH-MC-01-2025031608,0.2208088741657811,3,numeric__temperature_c,THERMAL_STRESS,0.00907210248558263,0.6862349489052205
SH-MC-01-2025031608,0.2208088741657811,4,numeric__lubrication_index,LOW_LUBRICATION_INDEX,0.0067689251768360305,-0.895975889408283
SH-MC-08-2025050216,0.21879179364036133,1,numeric__temperature_c,THERMAL_STRESS,0.026927350162659663,1.2033252229914713
SH-MC-08-2025050216,0.21879179364036133,2,numeric__tool_wear_pct,TOOL_WEAR_ELEVATED,0.02314122324415203,1.1179123474510493
SH-MC-08-2025050216,0.21879179364036133,3,numeric__lubrication_index,LOW_LUBRICATION_INDEX,0.013812658446604467,-0.869648048268386
SH-MC-08-2025050216,0.21879179364036133,4,numeric__downtime_last_7d_min,RECENT_DOWNTIME_BURDEN,0.005497148969210991,-0.6179781982380698
SH-MC-05-2025042016,0.217910234905692,1,numeric__temperature_c,THERMAL_STRESS,0.02064270291002192,0.6055706506153112
SH-MC-05-2025042016,0.217910234905692,2,numeric__vibration_rms,HIGH_VIBRATION_PATTERN,0.01164641268407688,1.4016022006049766
SH-MC-05-2025042016,0.217910234905692,3,numeric__hours_since_maintenance,MAINTENANCE_INTERVAL_EXCEEDED,0.007310931084336809,0.45249397316767664
SH-MC-05-2025042016,0.217910234905692,4,numeric__criticality,ASSET_CRITICALITY,0.006701353072870105,1.224744871391589
SH-MC-05-2025032616,0.21581745295548524,1,numeric__temperature_c,THERMAL_STRESS,0.027957999228694023,1.1402912011752957
SH-MC-05-2025032616,0.21581745295548524,2,numeric__tool_wear_pct,TOOL_WEAR_ELEVATED,0.01975938757478517,0.8129289262370184
SH-MC-05-2025032616,0.21581745295548524,3,numeric__hours_since_maintenance,MAINTENANCE_INTERVAL_EXCEEDED,0.012864480749165437,0.707299720481314
SH-MC-05-2025032616,0.21581745295548524,4,numeric__criticality,ASSET_CRITICALITY,0.010981504522903024,1.224744871391589
SH-MC-12-2025062808,0.214931791625724,1,numeric__pressure_bar,PRESSURE_DEVIATION,0.017998270230523705,-0.8776252231395771
SH-MC-12-2025062808,0.214931791625724,2,numeric__temperature_c,THERMAL_STRESS,0.01553488947032988,0.980148227993764
SH-MC-12-2025062808,0.214931791625724,3,numeric__hours_since_maintenance,MAINTENANCE_INTERVAL_EXCEEDED,0.010733976176968078,0.7111812805146963
SH-MC-12-2025062808,0.214931791625724,4,numeric__cumulative_operating_hours,MODEL_DRIVER_CUMULATIVE_OPERATING_HOURS,0.00909446420616062,1.8266391356880585
SH-MC-09-2025040116,0.21438791814208416,1,numeric__temperature_c,THERMAL_STRESS,0.016921007082205668,0.927383053753973
SH-MC-09-2025040116,0.21438791814208416,2,numeric__cumulative_operating_hours,MODEL_DRIVER_CUMULATIVE_OPERATING_HOURS,0.015133711345534854,1.6799279767605497
SH-MC-09-2025040116,0.21438791814208416,3,numeric__tool_wear_pct,TOOL_WEAR_ELEVATED,0.009527817112891001,0.30266164452979116
SH-MC-09-2025040116,0.21438791814208416,4,numeric__vibration_rms,HIGH_VIBRATION_PATTERN,0.0076040973535764595,0.4694476009238857
SH-MC-09-2025060500,0.21374808399026063,1,numeric__temperature_c,THERMAL_STRESS,0.023931957392799443,1.1974774093952119
SH-MC-09-2025060500,0.21374808399026063,2,numeric__hours_since_maintenance,MAINTENANCE_INTERVAL_EXCEEDED,0.015549044506544006,0.5698924297582071
SH-MC-09-2025060500,0.21374808399026063,3,numeric__cumulative_operating_hours,MODEL_DRIVER_CUMULATIVE_OPERATING_HOURS,0.013448173657575288,1.769217128232493
SH-MC-09-2025060500,0.21374808399026063,4,numeric__vibration_rms,HIGH_VIBRATION_PATTERN,0.0019880239629700546,0.7937471967182923
SH-MC-06-2025032008,0.2120177481540352,1,numeric__cumulative_operating_hours,MODEL_DRIVER_CUMULATIVE_OPERATING_HOURS,0.020558974532137224,1.6360832620287526
SH-MC-06-2025032008,0.2120177481540352,2,numeric__lubrication_index,LOW_LUBRICATION_INDEX,0.01677864212187318,-0.4947748852984572
SH-MC-06-2025032008,0.2120177481540352,3,numeric__tool_wear_pct,TOOL_WEAR_ELEVATED,0.011873045804898332,0.4335126714596608
SH-MC-06-2025032008,0.2120177481540352,4,numeric__vibration_rms,HIGH_VIBRATION_PATTERN,0.010879481455832358,0.8755291991502144
SH-MC-05-2025050600,0.2117498403929094,1,numeric__lubrication_index,LOW_LUBRICATION_INDEX,0.028267246549026407,-1.0264523388695133
SH-MC-05-2025050600,0.2117498403929094,2,numeric__hours_since_maintenance,MAINTENANCE_INTERVAL_EXCEEDED,0.022289489101851728,0.7215349489930025
SH-MC-05-2025050600,0.2117498403929094,3,numeric__vibration_rms,HIGH_VIBRATION_PATTERN,0.014157611527399526,1.533177492596589
SH-MC-05-2025050600,0.2117498403929094,4,numeric__tool_wear_pct,TOOL_WEAR_ELEVATED,0.0069101330091752835,0.6156089334604448
SH-MC-03-2025060900,0.20962666149907944,1,numeric__hours_since_maintenance,MAINTENANCE_INTERVAL_EXCEEDED,0.025433002688934794,0.9870739044242869
SH-MC-03-2025060900,0.20962666149907944,2,numeric__tool_wear_pct,TOOL_WEAR_ELEVATED,0.016809422077834275,0.8451040547323498
SH-MC-03-2025060900,0.20962666149907944,3,numeric__temperature_c,THERMAL_STRESS,0.01417063045518678,0.6637052719501496
SH-MC-03-2025060900,0.20962666149907944,4,numeric__cumulative_operating_hours,MODEL_DRIVER_CUMULATIVE_OPERATING_HOURS,0.00665664290947402,1.7216237397010412
SH-MC-08-2025041708,0.2095786019005397,1,numeric__tool_wear_pct,TOOL_WEAR_ELEVATED,0.03271824628310856,1.0309175187212636
SH-MC-08-2025041708,0.2095786019005397,2,numeric__downtime_last_7d_min,RECENT_DOWNTIME_BURDEN,0.01693624998150509,-0.9679549828511702
SH-MC-08-2025041708,0.2095786019005397,3,numeric__vibration_rms,HIGH_VIBRATION_PATTERN,0.008400307692506296,1.1022711222334203
SH-MC-08-2025041708,0.2095786019005397,4,numeric__lubrication_index,LOW_LUBRICATION_INDEX,0.0049572806265591515,-0.41019890518542373
SH-MC-06-2025053108,0.2092004019426046,1,numeric__cumulative_operating_hours,MODEL_DRIVER_CUMULATIVE_OPERATING_HOURS,0.02332099004552845,1.736163912739854
SH-MC-06-2025053108,0.2092004019426046,2,numeric__lubrication_index,LOW_LUBRICATION_INDEX,0.01968153834141649,-0.5881448061095842
SH-MC-06-2025053108,0.2092004019426046,3,numeric__tool_wear_pct,TOOL_WEAR_ELEVATED,0.008714928495845823,0.22041167593278777
SH-MC-06-2025053108,0.2092004019426046,4,categorical__machine_id_MC-06,MACHINE_BASELINE_EFFECT,0.006891224018784989,1.0
SH-MC-03-2025031508,0.20871213061612948,1,numeric__lubrication_index,LOW_LUBRICATION_INDEX,0.023490196071623063,-1.0768606506808636
SH-MC-03-2025031508,0.20871213061612948,2,numeric__cumulative_operating_hours,MODEL_DRIVER_CUMULATIVE_OPERATING_HOURS,0.011869512592043838,1.602458830159187
SH-MC-03-2025031508,0.20871213061612948,3,categorical__product_id_PRD-B,PRODUCT_MIX_EFFECT,0.008805938438397855,1.0
SH-MC-03-2025031508,0.20871213061612948,4,numeric__criticality,ASSET_CRITICALITY,0.007893439822726372,1.224744871391589
SH-MC-09-2025060608,0.20859993732228832,1,numeric__pressure_bar,PRESSURE_DEVIATION,0.024401771044567998,-1.3524706661547004
SH-MC-09-2025060608,0.20859993732228832,2,numeric__hours_since_maintenance,MAINTENANCE_INTERVAL_EXCEEDED,0.02092743059631013,1.0891327022254065
SH-MC-09-2025060608,0.20859993732228832,3,numeric__temperature_c,THERMAL_STRESS,0.016166207674948172,1.4971773437423836
SH-MC-09-2025060608,0.20859993732228832,4,numeric__vibration_rms,HIGH_VIBRATION_PATTERN,0.007997643226755965,1.258582573506613
SH-MC-10-2025032916,0.20584012577246596,1,numeric__lubrication_index,LOW_LUBRICATION_INDEX,0.03143990469619292,-1.222203669457719
SH-MC-10-2025032916,0.20584012577246596,2,numeric__hours_since_maintenance,MAINTENANCE_INTERVAL_EXCEEDED,0.018702792120720756,1.37985133198148
SH-MC-10-2025032916,0.20584012577246596,3,numeric__temperature_c,THERMAL_STRESS,0.011015035978669006,0.6627563223885242
SH-MC-10-2025032916,0.20584012577246596,4,numeric__downtime_last_7d_min,RECENT_DOWNTIME_BURDEN,0.008398318689383722,-1.7666799263505089
SH-MC-10-2025042800,0.20384543791925225,1,numeric__lubrication_index,LOW_LUBRICATION_INDEX,0.027040469051579766,-0.6768156510703908
SH-MC-10-2025042800,0.20384543791925225,2,numeric__temperature_c,THERMAL_STRESS,0.013423087659177168,0.4060147140988411
SH-MC-10-2025042800,0.20384543791925225,3,numeric__vibration_rms,HIGH_VIBRATION_PATTERN,0.006267078296921548,0.6996378412781488
SH-MC-10-2025042800,0.20384543791925225,4,numeric__failures_last_30d,RECENT_FAILURE_HISTORY,0.005619055464798378,-0.2954026141905654
SH-MC-10-2025050308,0.2008495399798418,1,numeric__downtime_last_7d_min,RECENT_DOWNTIME_BURDEN,0.029922791454536957,-1.78100188629572
SH-MC-10-2025050308,0.2008495399798418,2,numeric__tool_wear_pct,TOOL_WEAR_ELEVATED,0.019463242857130136,0.5214470707883417
SH-MC-10-2025050308,0.2008495399798418,3,categorical__product_id_PRD-B,PRODUCT_MIX_EFFECT,0.0046522085725446876,1.0
SH-MC-10-2025050308,0.2008495399798418,4,numeric__cumulative_operating_hours,MODEL_DRIVER_CUMULATIVE_OPERATING_HOURS,0.0039031984931878266,0.5187571135856446
SH-MC-08-2025030716,0.20069094821552455,1,numeric__hours_since_maintenance,MAINTENANCE_INTERVAL_EXCEEDED,0.023177013260608205,0.8503023778178912
SH-MC-08-2025030716,0.20069094821552455,2,numeric__pressure_bar,PRESSURE_DEVIATION,0.015786392387149545,-0.9303528586905384
SH-MC-08-2025030716,0.20069094821552455,3,numeric__temperature_c,THERMAL_STRESS,0.008978348318333221,0.704359979752086
SH-MC-08-2025030716,0.20069094821552455,4,numeric__lubrication_index,LOW_LUBRICATION_INDEX,0.0069361485184266086,-0.764193401283476
SH-MC-04-2025042316,0.20060906277610815,1,numeric__hours_since_maintenance,MAINTENANCE_INTERVAL_EXCEEDED,0.03153636377610154,1.2370248666201573
SH-MC-04-2025042316,0.20060906277610815,2,numeric__temperature_c,THERMAL_STRESS,0.021490368395476956,0.9109755822218809
SH-MC-04-2025042316,0.20060906277610815,3,numeric__pressure_bar,PRESSURE_DEVIATION,0.010686576629131748,-1.562103499302768
SH-MC-04-2025042316,0.20060906277610815,4,numeric__vibration_rms,HIGH_VIBRATION_PATTERN,0.00904344424628737,0.5321128705379767
SH-MC-04-2025042300,0.1988988335934231,1,numeric__hours_since_maintenance,MAINTENANCE_INTERVAL_EXCEEDED,0.03112831692672992,0.9772855721470242
SH-MC-04-2025042300,0.1988988335934231,2,numeric__temperature_c,THERMAL_STRESS,0.026760066688111553,1.0154678002612905
SH-MC-04-2025042300,0.1988988335934231,3,numeric__lubrication_index,LOW_LUBRICATION_INDEX,0.016993597916813687,-0.702727839810573
SH-MC-04-2025042300,0.1988988335934231,4,numeric__ambient_humidity_pct,MODEL_DRIVER_AMBIENT_HUMIDITY_PCT,0.007417681123515096,-0.584519105466058
SH-MC-10-2025061300,0.19835124381012556,1,numeric__temperature_c,THERMAL_STRESS,0.022665892920458355,1.1663350841593259
SH-MC-10-2025061300,0.19835124381012556,2,numeric__pressure_bar,PRESSURE_DEVIATION,0.014186815180210921,-0.7915584729744791
SH-MC-10-2025061300,0.19835124381012556,3,numeric__downtime_last_7d_min,RECENT_DOWNTIME_BURDEN,0.00687436826990315,-0.5980294237160375
SH-MC-10-2025061300,0.19835124381012556,4,numeric__tool_wear_pct,TOOL_WEAR_ELEVATED,0.002227826155357179,0.9249776728958103
SH-MC-04-2025061200,0.1979343392421771,1,numeric__pressure_bar,PRESSURE_DEVIATION,0.023133207730246633,-1.0704447742100056
SH-MC-04-2025061200,0.1979343392421771,2,numeric__temperature_c,THERMAL_STRESS,0.013045716059477762,0.5996199131635795
SH-MC-04-2025061200,0.1979343392421771,3,numeric__tool_wear_pct,TOOL_WEAR_ELEVATED,0.009174537326094178,0.9170041647785525
SH-MC-04-2025061200,0.1979343392421771,4,numeric__failures_last_30d,RECENT_FAILURE_HISTORY,0.00503508738114559,-0.2954026141905654
SH-MC-03-2025061608,0.19737265572865192,1,numeric__temperature_c,THERMAL_STRESS,0.023218462198610856,1.191347712877152
SH-MC-03-2025061608,0.19737265572865192,2,numeric__cumulative_operating_hours,MODEL_DRIVER_CUMULATIVE_OPERATING_HOURS,0.010748813319661002,1.7317952169912048
SH-MC-03-2025061608,0.19737265572865192,3,numeric__hours_since_maintenance,MAINTENANCE_INTERVAL_EXCEEDED,0.00349900991668243,0.5822804540702895
SH-MC-03-2025061608,0.19737265572865192,4,numeric__machine_age_years,MODEL_DRIVER_MACHINE_AGE_YEARS,0.0025998617567647756,1.2247448713915892
SH-MC-10-2025062108,0.19594379879163062,1,numeric__temperature_c,THERMAL_STRESS,0.031529449130010545,1.271736794817559
SH-MC-10-2025062108,0.19594379879163062,2,numeric__lubrication_index,LOW_LUBRICATION_INDEX,0.02125372841884119,-1.1083734186503158
SH-MC-10-2025062108,0.19594379879163062,3,numeric__vibration_rms,HIGH_VIBRATION_PATTERN,0.02020314443619258,1.8853862626938434
SH-MC-10-2025062108,0.19594379879163062,4,numeric__tool_wear_pct,TOOL_WEAR_ELEVATED,0.008310797460904951,1.000947851935352
SH-MC-12-2025062800,0.1957174667088546,1,numeric__pressure_bar,PRESSURE_DEVIATION,0.02066784027183692,-1.4440303302253752
SH-MC-12-2025062800,0.1957174667088546,2,numeric__cumulative_operating_hours,MODEL_DRIVER_CUMULATIVE_OPERATING_HOURS,0.010590558691126333,1.8261828769609918
SH-MC-12-2025062800,0.1957174667088546,3,numeric__hours_since_maintenance,MAINTENANCE_INTERVAL_EXCEEDED,0.007360806416287461,0.5837457942516926
SH-MC-12-2025062800,0.1957174667088546,4,numeric__lubrication_index,LOW_LUBRICATION_INDEX,0.007182873182501452,-0.729079863431787
SH-MC-08-2025040816,0.19547900881441801,1,numeric__temperature_c,THERMAL_STRESS,0.019479681146485118,0.8197757493006276
SH-MC-08-2025040816,0.19547900881441801,2,numeric__tool_wear_pct,TOOL_WEAR_ELEVATED,0.019396555789781975,0.6011363577123736
SH-MC-08-2025040816,0.19547900881441801,3,numeric__pressure_bar,PRESSURE_DEVIATION,0.018180972457013684,-1.015937724616375
SH-MC-08-2025040816,0.19547900881441801,4,numeric__vibration_rms,HIGH_VIBRATION_PATTERN,0.010743361604676325,0.47373069092633374
SH-MC-09-2025062616,0.19391191333328092,1,numeric__temperature_c,THERMAL_STRESS,0.022488307182974284,1.256199634571432
SH-MC-09-2025062616,0.19391191333328092,2,numeric__cumulative_operating_hours,MODEL_DRIVER_CUMULATIVE_OPERATING_HOURS,0.01066824921252985,1.7993083423395027
SH-MC-09-2025062616,0.19391191333328092,3,numeric__vibration_rms,HIGH_VIBRATION_PATTERN,0.007914909556832148,0.8493168045291924
SH-MC-09-2025062616,0.19391191333328092,4,numeric__tool_wear_pct,TOOL_WEAR_ELEVATED,0.0050218113262108545,0.3942188575051184
SH-MC-01-2025031508,0.19309303012284157,1,numeric__lubrication_index,LOW_LUBRICATION_INDEX,0.016229409332547632,-0.9245611647702987
SH-MC-01-2025031508,0.19309303012284157,2,numeric__tool_wear_pct,TOOL_WEAR_ELEVATED,0.013120248592327657,0.8098380278657658
SH-MC-01-2025031508,0.19309303012284157,3,numeric__failures_last_30d,RECENT_FAILURE_HISTORY,0.005677367704026923,-0.2954026141905654
SH-MC-01-2025031508,0.19309303012284157,4,categorical__product_id_PRD-C,PRODUCT_MIX_EFFECT,0.001980841716999009,0.0
SH-MC-05-2025051708,0.19122488094720658,1,numeric__temperature_c,THERMAL_STRESS,0.02793065948860011,0.6189518640695144
SH-MC-05-2025051708,0.19122488094720658,2,numeric__hours_since_maintenance,MAINTENANCE_INTERVAL_EXCEEDED,0.023414113571356764,0.5868206111194845
SH-MC-05-2025051708,0.19122488094720658,3,numeric__tool_wear_pct,TOOL_WEAR_ELEVATED,0.021471407334861383,0.5431114080514489
SH-MC-05-2025051708,0.19122488094720658,4,numeric__vibration_rms,HIGH_VIBRATION_PATTERN,0.014618244013874782,1.1662153147426195
SH-MC-09-2025052908,0.19119593089060888,1,numeric__lubrication_index,LOW_LUBRICATION_INDEX,0.041793360176166576,-1.2741532696856517
SH-MC-09-2025052908,0.19119593089060888,2,numeric__tool_wear_pct,TOOL_WEAR_ELEVATED,0.02043697554197501,0.5261505525215262
SH-MC-09-2025052908,0.19119593089060888,3,numeric__downtime_last_7d_min,RECENT_DOWNTIME_BURDEN,0.01806950054249378,-0.968248856417246
SH-MC-09-2025052908,0.19119593089060888,4,numeric__cumulative_operating_hours,MODEL_DRIVER_CUMULATIVE_OPERATING_HOURS,0.012640894602511716,1.7600325236404408
SH-MC-11-2025041208,0.190973192898267,1,numeric__tool_wear_pct,TOOL_WEAR_ELEVATED,0.04012564332686552,0.6609582885307539
SH-MC-11-2025041208,0.190973192898267,2,numeric__hours_since_maintenance,MAINTENANCE_INTERVAL_EXCEEDED,0.022562947732834106,0.4616212291802318
SH-MC-11-2025041208,0.190973192898267,3,numeric__downtime_last_7d_min,RECENT_DOWNTIME_BURDEN,0.006479175352740738,-0.5011046757070468
SH-MC-11-2025041208,0.190973192898267,4,categorical__machine_id_MC-11,MACHINE_BASELINE_EFFECT,0.004648647517240906,1.0
SH-MC-10-2025031816,0.1879947699286445,1,numeric__pressure_bar,PRESSURE_DEVIATION,0.02893696924017866,-0.9500445878355109
SH-MC-10-2025031816,0.1879947699286445,2,numeric__tool_wear_pct,TOOL_WEAR_ELEVATED,0.014567559563105757,0.2397707518969217
SH-MC-10-2025031816,0.1879947699286445,3,numeric__temperature_c,THERMAL_STRESS,0.013445559681508908,0.3954475293046379
SH-MC-10-2025031816,0.1879947699286445,4,numeric__vibration_rms,HIGH_VIBRATION_PATTERN,0.0065758267680117175,0.25381797333412204
SH-MC-01-2025032116,0.187454308155007,1,numeric__temperature_c,THERMAL_STRESS,0.02238302564419135,1.2254397287438663
SH-MC-01-2025032116,0.187454308155007,2,numeric__failures_last_30d,RECENT_FAILURE_HISTORY,0.006337703271894012,-0.2954026141905654
SH-MC-01-2025032116,0.187454308155007,3,numeric__hours_since_maintenance,MAINTENANCE_INTERVAL_EXCEEDED,0.005970851050980714,0.5911083003808381
SH-MC-01-2025032116,0.187454308155007,4,numeric__tool_wear_pct,TOOL_WEAR_ELEVATED,0.0043898390130395,0.76813925933681
SH-MC-01-2025042016,0.18736159877631905,1,numeric__temperature_c,THERMAL_STRESS,0.01673961958116648,0.49677130529815694
SH-MC-01-2025042016,0.18736159877631905,2,categorical__product_id_PRD-B,PRODUCT_MIX_EFFECT,0.012449594199761245,1.0
SH-MC-01-2025042016,0.18736159877631905,3,numeric__vibration_rms,HIGH_VIBRATION_PATTERN,0.009826634835079482,0.2830969469464919
SH-MC-01-2025042016,0.18736159877631905,4,numeric__tool_wear_pct,TOOL_WEAR_ELEVATED,0.00911899286664862,0.23385007897392796
SH-MC-09-2025032316,0.18712840867313124,1,numeric__cumulative_operating_hours,MODEL_DRIVER_CUMULATIVE_OPERATING_HOURS,0.019649728685347326,1.667349061524566
SH-MC-09-2025032316,0.18712840867313124,2,numeric__tool_wear_pct,TOOL_WEAR_ELEVATED,0.01917689952874546,0.3108027056148306
SH-MC-09-2025032316,0.18712840867313124,3,numeric__temperature_c,THERMAL_STRESS,0.01695135853132415,0.5745511787812438
SH-MC-09-2025032316,0.18712840867313124,4,numeric__vibration_rms,HIGH_VIBRATION_PATTERN,0.008175307520902937,0.21305301659466142
SH-MC-04-2025062908,0.18487077930938808,1,numeric__hours_since_maintenance,MAINTENANCE_INTERVAL_EXCEEDED,0.0275703723573977,0.9637422952840757
SH-MC-04-2025062908,0.18487077930938808,2,numeric__lubrication_index,LOW_LUBRICATION_INDEX,0.019187593120413123,-0.7250380450354751
SH-MC-04-2025062908,0.18487077930938808,3,numeric__pressure_bar,PRESSURE_DEVIATION,0.015867448778951545,-0.9122065287727505
SH-MC-04-2025062908,0.18487077930938808,4,numeric__failures_last_30d,RECENT_FAILURE_HISTORY,0.0030035279254263876,-0.2954026141905654
SH-MC-06-2025053016,0.18417517470137712,1,numeric__temperature_c,THERMAL_STRESS,0.033430888046078036,1.28215460196301
SH-MC-06-2025053016,0.18417517470137712,2,numeric__tool_wear_pct,TOOL_WEAR_ELEVATED,0.017557694955703435,0.5606353923623925
SH-MC-06-2025053016,0.18417517470137712,3,numeric__cumulative_operating_hours,MODEL_DRIVER_CUMULATIVE_OPERATING_HOURS,0.017049261906104417,1.73526007709574
SH-MC-06-2025053016,0.18417517470137712,4,categorical__machine_id_MC-06,MACHINE_BASELINE_EFFECT,0.006966656198798581,1.0
SH-MC-03-2025040900,0.18356202266001675,1,numeric__cumulative_operating_hours,MODEL_DRIVER_CUMULATIVE_OPERATING_HOURS,0.01516751542869003,1.6367810619595653
SH-MC-03-2025040900,0.18356202266001675,2,numeric__downtime_last_7d_min,RECENT_DOWNTIME_BURDEN,0.005665209644472501,-0.9513500578571042
SH-MC-03-2025040900,0.18356202266001675,3,numeric__temperature_c,THERMAL_STRESS,0.005260458092224068,0.5114604767509475
SH-MC-03-2025040900,0.18356202266001675,4,numeric__vibration_rms,HIGH_VIBRATION_PATTERN,0.002466243909536825,0.3651688002847648
SH-MC-10-2025052916,0.18340531496502682,1,numeric__hours_since_maintenance,MAINTENANCE_INTERVAL_EXCEEDED,0.021996976604497107,0.7130722854460256
SH-MC-10-2025052916,0.18340531496502682,2,numeric__vibration_rms,HIGH_VIBRATION_PATTERN,0.008362294614986407,0.5909786732616883
SH-MC-10-2025052916,0.18340531496502682,3,numeric__temperature_c,THERMAL_STRESS,0.002850821341847251,0.2945800203905613
SH-MC-10-2025052916,0.18340531496502682,4,numeric__lubrication_index,LOW_LUBRICATION_INDEX,0.0026240318364402,-0.29583043229242995
SH-MC-03-2025050216,0.18056876633416583,1,numeric__tool_wear_pct,TOOL_WEAR_ELEVATED,0.019387934664224046,0.3599650799945592
SH-MC-03-2025050216,0.18056876633416583,2,numeric__cumulative_operating_hours,MODEL_DRIVER_CUMULATIVE_OPERATING_HOURS,0.015065340389443353,1.6697200395261171
SH-MC-03-2025050216,0.18056876633416583,3,numeric__downtime_last_7d_min,RECENT_DOWNTIME_BURDEN,0.006294671238095134,-0.7238745538495216
SH-MC-03-2025050216,0.18056876633416583,4,numeric__temperature_c,THERMAL_STRESS,0.005790597072526318,0.5124731340654518
SH-MC-04-2025042816,0.17791942733093655,1,numeric__temperature_c,THERMAL_STRESS,0.025487137666052397,1.1459416369034545
SH-MC-04-2025042816,0.17791942733093655,2,numeric__pressure_bar,PRESSURE_DEVIATION,0.016850040995923972,-0.9354245106994686
SH-MC-04-2025042816,0.17791942733093655,3,numeric__lubrication_index,LOW_LUBRICATION_INDEX,0.01130077969574281,-0.7450389474175285
SH-MC-04-2025042816,0.17791942733093655,4,numeric__cumulative_operating_hours,MODEL_DRIVER_CUMULATIVE_OPERATING_HOURS,0.002083456730540037,0.4602305775105142
SH-MC-04-2025050316,0.17605229182468,1,numeric__lubrication_index,LOW_LUBRICATION_INDEX,0.028839483277667135,-1.0946577389378978
SH-MC-04-2025050316,0.17605229182468,2,numeric__temperature_c,THERMAL_STRESS,0.026251687609077576,1.1938340536930232
SH-MC-04-2025050316,0.17605229182468,3,numeric__downtime_last_7d_min,RECENT_DOWNTIME_BURDEN,0.01689509248201618,-1.4050899247004467
SH-MC-04-2025050316,0.17605229182468,4,numeric__pressure_bar,PRESSURE_DEVIATION,0.004787520847457192,-0.6219007518240143
SH-MC-02-2025050308,0.1759671826180191,1,numeric__pressure_bar,PRESSURE_DEVIATION,0.03000944320095616,-1.0068937104153808
SH-MC-02-2025050308,0.1759671826180191,2,categorical__product_id_PRD-B,PRODUCT_MIX_EFFECT,0.010220340018146997,1.0
SH-MC-02-2025050308,0.1759671826180191,3,numeric__vibration_rms,HIGH_VIBRATION_PATTERN,0.00932654530349037,0.6225974628020045
SH-MC-02-2025050308,0.1759671826180191,4,numeric__temperature_c,THERMAL_STRESS,0.006578089681073097,0.46726279378586577
SH-MC-01-2025030600,0.17556126782500173,1,numeric__lubrication_index,LOW_LUBRICATION_INDEX,0.014796764175459965,-0.8466637485544456
SH-MC-01-2025030600,0.17556126782500173,2,numeric__tool_wear_pct,TOOL_WEAR_ELEVATED,0.013203080895123172,0.9578144403064115
SH-MC-01-2025030600,0.17556126782500173,3,numeric__downtime_last_7d_min,RECENT_DOWNTIME_BURDEN,0.01272953641843861,-1.551494436979875
SH-MC-01-2025030600,0.17556126782500173,4,numeric__failures_last_30d,RECENT_FAILURE_HISTORY,0.0040795785022307,-0.2954026141905654
SH-MC-10-2025053100,0.17555277971291425,1,numeric__temperature_c,THERMAL_STRESS,0.02143072132200598,0.6398319998942879
SH-MC-10-2025053100,0.17555277971291425,2,numeric__hours_since_maintenance,MAINTENANCE_INTERVAL_EXCEEDED,0.019965377240648466,1.2408533214343522
SH-MC-10-2025053100,0.17555277971291425,3,numeric__downtime_last_7d_min,RECENT_DOWNTIME_BURDEN,0.007363005910540323,-0.9505131938503463
SH-MC-10-2025053100,0.17555277971291425,4,categorical__product_id_PRD-C,PRODUCT_MIX_EFFECT,0.0032483810774152676,0.0
SH-MC-12-2025052216,0.1741489693280488,1,numeric__hours_since_maintenance,MAINTENANCE_INTERVAL_EXCEEDED,0.030857216612971524,1.2475329929274408
SH-MC-12-2025052216,0.1741489693280488,2,numeric__lubrication_index,LOW_LUBRICATION_INDEX,0.027238036370781798,-1.155955739632867
SH-MC-12-2025052216,0.1741489693280488,3,numeric__temperature_c,THERMAL_STRESS,0.02003839232305988,1.1392008869925263
SH-MC-12-2025052216,0.1741489693280488,4,numeric__cumulative_operating_hours,MODEL_DRIVER_CUMULATIVE_OPERATING_HOURS,0.010208293027159887,1.7757805453305886
SH-MC-01-2025050716,0.17319226920115527,1,numeric__temperature_c,THERMAL_STRESS,0.021465351473456042,1.179435755647091
SH-MC-01-2025050716,0.17319226920115527,2,numeric__hours_since_maintenance,MAINTENANCE_INTERVAL_EXCEEDED,0.01973962160649835,1.2227674557986408
SH-MC-01-2025050716,0.17319226920115527,3,numeric__tool_wear_pct,TOOL_WEAR_ELEVATED,0.01467705317011813,0.8514905755260934
SH-MC-01-2025050716,0.17319226920115527,4,numeric__downtime_last_7d_min,RECENT_DOWNTIME_BURDEN,0.00704423150970139,-1.772810958854635
SH-MC-01-2025041000,0.1715855979341691,1,numeric__temperature_c,THERMAL_STRESS,0.01889087225817041,0.5669172711090279
SH-MC-01-2025041000,0.1715855979341691,2,numeric__tool_wear_pct,TOOL_WEAR_ELEVATED,0.006826005413780935,0.38326804756114546
SH-MC-01-2025041000,0.1715855979341691,3,numeric__ambient_temperature_c,MODEL_DRIVER_AMBIENT_TEMPERATURE_C,0.0040254352041623346,0.37008076238284404
SH-MC-01-2025041000,0.1715855979341691,4,numeric__hours_since_maintenance,MAINTENANCE_INTERVAL_EXCEEDED,0.004004852997566484,0.32160812526537663
SH-MC-01-2025051316,0.171210787566399,1,numeric__downtime_last_7d_min,RECENT_DOWNTIME_BURDEN,0.02087036036361914,-0.7072188480810897
SH-MC-01-2025051316,0.171210787566399,2,numeric__temperature_c,THERMAL_STRESS,0.016336631437565627,0.4280179194078635
SH-MC-01-2025051316,0.171210787566399,3,numeric__tool_wear_pct,TOOL_WEAR_ELEVATED,0.015387234479245912,0.004621658929114385
SH-MC-01-2025051316,0.171210787566399,4,numeric__ambient_humidity_pct,MODEL_DRIVER_AMBIENT_HUMIDITY_PCT,0.003665682166980219,-0.4726798381821006
SH-MC-04-2025060408,0.17058412473772935,1,numeric__lubrication_index,LOW_LUBRICATION_INDEX,0.03171758049884456,-0.6644510985776962
SH-MC-04-2025060408,0.17058412473772935,2,numeric__downtime_last_7d_min,RECENT_DOWNTIME_BURDEN,0.012778693421598892,-0.9700828448462597
SH-MC-04-2025060408,0.17058412473772935,3,numeric__vibration_rms,HIGH_VIBRATION_PATTERN,0.004090744084353924,0.6797125603444224
SH-MC-04-2025060408,0.17058412473772935,4,numeric__tool_wear_pct,TOOL_WEAR_ELEVATED,0.003747356824622005,0.33685476238070133
SH-MC-07-2025040500,0.16914247567742363,1,numeric__tool_wear_pct,TOOL_WEAR_ELEVATED,0.016858047515040223,0.18924093925645363
SH-MC-07-2025040500,0.16914247567742363,2,categorical__machine_id_MC-07,MACHINE_BASELINE_EFFECT,0.013927459354720388,1.0
SH-MC-07-2025040500,0.16914247567742363,3,numeric__downtime_last_7d_min,RECENT_DOWNTIME_BURDEN,0.003077358908833145,-0.3922680817716839
SH-MC-07-2025040500,0.16914247567742363,4,categorical__product_id_PRD-D,PRODUCT_MIX_EFFECT,0.0026653649528192336,0.0
SH-MC-04-2025033108,0.1667164401027864,1,numeric__lubrication_index,LOW_LUBRICATION_INDEX,0.023580647008939665,-0.7772251977591491
SH-MC-04-2025033108,0.1667164401027864,2,numeric__ambient_temperature_c,MODEL_DRIVER_AMBIENT_TEMPERATURE_C,0.006228396151984788,0.10690860751729302
SH-MC-04-2025033108,0.1667164401027864,3,numeric__vibration_rms,HIGH_VIBRATION_PATTERN,0.0053302656325763835,1.114846045976233
SH-MC-04-2025033108,0.1667164401027864,4,numeric__failures_last_30d,RECENT_FAILURE_HISTORY,0.005168457064167504,-0.2954026141905654
SH-MC-01-2025031400,0.16565215100930233,1,numeric__tool_wear_pct,TOOL_WEAR_ELEVATED,0.02776692603431522,0.5888936036834104
SH-MC-01-2025031400,0.16565215100930233,2,numeric__vibration_rms,HIGH_VIBRATION_PATTERN,0.010778843394486417,0.4194929643518234
SH-MC-01-2025031400,0.16565215100930233,3,numeric__defect_rate_lag_1,MODEL_DRIVER_DEFECT_RATE_LAG_1,0.008041576084544297,0.07081210664965781
SH-MC-01-2025031400,0.16565215100930233,4,numeric__failures_last_30d,RECENT_FAILURE_HISTORY,0.006242261469233391,-0.2954026141905654
SH-MC-01-2025030508,0.16360676500801008,1,numeric__lubrication_index,LOW_LUBRICATION_INDEX,0.018638961434776065,-0.8496813122506888
SH-MC-01-2025030508,0.16360676500801008,2,numeric__downtime_last_7d_min,RECENT_DOWNTIME_BURDEN,0.015554294134808331,-1.551494436979875
SH-MC-01-2025030508,0.16360676500801008,3,numeric__tool_wear_pct,TOOL_WEAR_ELEVATED,0.010599103122860328,0.5174163196114466
SH-MC-01-2025030508,0.16360676500801008,4,numeric__failures_last_30d,RECENT_FAILURE_HISTORY,0.00502791952789641,-0.2954026141905654
SH-MC-03-2025041400,0.15890807131116025,1,numeric__cumulative_operating_hours,MODEL_DRIVER_CUMULATIVE_OPERATING_HOURS,0.035775915409804855,1.6437164259512524
SH-MC-03-2025041400,0.15890807131116025,2,numeric__machine_age_years,MODEL_DRIVER_MACHINE_AGE_YEARS,0.007005582291612413,1.2247448713915892
SH-MC-03-2025041400,0.15890807131116025,3,categorical__machine_type_Press,MACHINE_TYPE_EFFECT,0.00605167475839308,0.0
SH-MC-03-2025041400,0.15890807131116025,4,numeric__downtime_last_7d_min,RECENT_DOWNTIME_BURDEN,0.0059357847102337,-0.36949142551329744
SH-MC-08-2025053008,0.15879696758205541,1,numeric__temperature_c,THERMAL_STRESS,0.02539673476044049,0.5204584528008966
SH-MC-08-2025053008,0.15879696758205541,2,numeric__tool_wear_pct,TOOL_WEAR_ELEVATED,0.0076724889244719294,0.12136766355097299
SH-MC-08-2025053008,0.15879696758205541,3,numeric__failures_last_30d,RECENT_FAILURE_HISTORY,0.0039012773970939336,-0.2954026141905654
SH-MC-08-2025053008,0.15879696758205541,4,categorical__product_id_PRD-D,PRODUCT_MIX_EFFECT,0.0021834334302581132,0.0
SH-MC-09-2025061808,0.15863160505867932,1,numeric__cumulative_operating_hours,MODEL_DRIVER_CUMULATIVE_OPERATING_HOURS,0.019372756406937454,1.7877241211490946
SH-MC-09-2025061808,0.15863160505867932,2,numeric__failures_last_30d,RECENT_FAILURE_HISTORY,0.007546968427328822,-0.2954026141905654
SH-MC-09-2025061808,0.15863160505867932,3,numeric__tool_wear_pct,TOOL_WEAR_ELEVATED,0.0074341535269553905,0.3169692917370034
SH-MC-09-2025061808,0.15863160505867932,4,numeric__pressure_bar,PRESSURE_DEVIATION,0.006480245059850124,-0.5919026513488551
SH-MC-05-2025053108,0.15760493864454686,1,numeric__temperature_c,THERMAL_STRESS,0.02029937906040922,0.557076217751146
SH-MC-05-2025053108,0.15760493864454686,2,numeric__lubrication_index,LOW_LUBRICATION_INDEX,0.013001564668998699,-0.47548329187989435
SH-MC-05-2025053108,0.15760493864454686,3,numeric__vibration_rms,HIGH_VIBRATION_PATTERN,0.00999886514890031,1.1723549925052523
SH-MC-05-2025053108,0.15760493864454686,4,numeric__failures_last_30d,RECENT_FAILURE_HISTORY,0.00479875603740829,-0.2954026141905654
SH-MC-03-2025051716,0.15590128296922667,1,numeric__temperature_c,THERMAL_STRESS,0.01834037226534029,0.9518755453140177
SH-MC-03-2025051716,0.15590128296922667,2,numeric__tool_wear_pct,TOOL_WEAR_ELEVATED,0.015184201499426288,0.18010854581999933
SH-MC-03-2025051716,0.15590128296922667,3,categorical__product_id_PRD-B,PRODUCT_MIX_EFFECT,0.006103122516860464,1.0
SH-MC-03-2025051716,0.15590128296922667,4,numeric__cumulative_operating_hours,MODEL_DRIVER_CUMULATIVE_OPERATING_HOURS,0.005600305063942888,1.6905731617561963
SH-MC-01-2025062308,0.1558855617304045,1,numeric__lubrication_index,LOW_LUBRICATION_INDEX,0.026436687946321164,-0.6877190200552892
SH-MC-01-2025062308,0.1558855617304045,2,numeric__tool_wear_pct,TOOL_WEAR_ELEVATED,0.008587933715085724,0.3795266932803826
SH-MC-01-2025062308,0.1558855617304045,3,categorical__product_id_PRD-B,PRODUCT_MIX_EFFECT,0.005983297917344412,1.0
SH-MC-01-2025062308,0.1558855617304045,4,numeric__failures_last_30d,RECENT_FAILURE_HISTORY,0.005795071549778467,-0.2954026141905654
SH-MC-06-2025051400,0.15481438517501545,1,numeric__tool_wear_pct,TOOL_WEAR_ELEVATED,0.02140351164093827,0.5491069246156536
SH-MC-06-2025051400,0.15481438517501545,2,numeric__lubrication_index,LOW_LUBRICATION_INDEX,0.020450245958410208,-0.782556389475497
SH-MC-06-2025051400,0.15481438517501545,3,numeric__cumulative_operating_hours,MODEL_DRIVER_CUMULATIVE_OPERATING_HOURS,0.01544847798849658,1.7119740195829574
SH-MC-06-2025051400,0.15481438517501545,4,categorical__machine_id_MC-06,MACHINE_BASELINE_EFFECT,0.004911862267637693,1.0
SH-MC-10-2025042100,0.15401927439418575,1,numeric__tool_wear_pct,TOOL_WEAR_ELEVATED,0.008531570907536047,0.25890244736610146
SH-MC-10-2025042100,0.15401927439418575,2,numeric__vibration_rms,HIGH_VIBRATION_PATTERN,0.006658576852990926,0.3871506718504676
SH-MC-10-2025042100,0.15401927439418575,3,numeric__cumulative_operating_hours,MODEL_DRIVER_CUMULATIVE_OPERATING_HOURS,0.0025102817451856025,0.5015802902211726
SH-MC-10-2025042100,0.15401927439418575,4,numeric__lubrication_index,LOW_LUBRICATION_INDEX,0.0021497333245976353,-0.34669657669642673
SH-MC-07-2025060608,0.1503672965671916,1,numeric__hours_since_maintenance,MAINTENANCE_INTERVAL_EXCEEDED,0.02400892751943384,0.6986490560943822
SH-MC-07-2025060608,0.1503672965671916,2,categorical__machine_id_MC-07,MACHINE_BASELINE_EFFECT,0.01706930116821388,1.0
SH-MC-07-2025060608,0.1503672965671916,3,numeric__tool_wear_pct,TOOL_WEAR_ELEVATED,0.0030740237206588546,0.007627210316630336
SH-MC-07-2025060608,0.1503672965671916,4,numeric__criticality,ASSET_CRITICALITY,0.002588206923754804,1.224744871391589
SH-MC-06-2025051308,0.14931095125532265,1,numeric__cumulative_operating_hours,MODEL_DRIVER_CUMULATIVE_OPERATING_HOURS,0.022240952791196235,1.7110418735368644
SH-MC-06-2025051308,0.14931095125532265,2,numeric__lubrication_index,LOW_LUBRICATION_INDEX,0.009766697548665559,-0.14174883624939288
SH-MC-06-2025051308,0.14931095125532265,3,categorical__machine_id_MC-06,MACHINE_BASELINE_EFFECT,0.005828681162523748,1.0
SH-MC-06-2025051308,0.14931095125532265,4,categorical__machine_type_Filler,MACHINE_TYPE_EFFECT,0.004065727566342782,1.0
SH-MC-03-2025050108,0.14011583434615113,1,numeric__cumulative_operating_hours,MODEL_DRIVER_CUMULATIVE_OPERATING_HOURS,0.03307552616751272,1.6678344989777167
SH-MC-03-2025050108,0.14011583434615113,2,numeric__downtime_last_7d_min,RECENT_DOWNTIME_BURDEN,0.017957213001657254,-0.5815971251387878
SH-MC-03-2025050108,0.14011583434615113,3,categorical__machine_id_MC-03,MACHINE_BASELINE_EFFECT,0.007499982730941171,1.0
SH-MC-03-2025050108,0.14011583434615113,4,numeric__machine_age_years,MODEL_DRIVER_MACHINE_AGE_YEARS,0.007366430983404046,1.2247448713915892
SH-MC-12-2025030100,0.13753889997054272,1,numeric__cumulative_operating_hours,MODEL_DRIVER_CUMULATIVE_OPERATING_HOURS,0.021223450226811772,1.6611151618906022
SH-MC-12-2025030100,0.13753889997054272,2,numeric__tool_wear_pct,TOOL_WEAR_ELEVATED,0.007416185074891341,0.014904041150841683
SH-MC-12-2025030100,0.13753889997054272,3,numeric__failures_last_30d,RECENT_FAILURE_HISTORY,0.007088867337361317,-0.2954026141905654
SH-MC-12-2025030100,0.13753889997054272,4,numeric__defect_rate_lag_1,MODEL_DRIVER_DEFECT_RATE_LAG_1,0.005220623962224023,0.4717973464962801
SH-MC-07-2025040416,0.13730998810573092,1,numeric__temperature_c,THERMAL_STRESS,0.021231616925805226,0.39300824429249925
SH-MC-07-2025040416,0.13730998810573092,2,numeric__lubrication_index,LOW_LUBRICATION_INDEX,0.008290375797263655,-0.2804981582989843
SH-MC-07-2025040416,0.13730998810573092,3,categorical__machine_id_MC-07,MACHINE_BASELINE_EFFECT,0.007847189192292011,1.0
SH-MC-07-2025040416,0.13730998810573092,4,numeric__tool_wear_pct,TOOL_WEAR_ELEVATED,0.0042674561374321344,0.022054827341060734
SH-MC-08-2025041616,0.13653942298391986,1,numeric__temperature_c,THERMAL_STRESS,0.017476912540469573,1.342452738861305
SH-MC-08-2025041616,0.13653942298391986,2,numeric__downtime_last_7d_min,RECENT_DOWNTIME_BURDEN,0.015920326750979777,-0.9979075647477738
SH-MC-08-2025041616,0.13653942298391986,3,numeric__tool_wear_pct,TOOL_WEAR_ELEVATED,0.0078321134940968,0.8137674165565079
SH-MC-08-2025041616,0.13653942298391986,4,numeric__failures_last_30d,RECENT_FAILURE_HISTORY,0.006266312064708501,-0.2954026141905654
SH-MC-02-2025052216,0.13618445121379313,1,numeric__temperature_c,THERMAL_STRESS,0.03571283777577386,0.9263173775097128
SH-MC-02-2025052216,0.13618445121379313,2,numeric__tool_wear_pct,TOOL_WEAR_ELEVATED,0.008914418832156034,0.16369540580103473
SH-MC-02-2025052216,0.13618445121379313,3,numeric__failures_last_30d,RECENT_FAILURE_HISTORY,0.006775894260922823,-0.2954026141905654
SH-MC-02-2025052216,0.13618445121379313,4,numeric__lubrication_index,LOW_LUBRICATION_INDEX,0.006698955786935584,-0.393580314019721
SH-MC-06-2025050608,0.1358219247499968,1,numeric__cumulative_operating_hours,MODEL_DRIVER_CUMULATIVE_OPERATING_HOURS,0.026757091209112585,1.7012927944416099
SH-MC-06-2025050608,0.1358219247499968,2,numeric__lubrication_index,LOW_LUBRICATION_INDEX,0.013105401409880632,-0.7154373321927525
SH-MC-06-2025050608,0.1358219247499968,3,categorical__machine_id_MC-06,MACHINE_BASELINE_EFFECT,0.005566370414354755,1.0
SH-MC-06-2025050608,0.1358219247499968,4,numeric__hours_since_maintenance,MAINTENANCE_INTERVAL_EXCEEDED,0.0030341996253744606,0.3246150386753092
SH-MC-10-2025061100,0.13540182870418882,1,numeric__downtime_last_7d_min,RECENT_DOWNTIME_BURDEN,0.016120944015197626,-0.7715843718418599
SH-MC-10-2025061100,0.13540182870418882,2,numeric__tool_wear_pct,TOOL_WEAR_ELEVATED,0.00653845532031062,0.24194403563435568
SH-MC-10-2025061100,0.13540182870418882,3,categorical__product_id_PRD-D,PRODUCT_MIX_EFFECT,0.003036024608510853,0.0
SH-MC-10-2025061100,0.13540182870418882,4,categorical__product_id_PRD-C,PRODUCT_MIX_EFFECT,0.0017753280374489299,0.0
SH-MC-12-2025041916,0.13264194986155853,1,numeric__temperature_c,THERMAL_STRESS,0.014392509463600442,0.592571237944089
SH-MC-12-2025041916,0.13264194986155853,2,numeric__cumulative_operating_hours,MODEL_DRIVER_CUMULATIVE_OPERATING_HOURS,0.01249726806240817,1.7299659707007509
SH-MC-12-2025041916,0.13264194986155853,3,numeric__hours_since_maintenance,MAINTENANCE_INTERVAL_EXCEEDED,0.0052963264602421765,0.32256576407059845
SH-MC-12-2025041916,0.13264194986155853,4,categorical__product_id_PRD-D,PRODUCT_MIX_EFFECT,0.0040588219012572925,0.0
SH-MC-09-2025033016,0.13199036822879998,1,numeric__cumulative_operating_hours,MODEL_DRIVER_CUMULATIVE_OPERATING_HOURS,0.028196082609257246,1.6771123982910707
SH-MC-09-2025033016,0.13199036822879998,2,numeric__vibration_rms,HIGH_VIBRATION_PATTERN,0.007023718068962478,0.4135980490134871
SH-MC-09-2025033016,0.13199036822879998,3,numeric__downtime_last_7d_min,RECENT_DOWNTIME_BURDEN,0.006536808328095979,-0.5594046028817629
SH-MC-09-2025033016,0.13199036822879998,4,categorical__machine_type_Filler,MACHINE_TYPE_EFFECT,0.0057030050415195115,1.0
SH-MC-05-2025060616,0.13186513128214522,1,numeric__temperature_c,THERMAL_STRESS,0.016499490031742895,0.42062365548068487
SH-MC-05-2025060616,0.13186513128214522,2,numeric__lubrication_index,LOW_LUBRICATION_INDEX,0.011312663485598255,-0.4750615244541609
SH-MC-05-2025060616,0.13186513128214522,3,numeric__vibration_rms,HIGH_VIBRATION_PATTERN,0.00706063713320473,0.6006008340980742
SH-MC-05-2025060616,0.13186513128214522,4,categorical__product_id_PRD-B,PRODUCT_MIX_EFFECT,0.006681955345470986,1.0
SH-MC-05-2025051608,0.13090392658361763,1,numeric__lubrication_index,LOW_LUBRICATION_INDEX,0.031916791949288315,-0.82809129367658
SH-MC-05-2025051608,0.13090392658361763,2,numeric__vibration_rms,HIGH_VIBRATION_PATTERN,0.014512293517333717,0.5357779285491288
SH-MC-05-2025051608,0.13090392658361763,3,numeric__criticality,ASSET_CRITICALITY,0.0037312252343348193,1.224744871391589
SH-MC-05-2025051608,0.13090392658361763,4,numeric__ambient_humidity_pct,MODEL_DRIVER_AMBIENT_HUMIDITY_PCT,0.0035107334130710624,-0.4464830148059403
SH-MC-07-2025051700,0.1306662800542845,1,numeric__downtime_last_7d_min,RECENT_DOWNTIME_BURDEN,0.025611800731047706,-0.9956168257097202
SH-MC-07-2025051700,0.1306662800542845,2,categorical__machine_id_MC-07,MACHINE_BASELINE_EFFECT,0.00988725774922115,1.0
SH-MC-07-2025051700,0.1306662800542845,3,numeric__hours_since_maintenance,MAINTENANCE_INTERVAL_EXCEEDED,0.0058475263255624785,0.19949777741407226
SH-MC-07-2025051700,0.1306662800542845,4,numeric__criticality,ASSET_CRITICALITY,0.002880527163823625,1.224744871391589
SH-MC-05-2025052308,0.13034417926953742,1,numeric__temperature_c,THERMAL_STRESS,0.014490283689862755,0.42203771378539207
SH-MC-05-2025052308,0.13034417926953742,2,numeric__current_amp,ELECTRICAL_LOAD_STRESS,0.011203110472407605,1.3730571734537436
SH-MC-05-2025052308,0.13034417926953742,3,numeric__lubrication_index,LOW_LUBRICATION_INDEX,0.01023647027012862,-0.43359487321803775
SH-MC-05-2025052308,0.13034417926953742,4,categorical__product_id_PRD-D,PRODUCT_MIX_EFFECT,0.0019657487885795175,0.0
SH-MC-03-2025030700,0.1281315858942274,1,numeric__cumulative_operating_hours,MODEL_DRIVER_CUMULATIVE_OPERATING_HOURS,0.01786371000442491,1.5907743915380361
SH-MC-03-2025030700,0.1281315858942274,2,categorical__machine_id_MC-03,MACHINE_BASELINE_EFFECT,0.014703499273489832,1.0
SH-MC-03-2025030700,0.1281315858942274,3,categorical__product_id_PRD-B,PRODUCT_MIX_EFFECT,0.012229525150332729,1.0
SH-MC-03-2025030700,0.1281315858942274,4,numeric__criticality,ASSET_CRITICALITY,0.006886016573231555,1.224744871391589
SH-MC-08-2025041508,0.12593449647344723,1,numeric__downtime_last_7d_min,RECENT_DOWNTIME_BURDEN,0.031123624685125705,-1.0822854654701648
SH-MC-08-2025041508,0.12593449647344723,2,numeric__tool_wear_pct,TOOL_WEAR_ELEVATED,0.013576818940782779,0.16489450613017556
SH-MC-08-2025041508,0.12593449647344723,3,numeric__failures_last_30d,RECENT_FAILURE_HISTORY,0.004737908220649062,-0.2954026141905654
SH-MC-08-2025041508,0.12593449647344723,4,categorical__product_id_PRD-D,PRODUCT_MIX_EFFECT,0.0030578319189989264,0.0
SH-MC-03-2025031216,0.12530417147844203,1,numeric__cumulative_operating_hours,MODEL_DRIVER_CUMULATIVE_OPERATING_HOURS,0.02382333149487044,1.5987020664864091
SH-MC-03-2025031216,0.12530417147844203,2,numeric__downtime_last_7d_min,RECENT_DOWNTIME_BURDEN,0.022877574595304272,-0.7664008718789993
SH-MC-03-2025031216,0.12530417147844203,3,categorical__machine_id_MC-03,MACHINE_BASELINE_EFFECT,0.009076346532427903,1.0
SH-MC-03-2025031216,0.12530417147844203,4,numeric__machine_age_years,MODEL_DRIVER_MACHINE_AGE_YEARS,0.004765903973742469,1.2247448713915892
SH-MC-12-2025033016,0.12480203962977227,1,numeric__cumulative_operating_hours,MODEL_DRIVER_CUMULATIVE_OPERATING_HOURS,0.022558484274611466,1.7022641504667073
SH-MC-12-2025033016,0.12480203962977227,2,numeric__downtime_last_7d_min,RECENT_DOWNTIME_BURDEN,0.01208572810510092,-0.5420403345549519
SH-MC-12-2025033016,0.12480203962977227,3,categorical__product_id_PRD-D,PRODUCT_MIX_EFFECT,0.003978550390605138,0.0
SH-MC-12-2025033016,0.12480203962977227,4,numeric__machine_age_years,MODEL_DRIVER_MACHINE_AGE_YEARS,0.0030378358057385948,1.2247448713915892
SH-MC-04-2025042700,0.12355135941276923,1,categorical__product_id_PRD-A,PRODUCT_MIX_EFFECT,0.0048323140559847055,1.0
SH-MC-04-2025042700,0.12355135941276923,2,categorical__machine_type_Press,MACHINE_TYPE_EFFECT,0.00417036549239947,0.0
SH-MC-04-2025042700,0.12355135941276923,3,numeric__downtime_last_7d_min,RECENT_DOWNTIME_BURDEN,0.004025421184295735,-0.06463958773195586
SH-MC-04-2025042700,0.12355135941276923,4,categorical__product_id_PRD-D,PRODUCT_MIX_EFFECT,0.003629261471023077,0.0
SH-MC-08-2025061208,0.12347299000509784,1,numeric__tool_wear_pct,TOOL_WEAR_ELEVATED,0.013717476826566597,0.27082501231755385
SH-MC-08-2025061208,0.12347299000509784,2,numeric__hours_since_maintenance,MAINTENANCE_INTERVAL_EXCEEDED,0.004968940873104327,0.19949777741407226
SH-MC-08-2025061208,0.12347299000509784,3,numeric__lubrication_index,LOW_LUBRICATION_INDEX,0.003476322354398558,-0.3296622831807693
SH-MC-08-2025061208,0.12347299000509784,4,categorical__product_id_PRD-C,PRODUCT_MIX_EFFECT,0.0017980687966484173,0.0
SH-MC-08-2025062516,0.12260299689482414,1,numeric__temperature_c,THERMAL_STRESS,0.018437986224033896,0.48034380494790807
SH-MC-08-2025062516,0.12260299689482414,2,numeric__vibration_rms,HIGH_VIBRATION_PATTERN,0.008164309109823194,0.9574974744785795
SH-MC-08-2025062516,0.12260299689482414,3,categorical__product_id_PRD-B,PRODUCT_MIX_EFFECT,0.0046793104408982345,1.0
SH-MC-08-2025062516,0.12260299689482414,4,numeric__tool_wear_pct,TOOL_WEAR_ELEVATED,0.0028652371297060763,0.20030283911584906
SH-MC-08-2025040616,0.12254904873797477,1,numeric__temperature_c,THERMAL_STRESS,0.018551962736354698,0.8518038480891384
SH-MC-08-2025040616,0.12254904873797477,2,categorical__product_id_PRD-B,PRODUCT_MIX_EFFECT,0.010688632247649835,1.0
SH-MC-08-2025040616,0.12254904873797477,3,numeric__vibration_rms,HIGH_VIBRATION_PATTERN,0.008030917489787539,0.42171212618936327
SH-MC-08-2025040616,0.12254904873797477,4,numeric__ambient_temperature_c,MODEL_DRIVER_AMBIENT_TEMPERATURE_C,0.0029120941423301833,0.2673639624329689
SH-MC-06-2025060716,0.12134039275384932,1,numeric__pressure_bar,PRESSURE_DEVIATION,0.02681924988187051,-1.4177153500541626
SH-MC-06-2025060716,0.12134039275384932,2,numeric__cumulative_operating_hours,MODEL_DRIVER_CUMULATIVE_OPERATING_HOURS,0.008748125867717593,1.746335456821839
SH-MC-06-2025060716,0.12134039275384932,3,numeric__vibration_rms,HIGH_VIBRATION_PATTERN,0.005463315682664131,0.31098289472876545
SH-MC-06-2025060716,0.12134039275384932,4,numeric__failures_last_30d,RECENT_FAILURE_HISTORY,0.004541871041933986,-0.2954026141905654
SH-MC-02-2025051400,0.12092204788300365,1,numeric__tool_wear_pct,TOOL_WEAR_ELEVATED,0.020661435745802557,0.42836058280682215
SH-MC-02-2025051400,0.12092204788300365,2,numeric__failures_last_30d,RECENT_FAILURE_HISTORY,0.00488465866771912,-0.2954026141905654
SH-MC-02-2025051400,0.12092204788300365,3,numeric__current_amp,ELECTRICAL_LOAD_STRESS,0.0034204748376118694,0.5942241280097018
SH-MC-02-2025051400,0.12092204788300365,4,categorical__product_id_PRD-D,PRODUCT_MIX_EFFECT,0.0019512640619053071,0.0
SH-MC-10-2025060216,0.12055896213886284,1,numeric__downtime_last_7d_min,RECENT_DOWNTIME_BURDEN,0.03806230298070657,-1.4348952167964375
SH-MC-10-2025060216,0.12055896213886284,2,numeric__vibration_rms,HIGH_VIBRATION_PATTERN,0.005319527281521896,1.218627447724505
SH-MC-10-2025060216,0.12055896213886284,3,categorical__product_id_PRD-A,PRODUCT_MIX_EFFECT,0.004539313347893273,1.0
SH-MC-10-2025060216,0.12055896213886284,4,categorical__product_id_PRD-D,PRODUCT_MIX_EFFECT,0.0017950028671179555,0.0
SH-MC-05-2025050408,0.11839707036901054,1,numeric__vibration_rms,HIGH_VIBRATION_PATTERN,0.005015312532558321,0.41528975140907715
SH-MC-05-2025050408,0.11839707036901054,2,numeric__temperature_c,THERMAL_STRESS,0.00429412701409317,0.3580491956821899
SH-MC-05-2025050408,0.11839707036901054,3,categorical__product_id_PRD-A,PRODUCT_MIX_EFFECT,0.004254435647310069,1.0
SH-MC-05-2025050408,0.11839707036901054,4,numeric__lubrication_index,LOW_LUBRICATION_INDEX,0.003834299943366416,-0.40742045771933927
SH-MC-04-2025061608,0.11774397759937391,1,numeric__vibration_rms,HIGH_VIBRATION_PATTERN,0.007092516519371245,0.42400591803424953
SH-MC-04-2025061608,0.11774397759937391,2,numeric__failures_last_30d,RECENT_FAILURE_HISTORY,0.0051722558971590395,-0.2954026141905654
SH-MC-04-2025061608,0.11774397759937391,3,numeric__cumulative_operating_hours,MODEL_DRIVER_CUMULATIVE_OPERATING_HOURS,0.0031127791302782495,0.5279570628217714
SH-MC-04-2025061608,0.11774397759937391,4,categorical__machine_type_CNC,MACHINE_TYPE_EFFECT,0.0007750211944984108,1.0
SH-MC-03-2025040700,0.1159997867965092,1,numeric__cumulative_operating_hours,MODEL_DRIVER_CUMULATIVE_OPERATING_HOURS,0.02437847642121768,1.633967981817329
SH-MC-03-2025040700,0.1159997867965092,2,numeric__downtime_last_7d_min,RECENT_DOWNTIME_BURDEN,0.012854327075095814,-1.0995653542673511
SH-MC-03-2025040700,0.1159997867965092,3,categorical__machine_id_MC-03,MACHINE_BASELINE_EFFECT,0.006644456834599729,1.0
SH-MC-03-2025040700,0.1159997867965092,4,categorical__product_id_PRD-B,PRODUCT_MIX_EFFECT,0.005943694295995614,1.0
SH-MC-10-2025032700,0.11581219729128461,1,numeric__pressure_bar,PRESSURE_DEVIATION,0.028918315241552646,-0.9661517201348568
SH-MC-10-2025032700,0.11581219729128461,2,numeric__hours_since_maintenance,MAINTENANCE_INTERVAL_EXCEEDED,0.006978989578330286,0.32989758608464614
SH-MC-10-2025032700,0.11581219729128461,3,categorical__product_id_PRD-D,PRODUCT_MIX_EFFECT,0.0019540783187566575,0.0
SH-MC-10-2025032700,0.11581219729128461,4,categorical__machine_type_Press,MACHINE_TYPE_EFFECT,0.0016363314514563276,0.0
SH-MC-08-2025052216,0.11576243712295788,1,numeric__temperature_c,THERMAL_STRESS,0.01817058952005856,0.458242268250304
SH-MC-08-2025052216,0.11576243712295788,2,numeric__vibration_rms,HIGH_VIBRATION_PATTERN,0.011124200741826691,0.3095053013163626
SH-MC-08-2025052216,0.11576243712295788,3,numeric__failures_last_30d,RECENT_FAILURE_HISTORY,0.004779305668682834,-0.2954026141905654
SH-MC-08-2025052216,0.11576243712295788,4,categorical__product_id_PRD-A,PRODUCT_MIX_EFFECT,0.003663364853085547,1.0
SH-MC-07-2025050900,0.11361288831861366,1,categorical__machine_id_MC-07,MACHINE_BASELINE_EFFECT,0.007856684152715126,1.0
SH-MC-07-2025050900,0.11361288831861366,2,numeric__defect_rate_lag_1,MODEL_DRIVER_DEFECT_RATE_LAG_1,0.00626737902246332,0.2221199330377627
SH-MC-07-2025050900,0.11361288831861366,3,categorical__product_id_PRD-B,PRODUCT_MIX_EFFECT,0.004381726755499997,1.0
SH-MC-07-2025050900,0.11361288831861366,4,numeric__current_amp,ELECTRICAL_LOAD_STRESS,0.004349992482573376,2.0581221354382766
SH-MC-09-2025061516,0.11329285918756891,1,numeric__cumulative_operating_hours,MODEL_DRIVER_CUMULATIVE_OPERATING_HOURS,0.03239287644028676,1.7840083476916486
SH-MC-09-2025061516,0.11329285918756891,2,numeric__downtime_last_7d_min,RECENT_DOWNTIME_BURDEN,0.01145743516140065,-0.5121428759601465
SH-MC-09-2025061516,0.11329285918756891,3,numeric__failures_last_30d,RECENT_FAILURE_HISTORY,0.007978423283220626,-0.2954026141905654
SH-MC-09-2025061516,0.11329285918756891,4,categorical__machine_type_Filler,MACHINE_TYPE_EFFECT,0.006133058850468375,1.0
SH-MC-09-2025050500,0.11320418002503405,1,numeric__cumulative_operating_hours,MODEL_DRIVER_CUMULATIVE_OPERATING_HOURS,0.025009919177783956,1.7262639032886289
SH-MC-09-2025050500,0.11320418002503405,2,numeric__failures_last_30d,RECENT_FAILURE_HISTORY,0.01025511627368342,-0.2954026141905654
SH-MC-09-2025050500,0.11320418002503405,3,numeric__machine_age_years,MODEL_DRIVER_MACHINE_AGE_YEARS,0.007286544765909203,1.2247448713915892
SH-MC-09-2025050500,0.11320418002503405,4,categorical__machine_type_Filler,MACHINE_TYPE_EFFECT,0.006142662903766695,1.0
SH-MC-09-2025040708,0.11098449043950097,1,numeric__cumulative_operating_hours,MODEL_DRIVER_CUMULATIVE_OPERATING_HOURS,0.02157996727099731,1.6877812963935759
SH-MC-09-2025040708,0.11098449043950097,2,numeric__failures_last_30d,RECENT_FAILURE_HISTORY,0.009598920808299155,-0.2954026141905654
SH-MC-09-2025040708,0.11098449043950097,3,categorical__machine_type_Press,MACHINE_TYPE_EFFECT,0.003056602382254169,0.0
SH-MC-09-2025040708,0.11098449043950097,4,categorical__machine_type_Filler,MACHINE_TYPE_EFFECT,0.0028378592248675533,1.0
SH-MC-12-2025052716,0.10748941033136597,1,numeric__cumulative_operating_hours,MODEL_DRIVER_CUMULATIVE_OPERATING_HOURS,0.02924057178278134,1.7826963924857833
SH-MC-12-2025052716,0.10748941033136597,2,numeric__machine_age_years,MODEL_DRIVER_MACHINE_AGE_YEARS,0.007014600659358175,1.2247448713915892
SH-MC-12-2025052716,0.10748941033136597,3,categorical__machine_type_Filler,MACHINE_TYPE_EFFECT,0.003718022976682265,1.0
SH-MC-12-2025052716,0.10748941033136597,4,categorical__machine_type_Press,MACHINE_TYPE_EFFECT,0.0031675009862684434,0.0
SH-MC-04-2025040700,0.1072359489086719,1,numeric__downtime_last_7d_min,RECENT_DOWNTIME_BURDEN,0.005968223721310246,-0.05781965925134002
SH-MC-04-2025040700,0.1072359489086719,2,categorical__machine_type_Press,MACHINE_TYPE_EFFECT,0.00449228344041477,0.0
SH-MC-04-2025040700,0.1072359489086719,3,categorical__product_id_PRD-D,PRODUCT_MIX_EFFECT,0.003619395919750959,0.0
SH-MC-04-2025040700,0.1072359489086719,4,numeric__changeover_count,MODEL_DRIVER_CHANGEOVER_COUNT,0.0031691074819160496,2.231166105376518
SH-MC-07-2025051708,0.10690023387389716,1,numeric__downtime_last_7d_min,RECENT_DOWNTIME_BURDEN,0.018991978317898436,-0.9956168257097202
SH-MC-07-2025051708,0.10690023387389716,2,categorical__machine_id_MC-07,MACHINE_BASELINE_EFFECT,0.011708403845095614,1.0
SH-MC-07-2025051708,0.10690023387389716,3,numeric__hours_since_maintenance,MAINTENANCE_INTERVAL_EXCEEDED,0.0061674348243649065,0.32693326367707604
SH-MC-07-2025051708,0.10690023387389716,4,numeric__tool_wear_pct,TOOL_WEAR_ELEVATED,0.005022189242357164,0.2582562688674469
SH-MC-01-2025031908,0.10666314949239282,1,numeric__failures_last_30d,RECENT_FAILURE_HISTORY,0.00845366356345307,-0.2954026141905654
SH-MC-01-2025031908,0.10666314949239282,2,numeric__tool_wear_pct,TOOL_WEAR_ELEVATED,0.005444251884568976,0.002074300905307354
SH-MC-01-2025031908,0.10666314949239282,3,categorical__product_id_PRD-B,PRODUCT_MIX_EFFECT,0.004954018079723849,1.0
SH-MC-01-2025031908,0.10666314949239282,4,categorical__product_id_PRD-D,PRODUCT_MIX_EFFECT,0.0035409942926895636,0.0
SH-MC-09-2025030608,0.10639657332311901,1,numeric__cumulative_operating_hours,MODEL_DRIVER_CUMULATIVE_OPERATING_HOURS,0.02728616893238123,1.6432992841850327
SH-MC-09-2025030608,0.10639657332311901,2,numeric__downtime_last_7d_min,RECENT_DOWNTIME_BURDEN,0.008289591340653052,-0.2515721697232562
SH-MC-09-2025030608,0.10639657332311901,3,numeric__machine_age_years,MODEL_DRIVER_MACHINE_AGE_YEARS,0.0053579224549814295,1.2247448713915892
SH-MC-09-2025030608,0.10639657332311901,4,categorical__machine_type_Filler,MACHINE_TYPE_EFFECT,0.004777260263200863,1.0
SH-MC-01-2025031900,0.10621997996694608,1,numeric__downtime_last_7d_min,RECENT_DOWNTIME_BURDEN,0.006454390589776556,-0.3667531775120672
SH-MC-01-2025031900,0.10621997996694608,2,categorical__product_id_PRD-B,PRODUCT_MIX_EFFECT,0.00499226605249603,1.0
SH-MC-01-2025031900,0.10621997996694608,3,numeric__defect_rate_lag_1,MODEL_DRIVER_DEFECT_RATE_LAG_1,0.004246654090594227,0.0706913861835313
SH-MC-01-2025031900,0.10621997996694608,4,numeric__failures_last_30d,RECENT_FAILURE_HISTORY,0.003746001828057526,-0.2954026141905654
SH-MC-09-2025042616,0.10618315359357282,1,numeric__cumulative_operating_hours,MODEL_DRIVER_CUMULATIVE_OPERATING_HOURS,0.024764862180705005,1.7146993178804046
SH-MC-09-2025042616,0.10618315359357282,2,numeric__pressure_bar,PRESSURE_DEVIATION,0.011430238716022684,-0.7087210924605084
SH-MC-09-2025042616,0.10618315359357282,3,numeric__downtime_last_7d_min,RECENT_DOWNTIME_BURDEN,0.007796817798378729,-0.1361346447138533
SH-MC-09-2025042616,0.10618315359357282,4,numeric__machine_age_years,MODEL_DRIVER_MACHINE_AGE_YEARS,0.0075363693232583,1.2247448713915892
SH-MC-06-2025051208,0.10595837275673341,1,numeric__cumulative_operating_hours,MODEL_DRIVER_CUMULATIVE_OPERATING_HOURS,0.02657172118364987,1.70964618173287
SH-MC-06-2025051208,0.10595837275673341,2,numeric__downtime_last_7d_min,RECENT_DOWNTIME_BURDEN,0.007759867357620768,-0.3925430187942246
SH-MC-06-2025051208,0.10595837275673341,3,categorical__machine_type_Press,MACHINE_TYPE_EFFECT,0.0045352553841262085,0.0
SH-MC-06-2025051208,0.10595837275673341,4,numeric__machine_age_years,MODEL_DRIVER_MACHINE_AGE_YEARS,0.00442371820120681,1.2247448713915892
SH-MC-12-2025031200,0.10592158131778463,1,numeric__cumulative_operating_hours,MODEL_DRIVER_CUMULATIVE_OPERATING_HOURS,0.01699811710998995,1.6762957699855574
SH-MC-12-2025031200,0.10592158131778463,2,numeric__hours_since_maintenance,MAINTENANCE_INTERVAL_EXCEEDED,0.00947076354613684,0.45937132784541845
SH-MC-12-2025031200,0.10592158131778463,3,categorical__product_id_PRD-B,PRODUCT_MIX_EFFECT,0.004766921541173981,1.0
SH-MC-12-2025031200,0.10592158131778463,4,numeric__defect_rate_lag_1,MODEL_DRIVER_DEFECT_RATE_LAG_1,0.0038130032075409056,0.23982047019115876
SH-MC-06-2025042216,0.10558425538731617,1,numeric__cumulative_operating_hours,MODEL_DRIVER_CUMULATIVE_OPERATING_HOURS,0.03172244997956682,1.6823773304556557
SH-MC-06-2025042216,0.10558425538731617,2,numeric__machine_age_years,MODEL_DRIVER_MACHINE_AGE_YEARS,0.009607845225498075,1.2247448713915892
SH-MC-06-2025042216,0.10558425538731617,3,categorical__machine_type_Press,MACHINE_TYPE_EFFECT,0.00543483143992073,0.0
SH-MC-06-2025042216,0.10558425538731617,4,categorical__machine_id_MC-06,MACHINE_BASELINE_EFFECT,0.00355009383925876,1.0
SH-MC-03-2025050100,0.10549434384973265,1,numeric__cumulative_operating_hours,MODEL_DRIVER_CUMULATIVE_OPERATING_HOURS,0.026695552528981585,1.66737824025065
SH-MC-03-2025050100,0.10549434384973265,2,numeric__downtime_last_7d_min,RECENT_DOWNTIME_BURDEN,0.008741700393929238,-0.5815971251387878
SH-MC-03-2025050100,0.10549434384973265,3,numeric__machine_age_years,MODEL_DRIVER_MACHINE_AGE_YEARS,0.005094756667184282,1.2247448713915892
SH-MC-03-2025050100,0.10549434384973265,4,categorical__machine_type_Press,MACHINE_TYPE_EFFECT,0.0049300716912737495,0.0
SH-MC-10-2025052816,0.10461165525524636,1,numeric__temperature_c,THERMAL_STRESS,0.024650274019843578,0.7260601690403564
SH-MC-10-2025052816,0.10461165525524636,2,numeric__hours_since_maintenance,MAINTENANCE_INTERVAL_EXCEEDED,0.007949225803757915,0.3260750267164266
SH-MC-10-2025052816,0.10461165525524636,3,categorical__product_id_PRD-B,PRODUCT_MIX_EFFECT,0.0026375132412697596,1.0
SH-MC-10-2025052816,0.10461165525524636,4,categorical__product_id_PRD-D,PRODUCT_MIX_EFFECT,0.0018959703303433138,0.0
SH-MC-03-2025040208,0.10379512661652748,1,numeric__cumulative_operating_hours,MODEL_DRIVER_CUMULATIVE_OPERATING_HOURS,0.022470261769858207,1.6274291305018238
SH-MC-03-2025040208,0.10379512661652748,2,numeric__machine_age_years,MODEL_DRIVER_MACHINE_AGE_YEARS,0.007243158336030287,1.2247448713915892
SH-MC-03-2025040208,0.10379512661652748,3,numeric__criticality,ASSET_CRITICALITY,0.006223952057818747,1.224744871391589
SH-MC-03-2025040208,0.10379512661652748,4,categorical__machine_type_Press,MACHINE_TYPE_EFFECT,0.004800366361848852,0.0
SH-MC-07-2025031200,0.1034488247458833,1,numeric__downtime_last_7d_min,RECENT_DOWNTIME_BURDEN,0.02611526512649337,-0.9366718971721119
SH-MC-07-2025031200,0.1034488247458833,2,categorical__machine_id_MC-07,MACHINE_BASELINE_EFFECT,0.005930763336126663,1.0
SH-MC-07-2025031200,0.1034488247458833,3,categorical__machine_type_Press,MACHINE_TYPE_EFFECT,0.0036631997501610533,0.0
SH-MC-07-2025031200,0.1034488247458833,4,categorical__product_id_PRD-A,PRODUCT_MIX_EFFECT,0.0029295495990073615,1.0
SH-MC-03-2025062700,0.10240879824258946,1,numeric__cumulative_operating_hours,MODEL_DRIVER_CUMULATIVE_OPERATING_HOURS,0.01937605985794891,1.7465605637619108
SH-MC-03-2025062700,0.10240879824258946,2,categorical__machine_id_MC-03,MACHINE_BASELINE_EFFECT,0.012116484205964841,1.0
SH-MC-03-2025062700,0.10240879824258946,3,numeric__current_amp,ELECTRICAL_LOAD_STRESS,0.010391957799303353,0.9853988287447301
SH-MC-03-2025062700,0.10240879824258946,4,numeric__machine_age_years,MODEL_DRIVER_MACHINE_AGE_YEARS,0.0065614360889597245,1.2247448713915892
SH-MC-05-2025040816,0.10220865555235327,1,numeric__temperature_c,THERMAL_STRESS,0.016204448335036953,0.5243739487977368
SH-MC-05-2025040816,0.10220865555235327,2,numeric__vibration_rms,HIGH_VIBRATION_PATTERN,0.012169956572257562,0.6212409045926734
SH-MC-05-2025040816,0.10220865555235327,3,numeric__criticality,ASSET_CRITICALITY,0.003301126048502384,1.224744871391589
SH-MC-05-2025040816,0.10220865555235327,4,numeric__ambient_temperature_c,MODEL_DRIVER_AMBIENT_TEMPERATURE_C,0.0014117215081227714,0.31918893766307954
SH-MC-09-2025061708,0.10017428072312633,1,numeric__cumulative_operating_hours,MODEL_DRIVER_CUMULATIVE_OPERATING_HOURS,0.02451732402363104,1.7863204847505465
SH-MC-09-2025061708,0.10017428072312633,2,numeric__failures_last_30d,RECENT_FAILURE_HISTORY,0.005512220393961393,-0.2954026141905654
SH-MC-09-2025061708,0.10017428072312633,3,numeric__machine_age_years,MODEL_DRIVER_MACHINE_AGE_YEARS,0.003737599328922141,1.2247448713915892
SH-MC-09-2025061708,0.10017428072312633,4,categorical__machine_type_Filler,MACHINE_TYPE_EFFECT,0.002068085976520205,1.0
SH-MC-04-2025030416,0.09965640765118222,1,numeric__failures_last_30d,RECENT_FAILURE_HISTORY,0.0035040776554539463,-0.2954026141905654
SH-MC-04-2025030416,0.09965640765118222,2,numeric__vibration_rms,HIGH_VIBRATION_PATTERN,0.0015683147444916585,0.46734860860400973
SH-MC-04-2025030416,0.09965640765118222,3,categorical__product_id_PRD-D,PRODUCT_MIX_EFFECT,0.0014934382950159515,0.0
SH-MC-04-2025030416,0.09965640765118222,4,categorical__product_id_PRD-B,PRODUCT_MIX_EFFECT,0.0011901951449554353,1.0
SH-MC-01-2025052600,0.09859112585680263,1,numeric__pressure_bar,PRESSURE_DEVIATION,0.015261393023498764,-0.6247094351762447
SH-MC-01-2025052600,0.09859112585680263,2,numeric__failures_last_30d,RECENT_FAILURE_HISTORY,0.005683551315114943,-0.2954026141905654
SH-MC-01-2025052600,0.09859112585680263,3,numeric__cumulative_operating_hours,MODEL_DRIVER_CUMULATIVE_OPERATING_HOURS,0.003792969438977492,0.47245647438792177
SH-MC-01-2025052600,0.09859112585680263,4,categorical__machine_type_Press,MACHINE_TYPE_EFFECT,0.0025830999895757214,0.0
SH-MC-06-2025041516,0.0977723298668139,1,numeric__cumulative_operating_hours,MODEL_DRIVER_CUMULATIVE_OPERATING_HOURS,0.02907557463110012,1.6726656516111906
SH-MC-06-2025041516,0.0977723298668139,2,numeric__downtime_last_7d_min,RECENT_DOWNTIME_BURDEN,0.014066377484735312,-0.1670928557697271
SH-MC-06-2025041516,0.0977723298668139,3,numeric__machine_age_years,MODEL_DRIVER_MACHINE_AGE_YEARS,0.006475936978737678,1.2247448713915892
SH-MC-06-2025041516,0.0977723298668139,4,numeric__failures_last_30d,RECENT_FAILURE_HISTORY,0.005774025857097312,-0.2954026141905654
SH-MC-07-2025032216,0.09751505365825193,1,categorical__machine_id_MC-07,MACHINE_BASELINE_EFFECT,0.007180758651367309,1.0
SH-MC-07-2025032216,0.09751505365825193,2,categorical__product_id_PRD-D,PRODUCT_MIX_EFFECT,0.00444422843146917,0.0
SH-MC-07-2025032216,0.09751505365825193,3,numeric__criticality,ASSET_CRITICALITY,0.003653401004488205,1.224744871391589
SH-MC-07-2025032216,0.09751505365825193,4,categorical__product_id_PRD-B,PRODUCT_MIX_EFFECT,0.0033904709230150173,1.0
SH-MC-01-2025030300,0.09700097791103256,1,categorical__machine_type_Press,MACHINE_TYPE_EFFECT,0.005369295951585692,0.0
SH-MC-01-2025030300,0.09700097791103256,2,categorical__product_id_PRD-B,PRODUCT_MIX_EFFECT,0.00435758987055653,1.0
SH-MC-01-2025030300,0.09700097791103256,3,numeric__downtime_last_7d_min,RECENT_DOWNTIME_BURDEN,0.0034344694270104273,-0.0319556216004956
SH-MC-01-2025030300,0.09700097791103256,4,categorical__product_id_PRD-D,PRODUCT_MIX_EFFECT,0.003072577524451671,0.0
SH-MC-12-2025032900,0.0967042377907114,1,numeric__cumulative_operating_hours,MODEL_DRIVER_CUMULATIVE_OPERATING_HOURS,0.027036423553347094,1.6999325751973775
SH-MC-12-2025032900,0.0967042377907114,2,numeric__downtime_last_7d_min,RECENT_DOWNTIME_BURDEN,0.014792086250876888,-0.5882998304357975
SH-MC-12-2025032900,0.0967042377907114,3,categorical__machine_type_Press,MACHINE_TYPE_EFFECT,0.0054460535409479776,0.0
SH-MC-12-2025032900,0.0967042377907114,4,numeric__machine_age_years,MODEL_DRIVER_MACHINE_AGE_YEARS,0.00532386616328756,1.2247448713915892
SH-MC-03-2025052308,0.09598597875225306,1,numeric__cumulative_operating_hours,MODEL_DRIVER_CUMULATIVE_OPERATING_HOURS,0.026857752266407176,1.6984417226758066
SH-MC-03-2025052308,0.09598597875225306,2,numeric__downtime_last_7d_min,RECENT_DOWNTIME_BURDEN,0.008810081188139076,-0.12293337408587736
SH-MC-03-2025052308,0.09598597875225306,3,numeric__failures_last_30d,RECENT_FAILURE_HISTORY,0.006646040661260311,-0.2954026141905654
SH-MC-03-2025052308,0.09598597875225306,4,numeric__machine_age_years,MODEL_DRIVER_MACHINE_AGE_YEARS,0.006328369778701426,1.2247448713915892
SH-MC-09-2025052708,0.09592505724664963,1,numeric__cumulative_operating_hours,MODEL_DRIVER_CUMULATIVE_OPERATING_HOURS,0.02660329968993188,1.7572078207346704
SH-MC-09-2025052708,0.09592505724664963,2,numeric__downtime_last_7d_min,RECENT_DOWNTIME_BURDEN,0.01910068192271443,-0.8135579355159552
SH-MC-09-2025052708,0.09592505724664963,3,numeric__machine_age_years,MODEL_DRIVER_MACHINE_AGE_YEARS,0.00572846404172659,1.2247448713915892
SH-MC-09-2025052708,0.09592505724664963,4,categorical__product_id_PRD-A,PRODUCT_MIX_EFFECT,0.0052236490107931185,1.0
SH-MC-03-2025030608,0.09487810357487526,1,numeric__cumulative_operating_hours,MODEL_DRIVER_CUMULATIVE_OPERATING_HOURS,0.017029086965423195,1.5898270138665547
SH-MC-03-2025030608,0.09487810357487526,2,categorical__machine_id_MC-03,MACHINE_BASELINE_EFFECT,0.014587710456435983,1.0
SH-MC-03-2025030608,0.09487810357487526,3,categorical__product_id_PRD-B,PRODUCT_MIX_EFFECT,0.010150685428362166,1.0
SH-MC-03-2025030608,0.09487810357487526,4,numeric__criticality,ASSET_CRITICALITY,0.0060437168134736515,1.224744871391589
SH-MC-02-2025041108,0.09458671440853299,1,numeric__failures_last_30d,RECENT_FAILURE_HISTORY,0.005291406919794403,-0.2954026141905654
SH-MC-02-2025041108,0.09458671440853299,2,categorical__product_id_PRD-D,PRODUCT_MIX_EFFECT,0.0033417192349833678,0.0
SH-MC-02-2025041108,0.09458671440853299,3,numeric__ambient_temperature_c,MODEL_DRIVER_AMBIENT_TEMPERATURE_C,0.0021921021442447425,0.39515787495535987
SH-MC-02-2025041108,0.09458671440853299,4,numeric__ambient_humidity_pct,MODEL_DRIVER_AMBIENT_HUMIDITY_PCT,0.0007417104110103895,-0.3266099697342742
SH-MC-12-2025050600,0.09399222368119091,1,numeric__cumulative_operating_hours,MODEL_DRIVER_CUMULATIVE_OPERATING_HOURS,0.021287675094197923,1.7525709693095892
SH-MC-12-2025050600,0.09399222368119091,2,categorical__product_id_PRD-A,PRODUCT_MIX_EFFECT,0.005771075265785537,1.0
SH-MC-12-2025050600,0.09399222368119091,3,numeric__defect_rate_lag_1,MODEL_DRIVER_DEFECT_RATE_LAG_1,0.005067865365567344,0.5607304479796319
SH-MC-12-2025050600,0.09399222368119091,4,numeric__criticality,ASSET_CRITICALITY,0.004993350595365109,1.224744871391589
SH-MC-03-2025060500,0.09368951588561317,1,numeric__cumulative_operating_hours,MODEL_DRIVER_CUMULATIVE_OPERATING_HOURS,0.021080140567987096,1.71597926899185
SH-MC-03-2025060500,0.09368951588561317,2,numeric__downtime_last_7d_min,RECENT_DOWNTIME_BURDEN,0.014800622672176918,-0.5944521828849699
SH-MC-03-2025060500,0.09368951588561317,3,categorical__machine_id_MC-03,MACHINE_BASELINE_EFFECT,0.006003754270433617,1.0
SH-MC-03-2025060500,0.09368951588561317,4,numeric__machine_age_years,MODEL_DRIVER_MACHINE_AGE_YEARS,0.00467549628458807,1.2247448713915892
SH-MC-10-2025052900,0.09240394755949977,1,numeric__hours_since_maintenance,MAINTENANCE_INTERVAL_EXCEEDED,0.008823527008761814,0.4560129684922507
SH-MC-10-2025052900,0.09240394755949977,2,numeric__changeover_count,MODEL_DRIVER_CHANGEOVER_COUNT,0.0024130712718099974,2.231166105376518
SH-MC-10-2025052900,0.09240394755949977,3,categorical__product_id_PRD-D,PRODUCT_MIX_EFFECT,0.0023931518057769795,0.0
SH-MC-10-2025052900,0.09240394755949977,4,categorical__machine_type_Press,MACHINE_TYPE_EFFECT,0.0019147419255571166,0.0
SH-MC-03-2025041916,0.09221745328848067,1,numeric__cumulative_operating_hours,MODEL_DRIVER_CUMULATIVE_OPERATING_HOURS,0.0215086283958146,1.6516120363729725
SH-MC-03-2025041916,0.09221745328848067,2,numeric__downtime_last_7d_min,RECENT_DOWNTIME_BURDEN,0.016748840952612577,-0.6186146117629183
SH-MC-03-2025041916,0.09221745328848067,3,numeric__machine_age_years,MODEL_DRIVER_MACHINE_AGE_YEARS,0.007159628893032919,1.2247448713915892
SH-MC-03-2025041916,0.09221745328848067,4,categorical__machine_type_Press,MACHINE_TYPE_EFFECT,0.0046993011622674,0.0
SH-MC-10-2025030916,0.09199289231116077,1,numeric__current_amp,ELECTRICAL_LOAD_STRESS,0.013946736420971832,1.7880329733150604
SH-MC-10-2025030916,0.09199289231116077,2,categorical__product_id_PRD-B,PRODUCT_MIX_EFFECT,0.008055035391417336,1.0
SH-MC-10-2025030916,0.09199289231116077,3,numeric__failures_last_30d,RECENT_FAILURE_HISTORY,0.003391331770075436,-0.2954026141905654
SH-MC-10-2025030916,0.09199289231116077,4,categorical__product_id_PRD-D,PRODUCT_MIX_EFFECT,0.0026736864404424336,0.0
SH-MC-06-2025062800,0.09181863196818667,1,numeric__cumulative_operating_hours,MODEL_DRIVER_CUMULATIVE_OPERATING_HOURS,0.028870973339576077,1.7745907768386422
SH-MC-06-2025062800,0.09181863196818667,2,numeric__failures_last_30d,RECENT_FAILURE_HISTORY,0.008716762334707653,-0.2954026141905654
SH-MC-06-2025062800,0.09181863196818667,3,numeric__downtime_last_7d_min,RECENT_DOWNTIME_BURDEN,0.006925519488172867,-0.4013513228620295
SH-MC-06-2025062800,0.09181863196818667,4,categorical__machine_type_Filler,MACHINE_TYPE_EFFECT,0.006258161600918809,1.0
SH-MC-04-2025050800,0.0917713051327461,1,numeric__downtime_last_7d_min,RECENT_DOWNTIME_BURDEN,0.024672022456271942,-1.3770913603221906
SH-MC-04-2025050800,0.0917713051327461,2,numeric__vibration_rms,HIGH_VIBRATION_PATTERN,0.002554454280112679,0.5373134962900658
SH-MC-04-2025050800,0.0917713051327461,3,categorical__machine_type_Press,MACHINE_TYPE_EFFECT,0.002433366302041896,0.0
SH-MC-04-2025050800,0.0917713051327461,4,numeric__machine_age_years,MODEL_DRIVER_MACHINE_AGE_YEARS,0.0020959853075227753,0.0
SH-MC-11-2025041100,0.09132799722175738,1,numeric__current_amp,ELECTRICAL_LOAD_STRESS,0.009015934186849208,1.0642203037959126
SH-MC-11-2025041100,0.09132799722175738,2,numeric__downtime_last_7d_min,RECENT_DOWNTIME_BURDEN,0.003771310393656099,-0.5395729664935948
SH-MC-11-2025041100,0.09132799722175738,3,numeric__ambient_temperature_c,MODEL_DRIVER_AMBIENT_TEMPERATURE_C,0.0017362802719408912,0.39515787495535987
SH-MC-11-2025041100,0.09132799722175738,4,categorical__machine_id_MC-11,MACHINE_BASELINE_EFFECT,0.0014060057665247253,1.0
SH-MC-07-2025031816,0.09093209455714094,1,categorical__machine_id_MC-07,MACHINE_BASELINE_EFFECT,0.005953728093891295,1.0
SH-MC-07-2025031816,0.09093209455714094,2,numeric__criticality,ASSET_CRITICALITY,0.005286408136489502,1.224744871391589
SH-MC-07-2025031816,0.09093209455714094,3,numeric__failures_last_30d,RECENT_FAILURE_HISTORY,0.0036013592718797654,-0.2954026141905654
SH-MC-07-2025031816,0.09093209455714094,4,categorical__machine_type_Press,MACHINE_TYPE_EFFECT,0.002493884733460523,0.0
SH-MC-12-2025032816,0.09035534439058773,1,numeric__cumulative_operating_hours,MODEL_DRIVER_CUMULATIVE_OPERATING_HOURS,0.02265888912414234,1.6994588863616367
SH-MC-12-2025032816,0.09035534439058773,2,numeric__machine_age_years,MODEL_DRIVER_MACHINE_AGE_YEARS,0.007488703105251281,1.2247448713915892
SH-MC-12-2025032816,0.09035534439058773,3,numeric__downtime_last_7d_min,RECENT_DOWNTIME_BURDEN,0.007165623292645513,-0.47650971741394643
SH-MC-12-2025032816,0.09035534439058773,4,categorical__machine_type_Press,MACHINE_TYPE_EFFECT,0.005465689576074838,0.0
SH-MC-09-2025050408,0.09011191562392872,1,numeric__cumulative_operating_hours,MODEL_DRIVER_CUMULATIVE_OPERATING_HOURS,0.027949420419490615,1.7253278015476128
SH-MC-09-2025050408,0.09011191562392872,2,numeric__machine_age_years,MODEL_DRIVER_MACHINE_AGE_YEARS,0.00788385375254489,1.2247448713915892
SH-MC-09-2025050408,0.09011191562392872,3,categorical__product_id_PRD-A,PRODUCT_MIX_EFFECT,0.006682015654369221,1.0
SH-MC-09-2025050408,0.09011191562392872,4,categorical__machine_type_Filler,MACHINE_TYPE_EFFECT,0.005934480137118579,1.0
SH-MC-09-2025050316,0.08840264140964306,1,numeric__cumulative_operating_hours,MODEL_DRIVER_CUMULATIVE_OPERATING_HOURS,0.02824147150498648,1.7243804238761313
SH-MC-09-2025050316,0.08840264140964306,2,categorical__product_id_PRD-A,PRODUCT_MIX_EFFECT,0.007631908233754274,1.0
SH-MC-09-2025050316,0.08840264140964306,3,numeric__machine_age_years,MODEL_DRIVER_MACHINE_AGE_YEARS,0.006112254053481807,1.2247448713915892
SH-MC-09-2025050316,0.08840264140964306,4,categorical__machine_type_Press,MACHINE_TYPE_EFFECT,0.004978650373657827,0.0
SH-MC-06-2025051100,0.08803616244987443,1,numeric__cumulative_operating_hours,MODEL_DRIVER_CUMULATIVE_OPERATING_HOURS,0.027146042197282286,1.707772535056392
SH-MC-06-2025051100,0.08803616244987443,2,numeric__downtime_last_7d_min,RECENT_DOWNTIME_BURDEN,0.010576421500396926,-0.19769485584808277
SH-MC-06-2025051100,0.08803616244987443,3,numeric__machine_age_years,MODEL_DRIVER_MACHINE_AGE_YEARS,0.0041863202217396365,1.2247448713915892
SH-MC-06-2025051100,0.08803616244987443,4,categorical__machine_type_Press,MACHINE_TYPE_EFFECT,0.003886436116709696,0.0
SH-MC-09-2025062400,0.08764167301993138,1,numeric__cumulative_operating_hours,MODEL_DRIVER_CUMULATIVE_OPERATING_HOURS,0.01635785441532498,1.7955843875576554
SH-MC-09-2025062400,0.08764167301993138,2,numeric__machine_age_years,MODEL_DRIVER_MACHINE_AGE_YEARS,0.006347192067300286,1.2247448713915892
SH-MC-09-2025062400,0.08764167301993138,3,categorical__machine_type_Press,MACHINE_TYPE_EFFECT,0.003723331546790474,0.0
SH-MC-09-2025062400,0.08764167301993138,4,categorical__machine_type_Filler,MACHINE_TYPE_EFFECT,0.0030147110467949796,1.0
SH-MC-06-2025031108,0.08749713493306721,1,numeric__cumulative_operating_hours,MODEL_DRIVER_CUMULATIVE_OPERATING_HOURS,0.023918284250387577,1.6235689498892374
SH-MC-06-2025031108,0.08749713493306721,2,numeric__downtime_last_7d_min,RECENT_DOWNTIME_BURDEN,0.020618030606834994,-0.6375764279725452
SH-MC-06-2025031108,0.08749713493306721,3,numeric__machine_age_years,MODEL_DRIVER_MACHINE_AGE_YEARS,0.007611406074972572,1.2247448713915892
SH-MC-06-2025031108,0.08749713493306721,4,numeric__failures_last_30d,RECENT_FAILURE_HISTORY,0.004649528027482752,-0.2954026141905654
SH-MC-08-2025050800,0.0873918053973633,1,categorical__product_id_PRD-B,PRODUCT_MIX_EFFECT,0.007551459568324785,1.0
SH-MC-08-2025050800,0.0873918053973633,2,numeric__failures_last_30d,RECENT_FAILURE_HISTORY,0.0031473555464599495,-0.2954026141905654
SH-MC-08-2025050800,0.0873918053973633,3,categorical__product_id_PRD-D,PRODUCT_MIX_EFFECT,0.0024835603978565096,0.0
SH-MC-08-2025050800,0.0873918053973633,4,categorical__machine_id_MC-02,MACHINE_BASELINE_EFFECT,0.0005576248138642901,0.0
SH-MC-06-2025031716,0.08732870967513796,1,numeric__cumulative_operating_hours,MODEL_DRIVER_CUMULATIVE_OPERATING_HOURS,0.0260447258613094,1.6323663991002495
SH-MC-06-2025031716,0.08732870967513796,2,numeric__downtime_last_7d_min,RECENT_DOWNTIME_BURDEN,0.00599152140918033,-0.10109220123076458
SH-MC-06-2025031716,0.08732870967513796,3,numeric__machine_age_years,MODEL_DRIVER_MACHINE_AGE_YEARS,0.005989471208031303,1.2247448713915892
SH-MC-06-2025031716,0.08732870967513796,4,categorical__machine_type_Press,MACHINE_TYPE_EFFECT,0.005092949159129771,0.0
SH-MC-03-2025050800,0.08653830631460045,1,numeric__cumulative_operating_hours,MODEL_DRIVER_CUMULATIVE_OPERATING_HOURS,0.03269034443374668,1.6771336682330338
SH-MC-03-2025050800,0.08653830631460045,2,numeric__machine_age_years,MODEL_DRIVER_MACHINE_AGE_YEARS,0.005451518184046545,1.2247448713915892
SH-MC-03-2025050800,0.08653830631460045,3,categorical__machine_type_Press,MACHINE_TYPE_EFFECT,0.004707864060358588,0.0
SH-MC-03-2025050800,0.08653830631460045,4,categorical__product_id_PRD-D,PRODUCT_MIX_EFFECT,0.003808260243608308,0.0
SH-MC-05-2025051108,0.08567102243483825,1,numeric__downtime_last_7d_min,RECENT_DOWNTIME_BURDEN,0.021142705227641084,-0.6006712637721598
SH-MC-05-2025051108,0.08567102243483825,2,numeric__vibration_rms,HIGH_VIBRATION_PATTERN,0.006130719046062915,0.6383843560128064
SH-MC-05-2025051108,0.08567102243483825,3,categorical__product_id_PRD-A,PRODUCT_MIX_EFFECT,0.0035666595073080083,1.0
SH-MC-05-2025051108,0.08567102243483825,4,categorical__product_id_PRD-D,PRODUCT_MIX_EFFECT,0.002884881375265862,0.0
SH-MC-07-2025030500,0.08531862240565961,1,categorical__machine_id_MC-07,MACHINE_BASELINE_EFFECT,0.007748166543114353,1.0
SH-MC-07-2025030500,0.08531862240565961,2,numeric__criticality,ASSET_CRITICALITY,0.006082060508712413,1.224744871391589
SH-MC-07-2025030500,0.08531862240565961,3,categorical__product_id_PRD-D,PRODUCT_MIX_EFFECT,0.003896240063272564,0.0
SH-MC-07-2025030500,0.08531862240565961,4,categorical__machine_type_Press,MACHINE_TYPE_EFFECT,0.003554372937982901,0.0
SH-MC-10-2025060900,0.08525402820806806,1,numeric__downtime_last_7d_min,RECENT_DOWNTIME_BURDEN,0.01185542395237666,-0.49099019558322027
SH-MC-10-2025060900,0.08525402820806806,2,categorical__machine_type_Press,MACHINE_TYPE_EFFECT,0.0057663934129153546,0.0
SH-MC-10-2025060900,0.08525402820806806,3,numeric__cumulative_operating_hours,MODEL_DRIVER_CUMULATIVE_OPERATING_HOURS,0.0020153642766327262,0.5697210865203324
SH-MC-10-2025060900,0.08525402820806806,4,categorical__machine_type_CNC,MACHINE_TYPE_EFFECT,0.0013887888014228278,1.0
SH-MC-10-2025052800,0.08514843429573027,1,categorical__product_id_PRD-B,PRODUCT_MIX_EFFECT,0.003176521694671074,1.0
SH-MC-10-2025052800,0.08514843429573027,2,numeric__cumulative_operating_hours,MODEL_DRIVER_CUMULATIVE_OPERATING_HOURS,0.0030483111399995516,0.552991715165509
SH-MC-10-2025052800,0.08514843429573027,3,categorical__machine_type_Press,MACHINE_TYPE_EFFECT,0.002983062178431068,0.0
SH-MC-10-2025052800,0.08514843429573027,4,categorical__product_id_PRD-D,PRODUCT_MIX_EFFECT,0.0024566879513658545,0.0
SH-MC-01-2025040800,0.085011821620211,1,categorical__machine_type_Press,MACHINE_TYPE_EFFECT,0.004542864392600679,0.0
SH-MC-01-2025040800,0.085011821620211,2,categorical__machine_type_CNC,MACHINE_TYPE_EFFECT,0.0020159495349626523,1.0
SH-MC-01-2025040800,0.085011821620211,3,numeric__cumulative_operating_hours,MODEL_DRIVER_CUMULATIVE_OPERATING_HOURS,0.00193940636778174,0.4059188793302188
SH-MC-01-2025040800,0.085011821620211,4,numeric__machine_age_years,MODEL_DRIVER_MACHINE_AGE_YEARS,0.0014277493976653953,0.0
SH-MC-04-2025033016,0.08489181928924901,1,categorical__machine_type_Press,MACHINE_TYPE_EFFECT,0.0030769819007768185,0.0
SH-MC-04-2025033016,0.08489181928924901,2,numeric__failures_last_30d,RECENT_FAILURE_HISTORY,0.00243926922773701,-0.2954026141905654
SH-MC-04-2025033016,0.08489181928924901,3,categorical__product_id_PRD-D,PRODUCT_MIX_EFFECT,0.0022943202613228903,0.0
SH-MC-04-2025033016,0.08489181928924901,4,numeric__cumulative_operating_hours,MODEL_DRIVER_CUMULATIVE_OPERATING_HOURS,0.0018826333738202656,0.4201809958137615
SH-MC-07-2025060508,0.08477222109499771,1,categorical__machine_id_MC-07,MACHINE_BASELINE_EFFECT,0.014844686526516819,1.0
SH-MC-07-2025060508,0.08477222109499771,2,numeric__hours_since_maintenance,MAINTENANCE_INTERVAL_EXCEEDED,0.01151033533866478,0.30660595341111896
SH-MC-07-2025060508,0.08477222109499771,3,numeric__criticality,ASSET_CRITICALITY,0.0052688547488456815,1.224744871391589
SH-MC-07-2025060508,0.08477222109499771,4,categorical__machine_type_Press,MACHINE_TYPE_EFFECT,0.0018192366127309366,0.0
SH-MC-05-2025050300,0.08473532960266571,1,categorical__product_id_PRD-D,PRODUCT_MIX_EFFECT,0.003387886902617826,0.0
SH-MC-05-2025050300,0.08473532960266571,2,numeric__criticality,ASSET_CRITICALITY,0.0029248517579698765,1.224744871391589
SH-MC-05-2025050300,0.08473532960266571,3,numeric__changeover_count,MODEL_DRIVER_CHANGEOVER_COUNT,0.0026636022264524984,2.231166105376518
SH-MC-05-2025050300,0.08473532960266571,4,categorical__product_id_PRD-A,PRODUCT_MIX_EFFECT,0.0018406608399781992,1.0
SH-MC-06-2025042916,0.08469672006333964,1,numeric__cumulative_operating_hours,MODEL_DRIVER_CUMULATIVE_OPERATING_HOURS,0.03010568900173999,1.6920142919556898
SH-MC-06-2025042916,0.08469672006333964,2,categorical__machine_id_MC-06,MACHINE_BASELINE_EFFECT,0.004103114766688469,1.0
SH-MC-06-2025042916,0.08469672006333964,3,numeric__machine_age_years,MODEL_DRIVER_MACHINE_AGE_YEARS,0.004018419705329658,1.2247448713915892
SH-MC-06-2025042916,0.08469672006333964,4,categorical__machine_type_Press,MACHINE_TYPE_EFFECT,0.0032072516980060505,0.0
SH-MC-09-2025060208,0.08468212022258054,1,numeric__pressure_bar,PRESSURE_DEVIATION,0.027377387369046578,-0.7283240556780991
SH-MC-09-2025060208,0.08468212022258054,2,numeric__cumulative_operating_hours,MODEL_DRIVER_CUMULATIVE_OPERATING_HOURS,0.012811768033055176,1.7654734338689093
SH-MC-09-2025060208,0.08468212022258054,3,categorical__machine_type_Filler,MACHINE_TYPE_EFFECT,0.00337844186702789,1.0
SH-MC-09-2025060208,0.08468212022258054,4,categorical__machine_type_Press,MACHINE_TYPE_EFFECT,0.0017293113259204047,0.0
SH-MC-07-2025040300,0.08458567992892692,1,numeric__downtime_last_7d_min,RECENT_DOWNTIME_BURDEN,0.012455820432204888,-0.4970982424124533
SH-MC-07-2025040300,0.08458567992892692,2,categorical__machine_id_MC-07,MACHINE_BASELINE_EFFECT,0.005395272312013212,1.0
SH-MC-07-2025040300,0.08458567992892692,3,categorical__machine_type_Press,MACHINE_TYPE_EFFECT,0.004174136883901105,0.0
SH-MC-07-2025040300,0.08458567992892692,4,numeric__criticality,ASSET_CRITICALITY,0.0032339155882618095,1.224744871391589
SH-MC-12-2025031616,0.08442257608964072,1,numeric__downtime_last_7d_min,RECENT_DOWNTIME_BURDEN,0.024280107759988644,-0.708937795472399
SH-MC-12-2025031616,0.08442257608964072,2,numeric__cumulative_operating_hours,MODEL_DRIVER_CUMULATIVE_OPERATING_HOURS,0.020187296103471017,1.6827724411210139
SH-MC-12-2025031616,0.08442257608964072,3,numeric__machine_age_years,MODEL_DRIVER_MACHINE_AGE_YEARS,0.006521466335263272,1.2247448713915892
SH-MC-12-2025031616,0.08442257608964072,4,numeric__criticality,ASSET_CRITICALITY,0.004133969973810036,1.224744871391589
SH-MC-06-2025052016,0.08437321971225754,1,numeric__cumulative_operating_hours,MODEL_DRIVER_CUMULATIVE_OPERATING_HOURS,0.026390543704999773,1.721344424893997
SH-MC-06-2025052016,0.08437321971225754,2,numeric__downtime_last_7d_min,RECENT_DOWNTIME_BURDEN,0.02582165621524076,-1.3669638639692685
SH-MC-06-2025052016,0.08437321971225754,3,numeric__vibration_rolling_3,SUSTAINED_VIBRATION,0.006610607066666652,1.5910521215568814
SH-MC-06-2025052016,0.08437321971225754,4,categorical__machine_type_Press,MACHINE_TYPE_EFFECT,0.003527137179957109,0.0
SH-MC-01-2025062908,0.08379360585911896,1,numeric__downtime_last_7d_min,RECENT_DOWNTIME_BURDEN,0.006591356348985603,-0.3475501676007351
SH-MC-01-2025062908,0.08379360585911896,2,categorical__machine_type_Press,MACHINE_TYPE_EFFECT,0.004152355706074345,0.0
SH-MC-01-2025062908,0.08379360585911896,3,numeric__cumulative_operating_hours,MODEL_DRIVER_CUMULATIVE_OPERATING_HOURS,0.004041453599586003,0.5202083300206205
SH-MC-01-2025062908,0.08379360585911896,4,categorical__product_id_PRD-A,PRODUCT_MIX_EFFECT,0.002303755858034757,1.0
SH-MC-04-2025062300,0.08334510964251783,1,numeric__failures_last_30d,RECENT_FAILURE_HISTORY,0.008590829580242317,-0.2954026141905654
SH-MC-04-2025062300,0.08334510964251783,2,numeric__cumulative_operating_hours,MODEL_DRIVER_CUMULATIVE_OPERATING_HOURS,0.0032343361157856185,0.5371712697565602
SH-MC-04-2025062300,0.08334510964251783,3,categorical__machine_type_Press,MACHINE_TYPE_EFFECT,0.0029675299826420576,0.0
SH-MC-04-2025062300,0.08334510964251783,4,categorical__product_id_PRD-A,PRODUCT_MIX_EFFECT,0.002716135271420111,1.0
SH-MC-10-2025051608,0.08300696174949397,1,numeric__failures_last_30d,RECENT_FAILURE_HISTORY,0.0054572069456963485,-0.2954026141905654
SH-MC-10-2025051608,0.08300696174949397,2,categorical__machine_type_Press,MACHINE_TYPE_EFFECT,0.0033668249204728733,0.0
SH-MC-10-2025051608,0.08300696174949397,3,numeric__cumulative_operating_hours,MODEL_DRIVER_CUMULATIVE_OPERATING_HOURS,0.0016160523763330509,0.536812759578542
SH-MC-10-2025051608,0.08300696174949397,4,categorical__machine_type_CNC,MACHINE_TYPE_EFFECT,0.0009104439886854775,1.0
SH-MC-01-2025032516,0.08160153294216807,1,numeric__temperature_c,THERMAL_STRESS,0.007170114252546967,0.4437910205770159
SH-MC-01-2025032516,0.08160153294216807,2,numeric__failures_last_30d,RECENT_FAILURE_HISTORY,0.0063760345680041195,-0.2954026141905654
SH-MC-01-2025032516,0.08160153294216807,3,categorical__product_id_PRD-D,PRODUCT_MIX_EFFECT,0.003200901645645405,0.0
SH-MC-01-2025032516,0.08160153294216807,4,categorical__machine_type_Press,MACHINE_TYPE_EFFECT,0.0017724525913603278,0.0
SH-MC-02-2025062408,0.08087753413492058,1,numeric__downtime_last_7d_min,RECENT_DOWNTIME_BURDEN,0.03060412974189038,-1.0445341353301376
SH-MC-02-2025062408,0.08087753413492058,2,categorical__machine_id_MC-02,MACHINE_BASELINE_EFFECT,0.0015968785300626892,1.0
SH-MC-02-2025062408,0.08087753413492058,3,categorical__product_id_PRD-C,PRODUCT_MIX_EFFECT,0.00040487575102503623,0.0
SH-MC-02-2025062408,0.08087753413492058,4,categorical__shift_C,SHIFT_PATTERN,0.00039284565365987775,0.0
SH-MC-08-2025061100,0.08070490291657753,1,numeric__vibration_rms,HIGH_VIBRATION_PATTERN,0.01428634558243172,0.42142973433661257
SH-MC-08-2025061100,0.08070490291657753,2,numeric__defect_rate_lag_1,MODEL_DRIVER_DEFECT_RATE_LAG_1,0.004782461086273325,0.30100043936820897
SH-MC-08-2025061100,0.08070490291657753,3,numeric__ambient_temperature_c,MODEL_DRIVER_AMBIENT_TEMPERATURE_C,0.0009997778134487152,1.2189974002685653
SH-MC-08-2025061100,0.08070490291657753,4,categorical__product_id_PRD-D,PRODUCT_MIX_EFFECT,0.0009326115770577097,0.0
SH-MC-12-2025031008,0.08040296480366992,1,numeric__cumulative_operating_hours,MODEL_DRIVER_CUMULATIVE_OPERATING_HOURS,0.02047273298208407,1.6739273258068534
SH-MC-12-2025031008,0.08040296480366992,2,categorical__product_id_PRD-A,PRODUCT_MIX_EFFECT,0.005794090740164574,1.0
SH-MC-12-2025031008,0.08040296480366992,3,numeric__machine_age_years,MODEL_DRIVER_MACHINE_AGE_YEARS,0.0052144420976548865,1.2247448713915892
SH-MC-12-2025031008,0.08040296480366992,4,categorical__product_id_PRD-D,PRODUCT_MIX_EFFECT,0.003766327987655762,0.0
SH-MC-01-2025032508,0.08018619336091716,1,numeric__failures_last_30d,RECENT_FAILURE_HISTORY,0.005727749918740752,-0.2954026141905654
SH-MC-01-2025032508,0.08018619336091716,2,numeric__pressure_bar,PRESSURE_DEVIATION,0.004409849509548969,-0.5304783364990446
SH-MC-01-2025032508,0.08018619336091716,3,categorical__machine_type_Press,MACHINE_TYPE_EFFECT,0.003597126684719009,0.0
SH-MC-01-2025032508,0.08018619336091716,4,categorical__product_id_PRD-D,PRODUCT_MIX_EFFECT,0.0032148182574700994,0.0
SH-MC-06-2025042208,0.08012207166525558,1,numeric__cumulative_operating_hours,MODEL_DRIVER_CUMULATIVE_OPERATING_HOURS,0.01973911045855608,1.6819290397227273
SH-MC-06-2025042208,0.08012207166525558,2,numeric__machine_age_years,MODEL_DRIVER_MACHINE_AGE_YEARS,0.0049383812376947575,1.2247448713915892
SH-MC-06-2025042208,0.08012207166525558,3,categorical__machine_type_Press,MACHINE_TYPE_EFFECT,0.0040106058421674855,0.0
SH-MC-06-2025042208,0.08012207166525558,4,categorical__machine_id_MC-01,MACHINE_BASELINE_EFFECT,0.0006576528565889823,0.0
SH-MC-10-2025052216,0.0800684682395776,1,numeric__lubrication_index,LOW_LUBRICATION_INDEX,0.020396026256147365,-0.669504680192643
SH-MC-10-2025052216,0.0800684682395776,2,numeric__failures_last_30d,RECENT_FAILURE_HISTORY,0.003711380321845627,-0.2954026141905654
SH-MC-10-2025052216,0.0800684682395776,3,categorical__product_id_PRD-D,PRODUCT_MIX_EFFECT,0.0032704670544508726,0.0
SH-MC-10-2025052216,0.0800684682395776,4,categorical__machine_type_Press,MACHINE_TYPE_EFFECT,0.001878311192084317,0.0
SH-MC-06-2025061408,0.07991538860466607,1,numeric__cumulative_operating_hours,MODEL_DRIVER_CUMULATIVE_OPERATING_HOURS,0.022184687345278245,1.7555596623403487
SH-MC-06-2025061408,0.07991538860466607,2,numeric__failures_last_30d,RECENT_FAILURE_HISTORY,0.008420451377805437,-0.2954026141905654
SH-MC-06-2025061408,0.07991538860466607,3,numeric__machine_age_years,MODEL_DRIVER_MACHINE_AGE_YEARS,0.005619299889512472,1.2247448713915892
SH-MC-06-2025061408,0.07991538860466607,4,categorical__machine_type_Press,MACHINE_TYPE_EFFECT,0.00485562925096416,0.0
SH-MC-12-2025050608,0.07946971130298161,1,numeric__cumulative_operating_hours,MODEL_DRIVER_CUMULATIVE_OPERATING_HOURS,0.025215927609613498,1.7530446581453298
SH-MC-12-2025050608,0.07946971130298161,2,categorical__product_id_PRD-A,PRODUCT_MIX_EFFECT,0.00854694416640253,1.0
SH-MC-12-2025050608,0.07946971130298161,3,numeric__machine_age_years,MODEL_DRIVER_MACHINE_AGE_YEARS,0.005607202536865155,1.2247448713915892
SH-MC-12-2025050608,0.07946971130298161,4,numeric__criticality,ASSET_CRITICALITY,0.0037218245042165187,1.224744871391589
SH-MC-11-2025032808,0.07876232216057258,1,numeric__downtime_last_7d_min,RECENT_DOWNTIME_BURDEN,0.027862070205648768,-0.9592692541076929
SH-MC-11-2025032808,0.07876232216057258,2,categorical__product_id_PRD-D,PRODUCT_MIX_EFFECT,0.002926071697222505,0.0
SH-MC-11-2025032808,0.07876232216057258,3,categorical__product_id_PRD-A,PRODUCT_MIX_EFFECT,0.001846979762079122,1.0
SH-MC-11-2025032808,0.07876232216057258,4,categorical__shift_B,SHIFT_PATTERN,0.0012756308576479826,1.0
SH-MC-01-2025062800,0.07829822392061879,1,numeric__downtime_last_7d_min,RECENT_DOWNTIME_BURDEN,0.012100412887521051,-0.5028672162707152
SH-MC-01-2025062800,0.07829822392061879,2,categorical__product_id_PRD-A,PRODUCT_MIX_EFFECT,0.006041055807274587,1.0
SH-MC-01-2025062800,0.07829822392061879,3,numeric__cumulative_operating_hours,MODEL_DRIVER_CUMULATIVE_OPERATING_HOURS,0.004841880058993203,0.518343184455861
SH-MC-01-2025062800,0.07829822392061879,4,categorical__machine_type_Press,MACHINE_TYPE_EFFECT,0.0038034590245550966,0.0
SH-MC-03-2025032700,0.07790176359717657,1,numeric__cumulative_operating_hours,MODEL_DRIVER_CUMULATIVE_OPERATING_HOURS,0.017776167849564907,1.6186017164338744
SH-MC-03-2025032700,0.07790176359717657,2,numeric__vibration_rms,HIGH_VIBRATION_PATTERN,0.013320254854489403,0.5039954740496404
SH-MC-03-2025032700,0.07790176359717657,3,categorical__machine_id_MC-03,MACHINE_BASELINE_EFFECT,0.008327222440632607,1.0
SH-MC-03-2025032700,0.07790176359717657,4,numeric__criticality,ASSET_CRITICALITY,0.005392352868144964,1.224744871391589
SH-MC-03-2025050716,0.07644094089890356,1,numeric__cumulative_operating_hours,MODEL_DRIVER_CUMULATIVE_OPERATING_HOURS,0.02479799150564076,1.676659979397293
SH-MC-03-2025050716,0.07644094089890356,2,numeric__machine_age_years,MODEL_DRIVER_MACHINE_AGE_YEARS,0.007496698619564094,1.2247448713915892
SH-MC-03-2025050716,0.07644094089890356,3,categorical__product_id_PRD-A,PRODUCT_MIX_EFFECT,0.005375154521189813,1.0
SH-MC-03-2025050716,0.07644094089890356,4,categorical__machine_type_Press,MACHINE_TYPE_EFFECT,0.003998150642109945,0.0
SH-MC-11-2025040908,0.07527425770738636,1,categorical__product_id_PRD-D,PRODUCT_MIX_EFFECT,0.003126774970558286,0.0
SH-MC-11-2025040908,0.07527425770738636,2,numeric__downtime_last_7d_min,RECENT_DOWNTIME_BURDEN,0.0020987822923337913,-0.3510714166886922
SH-MC-11-2025040908,0.07527425770738636,3,categorical__line_id_LINE-A,MODEL_DRIVER_LINE_ID,0.0007250192879902119,0.0
SH-MC-11-2025040908,0.07527425770738636,4,categorical__shift_C,SHIFT_PATTERN,0.00048659182064591546,0.0
SH-MC-07-2025031700,0.07508459352546622,1,categorical__machine_id_MC-07,MACHINE_BASELINE_EFFECT,0.0061492504615546974,1.0
SH-MC-07-2025031700,0.07508459352546622,2,numeric__criticality,ASSET_CRITICALITY,0.005928082143336266,1.224744871391589
SH-MC-07-2025031700,0.07508459352546622,3,categorical__product_id_PRD-D,PRODUCT_MIX_EFFECT,0.003721204703764731,0.0
SH-MC-07-2025031700,0.07508459352546622,4,categorical__machine_type_Press,MACHINE_TYPE_EFFECT,0.003698867848900325,0.0
SH-MC-01-2025060900,0.07449414376008358,1,numeric__ambient_temperature_c,MODEL_DRIVER_AMBIENT_TEMPERATURE_C,0.01783538797796459,1.2189273414116761
SH-MC-01-2025060900,0.07449414376008358,2,categorical__machine_type_Press,MACHINE_TYPE_EFFECT,0.002563251878274464,0.0
SH-MC-01-2025060900,0.07449414376008358,3,numeric__temperature_c,THERMAL_STRESS,0.002197992931926115,0.36308986436059315
SH-MC-01-2025060900,0.07449414376008358,4,numeric__cumulative_operating_hours,MODEL_DRIVER_CUMULATIVE_OPERATING_HOURS,0.001640900299613423,0.49178227871341257
SH-MC-12-2025032108,0.0737980275331528,1,numeric__cumulative_operating_hours,MODEL_DRIVER_CUMULATIVE_OPERATING_HOURS,0.015286685497474486,1.6892283612197005
SH-MC-12-2025032108,0.0737980275331528,2,numeric__machine_age_years,MODEL_DRIVER_MACHINE_AGE_YEARS,0.005312188510831263,1.2247448713915892
SH-MC-12-2025032108,0.0737980275331528,3,categorical__machine_type_Press,MACHINE_TYPE_EFFECT,0.003780210099605228,0.0
SH-MC-12-2025032108,0.0737980275331528,4,categorical__product_id_PRD-D,PRODUCT_MIX_EFFECT,0.0035525943184129744,0.0
SH-MC-12-2025061208,0.07313849955085892,1,numeric__cumulative_operating_hours,MODEL_DRIVER_CUMULATIVE_OPERATING_HOURS,0.020733843049735856,1.8043747406948858
SH-MC-12-2025061208,0.07313849955085892,2,numeric__ambient_temperature_c,MODEL_DRIVER_AMBIENT_TEMPERATURE_C,0.010302232476162129,1.2182830388854977
SH-MC-12-2025061208,0.07313849955085892,3,numeric__criticality,ASSET_CRITICALITY,0.0056303474992677,1.224744871391589
SH-MC-12-2025061208,0.07313849955085892,4,categorical__machine_type_Filler,MACHINE_TYPE_EFFECT,0.003284195583261355,1.0
SH-MC-04-2025060116,0.07267406090077819,1,numeric__downtime_last_7d_min,RECENT_DOWNTIME_BURDEN,0.02213733304920061,-1.0865559628919843
SH-MC-04-2025060116,0.07267406090077819,2,numeric__cumulative_operating_hours,MODEL_DRIVER_CUMULATIVE_OPERATING_HOURS,0.002259040752058411,0.5075334798028047
SH-MC-04-2025060116,0.07267406090077819,3,categorical__machine_type_Press,MACHINE_TYPE_EFFECT,0.0014621014004664085,0.0
SH-MC-04-2025060116,0.07267406090077819,4,categorical__product_id_PRD-C,PRODUCT_MIX_EFFECT,0.0007128316517895514,0.0
SH-MC-07-2025060808,0.0726615215132333,1,numeric__criticality,ASSET_CRITICALITY,0.008431082223033603,1.224744871391589
SH-MC-07-2025060808,0.0726615215132333,2,categorical__product_id_PRD-A,PRODUCT_MIX_EFFECT,0.007121431657457764,1.0
SH-MC-07-2025060808,0.0726615215132333,3,categorical__machine_id_MC-07,MACHINE_BASELINE_EFFECT,0.0069928584650142045,1.0
SH-MC-07-2025060808,0.0726615215132333,4,numeric__downtime_last_7d_min,RECENT_DOWNTIME_BURDEN,0.004754078082907655,-0.21772475314975973
SH-MC-01-2025051900,0.07253750085288785,1,categorical__product_id_PRD-A,PRODUCT_MIX_EFFECT,0.005301029006376433,1.0
SH-MC-01-2025051900,0.07253750085288785,2,categorical__machine_type_Press,MACHINE_TYPE_EFFECT,0.003828623992890368,0.0
SH-MC-01-2025051900,0.07253750085288785,3,categorical__product_id_PRD-D,PRODUCT_MIX_EFFECT,0.0024681343362119986,0.0
SH-MC-01-2025051900,0.07253750085288785,4,numeric__changeover_count,MODEL_DRIVER_CHANGEOVER_COUNT,0.0023612038093462255,2.231166105376518
SH-MC-10-2025062408,0.07217387011365897,1,numeric__failures_last_30d,RECENT_FAILURE_HISTORY,0.006644434401674998,-1.0847492406899892
SH-MC-10-2025062408,0.07217387011365897,2,categorical__machine_type_Press,MACHINE_TYPE_EFFECT,0.0034457259170572042,0.0
SH-MC-10-2025062408,0.07217387011365897,3,categorical__machine_type_CNC,MACHINE_TYPE_EFFECT,0.0010973404626994944,1.0
SH-MC-10-2025062408,0.07217387011365897,4,numeric__downtime_last_7d_min,RECENT_DOWNTIME_BURDEN,0.0003730960575715595,-0.10861803469792843
SH-MC-05-2025041308,0.07125107557316515,1,numeric__failures_last_30d,RECENT_FAILURE_HISTORY,0.003523321342249662,-0.2954026141905654
SH-MC-05-2025041308,0.07125107557316515,2,categorical__product_id_PRD-D,PRODUCT_MIX_EFFECT,0.0034387300526963565,0.0
SH-MC-05-2025041308,0.07125107557316515,3,numeric__criticality,ASSET_CRITICALITY,0.0025035426339317887,1.224744871391589
SH-MC-05-2025041308,0.07125107557316515,4,categorical__line_id_LINE-D,MODEL_DRIVER_LINE_ID,0.0005680394643669262,0.0
SH-MC-05-2025040616,0.07017450660910336,1,numeric__vibration_rms,HIGH_VIBRATION_PATTERN,0.012908952149510076,0.42711779976653863
SH-MC-05-2025040616,0.07017450660910336,2,numeric__criticality,ASSET_CRITICALITY,0.006668063567473541,1.224744871391589
SH-MC-05-2025040616,0.07017450660910336,3,categorical__machine_id_MC-05,MACHINE_BASELINE_EFFECT,0.0017901227079977486,1.0
SH-MC-05-2025040616,0.07017450660910336,4,categorical__product_id_PRD-D,PRODUCT_MIX_EFFECT,0.0016689633782244588,0.0
SH-MC-07-2025052316,0.07016676364738014,1,categorical__machine_id_MC-07,MACHINE_BASELINE_EFFECT,0.007008823826673157,1.0
SH-MC-07-2025052316,0.07016676364738014,2,categorical__machine_type_Press,MACHINE_TYPE_EFFECT,0.00434652126046637,0.0
SH-MC-07-2025052316,0.07016676364738014,3,categorical__product_id_PRD-A,PRODUCT_MIX_EFFECT,0.002945544836102048,1.0
SH-MC-07-2025052316,0.07016676364738014,4,numeric__criticality,ASSET_CRITICALITY,0.0027882905230148178,1.224744871391589
SH-MC-11-2025041716,0.06982263679598277,1,numeric__current_amp,ELECTRICAL_LOAD_STRESS,0.005424110980279461,0.8165664394376988
SH-MC-11-2025041716,0.06982263679598277,2,categorical__product_id_PRD-D,PRODUCT_MIX_EFFECT,0.0036996649915215355,0.0
SH-MC-11-2025041716,0.06982263679598277,3,categorical__machine_id_MC-11,MACHINE_BASELINE_EFFECT,0.002253740592195493,1.0
SH-MC-11-2025041716,0.06982263679598277,4,categorical__machine_id_MC-02,MACHINE_BASELINE_EFFECT,0.0006942779412302315,0.0
SH-MC-10-2025060808,0.06980129173922338,1,numeric__downtime_last_7d_min,RECENT_DOWNTIME_BURDEN,0.013831782535984664,-0.6493441081951115
SH-MC-10-2025060808,0.06980129173922338,2,categorical__machine_type_Press,MACHINE_TYPE_EFFECT,0.0025574968356903358,0.0
SH-MC-10-2025060808,0.06980129173922338,3,categorical__machine_type_CNC,MACHINE_TYPE_EFFECT,0.001437982932671014,1.0
SH-MC-10-2025060808,0.06980129173922338,4,numeric__machine_age_years,MODEL_DRIVER_MACHINE_AGE_YEARS,0.0014341108481721312,0.0
SH-MC-11-2025032316,0.06978109823371595,1,numeric__downtime_last_7d_min,RECENT_DOWNTIME_BURDEN,0.024993898083338253,-0.7056979932156655
SH-MC-11-2025032316,0.06978109823371595,2,categorical__product_id_PRD-B,PRODUCT_MIX_EFFECT,0.0071562426822241254,1.0
SH-MC-11-2025032316,0.06978109823371595,3,categorical__product_id_PRD-D,PRODUCT_MIX_EFFECT,0.003009381979503035,0.0
SH-MC-11-2025032316,0.06978109823371595,4,categorical__machine_id_MC-02,MACHINE_BASELINE_EFFECT,0.0004847672138274077,0.0
SH-MC-09-2025060716,0.06966294073603477,1,numeric__cumulative_operating_hours,MODEL_DRIVER_CUMULATIVE_OPERATING_HOURS,0.023686719264993095,1.7728276505932579
SH-MC-09-2025060716,0.06966294073603477,2,numeric__machine_age_years,MODEL_DRIVER_MACHINE_AGE_YEARS,0.004197595853925839,1.2247448713915892
SH-MC-09-2025060716,0.06966294073603477,3,categorical__machine_type_Filler,MACHINE_TYPE_EFFECT,0.003092387061125252,1.0
SH-MC-09-2025060716,0.06966294073603477,4,categorical__product_id_PRD-B,PRODUCT_MIX_EFFECT,0.0029958438778966145,1.0
SH-MC-09-2025062900,0.06951182139090341,1,numeric__cumulative_operating_hours,MODEL_DRIVER_CUMULATIVE_OPERATING_HOURS,0.021435359052979074,1.8024589219246738
SH-MC-09-2025062900,0.06951182139090341,2,categorical__product_id_PRD-A,PRODUCT_MIX_EFFECT,0.0063919577759303705,1.0
SH-MC-09-2025062900,0.06951182139090341,3,numeric__machine_age_years,MODEL_DRIVER_MACHINE_AGE_YEARS,0.006342507274233081,1.2247448713915892
SH-MC-09-2025062900,0.06951182139090341,4,categorical__machine_type_Press,MACHINE_TYPE_EFFECT,0.0032942157105066996,0.0
SH-MC-09-2025040508,0.06908763304253925,1,numeric__cumulative_operating_hours,MODEL_DRIVER_CUMULATIVE_OPERATING_HOURS,0.02560981302325558,1.6849565934878052
SH-MC-09-2025040508,0.06908763304253925,2,numeric__machine_age_years,MODEL_DRIVER_MACHINE_AGE_YEARS,0.00868006708444824,1.2247448713915892
SH-MC-09-2025040508,0.06908763304253925,3,numeric__failures_last_30d,RECENT_FAILURE_HISTORY,0.004725151819463634,-0.2954026141905654
SH-MC-09-2025040508,0.06908763304253925,4,categorical__machine_type_Filler,MACHINE_TYPE_EFFECT,0.0046803981465269005,1.0
SH-MC-03-2025041900,0.06890624989332689,1,numeric__downtime_last_7d_min,RECENT_DOWNTIME_BURDEN,0.02324671876433702,-0.692405567895478
SH-MC-03-2025041900,0.06890624989332689,2,numeric__cumulative_operating_hours,MODEL_DRIVER_CUMULATIVE_OPERATING_HOURS,0.014626832912143043,1.6506899259585583
SH-MC-03-2025041900,0.06890624989332689,3,categorical__machine_id_MC-03,MACHINE_BASELINE_EFFECT,0.0053850596104042525,1.0
SH-MC-03-2025041900,0.06890624989332689,4,numeric__changeover_count,MODEL_DRIVER_CHANGEOVER_COUNT,0.004754177042820182,2.231166105376518
SH-MC-06-2025062900,0.06845268168827673,1,numeric__cumulative_operating_hours,MODEL_DRIVER_CUMULATIVE_OPERATING_HOURS,0.023224252774032183,1.7759388452068312
SH-MC-06-2025062900,0.06845268168827673,2,categorical__product_id_PRD-B,PRODUCT_MIX_EFFECT,0.005454172469738809,1.0
SH-MC-06-2025062900,0.06845268168827673,3,categorical__product_id_PRD-D,PRODUCT_MIX_EFFECT,0.002564983924079637,0.0
SH-MC-06-2025062900,0.06845268168827673,4,categorical__machine_type_Press,MACHINE_TYPE_EFFECT,0.0018291154811545696,0.0
SH-MC-12-2025032000,0.06783956587461934,1,numeric__cumulative_operating_hours,MODEL_DRIVER_CUMULATIVE_OPERATING_HOURS,0.010772064029265213,1.6873510359854116
SH-MC-12-2025032000,0.06783956587461934,2,numeric__criticality,ASSET_CRITICALITY,0.005289418539516076,1.224744871391589
SH-MC-12-2025032000,0.06783956587461934,3,numeric__vibration_rolling_3,SUSTAINED_VIBRATION,0.00392865662520252,-1.9025827601307315
SH-MC-12-2025032000,0.06783956587461934,4,categorical__product_id_PRD-D,PRODUCT_MIX_EFFECT,0.0031252900065443464,0.0
SH-MC-10-2025032208,0.06718934381151548,1,categorical__product_id_PRD-A,PRODUCT_MIX_EFFECT,0.0075790924050202855,1.0
SH-MC-10-2025032208,0.06718934381151548,2,numeric__defect_rate_lag_1,MODEL_DRIVER_DEFECT_RATE_LAG_1,0.005826523898699495,0.6911219125050728
SH-MC-10-2025032208,0.06718934381151548,3,numeric__failures_last_30d,RECENT_FAILURE_HISTORY,0.005317936534220192,-0.2954026141905654
SH-MC-10-2025032208,0.06718934381151548,4,categorical__machine_type_Press,MACHINE_TYPE_EFFECT,0.00466337191623798,0.0
SH-MC-06-2025062716,0.06709911992685236,1,numeric__cumulative_operating_hours,MODEL_DRIVER_CUMULATIVE_OPERATING_HOURS,0.024020629173959633,1.7741170880029014
SH-MC-06-2025062716,0.06709911992685236,2,numeric__failures_last_30d,RECENT_FAILURE_HISTORY,0.00865432649603222,-0.2954026141905654
SH-MC-06-2025062716,0.06709911992685236,3,categorical__machine_type_Filler,MACHINE_TYPE_EFFECT,0.005832597016673144,1.0
SH-MC-06-2025062716,0.06709911992685236,4,numeric__machine_age_years,MODEL_DRIVER_MACHINE_AGE_YEARS,0.004850494251524938,1.2247448713915892
SH-MC-03-2025031108,0.06703565584721449,1,numeric__cumulative_operating_hours,MODEL_DRIVER_CUMULATIVE_OPERATING_HOURS,0.01604644269278359,1.5968395637042023
SH-MC-03-2025031108,0.06703565584721449,2,categorical__machine_id_MC-03,MACHINE_BASELINE_EFFECT,0.006491885398858439,1.0
SH-MC-03-2025031108,0.06703565584721449,3,numeric__criticality,ASSET_CRITICALITY,0.005171273119296465,1.224744871391589
SH-MC-03-2025031108,0.06703565584721449,4,numeric__machine_age_years,MODEL_DRIVER_MACHINE_AGE_YEARS,0.004974084564346699,1.2247448713915892
SH-MC-05-2025061308,0.06667233363114601,1,categorical__product_id_PRD-A,PRODUCT_MIX_EFFECT,0.0037006301781741234,1.0
SH-MC-05-2025061308,0.06667233363114601,2,categorical__product_id_PRD-D,PRODUCT_MIX_EFFECT,0.0024737384515020463,0.0
SH-MC-05-2025061308,0.06667233363114601,3,numeric__criticality,ASSET_CRITICALITY,0.0010587614723543486,1.224744871391589
SH-MC-05-2025061308,0.06667233363114601,4,categorical__line_id_LINE-B,MODEL_DRIVER_LINE_ID,0.00042726928484720814,1.0
SH-MC-12-2025062408,0.06586625849968507,1,numeric__cumulative_operating_hours,MODEL_DRIVER_CUMULATIVE_OPERATING_HOURS,0.012733789902922215,1.8210235122295748
SH-MC-12-2025062408,0.06586625849968507,2,numeric__criticality,ASSET_CRITICALITY,0.007510379897631554,1.224744871391589
SH-MC-12-2025062408,0.06586625849968507,3,numeric__machine_age_years,MODEL_DRIVER_MACHINE_AGE_YEARS,0.004300461899317206,1.2247448713915892
SH-MC-12-2025062408,0.06586625849968507,4,categorical__machine_type_Press,MACHINE_TYPE_EFFECT,0.002659527068994975,0.0
SH-MC-08-2025040608,0.0646897785130713,1,categorical__product_id_PRD-B,PRODUCT_MIX_EFFECT,0.0061434045828938156,1.0
SH-MC-08-2025040608,0.0646897785130713,2,numeric__vibration_rms,HIGH_VIBRATION_PATTERN,0.004564215292048369,0.3512915490995416
SH-MC-08-2025040608,0.0646897785130713,3,categorical__product_id_PRD-D,PRODUCT_MIX_EFFECT,0.002361375081298951,0.0
SH-MC-08-2025040608,0.0646897785130713,4,categorical__machine_id_MC-02,MACHINE_BASELINE_EFFECT,0.00038085772133833505,0.0
SH-MC-12-2025051716,0.06465766930188109,1,numeric__cumulative_operating_hours,MODEL_DRIVER_CUMULATIVE_OPERATING_HOURS,0.015310516549211544,1.768729861136063
SH-MC-12-2025051716,0.06465766930188109,2,numeric__criticality,ASSET_CRITICALITY,0.005141119176849979,1.224744871391589
SH-MC-12-2025051716,0.06465766930188109,3,numeric__machine_age_years,MODEL_DRIVER_MACHINE_AGE_YEARS,0.003960828257532423,1.2247448713915892
SH-MC-12-2025051716,0.06465766930188109,4,categorical__machine_type_Filler,MACHINE_TYPE_EFFECT,0.003268221514069354,1.0
SH-MC-06-2025031608,0.06454929793113351,1,numeric__cumulative_operating_hours,MODEL_DRIVER_CUMULATIVE_OPERATING_HOURS,0.023556686187191964,1.6305117601504093
SH-MC-06-2025031608,0.06454929793113351,2,categorical__product_id_PRD-B,PRODUCT_MIX_EFFECT,0.008013812264012404,1.0
SH-MC-06-2025031608,0.06454929793113351,3,numeric__machine_age_years,MODEL_DRIVER_MACHINE_AGE_YEARS,0.004221991480788885,1.2247448713915892
SH-MC-06-2025031608,0.06454929793113351,4,categorical__product_id_PRD-D,PRODUCT_MIX_EFFECT,0.0035624826739411057,0.0
SH-MC-12-2025041400,0.06409689958644865,1,numeric__cumulative_operating_hours,MODEL_DRIVER_CUMULATIVE_OPERATING_HOURS,0.018231231664656775,1.7221739476858118
SH-MC-12-2025041400,0.06409689958644865,2,numeric__criticality,ASSET_CRITICALITY,0.004835852318092226,1.224744871391589
SH-MC-12-2025041400,0.06409689958644865,3,numeric__machine_age_years,MODEL_DRIVER_MACHINE_AGE_YEARS,0.0038585552572202196,1.2247448713915892
SH-MC-12-2025041400,0.06409689958644865,4,categorical__machine_type_Press,MACHINE_TYPE_EFFECT,0.003614429611295576,0.0
SH-MC-07-2025051400,0.0632488454019151,1,categorical__machine_id_MC-07,MACHINE_BASELINE_EFFECT,0.009686424492012251,1.0
SH-MC-07-2025051400,0.0632488454019151,2,numeric__vibration_rolling_3,SUSTAINED_VIBRATION,0.007860730106105671,-1.9073688619332627
SH-MC-07-2025051400,0.0632488454019151,3,numeric__criticality,ASSET_CRITICALITY,0.007547833910042924,1.224744871391589
SH-MC-07-2025051400,0.0632488454019151,4,categorical__line_id_LINE-C,MODEL_DRIVER_LINE_ID,0.0013231997033036058,1.0
SH-MC-04-2025042108,0.06272529769496299,1,categorical__product_id_PRD-B,PRODUCT_MIX_EFFECT,0.0024945957320355043,1.0
SH-MC-04-2025042108,0.06272529769496299,2,categorical__product_id_PRD-D,PRODUCT_MIX_EFFECT,0.0019647146990621773,0.0
SH-MC-04-2025042108,0.06272529769496299,3,categorical__shift_B,SHIFT_PATTERN,0.0010536819946996504,1.0
SH-MC-04-2025042108,0.06272529769496299,4,categorical__machine_type_Press,MACHINE_TYPE_EFFECT,0.0006265488603209372,0.0
SH-MC-12-2025050208,0.06235097080605428,1,numeric__cumulative_operating_hours,MODEL_DRIVER_CUMULATIVE_OPERATING_HOURS,0.022239126637204336,1.7474639815613862
SH-MC-12-2025050208,0.06235097080605428,2,numeric__criticality,ASSET_CRITICALITY,0.0055725949230001305,1.224744871391589
SH-MC-12-2025050208,0.06235097080605428,3,numeric__machine_age_years,MODEL_DRIVER_MACHINE_AGE_YEARS,0.004228428161461021,1.2247448713915892
SH-MC-12-2025050208,0.06235097080605428,4,categorical__product_id_PRD-D,PRODUCT_MIX_EFFECT,0.002765310959471601,0.0
SH-MC-01-2025061916,0.06230810204017922,1,categorical__machine_type_Press,MACHINE_TYPE_EFFECT,0.0034972887571722133,0.0
SH-MC-01-2025061916,0.06230810204017922,2,numeric__downtime_last_7d_min,RECENT_DOWNTIME_BURDEN,0.00317507233915005,-0.13255452868198106
SH-MC-01-2025061916,0.06230810204017922,3,numeric__current_amp,ELECTRICAL_LOAD_STRESS,0.002822030857615638,0.5843390340278288
SH-MC-01-2025061916,0.06230810204017922,4,numeric__cumulative_operating_hours,MODEL_DRIVER_CUMULATIVE_OPERATING_HOURS,0.002542294238455409,0.5067052897879836
SH-MC-05-2025032900,0.06177968759121172,1,numeric__criticality,ASSET_CRITICALITY,0.007402657704141993,1.224744871391589
SH-MC-05-2025032900,0.06177968759121172,2,categorical__product_id_PRD-D,PRODUCT_MIX_EFFECT,0.002002379519890181,0.0
SH-MC-05-2025032900,0.06177968759121172,3,categorical__line_id_LINE-B,MODEL_DRIVER_LINE_ID,0.0018058080489415653,1.0
SH-MC-05-2025032900,0.06177968759121172,4,categorical__machine_id_MC-05,MACHINE_BASELINE_EFFECT,0.0016545370119578867,1.0
SH-MC-02-2025051200,0.06159688189571473,1,categorical__product_id_PRD-B,PRODUCT_MIX_EFFECT,0.0029989503142025574,1.0
SH-MC-02-2025051200,0.06159688189571473,2,categorical__product_id_PRD-D,PRODUCT_MIX_EFFECT,0.002509142028173121,0.0
SH-MC-02-2025051200,0.06159688189571473,3,numeric__failures_last_30d,RECENT_FAILURE_HISTORY,0.0012105057477810387,-0.2954026141905654
SH-MC-02-2025051200,0.06159688189571473,4,categorical__shift_C,SHIFT_PATTERN,0.000338614684044931,0.0
SH-MC-07-2025033008,0.0615630169243664,1,numeric__criticality,ASSET_CRITICALITY,0.006533515528052419,1.224744871391589
SH-MC-07-2025033008,0.0615630169243664,2,categorical__machine_id_MC-07,MACHINE_BASELINE_EFFECT,0.005416485977280047,1.0
SH-MC-07-2025033008,0.0615630169243664,3,categorical__machine_type_Press,MACHINE_TYPE_EFFECT,0.0033377848619709238,0.0
SH-MC-07-2025033008,0.0615630169243664,4,categorical__product_id_PRD-B,PRODUCT_MIX_EFFECT,0.0024230831361221235,1.0
SH-MC-10-2025042400,0.0611309676240565,1,categorical__product_id_PRD-A,PRODUCT_MIX_EFFECT,0.008130034607946729,1.0
SH-MC-10-2025042400,0.0611309676240565,2,numeric__failures_last_30d,RECENT_FAILURE_HISTORY,0.006289523576563099,-0.2954026141905654
SH-MC-10-2025042400,0.0611309676240565,3,numeric__defect_rate_lag_1,MODEL_DRIVER_DEFECT_RATE_LAG_1,0.004466266687782567,0.901071459510846
SH-MC-10-2025042400,0.0611309676240565,4,categorical__machine_type_Press,MACHINE_TYPE_EFFECT,0.0037398130547270955,0.0
SH-MC-10-2025041808,0.06111020847662361,1,categorical__product_id_PRD-B,PRODUCT_MIX_EFFECT,0.006035707781379809,1.0
SH-MC-10-2025041808,0.06111020847662361,2,categorical__product_id_PRD-D,PRODUCT_MIX_EFFECT,0.002830465813716832,0.0
SH-MC-10-2025041808,0.06111020847662361,3,categorical__machine_type_Press,MACHINE_TYPE_EFFECT,0.0021802017578976675,0.0
SH-MC-10-2025041808,0.06111020847662361,4,numeric__machine_age_years,MODEL_DRIVER_MACHINE_AGE_YEARS,0.0015556940013860658,0.0
SH-MC-05-2025031708,0.060307166425009065,1,numeric__criticality,ASSET_CRITICALITY,0.004663819508605009,1.224744871391589
SH-MC-05-2025031708,0.060307166425009065,2,categorical__product_id_PRD-D,PRODUCT_MIX_EFFECT,0.003091790760506096,0.0
SH-MC-05-2025031708,0.060307166425009065,3,categorical__line_id_LINE-B,MODEL_DRIVER_LINE_ID,0.002286665540226353,1.0
SH-MC-05-2025031708,0.060307166425009065,4,numeric__current_amp,ELECTRICAL_LOAD_STRESS,0.0005607934791813364,0.7894447366537304
SH-MC-05-2025060416,0.060289177378225034,1,numeric__current_amp,ELECTRICAL_LOAD_STRESS,0.012497948116907846,1.2319892750913768
SH-MC-05-2025060416,0.060289177378225034,2,categorical__product_id_PRD-A,PRODUCT_MIX_EFFECT,0.002483077249029459,1.0
SH-MC-05-2025060416,0.060289177378225034,3,categorical__product_id_PRD-D,PRODUCT_MIX_EFFECT,0.002091896165186832,0.0
SH-MC-05-2025060416,0.060289177378225034,4,categorical__machine_id_MC-08,MACHINE_BASELINE_EFFECT,0.00018468323312312084,0.0
SH-MC-11-2025061416,0.059787579344375584,1,categorical__machine_id_MC-08,MACHINE_BASELINE_EFFECT,0.00017300799267246705,0.0
SH-MC-11-2025061416,0.059787579344375584,2,categorical__machine_id_MC-02,MACHINE_BASELINE_EFFECT,8.27352461778377e-05,0.0
SH-MC-02-2025061000,0.059455567329437485,1,numeric__ambient_temperature_c,MODEL_DRIVER_AMBIENT_TEMPERATURE_C,0.019198004924678904,1.2192121889637682
SH-MC-02-2025061000,0.059455567329437485,2,numeric__failures_last_30d,RECENT_FAILURE_HISTORY,0.004208496995946359,-0.2954026141905654
SH-MC-02-2025061000,0.059455567329437485,3,categorical__product_id_PRD-A,PRODUCT_MIX_EFFECT,0.0011587357465308536,1.0
SH-MC-02-2025061000,0.059455567329437485,4,numeric__planned_downtime_min,MODEL_DRIVER_PLANNED_DOWNTIME_MIN,0.0009878787995808143,1.7720966635772197
SH-MC-05-2025060308,0.059184897974273246,1,numeric__criticality,ASSET_CRITICALITY,0.0076252863804452484,1.224744871391589
SH-MC-05-2025060308,0.059184897974273246,2,numeric__vibration_rolling_3,SUSTAINED_VIBRATION,0.0025760988144607638,0.4172550598552186
SH-MC-05-2025060308,0.059184897974273246,3,categorical__machine_id_MC-05,MACHINE_BASELINE_EFFECT,0.0025646013367379593,1.0
SH-MC-05-2025060308,0.059184897974273246,4,categorical__line_id_LINE-B,MODEL_DRIVER_LINE_ID,0.0016717985860961355,1.0
SH-MC-10-2025051408,0.058978779950103366,1,numeric__vibration_rolling_3,SUSTAINED_VIBRATION,0.010202208418884163,1.1748952363791765
SH-MC-10-2025051408,0.058978779950103366,2,numeric__failures_last_30d,RECENT_FAILURE_HISTORY,0.007759624111255422,-0.2954026141905654
SH-MC-10-2025051408,0.058978779950103366,3,categorical__machine_type_Press,MACHINE_TYPE_EFFECT,0.0034625018440043835,0.0
SH-MC-10-2025051408,0.058978779950103366,4,numeric__defect_rate_lag_1,MODEL_DRIVER_DEFECT_RATE_LAG_1,0.0031679562567975585,0.29421619564481866
SH-MC-05-2025050200,0.05891605755120414,1,numeric__defect_rate_lag_1,MODEL_DRIVER_DEFECT_RATE_LAG_1,0.005671172964868569,0.3725130318801672
SH-MC-05-2025050200,0.05891605755120414,2,numeric__criticality,ASSET_CRITICALITY,0.004100234873707555,1.224744871391589
SH-MC-05-2025050200,0.05891605755120414,3,numeric__downtime_last_7d_min,RECENT_DOWNTIME_BURDEN,0.002296218400110375,-0.45842894988574434
SH-MC-05-2025050200,0.05891605755120414,4,categorical__machine_id_MC-02,MACHINE_BASELINE_EFFECT,0.00025139472266377805,0.0
SH-MC-05-2025031616,0.058823544350008715,1,numeric__criticality,ASSET_CRITICALITY,0.005203585937686167,1.224744871391589
SH-MC-05-2025031616,0.058823544350008715,2,categorical__product_id_PRD-D,PRODUCT_MIX_EFFECT,0.0015485542823495354,0.0
SH-MC-05-2025031616,0.058823544350008715,3,categorical__product_id_PRD-A,PRODUCT_MIX_EFFECT,0.001182841513330211,1.0
SH-MC-05-2025031616,0.058823544350008715,4,categorical__machine_id_MC-02,MACHINE_BASELINE_EFFECT,0.00028012778336772396,0.0
SH-MC-05-2025032216,0.058646860516540306,1,numeric__criticality,ASSET_CRITICALITY,0.005936849135164266,1.224744871391589
SH-MC-05-2025032216,0.058646860516540306,2,categorical__machine_id_MC-05,MACHINE_BASELINE_EFFECT,0.0004903606126303215,1.0
SH-MC-05-2025032216,0.058646860516540306,3,categorical__machine_id_MC-02,MACHINE_BASELINE_EFFECT,0.0003843366283398916,0.0
SH-MC-05-2025032216,0.058646860516540306,4,categorical__machine_id_MC-11,MACHINE_BASELINE_EFFECT,0.0003203110287320649,0.0
SH-MC-12-2025062500,0.05855338506979461,1,numeric__cumulative_operating_hours,MODEL_DRIVER_CUMULATIVE_OPERATING_HOURS,0.01977993457565239,1.8219708899010563
SH-MC-12-2025062500,0.05855338506979461,2,numeric__criticality,ASSET_CRITICALITY,0.004601458602924327,1.224744871391589
SH-MC-12-2025062500,0.05855338506979461,3,numeric__machine_age_years,MODEL_DRIVER_MACHINE_AGE_YEARS,0.003580547084761374,1.2247448713915892
SH-MC-12-2025062500,0.05855338506979461,4,categorical__machine_type_Press,MACHINE_TYPE_EFFECT,0.0030461061434924035,0.0
SH-MC-12-2025031700,0.05790679855896345,1,numeric__cumulative_operating_hours,MODEL_DRIVER_CUMULATIVE_OPERATING_HOURS,0.020789902814652997,1.6832410545535217
SH-MC-12-2025031700,0.05790679855896345,2,numeric__downtime_last_7d_min,RECENT_DOWNTIME_BURDEN,0.02009914500651551,-0.6442154605089462
SH-MC-12-2025031700,0.05790679855896345,3,numeric__machine_age_years,MODEL_DRIVER_MACHINE_AGE_YEARS,0.003260061012702018,1.2247448713915892
SH-MC-12-2025031700,0.05790679855896345,4,numeric__criticality,ASSET_CRITICALITY,0.0027997043249767214,1.224744871391589
SH-MC-08-2025052800,0.057822784201345685,1,numeric__downtime_last_7d_min,RECENT_DOWNTIME_BURDEN,0.023086678045321513,-0.8181573231087291
SH-MC-08-2025052800,0.057822784201345685,2,categorical__shift_C,SHIFT_PATTERN,0.00044542099939254786,0.0
SH-MC-08-2025052800,0.057822784201345685,3,categorical__product_id_PRD-C,PRODUCT_MIX_EFFECT,0.0003649099615828693,0.0
SH-MC-08-2025052800,0.057822784201345685,4,numeric__failures_last_30d,RECENT_FAILURE_HISTORY,0.0001334888117404906,-0.2954026141905654
SH-MC-02-2025052816,0.0577622736542828,1,numeric__current_amp,ELECTRICAL_LOAD_STRESS,0.009586329394670643,1.2068979619848794
SH-MC-02-2025052816,0.0577622736542828,2,categorical__product_id_PRD-B,PRODUCT_MIX_EFFECT,0.007463871187988776,1.0
SH-MC-02-2025052816,0.0577622736542828,3,categorical__product_id_PRD-D,PRODUCT_MIX_EFFECT,0.001715562794432253,0.0
SH-MC-02-2025052816,0.0577622736542828,4,categorical__machine_id_MC-08,MACHINE_BASELINE_EFFECT,0.0004975793536628587,0.0
SH-MC-11-2025062316,0.05748530031189138,1,numeric__current_amp,ELECTRICAL_LOAD_STRESS,0.0038623199923016635,0.4235082429895985
SH-MC-11-2025062316,0.05748530031189138,2,numeric__ambient_humidity_pct,MODEL_DRIVER_AMBIENT_HUMIDITY_PCT,0.002587393570382386,-1.3414706147298925
SH-MC-11-2025062316,0.05748530031189138,3,categorical__machine_id_MC-11,MACHINE_BASELINE_EFFECT,0.002495457397855135,1.0
SH-MC-11-2025062316,0.05748530031189138,4,categorical__line_id_LINE-D,MODEL_DRIVER_LINE_ID,0.0015574870524553946,1.0
SH-MC-02-2025031400,0.05735753406677164,1,numeric__changeover_count,MODEL_DRIVER_CHANGEOVER_COUNT,0.003992492788532409,2.231166105376518
SH-MC-02-2025031400,0.05735753406677164,2,categorical__product_id_PRD-A,PRODUCT_MIX_EFFECT,0.003146955737398329,1.0
SH-MC-02-2025031400,0.05735753406677164,3,categorical__product_id_PRD-D,PRODUCT_MIX_EFFECT,0.00302081020719951,0.0
SH-MC-02-2025031400,0.05735753406677164,4,numeric__planned_downtime_min,MODEL_DRIVER_PLANNED_DOWNTIME_MIN,0.0022804712303446757,1.7720966635772197
SH-MC-08-2025050608,0.05684890206111744,1,numeric__pressure_bar,PRESSURE_DEVIATION,0.022460942355510848,-0.7409544273074573
SH-MC-08-2025050608,0.05684890206111744,2,categorical__product_id_PRD-D,PRODUCT_MIX_EFFECT,0.002156395975279205,0.0
SH-MC-08-2025050608,0.05684890206111744,3,categorical__product_id_PRD-A,PRODUCT_MIX_EFFECT,0.0008364750198165287,1.0
SH-MC-08-2025050608,0.05684890206111744,4,numeric__failures_last_30d,RECENT_FAILURE_HISTORY,0.00033887950557864464,-0.2954026141905654
SH-MC-04-2025031708,0.056350914007045685,1,numeric__failures_last_30d,RECENT_FAILURE_HISTORY,0.004280087032755628,-0.2954026141905654
SH-MC-04-2025031708,0.056350914007045685,2,categorical__machine_type_Press,MACHINE_TYPE_EFFECT,0.00303923297008043,0.0
SH-MC-04-2025031708,0.056350914007045685,3,categorical__line_id_LINE-B,MODEL_DRIVER_LINE_ID,0.00142652108041455,1.0
SH-MC-04-2025031708,0.056350914007045685,4,numeric__cumulative_operating_hours,MODEL_DRIVER_CUMULATIVE_OPERATING_HOURS,0.0012656118867117954,0.40165399748136704
SH-MC-10-2025032516,0.05619373102959786,1,categorical__product_id_PRD-B,PRODUCT_MIX_EFFECT,0.003544821882076749,1.0
SH-MC-10-2025032516,0.05619373102959786,2,categorical__product_id_PRD-D,PRODUCT_MIX_EFFECT,0.0026174332675167507,0.0
SH-MC-10-2025032516,0.05619373102959786,3,categorical__machine_type_Press,MACHINE_TYPE_EFFECT,0.0022257063823590425,0.0
SH-MC-10-2025032516,0.05619373102959786,4,categorical__product_id_PRD-C,PRODUCT_MIX_EFFECT,0.0005680424138592896,0.0
SH-MC-06-2025042500,0.056140010982041855,1,numeric__cumulative_operating_hours,MODEL_DRIVER_CUMULATIVE_OPERATING_HOURS,0.02150102558835519,1.6856221856622555
SH-MC-06-2025042500,0.056140010982041855,2,categorical__product_id_PRD-B,PRODUCT_MIX_EFFECT,0.006280788022755067,1.0
SH-MC-06-2025042500,0.056140010982041855,3,categorical__product_id_PRD-D,PRODUCT_MIX_EFFECT,0.0032446945720196866,0.0
SH-MC-06-2025042500,0.056140010982041855,4,numeric__changeover_count,MODEL_DRIVER_CHANGEOVER_COUNT,0.003022566244886821,2.231166105376518
SH-MC-12-2025041600,0.0560137437501089,1,numeric__cumulative_operating_hours,MODEL_DRIVER_CUMULATIVE_OPERATING_HOURS,0.014504778451441833,1.7248124116981092
SH-MC-12-2025041600,0.0560137437501089,2,numeric__criticality,ASSET_CRITICALITY,0.007183502689792443,1.224744871391589
SH-MC-12-2025041600,0.0560137437501089,3,numeric__machine_age_years,MODEL_DRIVER_MACHINE_AGE_YEARS,0.005053193251647727,1.2247448713915892
SH-MC-12-2025041600,0.0560137437501089,4,categorical__machine_type_Filler,MACHINE_TYPE_EFFECT,0.002622970711459324,1.0
SH-MC-05-2025052908,0.055919773784012354,1,numeric__vibration_rms,HIGH_VIBRATION_PATTERN,0.003894725255379738,0.21831174135184617
SH-MC-05-2025052908,0.055919773784012354,2,categorical__product_id_PRD-B,PRODUCT_MIX_EFFECT,0.0033471153636052487,1.0
SH-MC-05-2025052908,0.055919773784012354,3,numeric__criticality,ASSET_CRITICALITY,0.0023912073407881163,1.224744871391589
SH-MC-05-2025052908,0.055919773784012354,4,categorical__product_id_PRD-D,PRODUCT_MIX_EFFECT,0.0014658664878343826,0.0
SH-MC-08-2025052708,0.055709228156774246,1,numeric__downtime_last_7d_min,RECENT_DOWNTIME_BURDEN,0.013974240328497721,-0.8680363343489824
SH-MC-08-2025052708,0.055709228156774246,2,numeric__vibration_rolling_3,SUSTAINED_VIBRATION,0.0023914968300815308,1.1846157959067392
SH-MC-08-2025052708,0.055709228156774246,3,categorical__product_id_PRD-C,PRODUCT_MIX_EFFECT,0.00018549922948259205,0.0
SH-MC-02-2025032116,0.055356420413843456,1,categorical__machine_id_MC-11,MACHINE_BASELINE_EFFECT,0.000506522804046605,0.0
SH-MC-02-2025032116,0.055356420413843456,2,categorical__line_id_LINE-D,MODEL_DRIVER_LINE_ID,0.0004218556773002847,0.0
SH-MC-02-2025032116,0.055356420413843456,3,categorical__machine_id_MC-01,MACHINE_BASELINE_EFFECT,0.00016243957566990056,0.0
SH-MC-02-2025032116,0.055356420413843456,4,categorical__machine_id_MC-12,MACHINE_BASELINE_EFFECT,5.3766682142452116e-05,0.0
SH-MC-03-2025053008,0.055168720558132864,1,numeric__cumulative_operating_hours,MODEL_DRIVER_CUMULATIVE_OPERATING_HOURS,0.01414444800631682,1.7080905090946223
SH-MC-03-2025053008,0.055168720558132864,2,categorical__machine_id_MC-03,MACHINE_BASELINE_EFFECT,0.00864074133922238,1.0
SH-MC-03-2025053008,0.055168720558132864,3,numeric__criticality,ASSET_CRITICALITY,0.003796889906608885,1.224744871391589
SH-MC-03-2025053008,0.055168720558132864,4,numeric__machine_age_years,MODEL_DRIVER_MACHINE_AGE_YEARS,0.0017307468633463788,1.2247448713915892
SH-MC-04-2025032016,0.054885998321135714,1,categorical__product_id_PRD-B,PRODUCT_MIX_EFFECT,0.006889484637944633,1.0
SH-MC-04-2025032016,0.054885998321135714,2,numeric__failures_last_30d,RECENT_FAILURE_HISTORY,0.006261965114105058,-0.2954026141905654
SH-MC-04-2025032016,0.054885998321135714,3,numeric__cumulative_operating_hours,MODEL_DRIVER_CUMULATIVE_OPERATING_HOURS,0.004885907393507695,0.4062595492018748
SH-MC-04-2025032016,0.054885998321135714,4,categorical__machine_type_Press,MACHINE_TYPE_EFFECT,0.002736479733129454,0.0
SH-MC-09-2025030408,0.05483199000840105,1,numeric__cumulative_operating_hours,MODEL_DRIVER_CUMULATIVE_OPERATING_HOURS,0.021523870079711988,1.6404944775469168
SH-MC-09-2025030408,0.05483199000840105,2,categorical__machine_type_Filler,MACHINE_TYPE_EFFECT,0.005372920244005155,1.0
SH-MC-09-2025030408,0.05483199000840105,3,numeric__machine_age_years,MODEL_DRIVER_MACHINE_AGE_YEARS,0.003463092067989594,1.2247448713915892
SH-MC-09-2025030408,0.05483199000840105,4,categorical__product_id_PRD-D,PRODUCT_MIX_EFFECT,0.0025157328404038196,0.0
SH-MC-12-2025042916,0.0542908757931516,1,numeric__cumulative_operating_hours,MODEL_DRIVER_CUMULATIVE_OPERATING_HOURS,0.01404428881920857,1.7438048123105192
SH-MC-12-2025042916,0.0542908757931516,2,numeric__criticality,ASSET_CRITICALITY,0.0046784208861380665,1.224744871391589
SH-MC-12-2025042916,0.0542908757931516,3,numeric__machine_age_years,MODEL_DRIVER_MACHINE_AGE_YEARS,0.0036780864331388843,1.2247448713915892
SH-MC-12-2025042916,0.0542908757931516,4,categorical__machine_type_Press,MACHINE_TYPE_EFFECT,0.0026070799516223413,0.0
SH-MC-01-2025060708,0.053931131708841056,1,categorical__product_id_PRD-D,PRODUCT_MIX_EFFECT,0.002115414718513836,0.0
SH-MC-01-2025060708,0.053931131708841056,2,categorical__product_id_PRD-B,PRODUCT_MIX_EFFECT,0.002021856716140891,1.0
SH-MC-01-2025060708,0.053931131708841056,3,categorical__machine_type_Press,MACHINE_TYPE_EFFECT,0.0018925807244575333,0.0
SH-MC-01-2025060708,0.053931131708841056,4,numeric__cumulative_operating_hours,MODEL_DRIVER_CUMULATIVE_OPERATING_HOURS,0.001676089671334525,0.48944191328507597
SH-MC-08-2025050616,0.05327902520784351,1,numeric__failures_last_30d,RECENT_FAILURE_HISTORY,0.002538514890842256,-0.2954026141905654
SH-MC-08-2025050616,0.05327902520784351,2,categorical__product_id_PRD-A,PRODUCT_MIX_EFFECT,0.002251741962434815,1.0
SH-MC-08-2025050616,0.05327902520784351,3,categorical__product_id_PRD-D,PRODUCT_MIX_EFFECT,0.001472920951297804,0.0
SH-MC-08-2025050616,0.05327902520784351,4,numeric__defect_rate_lag_1,MODEL_DRIVER_DEFECT_RATE_LAG_1,0.0007633386300958052,1.0614382201605765
SH-MC-12-2025051608,0.05311212479894387,1,numeric__cumulative_operating_hours,MODEL_DRIVER_CUMULATIVE_OPERATING_HOURS,0.015485159025302772,1.766852535901774
SH-MC-12-2025051608,0.05311212479894387,2,numeric__criticality,ASSET_CRITICALITY,0.0056820981504754,1.224744871391589
SH-MC-12-2025051608,0.05311212479894387,3,numeric__machine_age_years,MODEL_DRIVER_MACHINE_AGE_YEARS,0.0039601107759791015,1.2247448713915892
SH-MC-12-2025051608,0.05311212479894387,4,categorical__machine_type_Press,MACHINE_TYPE_EFFECT,0.0026594756600597388,0.0
SH-MC-11-2025060408,0.05304008049147587,1,categorical__machine_id_MC-11,MACHINE_BASELINE_EFFECT,0.002520855080913559,1.0
SH-MC-11-2025060408,0.05304008049147587,2,categorical__product_id_PRD-D,PRODUCT_MIX_EFFECT,0.0015205133106447144,0.0
SH-MC-11-2025060408,0.05304008049147587,3,categorical__line_id_LINE-D,MODEL_DRIVER_LINE_ID,0.0003270871342379412,1.0
SH-MC-11-2025060408,0.05304008049147587,4,categorical__machine_id_MC-02,MACHINE_BASELINE_EFFECT,0.00031110563475442204,0.0
SH-MC-10-2025032416,0.052848282319525944,1,categorical__machine_type_Press,MACHINE_TYPE_EFFECT,0.0027106226216038797,0.0
SH-MC-10-2025032416,0.052848282319525944,2,categorical__product_id_PRD-B,PRODUCT_MIX_EFFECT,0.0024415096707745853,1.0
SH-MC-10-2025032416,0.052848282319525944,3,categorical__product_id_PRD-D,PRODUCT_MIX_EFFECT,0.0013534886514393022,0.0
SH-MC-10-2025032416,0.052848282319525944,4,categorical__product_id_PRD-C,PRODUCT_MIX_EFFECT,0.0009253684858802263,0.0
SH-MC-06-2025032916,0.052757424242012546,1,numeric__cumulative_operating_hours,MODEL_DRIVER_CUMULATIVE_OPERATING_HOURS,0.024307237270819675,1.6490504228740221
SH-MC-06-2025032916,0.052757424242012546,2,categorical__machine_type_Press,MACHINE_TYPE_EFFECT,0.003126521115334072,0.0
SH-MC-06-2025032916,0.052757424242012546,3,numeric__machine_age_years,MODEL_DRIVER_MACHINE_AGE_YEARS,0.002898212674186494,1.2247448713915892
SH-MC-06-2025032916,0.052757424242012546,4,categorical__machine_type_Filler,MACHINE_TYPE_EFFECT,0.0007344388362894525,1.0
SH-MC-12-2025041208,0.052722100978142894,1,numeric__cumulative_operating_hours,MODEL_DRIVER_CUMULATIVE_OPERATING_HOURS,0.018396612896807878,1.719830994100041
SH-MC-12-2025041208,0.052722100978142894,2,categorical__product_id_PRD-A,PRODUCT_MIX_EFFECT,0.007059428538990559,1.0
SH-MC-12-2025041208,0.052722100978142894,3,numeric__criticality,ASSET_CRITICALITY,0.004918107381946303,1.224744871391589
SH-MC-12-2025041208,0.052722100978142894,4,numeric__machine_age_years,MODEL_DRIVER_MACHINE_AGE_YEARS,0.00490079777031699,1.2247448713915892
SH-MC-01-2025060616,0.051486443797990215,1,numeric__cumulative_operating_hours,MODEL_DRIVER_CUMULATIVE_OPERATING_HOURS,0.0019510386649405564,0.4884945356135944
SH-MC-01-2025060616,0.051486443797990215,2,categorical__product_id_PRD-D,PRODUCT_MIX_EFFECT,0.0018881796008302554,0.0
SH-MC-01-2025060616,0.051486443797990215,3,categorical__machine_type_Press,MACHINE_TYPE_EFFECT,0.0016315391867676276,0.0
SH-MC-01-2025060616,0.051486443797990215,4,categorical__line_id_LINE-A,MODEL_DRIVER_LINE_ID,0.0013729553042291533,1.0
SH-MC-02-2025041308,0.051360987529605204,1,categorical__machine_id_MC-01,MACHINE_BASELINE_EFFECT,0.0004845503043488332,0.0
SH-MC-02-2025041308,0.051360987529605204,2,categorical__shift_C,SHIFT_PATTERN,0.0004597571796383615,0.0
SH-MC-02-2025041308,0.051360987529605204,3,categorical__product_id_PRD-C,PRODUCT_MIX_EFFECT,0.0003074584152662565,0.0
SH-MC-02-2025041308,0.051360987529605204,4,categorical__machine_id_MC-08,MACHINE_BASELINE_EFFECT,0.00028836956558710673,0.0
SH-MC-07-2025033000,0.051318580668997624,1,numeric__criticality,ASSET_CRITICALITY,0.0068937112870292696,1.224744871391589
SH-MC-07-2025033000,0.051318580668997624,2,categorical__machine_id_MC-07,MACHINE_BASELINE_EFFECT,0.006179844494323706,1.0
SH-MC-07-2025033000,0.051318580668997624,3,categorical__machine_type_Press,MACHINE_TYPE_EFFECT,0.0024744349059103864,0.0
SH-MC-07-2025033000,0.051318580668997624,4,categorical__product_id_PRD-D,PRODUCT_MIX_EFFECT,0.0024340206783845272,0.0
SH-MC-11-2025031500,0.051096963267606293,1,numeric__current_amp,ELECTRICAL_LOAD_STRESS,0.011172215634654184,1.0490439818393864
SH-MC-11-2025031500,0.051096963267606293,2,categorical__product_id_PRD-B,PRODUCT_MIX_EFFECT,0.009264184972029058,1.0
SH-MC-11-2025031500,0.051096963267606293,3,categorical__product_id_PRD-D,PRODUCT_MIX_EFFECT,0.0026333505596157643,0.0
SH-MC-11-2025031500,0.051096963267606293,4,numeric__failures_last_30d,RECENT_FAILURE_HISTORY,0.0012643959810610937,-0.2954026141905654
SH-MC-12-2025042416,0.050879956255960555,1,numeric__cumulative_operating_hours,MODEL_DRIVER_CUMULATIVE_OPERATING_HOURS,0.01694411326785174,1.7368250483655696
SH-MC-12-2025042416,0.050879956255960555,2,numeric__criticality,ASSET_CRITICALITY,0.004438040277716526,1.224744871391589
SH-MC-12-2025042416,0.050879956255960555,3,numeric__machine_age_years,MODEL_DRIVER_MACHINE_AGE_YEARS,0.0029577573979650833,1.2247448713915892
SH-MC-12-2025042416,0.050879956255960555,4,categorical__machine_type_Filler,MACHINE_TYPE_EFFECT,0.0026008966083612196,1.0
SH-MC-02-2025052808,0.05051191558539564,1,categorical__product_id_PRD-B,PRODUCT_MIX_EFFECT,0.0031749479815154826,1.0
SH-MC-02-2025052808,0.05051191558539564,2,numeric__ambient_humidity_pct,MODEL_DRIVER_AMBIENT_HUMIDITY_PCT,0.002076354159231638,-1.3762211373365074
SH-MC-02-2025052808,0.05051191558539564,3,categorical__product_id_PRD-D,PRODUCT_MIX_EFFECT,0.0018169180283368555,0.0
SH-MC-02-2025052808,0.05051191558539564,4,categorical__line_id_LINE-A,MODEL_DRIVER_LINE_ID,0.0008416417098053467,1.0
SH-MC-02-2025050200,0.0504680268125034,1,categorical__product_id_PRD-A,PRODUCT_MIX_EFFECT,0.003028825685719406,1.0
SH-MC-02-2025050200,0.0504680268125034,2,numeric__defect_rate_lag_1,MODEL_DRIVER_DEFECT_RATE_LAG_1,0.002297572665070508,0.9123298148341288
SH-MC-02-2025050200,0.0504680268125034,3,categorical__product_id_PRD-D,PRODUCT_MIX_EFFECT,0.0021144987577614315,0.0
SH-MC-02-2025050200,0.0504680268125034,4,categorical__shift_A,SHIFT_PATTERN,0.0013523687524261414,1.0
SH-MC-07-2025051500,0.04897078786085151,1,categorical__machine_id_MC-07,MACHINE_BASELINE_EFFECT,0.007054428117868302,1.0
SH-MC-07-2025051500,0.04897078786085151,2,categorical__product_id_PRD-A,PRODUCT_MIX_EFFECT,0.005070601016554936,1.0
SH-MC-07-2025051500,0.04897078786085151,3,numeric__criticality,ASSET_CRITICALITY,0.003982032048301493,1.224744871391589
SH-MC-07-2025051500,0.04897078786085151,4,categorical__machine_type_Press,MACHINE_TYPE_EFFECT,0.002635978975560172,0.0
SH-MC-08-2025032300,0.04846498851656007,1,categorical__product_id_PRD-D,PRODUCT_MIX_EFFECT,0.002252278871331725,0.0
SH-MC-08-2025032300,0.04846498851656007,2,categorical__line_id_LINE-D,MODEL_DRIVER_LINE_ID,0.0008612723288703616,0.0
SH-MC-08-2025032300,0.04846498851656007,3,categorical__machine_id_MC-02,MACHINE_BASELINE_EFFECT,0.00023661873004660698,0.0
SH-MC-08-2025032300,0.04846498851656007,4,categorical__shift_A,SHIFT_PATTERN,0.00020054299255066628,1.0
SH-MC-01-2025032916,0.04835393028625135,1,numeric__failures_last_30d,RECENT_FAILURE_HISTORY,0.0055272958221971105,-0.2954026141905654
SH-MC-01-2025032916,0.04835393028625135,2,categorical__machine_type_Press,MACHINE_TYPE_EFFECT,0.003515897593926302,0.0
SH-MC-01-2025032916,0.04835393028625135,3,categorical__product_id_PRD-D,PRODUCT_MIX_EFFECT,0.0020369490370988974,0.0
SH-MC-01-2025032916,0.04835393028625135,4,numeric__cumulative_operating_hours,MODEL_DRIVER_CUMULATIVE_OPERATING_HOURS,0.001257838676633582,0.39299578260368584
SH-MC-08-2025042000,0.048258671523296506,1,categorical__product_id_PRD-A,PRODUCT_MIX_EFFECT,0.0036950148916630315,1.0
SH-MC-08-2025042000,0.048258671523296506,2,categorical__product_id_PRD-D,PRODUCT_MIX_EFFECT,0.0019714845182105954,0.0
SH-MC-08-2025042000,0.048258671523296506,3,numeric__defect_rate_lag_1,MODEL_DRIVER_DEFECT_RATE_LAG_1,0.0008105951961628608,1.9745264018311874
SH-MC-08-2025042000,0.048258671523296506,4,categorical__machine_id_MC-02,MACHINE_BASELINE_EFFECT,0.0001503196856241218,0.0
SH-MC-01-2025061908,0.047899275724824324,1,numeric__downtime_last_7d_min,RECENT_DOWNTIME_BURDEN,0.002374191697379315,-0.13255452868198106
SH-MC-01-2025061908,0.047899275724824324,2,categorical__machine_type_Press,MACHINE_TYPE_EFFECT,0.0019186339232503515,0.0
SH-MC-01-2025061908,0.047899275724824324,3,categorical__line_id_LINE-A,MODEL_DRIVER_LINE_ID,0.00191541939857084,1.0
SH-MC-01-2025061908,0.047899275724824324,4,numeric__cumulative_operating_hours,MODEL_DRIVER_CUMULATIVE_OPERATING_HOURS,0.001724556083581003,0.5062316009522428
SH-MC-08-2025060808,0.04778793820306199,1,categorical__product_id_PRD-B,PRODUCT_MIX_EFFECT,0.0038720355272351165,1.0
SH-MC-08-2025060808,0.04778793820306199,2,numeric__defect_rate_lag_1,MODEL_DRIVER_DEFECT_RATE_LAG_1,0.002901513103768451,1.1057793430905865
SH-MC-08-2025060808,0.04778793820306199,3,categorical__product_id_PRD-D,PRODUCT_MIX_EFFECT,0.0006930409402984236,0.0
SH-MC-08-2025060808,0.04778793820306199,4,categorical__line_id_LINE-D,MODEL_DRIVER_LINE_ID,0.00044013292268085764,0.0
SH-MC-10-2025052300,0.04713484541124328,1,numeric__cumulative_operating_hours,MODEL_DRIVER_CUMULATIVE_OPERATING_HOURS,0.0026106121664657474,0.5459971601428257
SH-MC-10-2025052300,0.04713484541124328,2,numeric__defect_rate_lag_1,MODEL_DRIVER_DEFECT_RATE_LAG_1,0.0025137069692508117,0.09653273744741638
SH-MC-10-2025052300,0.04713484541124328,3,categorical__machine_type_Press,MACHINE_TYPE_EFFECT,0.0017477525185170797,0.0
SH-MC-10-2025052300,0.04713484541124328,4,numeric__planned_downtime_min,MODEL_DRIVER_PLANNED_DOWNTIME_MIN,0.0013380079248239446,1.7720966635772197
SH-MC-08-2025032308,0.046956856865711834,1,categorical__product_id_PRD-D,PRODUCT_MIX_EFFECT,0.0023955623118044585,0.0
SH-MC-08-2025032308,0.046956856865711834,2,categorical__line_id_LINE-D,MODEL_DRIVER_LINE_ID,0.0013655419625512525,0.0
SH-MC-08-2025032308,0.046956856865711834,3,categorical__shift_C,SHIFT_PATTERN,0.00019491280914848356,0.0
SH-MC-08-2025032308,0.046956856865711834,4,categorical__machine_id_MC-02,MACHINE_BASELINE_EFFECT,0.0001736423042072961,0.0
SH-MC-04-2025041908,0.046201920607956554,1,categorical__product_id_PRD-A,PRODUCT_MIX_EFFECT,0.0029698228217341785,1.0
SH-MC-04-2025041908,0.046201920607956554,2,numeric__cumulative_operating_hours,MODEL_DRIVER_CUMULATIVE_OPERATING_HOURS,0.0024098953939242574,0.44724217913785447
SH-MC-04-2025041908,0.046201920607956554,3,categorical__machine_type_Press,MACHINE_TYPE_EFFECT,0.001706181486801911,0.0
SH-MC-04-2025041908,0.046201920607956554,4,categorical__product_id_PRD-D,PRODUCT_MIX_EFFECT,0.0015949529408640045,0.0
SH-MC-10-2025052408,0.04607688228301079,1,numeric__cumulative_operating_hours,MODEL_DRIVER_CUMULATIVE_OPERATING_HOURS,0.003791566010543448,0.5478344504529564
SH-MC-10-2025052408,0.04607688228301079,2,categorical__machine_type_Press,MACHINE_TYPE_EFFECT,0.0011730982755760266,0.0
SH-MC-10-2025052408,0.04607688228301079,3,categorical__product_id_PRD-C,PRODUCT_MIX_EFFECT,0.0009498858524499569,0.0
SH-MC-10-2025052408,0.04607688228301079,4,categorical__shift_A,SHIFT_PATTERN,0.0005549082907653798,0.0
SH-MC-11-2025053108,0.046064603082054574,1,categorical__product_id_PRD-A,PRODUCT_MIX_EFFECT,0.0055744046836483626,1.0
SH-MC-11-2025053108,0.046064603082054574,2,numeric__ambient_humidity_pct,MODEL_DRIVER_AMBIENT_HUMIDITY_PCT,0.0033779192266575313,-1.8229411081235332
SH-MC-11-2025053108,0.046064603082054574,3,categorical__machine_id_MC-11,MACHINE_BASELINE_EFFECT,0.002206364264286682,1.0
SH-MC-11-2025053108,0.046064603082054574,4,categorical__product_id_PRD-D,PRODUCT_MIX_EFFECT,0.0011309129513551025,0.0
SH-MC-11-2025040808,0.04470652259845448,1,categorical__product_id_PRD-B,PRODUCT_MIX_EFFECT,0.0031538188674289707,1.0
SH-MC-11-2025040808,0.04470652259845448,2,categorical__product_id_PRD-D,PRODUCT_MIX_EFFECT,0.001473416581884179,0.0
SH-MC-11-2025040808,0.04470652259845448,3,categorical__machine_id_MC-02,MACHINE_BASELINE_EFFECT,0.0004953565958893142,0.0
SH-MC-11-2025040808,0.04470652259845448,4,categorical__product_id_PRD-C,PRODUCT_MIX_EFFECT,0.00047040027160033765,0.0
SH-MC-08-2025062900,0.04195965284476901,1,categorical__machine_id_MC-02,MACHINE_BASELINE_EFFECT,0.0002644120971407507,0.0
SH-MC-08-2025062900,0.04195965284476901,2,categorical__line_id_LINE-C,MODEL_DRIVER_LINE_ID,0.000193929937617847,1.0
SH-MC-08-2025062900,0.04195965284476901,3,categorical__shift_C,SHIFT_PATTERN,0.00019022333985863223,0.0
SH-MC-08-2025062900,0.04195965284476901,4,categorical__shift_B,SHIFT_PATTERN,4.920401047239254e-05,0.0
SH-MC-02-2025040716,0.041882964061234575,1,numeric__defect_rate_lag_1,MODEL_DRIVER_DEFECT_RATE_LAG_1,0.0076628568832470285,0.49075421671211905
SH-MC-02-2025040716,0.041882964061234575,2,categorical__product_id_PRD-A,PRODUCT_MIX_EFFECT,0.002385581752006591,1.0
SH-MC-02-2025040716,0.041882964061234575,3,categorical__product_id_PRD-D,PRODUCT_MIX_EFFECT,0.0004984897164049158,0.0
SH-MC-02-2025040716,0.041882964061234575,4,categorical__machine_id_MC-08,MACHINE_BASELINE_EFFECT,0.0003394009785034669,0.0
SH-MC-08-2025062816,0.04177734633530936,1,numeric__ambient_humidity_pct,MODEL_DRIVER_AMBIENT_HUMIDITY_PCT,0.001564558329592195,-1.4844388695866395
SH-MC-08-2025062816,0.04177734633530936,2,categorical__line_id_LINE-C,MODEL_DRIVER_LINE_ID,0.000621208039214314,1.0
SH-MC-08-2025062816,0.04177734633530936,3,categorical__machine_id_MC-02,MACHINE_BASELINE_EFFECT,0.00024871268728876274,0.0
SH-MC-08-2025062816,0.04177734633530936,4,categorical__machine_id_MC-01,MACHINE_BASELINE_EFFECT,0.00011561358729249586,0.0
SH-MC-01-2025043008,0.04138607495599602,1,numeric__cumulative_operating_hours,MODEL_DRIVER_CUMULATIVE_OPERATING_HOURS,0.003190518603721808,0.43673278627113926
SH-MC-01-2025043008,0.04138607495599602,2,categorical__product_id_PRD-D,PRODUCT_MIX_EFFECT,0.00206715759363727,0.0
SH-MC-01-2025043008,0.04138607495599602,3,categorical__machine_type_Press,MACHINE_TYPE_EFFECT,0.0011970482149819969,0.0
SH-MC-01-2025043008,0.04138607495599602,4,categorical__shift_B,SHIFT_PATTERN,0.000506964314909978,1.0
SH-MC-08-2025061400,0.03912747019858347,1,categorical__product_id_PRD-A,PRODUCT_MIX_EFFECT,0.003537033751538655,1.0
SH-MC-08-2025061400,0.03912747019858347,2,categorical__product_id_PRD-D,PRODUCT_MIX_EFFECT,0.0012884074948104603,0.0
SH-MC-08-2025061400,0.03912747019858347,3,numeric__planned_downtime_min,MODEL_DRIVER_PLANNED_DOWNTIME_MIN,0.0008622398683987274,1.7720966635772197
SH-MC-08-2025061400,0.03912747019858347,4,numeric__changeover_count,MODEL_DRIVER_CHANGEOVER_COUNT,0.0008207888570463364,2.231166105376518
