timestamp,product_id,defects,units,defects_per_unit,lcl,center_line,ucl,rule_1_beyond_3sigma,rule_2_two_of_three_beyond_2sigma,rule_3_four_of_five_beyond_1sigma,rule_4_eight_same_side,any_signal
2024-01-01 00:00:00,PRD-A,33.0,1103.0,0.029918404351767906,0.03533907678856903,0.056882997094004746,0.07842691739944047,True,False,False,False,True
2024-01-01 08:00:00,PRD-A,45.0,1374.0,0.03275109170305677,0.037580249858595684,0.056882997094004746,0.0761857443294138,True,False,False,False,True
2024-01-01 16:00:00,PRD-A,64.0,1335.0,0.04794007490636704,0.03730032926540118,0.056882997094004746,0.07646566492260831,False,True,False,False,True
2024-01-02 00:00:00,PRD-A,36.0,1288.0,0.027950310559006212,0.036946238115271014,0.056882997094004746,0.07681975607273847,True,True,False,False,True
2024-01-02 08:00:00,PRD-A,25.0,1292.0,0.01934984520123839,0.036977123895209005,0.056882997094004746,0.07678887029280049,True,True,True,False,True
2024-01-02 16:00:00,PRD-A,43.0,1283.0,0.03351519875292284,0.03690742795788743,0.056882997094004746,0.07685856623012206,True,True,True,False,True
2024-01-09 00:00:00,PRD-A,61.0,1193.0,0.05113160100586756,0.03616764743433816,0.056882997094004746,0.07759834675367133,False,True,True,False,True
2024-01-09 08:00:00,PRD-A,66.0,1218.0,0.054187192118226604,0.03638134563571299,0.056882997094004746,0.0773846485522965,False,False,False,True,True
2024-01-09 16:00:00,PRD-A,98.0,1239.0,0.07909604519774012,0.03655583094887867,0.056882997094004746,0.07721016323913082,True,False,False,False,True
2024-01-10 00:00:00,PRD-A,69.0,1242.0,0.05555555555555555,0.036580395509085234,0.056882997094004746,0.07718559867892426,False,False,False,False,False
2024-01-10 08:00:00,PRD-A,52.0,1060.0,0.04905660377358491,0.0349064449701846,0.056882997094004746,0.0788595492178249,False,False,False,False,False
2024-01-10 16:00:00,PRD-A,71.0,1330.0,0.05338345864661654,0.037263554269950136,0.056882997094004746,0.07650243991805936,False,False,False,False,False
2024-01-17 00:00:00,PRD-A,36.0,1267.0,0.028413575374901343,0.036781695360778625,0.056882997094004746,0.07698429882723087,True,False,False,False,True
2024-01-17 08:00:00,PRD-A,48.0,1190.0,0.040336134453781515,0.036141552085348895,0.056882997094004746,0.07762444210266059,False,True,False,False,True
2024-01-17 16:00:00,PRD-A,61.0,1258.0,0.04848966613672496,0.036709919010358874,0.056882997094004746,0.07705607517765062,False,True,True,False,True
2024-01-18 00:00:00,PRD-A,46.0,1268.0,0.03627760252365931,0.03678962330497704,0.056882997094004746,0.07697637088303246,True,True,True,False,True
2024-01-18 08:00:00,PRD-A,52.0,1294.0,0.0401854714064915,0.036992513053441915,0.056882997094004746,0.07677348113456758,False,True,True,True,True
2024-01-18 16:00:00,PRD-A,63.0,1195.0,0.052719665271966525,0.03618498971419651,0.056882997094004746,0.07758100447381298,False,True,True,True,True
2024-01-25 00:00:00,PRD-A,45.0,1183.0,0.03803888419273035,0.03608027737280356,0.056882997094004746,0.07768571681520593,False,True,True,True,True
2024-01-25 08:00:00,PRD-A,46.0,1290.0,0.03565891472868217,0.03696169896209331,0.056882997094004746,0.07680429522591618,True,True,True,True,True
2024-01-25 16:00:00,PRD-A,73.0,1235.0,0.05910931174089069,0.03652293907276191,0.056882997094004746,0.07724305511524758,False,True,False,False,True
2024-01-26 00:00:00,PRD-A,40.0,1274.0,0.03139717425431711,0.03683699478256212,0.056882997094004746,0.07692899940544737,True,True,False,False,True
2024-01-26 08:00:00,PRD-A,54.0,1276.0,0.04231974921630094,0.03685271097651982,0.056882997094004746,0.07691328321148967,False,True,True,False,True
2024-01-26 16:00:00,PRD-A,89.0,1207.0,0.07373653686826843,0.036288136572370074,0.056882997094004746,0.07747785761563941,False,True,False,False,True
2024-02-02 00:00:00,PRD-A,32.0,1276.0,0.025078369905956112,0.03685271097651982,0.056882997094004746,0.07691328321148967,True,True,False,False,True
2024-02-02 08:00:00,PRD-A,36.0,1278.0,0.028169014084507043,0.036868390263554686,0.056882997094004746,0.0768976039244548,True,True,True,False,True
2024-02-02 16:00:00,PRD-A,50.0,1220.0,0.040983606557377046,0.03639815716085125,0.056882997094004746,0.07736783702715824,False,True,True,False,True
2024-02-03 00:00:00,PRD-A,32.0,1301.0,0.024596464258262875,0.03704609536678652,0.056882997094004746,0.07671989882122297,True,True,True,False,True
2024-02-03 08:00:00,PRD-A,49.0,1308.0,0.03746177370030581,0.037099246969333095,0.056882997094004746,0.07666674721867639,False,True,True,False,True
2024-02-03 16:00:00,PRD-A,69.0,1252.0,0.05511182108626198,0.0366616387384727,0.056882997094004746,0.07710435544953678,False,True,True,False,True
2024-02-10 00:00:00,PRD-A,46.0,1209.0,0.0380479735318445,0.03630517824721366,0.056882997094004746,0.07746081594079583,False,True,True,False,True
2024-02-10 08:00:00,PRD-A,56.0,1286.0,0.04354587869362364,0.03693074121516296,0.056882997094004746,0.07683525297284653,False,True,True,True,True
2024-02-10 16:00:00,PRD-A,72.0,1233.0,0.058394160583941604,0.03650643314542893,0.056882997094004746,0.07725956104258055,False,True,False,False,True
2024-02-11 00:00:00,PRD-A,56.0,1254.0,0.044657097288676235,0.03667777065835638,0.056882997094004746,0.07708822352965311,False,False,False,False,False
2024-02-11 08:00:00,PRD-A,61.0,1271.0,0.04799370574350905,0.036813350973701295,0.056882997094004746,0.0769526432143082,False,False,True,False,True
2024-02-11 16:00:00,PRD-A,92.0,1204.0,0.07641196013289037,0.03626249448666985,0.056882997094004746,0.07750349970133964,False,False,False,False,False
2024-02-18 00:00:00,PRD-A,57.0,1316.0,0.04331306990881459,0.03715947161477513,0.056882997094004746,0.07660652257323436,False,False,False,False,False
2024-02-18 08:00:00,PRD-A,27.0,1263.0,0.021377672209026127,0.03674988948371419,0.056882997094004746,0.0770161047042953,True,True,True,False,True
2024-02-18 16:00:00,PRD-A,60.0,1311.0,0.04576659038901602,0.037121895803460855,0.056882997094004746,0.07664409838454864,False,True,True,False,True
2024-02-19 00:00:00,PRD-A,29.0,1290.0,0.02248062015503876,0.03696169896209331,0.056882997094004746,0.07680429522591618,True,True,True,False,True
2024-02-19 08:00:00,PRD-A,33.0,1273.0,0.025923016496465043,0.0368291228002004,0.056882997094004746,0.0769368713878091,True,True,True,False,True
2024-02-19 16:00:00,PRD-A,65.0,1244.0,0.0522508038585209,0.0365967224932981,0.056882997094004746,0.07716927169471138,False,True,True,False,True
2024-02-26 00:00:00,PRD-A,77.0,1162.0,0.06626506024096386,0.035893142691953414,0.056882997094004746,0.07787285149605608,False,False,False,False,False
2024-02-26 08:00:00,PRD-A,95.0,1163.0,0.08168529664660361,0.035902168645672,0.056882997094004746,0.07786382554233749,True,False,False,False,True
2024-02-26 16:00:00,PRD-A,123.0,1197.0,0.10275689223057644,0.03620228851151851,0.056882997094004746,0.07756370567649098,True,True,False,False,True
2024-02-27 00:00:00,PRD-A,106.0,1149.0,0.09225413402959094,0.03577473511027128,0.056882997094004746,0.07799125907773821,True,True,True,False,True
2024-02-27 08:00:00,PRD-A,98.0,1159.0,0.08455565142364108,0.03586599477665976,0.056882997094004746,0.07789999941134973,True,True,True,False,True
2024-02-27 16:00:00,PRD-A,163.0,1105.0,0.14751131221719457,0.035358582379082806,0.056882997094004746,0.07840741180892669,True,True,True,False,True
2024-03-05 00:00:00,PRD-A,105.0,1295.0,0.08108108108108109,0.037000194260154516,0.056882997094004746,0.07676579992785498,True,True,True,False,True
2024-03-05 08:00:00,PRD-A,81.0,1302.0,0.06221198156682028,0.03705371468787698,0.056882997094004746,0.07671227950013251,False,True,True,True,True
2024-03-05 16:00:00,PRD-A,96.0,1241.0,0.07735697018533441,0.036572217220098985,0.056882997094004746,0.07719377696791051,True,True,True,True,True
2024-03-06 00:00:00,PRD-A,77.0,1296.0,0.05941358024691358,0.03700786657486574,0.056882997094004746,0.07675812761314375,False,False,False,True,True
2024-03-06 08:00:00,PRD-A,84.0,1228.0,0.06840390879478828,0.036464992053304654,0.056882997094004746,0.07730100213470484,False,False,False,True,True
2024-03-06 16:00:00,PRD-A,105.0,1222.0,0.08592471358428805,0.03641492739692727,0.056882997094004746,0.07735106679108222,True,False,False,True,True
2024-03-13 00:00:00,PRD-A,34.0,1215.0,0.027983539094650206,0.03635605055951831,0.056882997094004746,0.07740994362849118,True,False,False,False,True
2024-03-13 08:00:00,PRD-A,45.0,1299.0,0.03464203233256351,0.037030830338188755,0.056882997094004746,0.07673516384982074,True,True,False,False,True
2024-03-13 16:00:00,PRD-A,73.0,1249.0,0.05844675740592474,0.0366373682456136,0.056882997094004746,0.07712862594239589,False,True,False,False,True
2024-03-14 00:00:00,PRD-A,69.0,1236.0,0.055825242718446605,0.03653117700877434,0.056882997094004746,0.07723481717923515,False,False,False,False,False
2024-03-14 08:00:00,PRD-A,44.0,1238.0,0.035541195476575124,0.03654762292668058,0.056882997094004746,0.07721837126132891,True,False,False,False,True
2024-03-14 16:00:00,PRD-A,81.0,1191.0,0.06801007556675064,0.03615026148947366,0.056882997094004746,0.07761573269853583,False,False,False,False,False
2024-03-21 00:00:00,PRD-A,41.0,1233.0,0.0332522303325223,0.03650643314542893,0.056882997094004746,0.07725956104258055,True,True,False,False,True
2024-03-21 08:00:00,PRD-A,44.0,1285.0,0.034241245136186774,0.03692297920130044,0.056882997094004746,0.07684301498670905,True,True,False,False,True
2024-03-21 16:00:00,PRD-A,69.0,1262.0,0.05467511885895404,0.036741914396211744,0.056882997094004746,0.07702407979179775,False,True,False,False,True
2024-03-22 00:00:00,PRD-A,35.0,1255.0,0.027888446215139442,0.03668582215356973,0.056882997094004746,0.07708017203443976,True,True,False,False,True
2024-03-22 08:00:00,PRD-A,49.0,1228.0,0.039902280130293157,0.036464992053304654,0.056882997094004746,0.07730100213470484,False,True,True,False,True
2024-03-22 16:00:00,PRD-A,59.0,1251.0,0.04716227018385292,0.036653558275270864,0.056882997094004746,0.07711243591273863,False,True,True,False,True
2024-03-29 00:00:00,PRD-A,35.0,1261.0,0.02775574940523394,0.036733929823966366,0.056882997094004746,0.07703206436404313,True,True,True,False,True
2024-03-29 08:00:00,PRD-A,51.0,1313.0,0.03884234577303884,0.03713695188282044,0.056882997094004746,0.07662904230518905,False,True,True,True,True
2024-03-29 16:00:00,PRD-A,51.0,1241.0,0.0410958904109589,0.036572217220098985,0.056882997094004746,0.07719377696791051,False,True,True,True,True
2024-03-30 00:00:00,PRD-A,43.0,1281.0,0.03356752537080406,0.03689184030890122,0.056882997094004746,0.07687415387910827,True,True,True,True,True
2024-03-30 08:00:00,PRD-A,43.0,1329.0,0.03235515425131678,0.037256174377710935,0.056882997094004746,0.07650981981029856,True,True,True,True,True
2024-03-30 16:00:00,PRD-A,69.0,1249.0,0.055244195356285025,0.0366373682456136,0.056882997094004746,0.07712862594239589,False,True,True,True,True
2024-04-06 00:00:00,PRD-A,65.0,1206.0,0.0538971807628524,0.03627959984225356,0.056882997094004746,0.07748639434575594,False,False,False,True,True
2024-04-06 08:00:00,PRD-A,74.0,1240.0,0.05967741935483871,0.03656402904001473,0.056882997094004746,0.07720196514799477,False,False,False,False,False
2024-04-06 16:00:00,PRD-A,117.0,1212.0,0.09653465346534654,0.03633066162398304,0.056882997094004746,0.07743533256402646,True,False,False,False,True
2024-04-07 00:00:00,PRD-A,80.0,1222.0,0.06546644844517185,0.03641492739692727,0.056882997094004746,0.07735106679108222,False,False,False,False,False
2024-04-07 08:00:00,PRD-A,83.0,1211.0,0.0685383980181668,0.03632217768741115,0.056882997094004746,0.07744381650059834,False,False,False,False,False
2024-04-07 16:00:00,PRD-A,98.0,1170.0,0.08376068376068375,0.035965025966103056,0.056882997094004746,0.07780096822190644,True,False,True,False,True
2024-04-14 00:00:00,PRD-A,39.0,1246.0,0.03130016051364366,0.03661301015116347,0.056882997094004746,0.07715298403684602,True,False,True,False,True
2024-04-14 08:00:00,PRD-A,36.0,1296.0,0.027777777777777776,0.03700786657486574,0.056882997094004746,0.07675812761314375,True,True,False,False,True
2024-04-14 16:00:00,PRD-A,46.0,1260.0,0.03650793650793651,0.03672593574816284,0.056882997094004746,0.07704005843984665,True,True,False,False,True
2024-04-15 00:00:00,PRD-A,58.0,1298.0,0.04468412942989214,0.03702318459680927,0.056882997094004746,0.07674280959120022,False,True,True,False,True
2024-04-15 08:00:00,PRD-A,44.0,1326.0,0.033182503770739065,0.03723398463323995,0.056882997094004746,0.07653200955476955,True,True,True,False,True
2024-04-15 16:00:00,PRD-A,61.0,1277.0,0.047768206734534066,0.036860555224370074,0.056882997094004746,0.07690543896363941,False,False,True,False,True
2024-04-22 00:00:00,PRD-A,42.0,1225.0,0.03428571428571429,0.03644000570289034,0.056882997094004746,0.07732598848511915,True,True,True,False,True
2024-04-22 08:00:00,PRD-A,45.0,1290.0,0.03488372093023256,0.03696169896209331,0.056882997094004746,0.07680429522591618,True,True,True,True,True
2024-04-22 16:00:00,PRD-A,61.0,1227.0,0.04971475142624287,0.03645667345241331,0.056882997094004746,0.07730932073559618,False,True,True,True,True
2024-04-23 00:00:00,PRD-A,50.0,1229.0,0.04068348250610252,0.03647330049923999,0.056882997094004746,0.07729269368876951,False,True,True,True,True
2024-04-23 08:00:00,PRD-A,52.0,1273.0,0.0408483896307934,0.0368291228002004,0.056882997094004746,0.0769368713878091,False,True,True,True,True
2024-04-23 16:00:00,PRD-A,88.0,1236.0,0.07119741100323625,0.03653117700877434,0.056882997094004746,0.07723481717923515,False,True,True,False,True
2024-04-30 00:00:00,PRD-A,54.0,1179.0,0.04580152671755725,0.03604501850051753,0.056882997094004746,0.07772097568749196,False,False,True,False,True
2024-04-30 08:00:00,PRD-A,70.0,1203.0,0.058187863674147966,0.03625392581702626,0.056882997094004746,0.07751206837098323,False,False,False,False,False
2024-04-30 16:00:00,PRD-A,74.0,1216.0,0.06085526315789474,0.03636449265180811,0.056882997094004746,0.07740150153620137,False,False,False,False,False
2024-05-01 00:00:00,PRD-A,29.0,1058.0,0.027410207939508508,0.03488568298905551,0.056882997094004746,0.07888031119895397,True,False,False,False,True
2024-05-01 08:00:00,PRD-A,34.0,1288.0,0.026397515527950312,0.036946238115271014,0.056882997094004746,0.07681975607273847,True,True,False,False,True
2024-05-01 16:00:00,PRD-A,51.0,1213.0,0.04204451772464963,0.03633913506712613,0.056882997094004746,0.07742685912088336,False,True,False,False,True
2024-05-08 00:00:00,PRD-A,35.0,1191.0,0.02938706968933669,0.03615026148947366,0.056882997094004746,0.07761573269853583,True,True,True,False,True
2024-05-08 08:00:00,PRD-A,50.0,1251.0,0.03996802557953637,0.036653558275270864,0.056882997094004746,0.07711243591273863,False,True,True,False,True
2024-05-08 16:00:00,PRD-A,67.0,1225.0,0.054693877551020405,0.03644000570289034,0.056882997094004746,0.07732598848511915,False,True,True,False,True
2024-05-09 00:00:00,PRD-A,50.0,1218.0,0.041050903119868636,0.03638134563571299,0.056882997094004746,0.0773846485522965,False,True,True,False,True
2024-05-09 08:00:00,PRD-A,57.0,1230.0,0.046341463414634146,0.036481598810863665,0.056882997094004746,0.07728439537714582,False,False,True,True,True
2024-05-09 16:00:00,PRD-A,72.0,1238.0,0.05815831987075929,0.03654762292668058,0.056882997094004746,0.07721837126132891,False,False,False,False,False
2024-05-16 00:00:00,PRD-A,91.0,1284.0,0.07087227414330217,0.03691520812142933,0.056882997094004746,0.07685078606658016,False,False,False,False,False
2024-05-16 08:00:00,PRD-A,108.0,1337.0,0.08077786088257292,0.037314981469344616,0.056882997094004746,0.07645101271866488,True,True,False,False,True
2024-05-16 16:00:00,PRD-A,67.0,1243.0,0.053901850362027354,0.036588563926871064,0.056882997094004746,0.07717743026113844,False,True,False,False,True
2024-05-17 00:00:00,PRD-A,47.0,1295.0,0.036293436293436294,0.037000194260154516,0.056882997094004746,0.07676579992785498,True,False,False,False,True
2024-05-17 08:00:00,PRD-A,57.0,1313.0,0.04341203351104341,0.03713695188282044,0.056882997094004746,0.07662904230518905,False,True,False,False,True
2024-05-17 16:00:00,PRD-A,102.0,1248.0,0.08173076923076923,0.03662925864030204,0.056882997094004746,0.07713673554770745,True,True,False,False,True
2024-05-24 00:00:00,PRD-A,80.0,1097.0,0.07292616226071102,0.03528024030130104,0.056882997094004746,0.07848575388670845,False,True,False,False,True
2024-05-24 08:00:00,PRD-A,96.0,1186.0,0.08094435075885328,0.03610660438574098,0.056882997094004746,0.07765938980226851,True,True,False,False,True
2024-05-24 16:00:00,PRD-A,89.0,796.0,0.11180904522613065,0.03152260544421537,0.056882997094004746,0.08224338874379412,True,True,True,False,True
2024-05-25 00:00:00,PRD-A,27.0,1299.0,0.020785219399538105,0.037030830338188755,0.056882997094004746,0.07673516384982074,True,True,True,False,True
2024-05-25 08:00:00,PRD-A,43.0,1294.0,0.03323029366306028,0.036992513053441915,0.056882997094004746,0.07677348113456758,True,True,False,False,True
2024-05-25 16:00:00,PRD-A,45.0,1266.0,0.035545023696682464,0.03677375802513534,0.056882997094004746,0.07699223616287415,True,True,False,False,True
2024-06-01 00:00:00,PRD-A,48.0,1072.0,0.04477611940298507,0.035029794225714436,0.056882997094004746,0.07873619996229506,False,True,True,False,True
2024-06-01 08:00:00,PRD-A,55.0,1269.0,0.04334121355397951,0.03679754187623589,0.056882997094004746,0.0769684523117736,False,True,True,False,True
2024-06-01 16:00:00,PRD-A,62.0,1211.0,0.05119735755573906,0.03632217768741115,0.056882997094004746,0.07744381650059834,False,False,True,False,True
2024-06-02 00:00:00,PRD-A,48.0,1239.0,0.0387409200968523,0.03655583094887867,0.056882997094004746,0.07721016323913082,False,True,True,False,True
2024-06-02 08:00:00,PRD-A,48.0,1281.0,0.03747072599531616,0.03689184030890122,0.056882997094004746,0.07687415387910827,False,True,True,True,True
2024-06-02 16:00:00,PRD-A,85.0,1242.0,0.06843800322061191,0.036580395509085234,0.056882997094004746,0.07718559867892426,False,True,False,False,True
2024-06-09 00:00:00,PRD-A,42.0,1227.0,0.034229828850855744,0.03645667345241331,0.056882997094004746,0.07730932073559618,True,True,False,False,True
2024-06-09 08:00:00,PRD-A,57.0,1263.0,0.04513064133016627,0.03674988948371419,0.056882997094004746,0.0770161047042953,False,False,True,False,True
2024-06-09 16:00:00,PRD-A,66.0,1230.0,0.05365853658536585,0.036481598810863665,0.056882997094004746,0.07728439537714582,False,False,False,False,False
2024-06-10 00:00:00,PRD-A,53.0,1234.0,0.04294975688816856,0.03651469112507855,0.056882997094004746,0.07725130306293095,False,False,False,False,False
2024-06-10 08:00:00,PRD-A,45.0,1258.0,0.03577106518282989,0.036709919010358874,0.056882997094004746,0.07705607517765062,True,True,True,False,True
2024-06-10 16:00:00,PRD-A,74.0,1232.0,0.060064935064935064,0.03649816511346013,0.056882997094004746,0.07726782907454936,False,True,False,False,True
2024-06-17 00:00:00,PRD-A,54.0,1188.0,0.045454545454545456,0.036124100298493125,0.056882997094004746,0.07764189388951637,False,False,False,False,False
2024-06-17 08:00:00,PRD-A,52.0,1272.0,0.040880503144654086,0.03682124153666415,0.056882997094004746,0.07694475265134534,False,False,True,False,True
2024-06-17 16:00:00,PRD-A,82.0,1231.0,0.06661251015434606,0.03648988700876133,0.056882997094004746,0.07727610717924815,False,False,False,False,False
2024-06-18 00:00:00,PRD-A,61.0,1253.0,0.04868316041500399,0.03666970952640365,0.056882997094004746,0.07709628466160584,False,False,False,False,False
2024-06-18 08:00:00,PRD-A,68.0,1239.0,0.05488297013720742,0.03655583094887867,0.056882997094004746,0.07721016323913082,False,False,False,False,False
2024-06-18 16:00:00,PRD-A,76.0,1197.0,0.06349206349206349,0.03620228851151851,0.056882997094004746,0.07756370567649098,False,False,False,False,False
2024-06-25 00:00:00,PRD-A,49.0,1243.0,0.039420756234915526,0.036588563926871064,0.056882997094004746,0.07717743026113844,False,False,False,False,False
2024-06-25 08:00:00,PRD-A,49.0,1258.0,0.038950715421303655,0.036709919010358874,0.056882997094004746,0.07705607517765062,False,True,False,False,True
2024-06-25 16:00:00,PRD-A,89.0,1205.0,0.07385892116182573,0.03627105248770553,0.056882997094004746,0.07749494170030397,False,True,False,False,True
2024-06-26 00:00:00,PRD-A,117.0,1339.0,0.08737864077669903,0.03732960083307732,0.056882997094004746,0.07643639335493217,True,True,False,False,True
2024-06-26 08:00:00,PRD-A,52.0,1276.0,0.04075235109717868,0.03685271097651982,0.056882997094004746,0.07691328321148967,False,True,False,False,True
2024-06-26 16:00:00,PRD-A,79.0,1201.0,0.06577851790174855,0.03623675638311199,0.056882997094004746,0.07752923780489751,False,False,False,False,False
2024-07-03 00:00:00,PRD-A,48.0,1238.0,0.03877221324717286,0.03654762292668058,0.056882997094004746,0.07721837126132891,False,True,False,False,True
2024-07-03 08:00:00,PRD-A,40.0,1278.0,0.03129890453834116,0.036868390263554686,0.056882997094004746,0.0768976039244548,True,True,False,False,True
2024-07-03 16:00:00,PRD-A,56.0,1235.0,0.045344129554655874,0.03652293907276191,0.056882997094004746,0.07724305511524758,False,True,True,False,True
2024-07-04 00:00:00,PRD-A,39.0,1240.0,0.031451612903225803,0.03656402904001473,0.056882997094004746,0.07720196514799477,True,True,True,False,True
2024-07-04 08:00:00,PRD-A,49.0,1289.0,0.03801396431342126,0.03695397303660142,0.056882997094004746,0.07681202115140807,False,True,True,False,True
2024-07-04 16:00:00,PRD-A,63.0,1246.0,0.05056179775280899,0.03661301015116347,0.056882997094004746,0.07715298403684602,False,True,True,False,True
2024-07-11 00:00:00,PRD-A,66.0,1304.0,0.05061349693251534,0.037068927027980425,0.056882997094004746,0.07669706716002907,False,False,False,False,False
2024-07-11 08:00:00,PRD-A,53.0,1297.0,0.040863531225905934,0.03701553001471845,0.056882997094004746,0.07675046417329104,False,False,False,True,True
2024-07-11 16:00:00,PRD-A,46.0,1259.0,0.03653693407466243,0.03671793214993367,0.056882997094004746,0.07704806203807582,True,True,False,True,True
2024-07-12 00:00:00,PRD-A,38.0,1325.0,0.028679245283018868,0.037226571310033055,0.056882997094004746,0.07653942287797644,True,True,False,True,True
2024-07-12 08:00:00,PRD-A,37.0,1306.0,0.028330781010719754,0.03708410441057221,0.056882997094004746,0.07668188977743728,True,True,True,True,True
2024-07-12 16:00:00,PRD-A,68.0,1269.0,0.05358550039401103,0.03679754187623589,0.056882997094004746,0.0769684523117736,False,True,True,True,True
2024-07-19 00:00:00,PRD-A,86.0,1219.0,0.07054963084495489,0.036389756569998585,0.056882997094004746,0.0773762376180109,False,False,False,False,False
2024-07-19 08:00:00,PRD-A,61.0,883.0,0.06908267270668177,0.03280434685496234,0.056882997094004746,0.08096164733304714,False,False,False,False,False
2024-07-19 16:00:00,PRD-A,54.0,1278.0,0.04225352112676056,0.036868390263554686,0.056882997094004746,0.0768976039244548,False,False,False,False,False
2024-07-20 00:00:00,PRD-A,37.0,1301.0,0.02843966179861645,0.03704609536678652,0.056882997094004746,0.07671989882122297,True,True,False,False,True
2024-07-20 08:00:00,PRD-A,41.0,1315.0,0.0311787072243346,0.03715197360063649,0.056882997094004746,0.076614020587373,True,True,False,False,True
2024-07-20 16:00:00,PRD-A,71.0,1260.0,0.05634920634920635,0.03672593574816284,0.056882997094004746,0.07704005843984665,False,True,False,False,True
2024-07-27 00:00:00,PRD-A,88.0,1234.0,0.0713128038897893,0.03651469112507855,0.056882997094004746,0.07725130306293095,False,False,False,False,False
2024-07-27 08:00:00,PRD-A,100.0,1264.0,0.07911392405063292,0.03675785510523677,0.056882997094004746,0.07700813908277272,True,True,False,False,True
2024-07-27 16:00:00,PRD-A,109.0,934.0,0.11670235546038545,0.033470968170046994,0.056882997094004746,0.0802950260179625,True,True,False,False,True
2024-07-28 00:00:00,PRD-A,53.0,1309.0,0.04048892284186402,0.03710680523135667,0.056882997094004746,0.07665918895665283,False,True,False,False,True
2024-07-28 08:00:00,PRD-A,99.0,1352.0,0.07322485207100592,0.037423834616549655,0.056882997094004746,0.07634215957145984,False,True,True,False,True
2024-07-28 16:00:00,PRD-A,131.0,1334.0,0.09820089955022489,0.03729299080989584,0.056882997094004746,0.07647300337811365,True,True,True,False,True
2024-08-04 00:00:00,PRD-A,47.0,1209.0,0.03887510339123242,0.03630517824721366,0.056882997094004746,0.07746081594079583,False,True,False,False,True
2024-08-04 08:00:00,PRD-A,60.0,1254.0,0.04784688995215311,0.03667777065835638,0.056882997094004746,0.07708822352965311,False,False,False,False,False
2024-08-04 16:00:00,PRD-A,81.0,1256.0,0.06449044585987261,0.03669386403122894,0.056882997094004746,0.07707213015678055,False,False,False,False,False
2024-08-05 00:00:00,PRD-A,66.0,1277.0,0.05168363351605325,0.036860555224370074,0.056882997094004746,0.07690543896363941,False,False,False,False,False
2024-08-05 08:00:00,PRD-A,61.0,1202.0,0.050748752079866885,0.03624534645659007,0.056882997094004746,0.07752064773141942,False,False,False,False,False
2024-08-05 16:00:00,PRD-A,77.0,1147.0,0.06713164777680906,0.03575634010723022,0.056882997094004746,0.07800965408077927,False,False,False,False,False
2024-08-12 00:00:00,PRD-A,50.0,1096.0,0.04562043795620438,0.03527038727602581,0.056882997094004746,0.07849560691198368,False,False,False,False,False
2024-08-12 08:00:00,PRD-A,35.0,1306.0,0.02679938744257274,0.03708410441057221,0.056882997094004746,0.07668188977743728,True,False,False,False,True
2024-08-12 16:00:00,PRD-A,41.0,1282.0,0.031981279251170044,0.03689963869296432,0.056882997094004746,0.07686635549504517,True,True,False,False,True
2024-08-13 00:00:00,PRD-A,22.0,1327.0,0.016578749058025623,0.037241389575074724,0.056882997094004746,0.07652460461293477,True,True,True,False,True
2024-08-13 08:00:00,PRD-A,35.0,1270.0,0.027559055118110236,0.03680545109300948,0.056882997094004746,0.07696054309500001,True,True,True,False,True
2024-08-13 16:00:00,PRD-A,53.0,1288.0,0.04114906832298137,0.036946238115271014,0.056882997094004746,0.07681975607273847,False,True,True,False,True
2024-08-20 00:00:00,PRD-A,70.0,1202.0,0.05823627287853577,0.03624534645659007,0.056882997094004746,0.07752064773141942,False,True,True,False,True
2024-08-20 08:00:00,PRD-A,80.0,1223.0,0.06541291905151267,0.03642329708433388,0.056882997094004746,0.07734269710367561,False,False,False,False,False
2024-08-20 16:00:00,PRD-A,124.0,1176.0,0.1054421768707483,0.03601845637552993,0.056882997094004746,0.07774753781247956,True,False,False,False,True
2024-08-21 00:00:00,PRD-A,61.0,846.0,0.07210401891252956,0.032283438826476905,0.056882997094004746,0.0814825553615326,False,False,False,False,False
2024-08-21 08:00:00,PRD-A,30.0,1314.0,0.0228310502283105,0.03714446702874865,0.056882997094004746,0.07662152715926085,True,False,False,False,True
2024-08-21 16:00:00,PRD-A,51.0,1284.0,0.0397196261682243,0.03691520812142933,0.056882997094004746,0.07685078606658016,False,True,False,False,True
2024-08-28 00:00:00,PRD-A,79.0,1293.0,0.06109822119102862,0.036984822937538686,0.056882997094004746,0.0767811712504708,False,True,False,False,True
2024-08-28 08:00:00,PRD-A,38.0,1262.0,0.030110935023771792,0.036741914396211744,0.056882997094004746,0.07702407979179775,True,True,False,False,True
2024-08-28 16:00:00,PRD-A,74.0,1217.0,0.06080525883319639,0.036372924336751024,0.056882997094004746,0.07739306985125846,False,False,False,False,False
2024-08-29 00:00:00,PRD-A,54.0,1286.0,0.041990668740279936,0.03693074121516296,0.056882997094004746,0.07683525297284653,False,True,False,False,True
2024-08-29 08:00:00,PRD-A,46.0,1239.0,0.03712671509281679,0.03655583094887867,0.056882997094004746,0.07721016323913082,False,True,False,False,True
2024-08-29 16:00:00,PRD-A,62.0,1226.0,0.05057096247960848,0.03644834467586268,0.056882997094004746,0.07731764951214681,False,True,False,False,True
2024-09-05 00:00:00,PRD-A,75.0,1301.0,0.05764796310530361,0.03704609536678652,0.056882997094004746,0.07671989882122297,False,False,False,False,False
2024-09-05 08:00:00,PRD-A,51.0,1241.0,0.0410958904109589,0.036572217220098985,0.056882997094004746,0.07719377696791051,False,False,False,False,False
2024-09-05 16:00:00,PRD-A,82.0,1242.0,0.06602254428341385,0.036580395509085234,0.056882997094004746,0.07718559867892426,False,False,False,False,False
2024-09-06 00:00:00,PRD-A,28.0,815.0,0.0343558282208589,0.03181996064328486,0.056882997094004746,0.08194603354472463,False,True,False,False,True
2024-09-06 08:00:00,PRD-A,49.0,1376.0,0.03561046511627907,0.037594283119073264,0.056882997094004746,0.07617171106893622,True,True,False,False,True
2024-09-06 16:00:00,PRD-A,44.0,1268.0,0.03470031545741325,0.03678962330497704,0.056882997094004746,0.07697637088303246,True,True,True,False,True
2024-09-13 00:00:00,PRD-A,38.0,1242.0,0.030595813204508857,0.036580395509085234,0.056882997094004746,0.07718559867892426,True,True,True,False,True
2024-09-13 08:00:00,PRD-A,46.0,1283.0,0.03585346843335931,0.03690742795788743,0.056882997094004746,0.07685856623012206,True,True,True,False,True
2024-09-13 16:00:00,PRD-A,72.0,1223.0,0.058871627146361405,0.03642329708433388,0.056882997094004746,0.07734269710367561,False,True,True,False,True
2024-09-14 00:00:00,PRD-A,63.0,1281.0,0.04918032786885246,0.03689184030890122,0.056882997094004746,0.07687415387910827,False,False,True,False,True
2024-09-14 08:00:00,PRD-A,55.0,1232.0,0.044642857142857144,0.03649816511346013,0.056882997094004746,0.07726782907454936,False,False,True,False,True
2024-09-14 16:00:00,PRD-A,69.0,1127.0,0.061224489795918366,0.03556970523654453,0.056882997094004746,0.07819628895146497,False,False,False,False,False
2024-09-21 00:00:00,PRD-A,50.0,1096.0,0.04562043795620438,0.03527038727602581,0.056882997094004746,0.07849560691198368,False,False,False,False,False
2024-09-21 08:00:00,PRD-A,56.0,1253.0,0.0446927374301676,0.03666970952640365,0.056882997094004746,0.07709628466160584,False,False,True,False,True
2024-09-21 16:00:00,PRD-A,70.0,1103.0,0.06346328195829556,0.03533907678856903,0.056882997094004746,0.07842691739944047,False,False,False,False,False
2024-09-22 00:00:00,PRD-A,61.0,1226.0,0.049755301794453505,0.03644834467586268,0.056882997094004746,0.07731764951214681,False,False,False,False,False
2024-09-22 08:00:00,PRD-A,68.0,1282.0,0.0530421216848674,0.03689963869296432,0.056882997094004746,0.07686635549504517,False,False,False,False,False
2024-09-22 16:00:00,PRD-A,91.0,1168.0,0.0779109589041096,0.03594712440430905,0.056882997094004746,0.07781886978370045,True,False,False,False,True
2024-09-29 00:00:00,PRD-A,43.0,1210.0,0.03553719008264463,0.036313683235734334,0.056882997094004746,0.07745231095227516,True,False,False,False,True
2024-09-29 08:00:00,PRD-A,89.0,1336.0,0.06661676646706587,0.03730765948008008,0.056882997094004746,0.07645833470792941,False,False,False,False,False
2024-09-29 16:00:00,PRD-A,64.0,1210.0,0.05289256198347107,0.036313683235734334,0.056882997094004746,0.07745231095227516,False,False,False,False,False
2024-09-30 00:00:00,PRD-A,57.0,1262.0,0.045166402535657686,0.036741914396211744,0.056882997094004746,0.07702407979179775,False,False,False,False,False
2024-09-30 08:00:00,PRD-A,55.0,1251.0,0.04396482813749001,0.036653558275270864,0.056882997094004746,0.07711243591273863,False,False,False,False,False
2024-09-30 16:00:00,PRD-A,134.0,1224.0,0.10947712418300654,0.03643165651267453,0.056882997094004746,0.07733433767533496,True,False,False,False,True
2024-10-07 00:00:00,PRD-A,49.0,1267.0,0.03867403314917127,0.036781695360778625,0.056882997094004746,0.07698429882723087,False,False,False,False,False
2024-10-07 08:00:00,PRD-A,98.0,1336.0,0.07335329341317365,0.03730765948008008,0.056882997094004746,0.07645833470792941,False,True,False,False,True
2024-10-07 16:00:00,PRD-A,108.0,1299.0,0.08314087759815242,0.037030830338188755,0.056882997094004746,0.07673516384982074,True,True,False,False,True
2024-10-08 00:00:00,PRD-A,54.0,1312.0,0.041158536585365856,0.03712942814651725,0.056882997094004746,0.07663656604149224,False,True,False,False,True
2024-10-08 08:00:00,PRD-A,72.0,1263.0,0.057007125890736345,0.03674988948371419,0.056882997094004746,0.0770161047042953,False,False,False,False,False
2024-10-08 16:00:00,PRD-A,54.0,1260.0,0.04285714285714286,0.03672593574816284,0.056882997094004746,0.07704005843984665,False,True,False,False,True
2024-10-15 00:00:00,PRD-A,41.0,1268.0,0.032334384858044164,0.03678962330497704,0.056882997094004746,0.07697637088303246,True,True,False,False,True
2024-10-15 08:00:00,PRD-A,53.0,1337.0,0.039640987284966345,0.037314981469344616,0.056882997094004746,0.07645101271866488,False,True,True,False,True
2024-10-15 16:00:00,PRD-A,52.0,1260.0,0.04126984126984127,0.03672593574816284,0.056882997094004746,0.07704005843984665,False,True,True,False,True
2024-10-16 00:00:00,PRD-A,34.0,1324.0,0.0256797583081571,0.03721914958963117,0.056882997094004746,0.07654684459837832,True,True,True,False,True
2024-10-16 08:00:00,PRD-A,37.0,1253.0,0.029529130087789304,0.03666970952640365,0.056882997094004746,0.07709628466160584,True,True,True,False,True
2024-10-16 16:00:00,PRD-A,40.0,1213.0,0.03297609233305853,0.03633913506712613,0.056882997094004746,0.07742685912088336,True,True,True,False,True
2024-10-23 00:00:00,PRD-A,37.0,1228.0,0.03013029315960912,0.036464992053304654,0.056882997094004746,0.07730100213470484,True,True,True,True,True
2024-10-23 08:00:00,PRD-A,37.0,1288.0,0.02872670807453416,0.036946238115271014,0.056882997094004746,0.07681975607273847,True,True,True,True,True
2024-10-23 16:00:00,PRD-A,52.0,1227.0,0.042379788101059496,0.03645667345241331,0.056882997094004746,0.07730932073559618,False,True,True,True,True
2024-10-24 00:00:00,PRD-A,37.0,1244.0,0.0297427652733119,0.0365967224932981,0.056882997094004746,0.07716927169471138,True,True,True,True,True
2024-10-24 08:00:00,PRD-A,36.0,1169.0,0.030795551753635585,0.035956080927794745,0.056882997094004746,0.07780991326021475,True,True,True,True,True
2024-10-24 16:00:00,PRD-A,73.0,1197.0,0.06098579782790309,0.03620228851151851,0.056882997094004746,0.07756370567649098,False,True,True,False,True
2024-10-31 00:00:00,PRD-A,67.0,1298.0,0.05161787365177196,0.03702318459680927,0.056882997094004746,0.07674280959120022,False,False,False,False,False
2024-10-31 08:00:00,PRD-A,52.0,1370.0,0.03795620437956204,0.037552091204332644,0.056882997094004746,0.07621390298367685,False,False,False,False,False
2024-10-31 16:00:00,PRD-A,47.0,1284.0,0.03660436137071651,0.03691520812142933,0.056882997094004746,0.07685078606658016,True,True,False,False,True
2024-11-01 00:00:00,PRD-A,16.0,1128.0,0.014184397163120567,0.03557915471245013,0.056882997094004746,0.07818683947555936,True,True,False,False,True
2024-11-01 08:00:00,PRD-A,30.0,1281.0,0.0234192037470726,0.03689184030890122,0.056882997094004746,0.07687415387910827,True,True,True,False,True
2024-11-01 16:00:00,PRD-A,48.0,1303.0,0.03683806600153492,0.03706132523600075,0.056882997094004746,0.07670466895200874,True,True,True,False,True
2024-11-08 00:00:00,PRD-A,69.0,1216.0,0.05674342105263158,0.03636449265180811,0.056882997094004746,0.07740150153620137,False,True,True,False,True
2024-11-08 08:00:00,PRD-A,69.0,1199.0,0.057547956630525435,0.03621954400770823,0.056882997094004746,0.07754645018030126,False,False,False,False,False
2024-11-08 16:00:00,PRD-A,103.0,1265.0,0.08142292490118577,0.036765811279490676,0.056882997094004746,0.07700018290851882,True,False,False,False,True
2024-11-09 00:00:00,PRD-A,81.0,1216.0,0.06661184210526316,0.03636449265180811,0.056882997094004746,0.07740150153620137,False,False,False,False,False
2024-11-09 08:00:00,PRD-A,90.0,1180.0,0.07627118644067797,0.036053850023945976,0.056882997094004746,0.07771214416406352,False,True,False,False,True
2024-11-09 16:00:00,PRD-A,114.0,1213.0,0.09398186314921682,0.03633913506712613,0.056882997094004746,0.07742685912088336,True,True,True,False,True
2024-11-16 00:00:00,PRD-A,58.0,1170.0,0.04957264957264957,0.035965025966103056,0.056882997094004746,0.07780096822190644,False,True,True,False,True
2024-11-16 08:00:00,PRD-A,61.0,1245.0,0.04899598393574297,0.03660487122815216,0.056882997094004746,0.07716112295985733,False,False,False,False,False
2024-11-16 16:00:00,PRD-A,88.0,1135.0,0.07753303964757709,0.03564495098548698,0.056882997094004746,0.07812104320252251,False,False,False,False,False
2024-11-17 00:00:00,PRD-A,67.0,1256.0,0.05334394904458599,0.03669386403122894,0.056882997094004746,0.07707213015678055,False,False,False,False,False
2024-11-17 08:00:00,PRD-A,71.0,1204.0,0.058970099667774084,0.03626249448666985,0.056882997094004746,0.07750349970133964,False,False,False,False,False
2024-11-17 16:00:00,PRD-A,99.0,1153.0,0.08586296617519515,0.03581138142607525,0.056882997094004746,0.07795461276193424,True,False,False,False,True
2024-11-24 00:00:00,PRD-A,41.0,1196.0,0.034280936454849496,0.03619364453681191,0.056882997094004746,0.07757234965119758,True,False,False,False,True
2024-11-24 08:00:00,PRD-A,50.0,1218.0,0.041050903119868636,0.03638134563571299,0.056882997094004746,0.0773846485522965,False,True,False,False,True
2024-11-24 16:00:00,PRD-A,72.0,1214.0,0.05930807248764415,0.036347598038454096,0.056882997094004746,0.0774183961495554,False,True,False,False,True
2024-11-25 00:00:00,PRD-A,63.0,1226.0,0.05138662316476346,0.03644834467586268,0.056882997094004746,0.07731764951214681,False,False,False,False,False
2024-11-25 08:00:00,PRD-A,71.0,1247.0,0.05693664795509222,0.03662113928200689,0.056882997094004746,0.0771448549060026,False,False,False,False,False
2024-11-25 16:00:00,PRD-A,59.0,875.0,0.06742857142857143,0.03269452347899446,0.056882997094004746,0.08107147070901503,False,False,False,False,False
2024-12-02 00:00:00,PRD-A,63.0,1316.0,0.047872340425531915,0.03715947161477513,0.056882997094004746,0.07660652257323436,False,False,False,False,False
2024-12-02 08:00:00,PRD-A,53.0,1374.0,0.03857350800582242,0.037580249858595684,0.056882997094004746,0.0761857443294138,False,False,False,False,False
2024-12-02 16:00:00,PRD-A,35.0,1249.0,0.02802241793434748,0.0366373682456136,0.056882997094004746,0.07712862594239589,True,True,False,False,True
2024-12-03 00:00:00,PRD-A,30.0,1325.0,0.022641509433962263,0.037226571310033055,0.056882997094004746,0.07653942287797644,True,True,True,False,True
2024-12-03 08:00:00,PRD-A,35.0,1329.0,0.02633559066967645,0.037256174377710935,0.056882997094004746,0.07650981981029856,True,True,True,False,True
2024-12-03 16:00:00,PRD-A,49.0,1242.0,0.039452495974235106,0.036580395509085234,0.056882997094004746,0.07718559867892426,False,True,True,False,True
2024-12-10 00:00:00,PRD-A,131.0,1138.0,0.11511423550087874,0.035672963368891905,0.056882997094004746,0.07809303081911759,True,True,True,False,True
2024-12-10 08:00:00,PRD-A,166.0,1219.0,0.1361771944216571,0.036389756569998585,0.056882997094004746,0.0773762376180109,True,True,False,False,True
2024-12-10 16:00:00,PRD-A,203.0,1200.0,0.16916666666666666,0.03622815557427782,0.056882997094004746,0.07753783861373167,True,True,False,False,True
2024-12-11 00:00:00,PRD-A,168.0,1171.0,0.14346712211784798,0.03597395954375923,0.056882997094004746,0.07779203464425026,True,True,True,False,True
2024-12-11 08:00:00,PRD-A,176.0,1142.0,0.15411558669001751,0.035710141370699555,0.056882997094004746,0.07805585281730994,True,True,True,False,True
2024-12-11 16:00:00,PRD-A,220.0,1151.0,0.19113814074717636,0.0357930821471876,0.056882997094004746,0.07797291204082189,True,True,True,False,True
2024-12-18 00:00:00,PRD-A,72.0,1182.0,0.06091370558375635,0.03607147943638943,0.056882997094004746,0.07769451475162006,False,True,True,False,True
2024-12-18 08:00:00,PRD-A,76.0,1235.0,0.06153846153846154,0.03652293907276191,0.056882997094004746,0.07724305511524758,False,False,False,True,True
2024-12-18 16:00:00,PRD-A,107.0,1157.0,0.09248055315471046,0.03584783753585,0.056882997094004746,0.0779181566521595,True,False,False,True,True
2024-12-19 00:00:00,PRD-A,92.0,1214.0,0.0757825370675453,0.036347598038454096,0.056882997094004746,0.0774183961495554,False,True,False,True,True
2024-12-19 08:00:00,PRD-A,97.0,1226.0,0.07911908646003263,0.03644834467586268,0.056882997094004746,0.07731764951214681,True,True,False,True,True
2024-12-19 16:00:00,PRD-A,128.0,1085.0,0.11797235023041475,0.035161106548051754,0.056882997094004746,0.07860488763995774,True,True,True,True,True
2024-12-26 00:00:00,PRD-A,53.0,1288.0,0.04114906832298137,0.036946238115271014,0.056882997094004746,0.07681975607273847,False,True,True,False,True
2024-12-26 08:00:00,PRD-A,29.0,1294.0,0.02241112828438949,0.036992513053441915,0.056882997094004746,0.07677348113456758,True,True,False,False,True
2024-12-26 16:00:00,PRD-A,47.0,1237.0,0.03799514955537591,0.03653940495335368,0.056882997094004746,0.0772265892346558,False,True,False,False,True
2024-12-27 00:00:00,PRD-A,56.0,1333.0,0.042010502625656414,0.03728564409811157,0.056882997094004746,0.07648035008989792,False,True,True,False,True
2024-12-27 08:00:00,PRD-A,35.0,1303.0,0.02686108979278588,0.03706132523600075,0.056882997094004746,0.07670466895200874,True,True,True,False,True
2024-12-27 16:00:00,PRD-A,55.0,1206.0,0.04560530679933665,0.03627959984225356,0.056882997094004746,0.07748639434575594,False,True,True,False,True
2025-01-03 00:00:00,PRD-A,48.0,1191.0,0.04030226700251889,0.03615026148947366,0.056882997094004746,0.07761573269853583,False,True,True,False,True
2025-01-03 08:00:00,PRD-A,50.0,1253.0,0.03990422984836393,0.03666970952640365,0.056882997094004746,0.07709628466160584,False,True,True,True,True
2025-01-03 16:00:00,PRD-A,89.0,1220.0,0.07295081967213114,0.03639815716085125,0.056882997094004746,0.07736783702715824,False,True,True,False,True
2025-01-04 00:00:00,PRD-A,53.0,1224.0,0.04330065359477124,0.03643165651267453,0.056882997094004746,0.07733433767533496,False,False,True,False,True
2025-01-04 08:00:00,PRD-A,66.0,1246.0,0.052969502407704656,0.03661301015116347,0.056882997094004746,0.07715298403684602,False,False,False,False,False
2025-01-04 16:00:00,PRD-A,80.0,1209.0,0.06617038875103391,0.03630517824721366,0.056882997094004746,0.07746081594079583,False,False,False,False,False
2025-01-11 00:00:00,PRD-A,51.0,1236.0,0.0412621359223301,0.03653117700877434,0.056882997094004746,0.07723481717923515,False,False,False,False,False
2025-01-11 08:00:00,PRD-A,50.0,1205.0,0.04149377593360996,0.03627105248770553,0.056882997094004746,0.07749494170030397,False,True,False,False,True
2025-01-11 16:00:00,PRD-A,78.0,1238.0,0.0630048465266559,0.03654762292668058,0.056882997094004746,0.07721837126132891,False,True,False,False,True
2025-01-12 00:00:00,PRD-A,64.0,1172.0,0.05460750853242321,0.03598288168521528,0.056882997094004746,0.07778311250279421,False,False,False,False,False
2025-01-12 08:00:00,PRD-A,49.0,1220.0,0.04016393442622951,0.03639815716085125,0.056882997094004746,0.07736783702715824,False,False,False,False,False
2025-01-12 16:00:00,PRD-A,80.0,1182.0,0.0676818950930626,0.03607147943638943,0.056882997094004746,0.07769451475162006,False,False,False,False,False
2025-01-19 00:00:00,PRD-A,46.0,1179.0,0.039016115351993216,0.03604501850051753,0.056882997094004746,0.07772097568749196,False,True,False,False,True
2025-01-19 08:00:00,PRD-A,55.0,1258.0,0.04372019077901431,0.036709919010358874,0.056882997094004746,0.07705607517765062,False,False,False,False,False
2025-01-19 16:00:00,PRD-A,85.0,1180.0,0.07203389830508475,0.036053850023945976,0.056882997094004746,0.07771214416406352,False,False,False,False,False
2025-01-20 00:00:00,PRD-A,52.0,1251.0,0.04156674660271783,0.036653558275270864,0.056882997094004746,0.07711243591273863,False,False,False,False,False
2025-01-20 08:00:00,PRD-A,72.0,1245.0,0.05783132530120482,0.03660487122815216,0.056882997094004746,0.07716112295985733,False,False,False,False,False
2025-01-20 16:00:00,PRD-A,86.0,1215.0,0.07078189300411522,0.03635605055951831,0.056882997094004746,0.07740994362849118,False,False,False,False,False
2025-01-27 00:00:00,PRD-A,55.0,1153.0,0.047701647875108416,0.03581138142607525,0.056882997094004746,0.07795461276193424,False,False,False,False,False
2025-01-27 08:00:00,PRD-A,77.0,1218.0,0.06321839080459771,0.03638134563571299,0.056882997094004746,0.0773846485522965,False,False,False,False,False
2025-01-27 16:00:00,PRD-A,96.0,1208.0,0.07947019867549669,0.036296662700047264,0.056882997094004746,0.07746933148796223,True,False,False,False,True
2025-01-28 00:00:00,PRD-A,56.0,1197.0,0.04678362573099415,0.03620228851151851,0.056882997094004746,0.07756370567649098,False,False,False,False,False
2025-01-28 08:00:00,PRD-A,49.0,936.0,0.05235042735042735,0.03349599439732168,0.056882997094004746,0.08026999979068782,False,False,False,False,False
2025-01-28 16:00:00,PRD-A,53.0,1286.0,0.04121306376360809,0.03693074121516296,0.056882997094004746,0.07683525297284653,False,False,False,False,False
2025-02-04 00:00:00,PRD-A,50.0,1218.0,0.041050903119868636,0.03638134563571299,0.056882997094004746,0.0773846485522965,False,True,False,False,True
2025-02-04 08:00:00,PRD-A,53.0,1267.0,0.041831097079715863,0.036781695360778625,0.056882997094004746,0.07698429882723087,False,True,True,False,True
2025-02-04 16:00:00,PRD-A,76.0,1064.0,0.07142857142857142,0.034947793176376474,0.056882997094004746,0.07881820101163302,False,True,False,False,True
2025-02-05 00:00:00,PRD-A,26.0,1298.0,0.020030816640986132,0.03702318459680927,0.056882997094004746,0.07674280959120022,True,True,True,False,True
2025-02-05 08:00:00,PRD-A,24.0,1295.0,0.018532818532818532,0.037000194260154516,0.056882997094004746,0.07676579992785498,True,True,True,False,True
2025-02-05 16:00:00,PRD-A,43.0,1273.0,0.03377847604084839,0.0368291228002004,0.056882997094004746,0.0769368713878091,True,True,True,False,True
2025-02-12 00:00:00,PRD-A,73.0,1191.0,0.061293031066330814,0.03615026148947366,0.056882997094004746,0.07761573269853583,False,True,False,False,True
2025-02-12 08:00:00,PRD-A,74.0,1237.0,0.05982215036378335,0.03653940495335368,0.056882997094004746,0.0772265892346558,False,False,False,False,False
2025-02-12 16:00:00,PRD-A,114.0,1158.0,0.09844559585492228,0.03585692203619083,0.056882997094004746,0.07790907215181866,True,False,False,False,True
2025-02-13 00:00:00,PRD-A,87.0,1165.0,0.07467811158798283,0.03592018567643024,0.056882997094004746,0.07784580851157925,False,True,False,False,True
2025-02-13 08:00:00,PRD-A,83.0,1208.0,0.06870860927152318,0.036296662700047264,0.056882997094004746,0.07746933148796223,False,True,False,False,True
2025-02-13 16:00:00,PRD-A,83.0,911.0,0.09110867178924259,0.033177268841712924,0.056882997094004746,0.08058872534629657,True,True,True,False,True
2025-02-20 00:00:00,PRD-A,116.0,1161.0,0.09991386735572783,0.03588410507930554,0.056882997094004746,0.07788188910870394,True,True,True,False,True
2025-02-20 08:00:00,PRD-A,126.0,1207.0,0.1043910521955261,0.036288136572370074,0.056882997094004746,0.07747785761563941,True,True,True,True,True
2025-02-20 16:00:00,PRD-A,186.0,1049.0,0.1773117254528122,0.03479152045306124,0.056882997094004746,0.07897447373494826,True,True,True,True,True
2025-02-21 00:00:00,PRD-A,145.0,1233.0,0.11759935117599352,0.03650643314542893,0.056882997094004746,0.07725956104258055,True,True,True,True,True
2025-02-21 08:00:00,PRD-A,121.0,891.0,0.13580246913580246,0.03291268778806816,0.056882997094004746,0.08085330639994133,True,True,True,True,True
2025-02-21 16:00:00,PRD-A,79.0,1230.0,0.06422764227642276,0.036481598810863665,0.056882997094004746,0.07728439537714582,False,True,True,True,True
2025-02-28 00:00:00,PRD-A,39.0,1263.0,0.030878859857482184,0.03674988948371419,0.056882997094004746,0.0770161047042953,True,False,True,False,True
2025-02-28 08:00:00,PRD-A,36.0,1286.0,0.027993779160186624,0.03693074121516296,0.056882997094004746,0.07683525297284653,True,True,False,False,True
2025-02-28 16:00:00,PRD-A,73.0,1243.0,0.058728881737731296,0.036588563926871064,0.056882997094004746,0.07717743026113844,False,True,False,False,True
2025-03-01 00:00:00,PRD-A,46.0,1134.0,0.04056437389770723,0.03563558883113827,0.056882997094004746,0.07813040535687121,False,True,False,False,True
2025-03-01 08:00:00,PRD-A,56.0,1373.0,0.04078659868900218,0.03757322173266267,0.056882997094004746,0.07619277245534682,False,True,True,False,True
2025-03-01 16:00:00,PRD-A,43.0,1220.0,0.03524590163934426,0.03639815716085125,0.056882997094004746,0.07736783702715824,True,True,True,False,True
2025-03-08 00:00:00,PRD-A,75.0,1171.0,0.06404782237403928,0.03597395954375923,0.056882997094004746,0.07779203464425026,False,True,False,False,True
2025-03-08 08:00:00,PRD-A,86.0,1222.0,0.07037643207855974,0.03641492739692727,0.056882997094004746,0.07735106679108222,False,False,False,False,False
2025-03-08 16:00:00,PRD-A,135.0,1152.0,0.1171875,0.0358022377434284,0.056882997094004746,0.07796375644458109,True,False,False,False,True
2025-03-09 00:00:00,PRD-A,103.0,1178.0,0.08743633276740238,0.03603617573390118,0.056882997094004746,0.07772981845410831,True,True,True,False,True
2025-03-09 08:00:00,PRD-A,84.0,1149.0,0.0731070496083551,0.03577473511027128,0.056882997094004746,0.07799125907773821,False,True,True,False,True
2025-03-09 16:00:00,PRD-A,117.0,1139.0,0.10272168568920105,0.03568227622717845,0.056882997094004746,0.07808371796083105,True,True,True,False,True
2025-03-16 00:00:00,PRD-A,68.0,1164.0,0.058419243986254296,0.035911182965507354,0.056882997094004746,0.07785481122250214,False,True,True,False,True
2025-03-16 08:00:00,PRD-A,63.0,954.0,0.0660377358490566,0.03371767715111061,0.056882997094004746,0.08004831703689888,False,False,True,True,True
2025-03-16 16:00:00,PRD-A,51.0,1221.0,0.04176904176904177,0.036406547429453526,0.056882997094004746,0.07735944675855597,False,False,False,False,False
2025-03-17 00:00:00,PRD-A,43.0,1307.0,0.03289977046671767,0.03709168003460443,0.056882997094004746,0.07667431415340506,True,True,False,False,True
2025-03-17 08:00:00,PRD-A,31.0,1243.0,0.0249396621078037,0.036588563926871064,0.056882997094004746,0.07717743026113844,True,True,False,False,True
2025-03-17 16:00:00,PRD-A,64.0,1268.0,0.050473186119873815,0.03678962330497704,0.056882997094004746,0.07697637088303246,False,True,False,False,True
2025-03-24 00:00:00,PRD-A,46.0,1180.0,0.03898305084745763,0.036053850023945976,0.056882997094004746,0.07771214416406352,False,True,True,False,True
2025-03-24 08:00:00,PRD-A,37.0,1299.0,0.02848344880677444,0.037030830338188755,0.056882997094004746,0.07673516384982074,True,True,True,False,True
2025-03-24 16:00:00,PRD-A,42.0,1225.0,0.03428571428571429,0.03644000570289034,0.056882997094004746,0.07732598848511915,True,True,True,False,True
2025-03-25 00:00:00,PRD-A,47.0,1312.0,0.035823170731707314,0.03712942814651725,0.056882997094004746,0.07663656604149224,True,True,True,True,True
2025-03-25 08:00:00,PRD-A,43.0,1234.0,0.03484602917341977,0.03651469112507855,0.056882997094004746,0.07725130306293095,True,True,True,True,True
2025-03-25 16:00:00,PRD-A,65.0,1268.0,0.051261829652996846,0.03678962330497704,0.056882997094004746,0.07697637088303246,False,True,True,True,True
2025-04-01 00:00:00,PRD-A,41.0,1084.0,0.03782287822878229,0.03515108953550829,0.056882997094004746,0.0786149046525012,False,True,True,True,True
2025-04-01 08:00:00,PRD-A,47.0,1300.0,0.036153846153846154,0.037038467255861546,0.056882997094004746,0.07672752693214795,True,True,True,True,True
2025-04-01 16:00:00,PRD-A,42.0,1256.0,0.03343949044585987,0.03669386403122894,0.056882997094004746,0.07707213015678055,True,True,True,True,True
2025-04-02 00:00:00,PRD-A,33.0,1285.0,0.025680933852140077,0.03692297920130044,0.056882997094004746,0.07684301498670905,True,True,True,True,True
2025-04-02 08:00:00,PRD-A,50.0,1307.0,0.03825554705432287,0.03709168003460443,0.056882997094004746,0.07667431415340506,False,True,True,True,True
2025-04-02 16:00:00,PRD-A,52.0,1250.0,0.0416,0.03664546811745145,0.056882997094004746,0.07712052607055804,False,True,True,True,True
2025-04-09 00:00:00,PRD-A,48.0,1210.0,0.03966942148760331,0.036313683235734334,0.056882997094004746,0.07745231095227516,False,True,True,True,True
2025-04-09 08:00:00,PRD-A,40.0,1286.0,0.03110419906687403,0.03693074121516296,0.056882997094004746,0.07683525297284653,True,True,True,True,True
2025-04-09 16:00:00,PRD-A,52.0,1220.0,0.04262295081967213,0.03639815716085125,0.056882997094004746,0.07736783702715824,False,True,True,True,True
2025-04-10 00:00:00,PRD-A,55.0,1239.0,0.04439063761097659,0.03655583094887867,0.056882997094004746,0.07721016323913082,False,True,True,True,True
2025-04-10 08:00:00,PRD-A,51.0,1276.0,0.039968652037617555,0.03685271097651982,0.056882997094004746,0.07691328321148967,False,True,True,True,True
2025-04-10 16:00:00,PRD-A,74.0,1212.0,0.06105610561056106,0.03633066162398304,0.056882997094004746,0.07743533256402646,False,False,True,False,True
2025-04-17 00:00:00,PRD-A,51.0,1252.0,0.04073482428115016,0.0366616387384727,0.056882997094004746,0.07710435544953678,False,True,True,False,True
2025-04-17 08:00:00,PRD-A,61.0,1368.0,0.0445906432748538,0.03753796558616003,0.056882997094004746,0.07622802860184946,False,False,True,False,True
2025-04-17 16:00:00,PRD-A,50.0,1259.0,0.03971405877680699,0.03671793214993367,0.056882997094004746,0.07704806203807582,False,True,True,False,True
2025-04-18 00:00:00,PRD-A,40.0,1278.0,0.03129890453834116,0.036868390263554686,0.056882997094004746,0.0768976039244548,True,True,True,False,True
2025-04-18 08:00:00,PRD-A,49.0,1265.0,0.03873517786561265,0.036765811279490676,0.056882997094004746,0.07700018290851882,False,True,True,False,True
2025-04-18 16:00:00,PRD-A,51.0,1215.0,0.04197530864197531,0.03635605055951831,0.056882997094004746,0.07740994362849118,False,True,True,False,True
2025-04-25 00:00:00,PRD-A,65.0,1301.0,0.04996156802459646,0.03704609536678652,0.056882997094004746,0.07671989882122297,False,True,True,False,True
2025-04-25 08:00:00,PRD-A,16.0,900.0,0.017777777777777778,0.03303284047103794,0.056882997094004746,0.08073315371697155,True,True,True,True,True
2025-04-25 16:00:00,PRD-A,49.0,1257.0,0.03898170246618934,0.036701896310465804,0.056882997094004746,0.07706409787754369,False,True,True,True,True
2025-04-26 00:00:00,PRD-A,48.0,1359.0,0.03532008830022075,0.03747401489434983,0.056882997094004746,0.07629197929365966,True,True,True,True,True
2025-04-26 08:00:00,PRD-A,43.0,1350.0,0.03185185185185185,0.03740942575676159,0.056882997094004746,0.07635656843124791,True,True,True,True,True
2025-04-26 16:00:00,PRD-A,41.0,1304.0,0.03144171779141104,0.037068927027980425,0.056882997094004746,0.07669706716002907,True,True,True,True,True
2025-05-03 00:00:00,PRD-A,38.0,1259.0,0.030182684670373314,0.03671793214993367,0.056882997094004746,0.07704806203807582,True,True,True,True,True
2025-05-03 08:00:00,PRD-A,45.0,1324.0,0.033987915407854986,0.03721914958963117,0.056882997094004746,0.07654684459837832,True,True,True,True,True
2025-05-03 16:00:00,PRD-A,89.0,1282.0,0.06942277691107644,0.03689963869296432,0.056882997094004746,0.07686635549504517,False,True,True,False,True
2025-05-04 00:00:00,PRD-A,109.0,1335.0,0.08164794007490636,0.03730032926540118,0.056882997094004746,0.07646566492260831,True,False,False,False,True
2025-05-04 08:00:00,PRD-A,68.0,1325.0,0.05132075471698113,0.037226571310033055,0.056882997094004746,0.07653942287797644,False,False,False,False,False
2025-05-04 16:00:00,PRD-A,114.0,1262.0,0.09033280507131537,0.036741914396211744,0.056882997094004746,0.07702407979179775,True,True,False,False,True
2025-05-11 00:00:00,PRD-A,101.0,1181.0,0.0855207451312447,0.036062670327991715,0.056882997094004746,0.07770332386001777,True,True,True,False,True
2025-05-11 08:00:00,PRD-A,108.0,1191.0,0.0906801007556675,0.03615026148947366,0.056882997094004746,0.07761573269853583,True,True,True,False,True
2025-05-11 16:00:00,PRD-A,89.0,881.0,0.10102156640181612,0.03277703130421754,0.056882997094004746,0.08098896288379195,True,True,True,False,True
2025-05-12 00:00:00,PRD-A,32.0,1303.0,0.024558710667689946,0.03706132523600075,0.056882997094004746,0.07670466895200874,True,True,True,False,True
2025-05-12 08:00:00,PRD-A,39.0,1285.0,0.030350194552529183,0.03692297920130044,0.056882997094004746,0.07684301498670905,True,True,False,False,True
2025-05-12 16:00:00,PRD-A,46.0,1274.0,0.03610675039246468,0.03683699478256212,0.056882997094004746,0.07692899940544737,True,True,False,False,True
2025-05-19 00:00:00,PRD-A,48.0,1250.0,0.0384,0.03664546811745145,0.056882997094004746,0.07712052607055804,False,True,True,False,True
2025-05-19 08:00:00,PRD-A,46.0,1301.0,0.035357417371252885,0.03704609536678652,0.056882997094004746,0.07671989882122297,True,True,True,False,True
2025-05-19 16:00:00,PRD-A,54.0,1214.0,0.044481054365733116,0.036347598038454096,0.056882997094004746,0.0774183961495554,False,True,True,False,True
2025-05-20 00:00:00,PRD-A,48.0,1307.0,0.036725325172149964,0.03709168003460443,0.056882997094004746,0.07667431415340506,True,True,True,False,True
2025-05-20 08:00:00,PRD-A,54.0,1235.0,0.0437246963562753,0.03652293907276191,0.056882997094004746,0.07724305511524758,False,False,True,True,True
2025-05-20 16:00:00,PRD-A,53.0,1207.0,0.043910521955260975,0.036288136572370074,0.056882997094004746,0.07747785761563941,False,False,True,True,True
2025-05-27 00:00:00,PRD-A,48.0,1196.0,0.04013377926421405,0.03619364453681191,0.056882997094004746,0.07757234965119758,False,False,True,True,True
2025-05-27 08:00:00,PRD-A,48.0,1259.0,0.03812549642573471,0.03671793214993367,0.056882997094004746,0.07704806203807582,False,True,True,True,True
2025-05-27 16:00:00,PRD-A,79.0,1147.0,0.06887532693984307,0.03575634010723022,0.056882997094004746,0.07800965408077927,False,True,True,False,True
2025-05-28 00:00:00,PRD-A,67.0,1247.0,0.053728949478749,0.03662113928200689,0.056882997094004746,0.0771448549060026,False,False,False,False,False
2025-05-28 08:00:00,PRD-A,59.0,1242.0,0.04750402576489533,0.036580395509085234,0.056882997094004746,0.07718559867892426,False,False,False,False,False
2025-05-28 16:00:00,PRD-A,89.0,1166.0,0.07632933104631218,0.03592917680333647,0.056882997094004746,0.07783681738467302,False,False,False,False,False
2025-06-04 00:00:00,PRD-A,44.0,883.0,0.04983012457531144,0.03280434685496234,0.056882997094004746,0.08096164733304714,False,False,False,False,False
2025-06-04 08:00:00,PRD-A,51.0,1348.0,0.037833827893175076,0.03739498484166076,0.056882997094004746,0.07637100934634873,False,False,False,False,False
2025-06-04 16:00:00,PRD-A,32.0,979.0,0.03268641470888662,0.03401536775135419,0.056882997094004746,0.0797506264366553,True,True,False,False,True
2025-06-05 00:00:00,PRD-A,39.0,1370.0,0.02846715328467153,0.037552091204332644,0.056882997094004746,0.07621390298367685,True,True,False,False,True
2025-06-05 08:00:00,PRD-A,21.0,1294.0,0.01622874806800618,0.036992513053441915,0.056882997094004746,0.07677348113456758,True,True,True,False,True
2025-06-05 16:00:00,PRD-A,39.0,1301.0,0.02997694081475788,0.03704609536678652,0.056882997094004746,0.07671989882122297,True,True,True,False,True
2025-06-12 00:00:00,PRD-A,63.0,1200.0,0.0525,0.03622815557427782,0.056882997094004746,0.07753783861373167,False,True,True,False,True
2025-06-12 08:00:00,PRD-A,74.0,1295.0,0.05714285714285714,0.037000194260154516,0.056882997094004746,0.07676579992785498,False,False,False,False,False
2025-06-12 16:00:00,PRD-A,80.0,1203.0,0.06650041562759768,0.03625392581702626,0.056882997094004746,0.07751206837098323,False,False,False,False,False
2025-06-13 00:00:00,PRD-A,46.0,1136.0,0.040492957746478875,0.035654300775114,0.056882997094004746,0.07811169341289549,False,False,False,False,False
2025-06-13 08:00:00,PRD-A,37.0,1279.0,0.028928850664581705,0.03687621611207691,0.056882997094004746,0.07688977807593259,True,True,False,False,True
2025-06-13 16:00:00,PRD-A,46.0,1323.0,0.03476946334089191,0.03721171945616957,0.056882997094004746,0.07655427473183993,True,True,False,False,True
2025-06-20 00:00:00,PRD-A,30.0,1230.0,0.024390243902439025,0.036481598810863665,0.056882997094004746,0.07728439537714582,True,True,True,False,True
2025-06-20 08:00:00,PRD-A,50.0,1231.0,0.04061738424045491,0.03648988700876133,0.056882997094004746,0.07727610717924815,False,True,True,False,True
2025-06-20 16:00:00,PRD-A,49.0,1221.0,0.04013104013104013,0.036406547429453526,0.056882997094004746,0.07735944675855597,False,True,True,False,True
2025-06-21 00:00:00,PRD-A,38.0,1259.0,0.030182684670373314,0.03671793214993367,0.056882997094004746,0.07704806203807582,True,True,True,False,True
2025-06-21 08:00:00,PRD-A,44.0,1320.0,0.03333333333333333,0.03718937841814854,0.056882997094004746,0.07657661576986095,True,True,True,True,True
2025-06-21 16:00:00,PRD-A,38.0,1278.0,0.0297339593114241,0.036868390263554686,0.056882997094004746,0.0768976039244548,True,True,True,True,True
2025-06-28 00:00:00,PRD-A,51.0,1293.0,0.03944315545243619,0.036984822937538686,0.056882997094004746,0.0767811712504708,False,True,True,True,True
2025-06-28 08:00:00,PRD-A,41.0,1288.0,0.03183229813664596,0.036946238115271014,0.056882997094004746,0.07681975607273847,True,True,True,True,True
2025-06-28 16:00:00,PRD-A,52.0,1212.0,0.0429042904290429,0.03633066162398304,0.056882997094004746,0.07743533256402646,False,True,True,True,True
2025-06-29 00:00:00,PRD-A,43.0,1293.0,0.033255993812838364,0.036984822937538686,0.056882997094004746,0.0767811712504708,True,True,True,True,True
2025-06-29 08:00:00,PRD-A,42.0,1311.0,0.032036613272311214,0.037121895803460855,0.056882997094004746,0.07664409838454864,True,True,True,True,True
2025-06-29 16:00:00,PRD-A,57.0,1174.0,0.048551959114139696,0.03600069175697039,0.056882997094004746,0.0777653024310391,False,True,True,True,True
2024-01-07 00:00:00,PRD-A,72.0,1203.0,0.059850374064837904,0.03625392581702626,0.056882997094004746,0.07751206837098323,False,False,True,False,True
2024-01-07 08:00:00,PRD-A,58.0,1247.0,0.046511627906976744,0.03662113928200689,0.056882997094004746,0.0771448549060026,False,False,True,False,True
2024-01-07 16:00:00,PRD-A,100.0,1188.0,0.08417508417508418,0.036124100298493125,0.056882997094004746,0.07764189388951637,True,False,False,False,True
2024-01-08 00:00:00,PRD-A,75.0,1278.0,0.05868544600938967,0.036868390263554686,0.056882997094004746,0.0768976039244548,False,False,False,False,False
2024-01-08 08:00:00,PRD-A,72.0,1221.0,0.05896805896805897,0.036406547429453526,0.056882997094004746,0.07735944675855597,False,False,False,False,False
2024-01-08 16:00:00,PRD-A,98.0,1169.0,0.08383233532934131,0.035956080927794745,0.056882997094004746,0.07780991326021475,True,False,False,False,True
2024-01-15 00:00:00,PRD-A,70.0,1245.0,0.05622489959839357,0.03660487122815216,0.056882997094004746,0.07716112295985733,False,False,False,False,False
2024-01-15 08:00:00,PRD-A,60.0,1219.0,0.04922067268252666,0.036389756569998585,0.056882997094004746,0.0773762376180109,False,False,False,False,False
2024-01-15 16:00:00,PRD-A,83.0,1245.0,0.06666666666666667,0.03660487122815216,0.056882997094004746,0.07716112295985733,False,False,False,False,False
2024-01-16 00:00:00,PRD-A,60.0,1237.0,0.04850444624090541,0.03653940495335368,0.056882997094004746,0.0772265892346558,False,False,False,False,False
2024-01-16 08:00:00,PRD-A,70.0,1252.0,0.05591054313099041,0.0366616387384727,0.056882997094004746,0.07710435544953678,False,False,False,False,False
2024-01-16 16:00:00,PRD-A,114.0,1208.0,0.09437086092715231,0.036296662700047264,0.056882997094004746,0.07746933148796223,True,False,False,False,True
2024-01-23 00:00:00,PRD-A,56.0,1214.0,0.04612850082372323,0.036347598038454096,0.056882997094004746,0.0774183961495554,False,False,False,False,False
2024-01-23 08:00:00,PRD-A,82.0,1293.0,0.0634184068058778,0.036984822937538686,0.056882997094004746,0.0767811712504708,False,False,False,False,False
2024-01-23 16:00:00,PRD-A,90.0,1147.0,0.07846556233653008,0.03575634010723022,0.056882997094004746,0.07800965408077927,True,False,False,False,True
2024-01-24 00:00:00,PRD-A,72.0,1262.0,0.05705229793977813,0.036741914396211744,0.056882997094004746,0.07702407979179775,False,False,False,False,False
2024-01-24 08:00:00,PRD-A,75.0,1213.0,0.06183017312448475,0.03633913506712613,0.056882997094004746,0.07742685912088336,False,False,False,False,False
2024-01-24 16:00:00,PRD-A,98.0,1181.0,0.0829805249788315,0.036062670327991715,0.056882997094004746,0.07770332386001777,True,False,False,False,True
2024-01-31 00:00:00,PRD-A,50.0,1187.0,0.04212299915754002,0.03611535786946985,0.056882997094004746,0.07765063631853963,False,False,False,False,False
2024-01-31 08:00:00,PRD-A,54.0,1264.0,0.04272151898734177,0.03675785510523677,0.056882997094004746,0.07700813908277272,False,True,False,False,True
2024-01-31 16:00:00,PRD-A,95.0,1237.0,0.07679870654810024,0.03653940495335368,0.056882997094004746,0.0772265892346558,False,True,False,False,True
2024-02-01 00:00:00,PRD-A,55.0,1224.0,0.04493464052287582,0.03643165651267453,0.056882997094004746,0.07733433767533496,False,False,False,False,False
2024-02-01 08:00:00,PRD-A,81.0,1295.0,0.06254826254826255,0.037000194260154516,0.056882997094004746,0.07676579992785498,False,False,False,False,False
2024-02-01 16:00:00,PRD-A,100.0,1188.0,0.08417508417508418,0.036124100298493125,0.056882997094004746,0.07764189388951637,True,False,False,False,True
2024-02-08 00:00:00,PRD-A,61.0,1252.0,0.048722044728434506,0.0366616387384727,0.056882997094004746,0.07710435544953678,False,False,False,False,False
2024-02-08 08:00:00,PRD-A,73.0,1290.0,0.056589147286821705,0.03696169896209331,0.056882997094004746,0.07680429522591618,False,False,False,False,False
2024-02-08 16:00:00,PRD-A,102.0,1233.0,0.0827250608272506,0.03650643314542893,0.056882997094004746,0.07725956104258055,True,False,False,False,True
2024-02-09 00:00:00,PRD-A,70.0,1244.0,0.05627009646302251,0.0365967224932981,0.056882997094004746,0.07716927169471138,False,False,False,False,False
2024-02-09 08:00:00,PRD-A,77.0,1234.0,0.06239870340356564,0.03651469112507855,0.056882997094004746,0.07725130306293095,False,False,False,False,False
2024-02-09 16:00:00,PRD-A,109.0,1209.0,0.09015715467328371,0.03630517824721366,0.056882997094004746,0.07746081594079583,True,False,False,False,True
2024-02-16 00:00:00,PRD-A,61.0,1154.0,0.05285961871750433,0.03582051322094307,0.056882997094004746,0.07794548096706642,False,False,False,False,False
2024-02-16 08:00:00,PRD-A,67.0,1174.0,0.05706984667802385,0.03600069175697039,0.056882997094004746,0.0777653024310391,False,False,False,False,False
2024-02-16 16:00:00,PRD-A,100.0,1203.0,0.0831255195344971,0.03625392581702626,0.056882997094004746,0.07751206837098323,True,False,False,False,True
2024-02-17 00:00:00,PRD-A,76.0,1174.0,0.06473594548551959,0.03600069175697039,0.056882997094004746,0.0777653024310391,False,False,False,False,False
2024-02-17 08:00:00,PRD-A,97.0,1232.0,0.07873376623376624,0.03649816511346013,0.056882997094004746,0.07726782907454936,True,True,False,False,True
2024-02-17 16:00:00,PRD-A,125.0,1206.0,0.10364842454394693,0.03627959984225356,0.056882997094004746,0.07748639434575594,True,True,True,False,True
2024-02-24 00:00:00,PRD-A,39.0,805.0,0.0484472049689441,0.03166477008016033,0.056882997094004746,0.08210122410784916,False,True,True,False,True
2024-02-24 08:00:00,PRD-A,53.0,1357.0,0.039056742815033164,0.037459717299630296,0.056882997094004746,0.0763062768883792,False,False,False,False,False
2024-02-24 16:00:00,PRD-A,80.0,1359.0,0.05886681383370125,0.03747401489434983,0.056882997094004746,0.07629197929365966,False,False,False,False,False
2024-02-25 00:00:00,PRD-A,47.0,1255.0,0.03745019920318725,0.03668582215356973,0.056882997094004746,0.07708017203443976,False,True,False,False,True
2024-02-25 08:00:00,PRD-A,37.0,1318.0,0.028072837632776935,0.03717444203475312,0.056882997094004746,0.07659155215325637,True,True,True,False,True
2024-02-25 16:00:00,PRD-A,52.0,1260.0,0.04126984126984127,0.03672593574816284,0.056882997094004746,0.07704005843984665,False,True,True,False,True
2024-03-03 00:00:00,PRD-A,62.0,1297.0,0.047802621434078645,0.03701553001471845,0.056882997094004746,0.07675046417329104,False,True,True,False,True
2024-03-03 08:00:00,PRD-A,26.0,967.0,0.02688728024819028,0.03387391714882834,0.056882997094004746,0.07989207703918115,True,True,True,False,True
2024-03-03 16:00:00,PRD-A,111.0,1283.0,0.08651597817614964,0.03690742795788743,0.056882997094004746,0.07685856623012206,True,False,True,False,True
2024-03-04 00:00:00,PRD-A,79.0,1360.0,0.05808823529411765,0.03748115186175408,0.056882997094004746,0.0762848423262554,False,False,False,False,False
2024-03-04 08:00:00,PRD-A,46.0,1317.0,0.03492786636294609,0.03716696108741244,0.056882997094004746,0.07659903310059706,True,False,False,False,True
2024-03-04 16:00:00,PRD-A,71.0,1283.0,0.05533904910366329,0.03690742795788743,0.056882997094004746,0.07685856623012206,False,False,False,False,False
2024-03-11 00:00:00,PRD-A,57.0,1268.0,0.044952681388012616,0.03678962330497704,0.056882997094004746,0.07697637088303246,False,False,False,False,False
2024-03-11 08:00:00,PRD-A,41.0,1273.0,0.03220738413197172,0.0368291228002004,0.056882997094004746,0.0769368713878091,True,False,False,False,True
2024-03-11 16:00:00,PRD-A,49.0,1233.0,0.039740470397404706,0.03650643314542893,0.056882997094004746,0.07725956104258055,False,True,True,False,True
2024-03-12 00:00:00,PRD-A,44.0,1285.0,0.034241245136186774,0.03692297920130044,0.056882997094004746,0.07684301498670905,True,True,True,False,True
2024-03-12 08:00:00,PRD-A,43.0,1283.0,0.03351519875292284,0.03690742795788743,0.056882997094004746,0.07685856623012206,True,True,True,False,True
2024-03-12 16:00:00,PRD-A,59.0,1301.0,0.045349730976172176,0.03704609536678652,0.056882997094004746,0.07671989882122297,False,True,True,True,True
2024-03-19 00:00:00,PRD-A,102.0,1147.0,0.08892763731473409,0.03575634010723022,0.056882997094004746,0.07800965408077927,True,False,True,False,True
2024-03-19 08:00:00,PRD-A,116.0,1184.0,0.09797297297297297,0.03608906416082859,0.056882997094004746,0.0776769300271809,True,True,False,False,True
2024-03-19 16:00:00,PRD-A,157.0,1162.0,0.1351118760757315,0.035893142691953414,0.056882997094004746,0.07787285149605608,True,True,False,False,True
2024-03-20 00:00:00,PRD-A,119.0,1149.0,0.10356832027850305,0.03577473511027128,0.056882997094004746,0.07799125907773821,True,True,True,False,True
2024-03-20 08:00:00,PRD-A,116.0,1068.0,0.10861423220973783,0.034988908871226854,0.056882997094004746,0.07877708531678264,True,True,True,False,True
2024-03-20 16:00:00,PRD-A,158.0,1111.0,0.1422142214221422,0.0354167827957856,0.056882997094004746,0.0783492113922239,True,True,True,False,True
2024-03-27 00:00:00,PRD-A,84.0,1205.0,0.06970954356846473,0.03627105248770553,0.056882997094004746,0.07749494170030397,False,True,True,False,True
2024-03-27 08:00:00,PRD-A,99.0,1237.0,0.08003233629749394,0.03653940495335368,0.056882997094004746,0.0772265892346558,True,True,True,True,True
2024-03-27 16:00:00,PRD-A,100.0,835.0,0.11976047904191617,0.03212193596329765,0.056882997094004746,0.08164405822471185,True,True,True,True,True
2024-03-28 00:00:00,PRD-A,69.0,1357.0,0.05084745762711865,0.037459717299630296,0.056882997094004746,0.0763062768883792,False,True,True,False,True
2024-03-28 08:00:00,PRD-A,37.0,1308.0,0.028287461773700305,0.037099246969333095,0.056882997094004746,0.07666674721867639,True,False,False,False,True
2024-03-28 16:00:00,PRD-A,64.0,1305.0,0.04904214559386973,0.037076520080593416,0.056882997094004746,0.07668947410741608,False,False,False,False,False
2024-04-04 00:00:00,PRD-A,32.0,1166.0,0.0274442538593482,0.03592917680333647,0.056882997094004746,0.07783681738467302,True,True,False,False,True
2024-04-04 08:00:00,PRD-A,50.0,1313.0,0.03808073115003808,0.03713695188282044,0.056882997094004746,0.07662904230518905,False,True,True,False,True
2024-04-04 16:00:00,PRD-A,63.0,1270.0,0.049606299212598425,0.03680545109300948,0.056882997094004746,0.07696054309500001,False,True,True,False,True
2024-04-05 00:00:00,PRD-A,51.0,1244.0,0.0409967845659164,0.0365967224932981,0.056882997094004746,0.07716927169471138,False,True,True,False,True
2024-04-05 08:00:00,PRD-A,45.0,1281.0,0.0351288056206089,0.03689184030890122,0.056882997094004746,0.07687415387910827,True,True,True,True,True
2024-04-05 16:00:00,PRD-A,77.0,1255.0,0.06135458167330677,0.03668582215356973,0.056882997094004746,0.07708017203443976,False,True,True,False,True
2024-04-12 00:00:00,PRD-A,44.0,1211.0,0.03633360858794385,0.03632217768741115,0.056882997094004746,0.07744381650059834,False,True,True,False,True
2024-04-12 08:00:00,PRD-A,57.0,1268.0,0.044952681388012616,0.03678962330497704,0.056882997094004746,0.07697637088303246,False,False,True,False,True
2024-04-12 16:00:00,PRD-A,73.0,1195.0,0.06108786610878661,0.03618498971419651,0.056882997094004746,0.07758100447381298,False,False,False,False,False
2024-04-13 00:00:00,PRD-A,67.0,1217.0,0.05505341002465078,0.036372924336751024,0.056882997094004746,0.07739306985125846,False,False,False,False,False
2024-04-13 08:00:00,PRD-A,76.0,1274.0,0.059654631083202514,0.03683699478256212,0.056882997094004746,0.07692899940544737,False,False,False,False,False
2024-04-13 16:00:00,PRD-A,89.0,1213.0,0.07337180544105523,0.03633913506712613,0.056882997094004746,0.07742685912088336,False,False,False,False,False
2024-04-20 00:00:00,PRD-A,46.0,1244.0,0.03697749196141479,0.0365967224932981,0.056882997094004746,0.07716927169471138,False,False,False,False,False
2024-04-20 08:00:00,PRD-A,55.0,1285.0,0.042801556420233464,0.03692297920130044,0.056882997094004746,0.07684301498670905,False,True,False,False,True
2024-04-20 16:00:00,PRD-A,72.0,1253.0,0.05746209098164405,0.03666970952640365,0.056882997094004746,0.07709628466160584,False,True,False,False,True
2024-04-21 00:00:00,PRD-A,63.0,1251.0,0.050359712230215826,0.036653558275270864,0.056882997094004746,0.07711243591273863,False,False,False,False,False
2024-04-21 08:00:00,PRD-A,46.0,1300.0,0.03538461538461538,0.037038467255861546,0.056882997094004746,0.07672752693214795,True,False,False,False,True
2024-04-21 16:00:00,PRD-A,85.0,1277.0,0.06656225528582616,0.036860555224370074,0.056882997094004746,0.07690543896363941,False,False,False,False,False
2024-04-28 00:00:00,PRD-A,54.0,1207.0,0.04473902236951118,0.036288136572370074,0.056882997094004746,0.07747785761563941,False,False,False,False,False
2024-04-28 08:00:00,PRD-A,58.0,1237.0,0.04688763136620857,0.03653940495335368,0.056882997094004746,0.0772265892346558,False,False,False,False,False
2024-04-28 16:00:00,PRD-A,96.0,1240.0,0.07741935483870968,0.03656402904001473,0.056882997094004746,0.07720196514799477,True,False,False,False,True
2024-04-29 00:00:00,PRD-A,69.0,1245.0,0.05542168674698795,0.03660487122815216,0.056882997094004746,0.07716112295985733,False,False,False,False,False
2024-04-29 08:00:00,PRD-A,59.0,1251.0,0.04716227018385292,0.036653558275270864,0.056882997094004746,0.07711243591273863,False,False,False,False,False
2024-04-29 16:00:00,PRD-A,98.0,1215.0,0.08065843621399177,0.03635605055951831,0.056882997094004746,0.07740994362849118,True,False,False,False,True
2024-05-06 00:00:00,PRD-A,71.0,1136.0,0.0625,0.035654300775114,0.056882997094004746,0.07811169341289549,False,False,False,False,False
2024-05-06 08:00:00,PRD-A,71.0,1269.0,0.05594956658786446,0.03679754187623589,0.056882997094004746,0.0769684523117736,False,False,False,False,False
2024-05-06 16:00:00,PRD-A,83.0,1235.0,0.06720647773279352,0.03652293907276191,0.056882997094004746,0.07724305511524758,False,False,False,False,False
2024-05-07 00:00:00,PRD-A,69.0,1243.0,0.05551086082059534,0.036588563926871064,0.056882997094004746,0.07717743026113844,False,False,False,False,False
2024-05-07 08:00:00,PRD-A,68.0,1305.0,0.05210727969348659,0.037076520080593416,0.056882997094004746,0.07668947410741608,False,False,False,False,False
2024-05-07 16:00:00,PRD-A,63.0,921.0,0.06840390879478828,0.03330631568087808,0.056882997094004746,0.08045967850713141,False,False,False,False,False
2024-05-14 00:00:00,PRD-A,121.0,1227.0,0.09861450692746536,0.03645667345241331,0.056882997094004746,0.07730932073559618,True,False,False,False,True
2024-05-14 08:00:00,PRD-A,124.0,1203.0,0.10307564422277639,0.03625392581702626,0.056882997094004746,0.07751206837098323,True,True,False,False,True
2024-05-14 16:00:00,PRD-A,199.0,1167.0,0.17052270779777207,0.035938156371047164,0.056882997094004746,0.07782783781696233,True,True,True,False,True
2024-05-15 00:00:00,PRD-A,139.0,1227.0,0.1132844335778321,0.03645667345241331,0.056882997094004746,0.07730932073559618,True,True,True,False,True
2024-05-15 08:00:00,PRD-A,149.0,1271.0,0.11723052714398112,0.036813350973701295,0.056882997094004746,0.0769526432143082,True,True,True,False,True
2024-05-15 16:00:00,PRD-A,216.0,1153.0,0.1873373807458803,0.03581138142607525,0.056882997094004746,0.07795461276193424,True,True,True,False,True
2024-05-22 00:00:00,PRD-A,67.0,1197.0,0.055973266499582286,0.03620228851151851,0.056882997094004746,0.07756370567649098,False,True,True,False,True
2024-05-22 08:00:00,PRD-A,83.0,1035.0,0.08019323671497584,0.034642611365803634,0.056882997094004746,0.07912338282220585,True,True,True,False,True
2024-05-22 16:00:00,PRD-A,49.0,1252.0,0.03913738019169329,0.0366616387384727,0.056882997094004746,0.07710435544953678,False,False,False,False,False
2024-05-23 00:00:00,PRD-A,44.0,1302.0,0.03379416282642089,0.03705371468787698,0.056882997094004746,0.07671227950013251,True,True,False,False,True
2024-05-23 08:00:00,PRD-A,34.0,1310.0,0.025954198473282442,0.03711435483722928,0.056882997094004746,0.0766516393507802,True,True,False,False,True
2024-05-23 16:00:00,PRD-A,71.0,1254.0,0.05661881977671451,0.03667777065835638,0.056882997094004746,0.07708822352965311,False,True,False,False,True
2024-05-30 00:00:00,PRD-A,46.0,1238.0,0.03715670436187399,0.03654762292668058,0.056882997094004746,0.07721837126132891,False,True,True,False,True
2024-05-30 08:00:00,PRD-A,53.0,1298.0,0.040832049306625574,0.03702318459680927,0.056882997094004746,0.07674280959120022,False,True,True,False,True
2024-05-30 16:00:00,PRD-A,67.0,1230.0,0.05447154471544716,0.036481598810863665,0.056882997094004746,0.07728439537714582,False,True,False,False,True
2024-05-31 00:00:00,PRD-A,45.0,1236.0,0.03640776699029126,0.03653117700877434,0.056882997094004746,0.07723481717923515,True,True,False,True,True
2024-05-31 08:00:00,PRD-A,60.0,1258.0,0.04769475357710652,0.036709919010358874,0.056882997094004746,0.07705607517765062,False,False,True,True,True
2024-05-31 16:00:00,PRD-A,81.0,1206.0,0.06716417910447761,0.03627959984225356,0.056882997094004746,0.07748639434575594,False,False,False,False,False
2024-06-07 00:00:00,PRD-A,41.0,1229.0,0.03336045565500407,0.03647330049923999,0.056882997094004746,0.07729269368876951,True,False,False,False,True
2024-06-07 08:00:00,PRD-A,57.0,1273.0,0.04477611940298507,0.0368291228002004,0.056882997094004746,0.0769368713878091,False,False,True,False,True
2024-06-07 16:00:00,PRD-A,74.0,1220.0,0.060655737704918035,0.03639815716085125,0.056882997094004746,0.07736783702715824,False,False,False,False,False
2024-06-08 00:00:00,PRD-A,56.0,1260.0,0.044444444444444446,0.03672593574816284,0.056882997094004746,0.07704005843984665,False,False,False,False,False
2024-06-08 08:00:00,PRD-A,45.0,1281.0,0.0351288056206089,0.03689184030890122,0.056882997094004746,0.07687415387910827,True,False,True,False,True
2024-06-08 16:00:00,PRD-A,91.0,1237.0,0.07356507679870655,0.03653940495335368,0.056882997094004746,0.0772265892346558,False,False,False,False,False
2024-06-15 00:00:00,PRD-A,77.0,1230.0,0.06260162601626017,0.036481598810863665,0.056882997094004746,0.07728439537714582,False,False,False,False,False
2024-06-15 08:00:00,PRD-A,64.0,1242.0,0.05152979066022544,0.036580395509085234,0.056882997094004746,0.07718559867892426,False,False,False,False,False
2024-06-15 16:00:00,PRD-A,95.0,1211.0,0.07844756399669695,0.03632217768741115,0.056882997094004746,0.07744381650059834,True,False,False,False,True
2024-06-16 00:00:00,PRD-A,79.0,1273.0,0.062058130400628436,0.0368291228002004,0.056882997094004746,0.0769368713878091,False,False,False,False,False
2024-06-16 08:00:00,PRD-A,60.0,822.0,0.072992700729927,0.03192690490140377,0.056882997094004746,0.08183908928660572,False,False,False,False,False
2024-06-16 16:00:00,PRD-A,32.0,1198.0,0.02671118530884808,0.03621092166095856,0.056882997094004746,0.07755507252705093,True,False,False,False,True
2024-06-23 00:00:00,PRD-A,38.0,1272.0,0.029874213836477988,0.03682124153666415,0.056882997094004746,0.07694475265134534,True,True,False,False,True
2024-06-23 08:00:00,PRD-A,52.0,1272.0,0.040880503144654086,0.03682124153666415,0.056882997094004746,0.07694475265134534,False,True,False,False,True
2024-06-23 16:00:00,PRD-A,59.0,1257.0,0.046937151949085126,0.036701896310465804,0.056882997094004746,0.07706409787754369,False,True,True,False,True
2024-06-24 00:00:00,PRD-A,50.0,1205.0,0.04149377593360996,0.03627105248770553,0.056882997094004746,0.07749494170030397,False,True,True,False,True
2024-06-24 08:00:00,PRD-A,52.0,1286.0,0.04043545878693624,0.03693074121516296,0.056882997094004746,0.07683525297284653,False,True,True,False,True
2024-06-24 16:00:00,PRD-A,88.0,1229.0,0.07160292921074043,0.03647330049923999,0.056882997094004746,0.07729269368876951,False,True,True,False,True
2024-07-01 00:00:00,PRD-A,51.0,1219.0,0.04183757178014766,0.036389756569998585,0.056882997094004746,0.0773762376180109,False,True,True,False,True
2024-07-01 08:00:00,PRD-A,66.0,1297.0,0.05088666152659985,0.03701553001471845,0.056882997094004746,0.07675046417329104,False,False,False,False,False
2024-07-01 16:00:00,PRD-A,66.0,1261.0,0.052339413164155434,0.036733929823966366,0.056882997094004746,0.07703206436404313,False,False,False,False,False
2024-07-02 00:00:00,PRD-A,47.0,1250.0,0.0376,0.03664546811745145,0.056882997094004746,0.07712052607055804,False,False,False,False,False
2024-07-02 08:00:00,PRD-A,48.0,1272.0,0.03773584905660377,0.03682124153666415,0.056882997094004746,0.07694475265134534,False,True,False,False,True
2024-07-02 16:00:00,PRD-A,75.0,1156.0,0.06487889273356401,0.0358387412502105,0.056882997094004746,0.077927252937799,False,True,False,False,True
2024-07-09 00:00:00,PRD-A,35.0,1197.0,0.029239766081871343,0.03620228851151851,0.056882997094004746,0.07756370567649098,True,True,False,False,True
2024-07-09 08:00:00,PRD-A,39.0,1316.0,0.029635258358662615,0.03715947161477513,0.056882997094004746,0.07660652257323436,True,True,True,False,True
2024-07-09 16:00:00,PRD-A,69.0,1241.0,0.055600322320709106,0.036572217220098985,0.056882997094004746,0.07719377696791051,False,True,False,False,True
2024-07-10 00:00:00,PRD-A,46.0,1263.0,0.03642121931908155,0.03674988948371419,0.056882997094004746,0.0770161047042953,True,True,False,False,True
2024-07-10 08:00:00,PRD-A,44.0,1286.0,0.03421461897356143,0.03693074121516296,0.056882997094004746,0.07683525297284653,True,True,True,False,True
2024-07-10 16:00:00,PRD-A,60.0,1222.0,0.049099836333878884,0.03641492739692727,0.056882997094004746,0.07735106679108222,False,True,True,False,True
2024-07-17 00:00:00,PRD-A,60.0,1176.0,0.05102040816326531,0.03601845637552993,0.056882997094004746,0.07774753781247956,False,False,False,False,False
2024-07-17 08:00:00,PRD-A,54.0,1287.0,0.04195804195804196,0.036938494180631054,0.056882997094004746,0.07682750000737844,False,False,True,True,True
2024-07-17 16:00:00,PRD-A,94.0,1239.0,0.07586763518966909,0.03655583094887867,0.056882997094004746,0.07721016323913082,False,False,False,False,False
2024-07-18 00:00:00,PRD-A,67.0,1207.0,0.05550952775476388,0.036288136572370074,0.056882997094004746,0.07747785761563941,False,False,False,False,False
2024-07-18 08:00:00,PRD-A,88.0,1239.0,0.07102502017756256,0.03655583094887867,0.056882997094004746,0.07721016323913082,False,True,False,False,True
2024-07-18 16:00:00,PRD-A,85.0,1011.0,0.0840751730959446,0.03438017885428169,0.056882997094004746,0.0793858153337278,True,True,False,False,True
2024-07-25 00:00:00,PRD-A,149.0,1126.0,0.13232682060390763,0.035560243175320375,0.056882997094004746,0.07820575101268912,True,True,True,False,True
2024-07-25 08:00:00,PRD-A,135.0,1252.0,0.10782747603833866,0.0366616387384727,0.056882997094004746,0.07710435544953678,True,True,True,False,True
2024-07-25 16:00:00,PRD-A,205.0,1199.0,0.17097581317764804,0.03621954400770823,0.056882997094004746,0.07754645018030126,True,True,True,False,True
2024-07-26 00:00:00,PRD-A,157.0,1219.0,0.1287940935192781,0.036389756569998585,0.056882997094004746,0.0773762376180109,True,True,True,False,True
2024-07-26 08:00:00,PRD-A,162.0,1233.0,0.13138686131386862,0.03650643314542893,0.056882997094004746,0.07725956104258055,True,True,True,False,True
2024-07-26 16:00:00,PRD-A,188.0,1161.0,0.16192937123169682,0.03588410507930554,0.056882997094004746,0.07788188910870394,True,True,True,True,True
2024-08-02 00:00:00,PRD-A,69.0,1173.0,0.058823529411764705,0.03599179241485022,0.056882997094004746,0.07777420177315927,False,True,True,True,True
2024-08-02 08:00:00,PRD-A,70.0,1243.0,0.05631536604987932,0.036588563926871064,0.056882997094004746,0.07717743026113844,False,False,False,False,False
2024-08-02 16:00:00,PRD-A,110.0,1179.0,0.09329940627650551,0.03604501850051753,0.056882997094004746,0.07772097568749196,True,False,False,False,True
2024-08-03 00:00:00,PRD-A,82.0,1187.0,0.06908171861836562,0.03611535786946985,0.056882997094004746,0.07765063631853963,False,False,False,False,False
2024-08-03 08:00:00,PRD-A,91.0,1213.0,0.07502061005770816,0.03633913506712613,0.056882997094004746,0.07742685912088336,False,True,False,False,True
2024-08-03 16:00:00,PRD-A,146.0,1208.0,0.12086092715231789,0.036296662700047264,0.056882997094004746,0.07746933148796223,True,True,True,False,True
2024-08-10 00:00:00,PRD-A,81.0,1181.0,0.06858594411515664,0.036062670327991715,0.056882997094004746,0.07770332386001777,False,True,True,False,True
2024-08-10 08:00:00,PRD-A,57.0,1034.0,0.0551257253384913,0.034631859426220664,0.056882997094004746,0.07913413476178882,False,False,True,False,True
2024-08-10 16:00:00,PRD-A,52.0,1261.0,0.041237113402061855,0.036733929823966366,0.056882997094004746,0.07703206436404313,False,False,False,False,False
2024-08-11 00:00:00,PRD-A,64.0,1300.0,0.04923076923076923,0.037038467255861546,0.056882997094004746,0.07672752693214795,False,False,False,False,False
2024-08-11 08:00:00,PRD-A,41.0,1297.0,0.03161141094834233,0.03701553001471845,0.056882997094004746,0.07675046417329104,True,True,False,False,True
2024-08-11 16:00:00,PRD-A,51.0,1257.0,0.0405727923627685,0.036701896310465804,0.056882997094004746,0.07706409787754369,False,True,True,False,True
2024-08-18 00:00:00,PRD-A,41.0,1249.0,0.03282626100880705,0.0366373682456136,0.056882997094004746,0.07712862594239589,True,True,True,False,True
2024-08-18 08:00:00,PRD-A,55.0,1329.0,0.04138449962377728,0.037256174377710935,0.056882997094004746,0.07650981981029856,False,True,True,False,True
2024-08-18 16:00:00,PRD-A,55.0,1273.0,0.04320502749410841,0.0368291228002004,0.056882997094004746,0.0769368713878091,False,True,True,True,True
2024-08-19 00:00:00,PRD-A,44.0,1283.0,0.034294621979735,0.03690742795788743,0.056882997094004746,0.07685856623012206,True,True,True,True,True
2024-08-19 08:00:00,PRD-A,53.0,1284.0,0.04127725856697819,0.03691520812142933,0.056882997094004746,0.07685078606658016,False,True,True,True,True
2024-08-19 16:00:00,PRD-A,63.0,1246.0,0.05056179775280899,0.03661301015116347,0.056882997094004746,0.07715298403684602,False,True,True,True,True
2024-08-26 00:00:00,PRD-A,49.0,1256.0,0.03901273885350318,0.03669386403122894,0.056882997094004746,0.07707213015678055,False,True,True,True,True
2024-08-26 08:00:00,PRD-A,73.0,1294.0,0.05641421947449768,0.036992513053441915,0.056882997094004746,0.07677348113456758,False,False,False,True,True
2024-08-26 16:00:00,PRD-A,64.0,757.0,0.0845442536327609,0.030877536488536396,0.056882997094004746,0.08288845769947309,True,False,False,False,True
2024-08-27 00:00:00,PRD-A,42.0,1329.0,0.03160270880361174,0.037256174377710935,0.056882997094004746,0.07650981981029856,True,False,False,False,True
2024-08-27 08:00:00,PRD-A,39.0,1322.0,0.029500756429652043,0.037204280893741545,0.056882997094004746,0.07656171329426795,True,True,False,False,True
2024-08-27 16:00:00,PRD-A,66.0,1316.0,0.05015197568389058,0.03715947161477513,0.056882997094004746,0.07660652257323436,False,True,False,False,True
2024-09-03 00:00:00,PRD-A,69.0,1315.0,0.05247148288973384,0.03715197360063649,0.056882997094004746,0.076614020587373,False,False,False,False,False
2024-09-03 08:00:00,PRD-A,37.0,1328.0,0.02786144578313253,0.03724878615131852,0.056882997094004746,0.07651720803669097,True,False,True,False,True
2024-09-03 16:00:00,PRD-A,52.0,1260.0,0.04126984126984127,0.03672593574816284,0.056882997094004746,0.07704005843984665,False,True,True,False,True
2024-09-04 00:00:00,PRD-A,52.0,1279.0,0.040656763096168884,0.03687621611207691,0.056882997094004746,0.07688977807593259,False,True,True,False,True
2024-09-04 08:00:00,PRD-A,45.0,1311.0,0.034324942791762014,0.037121895803460855,0.056882997094004746,0.07664409838454864,True,True,True,True,True
2024-09-04 16:00:00,PRD-A,70.0,1223.0,0.05723630417007359,0.03642329708433388,0.056882997094004746,0.07734269710367561,False,True,True,False,True
2024-09-11 00:00:00,PRD-A,77.0,1144.0,0.0673076923076923,0.035728657207842664,0.056882997094004746,0.07803733698016682,False,False,False,False,False
2024-09-11 08:00:00,PRD-A,117.0,1194.0,0.09798994974874371,0.036176324020963664,0.056882997094004746,0.07758967016704582,True,False,False,False,True
2024-09-11 16:00:00,PRD-A,115.0,871.0,0.13203214695752008,0.032639045255624,0.056882997094004746,0.08112694893238549,True,True,False,False,True
2024-09-12 00:00:00,PRD-A,31.0,1286.0,0.02410575427682737,0.03693074121516296,0.056882997094004746,0.07683525297284653,True,True,False,False,True
2024-09-12 08:00:00,PRD-A,45.0,1305.0,0.034482758620689655,0.037076520080593416,0.056882997094004746,0.07668947410741608,True,True,False,False,True
2024-09-12 16:00:00,PRD-A,65.0,1281.0,0.0507416081186573,0.03689184030890122,0.056882997094004746,0.07687415387910827,False,True,False,False,True
2024-09-19 00:00:00,PRD-A,62.0,1197.0,0.05179615705931495,0.03620228851151851,0.056882997094004746,0.07756370567649098,False,False,False,False,False
2024-09-19 08:00:00,PRD-A,63.0,1197.0,0.05263157894736842,0.03620228851151851,0.056882997094004746,0.07756370567649098,False,False,False,False,False
2024-09-19 16:00:00,PRD-A,92.0,1271.0,0.07238394964594808,0.036813350973701295,0.056882997094004746,0.0769526432143082,False,False,False,False,False
2024-09-20 00:00:00,PRD-A,56.0,1183.0,0.047337278106508875,0.03608027737280356,0.056882997094004746,0.07768571681520593,False,False,False,False,False
2024-09-20 08:00:00,PRD-A,70.0,1228.0,0.057003257328990226,0.036464992053304654,0.056882997094004746,0.07730100213470484,False,False,False,False,False
2024-09-20 16:00:00,PRD-A,90.0,1200.0,0.075,0.03622815557427782,0.056882997094004746,0.07753783861373167,False,False,False,False,False
2024-09-27 00:00:00,PRD-A,62.0,1196.0,0.051839464882943144,0.03619364453681191,0.056882997094004746,0.07757234965119758,False,False,False,False,False
2024-09-27 08:00:00,PRD-A,87.0,1258.0,0.06915739268680444,0.036709919010358874,0.056882997094004746,0.07705607517765062,False,False,False,False,False
2024-09-27 16:00:00,PRD-A,113.0,1197.0,0.09440267335004177,0.03620228851151851,0.056882997094004746,0.07756370567649098,True,False,False,False,True
2024-09-28 00:00:00,PRD-A,93.0,1190.0,0.07815126050420168,0.036141552085348895,0.056882997094004746,0.07762444210266059,True,True,True,False,True
2024-09-28 08:00:00,PRD-A,91.0,1241.0,0.07332796132151491,0.036572217220098985,0.056882997094004746,0.07719377696791051,False,True,True,False,True
2024-09-28 16:00:00,PRD-A,106.0,1113.0,0.09523809523809523,0.03543607827321142,0.056882997094004746,0.07832991591479807,True,True,True,False,True
2024-10-05 00:00:00,PRD-A,116.0,1210.0,0.09586776859504133,0.036313683235734334,0.056882997094004746,0.07745231095227516,True,True,True,False,True
2024-10-05 08:00:00,PRD-A,130.0,1218.0,0.10673234811165845,0.03638134563571299,0.056882997094004746,0.0773846485522965,True,True,True,False,True
2024-10-05 16:00:00,PRD-A,186.0,1219.0,0.15258408531583265,0.036389756569998585,0.056882997094004746,0.0773762376180109,True,True,True,True,True
2024-10-06 00:00:00,PRD-A,154.0,1246.0,0.12359550561797752,0.03661301015116347,0.056882997094004746,0.07715298403684602,True,True,True,True,True
2024-10-06 08:00:00,PRD-A,156.0,1223.0,0.12755519215044972,0.03642329708433388,0.056882997094004746,0.07734269710367561,True,True,True,True,True
2024-10-06 16:00:00,PRD-A,197.0,1164.0,0.16924398625429554,0.035911182965507354,0.056882997094004746,0.07785481122250214,True,True,True,True,True
2024-10-13 00:00:00,PRD-A,78.0,1186.0,0.0657672849915683,0.03610660438574098,0.056882997094004746,0.07765938980226851,False,True,True,True,True
2024-10-13 08:00:00,PRD-A,78.0,1243.0,0.06275140788415125,0.036588563926871064,0.056882997094004746,0.07717743026113844,False,False,True,True,True
2024-10-13 16:00:00,PRD-A,126.0,1150.0,0.10956521739130434,0.03578391461145934,0.056882997094004746,0.07798207957655015,True,False,True,True,True
2024-10-14 00:00:00,PRD-A,91.0,1193.0,0.07627829002514669,0.03616764743433816,0.056882997094004746,0.07759834675367133,False,True,True,True,True
2024-10-14 08:00:00,PRD-A,68.0,1191.0,0.05709487825356843,0.03615026148947366,0.056882997094004746,0.07761573269853583,False,True,False,True,True
2024-10-14 16:00:00,PRD-A,126.0,1162.0,0.10843373493975904,0.035893142691953414,0.056882997094004746,0.07787285149605608,True,True,False,True,True
2024-10-21 00:00:00,PRD-A,57.0,1240.0,0.04596774193548387,0.03656402904001473,0.056882997094004746,0.07720196514799477,False,False,False,False,False
2024-10-21 08:00:00,PRD-A,41.0,1252.0,0.03274760383386582,0.0366616387384727,0.056882997094004746,0.07710435544953678,True,False,False,False,True
2024-10-21 16:00:00,PRD-A,60.0,1213.0,0.0494641384995878,0.03633913506712613,0.056882997094004746,0.07742685912088336,False,False,False,False,False
2024-10-22 00:00:00,PRD-A,55.0,1267.0,0.043409629044988164,0.036781695360778625,0.056882997094004746,0.07698429882723087,False,True,True,False,True
2024-10-22 08:00:00,PRD-A,50.0,1257.0,0.03977724741447892,0.036701896310465804,0.056882997094004746,0.07706409787754369,False,True,True,False,True
2024-10-22 16:00:00,PRD-A,67.0,1253.0,0.053471667996807665,0.03666970952640365,0.056882997094004746,0.07709628466160584,False,True,True,False,True
2024-10-29 00:00:00,PRD-A,126.0,1108.0,0.11371841155234658,0.035387741680862714,0.056882997094004746,0.07837825250714678,True,False,False,False,True
2024-10-29 08:00:00,PRD-A,128.0,1190.0,0.10756302521008404,0.036141552085348895,0.056882997094004746,0.07762444210266059,True,True,False,False,True
2024-10-29 16:00:00,PRD-A,174.0,1132.0,0.15371024734982333,0.035616827319082944,0.056882997094004746,0.07814916686892655,True,True,False,False,True
2024-10-30 00:00:00,PRD-A,134.0,1187.0,0.11288963774220724,0.03611535786946985,0.056882997094004746,0.07765063631853963,True,True,True,False,True
2024-10-30 08:00:00,PRD-A,87.0,859.0,0.10128055878928988,0.032470291813782276,0.056882997094004746,0.08129570237422722,True,True,True,False,True
2024-10-30 16:00:00,PRD-A,52.0,1227.0,0.042379788101059496,0.03645667345241331,0.056882997094004746,0.07730932073559618,False,True,True,False,True
2024-11-06 00:00:00,PRD-A,71.0,844.0,0.08412322274881516,0.03225430967681957,0.056882997094004746,0.08151168451118992,True,True,True,False,True
2024-11-06 08:00:00,PRD-A,40.0,1308.0,0.03058103975535168,0.037099246969333095,0.056882997094004746,0.07666674721867639,True,True,False,False,True
2024-11-06 16:00:00,PRD-A,47.0,1219.0,0.03855619360131255,0.036389756569998585,0.056882997094004746,0.0773762376180109,False,True,False,False,True
2024-11-07 00:00:00,PRD-A,36.0,1264.0,0.028481012658227847,0.03675785510523677,0.056882997094004746,0.07700813908277272,True,True,True,False,True
2024-11-07 08:00:00,PRD-A,42.0,1286.0,0.03265940902021773,0.03693074121516296,0.056882997094004746,0.07683525297284653,True,True,True,False,True
2024-11-07 16:00:00,PRD-A,67.0,1277.0,0.052466718872357085,0.036860555224370074,0.056882997094004746,0.07690543896363941,False,True,True,False,True
2024-11-14 00:00:00,PRD-A,99.0,1136.0,0.08714788732394366,0.035654300775114,0.056882997094004746,0.07811169341289549,True,False,False,False,True
2024-11-14 08:00:00,PRD-A,111.0,1201.0,0.09242298084929226,0.03623675638311199,0.056882997094004746,0.07752923780489751,True,True,False,False,True
2024-11-14 16:00:00,PRD-A,125.0,856.0,0.14602803738317757,0.03242754995681348,0.056882997094004746,0.08133844423119602,True,True,False,False,True
2024-11-15 00:00:00,PRD-A,45.0,1318.0,0.03414264036418816,0.03717444203475312,0.056882997094004746,0.07659155215325637,True,True,False,False,True
2024-11-15 08:00:00,PRD-A,42.0,1288.0,0.03260869565217391,0.036946238115271014,0.056882997094004746,0.07681975607273847,True,True,False,False,True
2024-11-15 16:00:00,PRD-A,62.0,1282.0,0.0483619344773791,0.03689963869296432,0.056882997094004746,0.07686635549504517,False,True,False,False,True
2024-11-22 00:00:00,PRD-A,58.0,687.0,0.08442503639010189,0.029584790162629486,0.056882997094004746,0.08418120402538001,True,False,False,False,True
2024-11-22 08:00:00,PRD-A,38.0,1321.0,0.028766086298258896,0.037196833886398245,0.056882997094004746,0.07656916030161125,True,False,True,False,True
2024-11-22 16:00:00,PRD-A,48.0,1263.0,0.03800475059382423,0.03674988948371419,0.056882997094004746,0.0770161047042953,False,True,True,False,True
2024-11-23 00:00:00,PRD-A,44.0,1280.0,0.034375,0.03688403278789077,0.056882997094004746,0.07688196140011871,True,True,True,False,True
2024-11-23 08:00:00,PRD-A,46.0,1291.0,0.03563129357087529,0.03696941590917035,0.056882997094004746,0.07679657827883915,True,True,True,False,True
2024-11-23 16:00:00,PRD-A,60.0,1216.0,0.049342105263157895,0.03636449265180811,0.056882997094004746,0.07740150153620137,False,True,True,False,True
2024-11-30 00:00:00,PRD-A,51.0,1270.0,0.04015748031496063,0.03680545109300948,0.056882997094004746,0.07696054309500001,False,True,True,False,True
2024-11-30 08:00:00,PRD-A,47.0,1273.0,0.036920659858601726,0.0368291228002004,0.056882997094004746,0.0769368713878091,False,True,True,False,True
2024-11-30 16:00:00,PRD-A,73.0,1238.0,0.05896607431340872,0.03654762292668058,0.056882997094004746,0.07721837126132891,False,True,True,False,True
2024-12-01 00:00:00,PRD-A,48.0,1267.0,0.037884767166535126,0.036781695360778625,0.056882997094004746,0.07698429882723087,False,True,True,False,True
2024-12-01 08:00:00,PRD-A,68.0,1268.0,0.05362776025236593,0.03678962330497704,0.056882997094004746,0.07697637088303246,False,False,False,False,False
2024-12-01 16:00:00,PRD-A,90.0,1249.0,0.07205764611689351,0.0366373682456136,0.056882997094004746,0.07712862594239589,False,False,False,False,False
2024-12-08 00:00:00,PRD-A,59.0,1294.0,0.04559505409582689,0.036992513053441915,0.056882997094004746,0.07677348113456758,False,False,False,False,False
2024-12-08 08:00:00,PRD-A,38.0,1320.0,0.02878787878787879,0.03718937841814854,0.056882997094004746,0.07657661576986095,True,False,False,False,True
2024-12-08 16:00:00,PRD-A,27.0,1237.0,0.021827000808407437,0.03653940495335368,0.056882997094004746,0.0772265892346558,True,True,False,False,True
2024-12-09 00:00:00,PRD-A,23.0,1313.0,0.017517136329017517,0.03713695188282044,0.056882997094004746,0.07662904230518905,True,True,True,False,True
2024-12-09 08:00:00,PRD-A,35.0,1281.0,0.0273224043715847,0.03689184030890122,0.056882997094004746,0.07687415387910827,True,True,True,False,True
2024-12-09 16:00:00,PRD-A,63.0,1307.0,0.04820198928844682,0.03709168003460443,0.056882997094004746,0.07667431415340506,False,True,True,False,True
2024-12-16 00:00:00,PRD-A,59.0,1248.0,0.047275641025641024,0.03662925864030204,0.056882997094004746,0.07713673554770745,False,False,True,False,True
2024-12-16 08:00:00,PRD-A,71.0,1323.0,0.05366591080876795,0.03721171945616957,0.056882997094004746,0.07655427473183993,False,False,True,True,True
2024-12-16 16:00:00,PRD-A,96.0,1264.0,0.0759493670886076,0.03675785510523677,0.056882997094004746,0.07700813908277272,False,False,False,False,False
2024-12-17 00:00:00,PRD-A,79.0,1327.0,0.059532780708364735,0.037241389575074724,0.056882997094004746,0.07652460461293477,False,False,False,False,False
2024-12-17 08:00:00,PRD-A,76.0,1319.0,0.0576194086429113,0.03718191447295887,0.056882997094004746,0.07658407971505063,False,False,False,False,False
2024-12-17 16:00:00,PRD-A,54.0,1237.0,0.043654001616814875,0.03653940495335368,0.056882997094004746,0.0772265892346558,False,False,False,False,False
2024-12-24 00:00:00,PRD-A,47.0,1254.0,0.037480063795853266,0.03667777065835638,0.056882997094004746,0.07708822352965311,False,False,False,False,False
2024-12-24 08:00:00,PRD-A,42.0,1282.0,0.0327613104524181,0.03689963869296432,0.056882997094004746,0.07686635549504517,True,True,False,False,True
2024-12-24 16:00:00,PRD-A,65.0,1228.0,0.052931596091205214,0.036464992053304654,0.056882997094004746,0.07730100213470484,False,True,False,False,True
2024-12-25 00:00:00,PRD-A,49.0,1282.0,0.038221528861154444,0.03689963869296432,0.056882997094004746,0.07686635549504517,False,True,True,False,True
2024-12-25 08:00:00,PRD-A,41.0,1307.0,0.03136954858454476,0.03709168003460443,0.056882997094004746,0.07667431415340506,True,True,True,False,True
2024-12-25 16:00:00,PRD-A,80.0,1279.0,0.06254886630179828,0.03687621611207691,0.056882997094004746,0.07688977807593259,False,True,False,False,True
2025-01-01 00:00:00,PRD-A,121.0,1189.0,0.10176619007569386,0.03613283169605941,0.056882997094004746,0.07763316249195008,True,False,False,False,True
2025-01-01 08:00:00,PRD-A,103.0,1207.0,0.08533554266777134,0.036288136572370074,0.056882997094004746,0.07747785761563941,True,True,False,False,True
2025-01-01 16:00:00,PRD-A,159.0,1117.0,0.1423455684870188,0.03547451364248813,0.056882997094004746,0.07829148054552136,True,True,False,False,True
2025-01-02 00:00:00,PRD-A,144.0,1161.0,0.12403100775193798,0.03588410507930554,0.056882997094004746,0.07788188910870394,True,True,True,False,True
2025-01-02 08:00:00,PRD-A,138.0,1159.0,0.11906816220880069,0.03586599477665976,0.056882997094004746,0.07789999941134973,True,True,True,False,True
2025-01-02 16:00:00,PRD-A,187.0,1151.0,0.16246741963509992,0.0357930821471876,0.056882997094004746,0.07797291204082189,True,True,True,False,True
2025-01-09 00:00:00,PRD-A,88.0,1135.0,0.07753303964757709,0.03564495098548698,0.056882997094004746,0.07812104320252251,False,True,True,True,True
2025-01-09 08:00:00,PRD-A,41.0,643.0,0.06376360808709176,0.02866624623020838,0.056882997094004746,0.08509974795780112,False,True,True,True,True
2025-01-09 16:00:00,PRD-A,41.0,1267.0,0.03235990528808208,0.036781695360778625,0.056882997094004746,0.07698429882723087,True,False,False,False,True
2025-01-10 00:00:00,PRD-A,39.0,1273.0,0.030636292223095052,0.0368291228002004,0.056882997094004746,0.0769368713878091,True,True,False,False,True
2025-01-10 08:00:00,PRD-A,64.0,1342.0,0.04769001490312966,0.0373514685710587,0.056882997094004746,0.07641452561695079,False,True,False,False,True
2025-01-10 16:00:00,PRD-A,46.0,1203.0,0.038237738985868665,0.03625392581702626,0.056882997094004746,0.07751206837098323,False,True,True,False,True
2025-01-17 00:00:00,PRD-A,66.0,1301.0,0.05073020753266718,0.03704609536678652,0.056882997094004746,0.07671989882122297,False,False,True,False,True
2025-01-17 08:00:00,PRD-A,44.0,1245.0,0.035341365461847386,0.03660487122815216,0.056882997094004746,0.07716112295985733,True,True,True,False,True
2025-01-17 16:00:00,PRD-A,58.0,1208.0,0.048013245033112585,0.036296662700047264,0.056882997094004746,0.07746933148796223,False,False,True,False,True
2025-01-18 00:00:00,PRD-A,50.0,1293.0,0.038669760247486466,0.036984822937538686,0.056882997094004746,0.0767811712504708,False,True,True,True,True
2025-01-18 08:00:00,PRD-A,52.0,1286.0,0.04043545878693624,0.03693074121516296,0.056882997094004746,0.07683525297284653,False,True,True,True,True
2025-01-18 16:00:00,PRD-A,73.0,1281.0,0.05698672911787666,0.03689184030890122,0.056882997094004746,0.07687415387910827,False,True,True,False,True
2025-01-25 00:00:00,PRD-A,62.0,1262.0,0.0491283676703645,0.036741914396211744,0.056882997094004746,0.07702407979179775,False,False,True,False,True
2025-01-25 08:00:00,PRD-A,60.0,1304.0,0.046012269938650305,0.037068927027980425,0.056882997094004746,0.07669706716002907,False,False,True,False,True
2025-01-25 16:00:00,PRD-A,85.0,1264.0,0.06724683544303797,0.03675785510523677,0.056882997094004746,0.07700813908277272,False,False,False,False,False
2025-01-26 00:00:00,PRD-A,62.0,1258.0,0.0492845786963434,0.036709919010358874,0.056882997094004746,0.07705607517765062,False,False,False,False,False
2025-01-26 08:00:00,PRD-A,52.0,1259.0,0.04130262112787927,0.03671793214993367,0.056882997094004746,0.07704806203807582,False,False,True,False,True
2025-01-26 16:00:00,PRD-A,82.0,1242.0,0.06602254428341385,0.036580395509085234,0.056882997094004746,0.07718559867892426,False,False,False,False,False
2025-02-02 00:00:00,PRD-A,44.0,1301.0,0.033820138355111454,0.03704609536678652,0.056882997094004746,0.07671989882122297,True,True,False,False,True
2025-02-02 08:00:00,PRD-A,69.0,1375.0,0.05018181818181818,0.037587270316087544,0.056882997094004746,0.07617872387192196,False,False,True,False,True
2025-02-02 16:00:00,PRD-A,41.0,1249.0,0.03282626100880705,0.0366373682456136,0.056882997094004746,0.07712862594239589,True,True,True,False,True
2025-02-03 00:00:00,PRD-A,32.0,1269.0,0.0252167060677699,0.03679754187623589,0.056882997094004746,0.0769684523117736,True,True,True,False,True
2025-02-03 08:00:00,PRD-A,64.0,1341.0,0.047725577926920205,0.03734418747909174,0.056882997094004746,0.07642180670891775,False,True,True,False,True
2025-02-03 16:00:00,PRD-A,55.0,1205.0,0.04564315352697095,0.03627105248770553,0.056882997094004746,0.07749494170030397,False,False,True,False,True
2025-02-10 00:00:00,PRD-A,82.0,1212.0,0.06765676567656766,0.03633066162398304,0.056882997094004746,0.07743533256402646,False,False,True,False,True
2025-02-10 08:00:00,PRD-A,90.0,1220.0,0.07377049180327869,0.03639815716085125,0.056882997094004746,0.07736783702715824,False,False,False,False,False
2025-02-10 16:00:00,PRD-A,89.0,930.0,0.0956989247311828,0.033420673742751664,0.056882997094004746,0.08034532044525783,True,True,False,False,True
2025-02-11 00:00:00,PRD-A,32.0,1312.0,0.024390243902439025,0.03712942814651725,0.056882997094004746,0.07663656604149224,True,True,False,False,True
2025-02-11 08:00:00,PRD-A,70.0,1358.0,0.05154639175257732,0.037466870045147885,0.056882997094004746,0.07629912414286161,False,False,False,False,False
2025-02-11 16:00:00,PRD-A,64.0,1264.0,0.05063291139240506,0.03675785510523677,0.056882997094004746,0.07700813908277272,False,False,False,False,False
2025-02-18 00:00:00,PRD-A,35.0,1260.0,0.027777777777777776,0.03672593574816284,0.056882997094004746,0.07704005843984665,True,False,False,False,True
2025-02-18 08:00:00,PRD-A,78.0,1300.0,0.06,0.037038467255861546,0.056882997094004746,0.07672752693214795,False,False,False,False,False
2025-02-18 16:00:00,PRD-A,92.0,1301.0,0.07071483474250577,0.03704609536678652,0.056882997094004746,0.07671989882122297,False,False,False,False,False
2025-02-19 00:00:00,PRD-A,130.0,1339.0,0.0970873786407767,0.03732960083307732,0.056882997094004746,0.07643639335493217,True,True,False,False,True
2025-02-19 08:00:00,PRD-A,74.0,1255.0,0.05896414342629482,0.03668582215356973,0.056882997094004746,0.07708017203443976,False,True,False,False,True
2025-02-19 16:00:00,PRD-A,91.0,1244.0,0.07315112540192927,0.0365967224932981,0.056882997094004746,0.07716927169471138,False,True,False,False,True
2025-02-26 00:00:00,PRD-A,60.0,1219.0,0.04922067268252666,0.036389756569998585,0.056882997094004746,0.0773762376180109,False,False,False,False,False
2025-02-26 08:00:00,PRD-A,58.0,1264.0,0.04588607594936709,0.03675785510523677,0.056882997094004746,0.07700813908277272,False,False,False,False,False
2025-02-26 16:00:00,PRD-A,65.0,1211.0,0.053674649050371594,0.03632217768741115,0.056882997094004746,0.07744381650059834,False,False,False,False,False
2025-02-27 00:00:00,PRD-A,66.0,1237.0,0.05335489086499596,0.03653940495335368,0.056882997094004746,0.0772265892346558,False,False,False,False,False
2025-02-27 08:00:00,PRD-A,51.0,1220.0,0.04180327868852459,0.03639815716085125,0.056882997094004746,0.07736783702715824,False,False,False,False,False
2025-02-27 16:00:00,PRD-A,95.0,1228.0,0.07736156351791532,0.036464992053304654,0.056882997094004746,0.07730100213470484,True,False,False,False,True
2025-03-06 00:00:00,PRD-A,36.0,1253.0,0.028731045490822026,0.03666970952640365,0.056882997094004746,0.07709628466160584,True,True,False,False,True
2025-03-06 08:00:00,PRD-A,41.0,1266.0,0.03238546603475513,0.03677375802513534,0.056882997094004746,0.07699223616287415,True,True,False,False,True
2025-03-06 16:00:00,PRD-A,65.0,1257.0,0.05171042163882259,0.036701896310465804,0.056882997094004746,0.07706409787754369,False,True,False,False,True
2025-03-07 00:00:00,PRD-A,52.0,1284.0,0.040498442367601244,0.03691520812142933,0.056882997094004746,0.07685078606658016,False,True,False,False,True
2025-03-07 08:00:00,PRD-A,78.0,1340.0,0.058208955223880594,0.03733689823816854,0.056882997094004746,0.07642909594984096,False,False,False,False,False
2025-03-07 16:00:00,PRD-A,55.0,1270.0,0.04330708661417323,0.03680545109300948,0.056882997094004746,0.07696054309500001,False,True,False,False,True
2025-03-14 00:00:00,PRD-A,40.0,1168.0,0.03424657534246575,0.03594712440430905,0.056882997094004746,0.07781886978370045,True,True,False,False,True
2025-03-14 08:00:00,PRD-A,43.0,1262.0,0.03407290015847861,0.036741914396211744,0.056882997094004746,0.07702407979179775,True,True,True,False,True
2025-03-14 16:00:00,PRD-A,59.0,1189.0,0.0496215306980656,0.03613283169605941,0.056882997094004746,0.07763316249195008,False,True,True,False,True
2025-03-15 00:00:00,PRD-A,50.0,1304.0,0.03834355828220859,0.037068927027980425,0.056882997094004746,0.07669706716002907,False,True,True,False,True
2025-03-15 08:00:00,PRD-A,54.0,1298.0,0.04160246533127889,0.03702318459680927,0.056882997094004746,0.07674280959120022,False,True,True,False,True
2025-03-15 16:00:00,PRD-A,81.0,1232.0,0.06574675324675325,0.03649816511346013,0.056882997094004746,0.07726782907454936,False,True,True,False,True
2025-03-22 00:00:00,PRD-A,54.0,1253.0,0.04309656823623304,0.03666970952640365,0.056882997094004746,0.07709628466160584,False,True,True,False,True
2025-03-22 08:00:00,PRD-A,48.0,1259.0,0.03812549642573471,0.03671793214993367,0.056882997094004746,0.07704806203807582,False,True,True,False,True
2025-03-22 16:00:00,PRD-A,67.0,1238.0,0.05411954765751212,0.03654762292668058,0.056882997094004746,0.07721837126132891,False,True,False,False,True
2025-03-23 00:00:00,PRD-A,55.0,1268.0,0.04337539432176656,0.03678962330497704,0.056882997094004746,0.07697637088303246,False,True,False,False,True
2025-03-23 08:00:00,PRD-A,55.0,1270.0,0.04330708661417323,0.03680545109300948,0.056882997094004746,0.07696054309500001,False,True,True,False,True
2025-03-23 16:00:00,PRD-A,86.0,1106.0,0.07775768535262206,0.035368315327676716,0.056882997094004746,0.07839767886033278,False,True,False,False,True
2025-03-30 00:00:00,PRD-A,65.0,1191.0,0.054575986565911,0.03615026148947366,0.056882997094004746,0.07761573269853583,False,False,False,False,False
2025-03-30 08:00:00,PRD-A,88.0,1251.0,0.07034372501998401,0.036653558275270864,0.056882997094004746,0.07711243591273863,False,False,False,False,False
2025-03-30 16:00:00,PRD-A,94.0,1200.0,0.07833333333333334,0.03622815557427782,0.056882997094004746,0.07753783861373167,True,False,False,False,True
2025-03-31 00:00:00,PRD-A,78.0,1226.0,0.0636215334420881,0.03644834467586268,0.056882997094004746,0.07731764951214681,False,False,False,False,False
2025-03-31 08:00:00,PRD-A,97.0,1206.0,0.08043117744610281,0.03627959984225356,0.056882997094004746,0.07748639434575594,True,True,False,False,True
2025-03-31 16:00:00,PRD-A,127.0,1178.0,0.10780984719864177,0.03603617573390118,0.056882997094004746,0.07772981845410831,True,True,True,False,True
2025-04-07 00:00:00,PRD-A,72.0,1191.0,0.060453400503778336,0.03615026148947366,0.056882997094004746,0.07761573269853583,False,True,False,False,True
2025-04-07 08:00:00,PRD-A,66.0,979.0,0.06741573033707865,0.03401536775135419,0.056882997094004746,0.0797506264366553,False,False,False,False,False
2025-04-07 16:00:00,PRD-A,41.0,1269.0,0.03230890464933018,0.03679754187623589,0.056882997094004746,0.0769684523117736,True,False,False,False,True
2025-04-08 00:00:00,PRD-A,33.0,1325.0,0.02490566037735849,0.037226571310033055,0.056882997094004746,0.07653942287797644,True,True,False,False,True
2025-04-08 08:00:00,PRD-A,38.0,1293.0,0.029389017788089715,0.036984822937538686,0.056882997094004746,0.0767811712504708,True,True,False,False,True
2025-04-08 16:00:00,PRD-A,44.0,1276.0,0.034482758620689655,0.03685271097651982,0.056882997094004746,0.07691328321148967,True,True,True,False,True
2025-04-15 00:00:00,PRD-A,52.0,1241.0,0.041901692183722805,0.036572217220098985,0.056882997094004746,0.07719377696791051,False,True,True,False,True
2025-04-15 08:00:00,PRD-A,52.0,1315.0,0.03954372623574144,0.03715197360063649,0.056882997094004746,0.076614020587373,False,True,True,False,True
2025-04-15 16:00:00,PRD-A,62.0,1236.0,0.05016181229773463,0.03653117700877434,0.056882997094004746,0.07723481717923515,False,True,True,False,True
2025-04-16 00:00:00,PRD-A,37.0,1277.0,0.028974158183241974,0.036860555224370074,0.056882997094004746,0.07690543896363941,True,True,True,True,True
2025-04-16 08:00:00,PRD-A,54.0,1270.0,0.04251968503937008,0.03680545109300948,0.056882997094004746,0.07696054309500001,False,True,True,True,True
2025-04-16 16:00:00,PRD-A,82.0,1267.0,0.06471981057616416,0.036781695360778625,0.056882997094004746,0.07698429882723087,False,True,False,False,True
2025-04-23 00:00:00,PRD-A,40.0,1265.0,0.03162055335968379,0.036765811279490676,0.056882997094004746,0.07700018290851882,True,True,False,False,True
2025-04-23 08:00:00,PRD-A,44.0,1268.0,0.03470031545741325,0.03678962330497704,0.056882997094004746,0.07697637088303246,True,True,True,False,True
2025-04-23 16:00:00,PRD-A,62.0,1249.0,0.049639711769415534,0.0366373682456136,0.056882997094004746,0.07712862594239589,False,True,True,False,True
2025-04-24 00:00:00,PRD-A,52.0,1279.0,0.040656763096168884,0.03687621611207691,0.056882997094004746,0.07688977807593259,False,True,True,False,True
2025-04-24 08:00:00,PRD-A,50.0,1268.0,0.03943217665615142,0.03678962330497704,0.056882997094004746,0.07697637088303246,False,True,True,False,True
2025-04-24 16:00:00,PRD-A,86.0,1202.0,0.07154742096505824,0.03624534645659007,0.056882997094004746,0.07752064773141942,False,True,True,False,True
2025-05-01 00:00:00,PRD-A,72.0,1278.0,0.056338028169014086,0.036868390263554686,0.056882997094004746,0.0768976039244548,False,False,False,False,False
2025-05-01 08:00:00,PRD-A,81.0,1330.0,0.06090225563909774,0.037263554269950136,0.056882997094004746,0.07650243991805936,False,False,False,False,False
2025-05-01 16:00:00,PRD-A,102.0,1214.0,0.08401976935749589,0.036347598038454096,0.056882997094004746,0.0774183961495554,True,False,False,False,True
2025-05-02 00:00:00,PRD-A,84.0,1322.0,0.06354009077155824,0.037204280893741545,0.056882997094004746,0.07656171329426795,False,False,False,False,False
2025-05-02 08:00:00,PRD-A,91.0,1240.0,0.07338709677419354,0.03656402904001473,0.056882997094004746,0.07720196514799477,False,True,False,False,True
2025-05-02 16:00:00,PRD-A,121.0,1224.0,0.0988562091503268,0.03643165651267453,0.056882997094004746,0.07733433767533496,True,True,True,False,True
2025-05-09 00:00:00,PRD-A,74.0,1213.0,0.06100577081615829,0.03633913506712613,0.056882997094004746,0.07742685912088336,False,True,True,False,True
2025-05-09 08:00:00,PRD-A,62.0,1221.0,0.050778050778050775,0.036406547429453526,0.056882997094004746,0.07735944675855597,False,False,False,False,False
2025-05-09 16:00:00,PRD-A,98.0,1188.0,0.08249158249158249,0.036124100298493125,0.056882997094004746,0.07764189388951637,True,False,False,False,True
2025-05-10 00:00:00,PRD-A,58.0,974.0,0.059548254620123205,0.03395674773889092,0.056882997094004746,0.07980924644911858,False,False,False,False,False
2025-05-10 08:00:00,PRD-A,33.0,1316.0,0.02507598784194529,0.03715947161477513,0.056882997094004746,0.07660652257323436,True,False,False,False,True
2025-05-10 16:00:00,PRD-A,51.0,1299.0,0.03926096997690531,0.037030830338188755,0.056882997094004746,0.07673516384982074,False,True,False,False,True
2025-05-17 00:00:00,PRD-A,74.0,1162.0,0.06368330464716007,0.035893142691953414,0.056882997094004746,0.07787285149605608,False,True,False,False,True
2025-05-17 08:00:00,PRD-A,91.0,1220.0,0.07459016393442623,0.03639815716085125,0.056882997094004746,0.07736783702715824,False,False,False,False,False
2025-05-17 16:00:00,PRD-A,129.0,1126.0,0.11456483126110124,0.035560243175320375,0.056882997094004746,0.07820575101268912,True,True,False,False,True
2025-05-18 00:00:00,PRD-A,98.0,1233.0,0.07948094079480941,0.03650643314542893,0.056882997094004746,0.07725956104258055,True,True,False,False,True
2025-05-18 08:00:00,PRD-A,100.0,1231.0,0.08123476848090982,0.03648988700876133,0.056882997094004746,0.07727610717924815,True,True,True,False,True
2025-05-18 16:00:00,PRD-A,132.0,1221.0,0.10810810810810811,0.036406547429453526,0.056882997094004746,0.07735944675855597,True,True,True,False,True
2025-05-25 00:00:00,PRD-A,68.0,1221.0,0.055692055692055695,0.036406547429453526,0.056882997094004746,0.07735944675855597,False,True,True,False,True
2025-05-25 08:00:00,PRD-A,86.0,1243.0,0.06918744971842317,0.036588563926871064,0.056882997094004746,0.07717743026113844,False,False,True,False,True
2025-05-25 16:00:00,PRD-A,99.0,1188.0,0.08333333333333333,0.036124100298493125,0.056882997094004746,0.07764189388951637,True,False,True,False,True
2025-05-26 00:00:00,PRD-A,83.0,1225.0,0.06775510204081632,0.03644000570289034,0.056882997094004746,0.07732598848511915,False,False,True,False,True
2025-05-26 08:00:00,PRD-A,100.0,1241.0,0.08058017727639001,0.036572217220098985,0.056882997094004746,0.07719377696791051,True,True,True,False,True
2025-05-26 16:00:00,PRD-A,121.0,1071.0,0.11297852474323063,0.03501959436384364,0.056882997094004746,0.07874639982416586,True,True,True,False,True
2025-06-02 00:00:00,PRD-A,73.0,1195.0,0.06108786610878661,0.03618498971419651,0.056882997094004746,0.07758100447381298,False,True,True,False,True
2025-06-02 08:00:00,PRD-A,66.0,1235.0,0.05344129554655871,0.03652293907276191,0.056882997094004746,0.07724305511524758,False,False,False,False,False
2025-06-02 16:00:00,PRD-A,105.0,1272.0,0.08254716981132075,0.03682124153666415,0.056882997094004746,0.07694475265134534,True,False,False,False,True
2025-06-03 00:00:00,PRD-A,107.0,1225.0,0.08734693877551021,0.03644000570289034,0.056882997094004746,0.07732598848511915,True,True,False,False,True
2025-06-03 08:00:00,PRD-A,77.0,1243.0,0.061946902654867256,0.036588563926871064,0.056882997094004746,0.07717743026113844,False,True,False,False,True
2025-06-03 16:00:00,PRD-A,123.0,1165.0,0.1055793991416309,0.03592018567643024,0.056882997094004746,0.07784580851157925,True,True,False,False,True
2025-06-10 00:00:00,PRD-A,48.0,1227.0,0.039119804400977995,0.03645667345241331,0.056882997094004746,0.07730932073559618,False,False,False,False,False
2025-06-10 08:00:00,PRD-A,54.0,1306.0,0.04134762633996937,0.03708410441057221,0.056882997094004746,0.07668188977743728,False,True,False,False,True
2025-06-10 16:00:00,PRD-A,79.0,1242.0,0.06360708534621579,0.036580395509085234,0.056882997094004746,0.07718559867892426,False,True,False,False,True
2025-06-11 00:00:00,PRD-A,58.0,1271.0,0.045633359559402044,0.036813350973701295,0.056882997094004746,0.0769526432143082,False,False,False,False,False
2025-06-11 08:00:00,PRD-A,59.0,1266.0,0.04660347551342812,0.03677375802513534,0.056882997094004746,0.07699223616287415,False,False,True,False,True
2025-06-11 16:00:00,PRD-A,79.0,1250.0,0.0632,0.03664546811745145,0.056882997094004746,0.07712052607055804,False,False,False,False,False
2025-06-18 00:00:00,PRD-A,54.0,1257.0,0.04295942720763723,0.036701896310465804,0.056882997094004746,0.07706409787754369,False,False,False,False,False
2025-06-18 08:00:00,PRD-A,64.0,1292.0,0.04953560371517028,0.036977123895209005,0.056882997094004746,0.07678887029280049,False,False,True,False,True
2025-06-18 16:00:00,PRD-A,96.0,1210.0,0.07933884297520662,0.036313683235734334,0.056882997094004746,0.07745231095227516,True,False,False,False,True
2025-06-19 00:00:00,PRD-A,57.0,1202.0,0.04742096505823627,0.03624534645659007,0.056882997094004746,0.07752064773141942,False,False,False,False,False
2025-06-19 08:00:00,PRD-A,72.0,1289.0,0.055857253685027156,0.03695397303660142,0.056882997094004746,0.07681202115140807,False,False,False,False,False
2025-06-19 16:00:00,PRD-A,85.0,1191.0,0.07136859781696053,0.03615026148947366,0.056882997094004746,0.07761573269853583,False,False,False,False,False
2025-06-26 00:00:00,PRD-A,54.0,1215.0,0.044444444444444446,0.03635605055951831,0.056882997094004746,0.07740994362849118,False,False,False,False,False
2025-06-26 08:00:00,PRD-A,63.0,1255.0,0.050199203187251,0.03668582215356973,0.056882997094004746,0.07708017203443976,False,False,False,False,False
2025-06-26 16:00:00,PRD-A,93.0,1217.0,0.07641741988496302,0.036372924336751024,0.056882997094004746,0.07739306985125846,False,False,False,False,False
2025-06-27 00:00:00,PRD-A,70.0,1266.0,0.05529225908372828,0.03677375802513534,0.056882997094004746,0.07699223616287415,False,False,False,False,False
2025-06-27 08:00:00,PRD-A,74.0,1266.0,0.05845181674565561,0.03677375802513534,0.056882997094004746,0.07699223616287415,False,False,False,False,False
2025-06-27 16:00:00,PRD-A,87.0,1200.0,0.0725,0.03622815557427782,0.056882997094004746,0.07753783861373167,False,False,False,False,False
2024-01-05 00:00:00,PRD-A,59.0,1335.0,0.044194756554307116,0.03730032926540118,0.056882997094004746,0.07646566492260831,False,False,False,False,False
2024-01-05 08:00:00,PRD-A,64.0,1344.0,0.047619047619047616,0.037366006368773005,0.056882997094004746,0.07639998781923649,False,False,False,False,False
2024-01-05 16:00:00,PRD-A,57.0,1270.0,0.04488188976377953,0.03680545109300948,0.056882997094004746,0.07696054309500001,False,False,False,False,False
2024-01-06 00:00:00,PRD-A,77.0,1338.0,0.05754857997010463,0.03732229524856652,0.056882997094004746,0.07644369893944297,False,False,False,False,False
2024-01-06 08:00:00,PRD-A,43.0,1292.0,0.033281733746130034,0.036977123895209005,0.056882997094004746,0.07678887029280049,True,False,True,False,True
2024-01-06 16:00:00,PRD-A,50.0,1276.0,0.03918495297805643,0.03685271097651982,0.056882997094004746,0.07691328321148967,False,True,True,False,True
2024-01-13 00:00:00,PRD-A,53.0,1193.0,0.04442581726739313,0.03616764743433816,0.056882997094004746,0.07759834675367133,False,True,True,False,True
2024-01-13 08:00:00,PRD-A,64.0,1290.0,0.04961240310077519,0.03696169896209331,0.056882997094004746,0.07680429522591618,False,False,True,False,True
2024-01-13 16:00:00,PRD-A,96.0,1220.0,0.07868852459016394,0.03639815716085125,0.056882997094004746,0.07736783702715824,True,False,True,False,True
2024-01-14 00:00:00,PRD-A,75.0,1221.0,0.06142506142506143,0.036406547429453526,0.056882997094004746,0.07735944675855597,False,False,False,False,False
2024-01-14 08:00:00,PRD-A,82.0,1239.0,0.06618240516545601,0.03655583094887867,0.056882997094004746,0.07721016323913082,False,False,False,False,False
2024-01-14 16:00:00,PRD-A,120.0,1137.0,0.10554089709762533,0.03566363822721248,0.056882997094004746,0.07810235596079701,True,False,False,False,True
2024-01-21 00:00:00,PRD-A,67.0,1213.0,0.055234954657873044,0.03633913506712613,0.056882997094004746,0.07742685912088336,False,False,False,False,False
2024-01-21 08:00:00,PRD-A,77.0,1241.0,0.062046736502820304,0.036572217220098985,0.056882997094004746,0.07719377696791051,False,False,False,False,False
2024-01-21 16:00:00,PRD-A,113.0,1192.0,0.09479865771812081,0.036158959931477885,0.056882997094004746,0.0776070342565316,True,False,False,False,True
2024-01-22 00:00:00,PRD-A,36.0,670.0,0.05373134328358209,0.029240639000595953,0.056882997094004746,0.08452535518741354,False,False,False,False,False
2024-01-22 08:00:00,PRD-A,46.0,1274.0,0.03610675039246468,0.03683699478256212,0.056882997094004746,0.07692899940544737,True,False,False,False,True
2024-01-22 16:00:00,PRD-A,50.0,1255.0,0.0398406374501992,0.03668582215356973,0.056882997094004746,0.07708017203443976,False,True,False,False,True
2024-01-29 00:00:00,PRD-A,35.0,1259.0,0.02779984114376489,0.03671793214993367,0.056882997094004746,0.07704806203807582,True,True,False,False,True
2024-01-29 08:00:00,PRD-A,47.0,1315.0,0.03574144486692015,0.03715197360063649,0.056882997094004746,0.076614020587373,True,True,True,False,True
2024-01-29 16:00:00,PRD-A,130.0,1332.0,0.09759759759759759,0.03727828911455523,0.056882997094004746,0.07648770507345426,True,True,True,False,True
2024-01-30 00:00:00,PRD-A,46.0,1300.0,0.03538461538461538,0.037038467255861546,0.056882997094004746,0.07672752693214795,True,True,True,False,True
2024-01-30 08:00:00,PRD-A,42.0,1315.0,0.03193916349809886,0.03715197360063649,0.056882997094004746,0.076614020587373,True,True,True,False,True
2024-01-30 16:00:00,PRD-A,80.0,1305.0,0.06130268199233716,0.037076520080593416,0.056882997094004746,0.07668947410741608,False,True,False,False,True
2024-02-06 00:00:00,PRD-A,81.0,1234.0,0.06564019448946515,0.03651469112507855,0.056882997094004746,0.07725130306293095,False,False,False,False,False
2024-02-06 08:00:00,PRD-A,65.0,1227.0,0.05297473512632437,0.03645667345241331,0.056882997094004746,0.07730932073559618,False,False,False,False,False
2024-02-06 16:00:00,PRD-A,108.0,1188.0,0.09090909090909091,0.036124100298493125,0.056882997094004746,0.07764189388951637,True,False,False,False,True
2024-02-07 00:00:00,PRD-A,80.0,1249.0,0.06405124099279423,0.0366373682456136,0.056882997094004746,0.07712862594239589,False,False,False,False,False
2024-02-07 08:00:00,PRD-A,81.0,1262.0,0.06418383518225039,0.036741914396211744,0.056882997094004746,0.07702407979179775,False,False,True,False,True
2024-02-07 16:00:00,PRD-A,128.0,1230.0,0.1040650406504065,0.036481598810863665,0.056882997094004746,0.07728439537714582,True,False,True,False,True
2024-02-14 00:00:00,PRD-A,45.0,1269.0,0.03546099290780142,0.03679754187623589,0.056882997094004746,0.0769684523117736,True,False,True,False,True
2024-02-14 08:00:00,PRD-A,51.0,1307.0,0.03902065799540933,0.03709168003460443,0.056882997094004746,0.07667431415340506,False,True,False,False,True
2024-02-14 16:00:00,PRD-A,73.0,1226.0,0.05954323001631321,0.03644834467586268,0.056882997094004746,0.07731764951214681,False,True,False,False,True
2024-02-15 00:00:00,PRD-A,63.0,1274.0,0.04945054945054945,0.03683699478256212,0.056882997094004746,0.07692899940544737,False,False,False,False,False
2024-02-15 08:00:00,PRD-A,78.0,1249.0,0.06244995996797438,0.0366373682456136,0.056882997094004746,0.07712862594239589,False,False,False,False,False
2024-02-15 16:00:00,PRD-A,94.0,1228.0,0.07654723127035831,0.036464992053304654,0.056882997094004746,0.07730100213470484,False,False,False,False,False
2024-02-22 00:00:00,PRD-A,59.0,1229.0,0.04800650935720097,0.03647330049923999,0.056882997094004746,0.07729269368876951,False,False,False,False,False
2024-02-22 08:00:00,PRD-A,62.0,1248.0,0.049679487179487176,0.03662925864030204,0.056882997094004746,0.07713673554770745,False,False,False,False,False
2024-02-22 16:00:00,PRD-A,98.0,1217.0,0.08052588331963846,0.036372924336751024,0.056882997094004746,0.07739306985125846,True,False,False,False,True
2024-02-23 00:00:00,PRD-A,65.0,1262.0,0.05150554675118859,0.036741914396211744,0.056882997094004746,0.07702407979179775,False,False,False,False,False
2024-02-23 08:00:00,PRD-A,73.0,1217.0,0.0599835661462613,0.036372924336751024,0.056882997094004746,0.07739306985125846,False,False,False,False,False
2024-02-23 16:00:00,PRD-A,101.0,1214.0,0.08319604612850082,0.036347598038454096,0.056882997094004746,0.0774183961495554,True,False,False,False,True
2024-03-01 00:00:00,PRD-A,44.0,1178.0,0.03735144312393888,0.03603617573390118,0.056882997094004746,0.07772981845410831,False,False,False,False,False
2024-03-01 08:00:00,PRD-A,55.0,1298.0,0.0423728813559322,0.03702318459680927,0.056882997094004746,0.07674280959120022,False,True,False,False,True
2024-03-01 16:00:00,PRD-A,80.0,1230.0,0.06504065040650407,0.036481598810863665,0.056882997094004746,0.07728439537714582,False,True,False,False,True
2024-03-02 00:00:00,PRD-A,73.0,1293.0,0.05645784996133024,0.036984822937538686,0.056882997094004746,0.0767811712504708,False,False,False,False,False
2024-03-02 08:00:00,PRD-A,67.0,1190.0,0.05630252100840336,0.036141552085348895,0.056882997094004746,0.07762444210266059,False,False,False,False,False
2024-03-02 16:00:00,PRD-A,106.0,1211.0,0.0875309661436829,0.03632217768741115,0.056882997094004746,0.07744381650059834,True,False,False,False,True
2024-03-09 00:00:00,PRD-A,82.0,1266.0,0.06477093206951026,0.03677375802513534,0.056882997094004746,0.07699223616287415,False,False,False,False,False
2024-03-09 08:00:00,PRD-A,91.0,1304.0,0.06978527607361963,0.037068927027980425,0.056882997094004746,0.07669706716002907,False,False,False,False,False
2024-03-09 16:00:00,PRD-A,143.0,1257.0,0.11376292760540971,0.036701896310465804,0.056882997094004746,0.07706409787754369,True,False,True,False,True
2024-03-10 00:00:00,PRD-A,100.0,1294.0,0.07727975270479134,0.036992513053441915,0.056882997094004746,0.07677348113456758,True,True,True,False,True
2024-03-10 08:00:00,PRD-A,95.0,1243.0,0.07642799678197908,0.036588563926871064,0.056882997094004746,0.07717743026113844,False,True,True,False,True
2024-03-10 16:00:00,PRD-A,162.0,1213.0,0.13355317394888705,0.03633913506712613,0.056882997094004746,0.07742685912088336,True,True,True,False,True
2024-03-17 00:00:00,PRD-A,68.0,1218.0,0.05582922824302135,0.03638134563571299,0.056882997094004746,0.0773846485522965,False,True,True,False,True
2024-03-17 08:00:00,PRD-A,89.0,1256.0,0.07085987261146497,0.03669386403122894,0.056882997094004746,0.07707213015678055,False,True,True,False,True
2024-03-17 16:00:00,PRD-A,110.0,1161.0,0.09474590869939707,0.03588410507930554,0.056882997094004746,0.07788188910870394,True,True,True,False,True
2024-03-18 00:00:00,PRD-A,100.0,1221.0,0.0819000819000819,0.036406547429453526,0.056882997094004746,0.07735944675855597,True,True,True,False,True
2024-03-18 08:00:00,PRD-A,114.0,1233.0,0.09245742092457421,0.03650643314542893,0.056882997094004746,0.07725956104258055,True,True,True,False,True
2024-03-18 16:00:00,PRD-A,128.0,1189.0,0.10765349032800672,0.03613283169605941,0.056882997094004746,0.07763316249195008,True,True,True,False,True
2024-03-25 00:00:00,PRD-A,61.0,1150.0,0.05304347826086957,0.03578391461145934,0.056882997094004746,0.07798207957655015,False,True,True,False,True
2024-03-25 08:00:00,PRD-A,87.0,1235.0,0.07044534412955465,0.03652293907276191,0.056882997094004746,0.07724305511524758,False,False,True,False,True
2024-03-25 16:00:00,PRD-A,112.0,1191.0,0.09403862300587741,0.03615026148947366,0.056882997094004746,0.07761573269853583,True,False,True,False,True
2024-03-26 00:00:00,PRD-A,96.0,1202.0,0.07986688851913477,0.03624534645659007,0.056882997094004746,0.07752064773141942,True,True,True,False,True
2024-03-26 08:00:00,PRD-A,93.0,1269.0,0.07328605200945626,0.03679754187623589,0.056882997094004746,0.0769684523117736,False,True,True,False,True
2024-03-26 16:00:00,PRD-A,125.0,1176.0,0.10629251700680271,0.03601845637552993,0.056882997094004746,0.07774753781247956,True,True,True,False,True
2024-04-02 00:00:00,PRD-A,44.0,1271.0,0.03461841070023604,0.036813350973701295,0.056882997094004746,0.0769526432143082,True,True,True,False,True
2024-04-02 08:00:00,PRD-A,53.0,1274.0,0.041601255886970175,0.03683699478256212,0.056882997094004746,0.07692899940544737,False,True,False,False,True
2024-04-02 16:00:00,PRD-A,88.0,1273.0,0.06912804399057344,0.0368291228002004,0.056882997094004746,0.0769368713878091,False,True,False,False,True
2024-04-03 00:00:00,PRD-A,59.0,1298.0,0.045454545454545456,0.03702318459680927,0.056882997094004746,0.07674280959120022,False,False,False,False,False
2024-04-03 08:00:00,PRD-A,54.0,1231.0,0.043866774979691305,0.03648988700876133,0.056882997094004746,0.07727610717924815,False,False,True,False,True
2024-04-03 16:00:00,PRD-A,90.0,1239.0,0.07263922518159806,0.03655583094887867,0.056882997094004746,0.07721016323913082,False,False,False,False,False
2024-04-10 00:00:00,PRD-A,68.0,1214.0,0.05601317957166392,0.036347598038454096,0.056882997094004746,0.0774183961495554,False,False,False,False,False
2024-04-10 08:00:00,PRD-A,46.0,840.0,0.05476190476190476,0.03219573958835923,0.056882997094004746,0.08157025459965025,False,False,False,False,False
2024-04-10 16:00:00,PRD-A,58.0,1294.0,0.04482225656877898,0.036992513053441915,0.056882997094004746,0.07677348113456758,False,False,False,False,False
2024-04-11 00:00:00,PRD-A,44.0,1287.0,0.03418803418803419,0.036938494180631054,0.056882997094004746,0.07682750000737844,True,False,False,False,True
2024-04-11 08:00:00,PRD-A,44.0,1292.0,0.034055727554179564,0.036977123895209005,0.056882997094004746,0.07678887029280049,True,True,False,False,True
2024-04-11 16:00:00,PRD-A,59.0,1266.0,0.04660347551342812,0.03677375802513534,0.056882997094004746,0.07699223616287415,False,True,True,False,True
2024-04-18 00:00:00,PRD-A,107.0,1287.0,0.08313908313908314,0.036938494180631054,0.056882997094004746,0.07682750000737844,True,False,True,False,True
2024-04-18 08:00:00,PRD-A,58.0,1283.0,0.04520654715510522,0.03690742795788743,0.056882997094004746,0.07685856623012206,False,False,True,False,True
2024-04-18 16:00:00,PRD-A,93.0,1237.0,0.07518189167340339,0.03653940495335368,0.056882997094004746,0.0772265892346558,False,True,False,False,True
2024-04-19 00:00:00,PRD-A,68.0,1244.0,0.05466237942122187,0.0365967224932981,0.056882997094004746,0.07716927169471138,False,False,False,False,False
2024-04-19 08:00:00,PRD-A,69.0,1290.0,0.053488372093023255,0.03696169896209331,0.056882997094004746,0.07680429522591618,False,False,False,False,False
2024-04-19 16:00:00,PRD-A,88.0,1231.0,0.07148659626320066,0.03648988700876133,0.056882997094004746,0.07727610717924815,False,False,False,False,False
2024-04-26 00:00:00,PRD-A,54.0,1217.0,0.04437140509449466,0.036372924336751024,0.056882997094004746,0.07739306985125846,False,False,False,False,False
2024-04-26 08:00:00,PRD-A,61.0,1279.0,0.04769351055512119,0.03687621611207691,0.056882997094004746,0.07688977807593259,False,False,False,False,False
2024-04-26 16:00:00,PRD-A,81.0,1221.0,0.06633906633906633,0.036406547429453526,0.056882997094004746,0.07735944675855597,False,False,False,False,False
2024-04-27 00:00:00,PRD-A,66.0,1270.0,0.05196850393700787,0.03680545109300948,0.056882997094004746,0.07696054309500001,False,False,False,False,False
2024-04-27 08:00:00,PRD-A,59.0,1272.0,0.046383647798742135,0.03682124153666415,0.056882997094004746,0.07694475265134534,False,False,False,False,False
2024-04-27 16:00:00,PRD-A,96.0,1208.0,0.07947019867549669,0.036296662700047264,0.056882997094004746,0.07746933148796223,True,False,False,False,True
2024-05-04 00:00:00,PRD-A,77.0,1281.0,0.060109289617486336,0.03689184030890122,0.056882997094004746,0.07687415387910827,False,False,False,False,False
2024-05-04 08:00:00,PRD-A,60.0,1328.0,0.045180722891566265,0.03724878615131852,0.056882997094004746,0.07651720803669097,False,False,False,False,False
2024-05-04 16:00:00,PRD-A,66.0,1232.0,0.05357142857142857,0.03649816511346013,0.056882997094004746,0.07726782907454936,False,False,False,False,False
2024-05-05 00:00:00,PRD-A,50.0,1257.0,0.03977724741447892,0.036701896310465804,0.056882997094004746,0.07706409787754369,False,False,False,False,False
2024-05-05 08:00:00,PRD-A,61.0,1309.0,0.04660045836516425,0.03710680523135667,0.056882997094004746,0.07665918895665283,False,False,False,False,False
2024-05-05 16:00:00,PRD-A,90.0,1233.0,0.072992700729927,0.03650643314542893,0.056882997094004746,0.07725956104258055,False,False,False,False,False
2024-05-12 00:00:00,PRD-A,69.0,1241.0,0.055600322320709106,0.036572217220098985,0.056882997094004746,0.07719377696791051,False,False,False,False,False
2024-05-12 08:00:00,PRD-A,64.0,1327.0,0.04822908816880181,0.037241389575074724,0.056882997094004746,0.07652460461293477,False,False,False,False,False
2024-05-12 16:00:00,PRD-A,106.0,1320.0,0.0803030303030303,0.03718937841814854,0.056882997094004746,0.07657661576986095,True,False,False,False,True
2024-05-13 00:00:00,PRD-A,130.0,1241.0,0.10475423045930701,0.036572217220098985,0.056882997094004746,0.07719377696791051,True,True,False,False,True
2024-05-13 08:00:00,PRD-A,113.0,1322.0,0.08547655068078669,0.037204280893741545,0.056882997094004746,0.07656171329426795,True,True,False,False,True
2024-05-13 16:00:00,PRD-A,176.0,1228.0,0.14332247557003258,0.036464992053304654,0.056882997094004746,0.07730100213470484,True,True,True,False,True
2024-05-20 00:00:00,PRD-A,86.0,1203.0,0.0714879467996675,0.03625392581702626,0.056882997094004746,0.07751206837098323,False,True,True,False,True
2024-05-20 08:00:00,PRD-A,105.0,1321.0,0.07948523845571537,0.037196833886398245,0.056882997094004746,0.07656916030161125,True,True,True,False,True
2024-05-20 16:00:00,PRD-A,92.0,1216.0,0.0756578947368421,0.03636449265180811,0.056882997094004746,0.07740150153620137,False,True,True,False,True
2024-05-21 00:00:00,PRD-A,68.0,1221.0,0.055692055692055695,0.036406547429453526,0.056882997094004746,0.07735944675855597,False,True,True,False,True
2024-05-21 08:00:00,PRD-A,69.0,1254.0,0.05502392344497608,0.03667777065835638,0.056882997094004746,0.07708822352965311,False,False,False,False,False
2024-05-21 16:00:00,PRD-A,101.0,1238.0,0.0815831987075929,0.03654762292668058,0.056882997094004746,0.07721837126132891,True,False,False,False,True
2024-05-28 00:00:00,PRD-A,59.0,1228.0,0.04804560260586319,0.036464992053304654,0.056882997094004746,0.07730100213470484,False,False,False,False,False
2024-05-28 08:00:00,PRD-A,62.0,1254.0,0.049441786283891544,0.03667777065835638,0.056882997094004746,0.07708822352965311,False,False,False,False,False
2024-05-28 16:00:00,PRD-A,111.0,1239.0,0.08958837772397095,0.03655583094887867,0.056882997094004746,0.07721016323913082,True,False,False,False,True
2024-05-29 00:00:00,PRD-A,66.0,1287.0,0.05128205128205128,0.036938494180631054,0.056882997094004746,0.07682750000737844,False,False,False,False,False
2024-05-29 08:00:00,PRD-A,53.0,1282.0,0.041341653666146644,0.03689963869296432,0.056882997094004746,0.07686635549504517,False,False,False,False,False
2024-05-29 16:00:00,PRD-A,99.0,1244.0,0.07958199356913183,0.0365967224932981,0.056882997094004746,0.07716927169471138,True,False,False,False,True
2024-06-05 00:00:00,PRD-A,63.0,1235.0,0.05101214574898785,0.03652293907276191,0.056882997094004746,0.07724305511524758,False,False,False,False,False
2024-06-05 08:00:00,PRD-A,55.0,1301.0,0.042275172943889314,0.03704609536678652,0.056882997094004746,0.07671989882122297,False,False,False,False,False
2024-06-05 16:00:00,PRD-A,71.0,1232.0,0.05762987012987013,0.03649816511346013,0.056882997094004746,0.07726782907454936,False,False,False,False,False
2024-06-06 00:00:00,PRD-A,70.0,1270.0,0.05511811023622047,0.03680545109300948,0.056882997094004746,0.07696054309500001,False,False,False,False,False
2024-06-06 08:00:00,PRD-A,65.0,1301.0,0.04996156802459646,0.03704609536678652,0.056882997094004746,0.07671989882122297,False,False,False,False,False
2024-06-06 16:00:00,PRD-A,96.0,1249.0,0.07686148919135308,0.0366373682456136,0.056882997094004746,0.07712862594239589,False,False,False,False,False
2024-06-13 00:00:00,PRD-A,52.0,1144.0,0.045454545454545456,0.035728657207842664,0.056882997094004746,0.07803733698016682,False,False,False,False,False
2024-06-13 08:00:00,PRD-A,53.0,1282.0,0.041341653666146644,0.03689963869296432,0.056882997094004746,0.07686635549504517,False,False,False,False,False
2024-06-13 16:00:00,PRD-A,74.0,1255.0,0.05896414342629482,0.03668582215356973,0.056882997094004746,0.07708017203443976,False,False,False,False,False
2024-06-14 00:00:00,PRD-A,53.0,1310.0,0.04045801526717557,0.03711435483722928,0.056882997094004746,0.0766516393507802,False,True,False,False,True
2024-06-14 08:00:00,PRD-A,56.0,1253.0,0.0446927374301676,0.03666970952640365,0.056882997094004746,0.07709628466160584,False,False,True,False,True
2024-06-14 16:00:00,PRD-A,74.0,1264.0,0.058544303797468354,0.03675785510523677,0.056882997094004746,0.07700813908277272,False,False,False,False,False
2024-06-21 00:00:00,PRD-A,57.0,1198.0,0.04757929883138564,0.03621092166095856,0.056882997094004746,0.07755507252705093,False,False,False,False,False
2024-06-21 08:00:00,PRD-A,69.0,1278.0,0.0539906103286385,0.036868390263554686,0.056882997094004746,0.0768976039244548,False,False,False,False,False
2024-06-21 16:00:00,PRD-A,75.0,1260.0,0.05952380952380952,0.03672593574816284,0.056882997094004746,0.07704005843984665,False,False,False,False,False
2024-06-22 00:00:00,PRD-A,65.0,1257.0,0.05171042163882259,0.036701896310465804,0.056882997094004746,0.07706409787754369,False,False,False,False,False
2024-06-22 08:00:00,PRD-A,60.0,1285.0,0.04669260700389105,0.03692297920130044,0.056882997094004746,0.07684301498670905,False,False,False,False,False
2024-06-22 16:00:00,PRD-A,105.0,1222.0,0.08592471358428805,0.03641492739692727,0.056882997094004746,0.07735106679108222,True,False,False,False,True
2024-06-29 00:00:00,PRD-A,61.0,1296.0,0.0470679012345679,0.03700786657486574,0.056882997094004746,0.07675812761314375,False,False,False,False,False
2024-06-29 08:00:00,PRD-A,78.0,1305.0,0.059770114942528735,0.037076520080593416,0.056882997094004746,0.07668947410741608,False,False,False,False,False
2024-06-29 16:00:00,PRD-A,52.0,1243.0,0.0418342719227675,0.036588563926871064,0.056882997094004746,0.07717743026113844,False,False,False,False,False
2024-06-30 00:00:00,PRD-A,83.0,1315.0,0.06311787072243347,0.03715197360063649,0.056882997094004746,0.076614020587373,False,False,False,False,False
2024-06-30 08:00:00,PRD-A,56.0,1258.0,0.04451510333863275,0.036709919010358874,0.056882997094004746,0.07705607517765062,False,False,False,False,False
2024-06-30 16:00:00,PRD-A,59.0,1265.0,0.0466403162055336,0.036765811279490676,0.056882997094004746,0.07700018290851882,False,False,False,False,False
2024-07-07 00:00:00,PRD-A,89.0,840.0,0.10595238095238095,0.03219573958835923,0.056882997094004746,0.08157025459965025,True,False,False,False,True
2024-07-07 08:00:00,PRD-A,42.0,1289.0,0.032583397982932506,0.03695397303660142,0.056882997094004746,0.07681202115140807,True,False,False,False,True
2024-07-07 16:00:00,PRD-A,76.0,1259.0,0.06036536934074663,0.03671793214993367,0.056882997094004746,0.07704806203807582,False,False,False,False,False
2024-07-08 00:00:00,PRD-A,51.0,1273.0,0.04006284367635507,0.0368291228002004,0.056882997094004746,0.0769368713878091,False,True,False,False,True
2024-07-08 08:00:00,PRD-A,57.0,1216.0,0.046875,0.03636449265180811,0.056882997094004746,0.07740150153620137,False,False,False,False,False
2024-07-08 16:00:00,PRD-A,83.0,1297.0,0.06399383191981496,0.03701553001471845,0.056882997094004746,0.07675046417329104,False,False,False,False,False
2024-07-15 00:00:00,PRD-A,55.0,1227.0,0.04482477587612062,0.03645667345241331,0.056882997094004746,0.07730932073559618,False,False,False,False,False
2024-07-15 08:00:00,PRD-A,49.0,1248.0,0.03926282051282051,0.03662925864030204,0.056882997094004746,0.07713673554770745,False,False,True,False,True
2024-07-15 16:00:00,PRD-A,64.0,1255.0,0.05099601593625498,0.03668582215356973,0.056882997094004746,0.07708017203443976,False,False,False,False,False
2024-07-16 00:00:00,PRD-A,55.0,1224.0,0.04493464052287582,0.03643165651267453,0.056882997094004746,0.07733433767533496,False,False,False,False,False
2024-07-16 08:00:00,PRD-A,82.0,1255.0,0.0653386454183267,0.03668582215356973,0.056882997094004746,0.07708017203443976,False,False,False,False,False
2024-07-16 16:00:00,PRD-A,97.0,1255.0,0.07729083665338646,0.03668582215356973,0.056882997094004746,0.07708017203443976,True,False,False,False,True
2024-07-23 00:00:00,PRD-A,55.0,1243.0,0.04424778761061947,0.036588563926871064,0.056882997094004746,0.07717743026113844,False,False,False,False,False
2024-07-23 08:00:00,PRD-A,87.0,1278.0,0.06807511737089202,0.036868390263554686,0.056882997094004746,0.0768976039244548,False,False,False,False,False
2024-07-23 16:00:00,PRD-A,107.0,1311.0,0.08161708619374523,0.037121895803460855,0.056882997094004746,0.07664409838454864,True,False,True,False,True
2024-07-24 00:00:00,PRD-A,87.0,1285.0,0.06770428015564202,0.03692297920130044,0.056882997094004746,0.07684301498670905,False,False,True,False,True
2024-07-24 08:00:00,PRD-A,87.0,1274.0,0.06828885400313972,0.03683699478256212,0.056882997094004746,0.07692899940544737,False,False,True,False,True
2024-07-24 16:00:00,PRD-A,109.0,1245.0,0.08755020080321285,0.03660487122815216,0.056882997094004746,0.07716112295985733,True,False,True,False,True
2024-07-31 00:00:00,PRD-A,39.0,1247.0,0.03127506014434643,0.03662113928200689,0.056882997094004746,0.0771448549060026,True,False,True,False,True
2024-07-31 08:00:00,PRD-A,61.0,1287.0,0.0473970473970474,0.036938494180631054,0.056882997094004746,0.07682750000737844,False,False,False,False,False
2024-07-31 16:00:00,PRD-A,70.0,1274.0,0.054945054945054944,0.03683699478256212,0.056882997094004746,0.07692899940544737,False,False,False,False,False
2024-08-01 00:00:00,PRD-A,65.0,1188.0,0.054713804713804715,0.036124100298493125,0.056882997094004746,0.07764189388951637,False,False,False,False,False
2024-08-01 08:00:00,PRD-A,54.0,1324.0,0.04078549848942598,0.03721914958963117,0.056882997094004746,0.07654684459837832,False,False,False,False,False
2024-08-01 16:00:00,PRD-A,92.0,1249.0,0.07365892714171338,0.0366373682456136,0.056882997094004746,0.07712862594239589,False,False,False,False,False
2024-08-08 00:00:00,PRD-A,60.0,1224.0,0.049019607843137254,0.03643165651267453,0.056882997094004746,0.07733433767533496,False,False,False,False,False
2024-08-08 08:00:00,PRD-A,46.0,1286.0,0.03576982892690513,0.03693074121516296,0.056882997094004746,0.07683525297284653,True,False,False,False,True
2024-08-08 16:00:00,PRD-A,38.0,781.0,0.04865556978233035,0.031280226011037665,0.056882997094004746,0.08248576817697183,False,False,False,False,False
2024-08-09 00:00:00,PRD-A,57.0,1341.0,0.042505592841163314,0.03734418747909174,0.056882997094004746,0.07642180670891775,False,True,False,False,True
2024-08-09 08:00:00,PRD-A,44.0,1311.0,0.033562166285278416,0.037121895803460855,0.056882997094004746,0.07664409838454864,True,True,True,False,True
2024-08-09 16:00:00,PRD-A,58.0,1286.0,0.04510108864696734,0.03693074121516296,0.056882997094004746,0.07683525297284653,False,True,True,False,True
2024-08-16 00:00:00,PRD-A,83.0,1184.0,0.07010135135135136,0.03608906416082859,0.056882997094004746,0.0776769300271809,False,False,False,False,False
2024-08-16 08:00:00,PRD-A,93.0,1251.0,0.07434052757793765,0.036653558275270864,0.056882997094004746,0.07711243591273863,False,False,False,False,False
2024-08-16 16:00:00,PRD-A,112.0,1145.0,0.09781659388646288,0.035737896928696694,0.056882997094004746,0.0780280972593128,True,True,False,False,True
2024-08-17 00:00:00,PRD-A,89.0,938.0,0.09488272921108742,0.03352094054063105,0.056882997094004746,0.08024505364737844,True,True,True,False,True
2024-08-17 08:00:00,PRD-A,45.0,1268.0,0.03548895899053628,0.03678962330497704,0.056882997094004746,0.07697637088303246,True,True,True,False,True
2024-08-17 16:00:00,PRD-A,42.0,1285.0,0.03268482490272374,0.03692297920130044,0.056882997094004746,0.07684301498670905,True,True,False,False,True
2024-08-24 00:00:00,PRD-A,68.0,1212.0,0.056105610561056105,0.03633066162398304,0.056882997094004746,0.07743533256402646,False,True,False,False,True
2024-08-24 08:00:00,PRD-A,62.0,1282.0,0.0483619344773791,0.03689963869296432,0.056882997094004746,0.07686635549504517,False,False,False,False,False
2024-08-24 16:00:00,PRD-A,68.0,1230.0,0.055284552845528454,0.036481598810863665,0.056882997094004746,0.07728439537714582,False,False,False,False,False
2024-08-25 00:00:00,PRD-A,74.0,1238.0,0.05977382875605816,0.03654762292668058,0.056882997094004746,0.07721837126132891,False,False,False,False,False
2024-08-25 08:00:00,PRD-A,84.0,1221.0,0.0687960687960688,0.036406547429453526,0.056882997094004746,0.07735944675855597,False,False,False,False,False
2024-08-25 16:00:00,PRD-A,100.0,1262.0,0.07923930269413629,0.036741914396211744,0.056882997094004746,0.07702407979179775,True,False,False,False,True
2024-09-01 00:00:00,PRD-A,54.0,1231.0,0.043866774979691305,0.03648988700876133,0.056882997094004746,0.07727610717924815,False,False,False,False,False
2024-09-01 08:00:00,PRD-A,70.0,1248.0,0.05608974358974359,0.03662925864030204,0.056882997094004746,0.07713673554770745,False,False,False,False,False
2024-09-01 16:00:00,PRD-A,83.0,1265.0,0.06561264822134387,0.036765811279490676,0.056882997094004746,0.07700018290851882,False,False,False,False,False
2024-09-02 00:00:00,PRD-A,57.0,1297.0,0.04394757131842714,0.03701553001471845,0.056882997094004746,0.07675046417329104,False,False,False,False,False
2024-09-02 08:00:00,PRD-A,76.0,1308.0,0.0581039755351682,0.037099246969333095,0.056882997094004746,0.07666674721867639,False,False,False,False,False
2024-09-02 16:00:00,PRD-A,88.0,1252.0,0.07028753993610223,0.0366616387384727,0.056882997094004746,0.07710435544953678,False,False,False,False,False
2024-09-09 00:00:00,PRD-A,69.0,1181.0,0.05842506350550381,0.036062670327991715,0.056882997094004746,0.07770332386001777,False,False,False,False,False
2024-09-09 08:00:00,PRD-A,70.0,1253.0,0.055865921787709494,0.03666970952640365,0.056882997094004746,0.07709628466160584,False,False,False,False,False
2024-09-09 16:00:00,PRD-A,110.0,1281.0,0.0858704137392662,0.03689184030890122,0.056882997094004746,0.07687415387910827,True,False,False,False,True
2024-09-10 00:00:00,PRD-A,63.0,1304.0,0.04831288343558282,0.037068927027980425,0.056882997094004746,0.07669706716002907,False,False,False,False,False
2024-09-10 08:00:00,PRD-A,73.0,1252.0,0.05830670926517572,0.0366616387384727,0.056882997094004746,0.07710435544953678,False,False,False,False,False
2024-09-10 16:00:00,PRD-A,99.0,1182.0,0.08375634517766498,0.03607147943638943,0.056882997094004746,0.07769451475162006,True,False,False,False,True
2024-09-17 00:00:00,PRD-A,69.0,1203.0,0.057356608478802994,0.03625392581702626,0.056882997094004746,0.07751206837098323,False,False,False,False,False
2024-09-17 08:00:00,PRD-A,57.0,1242.0,0.04589371980676329,0.036580395509085234,0.056882997094004746,0.07718559867892426,False,False,False,False,False
2024-09-17 16:00:00,PRD-A,116.0,1200.0,0.09666666666666666,0.03622815557427782,0.056882997094004746,0.07753783861373167,True,False,False,False,True
2024-09-18 00:00:00,PRD-A,69.0,1200.0,0.0575,0.03622815557427782,0.056882997094004746,0.07753783861373167,False,False,False,False,False
2024-09-18 08:00:00,PRD-A,91.0,1251.0,0.07274180655475619,0.036653558275270864,0.056882997094004746,0.07711243591273863,False,True,False,False,True
2024-09-18 16:00:00,PRD-A,132.0,1211.0,0.10900082576383155,0.03632217768741115,0.056882997094004746,0.07744381650059834,True,True,False,False,True
2024-09-25 00:00:00,PRD-A,68.0,1289.0,0.05275407292474787,0.03695397303660142,0.056882997094004746,0.07681202115140807,False,True,False,False,True
2024-09-25 08:00:00,PRD-A,47.0,1281.0,0.03669008587041374,0.03689184030890122,0.056882997094004746,0.07687415387910827,True,False,False,False,True
2024-09-25 16:00:00,PRD-A,68.0,1259.0,0.054011119936457505,0.03671793214993367,0.056882997094004746,0.07704806203807582,False,False,False,False,False
2024-09-26 00:00:00,PRD-A,52.0,1297.0,0.040092521202775636,0.03701553001471845,0.056882997094004746,0.07675046417329104,False,True,False,False,True
2024-09-26 08:00:00,PRD-A,56.0,1260.0,0.044444444444444446,0.03672593574816284,0.056882997094004746,0.07704005843984665,False,False,False,False,False
2024-09-26 16:00:00,PRD-A,81.0,1297.0,0.06245181187355436,0.03701553001471845,0.056882997094004746,0.07675046417329104,False,False,False,False,False
2024-10-03 00:00:00,PRD-A,115.0,1207.0,0.09527754763877382,0.036288136572370074,0.056882997094004746,0.07747785761563941,True,False,False,False,True
2024-10-03 08:00:00,PRD-A,107.0,1256.0,0.08519108280254777,0.03669386403122894,0.056882997094004746,0.07707213015678055,True,True,False,False,True
2024-10-03 16:00:00,PRD-A,174.0,1254.0,0.13875598086124402,0.03667777065835638,0.056882997094004746,0.07708822352965311,True,True,False,False,True
2024-10-04 00:00:00,PRD-A,110.0,1282.0,0.08580343213728549,0.03689963869296432,0.056882997094004746,0.07686635549504517,True,True,True,False,True
2024-10-04 08:00:00,PRD-A,138.0,1287.0,0.10722610722610723,0.036938494180631054,0.056882997094004746,0.07682750000737844,True,True,True,False,True
2024-10-04 16:00:00,PRD-A,150.0,1195.0,0.12552301255230125,0.03618498971419651,0.056882997094004746,0.07758100447381298,True,True,True,False,True
2024-10-11 00:00:00,PRD-A,76.0,1238.0,0.061389337641357025,0.03654762292668058,0.056882997094004746,0.07721837126132891,False,True,True,True,True
2024-10-11 08:00:00,PRD-A,69.0,1286.0,0.053654743390357695,0.03693074121516296,0.056882997094004746,0.07683525297284653,False,False,False,False,False
2024-10-11 16:00:00,PRD-A,84.0,1170.0,0.07179487179487179,0.035965025966103056,0.056882997094004746,0.07780096822190644,False,False,False,False,False
2024-10-12 00:00:00,PRD-A,86.0,1260.0,0.06825396825396825,0.03672593574816284,0.056882997094004746,0.07704005843984665,False,False,False,False,False
2024-10-12 08:00:00,PRD-A,65.0,1232.0,0.052759740259740256,0.03649816511346013,0.056882997094004746,0.07726782907454936,False,False,False,False,False
2024-10-12 16:00:00,PRD-A,115.0,1224.0,0.09395424836601307,0.03643165651267453,0.056882997094004746,0.07733433767533496,True,False,False,False,True
2024-10-19 00:00:00,PRD-A,35.0,908.0,0.03854625550660793,0.03313813969004445,0.056882997094004746,0.08062785449796504,False,False,False,False,False
2024-10-19 08:00:00,PRD-A,48.0,1373.0,0.03495994173343044,0.03757322173266267,0.056882997094004746,0.07619277245534682,True,True,False,False,True
2024-10-19 16:00:00,PRD-A,37.0,1320.0,0.02803030303030303,0.03718937841814854,0.056882997094004746,0.07657661576986095,True,True,False,False,True
2024-10-20 00:00:00,PRD-A,61.0,1369.0,0.04455807158509861,0.0375450322645722,0.056882997094004746,0.07622096192343729,False,True,True,False,True
2024-10-20 08:00:00,PRD-A,67.0,1368.0,0.0489766081871345,0.03753796558616003,0.056882997094004746,0.07622802860184946,False,False,True,False,True
2024-10-20 16:00:00,PRD-A,51.0,1275.0,0.04,0.03684485750195125,0.056882997094004746,0.07692113668605824,False,False,True,False,True
2024-10-27 00:00:00,PRD-A,39.0,1259.0,0.030976965845909452,0.03671793214993367,0.056882997094004746,0.07704806203807582,True,True,True,False,True
2024-10-27 08:00:00,PRD-A,76.0,1346.0,0.05646359583952452,0.03738051175221514,0.056882997094004746,0.07638548243579435,False,True,True,True,True
2024-10-27 16:00:00,PRD-A,39.0,1251.0,0.03117505995203837,0.036653558275270864,0.056882997094004746,0.07711243591273863,True,True,True,True,True
2024-10-28 00:00:00,PRD-A,67.0,1331.0,0.05033809166040571,0.037270925843692994,0.056882997094004746,0.07649506834431649,False,False,True,True,True
2024-10-28 08:00:00,PRD-A,35.0,1319.0,0.026535253980288095,0.03718191447295887,0.056882997094004746,0.07658407971505063,True,True,True,True,True
2024-10-28 16:00:00,PRD-A,52.0,1252.0,0.04153354632587859,0.0366616387384727,0.056882997094004746,0.07710435544953678,False,True,True,True,True
2024-11-04 00:00:00,PRD-A,74.0,972.0,0.07613168724279835,0.03393317318319704,0.056882997094004746,0.07983282100481245,False,True,True,False,True
2024-11-04 08:00:00,PRD-A,41.0,1269.0,0.03230890464933018,0.03679754187623589,0.056882997094004746,0.0769684523117736,True,True,True,False,True
2024-11-04 16:00:00,PRD-A,54.0,1285.0,0.04202334630350195,0.03692297920130044,0.056882997094004746,0.07684301498670905,False,True,True,False,True
2024-11-05 00:00:00,PRD-A,55.0,1268.0,0.04337539432176656,0.03678962330497704,0.056882997094004746,0.07697637088303246,False,True,True,False,True
2024-11-05 08:00:00,PRD-A,46.0,1295.0,0.03552123552123552,0.037000194260154516,0.056882997094004746,0.07676579992785498,True,True,True,False,True
2024-11-05 16:00:00,PRD-A,73.0,1261.0,0.05789056304520222,0.036733929823966366,0.056882997094004746,0.07703206436404313,False,True,True,False,True
2024-11-12 00:00:00,PRD-A,55.0,1309.0,0.04201680672268908,0.03710680523135667,0.056882997094004746,0.07665918895665283,False,True,True,False,True
2024-11-12 08:00:00,PRD-A,39.0,1289.0,0.030256012412723042,0.03695397303660142,0.056882997094004746,0.07681202115140807,True,True,True,False,True
2024-11-12 16:00:00,PRD-A,54.0,1221.0,0.044226044226044224,0.036406547429453526,0.056882997094004746,0.07735944675855597,False,True,True,False,True
2024-11-13 00:00:00,PRD-A,54.0,1326.0,0.04072398190045249,0.03723398463323995,0.056882997094004746,0.07653200955476955,False,True,True,False,True
2024-11-13 08:00:00,PRD-A,82.0,1353.0,0.06060606060606061,0.03743102706273047,0.056882997094004746,0.07633496712527901,False,False,True,False,True
2024-11-13 16:00:00,PRD-A,68.0,1274.0,0.05337519623233909,0.03683699478256212,0.056882997094004746,0.07692899940544737,False,False,False,False,False
2024-11-20 00:00:00,PRD-A,54.0,1262.0,0.042789223454833596,0.036741914396211744,0.056882997094004746,0.07702407979179775,False,False,False,False,False
2024-11-20 08:00:00,PRD-A,59.0,1227.0,0.04808475957620212,0.03645667345241331,0.056882997094004746,0.07730932073559618,False,False,False,False,False
2024-11-20 16:00:00,PRD-A,72.0,1236.0,0.05825242718446602,0.03653117700877434,0.056882997094004746,0.07723481717923515,False,False,False,False,False
2024-11-21 00:00:00,PRD-A,48.0,1238.0,0.03877221324717286,0.03654762292668058,0.056882997094004746,0.07721837126132891,False,False,False,False,False
2024-11-21 08:00:00,PRD-A,70.0,1255.0,0.055776892430278883,0.03668582215356973,0.056882997094004746,0.07708017203443976,False,False,False,False,False
2024-11-21 16:00:00,PRD-A,91.0,1230.0,0.07398373983739838,0.036481598810863665,0.056882997094004746,0.07728439537714582,False,False,False,False,False
2024-11-28 00:00:00,PRD-A,56.0,1254.0,0.044657097288676235,0.03667777065835638,0.056882997094004746,0.07708822352965311,False,False,False,False,False
2024-11-28 08:00:00,PRD-A,57.0,1314.0,0.04337899543378995,0.03714446702874865,0.056882997094004746,0.07662152715926085,False,False,False,False,False
2024-11-28 16:00:00,PRD-A,77.0,1203.0,0.06400665004156277,0.03625392581702626,0.056882997094004746,0.07751206837098323,False,False,False,False,False
2024-11-29 00:00:00,PRD-A,65.0,1306.0,0.04977029096477795,0.03708410441057221,0.056882997094004746,0.07668188977743728,False,False,False,False,False
2024-11-29 08:00:00,PRD-A,50.0,1292.0,0.03869969040247678,0.036977123895209005,0.056882997094004746,0.07678887029280049,False,False,True,False,True
2024-11-29 16:00:00,PRD-A,93.0,1249.0,0.0744595676541233,0.0366373682456136,0.056882997094004746,0.07712862594239589,False,False,False,False,False
2024-12-06 00:00:00,PRD-A,63.0,1165.0,0.05407725321888412,0.03592018567643024,0.056882997094004746,0.07784580851157925,False,False,False,False,False
2024-12-06 08:00:00,PRD-A,60.0,1282.0,0.046801872074883,0.03689963869296432,0.056882997094004746,0.07686635549504517,False,False,False,False,False
2024-12-06 16:00:00,PRD-A,86.0,1245.0,0.06907630522088354,0.03660487122815216,0.056882997094004746,0.07716112295985733,False,False,False,False,False
2024-12-07 00:00:00,PRD-A,88.0,1294.0,0.06800618238021638,0.036992513053441915,0.056882997094004746,0.07677348113456758,False,False,False,False,False
2024-12-07 08:00:00,PRD-A,79.0,1224.0,0.06454248366013073,0.03643165651267453,0.056882997094004746,0.07733433767533496,False,False,False,False,False
2024-12-07 16:00:00,PRD-A,103.0,1225.0,0.08408163265306122,0.03644000570289034,0.056882997094004746,0.07732598848511915,True,False,True,False,True
2024-12-14 00:00:00,PRD-A,120.0,1158.0,0.10362694300518134,0.03585692203619083,0.056882997094004746,0.07790907215181866,True,True,True,False,True
2024-12-14 08:00:00,PRD-A,156.0,1247.0,0.12510024057738572,0.03662113928200689,0.056882997094004746,0.0771448549060026,True,True,True,False,True
2024-12-14 16:00:00,PRD-A,180.0,1193.0,0.15088013411567477,0.03616764743433816,0.056882997094004746,0.07759834675367133,True,True,True,False,True
2024-12-15 00:00:00,PRD-A,152.0,1274.0,0.11930926216640503,0.03683699478256212,0.056882997094004746,0.07692899940544737,True,True,True,True,True
2024-12-15 08:00:00,PRD-A,165.0,1255.0,0.13147410358565736,0.03668582215356973,0.056882997094004746,0.07708017203443976,True,True,True,True,True
2024-12-15 16:00:00,PRD-A,227.0,1126.0,0.20159857904085257,0.035560243175320375,0.056882997094004746,0.07820575101268912,True,True,True,True,True
2024-12-22 00:00:00,PRD-A,94.0,1212.0,0.07755775577557755,0.03633066162398304,0.056882997094004746,0.07743533256402646,True,True,True,True,True
2024-12-22 08:00:00,PRD-A,75.0,1191.0,0.06297229219143577,0.03615026148947366,0.056882997094004746,0.07761573269853583,False,True,True,True,True
2024-12-22 16:00:00,PRD-A,146.0,1207.0,0.12096106048053024,0.036288136572370074,0.056882997094004746,0.07747785761563941,True,True,True,True,True
2024-12-23 00:00:00,PRD-A,101.0,1226.0,0.08238172920065252,0.03644834467586268,0.056882997094004746,0.07731764951214681,True,True,True,True,True
2024-12-23 08:00:00,PRD-A,101.0,1247.0,0.0809943865276664,0.03662113928200689,0.056882997094004746,0.0771448549060026,True,True,True,True,True
2024-12-23 16:00:00,PRD-A,160.0,1128.0,0.14184397163120568,0.03557915471245013,0.056882997094004746,0.07818683947555936,True,True,True,True,True
2024-12-30 00:00:00,PRD-A,95.0,1186.0,0.08010118043844856,0.03610660438574098,0.056882997094004746,0.07765938980226851,True,True,True,True,True
2024-12-30 08:00:00,PRD-A,79.0,1198.0,0.0659432387312187,0.03621092166095856,0.056882997094004746,0.07755507252705093,False,True,True,True,True
2024-12-30 16:00:00,PRD-A,132.0,1222.0,0.10801963993453355,0.03641492739692727,0.056882997094004746,0.07735106679108222,True,True,True,True,True
2024-12-31 00:00:00,PRD-A,101.0,1229.0,0.0821806346623271,0.03647330049923999,0.056882997094004746,0.07729269368876951,True,True,True,True,True
2024-12-31 08:00:00,PRD-A,128.0,1180.0,0.10847457627118644,0.036053850023945976,0.056882997094004746,0.07771214416406352,True,True,True,True,True
2024-12-31 16:00:00,PRD-A,151.0,1198.0,0.12604340567612687,0.03621092166095856,0.056882997094004746,0.07755507252705093,True,True,True,True,True
2025-01-07 00:00:00,PRD-A,77.0,1154.0,0.06672443674176777,0.03582051322094307,0.056882997094004746,0.07794548096706642,False,True,True,True,True
2025-01-07 08:00:00,PRD-A,91.0,1264.0,0.07199367088607594,0.03675785510523677,0.056882997094004746,0.07700813908277272,False,True,True,True,True
2025-01-07 16:00:00,PRD-A,111.0,1225.0,0.09061224489795919,0.03644000570289034,0.056882997094004746,0.07732598848511915,True,True,True,True,True
2025-01-08 00:00:00,PRD-A,108.0,1208.0,0.08940397350993377,0.036296662700047264,0.056882997094004746,0.07746933148796223,True,True,True,True,True
2025-01-08 08:00:00,PRD-A,97.0,1213.0,0.07996702390766694,0.03633913506712613,0.056882997094004746,0.07742685912088336,True,True,True,True,True
2025-01-08 16:00:00,PRD-A,120.0,1163.0,0.10318142734307825,0.035902168645672,0.056882997094004746,0.07786382554233749,True,True,True,True,True
2025-01-15 00:00:00,PRD-A,71.0,1225.0,0.05795918367346939,0.03644000570289034,0.056882997094004746,0.07732598848511915,False,True,True,True,True
2025-01-15 08:00:00,PRD-A,58.0,1160.0,0.05,0.0358750557826068,0.056882997094004746,0.07789093840540269,False,False,False,False,False
2025-01-15 16:00:00,PRD-A,60.0,1294.0,0.04636785162287481,0.036992513053441915,0.056882997094004746,0.07677348113456758,False,False,False,False,False
2025-01-16 00:00:00,PRD-A,77.0,1352.0,0.05695266272189349,0.037423834616549655,0.056882997094004746,0.07634215957145984,False,False,False,False,False
2025-01-16 08:00:00,PRD-A,45.0,1292.0,0.0348297213622291,0.036977123895209005,0.056882997094004746,0.07678887029280049,True,False,False,False,True
2025-01-16 16:00:00,PRD-A,74.0,1249.0,0.059247397918334666,0.0366373682456136,0.056882997094004746,0.07712862594239589,False,False,False,False,False
2025-01-23 00:00:00,PRD-A,36.0,1270.0,0.028346456692913385,0.03680545109300948,0.056882997094004746,0.07696054309500001,True,True,False,False,True
2025-01-23 08:00:00,PRD-A,67.0,1348.0,0.04970326409495549,0.03739498484166076,0.056882997094004746,0.07637100934634873,False,False,False,False,False
2025-01-23 16:00:00,PRD-A,58.0,1258.0,0.046104928457869634,0.036709919010358874,0.056882997094004746,0.07705607517765062,False,False,True,False,True
2025-01-24 00:00:00,PRD-A,26.0,1288.0,0.020186335403726708,0.036946238115271014,0.056882997094004746,0.07681975607273847,True,False,True,False,True
2025-01-24 08:00:00,PRD-A,41.0,1250.0,0.0328,0.03664546811745145,0.056882997094004746,0.07712052607055804,True,True,True,False,True
2025-01-24 16:00:00,PRD-A,57.0,1241.0,0.04593070104754231,0.036572217220098985,0.056882997094004746,0.07719377696791051,False,True,True,False,True
2025-01-31 00:00:00,PRD-A,40.0,1208.0,0.033112582781456956,0.036296662700047264,0.056882997094004746,0.07746933148796223,True,True,True,False,True
2025-01-31 08:00:00,PRD-A,55.0,1277.0,0.04306969459671104,0.036860555224370074,0.056882997094004746,0.07690543896363941,False,True,True,True,True
2025-01-31 16:00:00,PRD-A,75.0,1282.0,0.05850234009360374,0.03689963869296432,0.056882997094004746,0.07686635549504517,False,True,True,False,True
2025-02-01 00:00:00,PRD-A,57.0,1290.0,0.044186046511627906,0.03696169896209331,0.056882997094004746,0.07680429522591618,False,False,True,False,True
2025-02-01 08:00:00,PRD-A,65.0,1233.0,0.05271695052716951,0.03650643314542893,0.056882997094004746,0.07725956104258055,False,False,False,False,False
2025-02-01 16:00:00,PRD-A,71.0,1246.0,0.05698234349919743,0.03661301015116347,0.056882997094004746,0.07715298403684602,False,False,False,False,False
2025-02-08 00:00:00,PRD-A,62.0,1241.0,0.0499597099113618,0.036572217220098985,0.056882997094004746,0.07719377696791051,False,False,False,False,False
2025-02-08 08:00:00,PRD-A,69.0,1248.0,0.055288461538461536,0.03662925864030204,0.056882997094004746,0.07713673554770745,False,False,False,False,False
2025-02-08 16:00:00,PRD-A,87.0,1214.0,0.07166392092257001,0.036347598038454096,0.056882997094004746,0.0774183961495554,False,False,False,False,False
2025-02-09 00:00:00,PRD-A,78.0,1270.0,0.06141732283464567,0.03680545109300948,0.056882997094004746,0.07696054309500001,False,False,False,False,False
2025-02-09 08:00:00,PRD-A,82.0,1255.0,0.0653386454183267,0.03668582215356973,0.056882997094004746,0.07708017203443976,False,False,False,False,False
2025-02-09 16:00:00,PRD-A,106.0,1226.0,0.0864600326264274,0.03644834467586268,0.056882997094004746,0.07731764951214681,True,False,False,False,True
2025-02-16 00:00:00,PRD-A,50.0,1249.0,0.040032025620496396,0.0366373682456136,0.056882997094004746,0.07712862594239589,False,False,False,False,False
2025-02-16 08:00:00,PRD-A,38.0,1278.0,0.0297339593114241,0.036868390263554686,0.056882997094004746,0.0768976039244548,True,True,False,False,True
2025-02-16 16:00:00,PRD-A,67.0,1258.0,0.05325914149443561,0.036709919010358874,0.056882997094004746,0.07705607517765062,False,True,False,False,True
2025-02-17 00:00:00,PRD-A,51.0,1312.0,0.038871951219512195,0.03712942814651725,0.056882997094004746,0.07663656604149224,False,True,False,False,True
2025-02-17 08:00:00,PRD-A,54.0,1320.0,0.04090909090909091,0.03718937841814854,0.056882997094004746,0.07657661576986095,False,True,True,False,True
2025-02-17 16:00:00,PRD-A,70.0,1244.0,0.05627009646302251,0.0365967224932981,0.056882997094004746,0.07716927169471138,False,True,False,False,True
2025-02-24 00:00:00,PRD-A,79.0,1271.0,0.06215578284815106,0.036813350973701295,0.056882997094004746,0.0769526432143082,False,False,False,False,False
2025-02-24 08:00:00,PRD-A,77.0,1289.0,0.05973622963537626,0.03695397303660142,0.056882997094004746,0.07681202115140807,False,False,False,False,False
2025-02-24 16:00:00,PRD-A,122.0,1263.0,0.09659540775930324,0.03674988948371419,0.056882997094004746,0.0770161047042953,True,False,False,False,True
2025-02-25 00:00:00,PRD-A,74.0,1127.0,0.06566104702750665,0.03556970523654453,0.056882997094004746,0.07819628895146497,False,False,False,False,False
2025-02-25 08:00:00,PRD-A,120.0,1352.0,0.08875739644970414,0.037423834616549655,0.056882997094004746,0.07634215957145984,True,True,False,False,True
2025-02-25 16:00:00,PRD-A,76.0,1297.0,0.058596761757902856,0.03701553001471845,0.056882997094004746,0.07675046417329104,False,False,False,False,False
2025-03-04 00:00:00,PRD-A,74.0,1218.0,0.060755336617405585,0.03638134563571299,0.056882997094004746,0.0773846485522965,False,False,False,False,False
2025-03-04 08:00:00,PRD-A,86.0,1255.0,0.06852589641434263,0.03668582215356973,0.056882997094004746,0.07708017203443976,False,False,False,True,True
2025-03-04 16:00:00,PRD-A,106.0,1165.0,0.09098712446351931,0.03592018567643024,0.056882997094004746,0.07784580851157925,True,False,False,True,True
2025-03-05 00:00:00,PRD-A,95.0,1253.0,0.07581803671189145,0.03666970952640365,0.056882997094004746,0.07709628466160584,False,True,False,True,True
2025-03-05 08:00:00,PRD-A,69.0,891.0,0.07744107744107744,0.03291268778806816,0.056882997094004746,0.08085330639994133,False,True,True,True,True
2025-03-05 16:00:00,PRD-A,42.0,1238.0,0.033925686591276254,0.03654762292668058,0.056882997094004746,0.07721837126132891,True,True,True,False,True
2025-03-12 00:00:00,PRD-A,51.0,1270.0,0.04015748031496063,0.03680545109300948,0.056882997094004746,0.07696054309500001,False,True,False,False,True
2025-03-12 08:00:00,PRD-A,61.0,1320.0,0.04621212121212121,0.03718937841814854,0.056882997094004746,0.07657661576986095,False,True,False,False,True
2025-03-12 16:00:00,PRD-A,65.0,1227.0,0.05297473512632437,0.03645667345241331,0.056882997094004746,0.07730932073559618,False,False,False,False,False
2025-03-13 00:00:00,PRD-A,49.0,1297.0,0.03777949113338473,0.03701553001471845,0.056882997094004746,0.07675046417329104,False,False,True,False,True
2025-03-13 08:00:00,PRD-A,55.0,1272.0,0.04323899371069182,0.03682124153666415,0.056882997094004746,0.07694475265134534,False,True,True,False,True
2025-03-13 16:00:00,PRD-A,75.0,1243.0,0.06033789219629927,0.036588563926871064,0.056882997094004746,0.07717743026113844,False,True,False,False,True
2025-03-20 00:00:00,PRD-A,126.0,1113.0,0.11320754716981132,0.03543607827321142,0.056882997094004746,0.07832991591479807,True,False,False,False,True
2025-03-20 08:00:00,PRD-A,135.0,1149.0,0.1174934725848564,0.03577473511027128,0.056882997094004746,0.07799125907773821,True,True,False,False,True
2025-03-20 16:00:00,PRD-A,173.0,1178.0,0.1468590831918506,0.03603617573390118,0.056882997094004746,0.07772981845410831,True,True,False,False,True
2025-03-21 00:00:00,PRD-A,104.0,955.0,0.10890052356020942,0.03372980876751891,0.056882997094004746,0.08003618542049058,True,True,True,False,True
2025-03-21 08:00:00,PRD-A,56.0,1293.0,0.04331013147718484,0.036984822937538686,0.056882997094004746,0.0767811712504708,False,True,True,False,True
2025-03-21 16:00:00,PRD-A,61.0,1279.0,0.04769351055512119,0.03687621611207691,0.056882997094004746,0.07688977807593259,False,False,False,False,False
2025-03-28 00:00:00,PRD-A,80.0,1275.0,0.06274509803921569,0.03684485750195125,0.056882997094004746,0.07692113668605824,False,False,False,False,False
2025-03-28 08:00:00,PRD-A,67.0,1188.0,0.0563973063973064,0.036124100298493125,0.056882997094004746,0.07764189388951637,False,False,False,False,False
2025-03-28 16:00:00,PRD-A,116.0,1237.0,0.09377526273241714,0.03653940495335368,0.056882997094004746,0.0772265892346558,True,False,False,False,True
2025-03-29 00:00:00,PRD-A,79.0,1229.0,0.06427990235964198,0.03647330049923999,0.056882997094004746,0.07729269368876951,False,False,False,False,False
2025-03-29 08:00:00,PRD-A,81.0,1277.0,0.06342991386061081,0.036860555224370074,0.056882997094004746,0.07690543896363941,False,False,False,False,False
2025-03-29 16:00:00,PRD-A,117.0,1214.0,0.09637561779242175,0.036347598038454096,0.056882997094004746,0.0774183961495554,True,False,False,False,True
2025-04-05 00:00:00,PRD-A,66.0,1318.0,0.05007587253414264,0.03717444203475312,0.056882997094004746,0.07659155215325637,False,False,False,False,False
2025-04-05 08:00:00,PRD-A,47.0,1326.0,0.03544494720965309,0.03723398463323995,0.056882997094004746,0.07653200955476955,True,False,False,False,True
2025-04-05 16:00:00,PRD-A,58.0,1231.0,0.047116165718927704,0.03648988700876133,0.056882997094004746,0.07727610717924815,False,False,False,False,False
2025-04-06 00:00:00,PRD-A,39.0,1278.0,0.03051643192488263,0.036868390263554686,0.056882997094004746,0.0768976039244548,True,True,True,False,True
2025-04-06 08:00:00,PRD-A,41.0,1257.0,0.03261734287987271,0.036701896310465804,0.056882997094004746,0.07706409787754369,True,True,True,False,True
2025-04-06 16:00:00,PRD-A,68.0,1287.0,0.05283605283605284,0.036938494180631054,0.056882997094004746,0.07682750000737844,False,True,True,False,True
2025-04-13 00:00:00,PRD-A,94.0,1312.0,0.07164634146341463,0.03712942814651725,0.056882997094004746,0.07663656604149224,False,False,False,False,False
2025-04-13 08:00:00,PRD-A,51.0,1291.0,0.039504260263361735,0.03696941590917035,0.056882997094004746,0.07679657827883915,False,False,False,False,False
2025-04-13 16:00:00,PRD-A,94.0,1294.0,0.07264296754250386,0.036992513053441915,0.056882997094004746,0.07677348113456758,False,True,False,False,True
2025-04-14 00:00:00,PRD-A,60.0,1278.0,0.046948356807511735,0.036868390263554686,0.056882997094004746,0.0768976039244548,False,False,False,False,False
2025-04-14 08:00:00,PRD-A,62.0,1245.0,0.04979919678714859,0.03660487122815216,0.056882997094004746,0.07716112295985733,False,False,False,False,False
2025-04-14 16:00:00,PRD-A,67.0,1201.0,0.05578684429641965,0.03623675638311199,0.056882997094004746,0.07752923780489751,False,False,False,False,False
2025-04-21 00:00:00,PRD-A,69.0,1298.0,0.053158705701078585,0.03702318459680927,0.056882997094004746,0.07674280959120022,False,False,False,False,False
2025-04-21 08:00:00,PRD-A,58.0,1353.0,0.04286770140428677,0.03743102706273047,0.056882997094004746,0.07633496712527901,False,False,False,False,False
2025-04-21 16:00:00,PRD-A,45.0,1275.0,0.03529411764705882,0.03684485750195125,0.056882997094004746,0.07692113668605824,True,True,False,False,True
2025-04-22 00:00:00,PRD-A,43.0,1314.0,0.03272450532724505,0.03714446702874865,0.056882997094004746,0.07662152715926085,True,True,False,False,True
2025-04-22 08:00:00,PRD-A,42.0,1311.0,0.032036613272311214,0.037121895803460855,0.056882997094004746,0.07664409838454864,True,True,True,True,True
2025-04-22 16:00:00,PRD-A,65.0,1291.0,0.05034856700232378,0.03696941590917035,0.056882997094004746,0.07679657827883915,False,True,True,True,True
2025-04-29 00:00:00,PRD-A,66.0,967.0,0.06825232678386763,0.03387391714882834,0.056882997094004746,0.07989207703918115,False,False,False,False,False
2025-04-29 08:00:00,PRD-A,50.0,1297.0,0.03855050115651504,0.03701553001471845,0.056882997094004746,0.07675046417329104,False,False,False,False,False
2025-04-29 16:00:00,PRD-A,96.0,1258.0,0.07631160572337042,0.036709919010358874,0.056882997094004746,0.07705607517765062,False,False,False,False,False
2025-04-30 00:00:00,PRD-A,78.0,1308.0,0.05963302752293578,0.037099246969333095,0.056882997094004746,0.07666674721867639,False,False,False,False,False
2025-04-30 08:00:00,PRD-A,93.0,1295.0,0.07181467181467181,0.037000194260154516,0.056882997094004746,0.07676579992785498,False,True,False,False,True
2025-04-30 16:00:00,PRD-A,105.0,1235.0,0.08502024291497975,0.03652293907276191,0.056882997094004746,0.07724305511524758,True,True,False,False,True
2025-05-07 00:00:00,PRD-A,165.0,1107.0,0.14905149051490515,0.03537803508501322,0.056882997094004746,0.07838795910299627,True,True,True,False,True
2025-05-07 08:00:00,PRD-A,90.0,958.0,0.09394572025052192,0.03376608957590315,0.056882997094004746,0.07999990461210635,True,True,True,False,True
2025-05-07 16:00:00,PRD-A,68.0,1302.0,0.05222734254992319,0.03705371468787698,0.056882997094004746,0.07671227950013251,False,True,True,False,True
2025-05-08 00:00:00,PRD-A,61.0,1326.0,0.04600301659125189,0.03723398463323995,0.056882997094004746,0.07653200955476955,False,False,False,False,False
2025-05-08 08:00:00,PRD-A,64.0,1278.0,0.050078247261345854,0.036868390263554686,0.056882997094004746,0.0768976039244548,False,False,False,False,False
2025-05-08 16:00:00,PRD-A,70.0,1250.0,0.056,0.03664546811745145,0.056882997094004746,0.07712052607055804,False,False,False,False,False
2025-05-15 00:00:00,PRD-A,62.0,1238.0,0.050080775444264945,0.03654762292668058,0.056882997094004746,0.07721837126132891,False,False,False,False,False
2025-05-15 08:00:00,PRD-A,56.0,1244.0,0.04501607717041801,0.0365967224932981,0.056882997094004746,0.07716927169471138,False,False,True,False,True
2025-05-15 16:00:00,PRD-A,70.0,1188.0,0.058922558922558925,0.036124100298493125,0.056882997094004746,0.07764189388951637,False,False,False,False,False
2025-05-16 00:00:00,PRD-A,57.0,1261.0,0.04520222045995242,0.036733929823966366,0.056882997094004746,0.07703206436404313,False,False,False,False,False
2025-05-16 08:00:00,PRD-A,58.0,1263.0,0.04592240696753761,0.03674988948371419,0.056882997094004746,0.0770161047042953,False,False,True,False,True
2025-05-16 16:00:00,PRD-A,63.0,1221.0,0.051597051597051594,0.036406547429453526,0.056882997094004746,0.07735944675855597,False,False,False,False,False
2025-05-23 00:00:00,PRD-A,47.0,1249.0,0.03763010408326661,0.0366373682456136,0.056882997094004746,0.07712862594239589,False,False,False,False,False
2025-05-23 08:00:00,PRD-A,44.0,1258.0,0.034976152623211444,0.036709919010358874,0.056882997094004746,0.07705607517765062,True,True,True,False,True
2025-05-23 16:00:00,PRD-A,63.0,1216.0,0.05180921052631579,0.03636449265180811,0.056882997094004746,0.07740150153620137,False,True,False,False,True
2025-05-24 00:00:00,PRD-A,68.0,1306.0,0.05206738131699847,0.03708410441057221,0.056882997094004746,0.07668188977743728,False,False,False,False,False
2025-05-24 08:00:00,PRD-A,52.0,1246.0,0.04173354735152488,0.03661301015116347,0.056882997094004746,0.07715298403684602,False,False,False,True,True
2025-05-24 16:00:00,PRD-A,96.0,1284.0,0.07476635514018691,0.03691520812142933,0.056882997094004746,0.07685078606658016,False,False,False,False,False
2025-05-31 00:00:00,PRD-A,40.0,1251.0,0.0319744204636291,0.036653558275270864,0.056882997094004746,0.07711243591273863,True,True,False,False,True
2025-05-31 08:00:00,PRD-A,48.0,1314.0,0.0365296803652968,0.03714446702874865,0.056882997094004746,0.07662152715926085,True,True,False,False,True
2025-05-31 16:00:00,PRD-A,66.0,1306.0,0.05053598774885146,0.03708410441057221,0.056882997094004746,0.07668188977743728,False,True,False,False,True
2025-06-01 00:00:00,PRD-A,51.0,1307.0,0.03902065799540933,0.03709168003460443,0.056882997094004746,0.07667431415340506,False,True,False,False,True
2025-06-01 08:00:00,PRD-A,54.0,1287.0,0.04195804195804196,0.036938494180631054,0.056882997094004746,0.07682750000737844,False,True,True,False,True
2025-06-01 16:00:00,PRD-A,71.0,1241.0,0.057211925866236905,0.036572217220098985,0.056882997094004746,0.07719377696791051,False,True,False,False,True
2025-06-08 00:00:00,PRD-A,57.0,1191.0,0.04785894206549118,0.03615026148947366,0.056882997094004746,0.07761573269853583,False,False,False,False,False
2025-06-08 08:00:00,PRD-A,73.0,1288.0,0.056677018633540376,0.036946238115271014,0.056882997094004746,0.07681975607273847,False,False,False,False,False
2025-06-08 16:00:00,PRD-A,107.0,1214.0,0.08813838550247118,0.036347598038454096,0.056882997094004746,0.0774183961495554,True,False,False,False,True
2025-06-09 00:00:00,PRD-A,72.0,1232.0,0.05844155844155844,0.03649816511346013,0.056882997094004746,0.07726782907454936,False,False,False,False,False
2025-06-09 08:00:00,PRD-A,77.0,1210.0,0.06363636363636363,0.036313683235734334,0.056882997094004746,0.07745231095227516,False,False,False,False,False
2025-06-09 16:00:00,PRD-A,125.0,1222.0,0.10229132569558101,0.03641492739692727,0.056882997094004746,0.07735106679108222,True,False,False,False,True
2025-06-16 00:00:00,PRD-A,90.0,1180.0,0.07627118644067797,0.036053850023945976,0.056882997094004746,0.07771214416406352,False,True,False,False,True
2025-06-16 08:00:00,PRD-A,114.0,1256.0,0.09076433121019108,0.03669386403122894,0.056882997094004746,0.07707213015678055,True,True,False,False,True
2025-06-16 16:00:00,PRD-A,93.0,859.0,0.10826542491268917,0.032470291813782276,0.056882997094004746,0.08129570237422722,True,True,True,False,True
2025-06-17 00:00:00,PRD-A,63.0,1336.0,0.04715568862275449,0.03730765948008008,0.056882997094004746,0.07645833470792941,False,True,True,False,True
2025-06-17 08:00:00,PRD-A,78.0,1338.0,0.05829596412556054,0.03732229524856652,0.056882997094004746,0.07644369893944297,False,False,False,False,False
2025-06-17 16:00:00,PRD-A,69.0,1269.0,0.054373522458628844,0.03679754187623589,0.056882997094004746,0.0769684523117736,False,False,False,False,False
2025-06-24 00:00:00,PRD-A,86.0,1179.0,0.0729431721798134,0.03604501850051753,0.056882997094004746,0.07772097568749196,False,False,False,False,False
2025-06-24 08:00:00,PRD-A,89.0,1212.0,0.07343234323432343,0.03633066162398304,0.056882997094004746,0.07743533256402646,False,True,False,False,True
2025-06-24 16:00:00,PRD-A,156.0,1198.0,0.1302170283806344,0.03621092166095856,0.056882997094004746,0.07755507252705093,True,True,False,False,True
2025-06-25 00:00:00,PRD-A,119.0,1203.0,0.09891936824605153,0.03625392581702626,0.056882997094004746,0.07751206837098323,True,True,True,False,True
2025-06-25 08:00:00,PRD-A,110.0,1162.0,0.09466437177280551,0.035893142691953414,0.056882997094004746,0.07787285149605608,True,True,True,False,True
2025-06-25 16:00:00,PRD-A,177.0,1151.0,0.15377932232841007,0.0357930821471876,0.056882997094004746,0.07797291204082189,True,True,True,False,True
2024-01-03 00:00:00,PRD-A,29.0,1278.0,0.02269170579029734,0.036868390263554686,0.056882997094004746,0.0768976039244548,True,True,True,False,True
2024-01-03 08:00:00,PRD-A,60.0,1351.0,0.04441154700222058,0.03741663418615431,0.056882997094004746,0.07634936000185519,False,False,False,False,False
2024-01-03 16:00:00,PRD-A,46.0,1289.0,0.035686578743211794,0.03695397303660142,0.056882997094004746,0.07681202115140807,True,True,False,False,True
2024-01-04 00:00:00,PRD-A,41.0,1299.0,0.03156274056966898,0.037030830338188755,0.056882997094004746,0.07673516384982074,True,True,True,False,True
2024-01-04 08:00:00,PRD-A,31.0,1307.0,0.023718439173680182,0.03709168003460443,0.056882997094004746,0.07667431415340506,True,True,True,False,True
2024-01-04 16:00:00,PRD-A,58.0,1251.0,0.04636290967226219,0.036653558275270864,0.056882997094004746,0.07711243591273863,False,True,True,False,True
2024-01-11 00:00:00,PRD-A,52.0,1287.0,0.04040404040404041,0.036938494180631054,0.056882997094004746,0.07682750000737844,False,True,True,False,True
2024-01-11 08:00:00,PRD-A,42.0,1297.0,0.03238242097147263,0.03701553001471845,0.056882997094004746,0.07675046417329104,True,True,True,True,True
2024-01-11 16:00:00,PRD-A,56.0,1246.0,0.0449438202247191,0.03661301015116347,0.056882997094004746,0.07715298403684602,False,True,True,True,True
2024-01-12 00:00:00,PRD-A,38.0,1240.0,0.03064516129032258,0.03656402904001473,0.056882997094004746,0.07720196514799477,True,True,True,True,True
2024-01-12 08:00:00,PRD-A,40.0,1312.0,0.03048780487804878,0.03712942814651725,0.056882997094004746,0.07663656604149224,True,True,True,True,True
2024-01-12 16:00:00,PRD-A,69.0,1232.0,0.056006493506493504,0.03649816511346013,0.056882997094004746,0.07726782907454936,False,True,True,True,True
2024-01-19 00:00:00,PRD-A,56.0,1301.0,0.04304381245196003,0.03704609536678652,0.056882997094004746,0.07671989882122297,False,True,True,True,True
2024-01-19 08:00:00,PRD-A,36.0,1290.0,0.027906976744186046,0.03696169896209331,0.056882997094004746,0.07680429522591618,True,True,True,True,True
2024-01-19 16:00:00,PRD-A,68.0,1285.0,0.05291828793774319,0.03692297920130044,0.056882997094004746,0.07684301498670905,False,True,False,True,True
2024-01-20 00:00:00,PRD-A,71.0,1352.0,0.05251479289940828,0.037423834616549655,0.056882997094004746,0.07634215957145984,False,False,False,True,True
2024-01-20 08:00:00,PRD-A,36.0,1266.0,0.02843601895734597,0.03677375802513534,0.056882997094004746,0.07699223616287415,True,False,False,True,True
2024-01-20 16:00:00,PRD-A,62.0,1222.0,0.05073649754500818,0.03641492739692727,0.056882997094004746,0.07735106679108222,False,False,False,True,True
2024-01-27 00:00:00,PRD-A,31.0,1197.0,0.025898078529657476,0.03620228851151851,0.056882997094004746,0.07756370567649098,True,True,False,True,True
2024-01-27 08:00:00,PRD-A,39.0,1281.0,0.03044496487119438,0.03689184030890122,0.056882997094004746,0.07687415387910827,True,True,False,True,True
2024-01-27 16:00:00,PRD-A,68.0,1260.0,0.05396825396825397,0.03672593574816284,0.056882997094004746,0.07704005843984665,False,True,False,True,True
2024-01-28 00:00:00,PRD-A,26.0,1245.0,0.020883534136546186,0.03660487122815216,0.056882997094004746,0.07716112295985733,True,True,False,True,True
2024-01-28 08:00:00,PRD-A,39.0,1285.0,0.030350194552529183,0.03692297920130044,0.056882997094004746,0.07684301498670905,True,True,True,True,True
2024-01-28 16:00:00,PRD-A,68.0,1176.0,0.05782312925170068,0.03601845637552993,0.056882997094004746,0.07774753781247956,False,True,False,False,True
2024-02-04 00:00:00,PRD-A,59.0,1201.0,0.049125728559533725,0.03623675638311199,0.056882997094004746,0.07752923780489751,False,False,False,False,False
2024-02-04 08:00:00,PRD-A,70.0,1238.0,0.05654281098546042,0.03654762292668058,0.056882997094004746,0.07721837126132891,False,False,False,False,False
2024-02-04 16:00:00,PRD-A,82.0,1152.0,0.07118055555555555,0.0358022377434284,0.056882997094004746,0.07796375644458109,False,False,False,False,False
2024-02-05 00:00:00,PRD-A,81.0,1215.0,0.06666666666666667,0.03635605055951831,0.056882997094004746,0.07740994362849118,False,False,False,False,False
2024-02-05 08:00:00,PRD-A,64.0,1207.0,0.05302402651201325,0.036288136572370074,0.056882997094004746,0.07747785761563941,False,False,False,False,False
2024-02-05 16:00:00,PRD-A,106.0,1175.0,0.0902127659574468,0.036009579735809705,0.056882997094004746,0.07775641445219979,True,False,False,False,True
2024-02-12 00:00:00,PRD-A,42.0,1254.0,0.03349282296650718,0.03667777065835638,0.056882997094004746,0.07708822352965311,True,False,False,False,True
2024-02-12 08:00:00,PRD-A,63.0,1365.0,0.046153846153846156,0.03751671897733145,0.056882997094004746,0.07624927521067804,False,False,False,False,False
2024-02-12 16:00:00,PRD-A,57.0,1272.0,0.04481132075471698,0.03682124153666415,0.056882997094004746,0.07694475265134534,False,False,False,False,False
2024-02-13 00:00:00,PRD-A,33.0,1246.0,0.026484751203852328,0.03661301015116347,0.056882997094004746,0.07715298403684602,True,False,True,False,True
2024-02-13 08:00:00,PRD-A,52.0,1262.0,0.04120443740095087,0.036741914396211744,0.056882997094004746,0.07702407979179775,False,True,True,False,True
2024-02-13 16:00:00,PRD-A,47.0,1239.0,0.037933817594834544,0.03655583094887867,0.056882997094004746,0.07721016323913082,False,True,True,False,True
2024-02-20 00:00:00,PRD-A,31.0,1278.0,0.024256651017214397,0.036868390263554686,0.056882997094004746,0.0768976039244548,True,True,True,False,True
2024-02-20 08:00:00,PRD-A,34.0,1297.0,0.026214340786430222,0.03701553001471845,0.056882997094004746,0.07675046417329104,True,True,True,True,True
2024-02-20 16:00:00,PRD-A,61.0,1223.0,0.04987735077677841,0.03642329708433388,0.056882997094004746,0.07734269710367561,False,True,True,True,True
2024-02-21 00:00:00,PRD-A,40.0,1322.0,0.030257186081694403,0.037204280893741545,0.056882997094004746,0.07656171329426795,True,True,True,True,True
2024-02-21 08:00:00,PRD-A,46.0,1269.0,0.036249014972419225,0.03679754187623589,0.056882997094004746,0.0769684523117736,True,True,True,True,True
2024-02-21 16:00:00,PRD-A,60.0,1212.0,0.04950495049504951,0.03633066162398304,0.056882997094004746,0.07743533256402646,False,True,True,True,True
2024-02-28 00:00:00,PRD-A,39.0,1191.0,0.0327455919395466,0.03615026148947366,0.056882997094004746,0.07761573269853583,True,True,True,True,True
2024-02-28 08:00:00,PRD-A,43.0,1282.0,0.033541341653666144,0.03689963869296432,0.056882997094004746,0.07686635549504517,True,True,True,True,True
2024-02-28 16:00:00,PRD-A,69.0,1295.0,0.05328185328185328,0.037000194260154516,0.056882997094004746,0.07676579992785498,False,True,True,True,True
2024-02-29 00:00:00,PRD-A,50.0,1216.0,0.04111842105263158,0.03636449265180811,0.056882997094004746,0.07740150153620137,False,True,True,True,True
2024-02-29 08:00:00,PRD-A,43.0,1264.0,0.03401898734177215,0.03675785510523677,0.056882997094004746,0.07700813908277272,True,True,True,True,True
2024-02-29 16:00:00,PRD-A,67.0,1244.0,0.053858520900321546,0.0365967224932981,0.056882997094004746,0.07716927169471138,False,True,False,True,True
2024-03-07 00:00:00,PRD-A,75.0,1198.0,0.06260434056761269,0.03621092166095856,0.056882997094004746,0.07755507252705093,False,False,False,False,False
2024-03-07 08:00:00,PRD-A,82.0,1293.0,0.0634184068058778,0.036984822937538686,0.056882997094004746,0.0767811712504708,False,False,False,False,False
2024-03-07 16:00:00,PRD-A,85.0,1118.0,0.07602862254025045,0.035484090240351124,0.056882997094004746,0.07828190394765837,False,False,False,False,False
2024-03-08 00:00:00,PRD-A,85.0,1336.0,0.06362275449101797,0.03730765948008008,0.056882997094004746,0.07645833470792941,False,False,False,False,False
2024-03-08 08:00:00,PRD-A,98.0,1380.0,0.07101449275362319,0.03762225806341771,0.056882997094004746,0.07614373612459178,False,True,False,False,True
2024-03-08 16:00:00,PRD-A,70.0,1252.0,0.05591054313099041,0.0366616387384727,0.056882997094004746,0.07710435544953678,False,False,False,False,False
2024-03-15 00:00:00,PRD-A,55.0,1161.0,0.047372954349698536,0.03588410507930554,0.056882997094004746,0.07788188910870394,False,False,False,False,False
2024-03-15 08:00:00,PRD-A,50.0,968.0,0.05165289256198347,0.03388580507519419,0.056882997094004746,0.0798801891128153,False,False,False,False,False
2024-03-15 16:00:00,PRD-A,47.0,1246.0,0.0377207062600321,0.03661301015116347,0.056882997094004746,0.07715298403684602,False,False,False,False,False
2024-03-16 00:00:00,PRD-A,43.0,1308.0,0.03287461773700306,0.037099246969333095,0.056882997094004746,0.07666674721867639,True,True,False,False,True
2024-03-16 08:00:00,PRD-A,43.0,1304.0,0.032975460122699383,0.037068927027980425,0.056882997094004746,0.07669706716002907,True,True,True,False,True
2024-03-16 16:00:00,PRD-A,40.0,1226.0,0.03262642740619902,0.03644834467586268,0.056882997094004746,0.07731764951214681,True,True,True,False,True
2024-03-23 00:00:00,PRD-A,63.0,1282.0,0.04914196567862714,0.03689963869296432,0.056882997094004746,0.07686635549504517,False,True,True,True,True
2024-03-23 08:00:00,PRD-A,44.0,1307.0,0.03366488140780413,0.03709168003460443,0.056882997094004746,0.07667431415340506,True,True,True,True,True
2024-03-23 16:00:00,PRD-A,43.0,1273.0,0.03377847604084839,0.0368291228002004,0.056882997094004746,0.0769368713878091,True,True,True,True,True
2024-03-24 00:00:00,PRD-A,31.0,1305.0,0.02375478927203065,0.037076520080593416,0.056882997094004746,0.07668947410741608,True,True,True,True,True
2024-03-24 08:00:00,PRD-A,43.0,1262.0,0.03407290015847861,0.036741914396211744,0.056882997094004746,0.07702407979179775,True,True,True,True,True
2024-03-24 16:00:00,PRD-A,48.0,1248.0,0.038461538461538464,0.03662925864030204,0.056882997094004746,0.07713673554770745,False,True,True,True,True
2024-03-31 00:00:00,PRD-A,38.0,1267.0,0.02999210734017364,0.036781695360778625,0.056882997094004746,0.07698429882723087,True,True,True,True,True
2024-03-31 08:00:00,PRD-A,26.0,1301.0,0.019984627209838585,0.03704609536678652,0.056882997094004746,0.07671989882122297,True,True,True,True,True
2024-03-31 16:00:00,PRD-A,44.0,959.0,0.045881126173096975,0.033778145330317914,0.056882997094004746,0.07998784885769158,False,True,True,True,True
2024-04-01 00:00:00,PRD-A,24.0,1114.0,0.02154398563734291,0.03544570652008085,0.056882997094004746,0.07832028766792865,True,True,True,True,True
2024-04-01 08:00:00,PRD-A,39.0,1366.0,0.02855051244509517,0.03752380895674412,0.056882997094004746,0.07624218523126537,True,True,True,True,True
2024-04-01 16:00:00,PRD-A,43.0,1230.0,0.034959349593495934,0.036481598810863665,0.056882997094004746,0.07728439537714582,True,True,True,True,True
2024-04-08 00:00:00,PRD-A,55.0,1198.0,0.045909849749582635,0.03621092166095856,0.056882997094004746,0.07755507252705093,False,True,True,True,True
2024-04-08 08:00:00,PRD-A,59.0,1293.0,0.04563031709203403,0.036984822937538686,0.056882997094004746,0.0767811712504708,False,False,True,True,True
2024-04-08 16:00:00,PRD-A,92.0,1219.0,0.07547169811320754,0.036389756569998585,0.056882997094004746,0.0773762376180109,False,False,True,False,True
2024-04-09 00:00:00,PRD-A,67.0,1260.0,0.05317460317460317,0.03672593574816284,0.056882997094004746,0.07704005843984665,False,False,False,False,False
2024-04-09 08:00:00,PRD-A,56.0,1244.0,0.04501607717041801,0.0365967224932981,0.056882997094004746,0.07716927169471138,False,False,False,False,False
2024-04-09 16:00:00,PRD-A,100.0,1201.0,0.08326394671107411,0.03623675638311199,0.056882997094004746,0.07752923780489751,True,False,False,False,True
2024-04-16 00:00:00,PRD-A,59.0,1194.0,0.049413735343383586,0.036176324020963664,0.056882997094004746,0.07758967016704582,False,False,False,False,False
2024-04-16 08:00:00,PRD-A,58.0,1228.0,0.04723127035830619,0.036464992053304654,0.056882997094004746,0.07730100213470484,False,False,False,False,False
2024-04-16 16:00:00,PRD-A,85.0,1208.0,0.07036423841059603,0.036296662700047264,0.056882997094004746,0.07746933148796223,False,False,False,False,False
2024-04-17 00:00:00,PRD-A,73.0,1176.0,0.06207482993197279,0.03601845637552993,0.056882997094004746,0.07774753781247956,False,False,False,False,False
2024-04-17 08:00:00,PRD-A,70.0,1241.0,0.05640612409347301,0.036572217220098985,0.056882997094004746,0.07719377696791051,False,False,False,False,False
2024-04-17 16:00:00,PRD-A,105.0,1164.0,0.09020618556701031,0.035911182965507354,0.056882997094004746,0.07785481122250214,True,False,False,False,True
2024-04-24 00:00:00,PRD-A,33.0,1260.0,0.02619047619047619,0.03672593574816284,0.056882997094004746,0.07704005843984665,True,False,False,False,True
2024-04-24 08:00:00,PRD-A,35.0,1301.0,0.026902382782475018,0.03704609536678652,0.056882997094004746,0.07671989882122297,True,True,False,False,True
2024-04-24 16:00:00,PRD-A,45.0,1220.0,0.036885245901639344,0.03639815716085125,0.056882997094004746,0.07736783702715824,False,True,False,False,True
2024-04-25 00:00:00,PRD-A,29.0,1295.0,0.022393822393822392,0.037000194260154516,0.056882997094004746,0.07676579992785498,True,True,True,False,True
2024-04-25 08:00:00,PRD-A,47.0,1238.0,0.03796445880452343,0.03654762292668058,0.056882997094004746,0.07721837126132891,False,True,True,False,True
2024-04-25 16:00:00,PRD-A,60.0,1249.0,0.04803843074459568,0.0366373682456136,0.056882997094004746,0.07712862594239589,False,True,True,False,True
2024-05-02 00:00:00,PRD-A,26.0,1261.0,0.020618556701030927,0.036733929823966366,0.056882997094004746,0.07703206436404313,True,True,True,False,True
2024-05-02 08:00:00,PRD-A,27.0,1269.0,0.02127659574468085,0.03679754187623589,0.056882997094004746,0.0769684523117736,True,True,True,True,True
2024-05-02 16:00:00,PRD-A,39.0,1241.0,0.031426269137792104,0.036572217220098985,0.056882997094004746,0.07719377696791051,True,True,True,True,True
2024-05-03 00:00:00,PRD-A,25.0,1280.0,0.01953125,0.03688403278789077,0.056882997094004746,0.07688196140011871,True,True,True,True,True
2024-05-03 08:00:00,PRD-A,40.0,1288.0,0.031055900621118012,0.036946238115271014,0.056882997094004746,0.07681975607273847,True,True,True,True,True
2024-05-03 16:00:00,PRD-A,50.0,1286.0,0.038880248833592534,0.03693074121516296,0.056882997094004746,0.07683525297284653,False,True,True,True,True
2024-05-10 00:00:00,PRD-A,45.0,1186.0,0.03794266441821248,0.03610660438574098,0.056882997094004746,0.07765938980226851,False,True,True,True,True
2024-05-10 08:00:00,PRD-A,49.0,1251.0,0.03916866506794564,0.036653558275270864,0.056882997094004746,0.07711243591273863,False,True,True,True,True
2024-05-10 16:00:00,PRD-A,58.0,1152.0,0.050347222222222224,0.0358022377434284,0.056882997094004746,0.07796375644458109,False,True,True,True,True
2024-05-11 00:00:00,PRD-A,46.0,1323.0,0.03476946334089191,0.03721171945616957,0.056882997094004746,0.07655427473183993,True,True,True,True,True
2024-05-11 08:00:00,PRD-A,27.0,1291.0,0.020914020139426802,0.03696941590917035,0.056882997094004746,0.07679657827883915,True,True,True,True,True
2024-05-11 16:00:00,PRD-A,48.0,1295.0,0.037065637065637064,0.037000194260154516,0.056882997094004746,0.07676579992785498,False,True,True,True,True
2024-05-18 00:00:00,PRD-A,101.0,1204.0,0.08388704318936877,0.03626249448666985,0.056882997094004746,0.07750349970133964,True,True,False,False,True
2024-05-18 08:00:00,PRD-A,120.0,1225.0,0.09795918367346938,0.03644000570289034,0.056882997094004746,0.07732598848511915,True,True,False,False,True
2024-05-18 16:00:00,PRD-A,119.0,1004.0,0.11852589641434264,0.034301869033870766,0.056882997094004746,0.07946412515413873,True,True,False,False,True
2024-05-19 00:00:00,PRD-A,60.0,1304.0,0.046012269938650305,0.037068927027980425,0.056882997094004746,0.07669706716002907,False,True,False,False,True
2024-05-19 08:00:00,PRD-A,49.0,1299.0,0.037721324095458045,0.037030830338188755,0.056882997094004746,0.07673516384982074,False,False,False,False,False
2024-05-19 16:00:00,PRD-A,87.0,1312.0,0.0663109756097561,0.03712942814651725,0.056882997094004746,0.07663656604149224,False,False,False,False,False
2024-05-26 00:00:00,PRD-A,80.0,1183.0,0.0676246830092984,0.03608027737280356,0.056882997094004746,0.07768571681520593,False,False,False,False,False
2024-05-26 08:00:00,PRD-A,73.0,1148.0,0.06358885017421603,0.03576554361757191,0.056882997094004746,0.07800045057043759,False,False,False,False,False
2024-05-26 16:00:00,PRD-A,111.0,1109.0,0.10009017132551848,0.035397435144901596,0.056882997094004746,0.0783685590431079,True,False,False,False,True
2024-05-27 00:00:00,PRD-A,64.0,1341.0,0.047725577926920205,0.03734418747909174,0.056882997094004746,0.07642180670891775,False,False,False,False,False
2024-05-27 08:00:00,PRD-A,28.0,1257.0,0.022275258552108195,0.036701896310465804,0.056882997094004746,0.07706409787754369,True,False,False,False,True
2024-05-27 16:00:00,PRD-A,65.0,1235.0,0.05263157894736842,0.03652293907276191,0.056882997094004746,0.07724305511524758,False,False,False,False,False
2024-06-03 00:00:00,PRD-A,53.0,1287.0,0.041181041181041184,0.036938494180631054,0.056882997094004746,0.07682750000737844,False,True,False,False,True
2024-06-03 08:00:00,PRD-A,33.0,1323.0,0.024943310657596373,0.03721171945616957,0.056882997094004746,0.07655427473183993,True,True,True,False,True
2024-06-03 16:00:00,PRD-A,54.0,1305.0,0.041379310344827586,0.037076520080593416,0.056882997094004746,0.07668947410741608,False,True,True,False,True
2024-06-04 00:00:00,PRD-A,27.0,1271.0,0.021243115656963022,0.036813350973701295,0.056882997094004746,0.0769526432143082,True,True,True,False,True
2024-06-04 08:00:00,PRD-A,36.0,1313.0,0.027418126428027417,0.03713695188282044,0.056882997094004746,0.07662904230518905,True,True,True,True,True
2024-06-04 16:00:00,PRD-A,61.0,1290.0,0.047286821705426356,0.03696169896209331,0.056882997094004746,0.07680429522591618,False,True,True,True,True
2024-06-11 00:00:00,PRD-A,45.0,1235.0,0.03643724696356275,0.03652293907276191,0.056882997094004746,0.07724305511524758,True,True,True,True,True
2024-06-11 08:00:00,PRD-A,50.0,1277.0,0.03915426781519186,0.036860555224370074,0.056882997094004746,0.07690543896363941,False,True,True,True,True
2024-06-11 16:00:00,PRD-A,50.0,1183.0,0.042265426880811495,0.03608027737280356,0.056882997094004746,0.07768571681520593,False,True,True,True,True
2024-06-12 00:00:00,PRD-A,53.0,1281.0,0.04137392661982826,0.03689184030890122,0.056882997094004746,0.07687415387910827,False,True,True,True,True
2024-06-12 08:00:00,PRD-A,53.0,1254.0,0.04226475279106858,0.03667777065835638,0.056882997094004746,0.07708822352965311,False,True,True,True,True
2024-06-12 16:00:00,PRD-A,51.0,877.0,0.05815279361459521,0.032722120149263456,0.056882997094004746,0.08104387403874604,False,True,True,False,True
2024-06-19 00:00:00,PRD-A,23.0,1233.0,0.0186536901865369,0.03650643314542893,0.056882997094004746,0.07725956104258055,True,True,True,False,True
2024-06-19 08:00:00,PRD-A,33.0,1303.0,0.02532617037605526,0.03706132523600075,0.056882997094004746,0.07670466895200874,True,True,True,False,True
2024-06-19 16:00:00,PRD-A,47.0,1249.0,0.03763010408326661,0.0366373682456136,0.056882997094004746,0.07712862594239589,False,True,True,False,True
2024-06-20 00:00:00,PRD-A,34.0,1312.0,0.025914634146341462,0.03712942814651725,0.056882997094004746,0.07663656604149224,True,True,True,False,True
2024-06-20 08:00:00,PRD-A,36.0,1308.0,0.027522935779816515,0.037099246969333095,0.056882997094004746,0.07666674721867639,True,True,True,False,True
2024-06-20 16:00:00,PRD-A,57.0,1284.0,0.04439252336448598,0.03691520812142933,0.056882997094004746,0.07685078606658016,False,True,True,False,True
2024-06-27 00:00:00,PRD-A,54.0,865.0,0.06242774566473988,0.032555107490942634,0.056882997094004746,0.08121088669706686,False,False,True,False,True
2024-06-27 08:00:00,PRD-A,42.0,1286.0,0.03265940902021773,0.03693074121516296,0.056882997094004746,0.07683525297284653,True,False,True,False,True
2024-06-27 16:00:00,PRD-A,58.0,1256.0,0.04617834394904458,0.03669386403122894,0.056882997094004746,0.07707213015678055,False,False,True,False,True
2024-06-28 00:00:00,PRD-A,35.0,1164.0,0.03006872852233677,0.035911182965507354,0.056882997094004746,0.07785481122250214,True,True,True,False,True
2024-06-28 08:00:00,PRD-A,42.0,1250.0,0.0336,0.03664546811745145,0.056882997094004746,0.07712052607055804,True,True,True,False,True
2024-06-28 16:00:00,PRD-A,62.0,1271.0,0.04878048780487805,0.036813350973701295,0.056882997094004746,0.0769526432143082,False,True,True,False,True
2024-07-05 00:00:00,PRD-A,47.0,1182.0,0.03976311336717428,0.03607147943638943,0.056882997094004746,0.07769451475162006,False,True,True,False,True
2024-07-05 08:00:00,PRD-A,61.0,1232.0,0.049512987012987016,0.03649816511346013,0.056882997094004746,0.07726782907454936,False,False,True,False,True
2024-07-05 16:00:00,PRD-A,91.0,1184.0,0.07685810810810811,0.03608906416082859,0.056882997094004746,0.0776769300271809,False,False,True,False,True
2024-07-06 00:00:00,PRD-A,58.0,1232.0,0.04707792207792208,0.03649816511346013,0.056882997094004746,0.07726782907454936,False,False,True,False,True
2024-07-06 08:00:00,PRD-A,70.0,1184.0,0.05912162162162162,0.03608906416082859,0.056882997094004746,0.0776769300271809,False,False,False,False,False
2024-07-06 16:00:00,PRD-A,95.0,1213.0,0.07831821929101401,0.03633913506712613,0.056882997094004746,0.07742685912088336,True,False,False,False,True
2024-07-13 00:00:00,PRD-A,73.0,1217.0,0.0599835661462613,0.036372924336751024,0.056882997094004746,0.07739306985125846,False,False,False,False,False
2024-07-13 08:00:00,PRD-A,57.0,1236.0,0.04611650485436893,0.03653117700877434,0.056882997094004746,0.07723481717923515,False,False,False,False,False
2024-07-13 16:00:00,PRD-A,71.0,1283.0,0.05533904910366329,0.03690742795788743,0.056882997094004746,0.07685856623012206,False,False,False,False,False
2024-07-14 00:00:00,PRD-A,77.0,1201.0,0.06411323896752706,0.03623675638311199,0.056882997094004746,0.07752923780489751,False,False,False,False,False
2024-07-14 08:00:00,PRD-A,61.0,1229.0,0.04963384865744508,0.03647330049923999,0.056882997094004746,0.07729269368876951,False,False,False,False,False
2024-07-14 16:00:00,PRD-A,88.0,1212.0,0.07260726072607261,0.03633066162398304,0.056882997094004746,0.07743533256402646,False,False,False,False,False
2024-07-21 00:00:00,PRD-A,46.0,1205.0,0.038174273858921165,0.03627105248770553,0.056882997094004746,0.07749494170030397,False,False,False,False,False
2024-07-21 08:00:00,PRD-A,56.0,1234.0,0.04538087520259319,0.03651469112507855,0.056882997094004746,0.07725130306293095,False,False,False,False,False
2024-07-21 16:00:00,PRD-A,74.0,1222.0,0.060556464811783964,0.03641492739692727,0.056882997094004746,0.07735106679108222,False,False,False,False,False
2024-07-22 00:00:00,PRD-A,59.0,1229.0,0.04800650935720097,0.03647330049923999,0.056882997094004746,0.07729269368876951,False,False,False,False,False
2024-07-22 08:00:00,PRD-A,106.0,1239.0,0.08555286521388217,0.03655583094887867,0.056882997094004746,0.07721016323913082,True,False,False,False,True
2024-07-22 16:00:00,PRD-A,118.0,1204.0,0.09800664451827243,0.03626249448666985,0.056882997094004746,0.07750349970133964,True,True,False,False,True
2024-07-29 00:00:00,PRD-A,74.0,1211.0,0.0611065235342692,0.03632217768741115,0.056882997094004746,0.07744381650059834,False,True,False,False,True
2024-07-29 08:00:00,PRD-A,89.0,1270.0,0.07007874015748032,0.03680545109300948,0.056882997094004746,0.07696054309500001,False,False,False,False,False
2024-07-29 16:00:00,PRD-A,107.0,1185.0,0.09029535864978903,0.036097839823989286,0.056882997094004746,0.0776681543640202,True,False,True,False,True
2024-07-30 00:00:00,PRD-A,47.0,1260.0,0.0373015873015873,0.03672593574816284,0.056882997094004746,0.07704005843984665,False,False,False,False,False
2024-07-30 08:00:00,PRD-A,55.0,1235.0,0.044534412955465584,0.03652293907276191,0.056882997094004746,0.07724305511524758,False,False,False,False,False
2024-07-30 16:00:00,PRD-A,65.0,1213.0,0.05358615004122012,0.03633913506712613,0.056882997094004746,0.07742685912088336,False,False,False,False,False
2024-08-06 00:00:00,PRD-A,65.0,1161.0,0.05598621877691645,0.03588410507930554,0.056882997094004746,0.07788188910870394,False,False,False,False,False
2024-08-06 08:00:00,PRD-A,62.0,1215.0,0.05102880658436214,0.03635605055951831,0.056882997094004746,0.07740994362849118,False,False,False,False,False
2024-08-06 16:00:00,PRD-A,98.0,1053.0,0.09306742640075974,0.034833519496067854,0.056882997094004746,0.07893247469194165,True,False,False,False,True
2024-08-07 00:00:00,PRD-A,34.0,1323.0,0.025699168556311415,0.03721171945616957,0.056882997094004746,0.07655427473183993,True,False,False,False,True
2024-08-07 08:00:00,PRD-A,48.0,1311.0,0.036613272311212815,0.037121895803460855,0.056882997094004746,0.07664409838454864,True,True,False,False,True
2024-08-07 16:00:00,PRD-A,34.0,1258.0,0.02702702702702703,0.036709919010358874,0.056882997094004746,0.07705607517765062,True,True,False,False,True
2024-08-14 00:00:00,PRD-A,69.0,1196.0,0.057692307692307696,0.03619364453681191,0.056882997094004746,0.07757234965119758,False,True,False,False,True
2024-08-14 08:00:00,PRD-A,90.0,1239.0,0.07263922518159806,0.03655583094887867,0.056882997094004746,0.07721016323913082,False,False,False,False,False
2024-08-14 16:00:00,PRD-A,120.0,1178.0,0.10186757215619695,0.03603617573390118,0.056882997094004746,0.07772981845410831,True,True,False,False,True
2024-08-15 00:00:00,PRD-A,104.0,1195.0,0.08702928870292886,0.03618498971419651,0.056882997094004746,0.07758100447381298,True,True,False,False,True
2024-08-15 08:00:00,PRD-A,98.0,1215.0,0.08065843621399177,0.03635605055951831,0.056882997094004746,0.07740994362849118,True,True,True,False,True
2024-08-15 16:00:00,PRD-A,128.0,1094.0,0.1170018281535649,0.03525064071199993,0.056882997094004746,0.07851535347600956,True,True,True,False,True
2024-08-22 00:00:00,PRD-A,47.0,1265.0,0.03715415019762846,0.036765811279490676,0.056882997094004746,0.07700018290851882,False,True,True,False,True
2024-08-22 08:00:00,PRD-A,34.0,1201.0,0.028309741881765195,0.03623675638311199,0.056882997094004746,0.07752923780489751,True,True,False,False,True
2024-08-22 16:00:00,PRD-A,53.0,1244.0,0.04260450160771704,0.0365967224932981,0.056882997094004746,0.07716927169471138,False,True,False,False,True
2024-08-23 00:00:00,PRD-A,43.0,1270.0,0.03385826771653543,0.03680545109300948,0.056882997094004746,0.07696054309500001,True,True,True,False,True
2024-08-23 08:00:00,PRD-A,61.0,1298.0,0.04699537750385208,0.03702318459680927,0.056882997094004746,0.07674280959120022,False,True,True,False,True
2024-08-23 16:00:00,PRD-A,65.0,1211.0,0.053674649050371594,0.03632217768741115,0.056882997094004746,0.07744381650059834,False,False,True,False,True
2024-08-30 00:00:00,PRD-A,36.0,1183.0,0.030431107354184278,0.03608027737280356,0.056882997094004746,0.07768571681520593,True,False,True,False,True
2024-08-30 08:00:00,PRD-A,49.0,1249.0,0.03923138510808647,0.0366373682456136,0.056882997094004746,0.07712862594239589,False,True,True,True,True
2024-08-30 16:00:00,PRD-A,74.0,1263.0,0.05859065716547902,0.03674988948371419,0.056882997094004746,0.0770161047042953,False,True,False,False,True
2024-08-31 00:00:00,PRD-A,44.0,1072.0,0.041044776119402986,0.035029794225714436,0.056882997094004746,0.07873619996229506,False,True,False,False,True
2024-08-31 08:00:00,PRD-A,56.0,1334.0,0.041979010494752625,0.03729299080989584,0.056882997094004746,0.07647300337811365,False,True,True,False,True
2024-08-31 16:00:00,PRD-A,39.0,1311.0,0.029748283752860413,0.037121895803460855,0.056882997094004746,0.07664409838454864,True,True,True,False,True
2024-09-07 00:00:00,PRD-A,56.0,1237.0,0.04527081649151172,0.03653940495335368,0.056882997094004746,0.0772265892346558,False,True,True,False,True
2024-09-07 08:00:00,PRD-A,48.0,1290.0,0.037209302325581395,0.03696169896209331,0.056882997094004746,0.07680429522591618,False,True,True,False,True
2024-09-07 16:00:00,PRD-A,78.0,1234.0,0.06320907617504051,0.03651469112507855,0.056882997094004746,0.07725130306293095,False,False,True,False,True
2024-09-08 00:00:00,PRD-A,53.0,1250.0,0.0424,0.03664546811745145,0.056882997094004746,0.07712052607055804,False,True,True,False,True
2024-09-08 08:00:00,PRD-A,34.0,980.0,0.03469387755102041,0.034027037887017345,0.056882997094004746,0.07973895630099215,False,True,True,False,True
2024-09-08 16:00:00,PRD-A,49.0,1252.0,0.03913738019169329,0.0366616387384727,0.056882997094004746,0.07710435544953678,False,True,True,False,True
2024-09-15 00:00:00,PRD-A,27.0,1259.0,0.021445591739475776,0.03671793214993367,0.056882997094004746,0.07704806203807582,True,True,True,False,True
2024-09-15 08:00:00,PRD-A,34.0,1318.0,0.025796661608497723,0.03717444203475312,0.056882997094004746,0.07659155215325637,True,True,True,False,True
2024-09-15 16:00:00,PRD-A,49.0,1270.0,0.03858267716535433,0.03680545109300948,0.056882997094004746,0.07696054309500001,False,True,True,False,True
2024-09-16 00:00:00,PRD-A,50.0,1254.0,0.03987240829346093,0.03667777065835638,0.056882997094004746,0.07708822352965311,False,True,True,False,True
2024-09-16 08:00:00,PRD-A,51.0,1289.0,0.0395655546935609,0.03695397303660142,0.056882997094004746,0.07681202115140807,False,True,True,True,True
2024-09-16 16:00:00,PRD-A,67.0,1188.0,0.0563973063973064,0.036124100298493125,0.056882997094004746,0.07764189388951637,False,True,True,True,True
2024-09-23 00:00:00,PRD-A,70.0,1293.0,0.054137664346481054,0.036984822937538686,0.056882997094004746,0.0767811712504708,False,False,False,True,True
2024-09-23 08:00:00,PRD-A,28.0,1221.0,0.02293202293202293,0.036406547429453526,0.056882997094004746,0.07735944675855597,True,False,False,True,True
2024-09-23 16:00:00,PRD-A,63.0,1280.0,0.04921875,0.03688403278789077,0.056882997094004746,0.07688196140011871,False,False,False,True,True
2024-09-24 00:00:00,PRD-A,38.0,1270.0,0.029921259842519685,0.03680545109300948,0.056882997094004746,0.07696054309500001,True,True,False,True,True
2024-09-24 08:00:00,PRD-A,82.0,1335.0,0.06142322097378277,0.03730032926540118,0.056882997094004746,0.07646566492260831,False,False,False,False,False
2024-09-24 16:00:00,PRD-A,54.0,1233.0,0.043795620437956206,0.03650643314542893,0.056882997094004746,0.07725956104258055,False,False,True,False,True
2024-10-01 00:00:00,PRD-A,32.0,1065.0,0.03004694835680751,0.0349580938127358,0.056882997094004746,0.07880790037527369,True,False,True,False,True
2024-10-01 08:00:00,PRD-A,48.0,1316.0,0.0364741641337386,0.03715947161477513,0.056882997094004746,0.07660652257323436,True,True,True,False,True
2024-10-01 16:00:00,PRD-A,71.0,1302.0,0.054531490015360985,0.03705371468787698,0.056882997094004746,0.07671227950013251,False,True,False,False,True
2024-10-02 00:00:00,PRD-A,58.0,1304.0,0.04447852760736196,0.037068927027980425,0.056882997094004746,0.07669706716002907,False,False,True,False,True
2024-10-02 08:00:00,PRD-A,53.0,1275.0,0.04156862745098039,0.03684485750195125,0.056882997094004746,0.07692113668605824,False,False,True,False,True
2024-10-02 16:00:00,PRD-A,74.0,1274.0,0.058084772370486655,0.03683699478256212,0.056882997094004746,0.07692899940544737,False,False,False,False,False
2024-10-09 00:00:00,PRD-A,59.0,921.0,0.06406080347448426,0.03330631568087808,0.056882997094004746,0.08045967850713141,False,False,False,False,False
2024-10-09 08:00:00,PRD-A,60.0,1314.0,0.045662100456621,0.03714446702874865,0.056882997094004746,0.07662152715926085,False,False,False,False,False
2024-10-09 16:00:00,PRD-A,44.0,1268.0,0.03470031545741325,0.03678962330497704,0.056882997094004746,0.07697637088303246,True,False,False,False,True
2024-10-10 00:00:00,PRD-A,59.0,1335.0,0.044194756554307116,0.03730032926540118,0.056882997094004746,0.07646566492260831,False,False,False,False,False
2024-10-10 08:00:00,PRD-A,37.0,1187.0,0.031171019376579612,0.03611535786946985,0.056882997094004746,0.07765063631853963,True,True,True,False,True
2024-10-10 16:00:00,PRD-A,47.0,1290.0,0.03643410852713178,0.03696169896209331,0.056882997094004746,0.07680429522591618,True,True,True,False,True
2024-10-17 00:00:00,PRD-A,41.0,1238.0,0.033117932148626815,0.03654762292668058,0.056882997094004746,0.07721837126132891,True,True,True,False,True
2024-10-17 08:00:00,PRD-A,34.0,1286.0,0.026438569206842923,0.03693074121516296,0.056882997094004746,0.07683525297284653,True,True,True,False,True
2024-10-17 16:00:00,PRD-A,62.0,1270.0,0.048818897637795275,0.03680545109300948,0.056882997094004746,0.07696054309500001,False,True,True,True,True
2024-10-18 00:00:00,PRD-A,50.0,1321.0,0.03785011355034065,0.037196833886398245,0.056882997094004746,0.07656916030161125,False,True,True,True,True
2024-10-18 08:00:00,PRD-A,46.0,1260.0,0.03650793650793651,0.03672593574816284,0.056882997094004746,0.07704005843984665,True,True,True,True,True
2024-10-18 16:00:00,PRD-A,60.0,1226.0,0.048939641109298535,0.03644834467586268,0.056882997094004746,0.07731764951214681,False,True,True,True,True
2024-10-25 00:00:00,PRD-A,38.0,1258.0,0.030206677265500796,0.036709919010358874,0.056882997094004746,0.07705607517765062,True,True,True,True,True
2024-10-25 08:00:00,PRD-A,49.0,1280.0,0.03828125,0.03688403278789077,0.056882997094004746,0.07688196140011871,False,True,True,True,True
2024-10-25 16:00:00,PRD-A,62.0,1081.0,0.05735430157261795,0.03512095514494068,0.056882997094004746,0.07864503904306881,False,True,True,False,True
2024-10-26 00:00:00,PRD-A,58.0,1382.0,0.041968162083936326,0.037636199968270743,0.056882997094004746,0.07612979421973876,False,True,True,False,True
2024-10-26 08:00:00,PRD-A,31.0,1288.0,0.02406832298136646,0.036946238115271014,0.056882997094004746,0.07681975607273847,True,True,True,False,True
2024-10-26 16:00:00,PRD-A,39.0,1287.0,0.030303030303030304,0.036938494180631054,0.056882997094004746,0.07682750000737844,True,True,True,False,True
2024-11-02 00:00:00,PRD-A,46.0,1250.0,0.0368,0.03664546811745145,0.056882997094004746,0.07712052607055804,False,True,True,False,True
2024-11-02 08:00:00,PRD-A,38.0,1268.0,0.02996845425867508,0.03678962330497704,0.056882997094004746,0.07697637088303246,True,True,True,False,True
2024-11-02 16:00:00,PRD-A,81.0,1295.0,0.06254826254826255,0.037000194260154516,0.056882997094004746,0.07676579992785498,False,True,True,False,True
2024-11-03 00:00:00,PRD-A,43.0,1256.0,0.03423566878980892,0.03669386403122894,0.056882997094004746,0.07707213015678055,True,True,True,False,True
2024-11-03 08:00:00,PRD-A,50.0,1295.0,0.03861003861003861,0.037000194260154516,0.056882997094004746,0.07676579992785498,False,True,True,False,True
2024-11-03 16:00:00,PRD-A,65.0,1236.0,0.052588996763754045,0.03653117700877434,0.056882997094004746,0.07723481717923515,False,True,False,False,True
2024-11-10 00:00:00,PRD-A,28.0,1241.0,0.022562449637389202,0.036572217220098985,0.056882997094004746,0.07719377696791051,True,True,False,False,True
2024-11-10 08:00:00,PRD-A,35.0,1043.0,0.03355704697986577,0.03472806945602009,0.056882997094004746,0.0790379247319894,True,True,True,False,True
2024-11-10 16:00:00,PRD-A,33.0,1279.0,0.02580140734949179,0.03687621611207691,0.056882997094004746,0.07688977807593259,True,True,True,False,True
2024-11-11 00:00:00,PRD-A,27.0,1311.0,0.020594965675057208,0.037121895803460855,0.056882997094004746,0.07664409838454864,True,True,True,False,True
2024-11-11 08:00:00,PRD-A,46.0,1332.0,0.03453453453453453,0.03727828911455523,0.056882997094004746,0.07648770507345426,True,True,True,True,True
2024-11-11 16:00:00,PRD-A,35.0,1277.0,0.0274079874706343,0.036860555224370074,0.056882997094004746,0.07690543896363941,True,True,True,True,True
2024-11-18 00:00:00,PRD-A,57.0,860.0,0.06627906976744186,0.032484489375483365,0.056882997094004746,0.08128150481252613,False,True,True,False,True
2024-11-18 08:00:00,PRD-A,32.0,1281.0,0.02498048399687744,0.03689184030890122,0.056882997094004746,0.07687415387910827,True,True,True,False,True
2024-11-18 16:00:00,PRD-A,49.0,1318.0,0.03717754172989378,0.03717444203475312,0.056882997094004746,0.07659155215325637,False,True,True,False,True
2024-11-19 00:00:00,PRD-A,28.0,1299.0,0.02155504234026174,0.037030830338188755,0.056882997094004746,0.07673516384982074,True,True,True,False,True
2024-11-19 08:00:00,PRD-A,37.0,1258.0,0.029411764705882353,0.036709919010358874,0.056882997094004746,0.07705607517765062,True,True,True,False,True
2024-11-19 16:00:00,PRD-A,55.0,1272.0,0.04323899371069182,0.03682124153666415,0.056882997094004746,0.07694475265134534,False,True,True,False,True
2024-11-26 00:00:00,PRD-A,56.0,939.0,0.059637912673056445,0.03353338371411212,0.056882997094004746,0.08023261047389738,False,True,True,False,True
2024-11-26 08:00:00,PRD-A,38.0,1308.0,0.0290519877675841,0.037099246969333095,0.056882997094004746,0.07666674721867639,True,True,True,False,True
2024-11-26 16:00:00,PRD-A,51.0,1255.0,0.04063745019920319,0.03668582215356973,0.056882997094004746,0.07708017203443976,False,True,True,False,True
2024-11-27 00:00:00,PRD-A,43.0,1274.0,0.033751962323390894,0.03683699478256212,0.056882997094004746,0.07692899940544737,True,True,True,False,True
2024-11-27 08:00:00,PRD-A,42.0,1260.0,0.03333333333333333,0.03672593574816284,0.056882997094004746,0.07704005843984665,True,True,True,False,True
2024-11-27 16:00:00,PRD-A,56.0,1245.0,0.04497991967871486,0.03660487122815216,0.056882997094004746,0.07716112295985733,False,True,True,False,True
2024-12-04 00:00:00,PRD-A,49.0,1218.0,0.040229885057471264,0.03638134563571299,0.056882997094004746,0.0773846485522965,False,True,True,False,True
2024-12-04 08:00:00,PRD-A,39.0,1276.0,0.030564263322884012,0.03685271097651982,0.056882997094004746,0.07691328321148967,True,True,True,False,True
2024-12-04 16:00:00,PRD-A,50.0,1274.0,0.03924646781789639,0.03683699478256212,0.056882997094004746,0.07692899940544737,False,True,True,True,True
2024-12-05 00:00:00,PRD-A,46.0,1292.0,0.03560371517027864,0.036977123895209005,0.056882997094004746,0.07678887029280049,True,True,True,True,True
2024-12-05 08:00:00,PRD-A,55.0,1245.0,0.04417670682730924,0.03660487122815216,0.056882997094004746,0.07716112295985733,False,True,True,True,True
2024-12-05 16:00:00,PRD-A,68.0,1256.0,0.054140127388535034,0.03669386403122894,0.056882997094004746,0.07707213015678055,False,False,True,True,True
2024-12-12 00:00:00,PRD-A,87.0,1230.0,0.07073170731707316,0.036481598810863665,0.056882997094004746,0.07728439537714582,False,False,False,False,False
2024-12-12 08:00:00,PRD-A,82.0,1265.0,0.06482213438735178,0.036765811279490676,0.056882997094004746,0.07700018290851882,False,False,False,False,False
2024-12-12 16:00:00,PRD-A,137.0,1255.0,0.10916334661354582,0.03668582215356973,0.056882997094004746,0.07708017203443976,True,True,False,False,True
2024-12-13 00:00:00,PRD-A,100.0,1220.0,0.08196721311475409,0.03639815716085125,0.056882997094004746,0.07736783702715824,True,True,True,False,True
2024-12-13 08:00:00,PRD-A,104.0,1244.0,0.08360128617363344,0.0365967224932981,0.056882997094004746,0.07716927169471138,True,True,True,False,True
2024-12-13 16:00:00,PRD-A,171.0,1257.0,0.1360381861575179,0.036701896310465804,0.056882997094004746,0.07706409787754369,True,True,True,False,True
2024-12-20 00:00:00,PRD-A,77.0,1237.0,0.06224737267582862,0.03653940495335368,0.056882997094004746,0.0772265892346558,False,True,True,False,True
2024-12-20 08:00:00,PRD-A,66.0,1248.0,0.052884615384615384,0.03662925864030204,0.056882997094004746,0.07713673554770745,False,False,False,False,False
2024-12-20 16:00:00,PRD-A,81.0,1168.0,0.06934931506849315,0.03594712440430905,0.056882997094004746,0.07781886978370045,False,False,False,False,False
2024-12-21 00:00:00,PRD-A,71.0,1187.0,0.05981465880370682,0.03611535786946985,0.056882997094004746,0.07765063631853963,False,False,False,False,False
2024-12-21 08:00:00,PRD-A,84.0,1248.0,0.0673076923076923,0.03662925864030204,0.056882997094004746,0.07713673554770745,False,False,False,False,False
2024-12-21 16:00:00,PRD-A,92.0,1192.0,0.07718120805369127,0.036158959931477885,0.056882997094004746,0.0776070342565316,False,False,False,False,False
2024-12-28 00:00:00,PRD-A,27.0,1235.0,0.02186234817813765,0.03652293907276191,0.056882997094004746,0.07724305511524758,True,False,False,False,True
2024-12-28 08:00:00,PRD-A,41.0,1272.0,0.03223270440251572,0.03682124153666415,0.056882997094004746,0.07694475265134534,True,True,False,False,True
2024-12-28 16:00:00,PRD-A,54.0,1242.0,0.043478260869565216,0.036580395509085234,0.056882997094004746,0.07718559867892426,False,True,False,False,True
2024-12-29 00:00:00,PRD-A,45.0,1273.0,0.03534956794972506,0.0368291228002004,0.056882997094004746,0.0769368713878091,True,True,True,False,True
2024-12-29 08:00:00,PRD-A,35.0,1293.0,0.027068832173240527,0.036984822937538686,0.056882997094004746,0.0767811712504708,True,True,True,False,True
2024-12-29 16:00:00,PRD-A,44.0,1248.0,0.035256410256410256,0.03662925864030204,0.056882997094004746,0.07713673554770745,True,True,True,False,True
2025-01-05 00:00:00,PRD-A,38.0,1253.0,0.030327214684756583,0.03666970952640365,0.056882997094004746,0.07709628466160584,True,True,True,False,True
2025-01-05 08:00:00,PRD-A,41.0,1241.0,0.033037872683319904,0.036572217220098985,0.056882997094004746,0.07719377696791051,True,True,True,True,True
2025-01-05 16:00:00,PRD-A,70.0,1249.0,0.05604483586869496,0.0366373682456136,0.056882997094004746,0.07712862594239589,False,True,True,True,True
2025-01-06 00:00:00,PRD-A,50.0,1288.0,0.03881987577639751,0.036946238115271014,0.056882997094004746,0.07681975607273847,False,True,True,True,True
2025-01-06 08:00:00,PRD-A,39.0,1275.0,0.03058823529411765,0.03684485750195125,0.056882997094004746,0.07692113668605824,True,True,True,True,True
2025-01-06 16:00:00,PRD-A,77.0,1261.0,0.06106264869151467,0.036733929823966366,0.056882997094004746,0.07703206436404313,False,True,False,False,True
2025-01-13 00:00:00,PRD-A,40.0,1200.0,0.03333333333333333,0.03622815557427782,0.056882997094004746,0.07753783861373167,True,True,False,False,True
2025-01-13 08:00:00,PRD-A,47.0,1272.0,0.036949685534591194,0.03682124153666415,0.056882997094004746,0.07694475265134534,False,True,True,False,True
2025-01-13 16:00:00,PRD-A,60.0,1244.0,0.04823151125401929,0.0365967224932981,0.056882997094004746,0.07716927169471138,False,True,True,False,True
2025-01-14 00:00:00,PRD-A,48.0,1235.0,0.038866396761133605,0.03652293907276191,0.056882997094004746,0.07724305511524758,False,True,True,False,True
2025-01-14 08:00:00,PRD-A,55.0,1241.0,0.0443190975020145,0.036572217220098985,0.056882997094004746,0.07719377696791051,False,False,True,False,True
2025-01-14 16:00:00,PRD-A,71.0,1259.0,0.056393963463065924,0.03671793214993367,0.056882997094004746,0.07704806203807582,False,False,True,False,True
2025-01-21 00:00:00,PRD-A,27.0,1212.0,0.022277227722772276,0.03633066162398304,0.056882997094004746,0.07743533256402646,True,False,True,False,True
2025-01-21 08:00:00,PRD-A,48.0,1217.0,0.03944124897288414,0.036372924336751024,0.056882997094004746,0.07739306985125846,False,True,True,True,True
2025-01-21 16:00:00,PRD-A,71.0,1281.0,0.05542544886807182,0.03689184030890122,0.056882997094004746,0.07687415387910827,False,True,False,True,True
2025-01-22 00:00:00,PRD-A,44.0,1243.0,0.035398230088495575,0.036588563926871064,0.056882997094004746,0.07717743026113844,True,True,False,True,True
2025-01-22 08:00:00,PRD-A,54.0,1297.0,0.04163454124903624,0.03701553001471845,0.056882997094004746,0.07675046417329104,False,True,True,True,True
2025-01-22 16:00:00,PRD-A,65.0,1217.0,0.05341002465078061,0.036372924336751024,0.056882997094004746,0.07739306985125846,False,True,False,True,True
2025-01-29 00:00:00,PRD-A,35.0,1257.0,0.02784407319013524,0.036701896310465804,0.056882997094004746,0.07706409787754369,True,True,False,True,True
2025-01-29 08:00:00,PRD-A,36.0,1220.0,0.029508196721311476,0.03639815716085125,0.056882997094004746,0.07736783702715824,True,True,True,True,True
2025-01-29 16:00:00,PRD-A,69.0,1229.0,0.05614320585842148,0.03647330049923999,0.056882997094004746,0.07729269368876951,False,True,False,True,True
2025-01-30 00:00:00,PRD-A,47.0,1278.0,0.036776212832550864,0.036868390263554686,0.056882997094004746,0.0768976039244548,True,True,False,True,True
2025-01-30 08:00:00,PRD-A,37.0,1254.0,0.029505582137161084,0.03667777065835638,0.056882997094004746,0.07708822352965311,True,True,True,True,True
2025-01-30 16:00:00,PRD-A,62.0,1191.0,0.052057094878253565,0.03615026148947366,0.056882997094004746,0.07761573269853583,False,True,False,True,True
2025-02-06 00:00:00,PRD-A,50.0,901.0,0.05549389567147614,0.033046079526525426,0.056882997094004746,0.08071991466148407,False,False,False,True,True
2025-02-06 08:00:00,PRD-A,61.0,1355.0,0.045018450184501846,0.03744538806138892,0.056882997094004746,0.07632060612662057,False,False,False,True,True
2025-02-06 16:00:00,PRD-A,41.0,1254.0,0.03269537480063796,0.03667777065835638,0.056882997094004746,0.07708822352965311,True,False,False,True,True
2025-02-07 00:00:00,PRD-A,27.0,1290.0,0.020930232558139535,0.03696169896209331,0.056882997094004746,0.07680429522591618,True,True,False,True,True
2025-02-07 08:00:00,PRD-A,38.0,1225.0,0.031020408163265307,0.03644000570289034,0.056882997094004746,0.07732598848511915,True,True,True,True,True
2025-02-07 16:00:00,PRD-A,51.0,1328.0,0.038403614457831324,0.03724878615131852,0.056882997094004746,0.07651720803669097,False,True,True,True,True
2025-02-14 00:00:00,PRD-A,49.0,1204.0,0.040697674418604654,0.03626249448666985,0.056882997094004746,0.07750349970133964,False,True,True,True,True
2025-02-14 08:00:00,PRD-A,55.0,1222.0,0.045008183306055646,0.03641492739692727,0.056882997094004746,0.07735106679108222,False,True,True,True,True
2025-02-14 16:00:00,PRD-A,91.0,1200.0,0.07583333333333334,0.03622815557427782,0.056882997094004746,0.07753783861373167,False,False,True,False,True
2025-02-15 00:00:00,PRD-A,75.0,1246.0,0.06019261637239166,0.03661301015116347,0.056882997094004746,0.07715298403684602,False,False,False,False,False
2025-02-15 08:00:00,PRD-A,46.0,1159.0,0.03968938740293356,0.03586599477665976,0.056882997094004746,0.07789999941134973,False,False,False,False,False
2025-02-15 16:00:00,PRD-A,76.0,1184.0,0.06418918918918919,0.03608906416082859,0.056882997094004746,0.0776769300271809,False,False,False,False,False
2025-02-22 00:00:00,PRD-A,107.0,1213.0,0.08821104699093157,0.03633913506712613,0.056882997094004746,0.07742685912088336,True,False,False,False,True
2025-02-22 08:00:00,PRD-A,101.0,1247.0,0.0809943865276664,0.03662113928200689,0.056882997094004746,0.0771448549060026,True,True,False,False,True
2025-02-22 16:00:00,PRD-A,137.0,1175.0,0.11659574468085106,0.036009579735809705,0.056882997094004746,0.07775641445219979,True,True,True,False,True
2025-02-23 00:00:00,PRD-A,110.0,1233.0,0.08921330089213302,0.03650643314542893,0.056882997094004746,0.07725956104258055,True,True,True,False,True
2025-02-23 08:00:00,PRD-A,129.0,1181.0,0.10922946655376799,0.036062670327991715,0.056882997094004746,0.07770332386001777,True,True,True,False,True
2025-02-23 16:00:00,PRD-A,160.0,1183.0,0.1352493660185968,0.03608027737280356,0.056882997094004746,0.07768571681520593,True,True,True,False,True
2025-03-02 00:00:00,PRD-A,39.0,1244.0,0.03135048231511254,0.0365967224932981,0.056882997094004746,0.07716927169471138,True,True,True,False,True
2025-03-02 08:00:00,PRD-A,42.0,1268.0,0.033123028391167195,0.03678962330497704,0.056882997094004746,0.07697637088303246,True,True,False,False,True
2025-03-02 16:00:00,PRD-A,51.0,1259.0,0.04050833995234313,0.03671793214993367,0.056882997094004746,0.07704806203807582,False,True,False,False,True
2025-03-03 00:00:00,PRD-A,38.0,1270.0,0.029921259842519685,0.03680545109300948,0.056882997094004746,0.07696054309500001,True,True,True,False,True
2025-03-03 08:00:00,PRD-A,41.0,1319.0,0.0310841546626232,0.03718191447295887,0.056882997094004746,0.07658407971505063,True,True,True,False,True
2025-03-03 16:00:00,PRD-A,53.0,1201.0,0.04412989175686927,0.03623675638311199,0.056882997094004746,0.07752923780489751,False,True,True,False,True
2025-03-10 00:00:00,PRD-A,38.0,1203.0,0.03158769742310889,0.03625392581702626,0.056882997094004746,0.07751206837098323,True,True,True,False,True
2025-03-10 08:00:00,PRD-A,34.0,1228.0,0.02768729641693811,0.036464992053304654,0.056882997094004746,0.07730100213470484,True,True,True,True,True
2025-03-10 16:00:00,PRD-A,66.0,1264.0,0.05221518987341772,0.03675785510523677,0.056882997094004746,0.07700813908277272,False,True,True,True,True
2025-03-11 00:00:00,PRD-A,47.0,1278.0,0.036776212832550864,0.036868390263554686,0.056882997094004746,0.0768976039244548,True,True,True,True,True
2025-03-11 08:00:00,PRD-A,54.0,1270.0,0.04251968503937008,0.03680545109300948,0.056882997094004746,0.07696054309500001,False,True,True,True,True
2025-03-11 16:00:00,PRD-A,58.0,1212.0,0.04785478547854786,0.03633066162398304,0.056882997094004746,0.07743533256402646,False,True,True,True,True
2025-03-18 00:00:00,PRD-A,33.0,1233.0,0.0267639902676399,0.03650643314542893,0.056882997094004746,0.07725956104258055,True,True,True,True,True
2025-03-18 08:00:00,PRD-A,40.0,1182.0,0.0338409475465313,0.03607147943638943,0.056882997094004746,0.07769451475162006,True,True,True,True,True
2025-03-18 16:00:00,PRD-A,55.0,1270.0,0.04330708661417323,0.03680545109300948,0.056882997094004746,0.07696054309500001,False,True,True,True,True
2025-03-19 00:00:00,PRD-A,52.0,1284.0,0.040498442367601244,0.03691520812142933,0.056882997094004746,0.07685078606658016,False,True,True,True,True
2025-03-19 08:00:00,PRD-A,47.0,1276.0,0.03683385579937304,0.03685271097651982,0.056882997094004746,0.07691328321148967,True,True,True,True,True
2025-03-19 16:00:00,PRD-A,77.0,1208.0,0.06374172185430464,0.036296662700047264,0.056882997094004746,0.07746933148796223,False,True,True,False,True
2025-03-26 00:00:00,PRD-A,64.0,1231.0,0.05199025182778229,0.03648988700876133,0.056882997094004746,0.07727610717924815,False,False,False,False,False
2025-03-26 08:00:00,PRD-A,61.0,1285.0,0.047470817120622566,0.03692297920130044,0.056882997094004746,0.07684301498670905,False,False,False,False,False
2025-03-26 16:00:00,PRD-A,84.0,1202.0,0.06988352745424292,0.03624534645659007,0.056882997094004746,0.07752064773141942,False,False,False,False,False
2025-03-27 00:00:00,PRD-A,56.0,1240.0,0.04516129032258064,0.03656402904001473,0.056882997094004746,0.07720196514799477,False,False,False,False,False
2025-03-27 08:00:00,PRD-A,72.0,1262.0,0.05705229793977813,0.036741914396211744,0.056882997094004746,0.07702407979179775,False,False,False,False,False
2025-03-27 16:00:00,PRD-A,70.0,894.0,0.07829977628635347,0.032952940225043366,0.056882997094004746,0.08081305396296612,False,False,False,False,False
2025-04-03 00:00:00,PRD-A,42.0,1228.0,0.03420195439739414,0.036464992053304654,0.056882997094004746,0.07730100213470484,True,False,False,False,True
2025-04-03 08:00:00,PRD-A,36.0,1275.0,0.02823529411764706,0.03684485750195125,0.056882997094004746,0.07692113668605824,True,True,False,False,True
2025-04-03 16:00:00,PRD-A,83.0,1243.0,0.0667739340305712,0.036588563926871064,0.056882997094004746,0.07717743026113844,False,True,False,False,True
2025-04-04 00:00:00,PRD-A,46.0,906.0,0.05077262693156733,0.033111945686046744,0.056882997094004746,0.08065404850196276,False,False,False,False,False
2025-04-04 08:00:00,PRD-A,36.0,1279.0,0.028146989835809225,0.03687621611207691,0.056882997094004746,0.07688977807593259,True,False,False,False,True
2025-04-04 16:00:00,PRD-A,51.0,1277.0,0.039937353171495694,0.036860555224370074,0.056882997094004746,0.07690543896363941,False,True,False,False,True
2025-04-11 00:00:00,PRD-A,30.0,1149.0,0.02610966057441253,0.03577473511027128,0.056882997094004746,0.07799125907773821,True,True,False,False,True
2025-04-11 08:00:00,PRD-A,32.0,1316.0,0.0243161094224924,0.03715947161477513,0.056882997094004746,0.07660652257323436,True,True,True,False,True
2025-04-11 16:00:00,PRD-A,41.0,1259.0,0.03256552819698173,0.03671793214993367,0.056882997094004746,0.07704806203807582,True,True,True,False,True
2025-04-12 00:00:00,PRD-A,67.0,1342.0,0.04992548435171386,0.0373514685710587,0.056882997094004746,0.07641452561695079,False,True,True,False,True
2025-04-12 08:00:00,PRD-A,31.0,1302.0,0.023809523809523808,0.03705371468787698,0.056882997094004746,0.07671227950013251,True,True,True,True,True
2025-04-12 16:00:00,PRD-A,52.0,1252.0,0.04153354632587859,0.0366616387384727,0.056882997094004746,0.07710435544953678,False,True,True,True,True
2025-04-19 00:00:00,PRD-A,36.0,1259.0,0.028594122319301033,0.03671793214993367,0.056882997094004746,0.07704806203807582,True,True,True,True,True
2025-04-19 08:00:00,PRD-A,58.0,1336.0,0.04341317365269461,0.03730765948008008,0.056882997094004746,0.07645833470792941,False,True,True,True,True
2025-04-19 16:00:00,PRD-A,50.0,1229.0,0.04068348250610252,0.03647330049923999,0.056882997094004746,0.07729269368876951,False,True,True,True,True
2025-04-20 00:00:00,PRD-A,34.0,1303.0,0.026093630084420567,0.03706132523600075,0.056882997094004746,0.07670466895200874,True,True,True,True,True
2025-04-20 08:00:00,PRD-A,83.0,1334.0,0.06221889055472264,0.03729299080989584,0.056882997094004746,0.07647300337811365,False,True,True,False,True
2025-04-20 16:00:00,PRD-A,39.0,1284.0,0.030373831775700934,0.03691520812142933,0.056882997094004746,0.07685078606658016,True,True,True,False,True
2025-04-27 00:00:00,PRD-A,42.0,1260.0,0.03333333333333333,0.03672593574816284,0.056882997094004746,0.07704005843984665,True,True,True,False,True
2025-04-27 08:00:00,PRD-A,58.0,1302.0,0.0445468509984639,0.03705371468787698,0.056882997094004746,0.07671227950013251,False,True,True,False,True
2025-04-27 16:00:00,PRD-A,67.0,1222.0,0.05482815057283143,0.03641492739692727,0.056882997094004746,0.07735106679108222,False,False,False,False,False
2025-04-28 00:00:00,PRD-A,58.0,1274.0,0.04552590266875981,0.03683699478256212,0.056882997094004746,0.07692899940544737,False,False,True,False,True
2025-04-28 08:00:00,PRD-A,49.0,1224.0,0.04003267973856209,0.03643165651267453,0.056882997094004746,0.07733433767533496,False,False,True,False,True
2025-04-28 16:00:00,PRD-A,72.0,1251.0,0.05755395683453238,0.036653558275270864,0.056882997094004746,0.07711243591273863,False,False,False,False,False
2025-05-05 00:00:00,PRD-A,123.0,1211.0,0.10156895127993394,0.03632217768741115,0.056882997094004746,0.07744381650059834,True,False,False,False,True
2025-05-05 08:00:00,PRD-A,121.0,1247.0,0.09703287890938252,0.03662113928200689,0.056882997094004746,0.0771448549060026,True,True,False,False,True
2025-05-05 16:00:00,PRD-A,157.0,1200.0,0.13083333333333333,0.03622815557427782,0.056882997094004746,0.07753783861373167,True,True,False,False,True
2025-05-06 00:00:00,PRD-A,127.0,1209.0,0.10504549214226634,0.03630517824721366,0.056882997094004746,0.07746081594079583,True,True,True,False,True
2025-05-06 08:00:00,PRD-A,114.0,1131.0,0.10079575596816977,0.03560742790656878,0.056882997094004746,0.07815856628144072,True,True,True,False,True
2025-05-06 16:00:00,PRD-A,90.0,1298.0,0.06933744221879815,0.03702318459680927,0.056882997094004746,0.07674280959120022,False,True,True,False,True
2025-05-13 00:00:00,PRD-A,40.0,1237.0,0.03233629749393695,0.03653940495335368,0.056882997094004746,0.0772265892346558,True,False,True,False,True
2025-05-13 08:00:00,PRD-A,46.0,1301.0,0.035357417371252885,0.03704609536678652,0.056882997094004746,0.07671989882122297,True,True,False,False,True
2025-05-13 16:00:00,PRD-A,69.0,1251.0,0.05515587529976019,0.036653558275270864,0.056882997094004746,0.07711243591273863,False,True,False,False,True
2025-05-14 00:00:00,PRD-A,46.0,1301.0,0.035357417371252885,0.03704609536678652,0.056882997094004746,0.07671989882122297,True,True,False,False,True
2025-05-14 08:00:00,PRD-A,38.0,1237.0,0.030719482619240096,0.03653940495335368,0.056882997094004746,0.0772265892346558,True,True,True,False,True
2025-05-14 16:00:00,PRD-A,81.0,1262.0,0.06418383518225039,0.036741914396211744,0.056882997094004746,0.07702407979179775,False,True,False,False,True
2025-05-21 00:00:00,PRD-A,50.0,1241.0,0.040290088638195005,0.036572217220098985,0.056882997094004746,0.07719377696791051,False,True,False,False,True
2025-05-21 08:00:00,PRD-A,55.0,1266.0,0.04344391785150079,0.03677375802513534,0.056882997094004746,0.07699223616287415,False,True,True,False,True
2025-05-21 16:00:00,PRD-A,62.0,1191.0,0.052057094878253565,0.03615026148947366,0.056882997094004746,0.07761573269853583,False,True,False,False,True
2025-05-22 00:00:00,PRD-A,48.0,1055.0,0.04549763033175355,0.034854429389436836,0.056882997094004746,0.07891156479857266,False,False,False,False,False
2025-05-22 08:00:00,PRD-A,60.0,1334.0,0.044977511244377814,0.03729299080989584,0.056882997094004746,0.07647300337811365,False,False,True,False,True
2025-05-22 16:00:00,PRD-A,53.0,1274.0,0.041601255886970175,0.03683699478256212,0.056882997094004746,0.07692899940544737,False,False,True,False,True
2025-05-29 00:00:00,PRD-A,43.0,1256.0,0.03423566878980892,0.03669386403122894,0.056882997094004746,0.07707213015678055,True,True,True,False,True
2025-05-29 08:00:00,PRD-A,51.0,1214.0,0.042009884678747944,0.036347598038454096,0.056882997094004746,0.0774183961495554,False,True,True,True,True
2025-05-29 16:00:00,PRD-A,62.0,1222.0,0.05073649754500818,0.03641492739692727,0.056882997094004746,0.07735106679108222,False,True,True,True,True
2025-05-30 00:00:00,PRD-A,56.0,1213.0,0.046166529266281946,0.03633913506712613,0.056882997094004746,0.07742685912088336,False,False,True,True,True
2025-05-30 08:00:00,PRD-A,41.0,1275.0,0.03215686274509804,0.03684485750195125,0.056882997094004746,0.07692113668605824,True,False,True,True,True
2025-05-30 16:00:00,PRD-A,63.0,1228.0,0.05130293159609121,0.036464992053304654,0.056882997094004746,0.07730100213470484,False,False,False,True,True
2025-06-06 00:00:00,PRD-A,64.0,1218.0,0.052545155993431854,0.03638134563571299,0.056882997094004746,0.0773846485522965,False,False,False,True,True
2025-06-06 08:00:00,PRD-A,76.0,1210.0,0.0628099173553719,0.036313683235734334,0.056882997094004746,0.07745231095227516,False,False,False,False,False
2025-06-06 16:00:00,PRD-A,114.0,1176.0,0.09693877551020408,0.03601845637552993,0.056882997094004746,0.07774753781247956,True,False,False,False,True
2025-06-07 00:00:00,PRD-A,81.0,1255.0,0.06454183266932272,0.03668582215356973,0.056882997094004746,0.07708017203443976,False,False,False,False,False
2025-06-07 08:00:00,PRD-A,87.0,1175.0,0.07404255319148936,0.036009579735809705,0.056882997094004746,0.07775641445219979,False,True,False,False,True
2025-06-07 16:00:00,PRD-A,94.0,956.0,0.09832635983263599,0.033741921343982975,0.056882997094004746,0.08002407284402652,True,True,True,False,True
2025-06-14 00:00:00,PRD-A,35.0,1236.0,0.02831715210355987,0.03653117700877434,0.056882997094004746,0.07723481717923515,True,True,True,False,True
2025-06-14 08:00:00,PRD-A,35.0,1299.0,0.026943802925327175,0.037030830338188755,0.056882997094004746,0.07673516384982074,True,True,False,False,True
2025-06-14 16:00:00,PRD-A,56.0,1230.0,0.04552845528455285,0.036481598810863665,0.056882997094004746,0.07728439537714582,False,True,False,False,True
2025-06-15 00:00:00,PRD-A,48.0,1276.0,0.03761755485893417,0.03685271097651982,0.056882997094004746,0.07691328321148967,False,True,True,False,True
2025-06-15 08:00:00,PRD-A,62.0,1293.0,0.04795050270688322,0.036984822937538686,0.056882997094004746,0.0767811712504708,False,False,True,False,True
2025-06-15 16:00:00,PRD-A,79.0,1272.0,0.06210691823899371,0.03682124153666415,0.056882997094004746,0.07694475265134534,False,False,True,False,True
2025-06-22 00:00:00,PRD-A,55.0,1294.0,0.04250386398763524,0.036992513053441915,0.056882997094004746,0.07677348113456758,False,False,True,False,True
2025-06-22 08:00:00,PRD-A,32.0,1273.0,0.02513747054202671,0.0368291228002004,0.056882997094004746,0.0769368713878091,True,True,True,False,True
2025-06-22 16:00:00,PRD-A,51.0,1252.0,0.04073482428115016,0.0366616387384727,0.056882997094004746,0.07710435544953678,False,True,True,False,True
2025-06-23 00:00:00,PRD-A,42.0,981.0,0.04281345565749235,0.034038690173885805,0.056882997094004746,0.07972730401412369,False,True,True,False,True
2025-06-23 08:00:00,PRD-A,44.0,1355.0,0.03247232472324723,0.03744538806138892,0.056882997094004746,0.07632060612662057,True,True,True,False,True
2025-06-23 16:00:00,PRD-A,39.0,1307.0,0.029839326702371844,0.03709168003460443,0.056882997094004746,0.07667431415340506,True,True,True,False,True
2025-06-30 00:00:00,PRD-A,64.0,1208.0,0.052980132450331126,0.036296662700047264,0.056882997094004746,0.07746933148796223,False,True,True,False,True
2025-06-30 08:00:00,PRD-A,56.0,1240.0,0.04516129032258064,0.03656402904001473,0.056882997094004746,0.07720196514799477,False,False,True,True,True
2025-06-30 16:00:00,PRD-A,98.0,1168.0,0.0839041095890411,0.03594712440430905,0.056882997094004746,0.07781886978370045,True,False,False,False,True
2024-01-01 00:00:00,PRD-A,48.0,1308.0,0.03669724770642202,0.037099246969333095,0.056882997094004746,0.07666674721867639,True,False,False,False,True
2024-01-01 08:00:00,PRD-A,30.0,1328.0,0.022590361445783132,0.03724878615131852,0.056882997094004746,0.07651720803669097,True,True,False,False,True
2024-01-01 16:00:00,PRD-A,69.0,1372.0,0.05029154518950437,0.03756618592431793,0.056882997094004746,0.07619980826369156,False,True,True,False,True
2024-01-02 00:00:00,PRD-A,61.0,1365.0,0.04468864468864469,0.03751671897733145,0.056882997094004746,0.07624927521067804,False,False,True,False,True
2024-01-02 08:00:00,PRD-A,60.0,1345.0,0.04460966542750929,0.037373263104746195,0.056882997094004746,0.0763927310832633,False,False,True,False,True
2024-01-02 16:00:00,PRD-A,47.0,1282.0,0.036661466458658344,0.03689963869296432,0.056882997094004746,0.07686635549504517,True,False,True,False,True
2024-01-09 00:00:00,PRD-A,41.0,1190.0,0.034453781512605045,0.036141552085348895,0.056882997094004746,0.07762444210266059,True,True,True,False,True
2024-01-09 08:00:00,PRD-A,52.0,1267.0,0.04104183109707971,0.036781695360778625,0.056882997094004746,0.07698429882723087,False,True,True,True,True
2024-01-09 16:00:00,PRD-A,76.0,1216.0,0.0625,0.03636449265180811,0.056882997094004746,0.07740150153620137,False,True,True,False,True
2024-01-10 00:00:00,PRD-A,68.0,1240.0,0.054838709677419356,0.03656402904001473,0.056882997094004746,0.07720196514799477,False,False,False,False,False
2024-01-10 08:00:00,PRD-A,63.0,1262.0,0.04992076069730586,0.036741914396211744,0.056882997094004746,0.07702407979179775,False,False,False,False,False
2024-01-10 16:00:00,PRD-A,86.0,1197.0,0.07184628237259816,0.03620228851151851,0.056882997094004746,0.07756370567649098,False,False,False,False,False
2024-01-17 00:00:00,PRD-A,56.0,1091.0,0.051329055912007336,0.03522091911834213,0.056882997094004746,0.07854507506966736,False,False,False,False,False
2024-01-17 08:00:00,PRD-A,63.0,1360.0,0.04632352941176471,0.03748115186175408,0.056882997094004746,0.0762848423262554,False,False,False,False,False
2024-01-17 16:00:00,PRD-A,57.0,1269.0,0.04491725768321513,0.03679754187623589,0.056882997094004746,0.0769684523117736,False,False,False,False,False
2024-01-18 00:00:00,PRD-A,43.0,1278.0,0.033646322378716745,0.036868390263554686,0.056882997094004746,0.0768976039244548,True,False,False,False,True
2024-01-18 08:00:00,PRD-A,31.0,1242.0,0.0249597423510467,0.036580395509085234,0.056882997094004746,0.07718559867892426,True,True,True,False,True
2024-01-18 16:00:00,PRD-A,52.0,1240.0,0.041935483870967745,0.03656402904001473,0.056882997094004746,0.07720196514799477,False,True,True,False,True
2024-01-25 00:00:00,PRD-A,103.0,1188.0,0.0867003367003367,0.036124100298493125,0.056882997094004746,0.07764189388951637,True,True,True,False,True
2024-01-25 08:00:00,PRD-A,108.0,1177.0,0.09175870858113849,0.036027321700220986,0.056882997094004746,0.07773867248778851,True,True,False,False,True
2024-01-25 16:00:00,PRD-A,116.0,1141.0,0.1016652059596845,0.035700865201262935,0.056882997094004746,0.07806512898674656,True,True,False,False,True
2024-01-26 00:00:00,PRD-A,119.0,1224.0,0.09722222222222222,0.03643165651267453,0.056882997094004746,0.07733433767533496,True,True,True,False,True
2024-01-26 08:00:00,PRD-A,119.0,1180.0,0.10084745762711865,0.036053850023945976,0.056882997094004746,0.07771214416406352,True,True,True,False,True
2024-01-26 16:00:00,PRD-A,166.0,1179.0,0.14079728583545378,0.03604501850051753,0.056882997094004746,0.07772097568749196,True,True,True,False,True
2024-02-02 00:00:00,PRD-A,104.0,1163.0,0.08942390369733448,0.035902168645672,0.056882997094004746,0.07786382554233749,True,True,True,False,True
2024-02-02 08:00:00,PRD-A,81.0,1172.0,0.06911262798634812,0.03598288168521528,0.056882997094004746,0.07778311250279421,False,True,True,True,True
2024-02-02 16:00:00,PRD-A,120.0,1143.0,0.10498687664041995,0.03571940536402131,0.056882997094004746,0.07804658882398818,True,True,True,True,True
2024-02-03 00:00:00,PRD-A,94.0,1224.0,0.07679738562091504,0.03643165651267453,0.056882997094004746,0.07733433767533496,False,True,True,True,True
2024-02-03 08:00:00,PRD-A,103.0,1241.0,0.08299758259468171,0.036572217220098985,0.056882997094004746,0.07719377696791051,True,True,True,True,True
2024-02-03 16:00:00,PRD-A,150.0,1166.0,0.12864493996569468,0.03592917680333647,0.056882997094004746,0.07783681738467302,True,True,True,True,True
2024-02-10 00:00:00,PRD-A,32.0,1248.0,0.02564102564102564,0.03662925864030204,0.056882997094004746,0.07713673554770745,True,True,True,False,True
2024-02-10 08:00:00,PRD-A,41.0,1288.0,0.03183229813664596,0.036946238115271014,0.056882997094004746,0.07681975607273847,True,True,False,False,True
2024-02-10 16:00:00,PRD-A,58.0,1231.0,0.047116165718927704,0.03648988700876133,0.056882997094004746,0.07727610717924815,False,True,False,False,True
2024-02-11 00:00:00,PRD-A,52.0,1302.0,0.039938556067588324,0.03705371468787698,0.056882997094004746,0.07671227950013251,False,True,True,False,True
2024-02-11 08:00:00,PRD-A,53.0,1303.0,0.04067536454336147,0.03706132523600075,0.056882997094004746,0.07670466895200874,False,True,True,False,True
2024-02-11 16:00:00,PRD-A,56.0,1243.0,0.04505229283990346,0.036588563926871064,0.056882997094004746,0.07717743026113844,False,True,True,False,True
2024-02-18 00:00:00,PRD-A,54.0,1194.0,0.04522613065326633,0.036176324020963664,0.056882997094004746,0.07758967016704582,False,False,True,False,True
2024-02-18 08:00:00,PRD-A,65.0,1185.0,0.05485232067510549,0.036097839823989286,0.056882997094004746,0.0776681543640202,False,False,True,True,True
2024-02-18 16:00:00,PRD-A,90.0,1199.0,0.0750625521267723,0.03621954400770823,0.056882997094004746,0.07754645018030126,False,False,False,False,False
2024-02-19 00:00:00,PRD-A,61.0,1141.0,0.05346187554776512,0.035700865201262935,0.056882997094004746,0.07806512898674656,False,False,False,False,False
2024-02-19 08:00:00,PRD-A,69.0,1257.0,0.05489260143198091,0.036701896310465804,0.056882997094004746,0.07706409787754369,False,False,False,False,False
2024-02-19 16:00:00,PRD-A,90.0,1225.0,0.07346938775510205,0.03644000570289034,0.056882997094004746,0.07732598848511915,False,False,False,False,False
2024-02-26 00:00:00,PRD-A,38.0,1267.0,0.02999210734017364,0.036781695360778625,0.056882997094004746,0.07698429882723087,True,False,False,False,True
2024-02-26 08:00:00,PRD-A,35.0,1302.0,0.026881720430107527,0.03705371468787698,0.056882997094004746,0.07671227950013251,True,True,False,False,True
2024-02-26 16:00:00,PRD-A,65.0,1261.0,0.05154639175257732,0.036733929823966366,0.056882997094004746,0.07703206436404313,False,True,False,False,True
2024-02-27 00:00:00,PRD-A,49.0,1278.0,0.03834115805946792,0.036868390263554686,0.056882997094004746,0.0768976039244548,False,True,False,False,True
2024-02-27 08:00:00,PRD-A,48.0,1282.0,0.0374414976599064,0.03689963869296432,0.056882997094004746,0.07686635549504517,False,True,True,False,True
2024-02-27 16:00:00,PRD-A,68.0,1291.0,0.052672347017815646,0.03696941590917035,0.056882997094004746,0.07679657827883915,False,True,False,False,True
2024-03-05 00:00:00,PRD-A,69.0,1240.0,0.055645161290322584,0.03656402904001473,0.056882997094004746,0.07720196514799477,False,False,False,False,False
2024-03-05 08:00:00,PRD-A,73.0,1270.0,0.05748031496062992,0.03680545109300948,0.056882997094004746,0.07696054309500001,False,False,False,False,False
2024-03-05 16:00:00,PRD-A,92.0,1205.0,0.07634854771784233,0.03627105248770553,0.056882997094004746,0.07749494170030397,False,False,False,False,False
2024-03-06 00:00:00,PRD-A,84.0,1295.0,0.06486486486486487,0.037000194260154516,0.056882997094004746,0.07676579992785498,False,False,False,False,False
2024-03-06 08:00:00,PRD-A,84.0,1274.0,0.06593406593406594,0.03683699478256212,0.056882997094004746,0.07692899940544737,False,False,False,False,False
2024-03-06 16:00:00,PRD-A,117.0,1256.0,0.09315286624203821,0.03669386403122894,0.056882997094004746,0.07707213015678055,True,False,True,False,True
2024-03-13 00:00:00,PRD-A,46.0,1216.0,0.03782894736842105,0.03636449265180811,0.056882997094004746,0.07740150153620137,False,False,True,False,True
2024-03-13 08:00:00,PRD-A,61.0,1257.0,0.04852824184566428,0.036701896310465804,0.056882997094004746,0.07706409787754369,False,False,False,False,False
2024-03-13 16:00:00,PRD-A,103.0,1243.0,0.08286403861625101,0.036588563926871064,0.056882997094004746,0.07717743026113844,True,False,False,False,True
2024-03-14 00:00:00,PRD-A,53.0,1269.0,0.04176516942474389,0.03679754187623589,0.056882997094004746,0.0769684523117736,False,False,False,False,False
2024-03-14 08:00:00,PRD-A,72.0,1221.0,0.05896805896805897,0.036406547429453526,0.056882997094004746,0.07735944675855597,False,False,False,False,False
2024-03-14 16:00:00,PRD-A,90.0,1157.0,0.07778738115816768,0.03584783753585,0.056882997094004746,0.0779181566521595,False,False,False,False,False
2024-03-21 00:00:00,PRD-A,37.0,1195.0,0.03096234309623431,0.03618498971419651,0.056882997094004746,0.07758100447381298,True,False,False,False,True
2024-03-21 08:00:00,PRD-A,59.0,1310.0,0.0450381679389313,0.03711435483722928,0.056882997094004746,0.0766516393507802,False,False,False,False,False
2024-03-21 16:00:00,PRD-A,69.0,1229.0,0.05614320585842148,0.03647330049923999,0.056882997094004746,0.07729269368876951,False,False,False,False,False
2024-03-22 00:00:00,PRD-A,61.0,1259.0,0.048451151707704525,0.03671793214993367,0.056882997094004746,0.07704806203807582,False,False,False,False,False
2024-03-22 08:00:00,PRD-A,47.0,1265.0,0.03715415019762846,0.036765811279490676,0.056882997094004746,0.07700018290851882,False,False,True,False,True
2024-03-22 16:00:00,PRD-A,68.0,1183.0,0.057480980557903634,0.03608027737280356,0.056882997094004746,0.07768571681520593,False,False,False,False,False
2024-03-29 00:00:00,PRD-A,60.0,1241.0,0.048348106365834004,0.036572217220098985,0.056882997094004746,0.07719377696791051,False,False,False,False,False
2024-03-29 08:00:00,PRD-A,66.0,1240.0,0.0532258064516129,0.03656402904001473,0.056882997094004746,0.07720196514799477,False,False,False,False,False
2024-03-29 16:00:00,PRD-A,85.0,1253.0,0.06783719074221868,0.03666970952640365,0.056882997094004746,0.07709628466160584,False,False,False,False,False
2024-03-30 00:00:00,PRD-A,61.0,1238.0,0.049273021001615507,0.03654762292668058,0.056882997094004746,0.07721837126132891,False,False,False,False,False
2024-03-30 08:00:00,PRD-A,64.0,1230.0,0.05203252032520325,0.036481598810863665,0.056882997094004746,0.07728439537714582,False,False,False,False,False
2024-03-30 16:00:00,PRD-A,58.0,872.0,0.06651376146788991,0.032652950591920436,0.056882997094004746,0.08111304359608906,False,False,False,False,False
2024-04-06 00:00:00,PRD-A,49.0,1225.0,0.04,0.03644000570289034,0.056882997094004746,0.07732598848511915,False,False,False,False,False
2024-04-06 08:00:00,PRD-A,47.0,1284.0,0.03660436137071651,0.03691520812142933,0.056882997094004746,0.07685078606658016,True,True,False,False,True
2024-04-06 16:00:00,PRD-A,77.0,1223.0,0.06295993458708095,0.03642329708433388,0.056882997094004746,0.07734269710367561,False,True,False,False,True
2024-04-07 00:00:00,PRD-A,56.0,1280.0,0.04375,0.03688403278789077,0.056882997094004746,0.07688196140011871,False,False,False,False,False
2024-04-07 08:00:00,PRD-A,46.0,1133.0,0.04060017652250662,0.03562621428479074,0.056882997094004746,0.07813977990321874,False,False,True,False,True
2024-04-07 16:00:00,PRD-A,92.0,1268.0,0.07255520504731862,0.03678962330497704,0.056882997094004746,0.07697637088303246,False,False,False,False,False
2024-04-14 00:00:00,PRD-A,60.0,1219.0,0.04922067268252666,0.036389756569998585,0.056882997094004746,0.0773762376180109,False,False,False,False,False
2024-04-14 08:00:00,PRD-A,71.0,1214.0,0.05848434925864909,0.036347598038454096,0.056882997094004746,0.0774183961495554,False,False,False,False,False
2024-04-14 16:00:00,PRD-A,105.0,1245.0,0.08433734939759036,0.03660487122815216,0.056882997094004746,0.07716112295985733,True,False,False,False,True
2024-04-15 00:00:00,PRD-A,82.0,1234.0,0.06645056726094004,0.03651469112507855,0.056882997094004746,0.07725130306293095,False,False,False,False,False
2024-04-15 08:00:00,PRD-A,81.0,1248.0,0.06490384615384616,0.03662925864030204,0.056882997094004746,0.07713673554770745,False,False,False,False,False
2024-04-15 16:00:00,PRD-A,76.0,758.0,0.10026385224274406,0.030894696147683275,0.056882997094004746,0.08287129804032622,True,False,True,False,True
2024-04-22 00:00:00,PRD-A,57.0,844.0,0.06753554502369669,0.03225430967681957,0.056882997094004746,0.08151168451118992,False,False,True,False,True
2024-04-22 08:00:00,PRD-A,66.0,1287.0,0.05128205128205128,0.036938494180631054,0.056882997094004746,0.07682750000737844,False,False,True,False,True
2024-04-22 16:00:00,PRD-A,62.0,1249.0,0.049639711769415534,0.0366373682456136,0.056882997094004746,0.07712862594239589,False,False,False,False,False
2024-04-23 00:00:00,PRD-A,43.0,1313.0,0.03274942878903275,0.03713695188282044,0.056882997094004746,0.07662904230518905,True,False,False,False,True
2024-04-23 08:00:00,PRD-A,34.0,1274.0,0.026687598116169546,0.03683699478256212,0.056882997094004746,0.07692899940544737,True,True,False,False,True
2024-04-23 16:00:00,PRD-A,66.0,1293.0,0.05104408352668213,0.036984822937538686,0.056882997094004746,0.0767811712504708,False,True,False,False,True
2024-04-30 00:00:00,PRD-A,34.0,1242.0,0.027375201288244767,0.036580395509085234,0.056882997094004746,0.07718559867892426,True,True,True,False,True
2024-04-30 08:00:00,PRD-A,41.0,1313.0,0.031226199543031227,0.03713695188282044,0.056882997094004746,0.07662904230518905,True,True,True,False,True
2024-04-30 16:00:00,PRD-A,59.0,1237.0,0.047696038803556995,0.03653940495335368,0.056882997094004746,0.0772265892346558,False,True,True,True,True
2024-05-01 00:00:00,PRD-A,37.0,1213.0,0.030502885408079144,0.03633913506712613,0.056882997094004746,0.07742685912088336,True,True,True,True,True
2024-05-01 08:00:00,PRD-A,50.0,1283.0,0.03897116134060795,0.03690742795788743,0.056882997094004746,0.07685856623012206,False,True,True,True,True
2024-05-01 16:00:00,PRD-A,81.0,1256.0,0.06449044585987261,0.03669386403122894,0.056882997094004746,0.07707213015678055,False,True,True,False,True
2024-05-08 00:00:00,PRD-A,35.0,1254.0,0.027910685805422646,0.03667777065835638,0.056882997094004746,0.07708822352965311,True,True,True,False,True
2024-05-08 08:00:00,PRD-A,56.0,1266.0,0.044233807266982623,0.03677375802513534,0.056882997094004746,0.07699223616287415,False,False,True,False,True
2024-05-08 16:00:00,PRD-A,73.0,1256.0,0.058121019108280256,0.03669386403122894,0.056882997094004746,0.07707213015678055,False,False,False,False,False
2024-05-09 00:00:00,PRD-A,49.0,1278.0,0.03834115805946792,0.036868390263554686,0.056882997094004746,0.0768976039244548,False,False,False,False,False
2024-05-09 08:00:00,PRD-A,48.0,1251.0,0.03836930455635491,0.036653558275270864,0.056882997094004746,0.07711243591273863,False,True,True,False,True
2024-05-09 16:00:00,PRD-A,61.0,1209.0,0.050454921422663356,0.03630517824721366,0.056882997094004746,0.07746081594079583,False,True,False,False,True
2024-05-16 00:00:00,PRD-A,86.0,1229.0,0.06997558991049634,0.03647330049923999,0.056882997094004746,0.07729269368876951,False,False,False,False,False
2024-05-16 08:00:00,PRD-A,101.0,1276.0,0.07915360501567398,0.03685271097651982,0.056882997094004746,0.07691328321148967,True,False,False,False,True
2024-05-16 16:00:00,PRD-A,146.0,1230.0,0.11869918699186992,0.036481598810863665,0.056882997094004746,0.07728439537714582,True,True,False,False,True
2024-05-17 00:00:00,PRD-A,107.0,1269.0,0.08431836091410559,0.03679754187623589,0.056882997094004746,0.0769684523117736,True,True,True,False,True
2024-05-17 08:00:00,PRD-A,118.0,1256.0,0.09394904458598727,0.03669386403122894,0.056882997094004746,0.07707213015678055,True,True,True,False,True
2024-05-17 16:00:00,PRD-A,133.0,1227.0,0.10839445802770986,0.03645667345241331,0.056882997094004746,0.07730932073559618,True,True,True,False,True
2024-05-24 00:00:00,PRD-A,71.0,1199.0,0.05921601334445371,0.03621954400770823,0.056882997094004746,0.07754645018030126,False,True,True,False,True
2024-05-24 08:00:00,PRD-A,85.0,1248.0,0.06810897435897435,0.03662925864030204,0.056882997094004746,0.07713673554770745,False,False,True,True,True
2024-05-24 16:00:00,PRD-A,99.0,1208.0,0.08195364238410596,0.036296662700047264,0.056882997094004746,0.07746933148796223,True,False,True,True,True
2024-05-25 00:00:00,PRD-A,49.0,798.0,0.06140350877192982,0.03155440532086071,0.056882997094004746,0.08221158886714879,False,False,False,True,True
2024-05-25 08:00:00,PRD-A,61.0,1308.0,0.046636085626911315,0.037099246969333095,0.056882997094004746,0.07666674721867639,False,False,False,False,False
2024-05-25 16:00:00,PRD-A,49.0,1298.0,0.03775038520801233,0.03702318459680927,0.056882997094004746,0.07674280959120022,False,False,False,False,False
2024-06-01 00:00:00,PRD-A,58.0,1203.0,0.04821280133000831,0.03625392581702626,0.056882997094004746,0.07751206837098323,False,False,False,False,False
2024-06-01 08:00:00,PRD-A,73.0,1242.0,0.05877616747181964,0.036580395509085234,0.056882997094004746,0.07718559867892426,False,False,False,False,False
2024-06-01 16:00:00,PRD-A,89.0,1193.0,0.07460184409052809,0.03616764743433816,0.056882997094004746,0.07759834675367133,False,False,False,False,False
2024-06-02 00:00:00,PRD-A,67.0,1269.0,0.05279747832939322,0.03679754187623589,0.056882997094004746,0.0769684523117736,False,False,False,False,False
2024-06-02 08:00:00,PRD-A,78.0,1242.0,0.06280193236714976,0.036580395509085234,0.056882997094004746,0.07718559867892426,False,False,False,False,False
2024-06-02 16:00:00,PRD-A,95.0,1239.0,0.07667473769168684,0.03655583094887867,0.056882997094004746,0.07721016323913082,False,False,False,False,False
2024-06-09 00:00:00,PRD-A,55.0,1203.0,0.0457190357439734,0.03625392581702626,0.056882997094004746,0.07751206837098323,False,False,False,False,False
2024-06-09 08:00:00,PRD-A,62.0,1207.0,0.05136702568351284,0.036288136572370074,0.056882997094004746,0.07747785761563941,False,False,False,False,False
2024-06-09 16:00:00,PRD-A,100.0,1282.0,0.078003120124805,0.03689963869296432,0.056882997094004746,0.07686635549504517,True,False,False,False,True
2024-06-10 00:00:00,PRD-A,61.0,1208.0,0.050496688741721855,0.036296662700047264,0.056882997094004746,0.07746933148796223,False,False,False,False,False
2024-06-10 08:00:00,PRD-A,78.0,1268.0,0.061514195583596214,0.03678962330497704,0.056882997094004746,0.07697637088303246,False,False,False,False,False
2024-06-10 16:00:00,PRD-A,99.0,1220.0,0.08114754098360656,0.03639815716085125,0.056882997094004746,0.07736783702715824,True,False,False,False,True
2024-06-17 00:00:00,PRD-A,69.0,1216.0,0.05674342105263158,0.03636449265180811,0.056882997094004746,0.07740150153620137,False,False,False,False,False
2024-06-17 08:00:00,PRD-A,59.0,1243.0,0.04746580852775543,0.036588563926871064,0.056882997094004746,0.07717743026113844,False,False,False,False,False
2024-06-17 16:00:00,PRD-A,84.0,1221.0,0.0687960687960688,0.036406547429453526,0.056882997094004746,0.07735944675855597,False,False,False,False,False
2024-06-18 00:00:00,PRD-A,57.0,1233.0,0.046228710462287104,0.03650643314542893,0.056882997094004746,0.07725956104258055,False,False,False,False,False
2024-06-18 08:00:00,PRD-A,74.0,1235.0,0.05991902834008097,0.03652293907276191,0.056882997094004746,0.07724305511524758,False,False,False,False,False
2024-06-18 16:00:00,PRD-A,109.0,1231.0,0.08854589764419171,0.03648988700876133,0.056882997094004746,0.07727610717924815,True,False,False,False,True
2024-06-25 00:00:00,PRD-A,45.0,1178.0,0.038200339558573854,0.03603617573390118,0.056882997094004746,0.07772981845410831,False,False,False,False,False
2024-06-25 08:00:00,PRD-A,72.0,1241.0,0.05801772763900081,0.036572217220098985,0.056882997094004746,0.07719377696791051,False,False,False,False,False
2024-06-25 16:00:00,PRD-A,100.0,1222.0,0.08183306055646482,0.03641492739692727,0.056882997094004746,0.07735106679108222,True,False,False,False,True
2024-06-26 00:00:00,PRD-A,59.0,1249.0,0.04723779023218575,0.0366373682456136,0.056882997094004746,0.07712862594239589,False,False,False,False,False
2024-06-26 08:00:00,PRD-A,80.0,1218.0,0.06568144499178982,0.03638134563571299,0.056882997094004746,0.0773846485522965,False,False,False,False,False
2024-06-26 16:00:00,PRD-A,110.0,1149.0,0.09573542210617929,0.03577473511027128,0.056882997094004746,0.07799125907773821,True,False,False,False,True
2024-07-03 00:00:00,PRD-A,61.0,1193.0,0.05113160100586756,0.03616764743433816,0.056882997094004746,0.07759834675367133,False,False,False,False,False
2024-07-03 08:00:00,PRD-A,60.0,1259.0,0.04765687053216839,0.03671793214993367,0.056882997094004746,0.07704806203807582,False,False,False,False,False
2024-07-03 16:00:00,PRD-A,85.0,1177.0,0.07221750212404418,0.036027321700220986,0.056882997094004746,0.07773867248778851,False,False,False,False,False
2024-07-04 00:00:00,PRD-A,79.0,1223.0,0.06459525756336877,0.03642329708433388,0.056882997094004746,0.07734269710367561,False,False,False,False,False
2024-07-04 08:00:00,PRD-A,75.0,1248.0,0.06009615384615385,0.03662925864030204,0.056882997094004746,0.07713673554770745,False,False,False,False,False
2024-07-04 16:00:00,PRD-A,94.0,1194.0,0.07872696817420435,0.036176324020963664,0.056882997094004746,0.07758967016704582,True,False,False,False,True
2024-07-11 00:00:00,PRD-A,70.0,1212.0,0.057755775577557754,0.03633066162398304,0.056882997094004746,0.07743533256402646,False,False,False,False,False
2024-07-11 08:00:00,PRD-A,83.0,1205.0,0.06887966804979254,0.03627105248770553,0.056882997094004746,0.07749494170030397,False,False,False,False,False
2024-07-11 16:00:00,PRD-A,111.0,1184.0,0.09375,0.03608906416082859,0.056882997094004746,0.0776769300271809,True,False,False,False,True
2024-07-12 00:00:00,PRD-A,81.0,1227.0,0.06601466992665037,0.03645667345241331,0.056882997094004746,0.07730932073559618,False,False,True,True,True
2024-07-12 08:00:00,PRD-A,79.0,1214.0,0.06507413509060955,0.036347598038454096,0.056882997094004746,0.0774183961495554,False,False,True,True,True
2024-07-12 16:00:00,PRD-A,134.0,1215.0,0.1102880658436214,0.03635605055951831,0.056882997094004746,0.07740994362849118,True,False,True,True,True
2024-07-19 00:00:00,PRD-A,61.0,1202.0,0.050748752079866885,0.03624534645659007,0.056882997094004746,0.07752064773141942,False,False,True,False,True
2024-07-19 08:00:00,PRD-A,65.0,1250.0,0.052,0.03664546811745145,0.056882997094004746,0.07712052607055804,False,False,False,False,False
2024-07-19 16:00:00,PRD-A,92.0,1187.0,0.07750631844987363,0.03611535786946985,0.056882997094004746,0.07765063631853963,False,False,False,False,False
2024-07-20 00:00:00,PRD-A,73.0,1192.0,0.061241610738255035,0.036158959931477885,0.056882997094004746,0.0776070342565316,False,False,False,False,False
2024-07-20 08:00:00,PRD-A,78.0,1191.0,0.0654911838790932,0.03615026148947366,0.056882997094004746,0.07761573269853583,False,False,False,False,False
2024-07-20 16:00:00,PRD-A,112.0,1217.0,0.09202958093672967,0.036372924336751024,0.056882997094004746,0.07739306985125846,True,False,False,False,True
2024-07-27 00:00:00,PRD-A,126.0,1172.0,0.1075085324232082,0.03598288168521528,0.056882997094004746,0.07778311250279421,True,True,True,False,True
2024-07-27 08:00:00,PRD-A,122.0,1255.0,0.09721115537848606,0.03668582215356973,0.056882997094004746,0.07708017203443976,True,True,True,False,True
2024-07-27 16:00:00,PRD-A,180.0,1139.0,0.15803336259877085,0.03568227622717845,0.056882997094004746,0.07808371796083105,True,True,True,False,True
2024-07-28 00:00:00,PRD-A,152.0,1258.0,0.12082670906200318,0.036709919010358874,0.056882997094004746,0.07705607517765062,True,True,True,True,True
2024-07-28 08:00:00,PRD-A,137.0,1183.0,0.1158072696534235,0.03608027737280356,0.056882997094004746,0.07768571681520593,True,True,True,True,True
2024-07-28 16:00:00,PRD-A,195.0,1195.0,0.16317991631799164,0.03618498971419651,0.056882997094004746,0.07758100447381298,True,True,True,True,True
2024-08-04 00:00:00,PRD-A,89.0,1205.0,0.07385892116182573,0.03627105248770553,0.056882997094004746,0.07749494170030397,False,True,True,True,True
2024-08-04 08:00:00,PRD-A,71.0,1261.0,0.056304520222045996,0.036733929823966366,0.056882997094004746,0.07703206436404313,False,True,True,False,True
2024-08-04 16:00:00,PRD-A,122.0,1217.0,0.10024650780608052,0.036372924336751024,0.056882997094004746,0.07739306985125846,True,True,True,False,True
2024-08-05 00:00:00,PRD-A,91.0,1203.0,0.07564422277639235,0.03625392581702626,0.056882997094004746,0.07751206837098323,False,True,True,False,True
2024-08-05 08:00:00,PRD-A,82.0,1235.0,0.06639676113360324,0.03652293907276191,0.056882997094004746,0.07724305511524758,False,True,True,False,True
2024-08-05 16:00:00,PRD-A,120.0,1184.0,0.10135135135135136,0.03608906416082859,0.056882997094004746,0.0776769300271809,True,True,True,False,True
2024-08-12 00:00:00,PRD-A,65.0,1152.0,0.05642361111111111,0.0358022377434284,0.056882997094004746,0.07796375644458109,False,False,True,False,True
2024-08-12 08:00:00,PRD-A,78.0,1182.0,0.06598984771573604,0.03607147943638943,0.056882997094004746,0.07769451475162006,False,False,True,False,True
2024-08-12 16:00:00,PRD-A,111.0,1251.0,0.08872901678657075,0.036653558275270864,0.056882997094004746,0.07711243591273863,True,False,True,False,True
2024-08-13 00:00:00,PRD-A,80.0,1200.0,0.06666666666666667,0.03622815557427782,0.056882997094004746,0.07753783861373167,False,False,True,False,True
2024-08-13 08:00:00,PRD-A,77.0,1203.0,0.06400665004156277,0.03625392581702626,0.056882997094004746,0.07751206837098323,False,False,True,False,True
2024-08-13 16:00:00,PRD-A,134.0,1173.0,0.11423699914748509,0.03599179241485022,0.056882997094004746,0.07777420177315927,True,False,True,False,True
2024-08-20 00:00:00,PRD-A,30.0,1276.0,0.023510971786833857,0.03685271097651982,0.056882997094004746,0.07691328321148967,True,False,True,False,True
2024-08-20 08:00:00,PRD-A,41.0,1327.0,0.03089675960813866,0.037241389575074724,0.056882997094004746,0.07652460461293477,True,True,False,False,True
2024-08-20 16:00:00,PRD-A,44.0,1289.0,0.03413498836307215,0.03695397303660142,0.056882997094004746,0.07681202115140807,True,True,False,False,True
2024-08-21 00:00:00,PRD-A,60.0,1339.0,0.04480955937266617,0.03732960083307732,0.056882997094004746,0.07643639335493217,False,True,True,False,True
2024-08-21 08:00:00,PRD-A,44.0,1309.0,0.03361344537815126,0.03710680523135667,0.056882997094004746,0.07665918895665283,True,True,True,False,True
2024-08-21 16:00:00,PRD-A,86.0,1285.0,0.0669260700389105,0.03692297920130044,0.056882997094004746,0.07684301498670905,False,False,True,False,True
2024-08-28 00:00:00,PRD-A,69.0,1218.0,0.05665024630541872,0.03638134563571299,0.056882997094004746,0.0773846485522965,False,False,False,False,False
2024-08-28 08:00:00,PRD-A,66.0,1233.0,0.0535279805352798,0.03650643314542893,0.056882997094004746,0.07725956104258055,False,False,False,False,False
2024-08-28 16:00:00,PRD-A,90.0,1266.0,0.07109004739336493,0.03677375802513534,0.056882997094004746,0.07699223616287415,False,False,False,False,False
2024-08-29 00:00:00,PRD-A,61.0,1278.0,0.04773082942097027,0.036868390263554686,0.056882997094004746,0.0768976039244548,False,False,False,False,False
2024-08-29 08:00:00,PRD-A,65.0,1132.0,0.05742049469964664,0.035616827319082944,0.056882997094004746,0.07814916686892655,False,False,False,False,False
2024-08-29 16:00:00,PRD-A,95.0,1192.0,0.0796979865771812,0.036158959931477885,0.056882997094004746,0.0776070342565316,True,False,False,False,True
2024-09-05 00:00:00,PRD-A,63.0,1236.0,0.050970873786407765,0.03653117700877434,0.056882997094004746,0.07723481717923515,False,False,False,False,False
2024-09-05 08:00:00,PRD-A,72.0,1275.0,0.05647058823529412,0.03684485750195125,0.056882997094004746,0.07692113668605824,False,False,False,False,False
2024-09-05 16:00:00,PRD-A,110.0,1189.0,0.09251471825063078,0.03613283169605941,0.056882997094004746,0.07763316249195008,True,False,False,False,True
2024-09-06 00:00:00,PRD-A,88.0,1201.0,0.07327227310574522,0.03623675638311199,0.056882997094004746,0.07752923780489751,False,True,False,False,True
2024-09-06 08:00:00,PRD-A,63.0,939.0,0.0670926517571885,0.03353338371411212,0.056882997094004746,0.08023261047389738,False,True,False,False,True
2024-09-06 16:00:00,PRD-A,55.0,1271.0,0.043273013375295044,0.036813350973701295,0.056882997094004746,0.0769526432143082,False,False,False,False,False
2024-09-13 00:00:00,PRD-A,78.0,1170.0,0.06666666666666667,0.035965025966103056,0.056882997094004746,0.07780096822190644,False,False,True,False,True
2024-09-13 08:00:00,PRD-A,88.0,1219.0,0.07219031993437244,0.036389756569998585,0.056882997094004746,0.0773762376180109,False,False,True,False,True
2024-09-13 16:00:00,PRD-A,129.0,1184.0,0.1089527027027027,0.03608906416082859,0.056882997094004746,0.0776769300271809,True,True,True,False,True
2024-09-14 00:00:00,PRD-A,82.0,1025.0,0.08,0.03453438500535767,0.056882997094004746,0.07923160918265182,True,True,True,False,True
2024-09-14 08:00:00,PRD-A,37.0,1316.0,0.02811550151975684,0.03715947161477513,0.056882997094004746,0.07660652257323436,True,True,True,False,True
2024-09-14 16:00:00,PRD-A,46.0,1201.0,0.038301415487094086,0.03623675638311199,0.056882997094004746,0.07752923780489751,False,True,False,False,True
2024-09-21 00:00:00,PRD-A,44.0,1283.0,0.034294621979735,0.03690742795788743,0.056882997094004746,0.07685856623012206,True,True,False,False,True
2024-09-21 08:00:00,PRD-A,69.0,1367.0,0.05047549378200439,0.037530891154946094,0.056882997094004746,0.0762351030330634,False,True,False,False,True
2024-09-21 16:00:00,PRD-A,83.0,1333.0,0.0622655663915979,0.03728564409811157,0.056882997094004746,0.07648035008989792,False,False,False,False,False
2024-09-22 00:00:00,PRD-A,66.0,1348.0,0.04896142433234421,0.03739498484166076,0.056882997094004746,0.07637100934634873,False,False,False,False,False
2024-09-22 08:00:00,PRD-A,52.0,1296.0,0.040123456790123455,0.03700786657486574,0.056882997094004746,0.07675812761314375,False,False,False,False,False
2024-09-22 16:00:00,PRD-A,31.0,1250.0,0.0248,0.03664546811745145,0.056882997094004746,0.07712052607055804,True,True,False,False,True
2024-09-29 00:00:00,PRD-A,56.0,881.0,0.06356413166855845,0.03277703130421754,0.056882997094004746,0.08098896288379195,False,True,False,False,True
2024-09-29 08:00:00,PRD-A,54.0,1336.0,0.040419161676646706,0.03730765948008008,0.056882997094004746,0.07645833470792941,False,True,True,False,True
2024-09-29 16:00:00,PRD-A,55.0,1271.0,0.043273013375295044,0.036813350973701295,0.056882997094004746,0.0769526432143082,False,True,True,False,True
2024-09-30 00:00:00,PRD-A,46.0,1276.0,0.03605015673981191,0.03685271097651982,0.056882997094004746,0.07691328321148967,True,True,True,False,True
2024-09-30 08:00:00,PRD-A,94.0,1354.0,0.06942392909896603,0.03743821153944138,0.056882997094004746,0.07632778264856811,False,True,False,False,True
2024-09-30 16:00:00,PRD-A,105.0,1272.0,0.08254716981132075,0.03682124153666415,0.056882997094004746,0.07694475265134534,True,False,False,False,True
2024-10-07 00:00:00,PRD-A,68.0,1271.0,0.05350118017309206,0.036813350973701295,0.056882997094004746,0.0769526432143082,False,False,False,False,False
2024-10-07 08:00:00,PRD-A,88.0,1266.0,0.06951026856240126,0.03677375802513534,0.056882997094004746,0.07699223616287415,False,False,False,False,False
2024-10-07 16:00:00,PRD-A,94.0,1204.0,0.07807308970099668,0.03626249448666985,0.056882997094004746,0.07750349970133964,True,False,True,False,True
2024-10-08 00:00:00,PRD-A,78.0,1300.0,0.06,0.037038467255861546,0.056882997094004746,0.07672752693214795,False,False,False,False,False
2024-10-08 08:00:00,PRD-A,41.0,1257.0,0.03261734287987271,0.036701896310465804,0.056882997094004746,0.07706409787754369,True,False,False,False,True
2024-10-08 16:00:00,PRD-A,66.0,1267.0,0.05209155485398579,0.036781695360778625,0.056882997094004746,0.07698429882723087,False,False,False,False,False
2024-10-15 00:00:00,PRD-A,45.0,1252.0,0.035942492012779555,0.0366616387384727,0.056882997094004746,0.07710435544953678,True,True,False,False,True
2024-10-15 08:00:00,PRD-A,47.0,1307.0,0.035960214231063506,0.03709168003460443,0.056882997094004746,0.07667431415340506,True,True,False,False,True
2024-10-15 16:00:00,PRD-A,65.0,1267.0,0.05130228887134965,0.036781695360778625,0.056882997094004746,0.07698429882723087,False,True,False,False,True
2024-10-16 00:00:00,PRD-A,57.0,1292.0,0.04411764705882353,0.036977123895209005,0.056882997094004746,0.07678887029280049,False,False,False,False,False
2024-10-16 08:00:00,PRD-A,39.0,966.0,0.040372670807453416,0.03386201076772353,0.056882997094004746,0.07990398342028596,False,False,True,False,True
2024-10-16 16:00:00,PRD-A,36.0,1283.0,0.028059236165237724,0.03690742795788743,0.056882997094004746,0.07685856623012206,True,True,True,True,True
2024-10-23 00:00:00,PRD-A,72.0,1210.0,0.05950413223140496,0.036313683235734334,0.056882997094004746,0.07745231095227516,False,True,False,False,True
2024-10-23 08:00:00,PRD-A,81.0,1192.0,0.06795302013422819,0.036158959931477885,0.056882997094004746,0.0776070342565316,False,False,False,False,False
2024-10-23 16:00:00,PRD-A,112.0,1241.0,0.09024979854955681,0.036572217220098985,0.056882997094004746,0.07719377696791051,True,False,False,False,True
2024-10-24 00:00:00,PRD-A,88.0,1217.0,0.07230895645028759,0.036372924336751024,0.056882997094004746,0.07739306985125846,False,True,False,False,True
2024-10-24 08:00:00,PRD-A,82.0,1205.0,0.06804979253112033,0.03627105248770553,0.056882997094004746,0.07749494170030397,False,True,True,False,True
2024-10-24 16:00:00,PRD-A,124.0,1168.0,0.10616438356164383,0.03594712440430905,0.056882997094004746,0.07781886978370045,True,True,True,False,True
2024-10-31 00:00:00,PRD-A,33.0,1277.0,0.025841816758026624,0.036860555224370074,0.056882997094004746,0.07690543896363941,True,False,True,False,True
2024-10-31 08:00:00,PRD-A,38.0,1322.0,0.028744326777609682,0.037204280893741545,0.056882997094004746,0.07656171329426795,True,True,False,False,True
2024-10-31 16:00:00,PRD-A,49.0,1264.0,0.038765822784810125,0.03675785510523677,0.056882997094004746,0.07700813908277272,False,True,False,False,True
2024-11-01 00:00:00,PRD-A,44.0,1302.0,0.03379416282642089,0.03705371468787698,0.056882997094004746,0.07671227950013251,True,True,True,False,True
2024-11-01 08:00:00,PRD-A,42.0,1296.0,0.032407407407407406,0.03700786657486574,0.056882997094004746,0.07675812761314375,True,True,True,False,True
2024-11-01 16:00:00,PRD-A,57.0,1257.0,0.045346062052505964,0.036701896310465804,0.056882997094004746,0.07706409787754369,False,True,True,False,True
2024-11-08 00:00:00,PRD-A,33.0,1239.0,0.026634382566585957,0.03655583094887867,0.056882997094004746,0.07721016323913082,True,True,True,False,True
2024-11-08 08:00:00,PRD-A,56.0,1297.0,0.04317656129529684,0.03701553001471845,0.056882997094004746,0.07675046417329104,False,True,True,True,True
2024-11-08 16:00:00,PRD-A,53.0,1250.0,0.0424,0.03664546811745145,0.056882997094004746,0.07712052607055804,False,True,True,True,True
2024-11-09 00:00:00,PRD-A,40.0,1292.0,0.030959752321981424,0.036977123895209005,0.056882997094004746,0.07678887029280049,True,True,True,True,True
2024-11-09 08:00:00,PRD-A,51.0,1187.0,0.04296545914069082,0.03611535786946985,0.056882997094004746,0.07765063631853963,False,True,True,True,True
2024-11-09 16:00:00,PRD-A,71.0,1238.0,0.05735056542810985,0.03654762292668058,0.056882997094004746,0.07721837126132891,False,True,True,False,True
2024-11-16 00:00:00,PRD-A,66.0,1175.0,0.05617021276595745,0.036009579735809705,0.056882997094004746,0.07775641445219979,False,False,False,False,False
2024-11-16 08:00:00,PRD-A,87.0,1261.0,0.0689928628072958,0.036733929823966366,0.056882997094004746,0.07703206436404313,False,False,False,False,False
2024-11-16 16:00:00,PRD-A,102.0,1168.0,0.08732876712328767,0.03594712440430905,0.056882997094004746,0.07781886978370045,True,False,False,False,True
2024-11-17 00:00:00,PRD-A,64.0,1246.0,0.051364365971107544,0.03661301015116347,0.056882997094004746,0.07715298403684602,False,False,False,False,False
2024-11-17 08:00:00,PRD-A,75.0,1264.0,0.05933544303797468,0.03675785510523677,0.056882997094004746,0.07700813908277272,False,False,False,False,False
2024-11-17 16:00:00,PRD-A,99.0,1205.0,0.08215767634854772,0.03627105248770553,0.056882997094004746,0.07749494170030397,True,False,False,False,True
2024-11-24 00:00:00,PRD-A,50.0,1283.0,0.03897116134060795,0.03690742795788743,0.056882997094004746,0.07685856623012206,False,False,False,False,False
2024-11-24 08:00:00,PRD-A,49.0,1324.0,0.03700906344410876,0.03721914958963117,0.056882997094004746,0.07654684459837832,True,True,False,False,True
2024-11-24 16:00:00,PRD-A,45.0,1191.0,0.037783375314861464,0.03615026148947366,0.056882997094004746,0.07761573269853583,False,True,False,False,True
2024-11-25 00:00:00,PRD-A,67.0,1346.0,0.04977711738484398,0.03738051175221514,0.056882997094004746,0.07638548243579435,False,True,True,False,True
2024-11-25 08:00:00,PRD-A,40.0,1253.0,0.03192338387869114,0.03666970952640365,0.056882997094004746,0.07709628466160584,True,True,True,False,True
2024-11-25 16:00:00,PRD-A,57.0,1282.0,0.044461778471138844,0.03689963869296432,0.056882997094004746,0.07686635549504517,False,False,True,False,True
2024-12-02 00:00:00,PRD-A,30.0,1268.0,0.02365930599369085,0.03678962330497704,0.056882997094004746,0.07697637088303246,True,True,True,False,True
2024-12-02 08:00:00,PRD-A,33.0,1260.0,0.02619047619047619,0.03672593574816284,0.056882997094004746,0.07704005843984665,True,True,True,True,True
2024-12-02 16:00:00,PRD-A,66.0,1222.0,0.054009819967266774,0.03641492739692727,0.056882997094004746,0.07735106679108222,False,True,True,True,True
2024-12-03 00:00:00,PRD-A,59.0,1258.0,0.04689984101748808,0.036709919010358874,0.056882997094004746,0.07705607517765062,False,False,True,True,True
2024-12-03 08:00:00,PRD-A,52.0,1268.0,0.04100946372239748,0.03678962330497704,0.056882997094004746,0.07697637088303246,False,False,True,True,True
2024-12-03 16:00:00,PRD-A,59.0,1228.0,0.04804560260586319,0.036464992053304654,0.056882997094004746,0.07730100213470484,False,False,True,True,True
2024-12-10 00:00:00,PRD-A,90.0,1257.0,0.07159904534606205,0.036701896310465804,0.056882997094004746,0.07706409787754369,False,False,False,False,False
2024-12-10 08:00:00,PRD-A,86.0,1288.0,0.06677018633540373,0.036946238115271014,0.056882997094004746,0.07681975607273847,False,False,False,False,False
2024-12-10 16:00:00,PRD-A,114.0,1235.0,0.09230769230769231,0.03652293907276191,0.056882997094004746,0.07724305511524758,True,True,False,False,True
2024-12-11 00:00:00,PRD-A,95.0,1271.0,0.07474429583005507,0.036813350973701295,0.056882997094004746,0.0769526432143082,False,True,True,False,True
2024-12-11 08:00:00,PRD-A,81.0,1247.0,0.06495589414595028,0.03662113928200689,0.056882997094004746,0.0771448549060026,False,True,True,False,True
2024-12-11 16:00:00,PRD-A,133.0,1211.0,0.10982658959537572,0.03632217768741115,0.056882997094004746,0.07744381650059834,True,True,True,False,True
2024-12-18 00:00:00,PRD-A,48.0,1274.0,0.03767660910518053,0.03683699478256212,0.056882997094004746,0.07692899940544737,False,False,True,False,True
2024-12-18 08:00:00,PRD-A,51.0,1253.0,0.040702314445331206,0.03666970952640365,0.056882997094004746,0.07709628466160584,False,True,False,False,True
2024-12-18 16:00:00,PRD-A,82.0,1232.0,0.06655844155844155,0.03649816511346013,0.056882997094004746,0.07726782907454936,False,True,False,False,True
2024-12-19 00:00:00,PRD-A,61.0,1256.0,0.04856687898089172,0.03669386403122894,0.056882997094004746,0.07707213015678055,False,False,False,False,False
2024-12-19 08:00:00,PRD-A,58.0,1283.0,0.04520654715510522,0.03690742795788743,0.056882997094004746,0.07685856623012206,False,False,True,False,True
2024-12-19 16:00:00,PRD-A,84.0,1195.0,0.07029288702928871,0.03618498971419651,0.056882997094004746,0.07758100447381298,False,False,False,False,False
2024-12-26 00:00:00,PRD-A,75.0,1222.0,0.06137479541734861,0.03641492739692727,0.056882997094004746,0.07735106679108222,False,False,False,False,False
2024-12-26 08:00:00,PRD-A,60.0,1223.0,0.04905968928863451,0.03642329708433388,0.056882997094004746,0.07734269710367561,False,False,False,False,False
2024-12-26 16:00:00,PRD-A,74.0,1202.0,0.06156405990016639,0.03624534645659007,0.056882997094004746,0.07752064773141942,False,False,False,False,False
2024-12-27 00:00:00,PRD-A,64.0,1245.0,0.05140562248995984,0.03660487122815216,0.056882997094004746,0.07716112295985733,False,False,False,False,False
2024-12-27 08:00:00,PRD-A,82.0,1243.0,0.06596942880128721,0.036588563926871064,0.056882997094004746,0.07717743026113844,False,False,False,False,False
2024-12-27 16:00:00,PRD-A,106.0,1219.0,0.08695652173913043,0.036389756569998585,0.056882997094004746,0.0773762376180109,True,False,False,False,True
2025-01-03 00:00:00,PRD-A,75.0,1221.0,0.06142506142506143,0.036406547429453526,0.056882997094004746,0.07735944675855597,False,False,False,False,False
2025-01-03 08:00:00,PRD-A,68.0,1183.0,0.057480980557903634,0.03608027737280356,0.056882997094004746,0.07768571681520593,False,False,False,False,False
2025-01-03 16:00:00,PRD-A,95.0,1211.0,0.07844756399669695,0.03632217768741115,0.056882997094004746,0.07744381650059834,True,False,False,False,True
2025-01-04 00:00:00,PRD-A,70.0,1215.0,0.05761316872427984,0.03635605055951831,0.056882997094004746,0.07740994362849118,False,False,False,False,False
2025-01-04 08:00:00,PRD-A,96.0,1249.0,0.07686148919135308,0.0366373682456136,0.056882997094004746,0.07712862594239589,False,True,False,False,True
2025-01-04 16:00:00,PRD-A,112.0,1168.0,0.0958904109589041,0.03594712440430905,0.056882997094004746,0.07781886978370045,True,True,False,True,True
2025-01-11 00:00:00,PRD-A,78.0,1161.0,0.06718346253229975,0.03588410507930554,0.056882997094004746,0.07788188910870394,False,True,True,True,True
2025-01-11 08:00:00,PRD-A,87.0,1235.0,0.07044534412955465,0.03652293907276191,0.056882997094004746,0.07724305511524758,False,False,True,True,True
2025-01-11 16:00:00,PRD-A,104.0,1203.0,0.08645054031587697,0.03625392581702626,0.056882997094004746,0.07751206837098323,True,False,True,True,True
2025-01-12 00:00:00,PRD-A,81.0,1213.0,0.06677658697444352,0.03633913506712613,0.056882997094004746,0.07742685912088336,False,False,True,True,True
2025-01-12 08:00:00,PRD-A,85.0,1233.0,0.0689375506893755,0.03650643314542893,0.056882997094004746,0.07725956104258055,False,False,True,True,True
2025-01-12 16:00:00,PRD-A,86.0,847.0,0.10153482880755609,0.03229796469622152,0.056882997094004746,0.08146802949178797,True,False,True,True,True
2025-01-19 00:00:00,PRD-A,58.0,1252.0,0.0463258785942492,0.0366616387384727,0.056882997094004746,0.07710435544953678,False,False,True,False,True
2025-01-19 08:00:00,PRD-A,55.0,1246.0,0.044141252006420544,0.03661301015116347,0.056882997094004746,0.07715298403684602,False,False,False,False,False
2025-01-19 16:00:00,PRD-A,77.0,1194.0,0.06448911222780569,0.036176324020963664,0.056882997094004746,0.07758967016704582,False,False,False,False,False
2025-01-20 00:00:00,PRD-A,53.0,1307.0,0.04055087987758225,0.03709168003460443,0.056882997094004746,0.07667431415340506,False,False,False,False,False
2025-01-20 08:00:00,PRD-A,51.0,1275.0,0.04,0.03684485750195125,0.056882997094004746,0.07692113668605824,False,True,True,False,True
2025-01-20 16:00:00,PRD-A,68.0,1218.0,0.05582922824302135,0.03638134563571299,0.056882997094004746,0.0773846485522965,False,True,False,False,True
2025-01-27 00:00:00,PRD-A,36.0,1216.0,0.029605263157894735,0.03636449265180811,0.056882997094004746,0.07740150153620137,True,True,False,False,True
2025-01-27 08:00:00,PRD-A,50.0,1314.0,0.0380517503805175,0.03714446702874865,0.056882997094004746,0.07662152715926085,False,True,True,False,True
2025-01-27 16:00:00,PRD-A,65.0,1242.0,0.05233494363929147,0.036580395509085234,0.056882997094004746,0.07718559867892426,False,True,False,False,True
2025-01-28 00:00:00,PRD-A,66.0,1264.0,0.05221518987341772,0.03675785510523677,0.056882997094004746,0.07700813908277272,False,False,False,False,False
2025-01-28 08:00:00,PRD-A,62.0,1295.0,0.047876447876447875,0.037000194260154516,0.056882997094004746,0.07676579992785498,False,False,False,True,True
2025-01-28 16:00:00,PRD-A,70.0,1227.0,0.05704971475142624,0.03645667345241331,0.056882997094004746,0.07730932073559618,False,False,False,False,False
2025-02-04 00:00:00,PRD-A,40.0,1214.0,0.032948929159802305,0.036347598038454096,0.056882997094004746,0.0774183961495554,True,False,False,False,True
2025-02-04 08:00:00,PRD-A,49.0,1277.0,0.03837118245888802,0.036860555224370074,0.056882997094004746,0.07690543896363941,False,True,False,False,True
2025-02-04 16:00:00,PRD-A,52.0,1226.0,0.04241435562805873,0.03644834467586268,0.056882997094004746,0.07731764951214681,False,True,True,False,True
2025-02-05 00:00:00,PRD-A,43.0,1241.0,0.0346494762288477,0.036572217220098985,0.056882997094004746,0.07719377696791051,True,True,True,False,True
2025-02-05 08:00:00,PRD-A,57.0,1215.0,0.04691358024691358,0.03635605055951831,0.056882997094004746,0.07740994362849118,False,True,True,False,True
2025-02-05 16:00:00,PRD-A,67.0,1258.0,0.05325914149443561,0.036709919010358874,0.056882997094004746,0.07705607517765062,False,False,True,False,True
2025-02-12 00:00:00,PRD-A,104.0,1174.0,0.08858603066439523,0.03600069175697039,0.056882997094004746,0.0777653024310391,True,False,False,False,True
2025-02-12 08:00:00,PRD-A,119.0,1186.0,0.10033726812816189,0.03610660438574098,0.056882997094004746,0.07765938980226851,True,True,False,False,True
2025-02-12 16:00:00,PRD-A,168.0,1104.0,0.15217391304347827,0.03534883620936674,0.056882997094004746,0.07841715797864275,True,True,False,False,True
2025-02-13 00:00:00,PRD-A,116.0,952.0,0.12184873949579832,0.03369335659854065,0.056882997094004746,0.08007263758946884,True,True,True,False,True
2025-02-13 08:00:00,PRD-A,45.0,1295.0,0.03474903474903475,0.037000194260154516,0.056882997094004746,0.07676579992785498,True,True,True,False,True
2025-02-13 16:00:00,PRD-A,59.0,1247.0,0.04731355252606255,0.03662113928200689,0.056882997094004746,0.0771448549060026,False,False,False,False,False
2025-02-20 00:00:00,PRD-A,97.0,1180.0,0.08220338983050847,0.036053850023945976,0.056882997094004746,0.07771214416406352,True,False,False,False,True
2025-02-20 08:00:00,PRD-A,123.0,1267.0,0.09707971586424625,0.036781695360778625,0.056882997094004746,0.07698429882723087,True,True,False,False,True
2025-02-20 16:00:00,PRD-A,148.0,1219.0,0.1214109926168991,0.036389756569998585,0.056882997094004746,0.0773762376180109,True,True,False,False,True
2025-02-21 00:00:00,PRD-A,104.0,1236.0,0.08414239482200647,0.03653117700877434,0.056882997094004746,0.07723481717923515,True,True,True,False,True
2025-02-21 08:00:00,PRD-A,120.0,1259.0,0.09531374106433678,0.03671793214993367,0.056882997094004746,0.07704806203807582,True,True,True,False,True
2025-02-21 16:00:00,PRD-A,161.0,1189.0,0.13540790580319595,0.03613283169605941,0.056882997094004746,0.07763316249195008,True,True,True,False,True
2025-02-28 00:00:00,PRD-A,49.0,1270.0,0.03858267716535433,0.03680545109300948,0.056882997094004746,0.07696054309500001,False,True,True,False,True
2025-02-28 08:00:00,PRD-A,54.0,1261.0,0.04282315622521808,0.036733929823966366,0.056882997094004746,0.07703206436404313,False,True,False,False,True
2025-02-28 16:00:00,PRD-A,85.0,1258.0,0.06756756756756757,0.036709919010358874,0.056882997094004746,0.07705607517765062,False,True,False,False,True
2025-03-01 00:00:00,PRD-A,51.0,1226.0,0.041598694942903754,0.03644834467586268,0.056882997094004746,0.07731764951214681,False,True,False,False,True
2025-03-01 08:00:00,PRD-A,73.0,1268.0,0.057570977917981075,0.03678962330497704,0.056882997094004746,0.07697637088303246,False,False,False,False,False
2025-03-01 16:00:00,PRD-A,81.0,1222.0,0.0662847790507365,0.03641492739692727,0.056882997094004746,0.07735106679108222,False,False,False,False,False
2025-03-08 00:00:00,PRD-A,70.0,1200.0,0.058333333333333334,0.03622815557427782,0.056882997094004746,0.07753783861373167,False,False,False,False,False
2025-03-08 08:00:00,PRD-A,46.0,989.0,0.046511627906976744,0.03413127133259515,0.056882997094004746,0.07963472285541434,False,False,False,False,False
2025-03-08 16:00:00,PRD-A,53.0,1269.0,0.04176516942474389,0.03679754187623589,0.056882997094004746,0.0769684523117736,False,False,False,False,False
2025-03-09 00:00:00,PRD-A,43.0,1317.0,0.032649962034927864,0.03716696108741244,0.056882997094004746,0.07659903310059706,True,True,False,False,True
2025-03-09 08:00:00,PRD-A,27.0,1270.0,0.02125984251968504,0.03680545109300948,0.056882997094004746,0.07696054309500001,True,True,True,False,True
2025-03-09 16:00:00,PRD-A,63.0,1209.0,0.052109181141439205,0.03630517824721366,0.056882997094004746,0.07746081594079583,False,True,True,False,True
2025-03-16 00:00:00,PRD-A,31.0,1244.0,0.02491961414790997,0.0365967224932981,0.056882997094004746,0.07716927169471138,True,True,True,False,True
2025-03-16 08:00:00,PRD-A,31.0,1314.0,0.02359208523592085,0.03714446702874865,0.056882997094004746,0.07662152715926085,True,True,True,False,True
2025-03-16 16:00:00,PRD-A,58.0,1273.0,0.04556166535742341,0.0368291228002004,0.056882997094004746,0.0769368713878091,False,True,True,True,True
2025-03-17 00:00:00,PRD-A,37.0,1231.0,0.030056864337936636,0.03648988700876133,0.056882997094004746,0.07727610717924815,True,True,True,True,True
2025-03-17 08:00:00,PRD-A,46.0,1284.0,0.03582554517133956,0.03691520812142933,0.056882997094004746,0.07685078606658016,True,True,True,True,True
2025-03-17 16:00:00,PRD-A,57.0,1230.0,0.046341463414634146,0.036481598810863665,0.056882997094004746,0.07728439537714582,False,True,True,True,True
2025-03-24 00:00:00,PRD-A,46.0,1250.0,0.0368,0.03664546811745145,0.056882997094004746,0.07712052607055804,False,True,True,True,True
2025-03-24 08:00:00,PRD-A,41.0,1222.0,0.03355155482815057,0.03641492739692727,0.056882997094004746,0.07735106679108222,True,True,True,True,True
2025-03-24 16:00:00,PRD-A,74.0,1244.0,0.0594855305466238,0.0365967224932981,0.056882997094004746,0.07716927169471138,False,True,True,False,True
2025-03-25 00:00:00,PRD-A,55.0,1205.0,0.04564315352697095,0.03627105248770553,0.056882997094004746,0.07749494170030397,False,False,True,False,True
2025-03-25 08:00:00,PRD-A,70.0,1284.0,0.05451713395638629,0.03691520812142933,0.056882997094004746,0.07685078606658016,False,False,False,False,False
2025-03-25 16:00:00,PRD-A,85.0,1201.0,0.07077435470441298,0.03623675638311199,0.056882997094004746,0.07752923780489751,False,False,False,False,False
2025-04-01 00:00:00,PRD-A,59.0,1217.0,0.04847986852917009,0.036372924336751024,0.056882997094004746,0.07739306985125846,False,False,False,False,False
2025-04-01 08:00:00,PRD-A,58.0,1272.0,0.04559748427672956,0.03682124153666415,0.056882997094004746,0.07694475265134534,False,False,False,False,False
2025-04-01 16:00:00,PRD-A,85.0,1197.0,0.07101086048454469,0.03620228851151851,0.056882997094004746,0.07756370567649098,False,False,False,False,False
2025-04-02 00:00:00,PRD-A,63.0,1248.0,0.05048076923076923,0.03662925864030204,0.056882997094004746,0.07713673554770745,False,False,False,False,False
2025-04-02 08:00:00,PRD-A,72.0,1227.0,0.05867970660146699,0.03645667345241331,0.056882997094004746,0.07730932073559618,False,False,False,False,False
2025-04-02 16:00:00,PRD-A,95.0,1171.0,0.08112724167378309,0.03597395954375923,0.056882997094004746,0.07779203464425026,True,False,False,False,True
2025-04-09 00:00:00,PRD-A,58.0,1223.0,0.047424366312346686,0.03642329708433388,0.056882997094004746,0.07734269710367561,False,False,False,False,False
2025-04-09 08:00:00,PRD-A,75.0,1260.0,0.05952380952380952,0.03672593574816284,0.056882997094004746,0.07704005843984665,False,False,False,False,False
2025-04-09 16:00:00,PRD-A,76.0,1255.0,0.06055776892430279,0.03668582215356973,0.056882997094004746,0.07708017203443976,False,False,False,False,False
2025-04-10 00:00:00,PRD-A,77.0,1179.0,0.06530958439355386,0.03604501850051753,0.056882997094004746,0.07772097568749196,False,False,False,False,False
2025-04-10 08:00:00,PRD-A,56.0,1225.0,0.045714285714285714,0.03644000570289034,0.056882997094004746,0.07732598848511915,False,False,False,False,False
2025-04-10 16:00:00,PRD-A,94.0,1186.0,0.07925801011804384,0.03610660438574098,0.056882997094004746,0.07765938980226851,True,False,False,False,True
2025-04-17 00:00:00,PRD-A,35.0,1269.0,0.027580772261623327,0.03679754187623589,0.056882997094004746,0.0769684523117736,True,False,False,False,True
2025-04-17 08:00:00,PRD-A,33.0,1316.0,0.02507598784194529,0.03715947161477513,0.056882997094004746,0.07660652257323436,True,True,False,False,True
2025-04-17 16:00:00,PRD-A,66.0,1238.0,0.05331179321486268,0.03654762292668058,0.056882997094004746,0.07721837126132891,False,True,False,False,True
2025-04-18 00:00:00,PRD-A,46.0,1321.0,0.0348221044663134,0.037196833886398245,0.056882997094004746,0.07656916030161125,True,True,False,False,True
2025-04-18 08:00:00,PRD-A,37.0,1286.0,0.028771384136858476,0.03693074121516296,0.056882997094004746,0.07683525297284653,True,True,True,False,True
2025-04-18 16:00:00,PRD-A,68.0,1252.0,0.054313099041533544,0.0366616387384727,0.056882997094004746,0.07710435544953678,False,True,False,False,True
2025-04-25 00:00:00,PRD-A,41.0,1281.0,0.03200624512099922,0.03689184030890122,0.056882997094004746,0.07687415387910827,True,True,False,False,True
2025-04-25 08:00:00,PRD-A,69.0,1331.0,0.051840721262208865,0.037270925843692994,0.056882997094004746,0.07649506834431649,False,False,False,True,True
2025-04-25 16:00:00,PRD-A,48.0,1292.0,0.03715170278637771,0.036977123895209005,0.056882997094004746,0.07678887029280049,False,True,False,True,True
2025-04-26 00:00:00,PRD-A,54.0,1301.0,0.0415065334358186,0.03704609536678652,0.056882997094004746,0.07671989882122297,False,True,False,True,True
2025-04-26 08:00:00,PRD-A,40.0,1306.0,0.030627871362940276,0.03708410441057221,0.056882997094004746,0.07668188977743728,True,True,True,True,True
2025-04-26 16:00:00,PRD-A,63.0,1225.0,0.05142857142857143,0.03644000570289034,0.056882997094004746,0.07732598848511915,False,True,False,True,True
2025-05-03 00:00:00,PRD-A,75.0,1240.0,0.06048387096774194,0.03656402904001473,0.056882997094004746,0.07720196514799477,False,False,False,False,False
2025-05-03 08:00:00,PRD-A,91.0,1288.0,0.07065217391304347,0.036946238115271014,0.056882997094004746,0.07681975607273847,False,False,False,False,False
2025-05-03 16:00:00,PRD-A,115.0,1215.0,0.09465020576131687,0.03635605055951831,0.056882997094004746,0.07740994362849118,True,True,False,False,True
2025-05-04 00:00:00,PRD-A,169.0,1322.0,0.12783661119515885,0.037204280893741545,0.056882997094004746,0.07656171329426795,True,True,False,False,True
2025-05-04 08:00:00,PRD-A,114.0,1276.0,0.08934169278996865,0.03685271097651982,0.056882997094004746,0.07691328321148967,True,True,True,False,True
2025-05-04 16:00:00,PRD-A,140.0,1269.0,0.11032308904649331,0.03679754187623589,0.056882997094004746,0.0769684523117736,True,True,True,False,True
2025-05-11 00:00:00,PRD-A,66.0,1234.0,0.05348460291734198,0.03651469112507855,0.056882997094004746,0.07725130306293095,False,True,True,False,True
2025-05-11 08:00:00,PRD-A,68.0,1270.0,0.05354330708661417,0.03680545109300948,0.056882997094004746,0.07696054309500001,False,False,False,False,False
2025-05-11 16:00:00,PRD-A,92.0,1246.0,0.0738362760834671,0.03661301015116347,0.056882997094004746,0.07715298403684602,False,False,False,False,False
2025-05-12 00:00:00,PRD-A,54.0,1022.0,0.05283757338551859,0.03450160775173082,0.056882997094004746,0.07926438643627867,False,False,False,False,False
2025-05-12 08:00:00,PRD-A,45.0,1355.0,0.033210332103321034,0.03744538806138892,0.056882997094004746,0.07632060612662057,True,False,False,False,True
2025-05-12 16:00:00,PRD-A,42.0,1256.0,0.03343949044585987,0.03669386403122894,0.056882997094004746,0.07707213015678055,True,True,False,False,True
2025-05-19 00:00:00,PRD-A,81.0,1172.0,0.06911262798634812,0.03598288168521528,0.056882997094004746,0.07778311250279421,False,True,False,False,True
2025-05-19 08:00:00,PRD-A,71.0,1241.0,0.057211925866236905,0.036572217220098985,0.056882997094004746,0.07719377696791051,False,False,False,False,False
2025-05-19 16:00:00,PRD-A,123.0,1188.0,0.10353535353535354,0.036124100298493125,0.056882997094004746,0.07764189388951637,True,False,False,False,True
2025-05-20 00:00:00,PRD-A,67.0,1023.0,0.06549364613880743,0.03451254952180166,0.056882997094004746,0.07925344466620783,False,False,False,False,False
2025-05-20 08:00:00,PRD-A,29.0,1301.0,0.022290545734050732,0.03704609536678652,0.056882997094004746,0.07671989882122297,True,False,False,False,True
2025-05-20 16:00:00,PRD-A,59.0,1259.0,0.04686258935663225,0.03671793214993367,0.056882997094004746,0.07704806203807582,False,False,False,False,False
2025-05-27 00:00:00,PRD-A,74.0,1129.0,0.06554472984942426,0.03558859163091163,0.056882997094004746,0.07817740255709786,False,False,False,False,False
2025-05-27 08:00:00,PRD-A,77.0,1216.0,0.06332236842105263,0.03636449265180811,0.056882997094004746,0.07740150153620137,False,False,False,False,False
2025-05-27 16:00:00,PRD-A,97.0,842.0,0.11520190023752969,0.032225076803126404,0.056882997094004746,0.08154091738488309,True,False,False,False,True
2025-05-28 00:00:00,PRD-A,47.0,1300.0,0.036153846153846154,0.037038467255861546,0.056882997094004746,0.07672752693214795,True,False,False,False,True
2025-05-28 08:00:00,PRD-A,46.0,1313.0,0.035034272658035034,0.03713695188282044,0.056882997094004746,0.07662904230518905,True,True,False,False,True
2025-05-28 16:00:00,PRD-A,58.0,1256.0,0.04617834394904458,0.03669386403122894,0.056882997094004746,0.07707213015678055,False,True,False,False,True
2025-06-04 00:00:00,PRD-A,48.0,1246.0,0.038523274478330656,0.03661301015116347,0.056882997094004746,0.07715298403684602,False,True,True,False,True
2025-06-04 08:00:00,PRD-A,82.0,1342.0,0.06110283159463487,0.0373514685710587,0.056882997094004746,0.07641452561695079,False,False,True,False,True
2025-06-04 16:00:00,PRD-A,56.0,1190.0,0.047058823529411764,0.036141552085348895,0.056882997094004746,0.07762444210266059,False,False,True,False,True
2025-06-05 00:00:00,PRD-A,52.0,1273.0,0.0408483896307934,0.0368291228002004,0.056882997094004746,0.0769368713878091,False,False,True,False,True
2025-06-05 08:00:00,PRD-A,57.0,1289.0,0.04422032583397983,0.03695397303660142,0.056882997094004746,0.07681202115140807,False,False,True,False,True
2025-06-05 16:00:00,PRD-A,73.0,1239.0,0.058918482647296204,0.03655583094887867,0.056882997094004746,0.07721016323913082,False,False,False,False,False
2025-06-12 00:00:00,PRD-A,35.0,1259.0,0.02779984114376489,0.03671793214993367,0.056882997094004746,0.07704806203807582,True,False,True,False,True
2025-06-12 08:00:00,PRD-A,53.0,1279.0,0.04143862392494136,0.03687621611207691,0.056882997094004746,0.07688977807593259,False,True,True,False,True
2025-06-12 16:00:00,PRD-A,53.0,1284.0,0.04127725856697819,0.03691520812142933,0.056882997094004746,0.07685078606658016,False,True,True,False,True
2025-06-13 00:00:00,PRD-A,49.0,1259.0,0.03891977760127085,0.03671793214993367,0.056882997094004746,0.07704806203807582,False,True,True,False,True
2025-06-13 08:00:00,PRD-A,45.0,1218.0,0.03694581280788178,0.03638134563571299,0.056882997094004746,0.0773846485522965,False,True,True,False,True
2025-06-13 16:00:00,PRD-A,84.0,1214.0,0.06919275123558484,0.036347598038454096,0.056882997094004746,0.0774183961495554,False,True,True,False,True
2025-06-20 00:00:00,PRD-A,51.0,1214.0,0.042009884678747944,0.036347598038454096,0.056882997094004746,0.0774183961495554,False,True,True,False,True
2025-06-20 08:00:00,PRD-A,32.0,1323.0,0.02418745275888133,0.03721171945616957,0.056882997094004746,0.07655427473183993,True,True,True,False,True
2025-06-20 16:00:00,PRD-A,79.0,1274.0,0.06200941915227629,0.03683699478256212,0.056882997094004746,0.07692899940544737,False,True,False,False,True
2025-06-21 00:00:00,PRD-A,47.0,1211.0,0.038810900082576386,0.03632217768741115,0.056882997094004746,0.07744381650059834,False,True,False,False,True
2025-06-21 08:00:00,PRD-A,60.0,1269.0,0.04728132387706856,0.03679754187623589,0.056882997094004746,0.0769684523117736,False,False,True,False,True
2025-06-21 16:00:00,PRD-A,74.0,1225.0,0.060408163265306125,0.03644000570289034,0.056882997094004746,0.07732598848511915,False,False,False,False,False
2025-06-28 00:00:00,PRD-A,69.0,1217.0,0.056696795398520954,0.036372924336751024,0.056882997094004746,0.07739306985125846,False,False,False,False,False
2025-06-28 08:00:00,PRD-A,77.0,1225.0,0.06285714285714286,0.03644000570289034,0.056882997094004746,0.07732598848511915,False,False,False,False,False
2025-06-28 16:00:00,PRD-A,90.0,1201.0,0.0749375520399667,0.03623675638311199,0.056882997094004746,0.07752923780489751,False,False,False,False,False
2025-06-29 00:00:00,PRD-A,88.0,1268.0,0.0694006309148265,0.03678962330497704,0.056882997094004746,0.07697637088303246,False,False,False,False,False
2025-06-29 08:00:00,PRD-A,72.0,1283.0,0.05611847233047545,0.03690742795788743,0.056882997094004746,0.07685856623012206,False,False,False,False,False
2025-06-29 16:00:00,PRD-A,113.0,1191.0,0.0948782535684299,0.03615026148947366,0.056882997094004746,0.07761573269853583,True,False,False,False,True
2024-01-07 00:00:00,PRD-A,76.0,1264.0,0.060126582278481014,0.03675785510523677,0.056882997094004746,0.07700813908277272,False,False,False,False,False
2024-01-07 08:00:00,PRD-A,87.0,1250.0,0.0696,0.03664546811745145,0.056882997094004746,0.07712052607055804,False,False,False,False,False
2024-01-07 16:00:00,PRD-A,100.0,1159.0,0.08628127696289906,0.03586599477665976,0.056882997094004746,0.07789999941134973,True,False,False,False,True
2024-01-08 00:00:00,PRD-A,76.0,1250.0,0.0608,0.03664546811745145,0.056882997094004746,0.07712052607055804,False,False,False,False,False
2024-01-08 08:00:00,PRD-A,84.0,1228.0,0.06840390879478828,0.036464992053304654,0.056882997094004746,0.07730100213470484,False,False,False,False,False
2024-01-08 16:00:00,PRD-A,130.0,1170.0,0.1111111111111111,0.035965025966103056,0.056882997094004746,0.07780096822190644,True,False,True,False,True
2024-01-15 00:00:00,PRD-A,68.0,1215.0,0.05596707818930041,0.03635605055951831,0.056882997094004746,0.07740994362849118,False,False,False,False,False
2024-01-15 08:00:00,PRD-A,99.0,1261.0,0.07850911974623315,0.036733929823966366,0.056882997094004746,0.07703206436404313,True,True,False,False,True
2024-01-15 16:00:00,PRD-A,139.0,1186.0,0.11720067453625632,0.03610660438574098,0.056882997094004746,0.07765938980226851,True,True,True,False,True
2024-01-16 00:00:00,PRD-A,99.0,1264.0,0.07832278481012658,0.03675785510523677,0.056882997094004746,0.07700813908277272,True,True,True,False,True
2024-01-16 08:00:00,PRD-A,90.0,1217.0,0.07395234182415776,0.036372924336751024,0.056882997094004746,0.07739306985125846,False,True,True,False,True
2024-01-16 16:00:00,PRD-A,124.0,1174.0,0.10562180579216354,0.03600069175697039,0.056882997094004746,0.0777653024310391,True,True,True,False,True
2024-01-23 00:00:00,PRD-A,35.0,1221.0,0.028665028665028666,0.036406547429453526,0.056882997094004746,0.07735944675855597,True,True,True,False,True
2024-01-23 08:00:00,PRD-A,41.0,1311.0,0.031273836765827616,0.037121895803460855,0.056882997094004746,0.07664409838454864,True,True,False,False,True
2024-01-23 16:00:00,PRD-A,53.0,1223.0,0.04333605887162715,0.03642329708433388,0.056882997094004746,0.07734269710367561,False,True,False,False,True
2024-01-24 00:00:00,PRD-A,49.0,1296.0,0.03780864197530864,0.03700786657486574,0.056882997094004746,0.07675812761314375,False,True,True,False,True
2024-01-24 08:00:00,PRD-A,61.0,1240.0,0.049193548387096775,0.03656402904001473,0.056882997094004746,0.07720196514799477,False,False,True,False,True
2024-01-24 16:00:00,PRD-A,71.0,1232.0,0.05762987012987013,0.03649816511346013,0.056882997094004746,0.07726782907454936,False,False,True,False,True
2024-01-31 00:00:00,PRD-A,73.0,688.0,0.10610465116279069,0.029604636189921194,0.056882997094004746,0.0841613579980883,True,False,False,False,True
2024-01-31 08:00:00,PRD-A,48.0,1307.0,0.036725325172149964,0.03709168003460443,0.056882997094004746,0.07667431415340506,True,False,False,False,True
2024-01-31 16:00:00,PRD-A,72.0,1274.0,0.0565149136577708,0.03683699478256212,0.056882997094004746,0.07692899940544737,False,False,False,False,False
2024-02-01 00:00:00,PRD-A,52.0,1308.0,0.039755351681957186,0.037099246969333095,0.056882997094004746,0.07666674721867639,False,True,False,False,True
2024-02-01 08:00:00,PRD-A,50.0,1279.0,0.039093041438623924,0.03687621611207691,0.056882997094004746,0.07688977807593259,False,True,False,False,True
2024-02-01 16:00:00,PRD-A,77.0,1237.0,0.06224737267582862,0.03653940495335368,0.056882997094004746,0.0772265892346558,False,True,False,False,True
2024-02-08 00:00:00,PRD-A,74.0,1233.0,0.06001622060016221,0.03650643314542893,0.056882997094004746,0.07725956104258055,False,False,False,False,False
2024-02-08 08:00:00,PRD-A,82.0,1232.0,0.06655844155844155,0.03649816511346013,0.056882997094004746,0.07726782907454936,False,False,False,False,False
2024-02-08 16:00:00,PRD-A,95.0,1221.0,0.07780507780507781,0.036406547429453526,0.056882997094004746,0.07735944675855597,True,False,False,False,True
2024-02-09 00:00:00,PRD-A,91.0,1211.0,0.07514450867052024,0.03632217768741115,0.056882997094004746,0.07744381650059834,False,True,False,False,True
2024-02-09 08:00:00,PRD-A,105.0,1276.0,0.0822884012539185,0.03685271097651982,0.056882997094004746,0.07691328321148967,True,True,True,False,True
2024-02-09 16:00:00,PRD-A,116.0,1233.0,0.09407948094079481,0.03650643314542893,0.056882997094004746,0.07725956104258055,True,True,True,False,True
2024-02-16 00:00:00,PRD-A,75.0,1152.0,0.06510416666666667,0.0358022377434284,0.056882997094004746,0.07796375644458109,False,True,True,True,True
2024-02-16 08:00:00,PRD-A,86.0,1279.0,0.06724003127443315,0.03687621611207691,0.056882997094004746,0.07688977807593259,False,False,True,True,True
2024-02-16 16:00:00,PRD-A,117.0,1149.0,0.10182767624020887,0.03577473511027128,0.056882997094004746,0.07799125907773821,True,False,True,True,True
2024-02-17 00:00:00,PRD-A,80.0,1242.0,0.0644122383252818,0.036580395509085234,0.056882997094004746,0.07718559867892426,False,False,True,True,True
2024-02-17 08:00:00,PRD-A,106.0,1238.0,0.08562197092084006,0.03654762292668058,0.056882997094004746,0.07721837126132891,True,True,True,True,True
2024-02-17 16:00:00,PRD-A,129.0,1196.0,0.10785953177257525,0.03619364453681191,0.056882997094004746,0.07757234965119758,True,True,True,True,True
2024-02-24 00:00:00,PRD-A,86.0,1212.0,0.07095709570957096,0.03633066162398304,0.056882997094004746,0.07743533256402646,False,True,True,True,True
2024-02-24 08:00:00,PRD-A,88.0,1248.0,0.07051282051282051,0.03662925864030204,0.056882997094004746,0.07713673554770745,False,True,True,True,True
2024-02-24 16:00:00,PRD-A,108.0,1237.0,0.08730800323362975,0.03653940495335368,0.056882997094004746,0.0772265892346558,True,True,True,True,True
2024-02-25 00:00:00,PRD-A,91.0,1221.0,0.07452907452907453,0.036406547429453526,0.056882997094004746,0.07735944675855597,False,True,True,True,True
2024-02-25 08:00:00,PRD-A,88.0,1230.0,0.07154471544715447,0.036481598810863665,0.056882997094004746,0.07728439537714582,False,True,True,True,True
2024-02-25 16:00:00,PRD-A,96.0,1015.0,0.09458128078817735,0.03442456315437459,0.056882997094004746,0.0793414310336349,True,True,True,True,True
2024-03-03 00:00:00,PRD-A,48.0,1280.0,0.0375,0.03688403278789077,0.056882997094004746,0.07688196140011871,False,True,True,False,True
2024-03-03 08:00:00,PRD-A,43.0,1313.0,0.03274942878903275,0.03713695188282044,0.056882997094004746,0.07662904230518905,True,True,False,False,True
2024-03-03 16:00:00,PRD-A,85.0,1265.0,0.06719367588932806,0.036765811279490676,0.056882997094004746,0.07700018290851882,False,True,False,False,True
2024-03-04 00:00:00,PRD-A,73.0,1289.0,0.05663304887509697,0.03695397303660142,0.056882997094004746,0.07681202115140807,False,False,False,False,False
2024-03-04 08:00:00,PRD-A,65.0,1284.0,0.050623052959501556,0.03691520812142933,0.056882997094004746,0.07685078606658016,False,False,False,False,False
2024-03-04 16:00:00,PRD-A,100.0,1212.0,0.08250825082508251,0.03633066162398304,0.056882997094004746,0.07743533256402646,True,False,False,False,True
2024-03-11 00:00:00,PRD-A,69.0,1265.0,0.05454545454545454,0.036765811279490676,0.056882997094004746,0.07700018290851882,False,False,False,False,False
2024-03-11 08:00:00,PRD-A,48.0,1267.0,0.037884767166535126,0.036781695360778625,0.056882997094004746,0.07698429882723087,False,False,False,False,False
2024-03-11 16:00:00,PRD-A,77.0,1264.0,0.06091772151898734,0.03675785510523677,0.056882997094004746,0.07700813908277272,False,False,False,False,False
2024-03-12 00:00:00,PRD-A,69.0,1313.0,0.05255140898705255,0.03713695188282044,0.056882997094004746,0.07662904230518905,False,False,False,False,False
2024-03-12 08:00:00,PRD-A,100.0,1340.0,0.07462686567164178,0.03733689823816854,0.056882997094004746,0.07642909594984096,False,False,False,False,False
2024-03-12 16:00:00,PRD-A,79.0,1203.0,0.0656691604322527,0.03625392581702626,0.056882997094004746,0.07751206837098323,False,False,False,False,False
2024-03-19 00:00:00,PRD-A,45.0,1212.0,0.03712871287128713,0.03633066162398304,0.056882997094004746,0.07743533256402646,False,False,False,False,False
2024-03-19 08:00:00,PRD-A,50.0,1322.0,0.037821482602118005,0.037204280893741545,0.056882997094004746,0.07656171329426795,False,True,False,False,True
2024-03-19 16:00:00,PRD-A,87.0,1293.0,0.06728538283062645,0.036984822937538686,0.056882997094004746,0.0767811712504708,False,True,False,False,True
2024-03-20 00:00:00,PRD-A,56.0,1318.0,0.042488619119878605,0.03717444203475312,0.056882997094004746,0.07659155215325637,False,True,False,False,True
2024-03-20 08:00:00,PRD-A,73.0,1276.0,0.05721003134796238,0.03685271097651982,0.056882997094004746,0.07691328321148967,False,False,False,False,False
2024-03-20 16:00:00,PRD-A,71.0,1248.0,0.05689102564102564,0.03662925864030204,0.056882997094004746,0.07713673554770745,False,False,False,False,False
2024-03-27 00:00:00,PRD-A,64.0,1254.0,0.051036682615629984,0.03667777065835638,0.056882997094004746,0.07708822352965311,False,False,False,False,False
2024-03-27 08:00:00,PRD-A,113.0,1338.0,0.08445440956651719,0.03732229524856652,0.056882997094004746,0.07644369893944297,True,False,False,False,True
2024-03-27 16:00:00,PRD-A,87.0,1294.0,0.06723338485316847,0.036992513053441915,0.056882997094004746,0.07677348113456758,False,False,False,False,False
2024-03-28 00:00:00,PRD-A,61.0,1309.0,0.04660045836516425,0.03710680523135667,0.056882997094004746,0.07665918895665283,False,False,False,False,False
2024-03-28 08:00:00,PRD-A,65.0,1239.0,0.052461662631154156,0.03655583094887867,0.056882997094004746,0.07721016323913082,False,False,False,False,False
2024-03-28 16:00:00,PRD-A,84.0,1241.0,0.06768734891216761,0.036572217220098985,0.056882997094004746,0.07719377696791051,False,False,False,False,False
2024-04-04 00:00:00,PRD-A,71.0,1191.0,0.05961376994122586,0.03615026148947366,0.056882997094004746,0.07761573269853583,False,False,False,False,False
2024-04-04 08:00:00,PRD-A,66.0,1285.0,0.051361867704280154,0.03692297920130044,0.056882997094004746,0.07684301498670905,False,False,False,False,False
2024-04-04 16:00:00,PRD-A,116.0,1236.0,0.09385113268608414,0.03653117700877434,0.056882997094004746,0.07723481717923515,True,False,False,False,True
2024-04-05 00:00:00,PRD-A,83.0,1264.0,0.06566455696202532,0.03675785510523677,0.056882997094004746,0.07700813908277272,False,False,False,False,False
2024-04-05 08:00:00,PRD-A,93.0,1287.0,0.07226107226107226,0.036938494180631054,0.056882997094004746,0.07682750000737844,False,True,False,False,True
2024-04-05 16:00:00,PRD-A,114.0,1217.0,0.09367296631059983,0.036372924336751024,0.056882997094004746,0.07739306985125846,True,True,True,False,True
2024-04-12 00:00:00,PRD-A,75.0,1254.0,0.05980861244019139,0.03667777065835638,0.056882997094004746,0.07708822352965311,False,True,True,False,True
2024-04-12 08:00:00,PRD-A,63.0,1023.0,0.06158357771260997,0.03451254952180166,0.056882997094004746,0.07925344466620783,False,False,False,False,False
2024-04-12 16:00:00,PRD-A,47.0,1295.0,0.036293436293436294,0.037000194260154516,0.056882997094004746,0.07676579992785498,True,False,False,False,True
2024-04-13 00:00:00,PRD-A,37.0,1328.0,0.02786144578313253,0.03724878615131852,0.056882997094004746,0.07651720803669097,True,True,False,False,True
2024-04-13 08:00:00,PRD-A,32.0,1299.0,0.024634334103156273,0.037030830338188755,0.056882997094004746,0.07673516384982074,True,True,False,False,True
2024-04-13 16:00:00,PRD-A,50.0,1300.0,0.038461538461538464,0.037038467255861546,0.056882997094004746,0.07672752693214795,False,True,True,False,True
2024-04-20 00:00:00,PRD-A,101.0,1149.0,0.08790252393385553,0.03577473511027128,0.056882997094004746,0.07799125907773821,True,True,True,False,True
2024-04-20 08:00:00,PRD-A,109.0,1223.0,0.08912510220768602,0.03642329708433388,0.056882997094004746,0.07734269710367561,True,True,False,False,True
2024-04-20 16:00:00,PRD-A,108.0,881.0,0.12258796821793416,0.03277703130421754,0.056882997094004746,0.08098896288379195,True,True,False,False,True
2024-04-21 00:00:00,PRD-A,47.0,1282.0,0.036661466458658344,0.03689963869296432,0.056882997094004746,0.07686635549504517,True,True,False,False,True
2024-04-21 08:00:00,PRD-A,55.0,1295.0,0.04247104247104247,0.037000194260154516,0.056882997094004746,0.07676579992785498,False,True,False,False,True
2024-04-21 16:00:00,PRD-A,62.0,1244.0,0.04983922829581994,0.0365967224932981,0.056882997094004746,0.07716927169471138,False,True,False,False,True
2024-04-28 00:00:00,PRD-A,63.0,1217.0,0.051766639276910435,0.036372924336751024,0.056882997094004746,0.07739306985125846,False,False,False,False,False
2024-04-28 08:00:00,PRD-A,73.0,1350.0,0.05407407407407407,0.03740942575676159,0.056882997094004746,0.07635656843124791,False,False,False,False,False
2024-04-28 16:00:00,PRD-A,72.0,1297.0,0.05551272166538165,0.03701553001471845,0.056882997094004746,0.07675046417329104,False,False,False,False,False
2024-04-29 00:00:00,PRD-A,62.0,1253.0,0.04948124501197127,0.03666970952640365,0.056882997094004746,0.07709628466160584,False,False,False,False,False
2024-04-29 08:00:00,PRD-A,78.0,1329.0,0.05869074492099323,0.037256174377710935,0.056882997094004746,0.07650981981029856,False,False,False,False,False
2024-04-29 16:00:00,PRD-A,73.0,1222.0,0.05973813420621931,0.03641492739692727,0.056882997094004746,0.07735106679108222,False,False,False,False,False
2024-05-06 00:00:00,PRD-A,69.0,1223.0,0.056418642681929684,0.03642329708433388,0.056882997094004746,0.07734269710367561,False,False,False,False,False
2024-05-06 08:00:00,PRD-A,62.0,1245.0,0.04979919678714859,0.03660487122815216,0.056882997094004746,0.07716112295985733,False,False,False,False,False
2024-05-06 16:00:00,PRD-A,73.0,991.0,0.07366296670030273,0.034154241278644526,0.056882997094004746,0.07961175290936497,False,False,False,False,False
2024-05-07 00:00:00,PRD-A,76.0,1365.0,0.05567765567765568,0.03751671897733145,0.056882997094004746,0.07624927521067804,False,False,False,False,False
2024-05-07 08:00:00,PRD-A,46.0,1297.0,0.03546646106399383,0.03701553001471845,0.056882997094004746,0.07675046417329104,True,False,False,False,True
2024-05-07 16:00:00,PRD-A,47.0,1253.0,0.03750997605746209,0.03666970952640365,0.056882997094004746,0.07709628466160584,False,True,False,False,True
2024-05-14 00:00:00,PRD-A,137.0,1215.0,0.11275720164609053,0.03635605055951831,0.056882997094004746,0.07740994362849118,True,True,False,False,True
2024-05-14 08:00:00,PRD-A,157.0,1222.0,0.12847790507364976,0.03641492739692727,0.056882997094004746,0.07735106679108222,True,True,False,False,True
2024-05-14 16:00:00,PRD-A,234.0,1089.0,0.21487603305785125,0.03520103652767129,0.056882997094004746,0.0785649576603382,True,True,False,False,True
2024-05-15 00:00:00,PRD-A,209.0,1249.0,0.16733386709367493,0.0366373682456136,0.056882997094004746,0.07712862594239589,True,True,True,False,True
2024-05-15 08:00:00,PRD-A,185.0,1189.0,0.15559293523969722,0.03613283169605941,0.056882997094004746,0.07763316249195008,True,True,True,False,True
2024-05-15 16:00:00,PRD-A,263.0,1160.0,0.2267241379310345,0.0358750557826068,0.056882997094004746,0.07789093840540269,True,True,True,False,True
2024-05-22 00:00:00,PRD-A,55.0,1276.0,0.04310344827586207,0.03685271097651982,0.056882997094004746,0.07691328321148967,False,True,True,False,True
2024-05-22 08:00:00,PRD-A,86.0,1333.0,0.06451612903225806,0.03728564409811157,0.056882997094004746,0.07648035008989792,False,False,True,False,True
2024-05-22 16:00:00,PRD-A,82.0,1256.0,0.06528662420382166,0.03669386403122894,0.056882997094004746,0.07707213015678055,False,False,True,False,True
2024-05-23 00:00:00,PRD-A,62.0,1301.0,0.04765564950038432,0.03704609536678652,0.056882997094004746,0.07671989882122297,False,False,False,False,False
2024-05-23 08:00:00,PRD-A,52.0,1315.0,0.03954372623574144,0.03715197360063649,0.056882997094004746,0.076614020587373,False,False,False,False,False
2024-05-23 16:00:00,PRD-A,71.0,1230.0,0.05772357723577236,0.036481598810863665,0.056882997094004746,0.07728439537714582,False,False,False,False,False
2024-05-30 00:00:00,PRD-A,61.0,1271.0,0.04799370574350905,0.036813350973701295,0.056882997094004746,0.0769526432143082,False,False,False,False,False
2024-05-30 08:00:00,PRD-A,62.0,1298.0,0.04776579352850539,0.03702318459680927,0.056882997094004746,0.07674280959120022,False,False,True,False,True
2024-05-30 16:00:00,PRD-A,85.0,1254.0,0.06778309409888357,0.03667777065835638,0.056882997094004746,0.07708822352965311,False,False,False,False,False
2024-05-31 00:00:00,PRD-A,64.0,1299.0,0.049268668206312545,0.037030830338188755,0.056882997094004746,0.07673516384982074,False,False,False,False,False
2024-05-31 08:00:00,PRD-A,74.0,1280.0,0.0578125,0.03688403278789077,0.056882997094004746,0.07688196140011871,False,False,False,False,False
2024-05-31 16:00:00,PRD-A,90.0,1197.0,0.07518796992481203,0.03620228851151851,0.056882997094004746,0.07756370567649098,False,False,False,False,False
2024-06-07 00:00:00,PRD-A,72.0,1223.0,0.058871627146361405,0.03642329708433388,0.056882997094004746,0.07734269710367561,False,False,False,False,False
2024-06-07 08:00:00,PRD-A,76.0,1250.0,0.0608,0.03664546811745145,0.056882997094004746,0.07712052607055804,False,False,False,False,False
2024-06-07 16:00:00,PRD-A,117.0,1195.0,0.09790794979079498,0.03618498971419651,0.056882997094004746,0.07758100447381298,True,False,False,False,True
2024-06-08 00:00:00,PRD-A,84.0,1223.0,0.0686835650040883,0.03642329708433388,0.056882997094004746,0.07734269710367561,False,False,False,False,False
2024-06-08 08:00:00,PRD-A,89.0,1252.0,0.07108626198083066,0.0366616387384727,0.056882997094004746,0.07710435544953678,False,True,False,False,True
2024-06-08 16:00:00,PRD-A,117.0,1180.0,0.09915254237288136,0.036053850023945976,0.056882997094004746,0.07771214416406352,True,True,True,True,True
2024-06-15 00:00:00,PRD-A,39.0,1268.0,0.030757097791798107,0.03678962330497704,0.056882997094004746,0.07697637088303246,True,True,True,False,True
2024-06-15 08:00:00,PRD-A,83.0,1343.0,0.06180193596425912,0.03735874152924159,0.056882997094004746,0.07640725265876791,False,False,False,False,False
2024-06-15 16:00:00,PRD-A,57.0,1274.0,0.044740973312401885,0.03683699478256212,0.056882997094004746,0.07692899940544737,False,False,False,False,False
2024-06-16 00:00:00,PRD-A,49.0,1288.0,0.03804347826086957,0.036946238115271014,0.056882997094004746,0.07681975607273847,False,False,False,False,False
2024-06-16 08:00:00,PRD-A,57.0,1235.0,0.046153846153846156,0.03652293907276191,0.056882997094004746,0.07724305511524758,False,False,True,False,True
2024-06-16 16:00:00,PRD-A,77.0,1231.0,0.06255077173030058,0.03648988700876133,0.056882997094004746,0.07727610717924815,False,False,False,False,False
2024-06-23 00:00:00,PRD-A,136.0,1185.0,0.11476793248945148,0.036097839823989286,0.056882997094004746,0.0776681543640202,True,False,False,False,True
2024-06-23 08:00:00,PRD-A,140.0,1227.0,0.11409942950285248,0.03645667345241331,0.056882997094004746,0.07730932073559618,True,True,False,False,True
2024-06-23 16:00:00,PRD-A,162.0,1155.0,0.14025974025974025,0.03582963315376857,0.056882997094004746,0.07793636103424093,True,True,False,False,True
2024-06-24 00:00:00,PRD-A,94.0,923.0,0.10184182015167931,0.03333187306661575,0.056882997094004746,0.08043412112139374,True,True,True,False,True
2024-06-24 08:00:00,PRD-A,40.0,1300.0,0.03076923076923077,0.037038467255861546,0.056882997094004746,0.07672752693214795,True,True,True,False,True
2024-06-24 16:00:00,PRD-A,78.0,1287.0,0.06060606060606061,0.036938494180631054,0.056882997094004746,0.07682750000737844,False,False,False,False,False
2024-07-01 00:00:00,PRD-A,54.0,1276.0,0.04231974921630094,0.03685271097651982,0.056882997094004746,0.07691328321148967,False,True,False,False,True
2024-07-01 08:00:00,PRD-A,53.0,1323.0,0.0400604686318972,0.03721171945616957,0.056882997094004746,0.07655427473183993,False,True,False,False,True
2024-07-01 16:00:00,PRD-A,81.0,1263.0,0.06413301662707839,0.03674988948371419,0.056882997094004746,0.0770161047042953,False,True,False,False,True
2024-07-02 00:00:00,PRD-A,48.0,1271.0,0.03776553894571204,0.036813350973701295,0.056882997094004746,0.0769526432143082,False,True,False,False,True
2024-07-02 08:00:00,PRD-A,66.0,1292.0,0.05108359133126935,0.036977123895209005,0.056882997094004746,0.07678887029280049,False,False,False,False,False
2024-07-02 16:00:00,PRD-A,77.0,1245.0,0.061847389558232935,0.03660487122815216,0.056882997094004746,0.07716112295985733,False,False,False,False,False
2024-07-09 00:00:00,PRD-A,44.0,1240.0,0.035483870967741936,0.03656402904001473,0.056882997094004746,0.07720196514799477,True,False,False,False,True
2024-07-09 08:00:00,PRD-A,62.0,1219.0,0.05086136177194422,0.036389756569998585,0.056882997094004746,0.0773762376180109,False,False,False,False,False
2024-07-09 16:00:00,PRD-A,89.0,1202.0,0.0740432612312812,0.03624534645659007,0.056882997094004746,0.07752064773141942,False,False,False,False,False
2024-07-10 00:00:00,PRD-A,51.0,1212.0,0.04207920792079208,0.03633066162398304,0.056882997094004746,0.07743533256402646,False,False,False,False,False
2024-07-10 08:00:00,PRD-A,61.0,1134.0,0.053791887125220456,0.03563558883113827,0.056882997094004746,0.07813040535687121,False,False,False,False,False
2024-07-10 16:00:00,PRD-A,75.0,1362.0,0.05506607929515418,0.03749540220905476,0.056882997094004746,0.07627059197895474,False,False,False,False,False
2024-07-17 00:00:00,PRD-A,39.0,1234.0,0.031604538087520256,0.03651469112507855,0.056882997094004746,0.07725130306293095,True,False,False,False,True
2024-07-17 08:00:00,PRD-A,48.0,1311.0,0.036613272311212815,0.037121895803460855,0.056882997094004746,0.07664409838454864,True,True,False,False,True
2024-07-17 16:00:00,PRD-A,67.0,1286.0,0.052099533437014,0.03693074121516296,0.056882997094004746,0.07683525297284653,False,True,False,False,True
2024-07-18 00:00:00,PRD-A,55.0,1294.0,0.04250386398763524,0.036992513053441915,0.056882997094004746,0.07677348113456758,False,True,False,False,True
2024-07-18 08:00:00,PRD-A,56.0,1295.0,0.043243243243243246,0.037000194260154516,0.056882997094004746,0.07676579992785498,False,True,True,True,True
2024-07-18 16:00:00,PRD-A,74.0,1197.0,0.061821219715956555,0.03620228851151851,0.056882997094004746,0.07756370567649098,False,True,False,False,True
2024-07-25 00:00:00,PRD-A,97.0,1289.0,0.07525213343677269,0.03695397303660142,0.056882997094004746,0.07681202115140807,False,False,False,False,False
2024-07-25 08:00:00,PRD-A,72.0,1300.0,0.055384615384615386,0.037038467255861546,0.056882997094004746,0.07672752693214795,False,False,False,False,False
2024-07-25 16:00:00,PRD-A,89.0,1279.0,0.06958561376075059,0.03687621611207691,0.056882997094004746,0.07688977807593259,False,False,False,False,False
2024-07-26 00:00:00,PRD-A,74.0,1286.0,0.05754276827371695,0.03693074121516296,0.056882997094004746,0.07683525297284653,False,False,False,False,False
2024-07-26 08:00:00,PRD-A,97.0,1332.0,0.07282282282282282,0.03727828911455523,0.056882997094004746,0.07648770507345426,False,False,False,False,False
2024-07-26 16:00:00,PRD-A,122.0,1238.0,0.09854604200323101,0.03654762292668058,0.056882997094004746,0.07721837126132891,True,True,False,False,True
2024-08-02 00:00:00,PRD-A,115.0,1203.0,0.09559434746467166,0.03625392581702626,0.056882997094004746,0.07751206837098323,True,True,True,False,True
2024-08-02 08:00:00,PRD-A,105.0,1222.0,0.08592471358428805,0.03641492739692727,0.056882997094004746,0.07735106679108222,True,True,True,False,True
2024-08-02 16:00:00,PRD-A,99.0,817.0,0.1211750305997552,0.031850656351619266,0.056882997094004746,0.08191533783639023,True,True,True,False,True
2024-08-03 00:00:00,PRD-A,44.0,1249.0,0.03522818254603683,0.0366373682456136,0.056882997094004746,0.07712862594239589,True,True,True,False,True
2024-08-03 08:00:00,PRD-A,77.0,1342.0,0.05737704918032787,0.0373514685710587,0.056882997094004746,0.07641452561695079,False,False,False,False,False
2024-08-03 16:00:00,PRD-A,64.0,1262.0,0.05071315372424723,0.036741914396211744,0.056882997094004746,0.07702407979179775,False,False,False,False,False
2024-08-10 00:00:00,PRD-A,42.0,1246.0,0.033707865168539325,0.03661301015116347,0.056882997094004746,0.07715298403684602,True,False,False,False,True
2024-08-10 08:00:00,PRD-A,88.0,1301.0,0.06764027671022291,0.03704609536678652,0.056882997094004746,0.07671989882122297,False,False,False,False,False
2024-08-10 16:00:00,PRD-A,77.0,1281.0,0.060109289617486336,0.03689184030890122,0.056882997094004746,0.07687415387910827,False,False,False,False,False
2024-08-11 00:00:00,PRD-A,45.0,1254.0,0.03588516746411483,0.03667777065835638,0.056882997094004746,0.07708822352965311,True,False,False,False,True
2024-08-11 08:00:00,PRD-A,53.0,1301.0,0.04073789392774789,0.03704609536678652,0.056882997094004746,0.07671989882122297,False,True,False,False,True
2024-08-11 16:00:00,PRD-A,95.0,1265.0,0.07509881422924901,0.036765811279490676,0.056882997094004746,0.07700018290851882,False,True,False,False,True
2024-08-18 00:00:00,PRD-A,70.0,1228.0,0.057003257328990226,0.036464992053304654,0.056882997094004746,0.07730100213470484,False,False,False,False,False
2024-08-18 08:00:00,PRD-A,59.0,1251.0,0.04716227018385292,0.036653558275270864,0.056882997094004746,0.07711243591273863,False,False,False,False,False
2024-08-18 16:00:00,PRD-A,106.0,1245.0,0.08514056224899598,0.03660487122815216,0.056882997094004746,0.07716112295985733,True,False,False,False,True
2024-08-19 00:00:00,PRD-A,77.0,1276.0,0.0603448275862069,0.03685271097651982,0.056882997094004746,0.07691328321148967,False,False,False,False,False
2024-08-19 08:00:00,PRD-A,70.0,1264.0,0.055379746835443035,0.03675785510523677,0.056882997094004746,0.07700813908277272,False,False,False,False,False
2024-08-19 16:00:00,PRD-A,119.0,1229.0,0.096826688364524,0.03647330049923999,0.056882997094004746,0.07729269368876951,True,False,False,False,True
2024-08-26 00:00:00,PRD-A,81.0,1145.0,0.07074235807860262,0.035737896928696694,0.056882997094004746,0.0780280972593128,False,False,False,False,False
2024-08-26 08:00:00,PRD-A,81.0,1223.0,0.06623058053965658,0.03642329708433388,0.056882997094004746,0.07734269710367561,False,False,False,False,False
2024-08-26 16:00:00,PRD-A,124.0,1189.0,0.10428931875525652,0.03613283169605941,0.056882997094004746,0.07763316249195008,True,False,True,False,True
2024-08-27 00:00:00,PRD-A,110.0,1260.0,0.0873015873015873,0.03672593574816284,0.056882997094004746,0.07704005843984665,True,True,True,False,True
2024-08-27 08:00:00,PRD-A,97.0,1197.0,0.0810359231411863,0.03620228851151851,0.056882997094004746,0.07756370567649098,True,True,True,False,True
2024-08-27 16:00:00,PRD-A,137.0,1175.0,0.11659574468085106,0.036009579735809705,0.056882997094004746,0.07775641445219979,True,True,True,False,True
2024-09-03 00:00:00,PRD-A,66.0,1208.0,0.054635761589403975,0.036296662700047264,0.056882997094004746,0.07746933148796223,False,True,True,False,True
2024-09-03 08:00:00,PRD-A,95.0,1210.0,0.07851239669421488,0.036313683235734334,0.056882997094004746,0.07745231095227516,True,True,True,False,True
2024-09-03 16:00:00,PRD-A,125.0,1148.0,0.10888501742160278,0.03576554361757191,0.056882997094004746,0.07800045057043759,True,True,True,False,True
2024-09-04 00:00:00,PRD-A,100.0,1220.0,0.08196721311475409,0.03639815716085125,0.056882997094004746,0.07736783702715824,True,True,True,False,True
2024-09-04 08:00:00,PRD-A,102.0,1215.0,0.08395061728395062,0.03635605055951831,0.056882997094004746,0.07740994362849118,True,True,True,False,True
2024-09-04 16:00:00,PRD-A,122.0,1171.0,0.10418445772843724,0.03597395954375923,0.056882997094004746,0.07779203464425026,True,True,True,False,True
2024-09-11 00:00:00,PRD-A,61.0,1211.0,0.05037159372419488,0.03632217768741115,0.056882997094004746,0.07744381650059834,False,True,True,False,True
2024-09-11 08:00:00,PRD-A,63.0,1334.0,0.0472263868065967,0.03729299080989584,0.056882997094004746,0.07647300337811365,False,False,False,False,False
2024-09-11 16:00:00,PRD-A,60.0,1279.0,0.04691164972634871,0.03687621611207691,0.056882997094004746,0.07688977807593259,False,False,False,False,False
2024-09-12 00:00:00,PRD-A,89.0,1318.0,0.06752655538694992,0.03717444203475312,0.056882997094004746,0.07659155215325637,False,False,False,False,False
2024-09-12 08:00:00,PRD-A,44.0,1326.0,0.033182503770739065,0.03723398463323995,0.056882997094004746,0.07653200955476955,True,False,False,False,True
2024-09-12 16:00:00,PRD-A,51.0,1274.0,0.040031397174254316,0.03683699478256212,0.056882997094004746,0.07692899940544737,False,True,True,False,True
2024-09-19 00:00:00,PRD-A,60.0,1160.0,0.05172413793103448,0.0358750557826068,0.056882997094004746,0.07789093840540269,False,True,False,False,True
2024-09-19 08:00:00,PRD-A,74.0,1262.0,0.058637083993660855,0.036741914396211744,0.056882997094004746,0.07702407979179775,False,False,False,False,False
2024-09-19 16:00:00,PRD-A,92.0,1231.0,0.07473598700243704,0.03648988700876133,0.056882997094004746,0.07727610717924815,False,False,False,False,False
2024-09-20 00:00:00,PRD-A,52.0,910.0,0.05714285714285714,0.03316424729266596,0.056882997094004746,0.08060174689534352,False,False,False,False,False
2024-09-20 08:00:00,PRD-A,75.0,1357.0,0.0552689756816507,0.037459717299630296,0.056882997094004746,0.0763062768883792,False,False,False,False,False
2024-09-20 16:00:00,PRD-A,59.0,1312.0,0.04496951219512195,0.03712942814651725,0.056882997094004746,0.07663656604149224,False,False,False,False,False
2024-09-27 00:00:00,PRD-A,40.0,1233.0,0.032441200324412,0.03650643314542893,0.056882997094004746,0.07725956104258055,True,False,False,False,True
2024-09-27 08:00:00,PRD-A,50.0,1288.0,0.03881987577639751,0.036946238115271014,0.056882997094004746,0.07681975607273847,False,True,False,False,True
2024-09-27 16:00:00,PRD-A,84.0,1248.0,0.0673076923076923,0.03662925864030204,0.056882997094004746,0.07713673554770745,False,True,False,False,True
2024-09-28 00:00:00,PRD-A,58.0,1275.0,0.04549019607843137,0.03684485750195125,0.056882997094004746,0.07692113668605824,False,False,True,False,True
2024-09-28 08:00:00,PRD-A,50.0,1102.0,0.045372050816696916,0.03532930408663505,0.056882997094004746,0.07843669010137444,False,False,True,False,True
2024-09-28 16:00:00,PRD-A,43.0,1285.0,0.03346303501945525,0.03692297920130044,0.056882997094004746,0.07684301498670905,True,False,True,False,True
2024-10-05 00:00:00,PRD-A,123.0,1323.0,0.09297052154195011,0.03721171945616957,0.056882997094004746,0.07655427473183993,True,False,False,False,True
2024-10-05 08:00:00,PRD-A,80.0,1310.0,0.061068702290076333,0.03711435483722928,0.056882997094004746,0.0766516393507802,False,False,False,False,False
2024-10-05 16:00:00,PRD-A,118.0,1263.0,0.0934283452098179,0.03674988948371419,0.056882997094004746,0.0770161047042953,True,True,False,False,True
2024-10-06 00:00:00,PRD-A,156.0,1295.0,0.12046332046332046,0.037000194260154516,0.056882997094004746,0.07676579992785498,True,True,False,False,True
2024-10-06 08:00:00,PRD-A,99.0,1268.0,0.07807570977917981,0.03678962330497704,0.056882997094004746,0.07697637088303246,True,True,True,False,True
2024-10-06 16:00:00,PRD-A,134.0,1287.0,0.10411810411810411,0.036938494180631054,0.056882997094004746,0.07682750000737844,True,True,True,False,True
2024-10-13 00:00:00,PRD-A,114.0,1048.0,0.10877862595419847,0.03478098313949235,0.056882997094004746,0.07898501104851714,True,True,True,False,True
2024-10-13 08:00:00,PRD-A,44.0,1302.0,0.03379416282642089,0.03705371468787698,0.056882997094004746,0.07671227950013251,True,True,True,False,True
2024-10-13 16:00:00,PRD-A,68.0,1239.0,0.05488297013720742,0.03655583094887867,0.056882997094004746,0.07721016323913082,False,False,False,False,False
2024-10-14 00:00:00,PRD-A,89.0,1318.0,0.06752655538694992,0.03717444203475312,0.056882997094004746,0.07659155215325637,False,False,False,False,False
2024-10-14 08:00:00,PRD-A,45.0,1264.0,0.03560126582278481,0.03675785510523677,0.056882997094004746,0.07700813908277272,True,False,False,False,True
2024-10-14 16:00:00,PRD-A,85.0,1256.0,0.06767515923566879,0.03669386403122894,0.056882997094004746,0.07707213015678055,False,False,False,False,False
2024-10-21 00:00:00,PRD-A,45.0,1254.0,0.03588516746411483,0.03667777065835638,0.056882997094004746,0.07708822352965311,True,True,False,False,True
2024-10-21 08:00:00,PRD-A,62.0,1282.0,0.0483619344773791,0.03689963869296432,0.056882997094004746,0.07686635549504517,False,False,False,False,False
2024-10-21 16:00:00,PRD-A,55.0,1279.0,0.04300234558248632,0.03687621611207691,0.056882997094004746,0.07688977807593259,False,True,True,False,True
2024-10-22 00:00:00,PRD-A,53.0,1319.0,0.0401819560272934,0.03718191447295887,0.056882997094004746,0.07658407971505063,False,True,True,False,True
2024-10-22 08:00:00,PRD-A,52.0,1294.0,0.0401854714064915,0.036992513053441915,0.056882997094004746,0.07677348113456758,False,True,True,False,True
2024-10-22 16:00:00,PRD-A,83.0,1257.0,0.066030230708035,0.036701896310465804,0.056882997094004746,0.07706409787754369,False,True,True,False,True
2024-10-29 00:00:00,PRD-A,62.0,1240.0,0.05,0.03656402904001473,0.056882997094004746,0.07720196514799477,False,False,True,False,True
2024-10-29 08:00:00,PRD-A,47.0,1294.0,0.03632148377125193,0.036992513053441915,0.056882997094004746,0.07677348113456758,True,False,True,False,True
2024-10-29 16:00:00,PRD-A,68.0,1218.0,0.05582922824302135,0.03638134563571299,0.056882997094004746,0.0773846485522965,False,False,False,False,False
2024-10-30 00:00:00,PRD-A,82.0,1314.0,0.0624048706240487,0.03714446702874865,0.056882997094004746,0.07662152715926085,False,False,False,False,False
2024-10-30 08:00:00,PRD-A,69.0,1240.0,0.055645161290322584,0.03656402904001473,0.056882997094004746,0.07720196514799477,False,False,False,False,False
2024-10-30 16:00:00,PRD-A,102.0,1198.0,0.08514190317195326,0.03621092166095856,0.056882997094004746,0.07755507252705093,True,False,False,False,True
2024-11-06 00:00:00,PRD-A,61.0,1222.0,0.04991816693944354,0.03641492739692727,0.056882997094004746,0.07735106679108222,False,False,False,False,False
2024-11-06 08:00:00,PRD-A,57.0,1262.0,0.045166402535657686,0.036741914396211744,0.056882997094004746,0.07702407979179775,False,False,False,False,False
2024-11-06 16:00:00,PRD-A,114.0,1260.0,0.09047619047619047,0.03672593574816284,0.056882997094004746,0.07704005843984665,True,False,False,False,True
2024-11-07 00:00:00,PRD-A,66.0,1211.0,0.054500412881915775,0.03632217768741115,0.056882997094004746,0.07744381650059834,False,False,False,False,False
2024-11-07 08:00:00,PRD-A,94.0,1279.0,0.07349491790461297,0.03687621611207691,0.056882997094004746,0.07688977807593259,False,True,False,False,True
2024-11-07 16:00:00,PRD-A,84.0,1158.0,0.07253886010362694,0.03585692203619083,0.056882997094004746,0.07790907215181866,False,True,False,False,True
2024-11-14 00:00:00,PRD-A,75.0,1241.0,0.060435132957292505,0.036572217220098985,0.056882997094004746,0.07719377696791051,False,True,False,False,True
2024-11-14 08:00:00,PRD-A,66.0,1265.0,0.05217391304347826,0.036765811279490676,0.056882997094004746,0.07700018290851882,False,False,False,False,False
2024-11-14 16:00:00,PRD-A,85.0,1197.0,0.07101086048454469,0.03620228851151851,0.056882997094004746,0.07756370567649098,False,False,False,False,False
2024-11-15 00:00:00,PRD-A,67.0,1251.0,0.053557154276578735,0.036653558275270864,0.056882997094004746,0.07711243591273863,False,False,False,False,False
2024-11-15 08:00:00,PRD-A,72.0,1257.0,0.057279236276849645,0.036701896310465804,0.056882997094004746,0.07706409787754369,False,False,False,False,False
2024-11-15 16:00:00,PRD-A,100.0,1224.0,0.08169934640522876,0.03643165651267453,0.056882997094004746,0.07733433767533496,True,False,False,False,True
2024-11-22 00:00:00,PRD-A,86.0,1204.0,0.07142857142857142,0.03626249448666985,0.056882997094004746,0.07750349970133964,False,True,False,False,True
2024-11-22 08:00:00,PRD-A,74.0,1220.0,0.060655737704918035,0.03639815716085125,0.056882997094004746,0.07736783702715824,False,True,False,False,True
2024-11-22 16:00:00,PRD-A,94.0,1163.0,0.08082545141874463,0.035902168645672,0.056882997094004746,0.07786382554233749,True,True,False,False,True
2024-11-23 00:00:00,PRD-A,92.0,1210.0,0.07603305785123966,0.036313683235734334,0.056882997094004746,0.07745231095227516,False,True,True,False,True
2024-11-23 08:00:00,PRD-A,79.0,1205.0,0.06556016597510374,0.03627105248770553,0.056882997094004746,0.07749494170030397,False,True,True,False,True
2024-11-23 16:00:00,PRD-A,137.0,1226.0,0.11174551386623165,0.03644834467586268,0.056882997094004746,0.07731764951214681,True,True,True,True,True
2024-11-30 00:00:00,PRD-A,72.0,1211.0,0.05945499587118084,0.03632217768741115,0.056882997094004746,0.07744381650059834,False,False,True,True,True
2024-11-30 08:00:00,PRD-A,82.0,1224.0,0.06699346405228758,0.03643165651267453,0.056882997094004746,0.07733433767533496,False,False,True,True,True
2024-11-30 16:00:00,PRD-A,95.0,1128.0,0.08421985815602837,0.03557915471245013,0.056882997094004746,0.07818683947555936,True,False,True,True,True
2024-12-01 00:00:00,PRD-A,74.0,1334.0,0.05547226386806597,0.03729299080989584,0.056882997094004746,0.07647300337811365,False,False,False,False,False
2024-12-01 08:00:00,PRD-A,33.0,1313.0,0.02513328255902513,0.03713695188282044,0.056882997094004746,0.07662904230518905,True,False,False,False,True
2024-12-01 16:00:00,PRD-A,69.0,1247.0,0.05533279871692061,0.03662113928200689,0.056882997094004746,0.0771448549060026,False,False,False,False,False
2024-12-08 00:00:00,PRD-A,91.0,1170.0,0.07777777777777778,0.035965025966103056,0.056882997094004746,0.07780096822190644,False,False,False,False,False
2024-12-08 08:00:00,PRD-A,98.0,1243.0,0.07884151246983105,0.036588563926871064,0.056882997094004746,0.07717743026113844,True,True,False,False,True
2024-12-08 16:00:00,PRD-A,165.0,1195.0,0.13807531380753138,0.03618498971419651,0.056882997094004746,0.07758100447381298,True,True,False,False,True
2024-12-09 00:00:00,PRD-A,116.0,1168.0,0.09931506849315068,0.03594712440430905,0.056882997094004746,0.07781886978370045,True,True,True,False,True
2024-12-09 08:00:00,PRD-A,120.0,1209.0,0.09925558312655088,0.03630517824721366,0.056882997094004746,0.07746081594079583,True,True,True,False,True
2024-12-09 16:00:00,PRD-A,181.0,1190.0,0.15210084033613444,0.036141552085348895,0.056882997094004746,0.07762444210266059,True,True,True,False,True
2024-12-16 00:00:00,PRD-A,67.0,1219.0,0.054963084495488104,0.036389756569998585,0.056882997094004746,0.0773762376180109,False,True,True,False,True
2024-12-16 08:00:00,PRD-A,79.0,1302.0,0.060675883256528416,0.03705371468787698,0.056882997094004746,0.07671227950013251,False,False,False,False,False
2024-12-16 16:00:00,PRD-A,128.0,1223.0,0.10466067048242028,0.03642329708433388,0.056882997094004746,0.07734269710367561,True,False,False,False,True
2024-12-17 00:00:00,PRD-A,87.0,1220.0,0.07131147540983607,0.03639815716085125,0.056882997094004746,0.07736783702715824,False,True,False,False,True
2024-12-17 08:00:00,PRD-A,102.0,1266.0,0.08056872037914692,0.03677375802513534,0.056882997094004746,0.07699223616287415,True,True,False,False,True
2024-12-17 16:00:00,PRD-A,94.0,1231.0,0.07636068237205523,0.03648988700876133,0.056882997094004746,0.07727610717924815,False,True,True,False,True
2024-12-24 00:00:00,PRD-A,56.0,1255.0,0.04462151394422311,0.03668582215356973,0.056882997094004746,0.07708017203443976,False,True,True,False,True
2024-12-24 08:00:00,PRD-A,76.0,1338.0,0.05680119581464873,0.03732229524856652,0.056882997094004746,0.07644369893944297,False,False,False,False,False
2024-12-24 16:00:00,PRD-A,74.0,1188.0,0.06228956228956229,0.036124100298493125,0.056882997094004746,0.07764189388951637,False,False,False,False,False
2024-12-25 00:00:00,PRD-A,52.0,1192.0,0.0436241610738255,0.036158959931477885,0.056882997094004746,0.0776070342565316,False,False,False,False,False
2024-12-25 08:00:00,PRD-A,59.0,1284.0,0.045950155763239874,0.03691520812142933,0.056882997094004746,0.07685078606658016,False,False,False,False,False
2024-12-25 16:00:00,PRD-A,82.0,1147.0,0.07149084568439407,0.03575634010723022,0.056882997094004746,0.07800965408077927,False,False,False,False,False
2025-01-01 00:00:00,PRD-A,88.0,1225.0,0.07183673469387755,0.03644000570289034,0.056882997094004746,0.07732598848511915,False,True,False,False,True
2025-01-01 08:00:00,PRD-A,71.0,1253.0,0.05666400638467677,0.03666970952640365,0.056882997094004746,0.07709628466160584,False,True,False,False,True
2025-01-01 16:00:00,PRD-A,96.0,974.0,0.09856262833675565,0.03395674773889092,0.056882997094004746,0.07980924644911858,True,True,False,False,True
2025-01-02 00:00:00,PRD-A,67.0,1335.0,0.050187265917602995,0.03730032926540118,0.056882997094004746,0.07646566492260831,False,False,False,False,False
2025-01-02 08:00:00,PRD-A,69.0,1333.0,0.051762940735183796,0.03728564409811157,0.056882997094004746,0.07648035008989792,False,False,False,False,False
2025-01-02 16:00:00,PRD-A,56.0,1255.0,0.04462151394422311,0.03668582215356973,0.056882997094004746,0.07708017203443976,False,False,False,False,False
2025-01-09 00:00:00,PRD-A,51.0,1235.0,0.04129554655870445,0.03652293907276191,0.056882997094004746,0.07724305511524758,False,False,False,False,False
2025-01-09 08:00:00,PRD-A,66.0,1256.0,0.052547770700636945,0.03669386403122894,0.056882997094004746,0.07707213015678055,False,False,False,False,False
2025-01-09 16:00:00,PRD-A,90.0,1186.0,0.07588532883642496,0.03610660438574098,0.056882997094004746,0.07765938980226851,False,False,False,False,False
2025-01-10 00:00:00,PRD-A,73.0,1279.0,0.05707584050039093,0.03687621611207691,0.056882997094004746,0.07688977807593259,False,False,False,False,False
2025-01-10 08:00:00,PRD-A,68.0,1233.0,0.055150040551500405,0.03650643314542893,0.056882997094004746,0.07725956104258055,False,False,False,False,False
2025-01-10 16:00:00,PRD-A,117.0,1230.0,0.0951219512195122,0.036481598810863665,0.056882997094004746,0.07728439537714582,True,False,False,False,True
2025-01-17 00:00:00,PRD-A,57.0,1237.0,0.046079223928860144,0.03653940495335368,0.056882997094004746,0.0772265892346558,False,False,False,False,False
2025-01-17 08:00:00,PRD-A,53.0,1268.0,0.0417981072555205,0.03678962330497704,0.056882997094004746,0.07697637088303246,False,False,False,False,False
2025-01-17 16:00:00,PRD-A,73.0,1187.0,0.061499578770008424,0.03611535786946985,0.056882997094004746,0.07765063631853963,False,False,False,False,False
2025-01-18 00:00:00,PRD-A,59.0,1297.0,0.04548959136468774,0.03701553001471845,0.056882997094004746,0.07675046417329104,False,False,False,False,False
2025-01-18 08:00:00,PRD-A,66.0,1251.0,0.05275779376498801,0.036653558275270864,0.056882997094004746,0.07711243591273863,False,False,False,False,False
2025-01-18 16:00:00,PRD-A,100.0,1184.0,0.08445945945945946,0.03608906416082859,0.056882997094004746,0.0776769300271809,True,False,False,False,True
2025-01-25 00:00:00,PRD-A,70.0,1235.0,0.05668016194331984,0.03652293907276191,0.056882997094004746,0.07724305511524758,False,False,False,False,False
2025-01-25 08:00:00,PRD-A,56.0,1258.0,0.04451510333863275,0.036709919010358874,0.056882997094004746,0.07705607517765062,False,False,False,False,False
2025-01-25 16:00:00,PRD-A,72.0,1229.0,0.05858421480878763,0.03647330049923999,0.056882997094004746,0.07729269368876951,False,False,False,False,False
2025-01-26 00:00:00,PRD-A,71.0,1318.0,0.05386949924127466,0.03717444203475312,0.056882997094004746,0.07659155215325637,False,False,False,False,False
2025-01-26 08:00:00,PRD-A,74.0,1259.0,0.05877680698967434,0.03671793214993367,0.056882997094004746,0.07704806203807582,False,False,False,False,False
2025-01-26 16:00:00,PRD-A,108.0,1237.0,0.08730800323362975,0.03653940495335368,0.056882997094004746,0.0772265892346558,True,False,False,False,True
2025-02-02 00:00:00,PRD-A,57.0,1241.0,0.04593070104754231,0.036572217220098985,0.056882997094004746,0.07719377696791051,False,False,False,False,False
2025-02-02 08:00:00,PRD-A,85.0,1274.0,0.06671899529042387,0.03683699478256212,0.056882997094004746,0.07692899940544737,False,False,False,False,False
2025-02-02 16:00:00,PRD-A,119.0,1227.0,0.09698451507742462,0.03645667345241331,0.056882997094004746,0.07730932073559618,True,False,False,False,True
2025-02-03 00:00:00,PRD-A,88.0,1259.0,0.0698967434471803,0.03671793214993367,0.056882997094004746,0.07704806203807582,False,False,True,False,True
2025-02-03 08:00:00,PRD-A,63.0,843.0,0.07473309608540925,0.032239706243922264,0.056882997094004746,0.08152628794408723,False,True,True,False,True
2025-02-03 16:00:00,PRD-A,54.0,1256.0,0.042993630573248405,0.03669386403122894,0.056882997094004746,0.07707213015678055,False,False,True,False,True
2025-02-10 00:00:00,PRD-A,50.0,1261.0,0.03965107057890563,0.036733929823966366,0.056882997094004746,0.07703206436404313,False,True,False,False,True
2025-02-10 08:00:00,PRD-A,51.0,1305.0,0.03908045977011494,0.037076520080593416,0.056882997094004746,0.07668947410741608,False,True,False,False,True
2025-02-10 16:00:00,PRD-A,70.0,1240.0,0.056451612903225805,0.03656402904001473,0.056882997094004746,0.07720196514799477,False,True,False,False,True
2025-02-11 00:00:00,PRD-A,45.0,1302.0,0.03456221198156682,0.03705371468787698,0.056882997094004746,0.07671227950013251,True,True,True,False,True
2025-02-11 08:00:00,PRD-A,52.0,1274.0,0.04081632653061224,0.03683699478256212,0.056882997094004746,0.07692899940544737,False,True,True,False,True
2025-02-11 16:00:00,PRD-A,73.0,1256.0,0.058121019108280256,0.03669386403122894,0.056882997094004746,0.07707213015678055,False,True,False,False,True
2025-02-18 00:00:00,PRD-A,63.0,1261.0,0.0499603489294211,0.036733929823966366,0.056882997094004746,0.07703206436404313,False,False,False,False,False
2025-02-18 08:00:00,PRD-A,54.0,1246.0,0.04333868378812199,0.03661301015116347,0.056882997094004746,0.07715298403684602,False,False,True,False,True
2025-02-18 16:00:00,PRD-A,109.0,1236.0,0.08818770226537216,0.03653117700877434,0.056882997094004746,0.07723481717923515,True,False,False,False,True
2025-02-19 00:00:00,PRD-A,106.0,1297.0,0.08172706245181187,0.03701553001471845,0.056882997094004746,0.07675046417329104,True,True,False,False,True
2025-02-19 08:00:00,PRD-A,98.0,1316.0,0.07446808510638298,0.03715947161477513,0.056882997094004746,0.07660652257323436,False,True,False,False,True
2025-02-19 16:00:00,PRD-A,130.0,1209.0,0.10752688172043011,0.03630517824721366,0.056882997094004746,0.07746081594079583,True,True,True,False,True
2025-02-26 00:00:00,PRD-A,67.0,1219.0,0.054963084495488104,0.036389756569998585,0.056882997094004746,0.0773762376180109,False,True,True,False,True
2025-02-26 08:00:00,PRD-A,81.0,1249.0,0.06485188150520416,0.0366373682456136,0.056882997094004746,0.07712862594239589,False,False,True,False,True
2025-02-26 16:00:00,PRD-A,90.0,1215.0,0.07407407407407407,0.03635605055951831,0.056882997094004746,0.07740994362849118,False,False,True,False,True
2025-02-27 00:00:00,PRD-A,63.0,1220.0,0.051639344262295085,0.03639815716085125,0.056882997094004746,0.07736783702715824,False,False,False,False,False
2025-02-27 08:00:00,PRD-A,71.0,1267.0,0.056037884767166535,0.036781695360778625,0.056882997094004746,0.07698429882723087,False,False,False,False,False
2025-02-27 16:00:00,PRD-A,123.0,1205.0,0.1020746887966805,0.03627105248770553,0.056882997094004746,0.07749494170030397,True,False,False,False,True
2025-03-06 00:00:00,PRD-A,73.0,1254.0,0.058213716108452954,0.03667777065835638,0.056882997094004746,0.07708822352965311,False,False,False,False,False
2025-03-06 08:00:00,PRD-A,77.0,1216.0,0.06332236842105263,0.03636449265180811,0.056882997094004746,0.07740150153620137,False,False,False,False,False
2025-03-06 16:00:00,PRD-A,88.0,1246.0,0.07062600321027288,0.03661301015116347,0.056882997094004746,0.07715298403684602,False,False,False,False,False
2025-03-07 00:00:00,PRD-A,98.0,1220.0,0.08032786885245902,0.03639815716085125,0.056882997094004746,0.07736783702715824,True,True,False,False,True
2025-03-07 08:00:00,PRD-A,75.0,1291.0,0.05809450038729667,0.03696941590917035,0.056882997094004746,0.07679657827883915,False,True,False,False,True
2025-03-07 16:00:00,PRD-A,99.0,1188.0,0.08333333333333333,0.036124100298493125,0.056882997094004746,0.07764189388951637,True,True,False,False,True
2025-03-14 00:00:00,PRD-A,72.0,1182.0,0.06091370558375635,0.03607147943638943,0.056882997094004746,0.07769451475162006,False,False,False,True,True
2025-03-14 08:00:00,PRD-A,80.0,1237.0,0.0646725949878739,0.03653940495335368,0.056882997094004746,0.0772265892346558,False,False,False,True,True
2025-03-14 16:00:00,PRD-A,107.0,1232.0,0.08685064935064934,0.03649816511346013,0.056882997094004746,0.07726782907454936,True,False,False,True,True
2025-03-15 00:00:00,PRD-A,99.0,1230.0,0.08048780487804878,0.036481598810863665,0.056882997094004746,0.07728439537714582,True,True,True,True,True
2025-03-15 08:00:00,PRD-A,102.0,1242.0,0.0821256038647343,0.036580395509085234,0.056882997094004746,0.07718559867892426,True,True,True,True,True
2025-03-15 16:00:00,PRD-A,129.0,1227.0,0.10513447432762836,0.03645667345241331,0.056882997094004746,0.07730932073559618,True,True,True,True,True
2025-03-22 00:00:00,PRD-A,98.0,1183.0,0.08284023668639054,0.03608027737280356,0.056882997094004746,0.07768571681520593,True,True,True,True,True
2025-03-22 08:00:00,PRD-A,98.0,1216.0,0.0805921052631579,0.03636449265180811,0.056882997094004746,0.07740150153620137,True,True,True,True,True
2025-03-22 16:00:00,PRD-A,122.0,1208.0,0.10099337748344371,0.036296662700047264,0.056882997094004746,0.07746933148796223,True,True,True,True,True
2025-03-23 00:00:00,PRD-A,100.0,1250.0,0.08,0.03664546811745145,0.056882997094004746,0.07712052607055804,True,True,True,True,True
2025-03-23 08:00:00,PRD-A,96.0,1194.0,0.08040201005025126,0.036176324020963664,0.056882997094004746,0.07758967016704582,True,True,True,True,True
2025-03-23 16:00:00,PRD-A,149.0,1171.0,0.12724167378309137,0.03597395954375923,0.056882997094004746,0.07779203464425026,True,True,True,True,True
2025-03-30 00:00:00,PRD-A,36.0,1247.0,0.028869286287089013,0.03662113928200689,0.056882997094004746,0.0771448549060026,True,True,True,False,True
2025-03-30 08:00:00,PRD-A,56.0,1284.0,0.04361370716510903,0.03691520812142933,0.056882997094004746,0.07685078606658016,False,False,False,False,False
2025-03-30 16:00:00,PRD-A,56.0,1249.0,0.04483586869495596,0.0366373682456136,0.056882997094004746,0.07712862594239589,False,False,False,False,False
2025-03-31 00:00:00,PRD-A,50.0,1318.0,0.03793626707132018,0.03717444203475312,0.056882997094004746,0.07659155215325637,False,False,True,False,True
2025-03-31 08:00:00,PRD-A,56.0,1268.0,0.04416403785488959,0.03678962330497704,0.056882997094004746,0.07697637088303246,False,False,True,False,True
2025-03-31 16:00:00,PRD-A,69.0,1222.0,0.05646481178396072,0.03641492739692727,0.056882997094004746,0.07735106679108222,False,False,True,False,True
2025-04-07 00:00:00,PRD-A,111.0,1173.0,0.09462915601023018,0.03599179241485022,0.056882997094004746,0.07777420177315927,True,False,False,False,True
2025-04-07 08:00:00,PRD-A,84.0,719.0,0.1168289290681502,0.030199174481499683,0.056882997094004746,0.08356681970650981,True,True,False,False,True
2025-04-07 16:00:00,PRD-A,46.0,1246.0,0.03691813804173355,0.03661301015116347,0.056882997094004746,0.07715298403684602,False,True,False,False,True
2025-04-08 00:00:00,PRD-A,47.0,1275.0,0.03686274509803922,0.03684485750195125,0.056882997094004746,0.07692113668605824,False,True,False,False,True
2025-04-08 08:00:00,PRD-A,37.0,1278.0,0.028951486697965573,0.036868390263554686,0.056882997094004746,0.0768976039244548,True,True,False,False,True
2025-04-08 16:00:00,PRD-A,71.0,1250.0,0.0568,0.03664546811745145,0.056882997094004746,0.07712052607055804,False,True,False,False,True
2025-04-15 00:00:00,PRD-A,34.0,1264.0,0.02689873417721519,0.03675785510523677,0.056882997094004746,0.07700813908277272,True,True,True,False,True
2025-04-15 08:00:00,PRD-A,50.0,1322.0,0.037821482602118005,0.037204280893741545,0.056882997094004746,0.07656171329426795,False,True,True,False,True
2025-04-15 16:00:00,PRD-A,73.0,1304.0,0.05598159509202454,0.037068927027980425,0.056882997094004746,0.07669706716002907,False,True,False,False,True
2025-04-16 00:00:00,PRD-A,59.0,1283.0,0.04598597038191738,0.03690742795788743,0.056882997094004746,0.07685856623012206,False,False,False,True,True
2025-04-16 08:00:00,PRD-A,110.0,1347.0,0.08166295471417966,0.037387752326194706,0.056882997094004746,0.07637824186181479,True,False,False,False,True
2025-04-16 16:00:00,PRD-A,73.0,1209.0,0.060380479735318446,0.03630517824721366,0.056882997094004746,0.07746081594079583,False,False,False,False,False
2025-04-23 00:00:00,PRD-A,55.0,1236.0,0.04449838187702265,0.03653117700877434,0.056882997094004746,0.07723481717923515,False,False,False,False,False
2025-04-23 08:00:00,PRD-A,42.0,1275.0,0.03294117647058824,0.03684485750195125,0.056882997094004746,0.07692113668605824,True,False,False,False,True
2025-04-23 16:00:00,PRD-A,94.0,1235.0,0.07611336032388664,0.03652293907276191,0.056882997094004746,0.07724305511524758,False,False,False,False,False
2025-04-24 00:00:00,PRD-A,56.0,1291.0,0.043377226955848176,0.03696941590917035,0.056882997094004746,0.07679657827883915,False,True,False,False,True
2025-04-24 08:00:00,PRD-A,46.0,1137.0,0.040457343887423045,0.03566363822721248,0.056882997094004746,0.07810235596079701,False,True,True,False,True
2025-04-24 16:00:00,PRD-A,56.0,1305.0,0.04291187739463601,0.037076520080593416,0.056882997094004746,0.07668947410741608,False,True,True,False,True
2025-05-01 00:00:00,PRD-A,90.0,1184.0,0.07601351351351351,0.03608906416082859,0.056882997094004746,0.0776769300271809,False,True,False,False,True
2025-05-01 08:00:00,PRD-A,78.0,1178.0,0.06621392190152801,0.03603617573390118,0.056882997094004746,0.07772981845410831,False,False,False,False,False
2025-05-01 16:00:00,PRD-A,129.0,1015.0,0.1270935960591133,0.03442456315437459,0.056882997094004746,0.0793414310336349,True,True,False,False,True
2025-05-02 00:00:00,PRD-A,72.0,1324.0,0.054380664652567974,0.03721914958963117,0.056882997094004746,0.07654684459837832,False,False,False,False,False
2025-05-02 08:00:00,PRD-A,55.0,1329.0,0.04138449962377728,0.037256174377710935,0.056882997094004746,0.07650981981029856,False,False,False,False,False
2025-05-02 16:00:00,PRD-A,89.0,1292.0,0.06888544891640867,0.036977123895209005,0.056882997094004746,0.07678887029280049,False,False,False,False,False
2025-05-09 00:00:00,PRD-A,99.0,1215.0,0.08148148148148149,0.03635605055951831,0.056882997094004746,0.07740994362849118,True,False,False,False,True
2025-05-09 08:00:00,PRD-A,94.0,1197.0,0.0785296574770259,0.03620228851151851,0.056882997094004746,0.07756370567649098,True,True,False,False,True
2025-05-09 16:00:00,PRD-A,118.0,975.0,0.12102564102564102,0.033968507806017664,0.056882997094004746,0.07979748638199183,True,True,True,False,True
2025-05-10 00:00:00,PRD-A,82.0,1345.0,0.060966542750929366,0.037373263104746195,0.056882997094004746,0.0763927310832633,False,True,True,False,True
2025-05-10 08:00:00,PRD-A,40.0,1262.0,0.03169572107765452,0.036741914396211744,0.056882997094004746,0.07702407979179775,True,False,False,False,True
2025-05-10 16:00:00,PRD-A,66.0,1217.0,0.054231717337715694,0.036372924336751024,0.056882997094004746,0.07739306985125846,False,False,False,False,False
2025-05-17 00:00:00,PRD-A,120.0,1164.0,0.10309278350515463,0.035911182965507354,0.056882997094004746,0.07785481122250214,True,False,False,False,True
2025-05-17 08:00:00,PRD-A,124.0,1196.0,0.10367892976588629,0.03619364453681191,0.056882997094004746,0.07757234965119758,True,True,False,False,True
2025-05-17 16:00:00,PRD-A,159.0,1168.0,0.13613013698630136,0.03594712440430905,0.056882997094004746,0.07781886978370045,True,True,False,False,True
2025-05-18 00:00:00,PRD-A,96.0,1189.0,0.08074011774600505,0.03613283169605941,0.056882997094004746,0.07763316249195008,True,True,True,False,True
2025-05-18 08:00:00,PRD-A,109.0,1213.0,0.0898598516075845,0.03633913506712613,0.056882997094004746,0.07742685912088336,True,True,True,False,True
2025-05-18 16:00:00,PRD-A,156.0,1178.0,0.13242784380305603,0.03603617573390118,0.056882997094004746,0.07772981845410831,True,True,True,False,True
2025-05-25 00:00:00,PRD-A,85.0,1125.0,0.07555555555555556,0.0355507685008165,0.056882997094004746,0.078215225687193,False,True,True,False,True
2025-05-25 08:00:00,PRD-A,97.0,1235.0,0.07854251012145749,0.03652293907276191,0.056882997094004746,0.07724305511524758,True,True,True,True,True
2025-05-25 16:00:00,PRD-A,104.0,1190.0,0.08739495798319327,0.036141552085348895,0.056882997094004746,0.07762444210266059,True,True,True,True,True
2025-05-26 00:00:00,PRD-A,94.0,1236.0,0.07605177993527508,0.03653117700877434,0.056882997094004746,0.07723481717923515,False,True,True,True,True
2025-05-26 08:00:00,PRD-A,106.0,1192.0,0.08892617449664429,0.036158959931477885,0.056882997094004746,0.0776070342565316,True,True,True,True,True
2025-05-26 16:00:00,PRD-A,137.0,1158.0,0.11830742659758203,0.03585692203619083,0.056882997094004746,0.07790907215181866,True,True,True,True,True
2025-06-02 00:00:00,PRD-A,77.0,1139.0,0.06760316066725197,0.03568227622717845,0.056882997094004746,0.07808371796083105,False,True,True,True,True
2025-06-02 08:00:00,PRD-A,81.0,1233.0,0.06569343065693431,0.03650643314542893,0.056882997094004746,0.07725956104258055,False,False,True,True,True
2025-06-02 16:00:00,PRD-A,132.0,1182.0,0.1116751269035533,0.03607147943638943,0.056882997094004746,0.07769451475162006,True,False,True,True,True
2025-06-03 00:00:00,PRD-A,99.0,1172.0,0.08447098976109214,0.03598288168521528,0.056882997094004746,0.07778311250279421,True,True,True,True,True
2025-06-03 08:00:00,PRD-A,112.0,1197.0,0.0935672514619883,0.03620228851151851,0.056882997094004746,0.07756370567649098,True,True,True,True,True
2025-06-03 16:00:00,PRD-A,152.0,1168.0,0.13013698630136986,0.03594712440430905,0.056882997094004746,0.07781886978370045,True,True,True,True,True
2025-06-10 00:00:00,PRD-A,85.0,1154.0,0.07365684575389948,0.03582051322094307,0.056882997094004746,0.07794548096706642,False,True,True,True,True
2025-06-10 08:00:00,PRD-A,88.0,1222.0,0.07201309328968904,0.03641492739692727,0.056882997094004746,0.07735106679108222,False,True,True,True,True
2025-06-10 16:00:00,PRD-A,128.0,1119.0,0.11438784629133154,0.03549365399808183,0.056882997094004746,0.07827234018992765,True,True,True,True,True
2025-06-11 00:00:00,PRD-A,117.0,1174.0,0.09965928449744463,0.03600069175697039,0.056882997094004746,0.0777653024310391,True,True,True,True,True
2025-06-11 08:00:00,PRD-A,128.0,1265.0,0.10118577075098814,0.036765811279490676,0.056882997094004746,0.07700018290851882,True,True,True,True,True
2025-06-11 16:00:00,PRD-A,130.0,1198.0,0.10851419031719532,0.03621092166095856,0.056882997094004746,0.07755507252705093,True,True,True,True,True
2025-06-18 00:00:00,PRD-A,74.0,1125.0,0.06577777777777778,0.0355507685008165,0.056882997094004746,0.078215225687193,False,True,True,True,True
2025-06-18 08:00:00,PRD-A,82.0,1242.0,0.06602254428341385,0.036580395509085234,0.056882997094004746,0.07718559867892426,False,False,True,True,True
2025-06-18 16:00:00,PRD-A,105.0,1192.0,0.08808724832214765,0.036158959931477885,0.056882997094004746,0.0776070342565316,True,False,True,True,True
2025-06-19 00:00:00,PRD-A,98.0,1205.0,0.08132780082987552,0.03627105248770553,0.056882997094004746,0.07749494170030397,True,True,True,True,True
2025-06-19 08:00:00,PRD-A,83.0,1223.0,0.0678659035159444,0.03642329708433388,0.056882997094004746,0.07734269710367561,False,True,True,True,True
2025-06-19 16:00:00,PRD-A,156.0,1228.0,0.1270358306188925,0.036464992053304654,0.056882997094004746,0.07730100213470484,True,True,True,True,True
2025-06-26 00:00:00,PRD-A,88.0,1172.0,0.07508532423208192,0.03598288168521528,0.056882997094004746,0.07778311250279421,False,True,True,True,True
2025-06-26 08:00:00,PRD-A,87.0,1185.0,0.07341772151898734,0.036097839823989286,0.056882997094004746,0.0776681543640202,False,True,True,True,True
2025-06-26 16:00:00,PRD-A,120.0,1160.0,0.10344827586206896,0.0358750557826068,0.056882997094004746,0.07789093840540269,True,True,True,True,True
2025-06-27 00:00:00,PRD-A,93.0,1194.0,0.07788944723618091,0.036176324020963664,0.056882997094004746,0.07758967016704582,True,True,True,True,True
2025-06-27 08:00:00,PRD-A,90.0,971.0,0.09268795056642637,0.033921358601250604,0.056882997094004746,0.07984463558675889,True,True,True,True,True
2025-06-27 16:00:00,PRD-A,71.0,1264.0,0.05617088607594937,0.03675785510523677,0.056882997094004746,0.07700813908277272,False,True,True,False,True
2024-01-05 00:00:00,PRD-A,35.0,1227.0,0.02852485737571312,0.03645667345241331,0.056882997094004746,0.07730932073559618,True,False,False,False,True
2024-01-05 08:00:00,PRD-A,40.0,1233.0,0.032441200324412,0.03650643314542893,0.056882997094004746,0.07725956104258055,True,True,False,False,True
2024-01-05 16:00:00,PRD-A,66.0,1267.0,0.05209155485398579,0.036781695360778625,0.056882997094004746,0.07698429882723087,False,True,False,False,True
2024-01-06 00:00:00,PRD-A,37.0,1264.0,0.029272151898734177,0.03675785510523677,0.056882997094004746,0.07700813908277272,True,True,False,False,True
2024-01-06 08:00:00,PRD-A,42.0,1301.0,0.03228285933897002,0.03704609536678652,0.056882997094004746,0.07671989882122297,True,True,True,False,True
2024-01-06 16:00:00,PRD-A,77.0,1203.0,0.06400665004156277,0.03625392581702626,0.056882997094004746,0.07751206837098323,False,True,False,False,True
2024-01-13 00:00:00,PRD-A,32.0,1262.0,0.025356576862123614,0.036741914396211744,0.056882997094004746,0.07702407979179775,True,True,False,False,True
2024-01-13 08:00:00,PRD-A,43.0,1256.0,0.03423566878980892,0.03669386403122894,0.056882997094004746,0.07707213015678055,True,True,True,False,True
2024-01-13 16:00:00,PRD-A,67.0,1275.0,0.05254901960784314,0.03684485750195125,0.056882997094004746,0.07692113668605824,False,True,False,False,True
2024-01-14 00:00:00,PRD-A,46.0,1246.0,0.03691813804173355,0.03661301015116347,0.056882997094004746,0.07715298403684602,False,True,False,False,True
2024-01-14 08:00:00,PRD-A,45.0,1253.0,0.035913806863527534,0.03666970952640365,0.056882997094004746,0.07709628466160584,True,True,True,False,True
2024-01-14 16:00:00,PRD-A,63.0,1232.0,0.05113636363636364,0.03649816511346013,0.056882997094004746,0.07726782907454936,False,True,False,False,True
2024-01-21 00:00:00,PRD-A,47.0,1280.0,0.03671875,0.03688403278789077,0.056882997094004746,0.07688196140011871,True,True,False,False,True
2024-01-21 08:00:00,PRD-A,55.0,1339.0,0.041075429424943986,0.03732960083307732,0.056882997094004746,0.07643639335493217,False,True,True,True,True
2024-01-21 16:00:00,PRD-A,57.0,1241.0,0.04593070104754231,0.036572217220098985,0.056882997094004746,0.07719377696791051,False,True,True,True,True
2024-01-22 00:00:00,PRD-A,47.0,1329.0,0.035364936042136946,0.037256174377710935,0.056882997094004746,0.07650981981029856,True,True,True,True,True
2024-01-22 08:00:00,PRD-A,40.0,1191.0,0.033585222502099076,0.03615026148947366,0.056882997094004746,0.07761573269853583,True,True,True,True,True
2024-01-22 16:00:00,PRD-A,79.0,1241.0,0.06365834004834811,0.036572217220098985,0.056882997094004746,0.07719377696791051,False,True,True,False,True
2024-01-29 00:00:00,PRD-A,35.0,1315.0,0.026615969581749048,0.03715197360063649,0.056882997094004746,0.076614020587373,True,True,True,False,True
2024-01-29 08:00:00,PRD-A,64.0,1351.0,0.047372316802368614,0.03741663418615431,0.056882997094004746,0.07634936000185519,False,False,True,False,True
2024-01-29 16:00:00,PRD-A,65.0,1334.0,0.04872563718140929,0.03729299080989584,0.056882997094004746,0.07647300337811365,False,False,True,False,True
2024-01-30 00:00:00,PRD-A,47.0,1297.0,0.036237471087124135,0.03701553001471845,0.056882997094004746,0.07675046417329104,True,False,True,False,True
2024-01-30 08:00:00,PRD-A,26.0,1322.0,0.019667170953101363,0.037204280893741545,0.056882997094004746,0.07656171329426795,True,True,True,False,True
2024-01-30 16:00:00,PRD-A,45.0,1147.0,0.03923278116826504,0.03575634010723022,0.056882997094004746,0.07800965408077927,False,True,True,False,True
2024-02-06 00:00:00,PRD-A,66.0,1190.0,0.05546218487394958,0.036141552085348895,0.056882997094004746,0.07762444210266059,False,True,True,False,True
2024-02-06 08:00:00,PRD-A,52.0,1251.0,0.04156674660271783,0.036653558275270864,0.056882997094004746,0.07711243591273863,False,True,True,True,True
2024-02-06 16:00:00,PRD-A,87.0,1206.0,0.07213930348258707,0.03627959984225356,0.056882997094004746,0.07748639434575594,False,False,False,False,False
2024-02-07 00:00:00,PRD-A,51.0,950.0,0.05368421052631579,0.033668959284591085,0.056882997094004746,0.08009703490341841,False,False,False,False,False
2024-02-07 08:00:00,PRD-A,57.0,1343.0,0.04244229337304542,0.03735874152924159,0.056882997094004746,0.07640725265876791,False,False,False,False,False
2024-02-07 16:00:00,PRD-A,48.0,1297.0,0.03700848111025443,0.03701553001471845,0.056882997094004746,0.07675046417329104,True,True,False,False,True
2024-02-14 00:00:00,PRD-A,22.0,1272.0,0.01729559748427673,0.03682124153666415,0.056882997094004746,0.07694475265134534,True,True,False,False,True
2024-02-14 08:00:00,PRD-A,60.0,1334.0,0.044977511244377814,0.03729299080989584,0.056882997094004746,0.07647300337811365,False,True,True,False,True
2024-02-14 16:00:00,PRD-A,46.0,1283.0,0.03585346843335931,0.03690742795788743,0.056882997094004746,0.07685856623012206,True,True,True,False,True
2024-02-15 00:00:00,PRD-A,29.0,1276.0,0.022727272727272728,0.03685271097651982,0.056882997094004746,0.07691328321148967,True,True,True,False,True
2024-02-15 08:00:00,PRD-A,45.0,1338.0,0.033632286995515695,0.03732229524856652,0.056882997094004746,0.07644369893944297,True,True,True,True,True
2024-02-15 16:00:00,PRD-A,52.0,1277.0,0.04072043852779953,0.036860555224370074,0.056882997094004746,0.07690543896363941,False,True,True,True,True
2024-02-22 00:00:00,PRD-A,36.0,1221.0,0.029484029484029485,0.036406547429453526,0.056882997094004746,0.07735944675855597,True,True,True,True,True
2024-02-22 08:00:00,PRD-A,44.0,1314.0,0.0334855403348554,0.03714446702874865,0.056882997094004746,0.07662152715926085,True,True,True,True,True
2024-02-22 16:00:00,PRD-A,53.0,1255.0,0.04223107569721116,0.03668582215356973,0.056882997094004746,0.07708017203443976,False,True,True,True,True
2024-02-23 00:00:00,PRD-A,50.0,1256.0,0.03980891719745223,0.03669386403122894,0.056882997094004746,0.07707213015678055,False,True,True,True,True
2024-02-23 08:00:00,PRD-A,36.0,1242.0,0.028985507246376812,0.036580395509085234,0.056882997094004746,0.07718559867892426,True,True,True,True,True
2024-02-23 16:00:00,PRD-A,65.0,1185.0,0.05485232067510549,0.036097839823989286,0.056882997094004746,0.0776681543640202,False,True,True,True,True
2024-03-01 00:00:00,PRD-A,49.0,1082.0,0.04528650646950092,0.03513101386604614,0.056882997094004746,0.07863498032196335,False,False,True,True,True
2024-03-01 08:00:00,PRD-A,26.0,1308.0,0.019877675840978593,0.037099246969333095,0.056882997094004746,0.07666674721867639,True,False,True,True,True
2024-03-01 16:00:00,PRD-A,47.0,1286.0,0.03654743390357698,0.03693074121516296,0.056882997094004746,0.07683525297284653,True,True,True,True,True
2024-03-02 00:00:00,PRD-A,30.0,1275.0,0.023529411764705882,0.03684485750195125,0.056882997094004746,0.07692113668605824,True,True,True,True,True
2024-03-02 08:00:00,PRD-A,34.0,1255.0,0.027091633466135457,0.03668582215356973,0.056882997094004746,0.07708017203443976,True,True,True,True,True
2024-03-02 16:00:00,PRD-A,70.0,1279.0,0.054730258014073496,0.03687621611207691,0.056882997094004746,0.07688977807593259,False,True,True,True,True
2024-03-09 00:00:00,PRD-A,57.0,1223.0,0.04660670482420278,0.03642329708433388,0.056882997094004746,0.07734269710367561,False,False,True,True,True
2024-03-09 08:00:00,PRD-A,69.0,1245.0,0.05542168674698795,0.03660487122815216,0.056882997094004746,0.07716112295985733,False,False,False,True,True
2024-03-09 16:00:00,PRD-A,124.0,1277.0,0.0971025841816758,0.036860555224370074,0.056882997094004746,0.07690543896363941,True,False,False,False,True
2024-03-10 00:00:00,PRD-A,86.0,1256.0,0.06847133757961783,0.03669386403122894,0.056882997094004746,0.07707213015678055,False,False,False,False,False
2024-03-10 08:00:00,PRD-A,94.0,1251.0,0.07513988808952837,0.036653558275270864,0.056882997094004746,0.07711243591273863,False,True,False,False,True
2024-03-10 16:00:00,PRD-A,108.0,862.0,0.12529002320185614,0.032512810345816275,0.056882997094004746,0.08125318384219321,True,True,True,False,True
2024-03-17 00:00:00,PRD-A,34.0,1241.0,0.0273972602739726,0.036572217220098985,0.056882997094004746,0.07719377696791051,True,True,True,False,True
2024-03-17 08:00:00,PRD-A,33.0,1299.0,0.025404157043879907,0.037030830338188755,0.056882997094004746,0.07673516384982074,True,True,False,False,True
2024-03-17 16:00:00,PRD-A,60.0,1256.0,0.04777070063694268,0.03669386403122894,0.056882997094004746,0.07707213015678055,False,True,False,False,True
2024-03-18 00:00:00,PRD-A,53.0,1309.0,0.04048892284186402,0.03710680523135667,0.056882997094004746,0.07665918895665283,False,True,True,False,True
2024-03-18 08:00:00,PRD-A,46.0,1254.0,0.03668261562998405,0.03667777065835638,0.056882997094004746,0.07708822352965311,False,True,True,False,True
2024-03-18 16:00:00,PRD-A,65.0,1250.0,0.052,0.03664546811745145,0.056882997094004746,0.07712052607055804,False,True,True,False,True
2024-03-25 00:00:00,PRD-A,59.0,1250.0,0.0472,0.03664546811745145,0.056882997094004746,0.07712052607055804,False,False,True,False,True
2024-03-25 08:00:00,PRD-A,54.0,1033.0,0.05227492739593417,0.03462109187772316,0.056882997094004746,0.07914490231028634,False,False,False,True,True
2024-03-25 16:00:00,PRD-A,38.0,1277.0,0.02975724353954581,0.036860555224370074,0.056882997094004746,0.07690543896363941,True,False,False,True,True
2024-03-26 00:00:00,PRD-A,27.0,1322.0,0.02042360060514372,0.037204280893741545,0.056882997094004746,0.07656171329426795,True,True,False,True,True
2024-03-26 08:00:00,PRD-A,37.0,1274.0,0.029042386185243328,0.03683699478256212,0.056882997094004746,0.07692899940544737,True,True,True,True,True
2024-03-26 16:00:00,PRD-A,49.0,1299.0,0.037721324095458045,0.037030830338188755,0.056882997094004746,0.07673516384982074,False,True,True,True,True
2024-04-02 00:00:00,PRD-A,28.0,1175.0,0.023829787234042554,0.036009579735809705,0.056882997094004746,0.07775641445219979,True,True,True,True,True
2024-04-02 08:00:00,PRD-A,32.0,1320.0,0.024242424242424242,0.03718937841814854,0.056882997094004746,0.07657661576986095,True,True,True,True,True
2024-04-02 16:00:00,PRD-A,49.0,1291.0,0.037955073586367155,0.03696941590917035,0.056882997094004746,0.07679657827883915,False,True,True,True,True
2024-04-03 00:00:00,PRD-A,43.0,1317.0,0.032649962034927864,0.03716696108741244,0.056882997094004746,0.07659903310059706,True,True,True,True,True
2024-04-03 08:00:00,PRD-A,39.0,1310.0,0.029770992366412213,0.03711435483722928,0.056882997094004746,0.0766516393507802,True,True,True,True,True
2024-04-03 16:00:00,PRD-A,53.0,1223.0,0.04333605887162715,0.03642329708433388,0.056882997094004746,0.07734269710367561,False,True,True,True,True
2024-04-10 00:00:00,PRD-A,42.0,1224.0,0.03431372549019608,0.03643165651267453,0.056882997094004746,0.07733433767533496,True,True,True,True,True
2024-04-10 08:00:00,PRD-A,42.0,1090.0,0.03853211009174312,0.03521098466334814,0.056882997094004746,0.07855500952466135,False,True,True,True,True
2024-04-10 16:00:00,PRD-A,41.0,1248.0,0.032852564102564104,0.03662925864030204,0.056882997094004746,0.07713673554770745,True,True,True,True,True
2024-04-11 00:00:00,PRD-A,31.0,1321.0,0.023467070401211203,0.037196833886398245,0.056882997094004746,0.07656916030161125,True,True,True,True,True
2024-04-11 08:00:00,PRD-A,72.0,1357.0,0.05305821665438467,0.037459717299630296,0.056882997094004746,0.0763062768883792,False,True,True,True,True
2024-04-11 16:00:00,PRD-A,45.0,1299.0,0.03464203233256351,0.037030830338188755,0.056882997094004746,0.07673516384982074,True,True,True,True,True
2024-04-18 00:00:00,PRD-A,42.0,1290.0,0.03255813953488372,0.03696169896209331,0.056882997094004746,0.07680429522591618,True,True,True,True,True
2024-04-18 08:00:00,PRD-A,36.0,1301.0,0.027671022290545733,0.03704609536678652,0.056882997094004746,0.07671989882122297,True,True,True,True,True
2024-04-18 16:00:00,PRD-A,47.0,1245.0,0.03775100401606426,0.03660487122815216,0.056882997094004746,0.07716112295985733,False,True,True,True,True
2024-04-19 00:00:00,PRD-A,43.0,1151.0,0.03735881841876629,0.0357930821471876,0.056882997094004746,0.07797291204082189,False,True,True,True,True
2024-04-19 08:00:00,PRD-A,19.0,1254.0,0.015151515151515152,0.03667777065835638,0.056882997094004746,0.07708822352965311,True,True,True,True,True
2024-04-19 16:00:00,PRD-A,51.0,1264.0,0.040348101265822785,0.03675785510523677,0.056882997094004746,0.07700813908277272,False,True,True,True,True
2024-04-26 00:00:00,PRD-A,49.0,1126.0,0.043516873889875664,0.035560243175320375,0.056882997094004746,0.07820575101268912,False,True,True,True,True
2024-04-26 08:00:00,PRD-A,35.0,910.0,0.038461538461538464,0.03316424729266596,0.056882997094004746,0.08060174689534352,False,True,True,True,True
2024-04-26 16:00:00,PRD-A,44.0,1291.0,0.03408210689388071,0.03696941590917035,0.056882997094004746,0.07679657827883915,True,True,True,True,True
2024-04-27 00:00:00,PRD-A,37.0,1318.0,0.028072837632776935,0.03717444203475312,0.056882997094004746,0.07659155215325637,True,True,True,True,True
2024-04-27 08:00:00,PRD-A,40.0,1322.0,0.030257186081694403,0.037204280893741545,0.056882997094004746,0.07656171329426795,True,True,True,True,True
2024-04-27 16:00:00,PRD-A,44.0,1233.0,0.035685320356853206,0.03650643314542893,0.056882997094004746,0.07725956104258055,True,True,True,True,True
2024-05-04 00:00:00,PRD-A,31.0,792.0,0.039141414141414144,0.0314586447079546,0.056882997094004746,0.08230734948005489,False,True,True,True,True
2024-05-04 08:00:00,PRD-A,57.0,1293.0,0.04408352668213457,0.036984822937538686,0.056882997094004746,0.0767811712504708,False,True,True,True,True
2024-05-04 16:00:00,PRD-A,46.0,1270.0,0.03622047244094488,0.03680545109300948,0.056882997094004746,0.07696054309500001,True,True,True,True,True
2024-05-05 00:00:00,PRD-A,35.0,1263.0,0.027711797307996833,0.03674988948371419,0.056882997094004746,0.0770161047042953,True,True,True,True,True
2024-05-05 08:00:00,PRD-A,37.0,1308.0,0.028287461773700305,0.037099246969333095,0.056882997094004746,0.07666674721867639,True,True,True,True,True
2024-05-05 16:00:00,PRD-A,42.0,1247.0,0.03368083400160385,0.03662113928200689,0.056882997094004746,0.0771448549060026,True,True,True,True,True
2024-05-12 00:00:00,PRD-A,22.0,1278.0,0.017214397496087636,0.036868390263554686,0.056882997094004746,0.0768976039244548,True,True,True,True,True
2024-05-12 08:00:00,PRD-A,21.0,1302.0,0.016129032258064516,0.03705371468787698,0.056882997094004746,0.07671227950013251,True,True,True,True,True
2024-05-12 16:00:00,PRD-A,39.0,1257.0,0.031026252983293555,0.036701896310465804,0.056882997094004746,0.07706409787754369,True,True,True,True,True
2024-05-13 00:00:00,PRD-A,76.0,1357.0,0.05600589535740604,0.037459717299630296,0.056882997094004746,0.0763062768883792,False,True,True,True,True
2024-05-13 08:00:00,PRD-A,52.0,1295.0,0.040154440154440155,0.037000194260154516,0.056882997094004746,0.07676579992785498,False,True,True,True,True
2024-05-13 16:00:00,PRD-A,76.0,1262.0,0.060221870047543584,0.036741914396211744,0.056882997094004746,0.07702407979179775,False,False,False,False,False
2024-05-20 00:00:00,PRD-A,99.0,1292.0,0.07662538699690402,0.036977123895209005,0.056882997094004746,0.07678887029280049,False,False,False,False,False
2024-05-20 08:00:00,PRD-A,100.0,1336.0,0.0748502994011976,0.03730765948008008,0.056882997094004746,0.07645833470792941,False,True,False,False,True
2024-05-20 16:00:00,PRD-A,56.0,1308.0,0.04281345565749235,0.037099246969333095,0.056882997094004746,0.07666674721867639,False,True,False,False,True
2024-05-21 00:00:00,PRD-A,39.0,1307.0,0.029839326702371844,0.03709168003460443,0.056882997094004746,0.07667431415340506,True,True,False,False,True
2024-05-21 08:00:00,PRD-A,41.0,1285.0,0.031906614785992216,0.03692297920130044,0.056882997094004746,0.07684301498670905,True,True,False,False,True
2024-05-21 16:00:00,PRD-A,59.0,1196.0,0.04933110367892977,0.03619364453681191,0.056882997094004746,0.07757234965119758,False,True,True,False,True
2024-05-28 00:00:00,PRD-A,29.0,1241.0,0.023368251410153102,0.036572217220098985,0.056882997094004746,0.07719377696791051,True,True,True,False,True
2024-05-28 08:00:00,PRD-A,37.0,1294.0,0.0285935085007728,0.036992513053441915,0.056882997094004746,0.07677348113456758,True,True,True,False,True
2024-05-28 16:00:00,PRD-A,48.0,1238.0,0.03877221324717286,0.03654762292668058,0.056882997094004746,0.07721837126132891,False,True,True,False,True
2024-05-29 00:00:00,PRD-A,33.0,1315.0,0.025095057034220533,0.03715197360063649,0.056882997094004746,0.076614020587373,True,True,True,True,True
2024-05-29 08:00:00,PRD-A,40.0,1284.0,0.03115264797507788,0.03691520812142933,0.056882997094004746,0.07685078606658016,True,True,True,True,True
2024-05-29 16:00:00,PRD-A,65.0,1181.0,0.0550381033022862,0.036062670327991715,0.056882997094004746,0.07770332386001777,False,True,True,True,True
2024-06-05 00:00:00,PRD-A,37.0,1200.0,0.030833333333333334,0.03622815557427782,0.056882997094004746,0.07753783861373167,True,True,True,True,True
2024-06-05 08:00:00,PRD-A,43.0,1259.0,0.03415409054805401,0.03671793214993367,0.056882997094004746,0.07704806203807582,True,True,True,True,True
2024-06-05 16:00:00,PRD-A,52.0,1172.0,0.04436860068259386,0.03598288168521528,0.056882997094004746,0.07778311250279421,False,True,True,True,True
2024-06-06 00:00:00,PRD-A,51.0,1264.0,0.040348101265822785,0.03675785510523677,0.056882997094004746,0.07700813908277272,False,True,True,True,True
2024-06-06 08:00:00,PRD-A,27.0,931.0,0.02900107411385607,0.03343327773149431,0.056882997094004746,0.08033271645651519,True,True,True,True,True
2024-06-06 16:00:00,PRD-A,38.0,1267.0,0.02999210734017364,0.036781695360778625,0.056882997094004746,0.07698429882723087,True,True,True,True,True
2024-06-13 00:00:00,PRD-A,49.0,1283.0,0.03819173811379579,0.03690742795788743,0.056882997094004746,0.07685856623012206,False,True,True,True,True
2024-06-13 08:00:00,PRD-A,64.0,1342.0,0.04769001490312966,0.0373514685710587,0.056882997094004746,0.07641452561695079,False,True,True,True,True
2024-06-13 16:00:00,PRD-A,52.0,1285.0,0.04046692607003891,0.03692297920130044,0.056882997094004746,0.07684301498670905,False,True,True,True,True
2024-06-14 00:00:00,PRD-A,80.0,1336.0,0.059880239520958084,0.03730765948008008,0.056882997094004746,0.07645833470792941,False,False,True,False,True
2024-06-14 08:00:00,PRD-A,27.0,1265.0,0.021343873517786563,0.036765811279490676,0.056882997094004746,0.07700018290851882,True,True,True,False,True
2024-06-14 16:00:00,PRD-A,51.0,1281.0,0.03981264637002342,0.03689184030890122,0.056882997094004746,0.07687415387910827,False,True,True,False,True
2024-06-21 00:00:00,PRD-A,85.0,1159.0,0.07333908541846419,0.03586599477665976,0.056882997094004746,0.07789999941134973,False,True,False,False,True
2024-06-21 08:00:00,PRD-A,87.0,1163.0,0.07480653482373173,0.035902168645672,0.056882997094004746,0.07786382554233749,False,True,False,False,True
2024-06-21 16:00:00,PRD-A,143.0,1116.0,0.12813620071684587,0.03546492417573555,0.056882997094004746,0.07830107001227393,True,True,False,False,True
2024-06-22 00:00:00,PRD-A,100.0,1091.0,0.09165902841429881,0.03522091911834213,0.056882997094004746,0.07854507506966736,True,True,True,False,True
2024-06-22 08:00:00,PRD-A,37.0,1263.0,0.02929532858273951,0.03674988948371419,0.056882997094004746,0.0770161047042953,True,True,True,False,True
2024-06-22 16:00:00,PRD-A,54.0,1229.0,0.043938161106590726,0.03647330049923999,0.056882997094004746,0.07729269368876951,False,False,False,False,False
2024-06-29 00:00:00,PRD-A,30.0,1270.0,0.023622047244094488,0.03680545109300948,0.056882997094004746,0.07696054309500001,True,True,False,False,True
2024-06-29 08:00:00,PRD-A,41.0,1320.0,0.03106060606060606,0.03718937841814854,0.056882997094004746,0.07657661576986095,True,True,True,False,True
2024-06-29 16:00:00,PRD-A,36.0,1246.0,0.028892455858747994,0.03661301015116347,0.056882997094004746,0.07715298403684602,True,True,True,False,True
2024-06-30 00:00:00,PRD-A,51.0,1296.0,0.03935185185185185,0.03700786657486574,0.056882997094004746,0.07675812761314375,False,True,True,False,True
2024-06-30 08:00:00,PRD-A,51.0,1305.0,0.03908045977011494,0.037076520080593416,0.056882997094004746,0.07668947410741608,False,True,True,False,True
2024-06-30 16:00:00,PRD-A,67.0,1268.0,0.0528391167192429,0.03678962330497704,0.056882997094004746,0.07697637088303246,False,True,True,True,True
2024-07-07 00:00:00,PRD-A,54.0,1335.0,0.04044943820224719,0.03730032926540118,0.056882997094004746,0.07646566492260831,False,True,True,True,True
2024-07-07 08:00:00,PRD-A,29.0,1327.0,0.02185380557648832,0.037241389575074724,0.056882997094004746,0.07652460461293477,True,True,True,True,True
2024-07-07 16:00:00,PRD-A,48.0,1256.0,0.03821656050955414,0.03669386403122894,0.056882997094004746,0.07707213015678055,False,True,True,True,True
2024-07-08 00:00:00,PRD-A,35.0,1299.0,0.026943802925327175,0.037030830338188755,0.056882997094004746,0.07673516384982074,True,True,True,True,True
2024-07-08 08:00:00,PRD-A,26.0,1027.0,0.02531645569620253,0.03455615667354436,0.056882997094004746,0.07920983751446514,True,True,True,True,True
2024-07-08 16:00:00,PRD-A,64.0,1364.0,0.0469208211143695,0.03750962120244895,0.056882997094004746,0.07625637298556054,False,True,True,True,True
2024-07-15 00:00:00,PRD-A,36.0,1239.0,0.029055690072639227,0.03655583094887867,0.056882997094004746,0.07721016323913082,True,True,True,True,True
2024-07-15 08:00:00,PRD-A,40.0,1310.0,0.030534351145038167,0.03711435483722928,0.056882997094004746,0.0766516393507802,True,True,True,True,True
2024-07-15 16:00:00,PRD-A,42.0,1300.0,0.03230769230769231,0.037038467255861546,0.056882997094004746,0.07672752693214795,True,True,True,True,True
2024-07-16 00:00:00,PRD-A,69.0,1373.0,0.050254916241806266,0.03757322173266267,0.056882997094004746,0.07619277245534682,False,True,True,True,True
2024-07-16 08:00:00,PRD-A,28.0,1275.0,0.02196078431372549,0.03684485750195125,0.056882997094004746,0.07692113668605824,True,True,True,True,True
2024-07-16 16:00:00,PRD-A,45.0,1234.0,0.03646677471636953,0.03651469112507855,0.056882997094004746,0.07725130306293095,True,True,True,True,True
2024-07-23 00:00:00,PRD-A,62.0,1269.0,0.04885736800630418,0.03679754187623589,0.056882997094004746,0.0769684523117736,False,True,True,True,True
2024-07-23 08:00:00,PRD-A,59.0,1272.0,0.046383647798742135,0.03682124153666415,0.056882997094004746,0.07694475265134534,False,False,True,True,True
2024-07-23 16:00:00,PRD-A,92.0,1254.0,0.0733652312599681,0.03667777065835638,0.056882997094004746,0.07708822352965311,False,False,True,False,True
2024-07-24 00:00:00,PRD-A,79.0,1308.0,0.06039755351681957,0.037099246969333095,0.056882997094004746,0.07666674721867639,False,False,False,False,False
2024-07-24 08:00:00,PRD-A,75.0,1297.0,0.05782575173477255,0.03701553001471845,0.056882997094004746,0.07675046417329104,False,False,False,False,False
2024-07-24 16:00:00,PRD-A,100.0,1252.0,0.07987220447284345,0.0366616387384727,0.056882997094004746,0.07710435544953678,True,False,False,False,True
2024-07-31 00:00:00,PRD-A,86.0,1038.0,0.08285163776493257,0.034674773907183876,0.056882997094004746,0.07909122028082562,True,True,False,False,True
2024-07-31 08:00:00,PRD-A,38.0,1307.0,0.029074215761285386,0.03709168003460443,0.056882997094004746,0.07667431415340506,True,True,False,False,True
2024-07-31 16:00:00,PRD-A,50.0,1092.0,0.045787545787545784,0.0352308399239807,0.056882997094004746,0.0785351542640288,False,False,False,False,False
2024-08-01 00:00:00,PRD-A,39.0,1167.0,0.033419023136246784,0.035938156371047164,0.056882997094004746,0.07782783781696233,True,True,False,False,True
2024-08-01 08:00:00,PRD-A,31.0,1377.0,0.02251270878721859,0.03760128828145244,0.056882997094004746,0.07616470590655705,True,True,True,False,True
2024-08-01 16:00:00,PRD-A,24.0,1287.0,0.018648018648018648,0.036938494180631054,0.056882997094004746,0.07682750000737844,True,True,True,False,True
2024-08-08 00:00:00,PRD-A,21.0,1215.0,0.01728395061728395,0.03635605055951831,0.056882997094004746,0.07740994362849118,True,True,True,False,True
2024-08-08 08:00:00,PRD-A,36.0,1322.0,0.02723146747352496,0.037204280893741545,0.056882997094004746,0.07656171329426795,True,True,True,False,True
2024-08-08 16:00:00,PRD-A,43.0,1280.0,0.03359375,0.03688403278789077,0.056882997094004746,0.07688196140011871,True,True,True,True,True
2024-08-09 00:00:00,PRD-A,43.0,1314.0,0.03272450532724505,0.03714446702874865,0.056882997094004746,0.07662152715926085,True,True,True,True,True
2024-08-09 08:00:00,PRD-A,43.0,1254.0,0.0342902711323764,0.03667777065835638,0.056882997094004746,0.07708822352965311,True,True,True,True,True
2024-08-09 16:00:00,PRD-A,60.0,1200.0,0.05,0.03622815557427782,0.056882997094004746,0.07753783861373167,False,True,True,True,True
2024-08-16 00:00:00,PRD-A,38.0,1196.0,0.03177257525083612,0.03619364453681191,0.056882997094004746,0.07757234965119758,True,True,True,True,True
2024-08-16 08:00:00,PRD-A,43.0,1240.0,0.03467741935483871,0.03656402904001473,0.056882997094004746,0.07720196514799477,True,True,True,True,True
2024-08-16 16:00:00,PRD-A,76.0,1240.0,0.06129032258064516,0.03656402904001473,0.056882997094004746,0.07720196514799477,False,True,False,False,True
2024-08-17 00:00:00,PRD-A,52.0,1185.0,0.04388185654008439,0.036097839823989286,0.056882997094004746,0.0776681543640202,False,False,False,False,False
2024-08-17 08:00:00,PRD-A,48.0,1257.0,0.03818615751789976,0.036701896310465804,0.056882997094004746,0.07706409787754369,False,False,True,False,True
2024-08-17 16:00:00,PRD-A,77.0,1247.0,0.061748195669607056,0.03662113928200689,0.056882997094004746,0.0771448549060026,False,False,False,False,False
2024-08-24 00:00:00,PRD-A,75.0,1227.0,0.061124694376528114,0.03645667345241331,0.056882997094004746,0.07730932073559618,False,False,False,False,False
2024-08-24 08:00:00,PRD-A,58.0,1279.0,0.04534792806880375,0.03687621611207691,0.056882997094004746,0.07688977807593259,False,False,False,False,False
2024-08-24 16:00:00,PRD-A,91.0,1216.0,0.07483552631578948,0.03636449265180811,0.056882997094004746,0.07740150153620137,False,False,False,False,False
2024-08-25 00:00:00,PRD-A,41.0,907.0,0.04520396912899669,0.033125053517982464,0.056882997094004746,0.08064094067002703,False,False,False,False,False
2024-08-25 08:00:00,PRD-A,44.0,1305.0,0.03371647509578544,0.037076520080593416,0.056882997094004746,0.07668947410741608,True,False,False,False,True
2024-08-25 16:00:00,PRD-A,44.0,1316.0,0.03343465045592705,0.03715947161477513,0.056882997094004746,0.07660652257323436,True,True,True,False,True
2024-09-01 00:00:00,PRD-A,41.0,1060.0,0.038679245283018866,0.0349064449701846,0.056882997094004746,0.0788595492178249,False,True,True,False,True
2024-09-01 08:00:00,PRD-A,42.0,1304.0,0.032208588957055216,0.037068927027980425,0.056882997094004746,0.07669706716002907,True,True,True,False,True
2024-09-01 16:00:00,PRD-A,54.0,1244.0,0.04340836012861737,0.0365967224932981,0.056882997094004746,0.07716927169471138,False,True,True,False,True
2024-09-02 00:00:00,PRD-A,41.0,1298.0,0.031587057010785825,0.03702318459680927,0.056882997094004746,0.07674280959120022,True,True,True,False,True
2024-09-02 08:00:00,PRD-A,41.0,1265.0,0.03241106719367589,0.036765811279490676,0.056882997094004746,0.07700018290851882,True,True,True,True,True
2024-09-02 16:00:00,PRD-A,69.0,1222.0,0.05646481178396072,0.03641492739692727,0.056882997094004746,0.07735106679108222,False,True,True,True,True
2024-09-09 00:00:00,PRD-A,46.0,1185.0,0.038818565400843885,0.036097839823989286,0.056882997094004746,0.0776681543640202,False,True,True,True,True
2024-09-09 08:00:00,PRD-A,71.0,1259.0,0.056393963463065924,0.03671793214993367,0.056882997094004746,0.07704806203807582,False,False,False,True,True
2024-09-09 16:00:00,PRD-A,77.0,1243.0,0.061946902654867256,0.036588563926871064,0.056882997094004746,0.07717743026113844,False,False,False,False,False
2024-09-10 00:00:00,PRD-A,65.0,1286.0,0.05054432348367029,0.03693074121516296,0.056882997094004746,0.07683525297284653,False,False,False,False,False
2024-09-10 08:00:00,PRD-A,55.0,1182.0,0.046531302876480544,0.03607147943638943,0.056882997094004746,0.07769451475162006,False,False,False,False,False
2024-09-10 16:00:00,PRD-A,83.0,1233.0,0.06731549067315491,0.03650643314542893,0.056882997094004746,0.07725956104258055,False,False,False,False,False
2024-09-17 00:00:00,PRD-A,56.0,1188.0,0.04713804713804714,0.036124100298493125,0.056882997094004746,0.07764189388951637,False,False,False,False,False
2024-09-17 08:00:00,PRD-A,61.0,1274.0,0.047880690737833596,0.03683699478256212,0.056882997094004746,0.07692899940544737,False,False,False,False,False
2024-09-17 16:00:00,PRD-A,82.0,1197.0,0.06850459482038429,0.03620228851151851,0.056882997094004746,0.07756370567649098,False,False,False,False,False
2024-09-18 00:00:00,PRD-A,71.0,1242.0,0.0571658615136876,0.036580395509085234,0.056882997094004746,0.07718559867892426,False,False,False,False,False
2024-09-18 08:00:00,PRD-A,87.0,1168.0,0.07448630136986302,0.03594712440430905,0.056882997094004746,0.07781886978370045,False,False,False,False,False
2024-09-18 16:00:00,PRD-A,89.0,1093.0,0.08142726440988106,0.03524074711149091,0.056882997094004746,0.07852524707651859,True,True,False,False,True
2024-09-25 00:00:00,PRD-A,59.0,1162.0,0.050774526678141134,0.035893142691953414,0.056882997094004746,0.07787285149605608,False,True,False,False,True
2024-09-25 08:00:00,PRD-A,82.0,1212.0,0.06765676567656766,0.03633066162398304,0.056882997094004746,0.07743533256402646,False,False,False,False,False
2024-09-25 16:00:00,PRD-A,106.0,1170.0,0.0905982905982906,0.035965025966103056,0.056882997094004746,0.07780096822190644,True,False,True,False,True
2024-09-26 00:00:00,PRD-A,77.0,1230.0,0.06260162601626017,0.036481598810863665,0.056882997094004746,0.07728439537714582,False,False,False,False,False
2024-09-26 08:00:00,PRD-A,86.0,1214.0,0.07084019769357495,0.036347598038454096,0.056882997094004746,0.0774183961495554,False,True,False,False,True
2024-09-26 16:00:00,PRD-A,109.0,1202.0,0.09068219633943428,0.03624534645659007,0.056882997094004746,0.07752064773141942,True,True,True,False,True
2024-10-03 00:00:00,PRD-A,135.0,1283.0,0.10522213561964147,0.03690742795788743,0.056882997094004746,0.07685856623012206,True,True,True,False,True
2024-10-03 08:00:00,PRD-A,66.0,995.0,0.06633165829145729,0.034199973228025905,0.056882997094004746,0.07956602095998358,False,True,True,False,True
2024-10-03 16:00:00,PRD-A,66.0,1314.0,0.0502283105022831,0.03714446702874865,0.056882997094004746,0.07662152715926085,False,False,True,False,True
2024-10-04 00:00:00,PRD-A,78.0,1333.0,0.058514628657164294,0.03728564409811157,0.056882997094004746,0.07648035008989792,False,False,False,False,False
2024-10-04 08:00:00,PRD-A,60.0,1307.0,0.045906656465187455,0.03709168003460443,0.056882997094004746,0.07667431415340506,False,False,False,False,False
2024-10-04 16:00:00,PRD-A,80.0,1315.0,0.060836501901140684,0.03715197360063649,0.056882997094004746,0.076614020587373,False,False,False,False,False
2024-10-11 00:00:00,PRD-A,63.0,1148.0,0.054878048780487805,0.03576554361757191,0.056882997094004746,0.07800045057043759,False,False,False,False,False
2024-10-11 08:00:00,PRD-A,82.0,1221.0,0.06715806715806716,0.036406547429453526,0.056882997094004746,0.07735944675855597,False,False,False,False,False
2024-10-11 16:00:00,PRD-A,111.0,1206.0,0.09203980099502487,0.03627959984225356,0.056882997094004746,0.07748639434575594,True,False,False,False,True
2024-10-12 00:00:00,PRD-A,87.0,1210.0,0.07190082644628099,0.036313683235734334,0.056882997094004746,0.07745231095227516,False,True,False,False,True
2024-10-12 08:00:00,PRD-A,74.0,1024.0,0.072265625,0.03452347525997337,0.056882997094004746,0.07924251892803613,False,True,True,False,True
2024-10-12 16:00:00,PRD-A,50.0,1313.0,0.03808073115003808,0.03713695188282044,0.056882997094004746,0.07662904230518905,False,True,True,False,True
2024-10-19 00:00:00,PRD-A,48.0,1209.0,0.03970223325062035,0.03630517824721366,0.056882997094004746,0.07746081594079583,False,True,False,False,True
2024-10-19 08:00:00,PRD-A,64.0,1344.0,0.047619047619047616,0.037366006368773005,0.056882997094004746,0.07639998781923649,False,True,False,False,True
2024-10-19 16:00:00,PRD-A,47.0,1184.0,0.03969594594594594,0.03608906416082859,0.056882997094004746,0.0776769300271809,False,True,True,False,True
2024-10-20 00:00:00,PRD-A,58.0,1299.0,0.044649730561970746,0.037030830338188755,0.056882997094004746,0.07673516384982074,False,False,True,False,True
2024-10-20 08:00:00,PRD-A,38.0,1276.0,0.029780564263322883,0.03685271097651982,0.056882997094004746,0.07691328321148967,True,True,True,False,True
2024-10-20 16:00:00,PRD-A,73.0,1223.0,0.059689288634505316,0.03642329708433388,0.056882997094004746,0.07734269710367561,False,False,True,False,True
2024-10-27 00:00:00,PRD-A,98.0,1147.0,0.08544027898866609,0.03575634010723022,0.056882997094004746,0.07800965408077927,True,False,False,False,True
2024-10-27 08:00:00,PRD-A,78.0,818.0,0.09535452322738386,0.03186596197258086,0.056882997094004746,0.08190003221542863,True,True,False,False,True
2024-10-27 16:00:00,PRD-A,52.0,1275.0,0.0407843137254902,0.03684485750195125,0.056882997094004746,0.07692113668605824,False,True,False,False,True
2024-10-28 00:00:00,PRD-A,35.0,1315.0,0.026615969581749048,0.03715197360063649,0.056882997094004746,0.076614020587373,True,True,False,False,True
2024-10-28 08:00:00,PRD-A,39.0,1265.0,0.0308300395256917,0.036765811279490676,0.056882997094004746,0.07700018290851882,True,True,False,False,True
2024-10-28 16:00:00,PRD-A,61.0,1292.0,0.04721362229102167,0.036977123895209005,0.056882997094004746,0.07678887029280049,False,True,True,False,True
2024-11-04 00:00:00,PRD-A,54.0,1282.0,0.0421216848673947,0.03689963869296432,0.056882997094004746,0.07686635549504517,False,True,True,False,True
2024-11-04 08:00:00,PRD-A,35.0,1329.0,0.02633559066967645,0.037256174377710935,0.056882997094004746,0.07650981981029856,True,True,True,False,True
2024-11-04 16:00:00,PRD-A,56.0,1292.0,0.043343653250773995,0.036977123895209005,0.056882997094004746,0.07678887029280049,False,True,True,False,True
2024-11-05 00:00:00,PRD-A,39.0,1318.0,0.02959028831562974,0.03717444203475312,0.056882997094004746,0.07659155215325637,True,True,True,True,True
2024-11-05 08:00:00,PRD-A,67.0,1331.0,0.05033809166040571,0.037270925843692994,0.056882997094004746,0.07649506834431649,False,True,True,True,True
2024-11-05 16:00:00,PRD-A,46.0,1110.0,0.04144144144144144,0.03540711550671269,0.056882997094004746,0.0783588786812968,False,True,True,True,True
2024-11-12 00:00:00,PRD-A,61.0,938.0,0.0650319829424307,0.03352094054063105,0.056882997094004746,0.08024505364737844,False,False,True,False,True
2024-11-12 08:00:00,PRD-A,26.0,1327.0,0.019593067068575734,0.037241389575074724,0.056882997094004746,0.07652460461293477,True,True,True,False,True
2024-11-12 16:00:00,PRD-A,35.0,1325.0,0.026415094339622643,0.037226571310033055,0.056882997094004746,0.07653942287797644,True,True,True,False,True
2024-11-13 00:00:00,PRD-A,46.0,1336.0,0.0344311377245509,0.03730765948008008,0.056882997094004746,0.07645833470792941,True,True,True,False,True
2024-11-13 08:00:00,PRD-A,46.0,1338.0,0.0343796711509716,0.03732229524856652,0.056882997094004746,0.07644369893944297,True,True,True,False,True
2024-11-13 16:00:00,PRD-A,52.0,1307.0,0.03978576893649579,0.03709168003460443,0.056882997094004746,0.07667431415340506,False,True,True,False,True
2024-11-20 00:00:00,PRD-A,74.0,1177.0,0.06287170773152082,0.036027321700220986,0.056882997094004746,0.07773867248778851,False,True,True,False,True
2024-11-20 08:00:00,PRD-A,74.0,1252.0,0.05910543130990415,0.0366616387384727,0.056882997094004746,0.07710435544953678,False,False,False,False,False
2024-11-20 16:00:00,PRD-A,94.0,1205.0,0.07800829875518672,0.03627105248770553,0.056882997094004746,0.07749494170030397,True,False,False,False,True
2024-11-21 00:00:00,PRD-A,73.0,1293.0,0.05645784996133024,0.036984822937538686,0.056882997094004746,0.0767811712504708,False,False,False,False,False
2024-11-21 08:00:00,PRD-A,67.0,1207.0,0.05550952775476388,0.036288136572370074,0.056882997094004746,0.07747785761563941,False,False,False,False,False
2024-11-21 16:00:00,PRD-A,112.0,1188.0,0.09427609427609428,0.036124100298493125,0.056882997094004746,0.07764189388951637,True,False,False,False,True
2024-11-28 00:00:00,PRD-A,49.0,1138.0,0.04305799648506151,0.035672963368891905,0.056882997094004746,0.07809303081911759,False,False,False,False,False
2024-11-28 08:00:00,PRD-A,71.0,1162.0,0.06110154905335628,0.035893142691953414,0.056882997094004746,0.07787285149605608,False,False,False,False,False
2024-11-28 16:00:00,PRD-A,55.0,1282.0,0.042901716068642744,0.03689963869296432,0.056882997094004746,0.07686635549504517,False,False,False,False,False
2024-11-29 00:00:00,PRD-A,56.0,1249.0,0.04483586869495596,0.0366373682456136,0.056882997094004746,0.07712862594239589,False,False,False,False,False
2024-11-29 08:00:00,PRD-A,29.0,1285.0,0.022568093385214007,0.03692297920130044,0.056882997094004746,0.07684301498670905,True,True,True,False,True
2024-11-29 16:00:00,PRD-A,57.0,1309.0,0.04354469060351413,0.03710680523135667,0.056882997094004746,0.07665918895665283,False,True,True,False,True
2024-12-06 00:00:00,PRD-A,50.0,1182.0,0.04230118443316413,0.03607147943638943,0.056882997094004746,0.07769451475162006,False,True,True,False,True
2024-12-06 08:00:00,PRD-A,59.0,1223.0,0.0482420278004906,0.03642329708433388,0.056882997094004746,0.07734269710367561,False,True,True,False,True
2024-12-06 16:00:00,PRD-A,89.0,1211.0,0.07349298100743187,0.03632217768741115,0.056882997094004746,0.07744381650059834,False,False,True,False,True
2024-12-07 00:00:00,PRD-A,65.0,1211.0,0.053674649050371594,0.03632217768741115,0.056882997094004746,0.07744381650059834,False,False,False,False,False
2024-12-07 08:00:00,PRD-A,71.0,1240.0,0.05725806451612903,0.03656402904001473,0.056882997094004746,0.07720196514799477,False,False,False,False,False
2024-12-07 16:00:00,PRD-A,84.0,1182.0,0.07106598984771574,0.03607147943638943,0.056882997094004746,0.07769451475162006,False,False,False,False,False
2024-12-14 00:00:00,PRD-A,105.0,1195.0,0.08786610878661087,0.03618498971419651,0.056882997094004746,0.07758100447381298,True,True,False,False,True
2024-12-14 08:00:00,PRD-A,130.0,1246.0,0.1043338683788122,0.03661301015116347,0.056882997094004746,0.07715298403684602,True,True,False,False,True
2024-12-14 16:00:00,PRD-A,140.0,1102.0,0.12704174228675136,0.03532930408663505,0.056882997094004746,0.07843669010137444,True,True,True,False,True
2024-12-15 00:00:00,PRD-A,134.0,1188.0,0.1127946127946128,0.036124100298493125,0.056882997094004746,0.07764189388951637,True,True,True,False,True
2024-12-15 08:00:00,PRD-A,134.0,1248.0,0.10737179487179487,0.03662925864030204,0.056882997094004746,0.07713673554770745,True,True,True,False,True
2024-12-15 16:00:00,PRD-A,144.0,869.0,0.16570771001150747,0.03261116261059739,0.056882997094004746,0.0811548315774121,True,True,True,True,True
2024-12-22 00:00:00,PRD-A,66.0,1220.0,0.054098360655737705,0.03639815716085125,0.056882997094004746,0.07736783702715824,False,True,True,False,True
2024-12-22 08:00:00,PRD-A,65.0,1155.0,0.05627705627705628,0.03582963315376857,0.056882997094004746,0.07793636103424093,False,False,False,False,False
2024-12-22 16:00:00,PRD-A,108.0,1153.0,0.09366869037294015,0.03581138142607525,0.056882997094004746,0.07795461276193424,True,False,False,False,True
2024-12-23 00:00:00,PRD-A,82.0,1211.0,0.06771263418662263,0.03632217768741115,0.056882997094004746,0.07744381650059834,False,False,False,False,False
2024-12-23 08:00:00,PRD-A,91.0,1224.0,0.07434640522875817,0.03643165651267453,0.056882997094004746,0.07733433767533496,False,True,False,False,True
2024-12-23 16:00:00,PRD-A,73.0,828.0,0.08816425120772947,0.03201748992696782,0.056882997094004746,0.08174850426104167,True,True,True,False,True
2024-12-30 00:00:00,PRD-A,79.0,1153.0,0.06851691240242845,0.03581138142607525,0.056882997094004746,0.07795461276193424,False,True,True,False,True
2024-12-30 08:00:00,PRD-A,86.0,1249.0,0.0688550840672538,0.0366373682456136,0.056882997094004746,0.07712862594239589,False,False,True,False,True
2024-12-30 16:00:00,PRD-A,105.0,1006.0,0.10437375745526839,0.03432432665062523,0.056882997094004746,0.07944166753738427,True,False,True,False,True
2024-12-31 00:00:00,PRD-A,38.0,1283.0,0.029618082618862042,0.03690742795788743,0.056882997094004746,0.07685856623012206,True,False,True,False,True
2024-12-31 08:00:00,PRD-A,65.0,1356.0,0.04793510324483776,0.037452556643241645,0.056882997094004746,0.07631343754476785,False,False,False,False,False
2024-12-31 16:00:00,PRD-A,62.0,1262.0,0.0491283676703645,0.036741914396211744,0.056882997094004746,0.07702407979179775,False,False,False,False,False
2025-01-07 00:00:00,PRD-A,47.0,1293.0,0.03634957463263728,0.036984822937538686,0.056882997094004746,0.0767811712504708,True,False,True,False,True
2025-01-07 08:00:00,PRD-A,31.0,1256.0,0.024681528662420384,0.03669386403122894,0.056882997094004746,0.07707213015678055,True,True,True,False,True
2025-01-07 16:00:00,PRD-A,54.0,1259.0,0.04289118347895155,0.03671793214993367,0.056882997094004746,0.07704806203807582,False,True,True,False,True
2025-01-08 00:00:00,PRD-A,50.0,1335.0,0.03745318352059925,0.03730032926540118,0.056882997094004746,0.07646566492260831,False,True,True,False,True
2025-01-08 08:00:00,PRD-A,67.0,1105.0,0.06063348416289593,0.035358582379082806,0.056882997094004746,0.07840741180892669,False,True,True,False,True
2025-01-08 16:00:00,PRD-A,44.0,1294.0,0.03400309119010819,0.036992513053441915,0.056882997094004746,0.07677348113456758,True,True,True,False,True
2025-01-15 00:00:00,PRD-A,38.0,1252.0,0.03035143769968051,0.0366616387384727,0.056882997094004746,0.07710435544953678,True,True,True,False,True
2025-01-15 08:00:00,PRD-A,42.0,1240.0,0.03387096774193549,0.03656402904001473,0.056882997094004746,0.07720196514799477,True,True,True,False,True
2025-01-15 16:00:00,PRD-A,53.0,1174.0,0.04514480408858603,0.03600069175697039,0.056882997094004746,0.0777653024310391,False,True,True,False,True
2025-01-16 00:00:00,PRD-A,39.0,1302.0,0.029953917050691243,0.03705371468787698,0.056882997094004746,0.07671227950013251,True,True,True,False,True
2025-01-16 08:00:00,PRD-A,45.0,1262.0,0.03565768621236133,0.036741914396211744,0.056882997094004746,0.07702407979179775,True,True,True,False,True
2025-01-16 16:00:00,PRD-A,68.0,1218.0,0.05582922824302135,0.03638134563571299,0.056882997094004746,0.0773846485522965,False,True,True,False,True
2025-01-23 00:00:00,PRD-A,32.0,1204.0,0.026578073089700997,0.03626249448666985,0.056882997094004746,0.07750349970133964,True,True,True,True,True
2025-01-23 08:00:00,PRD-A,38.0,1277.0,0.02975724353954581,0.036860555224370074,0.056882997094004746,0.07690543896363941,True,True,True,True,True
2025-01-23 16:00:00,PRD-A,57.0,1256.0,0.04538216560509554,0.03669386403122894,0.056882997094004746,0.07707213015678055,False,True,True,True,True
2025-01-24 00:00:00,PRD-A,41.0,1290.0,0.03178294573643411,0.03696169896209331,0.056882997094004746,0.07680429522591618,True,True,True,True,True
2025-01-24 08:00:00,PRD-A,48.0,1303.0,0.03683806600153492,0.03706132523600075,0.056882997094004746,0.07670466895200874,True,True,True,True,True
2025-01-24 16:00:00,PRD-A,78.0,1264.0,0.061708860759493674,0.03675785510523677,0.056882997094004746,0.07700813908277272,False,True,True,False,True
2025-01-31 00:00:00,PRD-A,58.0,1235.0,0.04696356275303644,0.03652293907276191,0.056882997094004746,0.07724305511524758,False,False,True,False,True
2025-01-31 08:00:00,PRD-A,60.0,1213.0,0.0494641384995878,0.03633913506712613,0.056882997094004746,0.07742685912088336,False,False,True,False,True
2025-01-31 16:00:00,PRD-A,78.0,1188.0,0.06565656565656566,0.036124100298493125,0.056882997094004746,0.07764189388951637,False,False,False,False,False
2025-02-01 00:00:00,PRD-A,26.0,1041.0,0.024975984630163303,0.03470679731704586,0.056882997094004746,0.07905919687096363,True,False,False,False,True
2025-02-01 08:00:00,PRD-A,32.0,1293.0,0.02474864655839134,0.036984822937538686,0.056882997094004746,0.0767811712504708,True,True,True,False,True
2025-02-01 16:00:00,PRD-A,50.0,1252.0,0.039936102236421724,0.0366616387384727,0.056882997094004746,0.07710435544953678,False,True,True,False,True
2025-02-08 00:00:00,PRD-A,41.0,1303.0,0.031465848042977744,0.03706132523600075,0.056882997094004746,0.07670466895200874,True,True,True,False,True
2025-02-08 08:00:00,PRD-A,26.0,1284.0,0.020249221183800622,0.03691520812142933,0.056882997094004746,0.07685078606658016,True,True,True,False,True
2025-02-08 16:00:00,PRD-A,51.0,1256.0,0.04060509554140127,0.03669386403122894,0.056882997094004746,0.07707213015678055,False,True,True,False,True
2025-02-09 00:00:00,PRD-A,32.0,1308.0,0.024464831804281346,0.037099246969333095,0.056882997094004746,0.07666674721867639,True,True,True,False,True
2025-02-09 08:00:00,PRD-A,40.0,1292.0,0.030959752321981424,0.036977123895209005,0.056882997094004746,0.07678887029280049,True,True,True,True,True
2025-02-09 16:00:00,PRD-A,53.0,1193.0,0.04442581726739313,0.03616764743433816,0.056882997094004746,0.07759834675367133,False,True,True,True,True
2025-02-16 00:00:00,PRD-A,34.0,1278.0,0.026604068857589983,0.036868390263554686,0.056882997094004746,0.0768976039244548,True,True,True,True,True
2025-02-16 08:00:00,PRD-A,61.0,1338.0,0.045590433482810166,0.03732229524856652,0.056882997094004746,0.07644369893944297,False,False,True,True,True
2025-02-16 16:00:00,PRD-A,69.0,1295.0,0.05328185328185328,0.037000194260154516,0.056882997094004746,0.07676579992785498,False,False,True,True,True
2025-02-17 00:00:00,PRD-A,45.0,1308.0,0.034403669724770644,0.037099246969333095,0.056882997094004746,0.07666674721867639,True,False,True,True,True
2025-02-17 08:00:00,PRD-A,33.0,1267.0,0.026045777426992895,0.036781695360778625,0.056882997094004746,0.07698429882723087,True,True,True,True,True
2025-02-17 16:00:00,PRD-A,55.0,1266.0,0.04344391785150079,0.03677375802513534,0.056882997094004746,0.07699223616287415,False,True,True,True,True
2025-02-24 00:00:00,PRD-A,71.0,1255.0,0.05657370517928287,0.03668582215356973,0.056882997094004746,0.07708017203443976,False,True,False,True,True
2025-02-24 08:00:00,PRD-A,75.0,1314.0,0.05707762557077625,0.03714446702874865,0.056882997094004746,0.07662152715926085,False,False,False,False,False
2025-02-24 16:00:00,PRD-A,93.0,1227.0,0.07579462102689487,0.03645667345241331,0.056882997094004746,0.07730932073559618,False,False,False,False,False
2025-02-25 00:00:00,PRD-A,86.0,1302.0,0.06605222734254992,0.03705371468787698,0.056882997094004746,0.07671227950013251,False,False,False,False,False
2025-02-25 08:00:00,PRD-A,103.0,1253.0,0.08220271348762968,0.03666970952640365,0.056882997094004746,0.07709628466160584,True,True,False,False,True
2025-02-25 16:00:00,PRD-A,118.0,1252.0,0.09424920127795527,0.0366616387384727,0.056882997094004746,0.07710435544953678,True,True,True,False,True
2025-03-04 00:00:00,PRD-A,29.0,1255.0,0.023107569721115537,0.03668582215356973,0.056882997094004746,0.07708017203443976,True,True,True,False,True
2025-03-04 08:00:00,PRD-A,31.0,1301.0,0.02382782475019216,0.03704609536678652,0.056882997094004746,0.07671989882122297,True,True,False,False,True
2025-03-04 16:00:00,PRD-A,54.0,1304.0,0.04141104294478527,0.037068927027980425,0.056882997094004746,0.07669706716002907,False,True,False,False,True
2025-03-05 00:00:00,PRD-A,35.0,1259.0,0.02779984114376489,0.03671793214993367,0.056882997094004746,0.07704806203807582,True,True,True,False,True
2025-03-05 08:00:00,PRD-A,47.0,1246.0,0.0377207062600321,0.03661301015116347,0.056882997094004746,0.07715298403684602,False,True,True,False,True
2025-03-05 16:00:00,PRD-A,55.0,1293.0,0.042536736272235115,0.036984822937538686,0.056882997094004746,0.0767811712504708,False,True,True,False,True
2025-03-12 00:00:00,PRD-A,42.0,1212.0,0.034653465346534656,0.03633066162398304,0.056882997094004746,0.07743533256402646,True,True,True,False,True
2025-03-12 08:00:00,PRD-A,47.0,1326.0,0.03544494720965309,0.03723398463323995,0.056882997094004746,0.07653200955476955,True,True,True,True,True
2025-03-12 16:00:00,PRD-A,57.0,1224.0,0.04656862745098039,0.03643165651267453,0.056882997094004746,0.07733433767533496,False,True,True,True,True
2025-03-13 00:00:00,PRD-A,52.0,1266.0,0.04107424960505529,0.03677375802513534,0.056882997094004746,0.07699223616287415,False,True,True,True,True
2025-03-13 08:00:00,PRD-A,44.0,1310.0,0.03358778625954199,0.03711435483722928,0.056882997094004746,0.0766516393507802,True,True,True,True,True
2025-03-13 16:00:00,PRD-A,83.0,1228.0,0.06758957654723127,0.036464992053304654,0.056882997094004746,0.07730100213470484,False,True,True,False,True
2025-03-20 00:00:00,PRD-A,62.0,1212.0,0.05115511551155116,0.03633066162398304,0.056882997094004746,0.07743533256402646,False,False,False,False,False
2025-03-20 08:00:00,PRD-A,52.0,1338.0,0.03886397608370702,0.03732229524856652,0.056882997094004746,0.07644369893944297,False,False,False,False,False
2025-03-20 16:00:00,PRD-A,42.0,1228.0,0.03420195439739414,0.036464992053304654,0.056882997094004746,0.07730100213470484,True,True,False,False,True
2025-03-21 00:00:00,PRD-A,32.0,1303.0,0.024558710667689946,0.03706132523600075,0.056882997094004746,0.07670466895200874,True,True,False,False,True
2025-03-21 08:00:00,PRD-A,52.0,1317.0,0.039483675018982534,0.03716696108741244,0.056882997094004746,0.07659903310059706,False,True,True,False,True
2025-03-21 16:00:00,PRD-A,51.0,1277.0,0.039937353171495694,0.036860555224370074,0.056882997094004746,0.07690543896363941,False,True,True,False,True
2025-03-28 00:00:00,PRD-A,40.0,1241.0,0.032232070910556,0.036572217220098985,0.056882997094004746,0.07719377696791051,True,True,True,False,True
2025-03-28 08:00:00,PRD-A,40.0,1264.0,0.03164556962025317,0.03675785510523677,0.056882997094004746,0.07700813908277272,True,True,True,True,True
2025-03-28 16:00:00,PRD-A,72.0,1271.0,0.05664830841856806,0.036813350973701295,0.056882997094004746,0.0769526432143082,False,True,True,True,True
2025-03-29 00:00:00,PRD-A,51.0,1132.0,0.045053003533568906,0.035616827319082944,0.056882997094004746,0.07814916686892655,False,False,True,True,True
2025-03-29 08:00:00,PRD-A,48.0,1300.0,0.036923076923076927,0.037038467255861546,0.056882997094004746,0.07672752693214795,True,False,True,True,True
2025-03-29 16:00:00,PRD-A,49.0,1309.0,0.0374331550802139,0.03710680523135667,0.056882997094004746,0.07665918895665283,False,True,True,True,True
2025-04-05 00:00:00,PRD-A,43.0,1259.0,0.03415409054805401,0.03671793214993367,0.056882997094004746,0.07704806203807582,True,True,True,True,True
2025-04-05 08:00:00,PRD-A,57.0,1283.0,0.044427123928293066,0.03690742795788743,0.056882997094004746,0.07685856623012206,False,True,True,True,True
2025-04-05 16:00:00,PRD-A,69.0,1244.0,0.05546623794212219,0.0365967224932981,0.056882997094004746,0.07716927169471138,False,False,True,True,True
2025-04-06 00:00:00,PRD-A,58.0,1266.0,0.045813586097946286,0.03677375802513534,0.056882997094004746,0.07699223616287415,False,False,True,True,True
2025-04-06 08:00:00,PRD-A,69.0,1252.0,0.05511182108626198,0.0366616387384727,0.056882997094004746,0.07710435544953678,False,False,False,True,True
2025-04-06 16:00:00,PRD-A,92.0,1171.0,0.07856532877882152,0.03597395954375923,0.056882997094004746,0.07779203464425026,True,False,False,False,True
2025-04-13 00:00:00,PRD-A,37.0,1203.0,0.030756442227763924,0.03625392581702626,0.056882997094004746,0.07751206837098323,True,False,False,False,True
2025-04-13 08:00:00,PRD-A,41.0,1291.0,0.031758326878388844,0.03696941590917035,0.056882997094004746,0.07679657827883915,True,True,False,False,True
2025-04-13 16:00:00,PRD-A,75.0,1228.0,0.061074918566775244,0.036464992053304654,0.056882997094004746,0.07730100213470484,False,True,False,False,True
2025-04-14 00:00:00,PRD-A,59.0,1287.0,0.04584304584304584,0.036938494180631054,0.056882997094004746,0.07682750000737844,False,False,False,False,False
2025-04-14 08:00:00,PRD-A,58.0,1300.0,0.04461538461538461,0.037038467255861546,0.056882997094004746,0.07672752693214795,False,False,True,False,True
2025-04-14 16:00:00,PRD-A,44.0,788.0,0.05583756345177665,0.03139419757696489,0.056882997094004746,0.0823717966110446,False,False,False,False,False
2025-04-21 00:00:00,PRD-A,64.0,1207.0,0.05302402651201325,0.036288136572370074,0.056882997094004746,0.07747785761563941,False,False,False,False,False
2025-04-21 08:00:00,PRD-A,67.0,1219.0,0.054963084495488104,0.036389756569998585,0.056882997094004746,0.0773762376180109,False,False,False,False,False
2025-04-21 16:00:00,PRD-A,88.0,1216.0,0.07236842105263158,0.03636449265180811,0.056882997094004746,0.07740150153620137,False,False,False,False,False
2025-04-22 00:00:00,PRD-A,68.0,1218.0,0.05582922824302135,0.03638134563571299,0.056882997094004746,0.0773846485522965,False,False,False,False,False
2025-04-22 08:00:00,PRD-A,81.0,1227.0,0.06601466992665037,0.03645667345241331,0.056882997094004746,0.07730932073559618,False,False,False,False,False
2025-04-22 16:00:00,PRD-A,126.0,1182.0,0.1065989847715736,0.03607147943638943,0.056882997094004746,0.07769451475162006,True,False,False,False,True
2025-04-29 00:00:00,PRD-A,43.0,1235.0,0.034817813765182185,0.03652293907276191,0.056882997094004746,0.07724305511524758,True,False,False,False,True
2025-04-29 08:00:00,PRD-A,28.0,1306.0,0.021439509954058193,0.03708410441057221,0.056882997094004746,0.07668188977743728,True,True,False,False,True
2025-04-29 16:00:00,PRD-A,76.0,1253.0,0.060654429369513166,0.03666970952640365,0.056882997094004746,0.07709628466160584,False,True,False,False,True
2025-04-30 00:00:00,PRD-A,78.0,1258.0,0.06200317965023847,0.036709919010358874,0.056882997094004746,0.07705607517765062,False,False,False,False,False
2025-04-30 08:00:00,PRD-A,70.0,1284.0,0.05451713395638629,0.03691520812142933,0.056882997094004746,0.07685078606658016,False,False,False,False,False
2025-04-30 16:00:00,PRD-A,108.0,1312.0,0.08231707317073171,0.03712942814651725,0.056882997094004746,0.07663656604149224,True,False,False,False,True
2025-05-07 00:00:00,PRD-A,70.0,1198.0,0.05843071786310518,0.03621092166095856,0.056882997094004746,0.07755507252705093,False,False,False,False,False
2025-05-07 08:00:00,PRD-A,32.0,1223.0,0.02616516762060507,0.03642329708433388,0.056882997094004746,0.07734269710367561,True,False,False,False,True
2025-05-07 16:00:00,PRD-A,61.0,1255.0,0.04860557768924303,0.03668582215356973,0.056882997094004746,0.07708017203443976,False,False,False,False,False
2025-05-08 00:00:00,PRD-A,44.0,1288.0,0.034161490683229816,0.036946238115271014,0.056882997094004746,0.07681975607273847,True,True,False,False,True
2025-05-08 08:00:00,PRD-A,50.0,1255.0,0.0398406374501992,0.03668582215356973,0.056882997094004746,0.07708017203443976,False,True,True,False,True
2025-05-08 16:00:00,PRD-A,79.0,1205.0,0.06556016597510374,0.03627105248770553,0.056882997094004746,0.07749494170030397,False,True,True,False,True
2025-05-15 00:00:00,PRD-A,30.0,1267.0,0.02367797947908445,0.036781695360778625,0.056882997094004746,0.07698429882723087,True,True,True,False,True
2025-05-15 08:00:00,PRD-A,31.0,1287.0,0.024087024087024088,0.036938494180631054,0.056882997094004746,0.07682750000737844,True,True,True,False,True
2025-05-15 16:00:00,PRD-A,48.0,1220.0,0.03934426229508197,0.03639815716085125,0.056882997094004746,0.07736783702715824,False,True,True,False,True
2025-05-16 00:00:00,PRD-A,40.0,1302.0,0.030721966205837174,0.03705371468787698,0.056882997094004746,0.07671227950013251,True,True,True,False,True
2025-05-16 08:00:00,PRD-A,47.0,1319.0,0.0356330553449583,0.03718191447295887,0.056882997094004746,0.07658407971505063,True,True,True,False,True
2025-05-16 16:00:00,PRD-A,66.0,1230.0,0.05365853658536585,0.036481598810863665,0.056882997094004746,0.07728439537714582,False,True,True,False,True
2025-05-23 00:00:00,PRD-A,66.0,1306.0,0.05053598774885146,0.03708410441057221,0.056882997094004746,0.07668188977743728,False,False,False,False,False
2025-05-23 08:00:00,PRD-A,38.0,1310.0,0.02900763358778626,0.03711435483722928,0.056882997094004746,0.0766516393507802,True,False,False,True,True
2025-05-23 16:00:00,PRD-A,47.0,1261.0,0.03727200634417129,0.036733929823966366,0.056882997094004746,0.07703206436404313,False,True,False,True,True
2025-05-24 00:00:00,PRD-A,66.0,1341.0,0.049217002237136466,0.03734418747909174,0.056882997094004746,0.07642180670891775,False,True,False,True,True
2025-05-24 08:00:00,PRD-A,34.0,1256.0,0.027070063694267517,0.03669386403122894,0.056882997094004746,0.07707213015678055,True,True,True,True,True
2025-05-24 16:00:00,PRD-A,66.0,1286.0,0.05132192846034215,0.03693074121516296,0.056882997094004746,0.07683525297284653,False,False,True,True,True
2025-05-31 00:00:00,PRD-A,35.0,1242.0,0.02818035426731079,0.036580395509085234,0.056882997094004746,0.07718559867892426,True,True,True,True,True
2025-05-31 08:00:00,PRD-A,38.0,1212.0,0.03135313531353135,0.03633066162398304,0.056882997094004746,0.07743533256402646,True,True,True,True,True
2025-05-31 16:00:00,PRD-A,25.0,1294.0,0.019319938176197836,0.036992513053441915,0.056882997094004746,0.07677348113456758,True,True,True,True,True
2025-06-01 00:00:00,PRD-A,19.0,1121.0,0.01694915254237288,0.035512743107726535,0.056882997094004746,0.07825325108028296,True,True,True,True,True
2025-06-01 08:00:00,PRD-A,52.0,1300.0,0.04,0.037038467255861546,0.056882997094004746,0.07672752693214795,False,True,True,True,True
2025-06-01 16:00:00,PRD-A,57.0,1365.0,0.041758241758241756,0.03751671897733145,0.056882997094004746,0.07624927521067804,False,True,True,True,True
2025-06-08 00:00:00,PRD-A,31.0,1224.0,0.025326797385620915,0.03643165651267453,0.056882997094004746,0.07733433767533496,True,True,True,True,True
2025-06-08 08:00:00,PRD-A,32.0,1313.0,0.024371667936024372,0.03713695188282044,0.056882997094004746,0.07662904230518905,True,True,True,True,True
2025-06-08 16:00:00,PRD-A,54.0,1311.0,0.041189931350114416,0.037121895803460855,0.056882997094004746,0.07664409838454864,False,True,True,True,True
2025-06-09 00:00:00,PRD-A,35.0,1279.0,0.027365129007036748,0.03687621611207691,0.056882997094004746,0.07688977807593259,True,True,True,True,True
2025-06-09 08:00:00,PRD-A,34.0,1243.0,0.027353177795655673,0.036588563926871064,0.056882997094004746,0.07717743026113844,True,True,True,True,True
2025-06-09 16:00:00,PRD-A,48.0,1223.0,0.039247751430907606,0.03642329708433388,0.056882997094004746,0.07734269710367561,False,True,True,True,True
2025-06-16 00:00:00,PRD-A,39.0,1270.0,0.030708661417322834,0.03680545109300948,0.056882997094004746,0.07696054309500001,True,True,True,True,True
2025-06-16 08:00:00,PRD-A,28.0,1312.0,0.021341463414634148,0.03712942814651725,0.056882997094004746,0.07663656604149224,True,True,True,True,True
2025-06-16 16:00:00,PRD-A,41.0,1279.0,0.03205629397967162,0.03687621611207691,0.056882997094004746,0.07688977807593259,True,True,True,True,True
2025-06-17 00:00:00,PRD-A,43.0,1265.0,0.03399209486166008,0.036765811279490676,0.056882997094004746,0.07700018290851882,True,True,True,True,True
2025-06-17 08:00:00,PRD-A,45.0,1287.0,0.03496503496503497,0.036938494180631054,0.056882997094004746,0.07682750000737844,True,True,True,True,True
2025-06-17 16:00:00,PRD-A,69.0,1226.0,0.05628058727569331,0.03644834467586268,0.056882997094004746,0.07731764951214681,False,True,True,True,True
2025-06-24 00:00:00,PRD-A,84.0,1164.0,0.07216494845360824,0.035911182965507354,0.056882997094004746,0.07785481122250214,False,False,False,False,False
2025-06-24 08:00:00,PRD-A,84.0,850.0,0.0988235294117647,0.03234138839640848,0.056882997094004746,0.08142460579160102,True,True,False,False,True
2025-06-24 16:00:00,PRD-A,60.0,1263.0,0.047505938242280284,0.03674988948371419,0.056882997094004746,0.0770161047042953,False,True,False,False,True
2025-06-25 00:00:00,PRD-A,36.0,1258.0,0.028616852146263912,0.036709919010358874,0.056882997094004746,0.07705607517765062,True,False,False,False,True
2025-06-25 08:00:00,PRD-A,41.0,1263.0,0.03246239113222486,0.03674988948371419,0.056882997094004746,0.0770161047042953,True,True,False,False,True
2025-06-25 16:00:00,PRD-A,54.0,1267.0,0.042620363062352014,0.036781695360778625,0.056882997094004746,0.07698429882723087,False,True,True,False,True
2024-01-03 00:00:00,PRD-A,51.0,1250.0,0.0408,0.03664546811745145,0.056882997094004746,0.07712052607055804,False,True,True,False,True
2024-01-03 08:00:00,PRD-A,44.0,1288.0,0.034161490683229816,0.036946238115271014,0.056882997094004746,0.07681975607273847,True,True,True,False,True
2024-01-03 16:00:00,PRD-A,75.0,1245.0,0.060240963855421686,0.03660487122815216,0.056882997094004746,0.07716112295985733,False,True,True,False,True
2024-01-04 00:00:00,PRD-A,57.0,1285.0,0.0443579766536965,0.03692297920130044,0.056882997094004746,0.07684301498670905,False,False,True,False,True
2024-01-04 08:00:00,PRD-A,58.0,1295.0,0.044787644787644784,0.037000194260154516,0.056882997094004746,0.07676579992785498,False,False,True,False,True
2024-01-04 16:00:00,PRD-A,74.0,1250.0,0.0592,0.03664546811745145,0.056882997094004746,0.07712052607055804,False,False,False,False,False
2024-01-11 00:00:00,PRD-A,25.0,1257.0,0.01988862370723946,0.036701896310465804,0.056882997094004746,0.07706409787754369,True,False,False,False,True
2024-01-11 08:00:00,PRD-A,35.0,1231.0,0.02843216896831844,0.03648988700876133,0.056882997094004746,0.07727610717924815,True,True,True,False,True
2024-01-11 16:00:00,PRD-A,52.0,1313.0,0.039603960396039604,0.03713695188282044,0.056882997094004746,0.07662904230518905,False,True,True,False,True
2024-01-12 00:00:00,PRD-A,35.0,1311.0,0.02669717772692601,0.037121895803460855,0.056882997094004746,0.07664409838454864,True,True,True,False,True
2024-01-12 08:00:00,PRD-A,38.0,1296.0,0.029320987654320986,0.03700786657486574,0.056882997094004746,0.07675812761314375,True,True,True,False,True
2024-01-12 16:00:00,PRD-A,59.0,1299.0,0.04541955350269438,0.037030830338188755,0.056882997094004746,0.07673516384982074,False,True,True,False,True
2024-01-19 00:00:00,PRD-A,35.0,1273.0,0.02749410840534171,0.0368291228002004,0.056882997094004746,0.0769368713878091,True,True,True,False,True
2024-01-19 08:00:00,PRD-A,45.0,1262.0,0.03565768621236133,0.036741914396211744,0.056882997094004746,0.07702407979179775,True,True,True,True,True
2024-01-19 16:00:00,PRD-A,73.0,1236.0,0.05906148867313916,0.03653117700877434,0.056882997094004746,0.07723481717923515,False,True,True,False,True
2024-01-20 00:00:00,PRD-A,62.0,1292.0,0.047987616099071206,0.036977123895209005,0.056882997094004746,0.07678887029280049,False,False,True,False,True
2024-01-20 08:00:00,PRD-A,56.0,1250.0,0.0448,0.03664546811745145,0.056882997094004746,0.07712052607055804,False,False,True,False,True
2024-01-20 16:00:00,PRD-A,79.0,1278.0,0.061815336463223784,0.036868390263554686,0.056882997094004746,0.0768976039244548,False,False,False,False,False
2024-01-27 00:00:00,PRD-A,54.0,1221.0,0.044226044226044224,0.036406547429453526,0.056882997094004746,0.07735944675855597,False,False,False,False,False
2024-01-27 08:00:00,PRD-A,49.0,1260.0,0.03888888888888889,0.03672593574816284,0.056882997094004746,0.07704005843984665,False,False,True,False,True
2024-01-27 16:00:00,PRD-A,65.0,1209.0,0.053763440860215055,0.03630517824721366,0.056882997094004746,0.07746081594079583,False,False,False,False,False
2024-01-28 00:00:00,PRD-A,55.0,1296.0,0.04243827160493827,0.03700786657486574,0.056882997094004746,0.07675812761314375,False,True,False,False,True
2024-01-28 08:00:00,PRD-A,53.0,1315.0,0.0403041825095057,0.03715197360063649,0.056882997094004746,0.076614020587373,False,True,True,False,True
2024-01-28 16:00:00,PRD-A,78.0,1240.0,0.06290322580645161,0.03656402904001473,0.056882997094004746,0.07720196514799477,False,True,False,False,True
2024-02-04 00:00:00,PRD-A,40.0,1259.0,0.03177124702144559,0.03671793214993367,0.056882997094004746,0.07704806203807582,True,True,False,False,True
2024-02-04 08:00:00,PRD-A,36.0,1227.0,0.029339853300733496,0.03645667345241331,0.056882997094004746,0.07730932073559618,True,True,True,False,True
2024-02-04 16:00:00,PRD-A,80.0,1214.0,0.06589785831960461,0.036347598038454096,0.056882997094004746,0.0774183961495554,False,True,False,False,True
2024-02-05 00:00:00,PRD-A,47.0,1318.0,0.03566009104704097,0.03717444203475312,0.056882997094004746,0.07659155215325637,True,True,False,False,True
2024-02-05 08:00:00,PRD-A,51.0,1276.0,0.039968652037617555,0.03685271097651982,0.056882997094004746,0.07691328321148967,False,True,True,False,True
2024-02-05 16:00:00,PRD-A,69.0,1237.0,0.05578011317704123,0.03653940495335368,0.056882997094004746,0.0772265892346558,False,True,False,False,True
2024-02-12 00:00:00,PRD-A,54.0,1235.0,0.0437246963562753,0.03652293907276191,0.056882997094004746,0.07724305511524758,False,False,False,False,False
2024-02-12 08:00:00,PRD-A,63.0,1292.0,0.048761609907120744,0.036977123895209005,0.056882997094004746,0.07678887029280049,False,False,True,False,True
2024-02-12 16:00:00,PRD-A,71.0,1201.0,0.059117402164862616,0.03623675638311199,0.056882997094004746,0.07752923780489751,False,False,False,False,False
2024-02-13 00:00:00,PRD-A,62.0,1232.0,0.05032467532467533,0.03649816511346013,0.056882997094004746,0.07726782907454936,False,False,False,False,False
2024-02-13 08:00:00,PRD-A,54.0,1196.0,0.0451505016722408,0.03619364453681191,0.056882997094004746,0.07757234965119758,False,False,False,False,False
2024-02-13 16:00:00,PRD-A,100.0,1247.0,0.08019246190858059,0.03662113928200689,0.056882997094004746,0.0771448549060026,True,False,False,False,True
2024-02-20 00:00:00,PRD-A,31.0,1263.0,0.02454473475851148,0.03674988948371419,0.056882997094004746,0.0770161047042953,True,False,False,False,True
2024-02-20 08:00:00,PRD-A,78.0,1342.0,0.05812220566318927,0.0373514685710587,0.056882997094004746,0.07641452561695079,False,False,False,False,False
2024-02-20 16:00:00,PRD-A,45.0,1249.0,0.036028823058446756,0.0366373682456136,0.056882997094004746,0.07712862594239589,True,True,False,False,True
2024-02-21 00:00:00,PRD-A,60.0,1291.0,0.046475600309837335,0.03696941590917035,0.056882997094004746,0.07679657827883915,False,False,False,False,False
2024-02-21 08:00:00,PRD-A,33.0,997.0,0.033099297893681046,0.03422273592705201,0.056882997094004746,0.07954325826095748,True,True,True,False,True
2024-02-21 16:00:00,PRD-A,41.0,1325.0,0.030943396226415093,0.037226571310033055,0.056882997094004746,0.07653942287797644,True,True,True,False,True
2024-02-28 00:00:00,PRD-A,43.0,629.0,0.06836248012718601,0.02835395647330131,0.056882997094004746,0.08541203771470818,False,True,True,False,True
2024-02-28 08:00:00,PRD-A,35.0,1237.0,0.028294260307194827,0.03653940495335368,0.056882997094004746,0.0772265892346558,True,True,True,False,True
2024-02-28 16:00:00,PRD-A,49.0,1270.0,0.03858267716535433,0.03680545109300948,0.056882997094004746,0.07696054309500001,False,True,True,False,True
2024-02-29 00:00:00,PRD-A,71.0,1349.0,0.05263157894736842,0.03740220931355029,0.056882997094004746,0.0763637848744592,False,True,False,False,True
2024-02-29 08:00:00,PRD-A,41.0,1309.0,0.03132161955691368,0.03710680523135667,0.056882997094004746,0.07665918895665283,True,True,False,False,True
2024-02-29 16:00:00,PRD-A,47.0,1266.0,0.03712480252764613,0.03677375802513534,0.056882997094004746,0.07699223616287415,False,True,True,False,True
2024-03-07 00:00:00,PRD-A,57.0,1270.0,0.04488188976377953,0.03680545109300948,0.056882997094004746,0.07696054309500001,False,True,True,False,True
2024-03-07 08:00:00,PRD-A,80.0,1229.0,0.06509357200976404,0.03647330049923999,0.056882997094004746,0.07729269368876951,False,False,False,False,False
2024-03-07 16:00:00,PRD-A,100.0,1248.0,0.08012820512820513,0.03662925864030204,0.056882997094004746,0.07713673554770745,True,False,False,False,True
2024-03-08 00:00:00,PRD-A,81.0,1255.0,0.06454183266932272,0.03668582215356973,0.056882997094004746,0.07708017203443976,False,False,False,False,False
2024-03-08 08:00:00,PRD-A,86.0,1303.0,0.06600153491941672,0.03706132523600075,0.056882997094004746,0.07670466895200874,False,False,True,False,True
2024-03-08 16:00:00,PRD-A,115.0,1260.0,0.09126984126984126,0.03672593574816284,0.056882997094004746,0.07704005843984665,True,False,True,False,True
2024-03-15 00:00:00,PRD-A,109.0,1114.0,0.09784560143626571,0.03544570652008085,0.056882997094004746,0.07832028766792865,True,True,True,False,True
2024-03-15 08:00:00,PRD-A,115.0,1199.0,0.09591326105087573,0.03621954400770823,0.056882997094004746,0.07754645018030126,True,True,True,False,True
2024-03-15 16:00:00,PRD-A,143.0,998.0,0.1432865731462926,0.03423409160863054,0.056882997094004746,0.07953190257937895,True,True,True,True,True
2024-03-16 00:00:00,PRD-A,51.0,1295.0,0.039382239382239385,0.037000194260154516,0.056882997094004746,0.07676579992785498,False,True,True,False,True
2024-03-16 08:00:00,PRD-A,51.0,1297.0,0.03932151117964534,0.03701553001471845,0.056882997094004746,0.07675046417329104,False,True,False,False,True
2024-03-16 16:00:00,PRD-A,61.0,1262.0,0.04833597464342314,0.036741914396211744,0.056882997094004746,0.07702407979179775,False,True,False,False,True
2024-03-23 00:00:00,PRD-A,74.0,1297.0,0.05705474171164225,0.03701553001471845,0.056882997094004746,0.07675046417329104,False,False,False,False,False
2024-03-23 08:00:00,PRD-A,36.0,1321.0,0.02725208175624527,0.037196833886398245,0.056882997094004746,0.07656916030161125,True,False,True,False,True
2024-03-23 16:00:00,PRD-A,55.0,1271.0,0.043273013375295044,0.036813350973701295,0.056882997094004746,0.0769526432143082,False,True,True,False,True
2024-03-24 00:00:00,PRD-A,41.0,1312.0,0.03125,0.03712942814651725,0.056882997094004746,0.07663656604149224,True,True,True,False,True
2024-03-24 08:00:00,PRD-A,44.0,1273.0,0.03456402199528672,0.0368291228002004,0.056882997094004746,0.0769368713878091,True,True,True,False,True
2024-03-24 16:00:00,PRD-A,80.0,1302.0,0.06144393241167435,0.03705371468787698,0.056882997094004746,0.07671227950013251,False,True,True,False,True
2024-03-31 00:00:00,PRD-A,111.0,1129.0,0.0983170947741364,0.03558859163091163,0.056882997094004746,0.07817740255709786,True,False,False,False,True
2024-03-31 08:00:00,PRD-A,102.0,1027.0,0.09931840311587146,0.03455615667354436,0.056882997094004746,0.07920983751446514,True,True,False,False,True
2024-03-31 16:00:00,PRD-A,68.0,1314.0,0.0517503805175038,0.03714446702874865,0.056882997094004746,0.07662152715926085,False,True,False,False,True
2024-04-01 00:00:00,PRD-A,46.0,1282.0,0.0358814352574103,0.03689963869296432,0.056882997094004746,0.07686635549504517,True,False,False,False,True
2024-04-01 08:00:00,PRD-A,55.0,1232.0,0.044642857142857144,0.03649816511346013,0.056882997094004746,0.07726782907454936,False,False,False,False,False
2024-04-01 16:00:00,PRD-A,69.0,1248.0,0.055288461538461536,0.03662925864030204,0.056882997094004746,0.07713673554770745,False,False,False,False,False
2024-04-08 00:00:00,PRD-A,109.0,1155.0,0.09437229437229437,0.03582963315376857,0.056882997094004746,0.07793636103424093,True,False,False,False,True
2024-04-08 08:00:00,PRD-A,92.0,1142.0,0.08056042031523643,0.035710141370699555,0.056882997094004746,0.07805585281730994,True,True,False,False,True
2024-04-08 16:00:00,PRD-A,154.0,1163.0,0.13241616509028376,0.035902168645672,0.056882997094004746,0.07786382554233749,True,True,False,False,True
2024-04-09 00:00:00,PRD-A,110.0,1004.0,0.10956175298804781,0.034301869033870766,0.056882997094004746,0.07946412515413873,True,True,True,False,True
2024-04-09 08:00:00,PRD-A,45.0,1268.0,0.03548895899053628,0.03678962330497704,0.056882997094004746,0.07697637088303246,True,True,True,False,True
2024-04-09 16:00:00,PRD-A,58.0,1231.0,0.047116165718927704,0.03648988700876133,0.056882997094004746,0.07727610717924815,False,False,False,False,False
2024-04-16 00:00:00,PRD-A,49.0,1172.0,0.041808873720136516,0.03598288168521528,0.056882997094004746,0.07778311250279421,False,True,False,False,True
2024-04-16 08:00:00,PRD-A,59.0,1248.0,0.047275641025641024,0.03662925864030204,0.056882997094004746,0.07713673554770745,False,False,True,False,True
2024-04-16 16:00:00,PRD-A,78.0,1257.0,0.06205250596658711,0.036701896310465804,0.056882997094004746,0.07706409787754369,False,False,True,False,True
2024-04-17 00:00:00,PRD-A,55.0,1238.0,0.0444264943457189,0.03654762292668058,0.056882997094004746,0.07721837126132891,False,False,True,False,True
2024-04-17 08:00:00,PRD-A,65.0,1260.0,0.051587301587301584,0.03672593574816284,0.056882997094004746,0.07704005843984665,False,False,False,False,False
2024-04-17 16:00:00,PRD-A,82.0,1197.0,0.06850459482038429,0.03620228851151851,0.056882997094004746,0.07756370567649098,False,False,False,False,False
2024-04-24 00:00:00,PRD-A,50.0,1197.0,0.04177109440267335,0.03620228851151851,0.056882997094004746,0.07756370567649098,False,False,False,False,False
2024-04-24 08:00:00,PRD-A,49.0,1202.0,0.04076539101497504,0.03624534645659007,0.056882997094004746,0.07752064773141942,False,True,False,False,True
2024-04-24 16:00:00,PRD-A,82.0,1213.0,0.06760098928276999,0.03633913506712613,0.056882997094004746,0.07742685912088336,False,True,False,False,True
2024-04-25 00:00:00,PRD-A,69.0,1260.0,0.05476190476190476,0.03672593574816284,0.056882997094004746,0.07704005843984665,False,False,False,False,False
2024-04-25 08:00:00,PRD-A,62.0,1255.0,0.04940239043824701,0.03668582215356973,0.056882997094004746,0.07708017203443976,False,False,False,False,False
2024-04-25 16:00:00,PRD-A,111.0,1198.0,0.09265442404006678,0.03621092166095856,0.056882997094004746,0.07755507252705093,True,False,False,False,True
2024-05-02 00:00:00,PRD-A,57.0,1255.0,0.04541832669322709,0.03668582215356973,0.056882997094004746,0.07708017203443976,False,False,False,False,False
2024-05-02 08:00:00,PRD-A,69.0,1274.0,0.05416012558869702,0.03683699478256212,0.056882997094004746,0.07692899940544737,False,False,False,False,False
2024-05-02 16:00:00,PRD-A,104.0,1199.0,0.08673894912427023,0.03621954400770823,0.056882997094004746,0.07754645018030126,True,False,False,False,True
2024-05-03 00:00:00,PRD-A,56.0,1279.0,0.0437842064112588,0.03687621611207691,0.056882997094004746,0.07688977807593259,False,False,False,False,False
2024-05-03 08:00:00,PRD-A,59.0,1202.0,0.04908485856905158,0.03624534645659007,0.056882997094004746,0.07752064773141942,False,False,False,False,False
2024-05-03 16:00:00,PRD-A,94.0,1166.0,0.08061749571183534,0.03592917680333647,0.056882997094004746,0.07783681738467302,True,False,False,False,True
2024-05-10 00:00:00,PRD-A,62.0,1221.0,0.050778050778050775,0.036406547429453526,0.056882997094004746,0.07735944675855597,False,False,False,False,False
2024-05-10 08:00:00,PRD-A,82.0,1184.0,0.06925675675675676,0.03608906416082859,0.056882997094004746,0.0776769300271809,False,False,False,False,False
2024-05-10 16:00:00,PRD-A,101.0,1146.0,0.0881326352530541,0.03574712455303544,0.056882997094004746,0.07801886963497405,True,False,False,False,True
2024-05-11 00:00:00,PRD-A,111.0,1297.0,0.08558211256746338,0.03701553001471845,0.056882997094004746,0.07675046417329104,True,True,True,False,True
2024-05-11 08:00:00,PRD-A,81.0,1252.0,0.06469648562300319,0.0366616387384727,0.056882997094004746,0.07710435544953678,False,True,True,False,True
2024-05-11 16:00:00,PRD-A,103.0,1115.0,0.09237668161434978,0.035455321811245846,0.056882997094004746,0.07831067237676365,True,True,True,False,True
2024-05-18 00:00:00,PRD-A,103.0,1203.0,0.085619285120532,0.03625392581702626,0.056882997094004746,0.07751206837098323,True,True,True,False,True
2024-05-18 08:00:00,PRD-A,113.0,1230.0,0.091869918699187,0.036481598810863665,0.056882997094004746,0.07728439537714582,True,True,True,False,True
2024-05-18 16:00:00,PRD-A,161.0,1224.0,0.1315359477124183,0.03643165651267453,0.056882997094004746,0.07733433767533496,True,True,True,True,True
2024-05-19 00:00:00,PRD-A,130.0,1255.0,0.10358565737051793,0.03668582215356973,0.056882997094004746,0.07708017203443976,True,True,True,True,True
2024-05-19 08:00:00,PRD-A,102.0,1171.0,0.08710503842869342,0.03597395954375923,0.056882997094004746,0.07779203464425026,True,True,True,True,True
2024-05-19 16:00:00,PRD-A,180.0,1170.0,0.15384615384615385,0.035965025966103056,0.056882997094004746,0.07780096822190644,True,True,True,True,True
2024-05-26 00:00:00,PRD-A,44.0,1219.0,0.03609515996718622,0.036389756569998585,0.056882997094004746,0.0773762376180109,True,True,True,False,True
2024-05-26 08:00:00,PRD-A,52.0,1325.0,0.03924528301886793,0.037226571310033055,0.056882997094004746,0.07653942287797644,False,True,False,False,True
2024-05-26 16:00:00,PRD-A,80.0,1270.0,0.06299212598425197,0.03680545109300948,0.056882997094004746,0.07696054309500001,False,True,False,False,True
2024-05-27 00:00:00,PRD-A,72.0,1296.0,0.05555555555555555,0.03700786657486574,0.056882997094004746,0.07675812761314375,False,False,False,False,False
2024-05-27 08:00:00,PRD-A,49.0,1231.0,0.039805036555645816,0.03648988700876133,0.056882997094004746,0.07727610717924815,False,False,False,False,False
2024-05-27 16:00:00,PRD-A,95.0,1222.0,0.07774140752864157,0.03641492739692727,0.056882997094004746,0.07735106679108222,True,False,False,False,True
2024-06-03 00:00:00,PRD-A,49.0,1195.0,0.04100418410041841,0.03618498971419651,0.056882997094004746,0.07758100447381298,False,True,False,False,True
2024-06-03 08:00:00,PRD-A,60.0,1260.0,0.047619047619047616,0.03672593574816284,0.056882997094004746,0.07704005843984665,False,False,False,False,False
2024-06-03 16:00:00,PRD-A,74.0,1232.0,0.060064935064935064,0.03649816511346013,0.056882997094004746,0.07726782907454936,False,False,False,False,False
2024-06-04 00:00:00,PRD-A,65.0,1228.0,0.052931596091205214,0.036464992053304654,0.056882997094004746,0.07730100213470484,False,False,False,False,False
2024-06-04 08:00:00,PRD-A,69.0,1253.0,0.05506783719074222,0.03666970952640365,0.056882997094004746,0.07709628466160584,False,False,False,False,False
2024-06-04 16:00:00,PRD-A,90.0,1201.0,0.0749375520399667,0.03623675638311199,0.056882997094004746,0.07752923780489751,False,False,False,False,False
2024-06-11 00:00:00,PRD-A,56.0,1217.0,0.04601479046836483,0.036372924336751024,0.056882997094004746,0.07739306985125846,False,False,False,False,False
2024-06-11 08:00:00,PRD-A,54.0,1236.0,0.043689320388349516,0.03653117700877434,0.056882997094004746,0.07723481717923515,False,False,False,False,False
2024-06-11 16:00:00,PRD-A,91.0,1225.0,0.07428571428571429,0.03644000570289034,0.056882997094004746,0.07732598848511915,False,False,False,False,False
2024-06-12 00:00:00,PRD-A,72.0,1286.0,0.05598755832037325,0.03693074121516296,0.056882997094004746,0.07683525297284653,False,False,False,False,False
2024-06-12 08:00:00,PRD-A,68.0,1268.0,0.05362776025236593,0.03678962330497704,0.056882997094004746,0.07697637088303246,False,False,False,False,False
2024-06-12 16:00:00,PRD-A,102.0,1160.0,0.08793103448275862,0.0358750557826068,0.056882997094004746,0.07789093840540269,True,False,False,False,True
2024-06-19 00:00:00,PRD-A,57.0,1278.0,0.04460093896713615,0.036868390263554686,0.056882997094004746,0.0768976039244548,False,False,False,False,False
2024-06-19 08:00:00,PRD-A,51.0,1290.0,0.03953488372093023,0.03696169896209331,0.056882997094004746,0.07680429522591618,False,False,False,False,False
2024-06-19 16:00:00,PRD-A,63.0,1179.0,0.05343511450381679,0.03604501850051753,0.056882997094004746,0.07772097568749196,False,False,False,False,False
2024-06-20 00:00:00,PRD-A,62.0,1280.0,0.0484375,0.03688403278789077,0.056882997094004746,0.07688196140011871,False,False,False,False,False
2024-06-20 08:00:00,PRD-A,56.0,1258.0,0.04451510333863275,0.036709919010358874,0.056882997094004746,0.07705607517765062,False,False,True,False,True
2024-06-20 16:00:00,PRD-A,91.0,1215.0,0.07489711934156379,0.03635605055951831,0.056882997094004746,0.07740994362849118,False,False,False,False,False
2024-06-27 00:00:00,PRD-A,49.0,1166.0,0.04202401372212693,0.03592917680333647,0.056882997094004746,0.07783681738467302,False,False,False,False,False
2024-06-27 08:00:00,PRD-A,43.0,1211.0,0.03550784475639967,0.03632217768741115,0.056882997094004746,0.07744381650059834,True,True,True,False,True
2024-06-27 16:00:00,PRD-A,66.0,1300.0,0.05076923076923077,0.037038467255861546,0.056882997094004746,0.07672752693214795,False,True,False,False,True
2024-06-28 00:00:00,PRD-A,67.0,1276.0,0.052507836990595615,0.03685271097651982,0.056882997094004746,0.07691328321148967,False,False,False,False,False
2024-06-28 08:00:00,PRD-A,73.0,1252.0,0.05830670926517572,0.0366616387384727,0.056882997094004746,0.07710435544953678,False,False,False,False,False
2024-06-28 16:00:00,PRD-A,89.0,1241.0,0.0717163577759871,0.036572217220098985,0.056882997094004746,0.07719377696791051,False,False,False,False,False
2024-07-05 00:00:00,PRD-A,45.0,1268.0,0.03548895899053628,0.03678962330497704,0.056882997094004746,0.07697637088303246,True,False,False,False,True
2024-07-05 08:00:00,PRD-A,36.0,1309.0,0.02750190985485103,0.03710680523135667,0.056882997094004746,0.07665918895665283,True,True,False,False,True
2024-07-05 16:00:00,PRD-A,45.0,1199.0,0.03753127606338615,0.03621954400770823,0.056882997094004746,0.07754645018030126,False,True,False,False,True
2024-07-06 00:00:00,PRD-A,44.0,1296.0,0.033950617283950615,0.03700786657486574,0.056882997094004746,0.07675812761314375,True,True,True,False,True
2024-07-06 08:00:00,PRD-A,66.0,1365.0,0.04835164835164835,0.03751671897733145,0.056882997094004746,0.07624927521067804,False,True,True,False,True
2024-07-06 16:00:00,PRD-A,57.0,1240.0,0.04596774193548387,0.03656402904001473,0.056882997094004746,0.07720196514799477,False,False,True,False,True
2024-07-13 00:00:00,PRD-A,79.0,1298.0,0.06086286594761171,0.03702318459680927,0.056882997094004746,0.07674280959120022,False,False,True,False,True
2024-07-13 08:00:00,PRD-A,36.0,1303.0,0.02762854950115119,0.03706132523600075,0.056882997094004746,0.07670466895200874,True,False,True,False,True
2024-07-13 16:00:00,PRD-A,71.0,1255.0,0.05657370517928287,0.03668582215356973,0.056882997094004746,0.07708017203443976,False,False,False,False,False
2024-07-14 00:00:00,PRD-A,49.0,1260.0,0.03888888888888889,0.03672593574816284,0.056882997094004746,0.07704005843984665,False,True,False,False,True
2024-07-14 08:00:00,PRD-A,54.0,1273.0,0.04241948153967007,0.0368291228002004,0.056882997094004746,0.0769368713878091,False,True,False,False,True
2024-07-14 16:00:00,PRD-A,74.0,1217.0,0.06080525883319639,0.036372924336751024,0.056882997094004746,0.07739306985125846,False,True,False,False,True
2024-07-21 00:00:00,PRD-A,115.0,1186.0,0.09696458684654301,0.03610660438574098,0.056882997094004746,0.07765938980226851,True,False,False,False,True
2024-07-21 08:00:00,PRD-A,109.0,1210.0,0.09008264462809917,0.036313683235734334,0.056882997094004746,0.07745231095227516,True,True,False,False,True
2024-07-21 16:00:00,PRD-A,79.0,535.0,0.14766355140186915,0.02594903143345727,0.056882997094004746,0.08781696275455222,True,True,False,False,True
2024-07-22 00:00:00,PRD-A,77.0,1335.0,0.05767790262172284,0.03730032926540118,0.056882997094004746,0.07646566492260831,False,True,False,False,True
2024-07-22 08:00:00,PRD-A,79.0,1254.0,0.06299840510366826,0.03667777065835638,0.056882997094004746,0.07708822352965311,False,False,False,False,False
2024-07-22 16:00:00,PRD-A,92.0,1283.0,0.07170693686671863,0.03690742795788743,0.056882997094004746,0.07685856623012206,False,False,False,False,False
2024-07-29 00:00:00,PRD-A,125.0,1288.0,0.09704968944099379,0.036946238115271014,0.056882997094004746,0.07681975607273847,True,True,False,True,True
2024-07-29 08:00:00,PRD-A,84.0,1300.0,0.06461538461538462,0.037038467255861546,0.056882997094004746,0.07672752693214795,False,True,False,True,True
2024-07-29 16:00:00,PRD-A,108.0,1220.0,0.08852459016393442,0.03639815716085125,0.056882997094004746,0.07736783702715824,True,True,True,True,True
2024-07-30 00:00:00,PRD-A,56.0,1306.0,0.042879019908116385,0.03708410441057221,0.056882997094004746,0.07668188977743728,False,False,True,False,True
2024-07-30 08:00:00,PRD-A,48.0,1274.0,0.03767660910518053,0.03683699478256212,0.056882997094004746,0.07692899940544737,False,True,False,False,True
2024-07-30 16:00:00,PRD-A,84.0,1241.0,0.06768734891216761,0.036572217220098985,0.056882997094004746,0.07719377696791051,False,True,False,False,True
2024-08-06 00:00:00,PRD-A,63.0,1220.0,0.051639344262295085,0.03639815716085125,0.056882997094004746,0.07736783702715824,False,False,False,False,False
2024-08-06 08:00:00,PRD-A,80.0,1258.0,0.06359300476947535,0.036709919010358874,0.056882997094004746,0.07705607517765062,False,False,False,False,False
2024-08-06 16:00:00,PRD-A,97.0,1234.0,0.07860615883306321,0.03651469112507855,0.056882997094004746,0.07725130306293095,True,False,False,False,True
2024-08-07 00:00:00,PRD-A,52.0,1175.0,0.04425531914893617,0.036009579735809705,0.056882997094004746,0.07775641445219979,False,False,False,False,False
2024-08-07 08:00:00,PRD-A,71.0,1255.0,0.05657370517928287,0.03668582215356973,0.056882997094004746,0.07708017203443976,False,False,False,False,False
2024-08-07 16:00:00,PRD-A,78.0,1180.0,0.06610169491525424,0.036053850023945976,0.056882997094004746,0.07771214416406352,False,False,False,False,False
2024-08-14 00:00:00,PRD-A,61.0,1230.0,0.04959349593495935,0.036481598810863665,0.056882997094004746,0.07728439537714582,False,False,False,False,False
2024-08-14 08:00:00,PRD-A,67.0,1258.0,0.05325914149443561,0.036709919010358874,0.056882997094004746,0.07705607517765062,False,False,False,False,False
2024-08-14 16:00:00,PRD-A,85.0,1228.0,0.06921824104234528,0.036464992053304654,0.056882997094004746,0.07730100213470484,False,False,False,False,False
2024-08-15 00:00:00,PRD-A,56.0,1248.0,0.04487179487179487,0.03662925864030204,0.056882997094004746,0.07713673554770745,False,False,False,False,False
2024-08-15 08:00:00,PRD-A,45.0,1223.0,0.03679476696647588,0.03642329708433388,0.056882997094004746,0.07734269710367561,False,False,False,False,False
2024-08-15 16:00:00,PRD-A,79.0,1127.0,0.07009760425909495,0.03556970523654453,0.056882997094004746,0.07819628895146497,False,False,False,False,False
2024-08-22 00:00:00,PRD-A,76.0,1219.0,0.062346185397867106,0.036389756569998585,0.056882997094004746,0.0773762376180109,False,False,False,False,False
2024-08-22 08:00:00,PRD-A,75.0,1218.0,0.06157635467980296,0.03638134563571299,0.056882997094004746,0.0773846485522965,False,False,False,False,False
2024-08-22 16:00:00,PRD-A,95.0,1177.0,0.08071367884451996,0.036027321700220986,0.056882997094004746,0.07773867248778851,True,False,False,False,True
2024-08-23 00:00:00,PRD-A,79.0,1177.0,0.06711979609175871,0.036027321700220986,0.056882997094004746,0.07773867248778851,False,False,False,False,False
2024-08-23 08:00:00,PRD-A,73.0,1245.0,0.058634538152610445,0.03660487122815216,0.056882997094004746,0.07716112295985733,False,False,False,False,False
2024-08-23 16:00:00,PRD-A,117.0,1227.0,0.09535452322738386,0.03645667345241331,0.056882997094004746,0.07730932073559618,True,False,False,False,True
2024-08-30 00:00:00,PRD-A,33.0,1213.0,0.02720527617477329,0.03633913506712613,0.056882997094004746,0.07742685912088336,True,False,False,False,True
2024-08-30 08:00:00,PRD-A,40.0,1273.0,0.031421838177533384,0.0368291228002004,0.056882997094004746,0.0769368713878091,True,True,False,False,True
2024-08-30 16:00:00,PRD-A,48.0,1254.0,0.03827751196172249,0.03667777065835638,0.056882997094004746,0.07708822352965311,False,True,False,False,True
2024-08-31 00:00:00,PRD-A,46.0,1260.0,0.03650793650793651,0.03672593574816284,0.056882997094004746,0.07704005843984665,True,True,True,False,True
2024-08-31 08:00:00,PRD-A,53.0,1225.0,0.04326530612244898,0.03644000570289034,0.056882997094004746,0.07732598848511915,False,True,True,False,True
2024-08-31 16:00:00,PRD-A,95.0,1268.0,0.0749211356466877,0.03678962330497704,0.056882997094004746,0.07697637088303246,False,False,True,False,True
2024-09-07 00:00:00,PRD-A,103.0,1180.0,0.08728813559322034,0.036053850023945976,0.056882997094004746,0.07771214416406352,True,True,False,False,True
2024-09-07 08:00:00,PRD-A,107.0,977.0,0.10951893551688843,0.03399197375102405,0.056882997094004746,0.07977402043698545,True,True,False,False,True
2024-09-07 16:00:00,PRD-A,70.0,1300.0,0.05384615384615385,0.037038467255861546,0.056882997094004746,0.07672752693214795,False,True,False,False,True
2024-09-08 00:00:00,PRD-A,39.0,1311.0,0.029748283752860413,0.037121895803460855,0.056882997094004746,0.07664409838454864,True,False,False,False,True
2024-09-08 08:00:00,PRD-A,51.0,1318.0,0.038694992412746584,0.03717444203475312,0.056882997094004746,0.07659155215325637,False,True,False,False,True
2024-09-08 16:00:00,PRD-A,71.0,1248.0,0.05689102564102564,0.03662925864030204,0.056882997094004746,0.07713673554770745,False,True,False,False,True
2024-09-15 00:00:00,PRD-A,46.0,1276.0,0.03605015673981191,0.03685271097651982,0.056882997094004746,0.07691328321148967,True,True,False,False,True
2024-09-15 08:00:00,PRD-A,49.0,1213.0,0.0403957131079967,0.03633913506712613,0.056882997094004746,0.07742685912088336,False,True,True,False,True
2024-09-15 16:00:00,PRD-A,80.0,1208.0,0.06622516556291391,0.036296662700047264,0.056882997094004746,0.07746933148796223,False,True,False,False,True
2024-09-16 00:00:00,PRD-A,64.0,1289.0,0.04965089216446858,0.03695397303660142,0.056882997094004746,0.07681202115140807,False,False,False,False,False
2024-09-16 08:00:00,PRD-A,61.0,1282.0,0.04758190327613104,0.03689963869296432,0.056882997094004746,0.07686635549504517,False,False,True,False,True
2024-09-16 16:00:00,PRD-A,82.0,1199.0,0.06839032527105922,0.03621954400770823,0.056882997094004746,0.07754645018030126,False,False,False,False,False
2024-09-23 00:00:00,PRD-A,78.0,1234.0,0.06320907617504051,0.03651469112507855,0.056882997094004746,0.07725130306293095,False,False,False,False,False
2024-09-23 08:00:00,PRD-A,59.0,1265.0,0.0466403162055336,0.036765811279490676,0.056882997094004746,0.07700018290851882,False,False,False,False,False
2024-09-23 16:00:00,PRD-A,82.0,1193.0,0.06873428331936295,0.03616764743433816,0.056882997094004746,0.07759834675367133,False,False,False,False,False
2024-09-24 00:00:00,PRD-A,81.0,1239.0,0.06537530266343826,0.03655583094887867,0.056882997094004746,0.07721016323913082,False,False,False,False,False
2024-09-24 08:00:00,PRD-A,80.0,1243.0,0.06436041834271923,0.036588563926871064,0.056882997094004746,0.07717743026113844,False,False,False,False,False
2024-09-24 16:00:00,PRD-A,116.0,1212.0,0.09570957095709572,0.03633066162398304,0.056882997094004746,0.07743533256402646,True,False,True,False,True
2024-10-01 00:00:00,PRD-A,91.0,1241.0,0.07332796132151491,0.036572217220098985,0.056882997094004746,0.07719377696791051,False,True,True,False,True
2024-10-01 08:00:00,PRD-A,100.0,1265.0,0.07905138339920949,0.036765811279490676,0.056882997094004746,0.07700018290851882,True,True,True,False,True
2024-10-01 16:00:00,PRD-A,143.0,1208.0,0.1183774834437086,0.036296662700047264,0.056882997094004746,0.07746933148796223,True,True,True,False,True
2024-10-02 00:00:00,PRD-A,103.0,1237.0,0.08326596604688763,0.03653940495335368,0.056882997094004746,0.0772265892346558,True,True,True,True,True
2024-10-02 08:00:00,PRD-A,108.0,1229.0,0.08787632221318145,0.03647330049923999,0.056882997094004746,0.07729269368876951,True,True,True,True,True
2024-10-02 16:00:00,PRD-A,154.0,1208.0,0.12748344370860928,0.036296662700047264,0.056882997094004746,0.07746933148796223,True,True,True,True,True
2024-10-09 00:00:00,PRD-A,54.0,1293.0,0.04176334106728538,0.036984822937538686,0.056882997094004746,0.0767811712504708,False,True,True,False,True
2024-10-09 08:00:00,PRD-A,48.0,1300.0,0.036923076923076927,0.037038467255861546,0.056882997094004746,0.07672752693214795,True,True,False,False,True
2024-10-09 16:00:00,PRD-A,51.0,1223.0,0.041700735895339326,0.03642329708433388,0.056882997094004746,0.07734269710367561,False,True,False,False,True
2024-10-10 00:00:00,PRD-A,41.0,1271.0,0.03225806451612903,0.036813350973701295,0.056882997094004746,0.0769526432143082,True,True,True,False,True
2024-10-10 08:00:00,PRD-A,39.0,1300.0,0.03,0.037038467255861546,0.056882997094004746,0.07672752693214795,True,True,True,False,True
2024-10-10 16:00:00,PRD-A,49.0,1262.0,0.03882725832012678,0.036741914396211744,0.056882997094004746,0.07702407979179775,False,True,True,False,True
2024-10-17 00:00:00,PRD-A,30.0,1277.0,0.023492560689115115,0.036860555224370074,0.056882997094004746,0.07690543896363941,True,True,True,False,True
2024-10-17 08:00:00,PRD-A,34.0,1279.0,0.026583268178264268,0.03687621611207691,0.056882997094004746,0.07688977807593259,True,True,True,True,True
2024-10-17 16:00:00,PRD-A,53.0,1258.0,0.04213036565977742,0.036709919010358874,0.056882997094004746,0.07705607517765062,False,True,True,True,True
2024-10-18 00:00:00,PRD-A,46.0,1300.0,0.03538461538461538,0.037038467255861546,0.056882997094004746,0.07672752693214795,True,True,True,True,True
2024-10-18 08:00:00,PRD-A,44.0,1246.0,0.03531300160513644,0.03661301015116347,0.056882997094004746,0.07715298403684602,True,True,True,True,True
2024-10-18 16:00:00,PRD-A,59.0,1162.0,0.050774526678141134,0.035893142691953414,0.056882997094004746,0.07787285149605608,False,True,True,True,True
2024-10-25 00:00:00,PRD-A,80.0,1172.0,0.06825938566552901,0.03598288168521528,0.056882997094004746,0.07778311250279421,False,False,False,False,False
2024-10-25 08:00:00,PRD-A,125.0,1185.0,0.10548523206751055,0.036097839823989286,0.056882997094004746,0.0776681543640202,True,False,False,False,True
2024-10-25 16:00:00,PRD-A,122.0,941.0,0.12964930924548354,0.03355821052961745,0.056882997094004746,0.08020778365839204,True,True,False,False,True
2024-10-26 00:00:00,PRD-A,38.0,1293.0,0.029389017788089715,0.036984822937538686,0.056882997094004746,0.0767811712504708,True,True,False,False,True
2024-10-26 08:00:00,PRD-A,55.0,1284.0,0.042834890965732085,0.03691520812142933,0.056882997094004746,0.07685078606658016,False,True,False,False,True
2024-10-26 16:00:00,PRD-A,75.0,1255.0,0.05976095617529881,0.03668582215356973,0.056882997094004746,0.07708017203443976,False,True,False,False,True
2024-11-02 00:00:00,PRD-A,78.0,1295.0,0.06023166023166023,0.037000194260154516,0.056882997094004746,0.07676579992785498,False,False,False,False,False
2024-11-02 08:00:00,PRD-A,65.0,1310.0,0.04961832061068702,0.03711435483722928,0.056882997094004746,0.0766516393507802,False,False,False,False,False
2024-11-02 16:00:00,PRD-A,61.0,1203.0,0.05070656691604322,0.03625392581702626,0.056882997094004746,0.07751206837098323,False,False,False,False,False
2024-11-03 00:00:00,PRD-A,50.0,1255.0,0.0398406374501992,0.03668582215356973,0.056882997094004746,0.07708017203443976,False,False,False,False,False
2024-11-03 08:00:00,PRD-A,58.0,1304.0,0.04447852760736196,0.037068927027980425,0.056882997094004746,0.07669706716002907,False,False,False,False,False
2024-11-03 16:00:00,PRD-A,76.0,1254.0,0.06060606060606061,0.03667777065835638,0.056882997094004746,0.07708822352965311,False,False,False,False,False
2024-11-10 00:00:00,PRD-A,51.0,1236.0,0.0412621359223301,0.03653117700877434,0.056882997094004746,0.07723481717923515,False,False,False,False,False
2024-11-10 08:00:00,PRD-A,43.0,1229.0,0.03498779495524817,0.03647330049923999,0.056882997094004746,0.07729269368876951,True,True,True,False,True
2024-11-10 16:00:00,PRD-A,86.0,1279.0,0.06724003127443315,0.03687621611207691,0.056882997094004746,0.07688977807593259,False,True,False,False,True
2024-11-11 00:00:00,PRD-A,60.0,1249.0,0.04803843074459568,0.0366373682456136,0.056882997094004746,0.07712862594239589,False,False,False,False,False
2024-11-11 08:00:00,PRD-A,61.0,1284.0,0.04750778816199377,0.03691520812142933,0.056882997094004746,0.07685078606658016,False,False,True,False,True
2024-11-11 16:00:00,PRD-A,102.0,1219.0,0.08367514356029532,0.036389756569998585,0.056882997094004746,0.0773762376180109,True,False,False,False,True
2024-11-18 00:00:00,PRD-A,83.0,1294.0,0.06414219474497682,0.036992513053441915,0.056882997094004746,0.07677348113456758,False,False,False,False,False
2024-11-18 08:00:00,PRD-A,102.0,1334.0,0.07646176911544228,0.03729299080989584,0.056882997094004746,0.07647300337811365,False,True,False,False,True
2024-11-18 16:00:00,PRD-A,76.0,1250.0,0.0608,0.03664546811745145,0.056882997094004746,0.07712052607055804,False,False,False,False,False
2024-11-19 00:00:00,PRD-A,45.0,1267.0,0.035516969218626675,0.036781695360778625,0.056882997094004746,0.07698429882723087,True,False,False,False,True
2024-11-19 08:00:00,PRD-A,44.0,1239.0,0.03551251008878128,0.03655583094887867,0.056882997094004746,0.07721016323913082,True,True,False,False,True
2024-11-19 16:00:00,PRD-A,76.0,1228.0,0.06188925081433225,0.036464992053304654,0.056882997094004746,0.07730100213470484,False,True,False,False,True
2024-11-26 00:00:00,PRD-A,55.0,1277.0,0.04306969459671104,0.036860555224370074,0.056882997094004746,0.07690543896363941,False,True,False,False,True
2024-11-26 08:00:00,PRD-A,64.0,1260.0,0.050793650793650794,0.03672593574816284,0.056882997094004746,0.07704005843984665,False,False,False,False,False
2024-11-26 16:00:00,PRD-A,58.0,998.0,0.05811623246492986,0.03423409160863054,0.056882997094004746,0.07953190257937895,False,False,False,False,False
2024-11-27 00:00:00,PRD-A,34.0,1328.0,0.025602409638554216,0.03724878615131852,0.056882997094004746,0.07651720803669097,True,False,False,False,True
2024-11-27 08:00:00,PRD-A,65.0,1360.0,0.04779411764705882,0.03748115186175408,0.056882997094004746,0.0762848423262554,False,False,False,False,False
2024-11-27 16:00:00,PRD-A,43.0,1299.0,0.033102386451116246,0.037030830338188755,0.056882997094004746,0.07673516384982074,True,True,False,False,True
2024-12-04 00:00:00,PRD-A,76.0,1172.0,0.06484641638225255,0.03598288168521528,0.056882997094004746,0.07778311250279421,False,False,False,False,False
2024-12-04 08:00:00,PRD-A,74.0,1231.0,0.06011372867587327,0.03648988700876133,0.056882997094004746,0.07727610717924815,False,False,False,False,False
2024-12-04 16:00:00,PRD-A,128.0,1155.0,0.11082251082251082,0.03582963315376857,0.056882997094004746,0.07793636103424093,True,False,False,False,True
2024-12-05 00:00:00,PRD-A,107.0,1257.0,0.08512330946698489,0.036701896310465804,0.056882997094004746,0.07706409787754369,True,True,False,False,True
2024-12-05 08:00:00,PRD-A,81.0,1214.0,0.06672158154859967,0.036347598038454096,0.056882997094004746,0.0774183961495554,False,True,True,False,True
2024-12-05 16:00:00,PRD-A,130.0,1180.0,0.11016949152542373,0.036053850023945976,0.056882997094004746,0.07771214416406352,True,True,True,False,True
2024-12-12 00:00:00,PRD-A,128.0,1202.0,0.1064891846921797,0.03624534645659007,0.056882997094004746,0.07752064773141942,True,True,True,False,True
2024-12-12 08:00:00,PRD-A,132.0,1203.0,0.10972568578553615,0.03625392581702626,0.056882997094004746,0.07751206837098323,True,True,True,True,True
2024-12-12 16:00:00,PRD-A,176.0,1160.0,0.15172413793103448,0.0358750557826068,0.056882997094004746,0.07789093840540269,True,True,True,True,True
2024-12-13 00:00:00,PRD-A,137.0,1190.0,0.11512605042016806,0.036141552085348895,0.056882997094004746,0.07762444210266059,True,True,True,True,True
2024-12-13 08:00:00,PRD-A,113.0,949.0,0.11907270811380401,0.033656731715763506,0.056882997094004746,0.08010926247224598,True,True,True,True,True
2024-12-13 16:00:00,PRD-A,153.0,1343.0,0.11392405063291139,0.03735874152924159,0.056882997094004746,0.07640725265876791,True,True,True,True,True
2024-12-20 00:00:00,PRD-A,62.0,1216.0,0.05098684210526316,0.03636449265180811,0.056882997094004746,0.07740150153620137,False,True,True,False,True
2024-12-20 08:00:00,PRD-A,39.0,973.0,0.040082219938335044,0.033944969546819276,0.056882997094004746,0.07982102464119022,False,False,False,False,False
2024-12-20 16:00:00,PRD-A,45.0,1309.0,0.03437738731856379,0.03710680523135667,0.056882997094004746,0.07665918895665283,True,True,False,False,True
2024-12-21 00:00:00,PRD-A,30.0,1136.0,0.02640845070422535,0.035654300775114,0.056882997094004746,0.07811169341289549,True,True,False,False,True
2024-12-21 08:00:00,PRD-A,53.0,1365.0,0.03882783882783883,0.03751671897733145,0.056882997094004746,0.07624927521067804,False,True,True,False,True
2024-12-21 16:00:00,PRD-A,45.0,1329.0,0.033860045146726865,0.037256174377710935,0.056882997094004746,0.07650981981029856,True,True,True,False,True
2024-12-28 00:00:00,PRD-A,59.0,1216.0,0.04851973684210526,0.03636449265180811,0.056882997094004746,0.07740150153620137,False,True,True,False,True
2024-12-28 08:00:00,PRD-A,75.0,1273.0,0.0589159465828751,0.0368291228002004,0.056882997094004746,0.0769368713878091,False,False,True,False,True
2024-12-28 16:00:00,PRD-A,103.0,1193.0,0.08633696563285834,0.03616764743433816,0.056882997094004746,0.07759834675367133,True,False,False,False,True
2024-12-29 00:00:00,PRD-A,73.0,1233.0,0.059205190592051905,0.03650643314542893,0.056882997094004746,0.07725956104258055,False,False,False,False,False
2024-12-29 08:00:00,PRD-A,86.0,1226.0,0.0701468189233279,0.03644834467586268,0.056882997094004746,0.07731764951214681,False,False,False,False,False
2024-12-29 16:00:00,PRD-A,113.0,1198.0,0.09432387312186978,0.03621092166095856,0.056882997094004746,0.07755507252705093,True,False,False,False,True
2025-01-05 00:00:00,PRD-A,69.0,967.0,0.07135470527404343,0.03387391714882834,0.056882997094004746,0.07989207703918115,False,False,True,False,True
2025-01-05 08:00:00,PRD-A,56.0,1344.0,0.041666666666666664,0.037366006368773005,0.056882997094004746,0.07639998781923649,False,False,False,False,False
2025-01-05 16:00:00,PRD-A,50.0,1264.0,0.03955696202531646,0.03675785510523677,0.056882997094004746,0.07700813908277272,False,True,False,False,True
2025-01-06 00:00:00,PRD-A,30.0,1290.0,0.023255813953488372,0.03696169896209331,0.056882997094004746,0.07680429522591618,True,True,False,False,True
2025-01-06 08:00:00,PRD-A,40.0,1312.0,0.03048780487804878,0.03712942814651725,0.056882997094004746,0.07663656604149224,True,True,True,False,True
2025-01-06 16:00:00,PRD-A,58.0,1287.0,0.045066045066045064,0.036938494180631054,0.056882997094004746,0.07682750000737844,False,True,True,False,True
2025-01-13 00:00:00,PRD-A,34.0,1239.0,0.02744148506860371,0.03655583094887867,0.056882997094004746,0.07721016323913082,True,True,True,False,True
2025-01-13 08:00:00,PRD-A,37.0,1280.0,0.02890625,0.03688403278789077,0.056882997094004746,0.07688196140011871,True,True,True,False,True
2025-01-13 16:00:00,PRD-A,56.0,1271.0,0.044059795436664044,0.036813350973701295,0.056882997094004746,0.0769526432143082,False,True,True,True,True
2025-01-14 00:00:00,PRD-A,43.0,1314.0,0.03272450532724505,0.03714446702874865,0.056882997094004746,0.07662152715926085,True,True,True,True,True
2025-01-14 08:00:00,PRD-A,42.0,1259.0,0.03335980937251787,0.03671793214993367,0.056882997094004746,0.07704806203807582,True,True,True,True,True
2025-01-14 16:00:00,PRD-A,51.0,1280.0,0.03984375,0.03688403278789077,0.056882997094004746,0.07688196140011871,False,True,True,True,True
2025-01-21 00:00:00,PRD-A,48.0,1214.0,0.039538714991762765,0.036347598038454096,0.056882997094004746,0.0774183961495554,False,True,True,True,True
2025-01-21 08:00:00,PRD-A,44.0,1252.0,0.03514376996805112,0.0366616387384727,0.056882997094004746,0.07710435544953678,True,True,True,True,True
2025-01-21 16:00:00,PRD-A,82.0,1248.0,0.06570512820512821,0.03662925864030204,0.056882997094004746,0.07713673554770745,False,True,True,False,True
2025-01-22 00:00:00,PRD-A,68.0,1261.0,0.05392545598731166,0.036733929823966366,0.056882997094004746,0.07703206436404313,False,False,False,False,False
2025-01-22 08:00:00,PRD-A,59.0,1215.0,0.048559670781893,0.03635605055951831,0.056882997094004746,0.07740994362849118,False,False,False,False,False
2025-01-22 16:00:00,PRD-A,97.0,1249.0,0.07766212970376302,0.0366373682456136,0.056882997094004746,0.07712862594239589,True,False,False,False,True
2025-01-29 00:00:00,PRD-A,32.0,1260.0,0.025396825396825397,0.03672593574816284,0.056882997094004746,0.07704005843984665,True,False,False,False,True
2025-01-29 08:00:00,PRD-A,34.0,1320.0,0.025757575757575757,0.03718937841814854,0.056882997094004746,0.07657661576986095,True,True,False,False,True
2025-01-29 16:00:00,PRD-A,42.0,1237.0,0.03395311236863379,0.03653940495335368,0.056882997094004746,0.0772265892346558,True,True,True,False,True
2025-01-30 00:00:00,PRD-A,47.0,1300.0,0.036153846153846154,0.037038467255861546,0.056882997094004746,0.07672752693214795,True,True,True,False,True
2025-01-30 08:00:00,PRD-A,39.0,1286.0,0.030326594090202177,0.03693074121516296,0.056882997094004746,0.07683525297284653,True,True,True,False,True
2025-01-30 16:00:00,PRD-A,66.0,1241.0,0.0531829170024174,0.036572217220098985,0.056882997094004746,0.07719377696791051,False,True,True,False,True
2025-02-06 00:00:00,PRD-A,61.0,1207.0,0.050538525269262634,0.036288136572370074,0.056882997094004746,0.07747785761563941,False,False,False,False,False
2025-02-06 08:00:00,PRD-A,56.0,1262.0,0.044374009508716325,0.036741914396211744,0.056882997094004746,0.07702407979179775,False,False,False,True,True
2025-02-06 16:00:00,PRD-A,90.0,1199.0,0.0750625521267723,0.03621954400770823,0.056882997094004746,0.07754645018030126,False,False,False,False,False
2025-02-07 00:00:00,PRD-A,64.0,1226.0,0.052202283849918436,0.03644834467586268,0.056882997094004746,0.07731764951214681,False,False,False,False,False
2025-02-07 08:00:00,PRD-A,74.0,1280.0,0.0578125,0.03688403278789077,0.056882997094004746,0.07688196140011871,False,False,False,False,False
2025-02-07 16:00:00,PRD-A,96.0,1219.0,0.07875307629204266,0.036389756569998585,0.056882997094004746,0.0773762376180109,True,False,False,False,True
2025-02-14 00:00:00,PRD-A,54.0,1203.0,0.04488778054862843,0.03625392581702626,0.056882997094004746,0.07751206837098323,False,False,False,False,False
2025-02-14 08:00:00,PRD-A,73.0,1179.0,0.06191687871077184,0.03604501850051753,0.056882997094004746,0.07772097568749196,False,False,False,False,False
2025-02-14 16:00:00,PRD-A,92.0,1211.0,0.07597027250206441,0.03632217768741115,0.056882997094004746,0.07744381650059834,False,False,False,False,False
2025-02-15 00:00:00,PRD-A,83.0,1281.0,0.06479313036690086,0.03689184030890122,0.056882997094004746,0.07687415387910827,False,False,False,False,False
2025-02-15 08:00:00,PRD-A,84.0,1234.0,0.06807131280388978,0.03651469112507855,0.056882997094004746,0.07725130306293095,False,False,False,False,False
2025-02-15 16:00:00,PRD-A,109.0,1189.0,0.09167367535744322,0.03613283169605941,0.056882997094004746,0.07763316249195008,True,False,True,False,True
2025-02-22 00:00:00,PRD-A,105.0,1201.0,0.08742714404662781,0.03623675638311199,0.056882997094004746,0.07752923780489751,True,True,True,False,True
2025-02-22 08:00:00,PRD-A,120.0,1198.0,0.1001669449081803,0.03621092166095856,0.056882997094004746,0.07755507252705093,True,True,True,False,True
2025-02-22 16:00:00,PRD-A,160.0,1231.0,0.12997562956945571,0.03648988700876133,0.056882997094004746,0.07727610717924815,True,True,True,True,True
2025-02-23 00:00:00,PRD-A,97.0,1035.0,0.09371980676328502,0.034642611365803634,0.056882997094004746,0.07912338282220585,True,True,True,True,True
2025-02-23 08:00:00,PRD-A,101.0,1280.0,0.07890625,0.03688403278789077,0.056882997094004746,0.07688196140011871,True,True,True,True,True
2025-02-23 16:00:00,PRD-A,72.0,1289.0,0.055857253685027156,0.03695397303660142,0.056882997094004746,0.07681202115140807,False,True,True,False,True
2025-03-02 00:00:00,PRD-A,54.0,1298.0,0.04160246533127889,0.03702318459680927,0.056882997094004746,0.07674280959120022,False,False,False,False,False
2025-03-02 08:00:00,PRD-A,41.0,1221.0,0.03357903357903358,0.036406547429453526,0.056882997094004746,0.07735944675855597,True,True,False,False,True
2025-03-02 16:00:00,PRD-A,52.0,1280.0,0.040625,0.03688403278789077,0.056882997094004746,0.07688196140011871,False,True,False,False,True
2025-03-03 00:00:00,PRD-A,55.0,1312.0,0.041920731707317076,0.03712942814651725,0.056882997094004746,0.07663656604149224,False,True,True,False,True
2025-03-03 08:00:00,PRD-A,46.0,1298.0,0.03543913713405239,0.03702318459680927,0.056882997094004746,0.07674280959120022,True,True,True,False,True
2025-03-03 16:00:00,PRD-A,68.0,1287.0,0.05283605283605284,0.036938494180631054,0.056882997094004746,0.07682750000737844,False,True,True,False,True
2025-03-10 00:00:00,PRD-A,43.0,1239.0,0.03470540758676352,0.03655583094887867,0.056882997094004746,0.07721016323913082,True,True,True,True,True
2025-03-10 08:00:00,PRD-A,42.0,1327.0,0.031650339110776186,0.037241389575074724,0.056882997094004746,0.07652460461293477,True,True,True,True,True
2025-03-10 16:00:00,PRD-A,51.0,1222.0,0.041734860883797055,0.03641492739692727,0.056882997094004746,0.07735106679108222,False,True,True,True,True
2025-03-11 00:00:00,PRD-A,48.0,1274.0,0.03767660910518053,0.03683699478256212,0.056882997094004746,0.07692899940544737,False,True,True,True,True
2025-03-11 08:00:00,PRD-A,55.0,1299.0,0.042340261739799843,0.037030830338188755,0.056882997094004746,0.07673516384982074,False,True,True,True,True
2025-03-11 16:00:00,PRD-A,51.0,1200.0,0.0425,0.03622815557427782,0.056882997094004746,0.07753783861373167,False,True,True,True,True
2025-03-18 00:00:00,PRD-A,58.0,1196.0,0.048494983277591976,0.03619364453681191,0.056882997094004746,0.07757234965119758,False,True,True,True,True
2025-03-18 08:00:00,PRD-A,60.0,1276.0,0.047021943573667714,0.03685271097651982,0.056882997094004746,0.07691328321148967,False,False,True,True,True
2025-03-18 16:00:00,PRD-A,90.0,1168.0,0.07705479452054795,0.03594712440430905,0.056882997094004746,0.07781886978370045,False,False,True,False,True
2025-03-19 00:00:00,PRD-A,69.0,1270.0,0.05433070866141732,0.03680545109300948,0.056882997094004746,0.07696054309500001,False,False,False,False,False
2025-03-19 08:00:00,PRD-A,83.0,1242.0,0.06682769726247988,0.036580395509085234,0.056882997094004746,0.07718559867892426,False,False,False,False,False
2025-03-19 16:00:00,PRD-A,98.0,1237.0,0.07922392886014551,0.03653940495335368,0.056882997094004746,0.0772265892346558,True,False,False,False,True
2025-03-26 00:00:00,PRD-A,28.0,1255.0,0.022310756972111555,0.03668582215356973,0.056882997094004746,0.07708017203443976,True,False,False,False,True
2025-03-26 08:00:00,PRD-A,41.0,1298.0,0.031587057010785825,0.03702318459680927,0.056882997094004746,0.07674280959120022,True,True,False,False,True
2025-03-26 16:00:00,PRD-A,55.0,1261.0,0.04361617763679619,0.036733929823966366,0.056882997094004746,0.07703206436404313,False,True,False,False,True
2025-03-27 00:00:00,PRD-A,37.0,1283.0,0.028838659392049885,0.03690742795788743,0.056882997094004746,0.07685856623012206,True,True,True,False,True
2025-03-27 08:00:00,PRD-A,44.0,1296.0,0.033950617283950615,0.03700786657486574,0.056882997094004746,0.07675812761314375,True,True,True,False,True
2025-03-27 16:00:00,PRD-A,57.0,1246.0,0.045746388443017656,0.03661301015116347,0.056882997094004746,0.07715298403684602,False,True,True,False,True
2025-04-03 00:00:00,PRD-A,70.0,1118.0,0.0626118067978533,0.035484090240351124,0.056882997094004746,0.07828190394765837,False,False,True,False,True
2025-04-03 08:00:00,PRD-A,100.0,1185.0,0.08438818565400844,0.036097839823989286,0.056882997094004746,0.0776681543640202,True,False,False,False,True
2025-04-03 16:00:00,PRD-A,123.0,1154.0,0.10658578856152513,0.03582051322094307,0.056882997094004746,0.07794548096706642,True,True,False,False,True
2025-04-04 00:00:00,PRD-A,93.0,1201.0,0.07743547044129892,0.03623675638311199,0.056882997094004746,0.07752923780489751,False,True,False,False,True
2025-04-04 08:00:00,PRD-A,95.0,921.0,0.10314875135722042,0.03330631568087808,0.056882997094004746,0.08045967850713141,True,True,True,False,True
2025-04-04 16:00:00,PRD-A,65.0,1270.0,0.051181102362204724,0.03680545109300948,0.056882997094004746,0.07696054309500001,False,True,True,False,True
2025-04-11 00:00:00,PRD-A,87.0,1194.0,0.0728643216080402,0.036176324020963664,0.056882997094004746,0.07758967016704582,False,True,True,False,True
2025-04-11 08:00:00,PRD-A,95.0,1162.0,0.08175559380378658,0.035893142691953414,0.056882997094004746,0.07787285149605608,True,True,True,False,True
2025-04-11 16:00:00,PRD-A,122.0,1166.0,0.10463121783876501,0.03592917680333647,0.056882997094004746,0.07783681738467302,True,True,True,False,True
2025-04-12 00:00:00,PRD-A,111.0,1236.0,0.08980582524271845,0.03653117700877434,0.056882997094004746,0.07723481717923515,True,True,True,False,True
2025-04-12 08:00:00,PRD-A,112.0,1202.0,0.09317803660565724,0.03624534645659007,0.056882997094004746,0.07752064773141942,True,True,True,False,True
2025-04-12 16:00:00,PRD-A,133.0,1042.0,0.1276391554702495,0.03471744104205397,0.056882997094004746,0.07904855314595552,True,True,True,False,True
2025-04-19 00:00:00,PRD-A,81.0,1172.0,0.06911262798634812,0.03598288168521528,0.056882997094004746,0.07778311250279421,False,True,True,False,True
2025-04-19 08:00:00,PRD-A,80.0,1200.0,0.06666666666666667,0.03622815557427782,0.056882997094004746,0.07753783861373167,False,False,True,True,True
2025-04-19 16:00:00,PRD-A,80.0,725.0,0.1103448275862069,0.030309819695939898,0.056882997094004746,0.0834561744920696,True,False,True,True,True
2025-04-20 00:00:00,PRD-A,68.0,1333.0,0.05101275318829707,0.03728564409811157,0.056882997094004746,0.07648035008989792,False,False,True,False,True
2025-04-20 08:00:00,PRD-A,37.0,1293.0,0.028615622583139984,0.036984822937538686,0.056882997094004746,0.0767811712504708,True,False,False,False,True
2025-04-20 16:00:00,PRD-A,52.0,1281.0,0.04059328649492584,0.03689184030890122,0.056882997094004746,0.07687415387910827,False,True,False,False,True
2025-04-27 00:00:00,PRD-A,90.0,1140.0,0.07894736842105263,0.03569157682901529,0.056882997094004746,0.0780744173589942,True,True,False,False,True
2025-04-27 08:00:00,PRD-A,78.0,960.0,0.08125,0.0337901822427075,0.056882997094004746,0.07997581194530198,True,True,False,False,True
2025-04-27 16:00:00,PRD-A,46.0,1282.0,0.0358814352574103,0.03689963869296432,0.056882997094004746,0.07686635549504517,True,True,False,False,True
2025-04-28 00:00:00,PRD-A,46.0,1283.0,0.03585346843335931,0.03690742795788743,0.056882997094004746,0.07685856623012206,True,True,False,False,True
2025-04-28 08:00:00,PRD-A,50.0,1314.0,0.0380517503805175,0.03714446702874865,0.056882997094004746,0.07662152715926085,False,True,False,False,True
2025-04-28 16:00:00,PRD-A,73.0,1277.0,0.05716523101018011,0.036860555224370074,0.056882997094004746,0.07690543896363941,False,True,False,False,True
2025-05-05 00:00:00,PRD-A,141.0,1130.0,0.12477876106194691,0.035598016019717155,0.056882997094004746,0.07816797816829234,True,False,False,False,True
2025-05-05 08:00:00,PRD-A,183.0,1194.0,0.15326633165829145,0.036176324020963664,0.056882997094004746,0.07758967016704582,True,True,False,False,True
2025-05-05 16:00:00,PRD-A,212.0,1133.0,0.18711385701676964,0.03562621428479074,0.056882997094004746,0.07813977990321874,True,True,False,False,True
2025-05-06 00:00:00,PRD-A,148.0,939.0,0.15761448349307774,0.03353338371411212,0.056882997094004746,0.08023261047389738,True,True,True,False,True
2025-05-06 08:00:00,PRD-A,120.0,1341.0,0.0894854586129754,0.03734418747909174,0.056882997094004746,0.07642180670891775,True,True,True,False,True
2025-05-06 16:00:00,PRD-A,101.0,1282.0,0.07878315132605304,0.03689963869296432,0.056882997094004746,0.07686635549504517,True,True,True,False,True
2025-05-13 00:00:00,PRD-A,94.0,1145.0,0.08209606986899563,0.035737896928696694,0.056882997094004746,0.0780280972593128,True,True,True,True,True
2025-05-13 08:00:00,PRD-A,93.0,1152.0,0.08072916666666667,0.0358022377434284,0.056882997094004746,0.07796375644458109,True,True,True,True,True
2025-05-13 16:00:00,PRD-A,143.0,1127.0,0.12688553682342502,0.03556970523654453,0.056882997094004746,0.07819628895146497,True,True,True,True,True
2025-05-14 00:00:00,PRD-A,121.0,1243.0,0.09734513274336283,0.036588563926871064,0.056882997094004746,0.07717743026113844,True,True,True,True,True
2025-05-14 08:00:00,PRD-A,98.0,1172.0,0.08361774744027303,0.03598288168521528,0.056882997094004746,0.07778311250279421,True,True,True,True,True
2025-05-14 16:00:00,PRD-A,118.0,822.0,0.1435523114355231,0.03192690490140377,0.056882997094004746,0.08183908928660572,True,True,True,True,True
2025-05-21 00:00:00,PRD-A,47.0,1260.0,0.0373015873015873,0.03672593574816284,0.056882997094004746,0.07704005843984665,False,True,True,False,True
2025-05-21 08:00:00,PRD-A,39.0,1301.0,0.02997694081475788,0.03704609536678652,0.056882997094004746,0.07671989882122297,True,True,False,False,True
2025-05-21 16:00:00,PRD-A,72.0,1256.0,0.05732484076433121,0.03669386403122894,0.056882997094004746,0.07707213015678055,False,True,False,False,True
2025-05-22 00:00:00,PRD-A,49.0,1321.0,0.03709311127933384,0.037196833886398245,0.056882997094004746,0.07656916030161125,True,True,False,False,True
2025-05-22 08:00:00,PRD-A,47.0,1280.0,0.03671875,0.03688403278789077,0.056882997094004746,0.07688196140011871,True,True,True,False,True
2025-05-22 16:00:00,PRD-A,80.0,1241.0,0.064464141821112,0.036572217220098985,0.056882997094004746,0.07719377696791051,False,True,False,False,True
2025-05-29 00:00:00,PRD-A,52.0,1256.0,0.041401273885350316,0.03669386403122894,0.056882997094004746,0.07707213015678055,False,True,False,False,True
2025-05-29 08:00:00,PRD-A,65.0,1315.0,0.049429657794676805,0.03715197360063649,0.056882997094004746,0.076614020587373,False,False,True,False,True
2025-05-29 16:00:00,PRD-A,76.0,1284.0,0.059190031152647975,0.03691520812142933,0.056882997094004746,0.07685078606658016,False,False,False,False,False
2025-05-30 00:00:00,PRD-A,44.0,1261.0,0.034892942109436956,0.036733929823966366,0.056882997094004746,0.07703206436404313,True,False,False,False,True
2025-05-30 08:00:00,PRD-A,60.0,1288.0,0.046583850931677016,0.036946238115271014,0.056882997094004746,0.07681975607273847,False,False,True,False,True
2025-05-30 16:00:00,PRD-A,78.0,1238.0,0.0630048465266559,0.03654762292668058,0.056882997094004746,0.07721837126132891,False,False,False,False,False
2025-06-06 00:00:00,PRD-A,72.0,1239.0,0.05811138014527845,0.03655583094887867,0.056882997094004746,0.07721016323913082,False,False,False,False,False
2025-06-06 08:00:00,PRD-A,59.0,1230.0,0.04796747967479675,0.036481598810863665,0.056882997094004746,0.07728439537714582,False,False,False,False,False
2025-06-06 16:00:00,PRD-A,99.0,1190.0,0.08319327731092437,0.036141552085348895,0.056882997094004746,0.07762444210266059,True,False,False,False,True
2025-06-07 00:00:00,PRD-A,70.0,1229.0,0.05695687550854353,0.03647330049923999,0.056882997094004746,0.07729269368876951,False,False,False,False,False
2025-06-07 08:00:00,PRD-A,84.0,1268.0,0.06624605678233439,0.03678962330497704,0.056882997094004746,0.07697637088303246,False,False,False,False,False
2025-06-07 16:00:00,PRD-A,124.0,1183.0,0.10481825866441251,0.03608027737280356,0.056882997094004746,0.07768571681520593,True,False,False,False,True
2025-06-14 00:00:00,PRD-A,53.0,1282.0,0.041341653666146644,0.03689963869296432,0.056882997094004746,0.07686635549504517,False,False,False,False,False
2025-06-14 08:00:00,PRD-A,37.0,1296.0,0.02854938271604938,0.03700786657486574,0.056882997094004746,0.07675812761314375,True,True,False,False,True
2025-06-14 16:00:00,PRD-A,62.0,1262.0,0.0491283676703645,0.036741914396211744,0.056882997094004746,0.07702407979179775,False,True,False,False,True
2025-06-15 00:00:00,PRD-A,47.0,1309.0,0.03590527119938885,0.03710680523135667,0.056882997094004746,0.07665918895665283,True,True,True,False,True
2025-06-15 08:00:00,PRD-A,49.0,1262.0,0.03882725832012678,0.036741914396211744,0.056882997094004746,0.07702407979179775,False,True,True,False,True
2025-06-15 16:00:00,PRD-A,55.0,1300.0,0.04230769230769231,0.037038467255861546,0.056882997094004746,0.07672752693214795,False,True,True,False,True
2025-06-22 00:00:00,PRD-A,93.0,1120.0,0.08303571428571428,0.03550320494434767,0.056882997094004746,0.07826278924366181,True,True,True,False,True
2025-06-22 08:00:00,PRD-A,126.0,1231.0,0.10235580828594638,0.03648988700876133,0.056882997094004746,0.07727610717924815,True,True,False,False,True
2025-06-22 16:00:00,PRD-A,134.0,1194.0,0.11222780569514237,0.036176324020963664,0.056882997094004746,0.07758967016704582,True,True,False,False,True
2025-06-23 00:00:00,PRD-A,64.0,791.0,0.08091024020227561,0.03144257876487509,0.056882997094004746,0.0823234154231344,False,True,True,False,True
2025-06-23 08:00:00,PRD-A,41.0,1301.0,0.03151421983089931,0.03704609536678652,0.056882997094004746,0.07671989882122297,True,True,True,False,True
2025-06-23 16:00:00,PRD-A,56.0,1228.0,0.04560260586319218,0.036464992053304654,0.056882997094004746,0.07730100213470484,False,False,False,False,False
2025-06-30 00:00:00,PRD-A,46.0,1230.0,0.03739837398373984,0.036481598810863665,0.056882997094004746,0.07728439537714582,False,True,False,False,True
2025-06-30 08:00:00,PRD-A,53.0,1293.0,0.040989945862335654,0.036984822937538686,0.056882997094004746,0.0767811712504708,False,True,True,False,True
2025-06-30 16:00:00,PRD-A,58.0,1240.0,0.0467741935483871,0.03656402904001473,0.056882997094004746,0.07720196514799477,False,True,True,False,True
2024-01-01 00:00:00,PRD-A,71.0,1312.0,0.054115853658536585,0.03712942814651725,0.056882997094004746,0.07663656604149224,False,False,True,False,True
2024-01-01 08:00:00,PRD-A,30.0,1315.0,0.022813688212927757,0.03715197360063649,0.056882997094004746,0.076614020587373,True,False,True,False,True
2024-01-01 16:00:00,PRD-A,46.0,1309.0,0.03514132925897632,0.03710680523135667,0.056882997094004746,0.07665918895665283,True,True,True,True,True
2024-01-02 00:00:00,PRD-A,71.0,1339.0,0.05302464525765497,0.03732960083307732,0.056882997094004746,0.07643639335493217,False,True,False,True,True
2024-01-02 08:00:00,PRD-A,60.0,1075.0,0.05581395348837209,0.035060308370737904,0.056882997094004746,0.07870568581727158,False,False,False,True,True
2024-01-02 16:00:00,PRD-A,38.0,1268.0,0.02996845425867508,0.03678962330497704,0.056882997094004746,0.07697637088303246,True,False,False,True,True
2024-01-09 00:00:00,PRD-A,61.0,1239.0,0.04923325262308313,0.03655583094887867,0.056882997094004746,0.07721016323913082,False,False,False,True,True
2024-01-09 08:00:00,PRD-A,69.0,1272.0,0.054245283018867926,0.03682124153666415,0.056882997094004746,0.07694475265134534,False,False,False,True,True
2024-01-09 16:00:00,PRD-A,92.0,1198.0,0.07679465776293823,0.03621092166095856,0.056882997094004746,0.07755507252705093,False,False,False,False,False
2024-01-10 00:00:00,PRD-A,92.0,1216.0,0.0756578947368421,0.03636449265180811,0.056882997094004746,0.07740150153620137,False,True,False,False,True
2024-01-10 08:00:00,PRD-A,60.0,929.0,0.06458557588805167,0.03340804940858487,0.056882997094004746,0.08035794477942462,False,True,False,False,True
2024-01-10 16:00:00,PRD-A,71.0,1287.0,0.05516705516705517,0.036938494180631054,0.056882997094004746,0.07682750000737844,False,False,False,False,False
2024-01-17 00:00:00,PRD-A,80.0,1206.0,0.06633499170812604,0.03627959984225356,0.056882997094004746,0.07748639434575594,False,False,False,False,False
2024-01-17 08:00:00,PRD-A,115.0,1244.0,0.09244372990353698,0.0365967224932981,0.056882997094004746,0.07716927169471138,True,False,False,False,True
2024-01-17 16:00:00,PRD-A,141.0,1185.0,0.1189873417721519,0.036097839823989286,0.056882997094004746,0.0776681543640202,True,True,False,False,True
2024-01-18 00:00:00,PRD-A,81.0,751.0,0.10785619174434088,0.03077385982249307,0.056882997094004746,0.08299213436551642,True,True,True,False,True
2024-01-18 08:00:00,PRD-A,45.0,1284.0,0.035046728971962614,0.03691520812142933,0.056882997094004746,0.07685078606658016,True,True,True,False,True
2024-01-18 16:00:00,PRD-A,58.0,1249.0,0.04643714971977582,0.0366373682456136,0.056882997094004746,0.07712862594239589,False,False,False,False,False
2024-01-25 00:00:00,PRD-A,46.0,1237.0,0.037186742118027485,0.03653940495335368,0.056882997094004746,0.0772265892346558,False,True,False,False,True
2024-01-25 08:00:00,PRD-A,57.0,1308.0,0.04357798165137615,0.037099246969333095,0.056882997094004746,0.07666674721867639,False,True,True,False,True
2024-01-25 16:00:00,PRD-A,86.0,1269.0,0.0677698975571316,0.03679754187623589,0.056882997094004746,0.0769684523117736,False,True,True,False,True
2024-01-26 00:00:00,PRD-A,42.0,1276.0,0.032915360501567396,0.03685271097651982,0.056882997094004746,0.07691328321148967,True,True,True,False,True
2024-01-26 08:00:00,PRD-A,55.0,1175.0,0.04680851063829787,0.036009579735809705,0.056882997094004746,0.07775641445219979,False,False,True,False,True
2024-01-26 16:00:00,PRD-A,89.0,1344.0,0.0662202380952381,0.037366006368773005,0.056882997094004746,0.07639998781923649,False,False,False,False,False
2024-02-02 00:00:00,PRD-A,77.0,1187.0,0.06486941870261162,0.03611535786946985,0.056882997094004746,0.07765063631853963,False,False,False,False,False
2024-02-02 08:00:00,PRD-A,85.0,1230.0,0.06910569105691057,0.036481598810863665,0.056882997094004746,0.07728439537714582,False,False,False,False,False
2024-02-02 16:00:00,PRD-A,116.0,1183.0,0.09805579036348266,0.03608027737280356,0.056882997094004746,0.07768571681520593,True,False,True,False,True
2024-02-03 00:00:00,PRD-A,75.0,961.0,0.07804370447450572,0.03380220036210138,0.056882997094004746,0.07996379382590811,False,True,True,False,True
2024-02-03 08:00:00,PRD-A,36.0,1309.0,0.02750190985485103,0.03710680523135667,0.056882997094004746,0.07665918895665283,True,True,True,False,True
2024-02-03 16:00:00,PRD-A,58.0,1189.0,0.04878048780487805,0.03613283169605941,0.056882997094004746,0.07763316249195008,False,False,False,False,False
2024-02-10 00:00:00,PRD-A,92.0,1165.0,0.07896995708154507,0.03592018567643024,0.056882997094004746,0.07784580851157925,True,False,False,False,True
2024-02-10 08:00:00,PRD-A,112.0,1211.0,0.09248554913294797,0.03632217768741115,0.056882997094004746,0.07744381650059834,True,True,False,False,True
2024-02-10 16:00:00,PRD-A,130.0,1184.0,0.1097972972972973,0.03608906416082859,0.056882997094004746,0.0776769300271809,True,True,False,False,True
2024-02-11 00:00:00,PRD-A,114.0,1191.0,0.09571788413098237,0.03615026148947366,0.056882997094004746,0.07761573269853583,True,True,True,False,True
2024-02-11 08:00:00,PRD-A,100.0,1189.0,0.08410428931875526,0.03613283169605941,0.056882997094004746,0.07763316249195008,True,True,True,False,True
2024-02-11 16:00:00,PRD-A,167.0,1211.0,0.13790255986787778,0.03632217768741115,0.056882997094004746,0.07744381650059834,True,True,True,False,True
2024-02-18 00:00:00,PRD-A,47.0,1276.0,0.03683385579937304,0.03685271097651982,0.056882997094004746,0.07691328321148967,True,True,True,False,True
2024-02-18 08:00:00,PRD-A,59.0,1288.0,0.04580745341614907,0.036946238115271014,0.056882997094004746,0.07681975607273847,False,False,False,False,False
2024-02-18 16:00:00,PRD-A,71.0,1226.0,0.05791190864600326,0.03644834467586268,0.056882997094004746,0.07731764951214681,False,False,False,False,False
2024-02-19 00:00:00,PRD-A,58.0,1249.0,0.04643714971977582,0.0366373682456136,0.056882997094004746,0.07712862594239589,False,False,False,False,False
2024-02-19 08:00:00,PRD-A,68.0,1248.0,0.05448717948717949,0.03662925864030204,0.056882997094004746,0.07713673554770745,False,False,False,False,False
2024-02-19 16:00:00,PRD-A,91.0,1222.0,0.07446808510638298,0.03641492739692727,0.056882997094004746,0.07735106679108222,False,False,False,False,False
2024-02-26 00:00:00,PRD-A,43.0,1205.0,0.03568464730290456,0.03627105248770553,0.056882997094004746,0.07749494170030397,True,False,False,False,True
2024-02-26 08:00:00,PRD-A,47.0,1224.0,0.03839869281045752,0.03643165651267453,0.056882997094004746,0.07733433767533496,False,True,False,False,True
2024-02-26 16:00:00,PRD-A,67.0,1228.0,0.05456026058631922,0.036464992053304654,0.056882997094004746,0.07730100213470484,False,True,False,False,True
2024-02-27 00:00:00,PRD-A,58.0,1272.0,0.04559748427672956,0.03682124153666415,0.056882997094004746,0.07694475265134534,False,False,False,False,False
2024-02-27 08:00:00,PRD-A,43.0,1296.0,0.033179012345679014,0.03700786657486574,0.056882997094004746,0.07675812761314375,True,False,True,False,True
2024-02-27 16:00:00,PRD-A,84.0,1214.0,0.06919275123558484,0.036347598038454096,0.056882997094004746,0.0774183961495554,False,False,False,False,False
2024-03-05 00:00:00,PRD-A,86.0,1255.0,0.06852589641434263,0.03668582215356973,0.056882997094004746,0.07708017203443976,False,False,False,False,False
2024-03-05 08:00:00,PRD-A,111.0,1273.0,0.08719560094265515,0.0368291228002004,0.056882997094004746,0.0769368713878091,True,False,False,False,True
2024-03-05 16:00:00,PRD-A,151.0,1233.0,0.12246553122465531,0.03650643314542893,0.056882997094004746,0.07725956104258055,True,True,True,False,True
2024-03-06 00:00:00,PRD-A,117.0,1238.0,0.09450726978998385,0.03654762292668058,0.056882997094004746,0.07721837126132891,True,True,True,False,True
2024-03-06 08:00:00,PRD-A,131.0,1278.0,0.10250391236306729,0.036868390263554686,0.056882997094004746,0.0768976039244548,True,True,True,False,True
2024-03-06 16:00:00,PRD-A,167.0,1238.0,0.13489499192245558,0.03654762292668058,0.056882997094004746,0.07721837126132891,True,True,True,False,True
2024-03-13 00:00:00,PRD-A,58.0,1201.0,0.04829308909242298,0.03623675638311199,0.056882997094004746,0.07752923780489751,False,True,True,False,True
2024-03-13 08:00:00,PRD-A,58.0,1253.0,0.04628890662410216,0.03666970952640365,0.056882997094004746,0.07709628466160584,False,False,False,False,False
2024-03-13 16:00:00,PRD-A,77.0,1153.0,0.06678230702515178,0.03581138142607525,0.056882997094004746,0.07795461276193424,False,False,False,False,False
2024-03-14 00:00:00,PRD-A,59.0,1255.0,0.04701195219123506,0.03668582215356973,0.056882997094004746,0.07708017203443976,False,False,False,False,False
2024-03-14 08:00:00,PRD-A,48.0,1297.0,0.03700848111025443,0.03701553001471845,0.056882997094004746,0.07675046417329104,True,False,True,False,True
2024-03-14 16:00:00,PRD-A,95.0,1230.0,0.07723577235772358,0.036481598810863665,0.056882997094004746,0.07728439537714582,False,False,False,False,False
2024-03-21 00:00:00,PRD-A,63.0,1283.0,0.049103663289166016,0.03690742795788743,0.056882997094004746,0.07685856623012206,False,False,False,False,False
2024-03-21 08:00:00,PRD-A,45.0,1301.0,0.034588777863182166,0.03704609536678652,0.056882997094004746,0.07671989882122297,True,False,True,False,True
2024-03-21 16:00:00,PRD-A,64.0,1297.0,0.04934464148033924,0.03701553001471845,0.056882997094004746,0.07675046417329104,False,False,True,False,True
2024-03-22 00:00:00,PRD-A,92.0,1341.0,0.0686055182699478,0.03734418747909174,0.056882997094004746,0.07642180670891775,False,False,False,False,False
2024-03-22 08:00:00,PRD-A,42.0,1307.0,0.032134659525631215,0.03709168003460443,0.056882997094004746,0.07667431415340506,True,False,True,False,True
2024-03-22 16:00:00,PRD-A,72.0,1259.0,0.057188244638602066,0.03671793214993367,0.056882997094004746,0.07704806203807582,False,False,False,False,False
2024-03-29 00:00:00,PRD-A,63.0,868.0,0.07258064516129033,0.03259718516372429,0.056882997094004746,0.0811688090242852,False,False,False,False,False
2024-03-29 08:00:00,PRD-A,30.0,1247.0,0.024057738572574178,0.03662113928200689,0.056882997094004746,0.0771448549060026,True,False,False,False,True
2024-03-29 16:00:00,PRD-A,62.0,1249.0,0.049639711769415534,0.0366373682456136,0.056882997094004746,0.07712862594239589,False,False,False,False,False
2024-03-30 00:00:00,PRD-A,48.0,1253.0,0.03830806065442937,0.03666970952640365,0.056882997094004746,0.07709628466160584,False,True,False,False,True
2024-03-30 08:00:00,PRD-A,45.0,1299.0,0.03464203233256351,0.037030830338188755,0.056882997094004746,0.07673516384982074,True,True,True,False,True
2024-03-30 16:00:00,PRD-A,70.0,1264.0,0.055379746835443035,0.03675785510523677,0.056882997094004746,0.07700813908277272,False,True,True,False,True
2024-04-06 00:00:00,PRD-A,46.0,1200.0,0.03833333333333333,0.03622815557427782,0.056882997094004746,0.07753783861373167,False,True,True,False,True
2024-04-06 08:00:00,PRD-A,59.0,1290.0,0.04573643410852713,0.03696169896209331,0.056882997094004746,0.07680429522591618,False,False,True,False,True
2024-04-06 16:00:00,PRD-A,83.0,1224.0,0.06781045751633986,0.03643165651267453,0.056882997094004746,0.07733433767533496,False,False,False,False,False
2024-04-07 00:00:00,PRD-A,64.0,1268.0,0.050473186119873815,0.03678962330497704,0.056882997094004746,0.07697637088303246,False,False,False,False,False
2024-04-07 08:00:00,PRD-A,71.0,1250.0,0.0568,0.03664546811745145,0.056882997094004746,0.07712052607055804,False,False,False,False,False
2024-04-07 16:00:00,PRD-A,84.0,1256.0,0.06687898089171974,0.03669386403122894,0.056882997094004746,0.07707213015678055,False,False,False,False,False
2024-04-14 00:00:00,PRD-A,38.0,1230.0,0.030894308943089432,0.036481598810863665,0.056882997094004746,0.07728439537714582,True,False,False,False,True
2024-04-14 08:00:00,PRD-A,43.0,1319.0,0.032600454890068235,0.03718191447295887,0.056882997094004746,0.07658407971505063,True,True,False,False,True
2024-04-14 16:00:00,PRD-A,84.0,1254.0,0.06698564593301436,0.03667777065835638,0.056882997094004746,0.07708822352965311,False,True,False,False,True
2024-04-15 00:00:00,PRD-A,59.0,1324.0,0.0445619335347432,0.03721914958963117,0.056882997094004746,0.07654684459837832,False,False,False,False,False
2024-04-15 08:00:00,PRD-A,38.0,1277.0,0.02975724353954581,0.036860555224370074,0.056882997094004746,0.07690543896363941,True,False,True,False,True
2024-04-15 16:00:00,PRD-A,62.0,1227.0,0.05052974735126324,0.03645667345241331,0.056882997094004746,0.07730932073559618,False,False,False,False,False
2024-04-22 00:00:00,PRD-A,67.0,1219.0,0.054963084495488104,0.036389756569998585,0.056882997094004746,0.0773762376180109,False,False,False,False,False
2024-04-22 08:00:00,PRD-A,82.0,1306.0,0.06278713629402756,0.03708410441057221,0.056882997094004746,0.07668188977743728,False,False,False,False,False
2024-04-22 16:00:00,PRD-A,106.0,1242.0,0.0853462157809984,0.036580395509085234,0.056882997094004746,0.07718559867892426,True,False,False,False,True
2024-04-23 00:00:00,PRD-A,80.0,1263.0,0.06334125098970704,0.03674988948371419,0.056882997094004746,0.0770161047042953,False,False,False,False,False
2024-04-23 08:00:00,PRD-A,68.0,1272.0,0.05345911949685535,0.03682124153666415,0.056882997094004746,0.07694475265134534,False,False,False,False,False
2024-04-23 16:00:00,PRD-A,131.0,1235.0,0.10607287449392712,0.03652293907276191,0.056882997094004746,0.07724305511524758,True,False,False,False,True
2024-04-30 00:00:00,PRD-A,50.0,1213.0,0.041220115416323165,0.03633913506712613,0.056882997094004746,0.07742685912088336,False,False,False,False,False
2024-04-30 08:00:00,PRD-A,63.0,1241.0,0.05076551168412571,0.036572217220098985,0.056882997094004746,0.07719377696791051,False,False,False,False,False
2024-04-30 16:00:00,PRD-A,89.0,1236.0,0.07200647249190939,0.03653117700877434,0.056882997094004746,0.07723481717923515,False,False,False,False,False
2024-05-01 00:00:00,PRD-A,45.0,1080.0,0.041666666666666664,0.035110882456621154,0.056882997094004746,0.07865511173138834,False,False,False,False,False
2024-05-01 08:00:00,PRD-A,65.0,1351.0,0.04811250925240563,0.03741663418615431,0.056882997094004746,0.07634936000185519,False,False,False,False,False
2024-05-01 16:00:00,PRD-A,36.0,1266.0,0.02843601895734597,0.03677375802513534,0.056882997094004746,0.07699223616287415,True,True,False,False,True
2024-05-08 00:00:00,PRD-A,83.0,1197.0,0.06934001670843776,0.03620228851151851,0.056882997094004746,0.07756370567649098,False,False,False,False,False
2024-05-08 08:00:00,PRD-A,99.0,1220.0,0.08114754098360656,0.03639815716085125,0.056882997094004746,0.07736783702715824,True,False,False,False,True
2024-05-08 16:00:00,PRD-A,104.0,1171.0,0.0888129803586678,0.03597395954375923,0.056882997094004746,0.07779203464425026,True,True,False,False,True
2024-05-09 00:00:00,PRD-A,106.0,1200.0,0.08833333333333333,0.03622815557427782,0.056882997094004746,0.07753783861373167,True,True,True,False,True
2024-05-09 08:00:00,PRD-A,98.0,1199.0,0.0817347789824854,0.03621954400770823,0.056882997094004746,0.07754645018030126,True,True,True,False,True
2024-05-09 16:00:00,PRD-A,150.0,1145.0,0.13100436681222707,0.035737896928696694,0.056882997094004746,0.0780280972593128,True,True,True,False,True
2024-05-16 00:00:00,PRD-A,136.0,1181.0,0.11515664690939881,0.036062670327991715,0.056882997094004746,0.07770332386001777,True,True,True,False,True
2024-05-16 08:00:00,PRD-A,161.0,1240.0,0.12983870967741937,0.03656402904001473,0.056882997094004746,0.07720196514799477,True,True,True,True,True
2024-05-16 16:00:00,PRD-A,176.0,940.0,0.18723404255319148,0.03354580702618065,0.056882997094004746,0.08022018716182884,True,True,True,True,True
2024-05-17 00:00:00,PRD-A,74.0,1287.0,0.057498057498057496,0.036938494180631054,0.056882997094004746,0.07682750000737844,False,True,True,True,True
2024-05-17 08:00:00,PRD-A,64.0,1280.0,0.05,0.03688403278789077,0.056882997094004746,0.07688196140011871,False,False,False,False,False
2024-05-17 16:00:00,PRD-A,115.0,1274.0,0.09026687598116169,0.03683699478256212,0.056882997094004746,0.07692899940544737,True,False,False,False,True
2024-05-24 00:00:00,PRD-A,40.0,1258.0,0.03179650238473768,0.036709919010358874,0.056882997094004746,0.07705607517765062,True,False,False,False,True
2024-05-24 08:00:00,PRD-A,41.0,1266.0,0.03238546603475513,0.03677375802513534,0.056882997094004746,0.07699223616287415,True,True,False,False,True
2024-05-24 16:00:00,PRD-A,75.0,1034.0,0.0725338491295938,0.034631859426220664,0.056882997094004746,0.07913413476178882,False,True,False,False,True
2024-05-25 00:00:00,PRD-A,42.0,1291.0,0.032532920216886134,0.03696941590917035,0.056882997094004746,0.07679657827883915,True,True,False,False,True
2024-05-25 08:00:00,PRD-A,67.0,1338.0,0.05007473841554559,0.03732229524856652,0.056882997094004746,0.07644369893944297,False,False,True,False,True
2024-05-25 16:00:00,PRD-A,56.0,1298.0,0.04314329738058552,0.03702318459680927,0.056882997094004746,0.07674280959120022,False,True,True,False,True
2024-06-01 00:00:00,PRD-A,96.0,1197.0,0.08020050125313283,0.03620228851151851,0.056882997094004746,0.07756370567649098,True,False,False,False,True
2024-06-01 08:00:00,PRD-A,68.0,1202.0,0.056572379367720464,0.03624534645659007,0.056882997094004746,0.07752064773141942,False,False,False,False,False
2024-06-01 16:00:00,PRD-A,138.0,1240.0,0.11129032258064517,0.03656402904001473,0.056882997094004746,0.07720196514799477,True,True,False,False,True
2024-06-02 00:00:00,PRD-A,88.0,1209.0,0.07278742762613731,0.03630517824721366,0.056882997094004746,0.07746081594079583,False,True,False,False,True
2024-06-02 08:00:00,PRD-A,116.0,1202.0,0.09650582362728785,0.03624534645659007,0.056882997094004746,0.07752064773141942,True,True,True,False,True
2024-06-02 16:00:00,PRD-A,133.0,1198.0,0.11101836393989983,0.03621092166095856,0.056882997094004746,0.07755507252705093,True,True,True,False,True
2024-06-09 00:00:00,PRD-A,44.0,1252.0,0.03514376996805112,0.0366616387384727,0.056882997094004746,0.07710435544953678,True,True,True,False,True
2024-06-09 08:00:00,PRD-A,89.0,1346.0,0.06612184249628529,0.03738051175221514,0.056882997094004746,0.07638548243579435,False,False,True,False,True
2024-06-09 16:00:00,PRD-A,61.0,1262.0,0.04833597464342314,0.036741914396211744,0.056882997094004746,0.07702407979179775,False,False,False,False,False
2024-06-10 00:00:00,PRD-A,36.0,1300.0,0.027692307692307693,0.037038467255861546,0.056882997094004746,0.07672752693214795,True,False,False,False,True
2024-06-10 08:00:00,PRD-A,58.0,1208.0,0.048013245033112585,0.036296662700047264,0.056882997094004746,0.07746933148796223,False,False,True,False,True
2024-06-10 16:00:00,PRD-A,68.0,1274.0,0.05337519623233909,0.03683699478256212,0.056882997094004746,0.07692899940544737,False,False,False,False,False
2024-06-17 00:00:00,PRD-A,45.0,1254.0,0.03588516746411483,0.03667777065835638,0.056882997094004746,0.07708822352965311,True,False,True,False,True
2024-06-17 08:00:00,PRD-A,61.0,1279.0,0.04769351055512119,0.03687621611207691,0.056882997094004746,0.07688977807593259,False,False,True,False,True
2024-06-17 16:00:00,PRD-A,72.0,1305.0,0.05517241379310345,0.037076520080593416,0.056882997094004746,0.07668947410741608,False,False,False,False,False
2024-06-18 00:00:00,PRD-A,53.0,1298.0,0.040832049306625574,0.03702318459680927,0.056882997094004746,0.07674280959120022,False,False,False,True,True
2024-06-18 08:00:00,PRD-A,64.0,1295.0,0.04942084942084942,0.037000194260154516,0.056882997094004746,0.07676579992785498,False,False,True,True,True
2024-06-18 16:00:00,PRD-A,87.0,1228.0,0.07084690553745929,0.036464992053304654,0.056882997094004746,0.07730100213470484,False,False,False,False,False
2024-06-25 00:00:00,PRD-A,52.0,1170.0,0.044444444444444446,0.035965025966103056,0.056882997094004746,0.07780096822190644,False,False,False,False,False
2024-06-25 08:00:00,PRD-A,78.0,1204.0,0.06478405315614617,0.03626249448666985,0.056882997094004746,0.07750349970133964,False,False,False,False,False
2024-06-25 16:00:00,PRD-A,60.0,1321.0,0.045420136260408785,0.037196833886398245,0.056882997094004746,0.07656916030161125,False,False,False,False,False
2024-06-26 00:00:00,PRD-A,50.0,1295.0,0.03861003861003861,0.037000194260154516,0.056882997094004746,0.07676579992785498,False,False,False,False,False
2024-06-26 08:00:00,PRD-A,77.0,1386.0,0.05555555555555555,0.03766399319161608,0.056882997094004746,0.07610200099639342,False,False,False,False,False
2024-06-26 16:00:00,PRD-A,70.0,1276.0,0.054858934169279,0.03685271097651982,0.056882997094004746,0.07691328321148967,False,False,False,False,False
2024-07-03 00:00:00,PRD-A,68.0,1211.0,0.05615194054500413,0.03632217768741115,0.056882997094004746,0.07744381650059834,False,False,False,False,False
2024-07-03 08:00:00,PRD-A,69.0,1265.0,0.05454545454545454,0.036765811279490676,0.056882997094004746,0.07700018290851882,False,False,False,False,False
2024-07-03 16:00:00,PRD-A,101.0,1168.0,0.08647260273972603,0.03594712440430905,0.056882997094004746,0.07781886978370045,True,False,False,False,True
2024-07-04 00:00:00,PRD-A,81.0,1253.0,0.06464485235434957,0.03666970952640365,0.056882997094004746,0.07709628466160584,False,False,False,False,False
2024-07-04 08:00:00,PRD-A,86.0,1234.0,0.06969205834683954,0.03651469112507855,0.056882997094004746,0.07725130306293095,False,False,False,False,False
2024-07-04 16:00:00,PRD-A,90.0,1219.0,0.07383100902378999,0.036389756569998585,0.056882997094004746,0.0773762376180109,False,False,True,False,True
2024-07-11 00:00:00,PRD-A,78.0,1236.0,0.06310679611650485,0.03653117700877434,0.056882997094004746,0.07723481717923515,False,False,True,False,True
2024-07-11 08:00:00,PRD-A,92.0,1195.0,0.07698744769874477,0.03618498971419651,0.056882997094004746,0.07758100447381298,False,True,True,False,True
2024-07-11 16:00:00,PRD-A,110.0,1268.0,0.08675078864353312,0.03678962330497704,0.056882997094004746,0.07697637088303246,True,True,True,False,True
2024-07-12 00:00:00,PRD-A,80.0,1272.0,0.06289308176100629,0.03682124153666415,0.056882997094004746,0.07694475265134534,False,True,False,True,True
2024-07-12 08:00:00,PRD-A,78.0,1234.0,0.06320907617504051,0.03651469112507855,0.056882997094004746,0.07725130306293095,False,False,False,True,True
2024-07-12 16:00:00,PRD-A,106.0,1142.0,0.09281961471103327,0.035710141370699555,0.056882997094004746,0.07805585281730994,True,False,False,True,True
2024-07-19 00:00:00,PRD-A,72.0,1232.0,0.05844155844155844,0.03649816511346013,0.056882997094004746,0.07726782907454936,False,False,False,True,True
2024-07-19 08:00:00,PRD-A,72.0,1263.0,0.057007125890736345,0.03674988948371419,0.056882997094004746,0.0770161047042953,False,False,False,True,True
2024-07-19 16:00:00,PRD-A,108.0,1201.0,0.08992506244796003,0.03623675638311199,0.056882997094004746,0.07752923780489751,True,False,False,True,True
2024-07-20 00:00:00,PRD-A,81.0,1283.0,0.06313328137178488,0.03690742795788743,0.056882997094004746,0.07685856623012206,False,False,False,True,True
2024-07-20 08:00:00,PRD-A,64.0,1218.0,0.052545155993431854,0.03638134563571299,0.056882997094004746,0.0773846485522965,False,False,False,False,False
2024-07-20 16:00:00,PRD-A,94.0,1215.0,0.07736625514403292,0.03635605055951831,0.056882997094004746,0.07740994362849118,False,False,False,False,False
2024-07-27 00:00:00,PRD-A,139.0,1202.0,0.11564059900166389,0.03624534645659007,0.056882997094004746,0.07752064773141942,True,True,False,False,True
2024-07-27 08:00:00,PRD-A,166.0,1258.0,0.13195548489666137,0.036709919010358874,0.056882997094004746,0.07705607517765062,True,True,False,False,True
2024-07-27 16:00:00,PRD-A,192.0,1185.0,0.1620253164556962,0.036097839823989286,0.056882997094004746,0.0776681543640202,True,True,True,False,True
2024-07-28 00:00:00,PRD-A,156.0,1240.0,0.12580645161290321,0.03656402904001473,0.056882997094004746,0.07720196514799477,True,True,True,False,True
2024-07-28 08:00:00,PRD-A,167.0,1217.0,0.1372226787181594,0.036372924336751024,0.056882997094004746,0.07739306985125846,True,True,True,False,True
2024-07-28 16:00:00,PRD-A,213.0,1138.0,0.18717047451669597,0.035672963368891905,0.056882997094004746,0.07809303081911759,True,True,True,False,True
2024-08-04 00:00:00,PRD-A,53.0,1228.0,0.04315960912052117,0.036464992053304654,0.056882997094004746,0.07730100213470484,False,True,True,False,True
2024-08-04 08:00:00,PRD-A,67.0,1287.0,0.052059052059052056,0.036938494180631054,0.056882997094004746,0.07682750000737844,False,False,False,False,False
2024-08-04 16:00:00,PRD-A,88.0,1167.0,0.07540702656383891,0.035938156371047164,0.056882997094004746,0.07782783781696233,False,False,False,False,False
2024-08-05 00:00:00,PRD-A,86.0,1290.0,0.06666666666666667,0.03696169896209331,0.056882997094004746,0.07680429522591618,False,False,False,False,False
2024-08-05 08:00:00,PRD-A,79.0,1235.0,0.06396761133603239,0.03652293907276191,0.056882997094004746,0.07724305511524758,False,False,False,False,False
2024-08-05 16:00:00,PRD-A,74.0,945.0,0.07830687830687831,0.0336076275058175,0.056882997094004746,0.08015836668219199,False,False,True,False,True
2024-08-12 00:00:00,PRD-A,86.0,1208.0,0.07119205298013245,0.036296662700047264,0.056882997094004746,0.07746933148796223,False,True,True,False,True
2024-08-12 08:00:00,PRD-A,83.0,1261.0,0.06582077716098335,0.036733929823966366,0.056882997094004746,0.07703206436404313,False,True,True,False,True
2024-08-12 16:00:00,PRD-A,126.0,1167.0,0.10796915167095116,0.035938156371047164,0.056882997094004746,0.07782783781696233,True,True,True,False,True
2024-08-13 00:00:00,PRD-A,87.0,1269.0,0.06855791962174941,0.03679754187623589,0.056882997094004746,0.0769684523117736,False,False,True,True,True
2024-08-13 08:00:00,PRD-A,95.0,1218.0,0.07799671592775041,0.03638134563571299,0.056882997094004746,0.0773846485522965,True,True,True,True,True
2024-08-13 16:00:00,PRD-A,126.0,1190.0,0.10588235294117647,0.036141552085348895,0.056882997094004746,0.07762444210266059,True,True,True,True,True
2024-08-20 00:00:00,PRD-A,35.0,1280.0,0.02734375,0.03688403278789077,0.056882997094004746,0.07688196140011871,True,True,True,False,True
2024-08-20 08:00:00,PRD-A,53.0,1302.0,0.040706605222734255,0.03705371468787698,0.056882997094004746,0.07671227950013251,False,True,False,False,True
2024-08-20 16:00:00,PRD-A,69.0,1324.0,0.05211480362537765,0.03721914958963117,0.056882997094004746,0.07654684459837832,False,True,False,False,True
2024-08-21 00:00:00,PRD-A,45.0,1301.0,0.034588777863182166,0.03704609536678652,0.056882997094004746,0.07671989882122297,True,True,False,False,True
2024-08-21 08:00:00,PRD-A,54.0,1252.0,0.04313099041533546,0.0366616387384727,0.056882997094004746,0.07710435544953678,False,True,True,False,True
2024-08-21 16:00:00,PRD-A,70.0,1216.0,0.05756578947368421,0.03636449265180811,0.056882997094004746,0.07740150153620137,False,True,False,False,True
2024-08-28 00:00:00,PRD-A,79.0,1271.0,0.06215578284815106,0.036813350973701295,0.056882997094004746,0.0769526432143082,False,False,False,False,False
2024-08-28 08:00:00,PRD-A,65.0,1250.0,0.052,0.03664546811745145,0.056882997094004746,0.07712052607055804,False,False,False,False,False
2024-08-28 16:00:00,PRD-A,91.0,1243.0,0.07320997586484312,0.036588563926871064,0.056882997094004746,0.07717743026113844,False,False,False,False,False
2024-08-29 00:00:00,PRD-A,77.0,1250.0,0.0616,0.03664546811745145,0.056882997094004746,0.07712052607055804,False,False,False,False,False
2024-08-29 08:00:00,PRD-A,79.0,1215.0,0.06502057613168724,0.03635605055951831,0.056882997094004746,0.07740994362849118,False,False,False,False,False
2024-08-29 16:00:00,PRD-A,99.0,1214.0,0.0815485996705107,0.036347598038454096,0.056882997094004746,0.0774183961495554,True,False,False,False,True
2024-09-05 00:00:00,PRD-A,50.0,1253.0,0.03990422984836393,0.03666970952640365,0.056882997094004746,0.07709628466160584,False,False,False,False,False
2024-09-05 08:00:00,PRD-A,58.0,1286.0,0.04510108864696734,0.03693074121516296,0.056882997094004746,0.07683525297284653,False,False,False,False,False
2024-09-05 16:00:00,PRD-A,83.0,1229.0,0.06753458096013018,0.03647330049923999,0.056882997094004746,0.07729269368876951,False,False,False,False,False
2024-09-06 00:00:00,PRD-A,53.0,1293.0,0.040989945862335654,0.036984822937538686,0.056882997094004746,0.0767811712504708,False,False,False,False,False
2024-09-06 08:00:00,PRD-A,52.0,1248.0,0.041666666666666664,0.03662925864030204,0.056882997094004746,0.07713673554770745,False,True,True,False,True
2024-09-06 16:00:00,PRD-A,100.0,1267.0,0.07892659826361484,0.036781695360778625,0.056882997094004746,0.07698429882723087,True,True,False,False,True
2024-09-13 00:00:00,PRD-A,50.0,1274.0,0.03924646781789639,0.03683699478256212,0.056882997094004746,0.07692899940544737,False,True,False,False,True
2024-09-13 08:00:00,PRD-A,71.0,1287.0,0.05516705516705517,0.036938494180631054,0.056882997094004746,0.07682750000737844,False,False,False,False,False
2024-09-13 16:00:00,PRD-A,69.0,1283.0,0.05378020265003897,0.03690742795788743,0.056882997094004746,0.07685856623012206,False,False,False,False,False
2024-09-14 00:00:00,PRD-A,64.0,1297.0,0.04934464148033924,0.03701553001471845,0.056882997094004746,0.07675046417329104,False,False,False,False,False
2024-09-14 08:00:00,PRD-A,63.0,1190.0,0.052941176470588235,0.036141552085348895,0.056882997094004746,0.07762444210266059,False,False,False,False,False
2024-09-14 16:00:00,PRD-A,92.0,1212.0,0.07590759075907591,0.03633066162398304,0.056882997094004746,0.07743533256402646,False,False,False,False,False
2024-09-21 00:00:00,PRD-A,60.0,1283.0,0.04676539360872954,0.03690742795788743,0.056882997094004746,0.07685856623012206,False,False,False,False,False
2024-09-21 08:00:00,PRD-A,51.0,1335.0,0.038202247191011236,0.03730032926540118,0.056882997094004746,0.07646566492260831,False,False,False,False,False
2024-09-21 16:00:00,PRD-A,49.0,1267.0,0.03867403314917127,0.036781695360778625,0.056882997094004746,0.07698429882723087,False,True,False,False,True
2024-09-22 00:00:00,PRD-A,43.0,1305.0,0.03295019157088123,0.037076520080593416,0.056882997094004746,0.07668947410741608,True,True,True,False,True
2024-09-22 08:00:00,PRD-A,48.0,1271.0,0.03776553894571204,0.036813350973701295,0.056882997094004746,0.0769526432143082,False,True,True,False,True
2024-09-22 16:00:00,PRD-A,53.0,1305.0,0.04061302681992337,0.037076520080593416,0.056882997094004746,0.07668947410741608,False,True,True,False,True
2024-09-29 00:00:00,PRD-A,45.0,1242.0,0.036231884057971016,0.036580395509085234,0.056882997094004746,0.07718559867892426,True,True,True,False,True
2024-09-29 08:00:00,PRD-A,41.0,1293.0,0.0317092034029389,0.036984822937538686,0.056882997094004746,0.0767811712504708,True,True,True,True,True
2024-09-29 16:00:00,PRD-A,71.0,1258.0,0.05643879173290938,0.036709919010358874,0.056882997094004746,0.07705607517765062,False,True,True,True,True
2024-09-30 00:00:00,PRD-A,51.0,1177.0,0.04333050127442651,0.036027321700220986,0.056882997094004746,0.07773867248778851,False,False,True,True,True
2024-09-30 08:00:00,PRD-A,28.0,1314.0,0.0213089802130898,0.03714446702874865,0.056882997094004746,0.07662152715926085,True,False,True,True,True
2024-09-30 16:00:00,PRD-A,139.0,1359.0,0.10228108903605593,0.03747401489434983,0.056882997094004746,0.07629197929365966,True,False,False,False,True
2024-10-07 00:00:00,PRD-A,114.0,1183.0,0.09636517328825021,0.03608027737280356,0.056882997094004746,0.07768571681520593,True,True,False,False,True
2024-10-07 08:00:00,PRD-A,149.0,1231.0,0.12103980503655565,0.03648988700876133,0.056882997094004746,0.07727610717924815,True,True,False,False,True
2024-10-07 16:00:00,PRD-A,212.0,1216.0,0.17434210526315788,0.03636449265180811,0.056882997094004746,0.07740150153620137,True,True,True,False,True
2024-10-08 00:00:00,PRD-A,144.0,1219.0,0.11812961443806398,0.036389756569998585,0.056882997094004746,0.0773762376180109,True,True,True,False,True
2024-10-08 08:00:00,PRD-A,87.0,1220.0,0.07131147540983607,0.03639815716085125,0.056882997094004746,0.07736783702715824,False,True,True,False,True
2024-10-08 16:00:00,PRD-A,126.0,1161.0,0.10852713178294573,0.03588410507930554,0.056882997094004746,0.07788188910870394,True,True,True,False,True
2024-10-15 00:00:00,PRD-A,72.0,1208.0,0.059602649006622516,0.036296662700047264,0.056882997094004746,0.07746933148796223,False,True,True,True,True
2024-10-15 08:00:00,PRD-A,81.0,1257.0,0.06443914081145585,0.036701896310465804,0.056882997094004746,0.07706409787754369,False,False,True,True,True
2024-10-15 16:00:00,PRD-A,101.0,993.0,0.10171198388721048,0.034177141794097074,0.056882997094004746,0.07958885239391242,True,False,True,True,True
2024-10-16 00:00:00,PRD-A,49.0,1323.0,0.037037037037037035,0.03721171945616957,0.056882997094004746,0.07655427473183993,True,False,False,False,True
2024-10-16 08:00:00,PRD-A,44.0,1254.0,0.03508771929824561,0.03667777065835638,0.056882997094004746,0.07708822352965311,True,True,False,False,True
2024-10-16 16:00:00,PRD-A,65.0,1294.0,0.05023183925811438,0.036992513053441915,0.056882997094004746,0.07677348113456758,False,True,False,False,True
2024-10-23 00:00:00,PRD-A,103.0,1108.0,0.09296028880866426,0.035387741680862714,0.056882997094004746,0.07837825250714678,True,False,False,False,True
2024-10-23 08:00:00,PRD-A,102.0,1236.0,0.0825242718446602,0.03653117700877434,0.056882997094004746,0.07723481717923515,True,True,False,False,True
2024-10-23 16:00:00,PRD-A,158.0,1208.0,0.13079470198675497,0.036296662700047264,0.056882997094004746,0.07746933148796223,True,True,False,False,True
2024-10-24 00:00:00,PRD-A,105.0,1207.0,0.08699254349627175,0.036288136572370074,0.056882997094004746,0.07747785761563941,True,True,True,False,True
2024-10-24 08:00:00,PRD-A,116.0,1176.0,0.09863945578231292,0.03601845637552993,0.056882997094004746,0.07774753781247956,True,True,True,False,True
2024-10-24 16:00:00,PRD-A,130.0,1173.0,0.11082693947144075,0.03599179241485022,0.056882997094004746,0.07777420177315927,True,True,True,False,True
2024-10-31 00:00:00,PRD-A,86.0,1164.0,0.07388316151202749,0.035911182965507354,0.056882997094004746,0.07785481122250214,False,True,True,False,True
2024-10-31 08:00:00,PRD-A,96.0,1197.0,0.08020050125313283,0.03620228851151851,0.056882997094004746,0.07756370567649098,True,True,True,True,True
2024-10-31 16:00:00,PRD-A,100.0,872.0,0.11467889908256881,0.032652950591920436,0.056882997094004746,0.08111304359608906,True,True,True,True,True
2024-11-01 00:00:00,PRD-A,52.0,1268.0,0.04100946372239748,0.03678962330497704,0.056882997094004746,0.07697637088303246,False,True,True,False,True
2024-11-01 08:00:00,PRD-A,44.0,1306.0,0.033690658499234305,0.03708410441057221,0.056882997094004746,0.07668188977743728,True,True,False,False,True
2024-11-01 16:00:00,PRD-A,63.0,1298.0,0.0485362095531587,0.03702318459680927,0.056882997094004746,0.07674280959120022,False,True,False,False,True
2024-11-08 00:00:00,PRD-A,106.0,1128.0,0.09397163120567376,0.03557915471245013,0.056882997094004746,0.07818683947555936,True,False,False,False,True
2024-11-08 08:00:00,PRD-A,109.0,1150.0,0.09478260869565218,0.03578391461145934,0.056882997094004746,0.07798207957655015,True,True,False,False,True
2024-11-08 16:00:00,PRD-A,169.0,1139.0,0.14837576821773485,0.03568227622717845,0.056882997094004746,0.07808371796083105,True,True,False,False,True
2024-11-09 00:00:00,PRD-A,88.0,926.0,0.09503239740820735,0.03337005378455324,0.056882997094004746,0.08039594040345625,True,True,True,False,True
2024-11-09 08:00:00,PRD-A,71.0,1332.0,0.0533033033033033,0.03727828911455523,0.056882997094004746,0.07648770507345426,False,True,True,False,True
2024-11-09 16:00:00,PRD-A,74.0,1303.0,0.056792018419033,0.03706132523600075,0.056882997094004746,0.07670466895200874,False,False,False,False,False
2024-11-16 00:00:00,PRD-A,56.0,1213.0,0.046166529266281946,0.03633913506712613,0.056882997094004746,0.07742685912088336,False,False,False,False,False
2024-11-16 08:00:00,PRD-A,60.0,1307.0,0.045906656465187455,0.03709168003460443,0.056882997094004746,0.07667431415340506,False,False,False,False,False
2024-11-16 16:00:00,PRD-A,80.0,1278.0,0.06259780907668232,0.036868390263554686,0.056882997094004746,0.0768976039244548,False,False,False,False,False
2024-11-17 00:00:00,PRD-A,69.0,1290.0,0.053488372093023255,0.03696169896209331,0.056882997094004746,0.07680429522591618,False,False,False,False,False
2024-11-17 08:00:00,PRD-A,61.0,1237.0,0.04931285367825384,0.03653940495335368,0.056882997094004746,0.0772265892346558,False,False,False,False,False
2024-11-17 16:00:00,PRD-A,88.0,1152.0,0.0763888888888889,0.0358022377434284,0.056882997094004746,0.07796375644458109,False,False,False,False,False
2024-11-24 00:00:00,PRD-A,94.0,1172.0,0.08020477815699659,0.03598288168521528,0.056882997094004746,0.07778311250279421,True,True,False,False,True
2024-11-24 08:00:00,PRD-A,65.0,1168.0,0.05565068493150685,0.03594712440430905,0.056882997094004746,0.07781886978370045,False,True,False,False,True
2024-11-24 16:00:00,PRD-A,117.0,1229.0,0.0951993490642799,0.03647330049923999,0.056882997094004746,0.07729269368876951,True,True,False,False,True
2024-11-25 00:00:00,PRD-A,95.0,1216.0,0.078125,0.03636449265180811,0.056882997094004746,0.07740150153620137,True,True,True,False,True
2024-11-25 08:00:00,PRD-A,88.0,1220.0,0.07213114754098361,0.03639815716085125,0.056882997094004746,0.07736783702715824,False,True,True,False,True
2024-11-25 16:00:00,PRD-A,157.0,1213.0,0.12943116240725475,0.03633913506712613,0.056882997094004746,0.07742685912088336,True,True,True,False,True
2024-12-02 00:00:00,PRD-A,88.0,1225.0,0.07183673469387755,0.03644000570289034,0.056882997094004746,0.07732598848511915,False,True,True,False,True
2024-12-02 08:00:00,PRD-A,81.0,1226.0,0.06606851549755302,0.03644834467586268,0.056882997094004746,0.07731764951214681,False,True,True,False,True
2024-12-02 16:00:00,PRD-A,101.0,1185.0,0.08523206751054853,0.036097839823989286,0.056882997094004746,0.0776681543640202,True,True,True,False,True
2024-12-03 00:00:00,PRD-A,83.0,1172.0,0.07081911262798635,0.03598288168521528,0.056882997094004746,0.07778311250279421,False,True,True,True,True
2024-12-03 08:00:00,PRD-A,102.0,1236.0,0.0825242718446602,0.03653117700877434,0.056882997094004746,0.07723481717923515,True,True,True,True,True
2024-12-03 16:00:00,PRD-A,129.0,1190.0,0.10840336134453782,0.036141552085348895,0.056882997094004746,0.07762444210266059,True,True,True,True,True
2024-12-10 00:00:00,PRD-A,138.0,1186.0,0.1163575042158516,0.03610660438574098,0.056882997094004746,0.07765938980226851,True,True,True,True,True
2024-12-10 08:00:00,PRD-A,132.0,1204.0,0.10963455149501661,0.03626249448666985,0.056882997094004746,0.07750349970133964,True,True,True,True,True
2024-12-10 16:00:00,PRD-A,216.0,1223.0,0.17661488143908421,0.03642329708433388,0.056882997094004746,0.07734269710367561,True,True,True,True,True
2024-12-11 00:00:00,PRD-A,180.0,1207.0,0.1491300745650373,0.036288136572370074,0.056882997094004746,0.07747785761563941,True,True,True,True,True
2024-12-11 08:00:00,PRD-A,161.0,1132.0,0.142226148409894,0.035616827319082944,0.056882997094004746,0.07814916686892655,True,True,True,True,True
2024-12-11 16:00:00,PRD-A,206.0,1176.0,0.17517006802721088,0.03601845637552993,0.056882997094004746,0.07774753781247956,True,True,True,True,True
2024-12-18 00:00:00,PRD-A,91.0,1198.0,0.07595993322203673,0.03621092166095856,0.056882997094004746,0.07755507252705093,False,True,True,True,True
2024-12-18 08:00:00,PRD-A,77.0,1117.0,0.06893464637421665,0.03547451364248813,0.056882997094004746,0.07829148054552136,False,True,True,True,True
2024-12-18 16:00:00,PRD-A,42.0,1258.0,0.033386327503974564,0.036709919010358874,0.056882997094004746,0.07705607517765062,True,False,True,False,True
2024-12-19 00:00:00,PRD-A,75.0,1349.0,0.05559673832468495,0.03740220931355029,0.056882997094004746,0.0763637848744592,False,False,False,False,False
2024-12-19 08:00:00,PRD-A,77.0,1332.0,0.05780780780780781,0.03727828911455523,0.056882997094004746,0.07648770507345426,False,False,False,False,False
2024-12-19 16:00:00,PRD-A,62.0,1257.0,0.049323786793953855,0.036701896310465804,0.056882997094004746,0.07706409787754369,False,False,False,False,False
2024-12-26 00:00:00,PRD-A,79.0,877.0,0.09007981755986318,0.032722120149263456,0.056882997094004746,0.08104387403874604,True,False,False,False,True
2024-12-26 08:00:00,PRD-A,42.0,1321.0,0.03179409538228615,0.037196833886398245,0.056882997094004746,0.07656916030161125,True,False,False,False,True
2024-12-26 16:00:00,PRD-A,55.0,1301.0,0.042275172943889314,0.03704609536678652,0.056882997094004746,0.07671989882122297,False,True,False,False,True
2024-12-27 00:00:00,PRD-A,49.0,1320.0,0.037121212121212124,0.03718937841814854,0.056882997094004746,0.07657661576986095,True,True,True,False,True
2024-12-27 08:00:00,PRD-A,48.0,1294.0,0.03709428129829984,0.036992513053441915,0.056882997094004746,0.07677348113456758,False,True,True,False,True
2024-12-27 16:00:00,PRD-A,50.0,929.0,0.05382131324004306,0.03340804940858487,0.056882997094004746,0.08035794477942462,False,True,True,False,True
2025-01-03 00:00:00,PRD-A,41.0,1273.0,0.03220738413197172,0.0368291228002004,0.056882997094004746,0.0769368713878091,True,True,True,False,True
2025-01-03 08:00:00,PRD-A,37.0,1322.0,0.02798789712556732,0.037204280893741545,0.056882997094004746,0.07656171329426795,True,True,True,False,True
2025-01-03 16:00:00,PRD-A,75.0,1305.0,0.05747126436781609,0.037076520080593416,0.056882997094004746,0.07668947410741608,False,True,False,False,True
2025-01-04 00:00:00,PRD-A,47.0,1278.0,0.036776212832550864,0.036868390263554686,0.056882997094004746,0.0768976039244548,True,True,False,False,True
2025-01-04 08:00:00,PRD-A,77.0,1331.0,0.05785123966942149,0.037270925843692994,0.056882997094004746,0.07649506834431649,False,False,False,False,False
2025-01-04 16:00:00,PRD-A,72.0,1247.0,0.057738572574178026,0.03662113928200689,0.056882997094004746,0.0771448549060026,False,False,False,False,False
2025-01-11 00:00:00,PRD-A,108.0,1176.0,0.09183673469387756,0.03601845637552993,0.056882997094004746,0.07774753781247956,True,False,False,False,True
2025-01-11 08:00:00,PRD-A,119.0,1205.0,0.0987551867219917,0.03627105248770553,0.056882997094004746,0.07749494170030397,True,True,False,False,True
2025-01-11 16:00:00,PRD-A,147.0,1158.0,0.12694300518134716,0.03585692203619083,0.056882997094004746,0.07790907215181866,True,True,False,False,True
2025-01-12 00:00:00,PRD-A,125.0,1183.0,0.10566356720202874,0.03608027737280356,0.056882997094004746,0.07768571681520593,True,True,True,False,True
2025-01-12 08:00:00,PRD-A,128.0,1189.0,0.10765349032800672,0.03613283169605941,0.056882997094004746,0.07763316249195008,True,True,True,False,True
2025-01-12 16:00:00,PRD-A,181.0,1101.0,0.16439600363306087,0.03531951807341467,0.056882997094004746,0.07844647611459482,True,True,True,True,True
2025-01-19 00:00:00,PRD-A,76.0,1284.0,0.059190031152647975,0.03691520812142933,0.056882997094004746,0.07685078606658016,False,True,True,True,True
2025-01-19 08:00:00,PRD-A,51.0,1230.0,0.041463414634146344,0.036481598810863665,0.056882997094004746,0.07728439537714582,False,False,False,False,False
2025-01-19 16:00:00,PRD-A,63.0,1253.0,0.05027932960893855,0.03666970952640365,0.056882997094004746,0.07709628466160584,False,False,False,False,False
2025-01-20 00:00:00,PRD-A,51.0,1266.0,0.04028436018957346,0.03677375802513534,0.056882997094004746,0.07699223616287415,False,True,False,False,True
2025-01-20 08:00:00,PRD-A,64.0,1272.0,0.050314465408805034,0.03682124153666415,0.056882997094004746,0.07694475265134534,False,False,False,False,False
2025-01-20 16:00:00,PRD-A,71.0,1228.0,0.05781758957654723,0.036464992053304654,0.056882997094004746,0.07730100213470484,False,False,False,False,False
2025-01-27 00:00:00,PRD-A,65.0,1205.0,0.05394190871369295,0.03627105248770553,0.056882997094004746,0.07749494170030397,False,False,False,False,False
2025-01-27 08:00:00,PRD-A,99.0,1249.0,0.07926341072858287,0.0366373682456136,0.056882997094004746,0.07712862594239589,True,False,False,False,True
2025-01-27 16:00:00,PRD-A,109.0,1215.0,0.0897119341563786,0.03635605055951831,0.056882997094004746,0.07740994362849118,True,True,False,False,True
2025-01-28 00:00:00,PRD-A,93.0,1252.0,0.0742811501597444,0.0366616387384727,0.056882997094004746,0.07710435544953678,False,True,False,False,True
2025-01-28 08:00:00,PRD-A,83.0,1210.0,0.06859504132231405,0.036313683235734334,0.056882997094004746,0.07745231095227516,False,True,True,False,True
2025-01-28 16:00:00,PRD-A,130.0,1162.0,0.11187607573149742,0.035893142691953414,0.056882997094004746,0.07787285149605608,True,True,True,False,True
2025-02-04 00:00:00,PRD-A,89.0,1230.0,0.07235772357723577,0.036481598810863665,0.056882997094004746,0.07728439537714582,False,True,True,False,True
2025-02-04 08:00:00,PRD-A,87.0,1215.0,0.07160493827160494,0.03635605055951831,0.056882997094004746,0.07740994362849118,False,True,True,False,True
2025-02-04 16:00:00,PRD-A,137.0,1189.0,0.1152228763666947,0.03613283169605941,0.056882997094004746,0.07763316249195008,True,True,True,True,True
2025-02-05 00:00:00,PRD-A,87.0,1258.0,0.06915739268680444,0.036709919010358874,0.056882997094004746,0.07705607517765062,False,True,True,True,True
2025-02-05 08:00:00,PRD-A,88.0,1159.0,0.07592752372735116,0.03586599477665976,0.056882997094004746,0.07789999941134973,False,True,True,True,True
2025-02-05 16:00:00,PRD-A,121.0,1188.0,0.10185185185185185,0.036124100298493125,0.056882997094004746,0.07764189388951637,True,True,True,True,True
2025-02-12 00:00:00,PRD-A,67.0,1187.0,0.05644481887110362,0.03611535786946985,0.056882997094004746,0.07765063631853963,False,True,True,False,True
2025-02-12 08:00:00,PRD-A,83.0,1235.0,0.06720647773279352,0.03652293907276191,0.056882997094004746,0.07724305511524758,False,False,True,False,True
2025-02-12 16:00:00,PRD-A,96.0,1212.0,0.07920792079207921,0.03633066162398304,0.056882997094004746,0.07743533256402646,True,False,True,False,True
2025-02-13 00:00:00,PRD-A,74.0,1251.0,0.05915267785771383,0.036653558275270864,0.056882997094004746,0.07711243591273863,False,False,False,False,False
2025-02-13 08:00:00,PRD-A,49.0,995.0,0.04924623115577889,0.034199973228025905,0.056882997094004746,0.07956602095998358,False,False,False,False,False
2025-02-13 16:00:00,PRD-A,48.0,1273.0,0.037706205813040065,0.0368291228002004,0.056882997094004746,0.0769368713878091,False,False,False,False,False
2025-02-20 00:00:00,PRD-A,108.0,1188.0,0.09090909090909091,0.036124100298493125,0.056882997094004746,0.07764189388951637,True,False,False,False,True
2025-02-20 08:00:00,PRD-A,113.0,1242.0,0.09098228663446055,0.036580395509085234,0.056882997094004746,0.07718559867892426,True,True,False,False,True
2025-02-20 16:00:00,PRD-A,160.0,1225.0,0.1306122448979592,0.03644000570289034,0.056882997094004746,0.07732598848511915,True,True,False,False,True
2025-02-21 00:00:00,PRD-A,105.0,1034.0,0.10154738878143134,0.034631859426220664,0.056882997094004746,0.07913413476178882,True,True,True,False,True
2025-02-21 08:00:00,PRD-A,60.0,1312.0,0.04573170731707317,0.03712942814651725,0.056882997094004746,0.07663656604149224,False,True,True,False,True
2025-02-21 16:00:00,PRD-A,92.0,1269.0,0.07249802994483845,0.03679754187623589,0.056882997094004746,0.0769684523117736,False,True,True,False,True
2025-02-28 00:00:00,PRD-A,63.0,1262.0,0.04992076069730586,0.036741914396211744,0.056882997094004746,0.07702407979179775,False,False,False,False,False
2025-02-28 08:00:00,PRD-A,54.0,1304.0,0.04141104294478527,0.037068927027980425,0.056882997094004746,0.07669706716002907,False,False,False,False,False
2025-02-28 16:00:00,PRD-A,78.0,1250.0,0.0624,0.03664546811745145,0.056882997094004746,0.07712052607055804,False,False,False,False,False
2025-03-01 00:00:00,PRD-A,64.0,1292.0,0.04953560371517028,0.036977123895209005,0.056882997094004746,0.07678887029280049,False,False,False,False,False
2025-03-01 08:00:00,PRD-A,70.0,1321.0,0.05299015897047691,0.037196833886398245,0.056882997094004746,0.07656916030161125,False,False,False,False,False
2025-03-01 16:00:00,PRD-A,75.0,1255.0,0.05976095617529881,0.03668582215356973,0.056882997094004746,0.07708017203443976,False,False,False,False,False
2025-03-08 00:00:00,PRD-A,56.0,1214.0,0.04612850082372323,0.036347598038454096,0.056882997094004746,0.0774183961495554,False,False,False,False,False
2025-03-08 08:00:00,PRD-A,74.0,1244.0,0.0594855305466238,0.0365967224932981,0.056882997094004746,0.07716927169471138,False,False,False,False,False
2025-03-08 16:00:00,PRD-A,93.0,1217.0,0.07641741988496302,0.036372924336751024,0.056882997094004746,0.07739306985125846,False,False,False,False,False
2025-03-09 00:00:00,PRD-A,84.0,1227.0,0.06845965770171149,0.03645667345241331,0.056882997094004746,0.07730932073559618,False,False,False,False,False
2025-03-09 08:00:00,PRD-A,80.0,1275.0,0.06274509803921569,0.03684485750195125,0.056882997094004746,0.07692113668605824,False,False,False,False,False
2025-03-09 16:00:00,PRD-A,104.0,1185.0,0.08776371308016878,0.036097839823989286,0.056882997094004746,0.0776681543640202,True,False,False,False,True
2025-03-16 00:00:00,PRD-A,78.0,1193.0,0.06538139145012574,0.03616764743433816,0.056882997094004746,0.07759834675367133,False,False,True,False,True
2025-03-16 08:00:00,PRD-A,78.0,1227.0,0.06356968215158924,0.03645667345241331,0.056882997094004746,0.07730932073559618,False,False,False,False,False
2025-03-16 16:00:00,PRD-A,107.0,1158.0,0.0924006908462867,0.03585692203619083,0.056882997094004746,0.07790907215181866,True,False,False,True,True
2025-03-17 00:00:00,PRD-A,89.0,1286.0,0.06920684292379471,0.03693074121516296,0.056882997094004746,0.07683525297284653,False,False,True,True,True
2025-03-17 08:00:00,PRD-A,104.0,1243.0,0.083668543845535,0.036588563926871064,0.056882997094004746,0.07717743026113844,True,True,True,True,True
2025-03-17 16:00:00,PRD-A,130.0,1198.0,0.10851419031719532,0.03621092166095856,0.056882997094004746,0.07755507252705093,True,True,True,True,True
2025-03-24 00:00:00,PRD-A,82.0,1258.0,0.06518282988871224,0.036709919010358874,0.056882997094004746,0.07705607517765062,False,True,True,True,True
2025-03-24 08:00:00,PRD-A,71.0,1319.0,0.053828658074298714,0.03718191447295887,0.056882997094004746,0.07658407971505063,False,False,True,False,True
2025-03-24 16:00:00,PRD-A,101.0,1246.0,0.08105939004815409,0.03661301015116347,0.056882997094004746,0.07715298403684602,True,False,True,False,True
2025-03-25 00:00:00,PRD-A,86.0,1248.0,0.06891025641025642,0.03662925864030204,0.056882997094004746,0.07713673554770745,False,False,True,False,True
2025-03-25 08:00:00,PRD-A,77.0,1228.0,0.06270358306188925,0.036464992053304654,0.056882997094004746,0.07730100213470484,False,False,False,False,False
2025-03-25 16:00:00,PRD-A,116.0,1201.0,0.09658617818484597,0.03623675638311199,0.056882997094004746,0.07752923780489751,True,False,False,False,True
2025-04-01 00:00:00,PRD-A,66.0,1232.0,0.05357142857142857,0.03649816511346013,0.056882997094004746,0.07726782907454936,False,False,False,False,False
2025-04-01 08:00:00,PRD-A,81.0,1274.0,0.06357927786499215,0.03683699478256212,0.056882997094004746,0.07692899940544737,False,False,False,False,False
2025-04-01 16:00:00,PRD-A,101.0,1239.0,0.08151735270379339,0.03655583094887867,0.056882997094004746,0.07721016323913082,True,False,False,False,True
2025-04-02 00:00:00,PRD-A,81.0,1313.0,0.06169078446306169,0.03713695188282044,0.056882997094004746,0.07662904230518905,False,False,False,False,False
2025-04-02 08:00:00,PRD-A,75.0,1272.0,0.0589622641509434,0.03682124153666415,0.056882997094004746,0.07694475265134534,False,False,False,False,False
2025-04-02 16:00:00,PRD-A,112.0,1201.0,0.093255620316403,0.03623675638311199,0.056882997094004746,0.07752923780489751,True,False,False,False,True
2025-04-09 00:00:00,PRD-A,62.0,1307.0,0.047436878347360364,0.03709168003460443,0.056882997094004746,0.07667431415340506,False,False,False,False,False
2025-04-09 08:00:00,PRD-A,40.0,1301.0,0.030745580322828592,0.03704609536678652,0.056882997094004746,0.07671989882122297,True,False,False,False,True
2025-04-09 16:00:00,PRD-A,57.0,1251.0,0.045563549160671464,0.036653558275270864,0.056882997094004746,0.07711243591273863,False,False,False,False,False
2025-04-10 00:00:00,PRD-A,43.0,1320.0,0.03257575757575758,0.03718937841814854,0.056882997094004746,0.07657661576986095,True,True,True,False,True
2025-04-10 08:00:00,PRD-A,45.0,1324.0,0.033987915407854986,0.03721914958963117,0.056882997094004746,0.07654684459837832,True,True,True,False,True
2025-04-10 16:00:00,PRD-A,66.0,1271.0,0.05192761605035405,0.036813350973701295,0.056882997094004746,0.0769526432143082,False,True,True,False,True
2025-04-17 00:00:00,PRD-A,48.0,1272.0,0.03773584905660377,0.03682124153666415,0.056882997094004746,0.07694475265134534,False,True,True,False,True
2025-04-17 08:00:00,PRD-A,42.0,1289.0,0.032583397982932506,0.03695397303660142,0.056882997094004746,0.07681202115140807,True,True,True,True,True
2025-04-17 16:00:00,PRD-A,67.0,1217.0,0.05505341002465078,0.036372924336751024,0.056882997094004746,0.07739306985125846,False,True,False,True,True
2025-04-18 00:00:00,PRD-A,61.0,1305.0,0.04674329501915709,0.037076520080593416,0.056882997094004746,0.07668947410741608,False,False,False,True,True
2025-04-18 08:00:00,PRD-A,54.0,1289.0,0.04189294026377036,0.03695397303660142,0.056882997094004746,0.07681202115140807,False,False,True,True,True
2025-04-18 16:00:00,PRD-A,55.0,1243.0,0.04424778761061947,0.036588563926871064,0.056882997094004746,0.07717743026113844,False,False,True,True,True
2025-04-25 00:00:00,PRD-A,93.0,1264.0,0.07357594936708861,0.03675785510523677,0.056882997094004746,0.07700813908277272,False,False,False,False,False
2025-04-25 08:00:00,PRD-A,56.0,1303.0,0.042977743668457406,0.03706132523600075,0.056882997094004746,0.07670466895200874,False,False,True,False,True
2025-04-25 16:00:00,PRD-A,79.0,1250.0,0.0632,0.03664546811745145,0.056882997094004746,0.07712052607055804,False,False,False,False,False
2025-04-26 00:00:00,PRD-A,45.0,1293.0,0.03480278422273782,0.036984822937538686,0.056882997094004746,0.0767811712504708,True,True,False,False,True
2025-04-26 08:00:00,PRD-A,62.0,1310.0,0.04732824427480916,0.03711435483722928,0.056882997094004746,0.0766516393507802,False,False,False,False,False
2025-04-26 16:00:00,PRD-A,83.0,1266.0,0.06556082148499211,0.03677375802513534,0.056882997094004746,0.07699223616287415,False,False,False,False,False
2025-05-03 00:00:00,PRD-A,193.0,1152.0,0.1675347222222222,0.0358022377434284,0.056882997094004746,0.07796375644458109,True,False,False,False,True
2025-05-03 08:00:00,PRD-A,127.0,766.0,0.16579634464751958,0.031030761485437132,0.056882997094004746,0.08273523270257235,True,True,False,False,True
2025-05-03 16:00:00,PRD-A,111.0,1255.0,0.08844621513944223,0.03668582215356973,0.056882997094004746,0.07708017203443976,True,True,True,False,True
2025-05-04 00:00:00,PRD-A,155.0,1337.0,0.11593118922961855,0.037314981469344616,0.056882997094004746,0.07645101271866488,True,True,True,False,True
2025-05-04 08:00:00,PRD-A,89.0,1235.0,0.07206477732793522,0.03652293907276191,0.056882997094004746,0.07724305511524758,False,True,True,False,True
2025-05-04 16:00:00,PRD-A,144.0,1312.0,0.10975609756097561,0.03712942814651725,0.056882997094004746,0.07663656604149224,True,True,True,False,True
2025-05-11 00:00:00,PRD-A,62.0,1177.0,0.052676295666949875,0.036027321700220986,0.056882997094004746,0.07773867248778851,False,True,True,False,True
2025-05-11 08:00:00,PRD-A,42.0,1088.0,0.03860294117647059,0.0351910746798834,0.056882997094004746,0.07857491950812609,False,False,False,False,False
2025-05-11 16:00:00,PRD-A,44.0,1286.0,0.03421461897356143,0.03693074121516296,0.056882997094004746,0.07683525297284653,True,True,False,False,True
2025-05-12 00:00:00,PRD-A,57.0,1381.0,0.041274438812454746,0.037629232801662194,0.056882997094004746,0.0761367613863473,False,True,False,False,True
2025-05-12 08:00:00,PRD-A,42.0,1326.0,0.03167420814479638,0.03723398463323995,0.056882997094004746,0.07653200955476955,True,True,True,False,True
2025-05-12 16:00:00,PRD-A,46.0,1268.0,0.03627760252365931,0.03678962330497704,0.056882997094004746,0.07697637088303246,True,True,True,False,True
2025-05-19 00:00:00,PRD-A,45.0,1233.0,0.0364963503649635,0.03650643314542893,0.056882997094004746,0.07725956104258055,True,True,True,False,True
2025-05-19 08:00:00,PRD-A,63.0,1302.0,0.04838709677419355,0.03705371468787698,0.056882997094004746,0.07671227950013251,False,True,True,True,True
2025-05-19 16:00:00,PRD-A,74.0,1274.0,0.058084772370486655,0.03683699478256212,0.056882997094004746,0.07692899940544737,False,False,True,False,True
2025-05-20 00:00:00,PRD-A,67.0,1257.0,0.053301511535401754,0.036701896310465804,0.056882997094004746,0.07706409787754369,False,False,False,False,False
2025-05-20 08:00:00,PRD-A,67.0,1247.0,0.053728949478749,0.03662113928200689,0.056882997094004746,0.0771448549060026,False,False,False,False,False
2025-05-20 16:00:00,PRD-A,83.0,1199.0,0.06922435362802336,0.03621954400770823,0.056882997094004746,0.07754645018030126,False,False,False,False,False
2025-05-27 00:00:00,PRD-A,89.0,1284.0,0.06931464174454828,0.03691520812142933,0.056882997094004746,0.07685078606658016,False,False,False,False,False
2025-05-27 08:00:00,PRD-A,47.0,1281.0,0.03669008587041374,0.03689184030890122,0.056882997094004746,0.07687415387910827,True,False,False,False,True
2025-05-27 16:00:00,PRD-A,82.0,1255.0,0.0653386454183267,0.03668582215356973,0.056882997094004746,0.07708017203443976,False,False,False,False,False
2025-05-28 00:00:00,PRD-A,65.0,1255.0,0.05179282868525897,0.03668582215356973,0.056882997094004746,0.07708017203443976,False,False,False,False,False
2025-05-28 08:00:00,PRD-A,78.0,1285.0,0.060700389105058365,0.03692297920130044,0.056882997094004746,0.07684301498670905,False,False,False,False,False
2025-05-28 16:00:00,PRD-A,92.0,1243.0,0.07401448109412712,0.036588563926871064,0.056882997094004746,0.07717743026113844,False,False,False,False,False
2025-06-04 00:00:00,PRD-A,73.0,1265.0,0.057707509881422925,0.036765811279490676,0.056882997094004746,0.07700018290851882,False,False,False,False,False
2025-06-04 08:00:00,PRD-A,68.0,1240.0,0.054838709677419356,0.03656402904001473,0.056882997094004746,0.07720196514799477,False,False,False,False,False
2025-06-04 16:00:00,PRD-A,105.0,1207.0,0.08699254349627175,0.036288136572370074,0.056882997094004746,0.07747785761563941,True,False,False,False,True
2025-06-05 00:00:00,PRD-A,79.0,1247.0,0.06335204490777867,0.03662113928200689,0.056882997094004746,0.0771448549060026,False,False,False,False,False
2025-06-05 08:00:00,PRD-A,94.0,1218.0,0.07717569786535304,0.03638134563571299,0.056882997094004746,0.0773846485522965,False,True,False,False,True
2025-06-05 16:00:00,PRD-A,106.0,1189.0,0.08915054667788057,0.03613283169605941,0.056882997094004746,0.07763316249195008,True,True,False,False,True
2025-06-12 00:00:00,PRD-A,77.0,1148.0,0.06707317073170732,0.03576554361757191,0.056882997094004746,0.07800045057043759,False,True,True,False,True
2025-06-12 08:00:00,PRD-A,78.0,1247.0,0.06255012028869286,0.03662113928200689,0.056882997094004746,0.0771448549060026,False,False,False,False,False
2025-06-12 16:00:00,PRD-A,101.0,1175.0,0.08595744680851064,0.036009579735809705,0.056882997094004746,0.07775641445219979,True,False,True,False,True
2025-06-13 00:00:00,PRD-A,93.0,1156.0,0.08044982698961937,0.0358387412502105,0.056882997094004746,0.077927252937799,True,True,True,True,True
2025-06-13 08:00:00,PRD-A,75.0,1218.0,0.06157635467980296,0.03638134563571299,0.056882997094004746,0.0773846485522965,False,True,False,True,True
2025-06-13 16:00:00,PRD-A,107.0,1138.0,0.09402460456942004,0.035672963368891905,0.056882997094004746,0.07809303081911759,True,True,False,True,True
2025-06-20 00:00:00,PRD-A,83.0,1191.0,0.06968933669185558,0.03615026148947366,0.056882997094004746,0.07761573269853583,False,False,True,True,True
2025-06-20 08:00:00,PRD-A,76.0,1152.0,0.06597222222222222,0.0358022377434284,0.056882997094004746,0.07796375644458109,False,False,True,True,True
2025-06-20 16:00:00,PRD-A,112.0,1192.0,0.09395973154362416,0.036158959931477885,0.056882997094004746,0.0776070342565316,True,False,True,True,True
2025-06-21 00:00:00,PRD-A,88.0,1196.0,0.07357859531772576,0.03619364453681191,0.056882997094004746,0.07757234965119758,False,True,True,True,True
2025-06-21 08:00:00,PRD-A,85.0,1220.0,0.06967213114754098,0.03639815716085125,0.056882997094004746,0.07736783702715824,False,True,True,True,True
2025-06-21 16:00:00,PRD-A,152.0,1115.0,0.13632286995515694,0.035455321811245846,0.056882997094004746,0.07831067237676365,True,True,True,True,True
2025-06-28 00:00:00,PRD-A,69.0,1290.0,0.053488372093023255,0.03696169896209331,0.056882997094004746,0.07680429522591618,False,False,True,False,True
2025-06-28 08:00:00,PRD-A,79.0,1331.0,0.059353869271224644,0.037270925843692994,0.056882997094004746,0.07649506834431649,False,False,False,False,False
2025-06-28 16:00:00,PRD-A,55.0,1273.0,0.04320502749410841,0.0368291228002004,0.056882997094004746,0.0769368713878091,False,False,False,False,False
2025-06-29 00:00:00,PRD-A,51.0,1300.0,0.03923076923076923,0.037038467255861546,0.056882997094004746,0.07672752693214795,False,True,False,False,True
2025-06-29 08:00:00,PRD-A,42.0,1314.0,0.0319634703196347,0.03714446702874865,0.056882997094004746,0.07662152715926085,True,True,False,False,True
2025-06-29 16:00:00,PRD-A,120.0,1331.0,0.09015777610818933,0.037270925843692994,0.056882997094004746,0.07649506834431649,True,True,False,False,True
2024-01-07 00:00:00,PRD-A,59.0,1213.0,0.048639736191261336,0.03633913506712613,0.056882997094004746,0.07742685912088336,False,False,True,False,True
2024-01-07 08:00:00,PRD-A,49.0,1256.0,0.03901273885350318,0.03669386403122894,0.056882997094004746,0.07707213015678055,False,False,True,False,True
2024-01-07 16:00:00,PRD-A,79.0,1276.0,0.06191222570532915,0.03685271097651982,0.056882997094004746,0.07691328321148967,False,False,False,False,False
2024-01-08 00:00:00,PRD-A,68.0,1247.0,0.0545308740978348,0.03662113928200689,0.056882997094004746,0.0771448549060026,False,False,False,False,False
2024-01-08 08:00:00,PRD-A,61.0,1256.0,0.04856687898089172,0.03669386403122894,0.056882997094004746,0.07707213015678055,False,False,False,False,False
2024-01-08 16:00:00,PRD-A,81.0,1187.0,0.06823925863521482,0.03611535786946985,0.056882997094004746,0.07765063631853963,False,False,False,False,False
2024-01-15 00:00:00,PRD-A,42.0,1259.0,0.03335980937251787,0.03671793214993367,0.056882997094004746,0.07704806203807582,True,False,False,False,True
2024-01-15 08:00:00,PRD-A,45.0,1255.0,0.035856573705179286,0.03668582215356973,0.056882997094004746,0.07708017203443976,True,True,False,False,True
2024-01-15 16:00:00,PRD-A,70.0,1208.0,0.057947019867549666,0.036296662700047264,0.056882997094004746,0.07746933148796223,False,True,False,False,True
2024-01-16 00:00:00,PRD-A,55.0,1257.0,0.04375497215592681,0.036701896310465804,0.056882997094004746,0.07706409787754369,False,False,False,False,False
2024-01-16 08:00:00,PRD-A,46.0,1276.0,0.03605015673981191,0.03685271097651982,0.056882997094004746,0.07691328321148967,True,False,True,False,True
2024-01-16 16:00:00,PRD-A,65.0,1200.0,0.05416666666666667,0.03622815557427782,0.056882997094004746,0.07753783861373167,False,False,False,False,False
2024-01-23 00:00:00,PRD-A,61.0,1323.0,0.04610733182161754,0.03721171945616957,0.056882997094004746,0.07655427473183993,False,False,False,False,False
2024-01-23 08:00:00,PRD-A,48.0,1350.0,0.035555555555555556,0.03740942575676159,0.056882997094004746,0.07635656843124791,True,False,True,False,True
2024-01-23 16:00:00,PRD-A,44.0,1299.0,0.03387220939183987,0.037030830338188755,0.056882997094004746,0.07673516384982074,True,True,True,False,True
2024-01-24 00:00:00,PRD-A,23.0,1303.0,0.017651573292402148,0.03706132523600075,0.056882997094004746,0.07670466895200874,True,True,True,False,True
2024-01-24 08:00:00,PRD-A,34.0,1300.0,0.026153846153846153,0.037038467255861546,0.056882997094004746,0.07672752693214795,True,True,True,True,True
2024-01-24 16:00:00,PRD-A,47.0,1275.0,0.03686274509803922,0.03684485750195125,0.056882997094004746,0.07692113668605824,False,True,True,True,True
2024-01-31 00:00:00,PRD-A,71.0,1278.0,0.05555555555555555,0.036868390263554686,0.056882997094004746,0.0768976039244548,False,True,True,True,True
2024-01-31 08:00:00,PRD-A,40.0,1309.0,0.030557677616501147,0.03710680523135667,0.056882997094004746,0.07665918895665283,True,True,True,True,True
2024-01-31 16:00:00,PRD-A,58.0,1240.0,0.0467741935483871,0.03656402904001473,0.056882997094004746,0.07720196514799477,False,False,True,True,True
2024-02-01 00:00:00,PRD-A,21.0,1061.0,0.019792648444863337,0.03491680393947276,0.056882997094004746,0.07884919024853673,True,True,True,True,True
2024-02-01 08:00:00,PRD-A,27.0,1263.0,0.021377672209026127,0.03674988948371419,0.056882997094004746,0.0770161047042953,True,True,True,True,True
2024-02-01 16:00:00,PRD-A,53.0,1315.0,0.0403041825095057,0.03715197360063649,0.056882997094004746,0.076614020587373,False,True,True,True,True
2024-02-08 00:00:00,PRD-A,49.0,1200.0,0.04083333333333333,0.03622815557427782,0.056882997094004746,0.07753783861373167,False,True,True,True,True
2024-02-08 08:00:00,PRD-A,55.0,1256.0,0.04378980891719745,0.03669386403122894,0.056882997094004746,0.07707213015678055,False,True,True,True,True
2024-02-08 16:00:00,PRD-A,81.0,1209.0,0.06699751861042183,0.03630517824721366,0.056882997094004746,0.07746081594079583,False,False,True,False,True
2024-02-09 00:00:00,PRD-A,51.0,1265.0,0.04031620553359684,0.036765811279490676,0.056882997094004746,0.07700018290851882,False,False,True,False,True
2024-02-09 08:00:00,PRD-A,62.0,1250.0,0.0496,0.03664546811745145,0.056882997094004746,0.07712052607055804,False,False,True,False,True
2024-02-09 16:00:00,PRD-A,89.0,1238.0,0.07189014539579967,0.03654762292668058,0.056882997094004746,0.07721837126132891,False,False,False,False,False
2024-02-16 00:00:00,PRD-A,55.0,1251.0,0.04396482813749001,0.036653558275270864,0.056882997094004746,0.07711243591273863,False,False,False,False,False
2024-02-16 08:00:00,PRD-A,45.0,1246.0,0.036115569823434994,0.03661301015116347,0.056882997094004746,0.07715298403684602,True,False,True,False,True
2024-02-16 16:00:00,PRD-A,55.0,1196.0,0.04598662207357859,0.03619364453681191,0.056882997094004746,0.07757234965119758,False,False,True,False,True
2024-02-17 00:00:00,PRD-A,60.0,1245.0,0.04819277108433735,0.03660487122815216,0.056882997094004746,0.07716112295985733,False,False,True,False,True
2024-02-17 08:00:00,PRD-A,62.0,1245.0,0.04979919678714859,0.03660487122815216,0.056882997094004746,0.07716112295985733,False,False,True,False,True
2024-02-17 16:00:00,PRD-A,85.0,1222.0,0.06955810147299508,0.03641492739692727,0.056882997094004746,0.07735106679108222,False,False,True,False,True
2024-02-24 00:00:00,PRD-A,34.0,1226.0,0.02773246329526917,0.03644834467586268,0.056882997094004746,0.07731764951214681,True,False,True,False,True
2024-02-24 08:00:00,PRD-A,40.0,1299.0,0.030792917628945343,0.037030830338188755,0.056882997094004746,0.07673516384982074,True,True,True,False,True
2024-02-24 16:00:00,PRD-A,52.0,1309.0,0.03972498090145149,0.03710680523135667,0.056882997094004746,0.07665918895665283,False,True,True,False,True
2024-02-25 00:00:00,PRD-A,41.0,1288.0,0.03183229813664596,0.036946238115271014,0.056882997094004746,0.07681975607273847,True,True,True,False,True
2024-02-25 08:00:00,PRD-A,34.0,1308.0,0.02599388379204893,0.037099246969333095,0.056882997094004746,0.07666674721867639,True,True,True,False,True
2024-02-25 16:00:00,PRD-A,57.0,1223.0,0.04660670482420278,0.03642329708433388,0.056882997094004746,0.07734269710367561,False,True,True,False,True
2024-03-03 00:00:00,PRD-A,38.0,1241.0,0.030620467365028204,0.036572217220098985,0.056882997094004746,0.07719377696791051,True,True,True,False,True
2024-03-03 08:00:00,PRD-A,43.0,1257.0,0.03420843277645187,0.036701896310465804,0.056882997094004746,0.07706409787754369,True,True,True,True,True
2024-03-03 16:00:00,PRD-A,127.0,1216.0,0.10444078947368421,0.03636449265180811,0.056882997094004746,0.07740150153620137,True,True,True,False,True
2024-03-04 00:00:00,PRD-A,84.0,1251.0,0.0671462829736211,0.036653558275270864,0.056882997094004746,0.07711243591273863,False,False,False,False,False
2024-03-04 08:00:00,PRD-A,103.0,1262.0,0.08161648177496038,0.036741914396211744,0.056882997094004746,0.07702407979179775,True,True,False,False,True
2024-03-04 16:00:00,PRD-A,166.0,1229.0,0.13506916192026036,0.03647330049923999,0.056882997094004746,0.07729269368876951,True,True,True,False,True
2024-03-11 00:00:00,PRD-A,85.0,1208.0,0.07036423841059603,0.036296662700047264,0.056882997094004746,0.07746933148796223,False,True,True,False,True
2024-03-11 08:00:00,PRD-A,45.0,1249.0,0.036028823058446756,0.0366373682456136,0.056882997094004746,0.07712862594239589,True,False,True,False,True
2024-03-11 16:00:00,PRD-A,62.0,1151.0,0.05386620330147698,0.0357930821471876,0.056882997094004746,0.07797291204082189,False,False,False,False,False
2024-03-12 00:00:00,PRD-A,63.0,1219.0,0.051681706316652996,0.036389756569998585,0.056882997094004746,0.0773762376180109,False,False,False,False,False
2024-03-12 08:00:00,PRD-A,79.0,1262.0,0.06259904912836767,0.036741914396211744,0.056882997094004746,0.07702407979179775,False,False,False,False,False
2024-03-12 16:00:00,PRD-A,83.0,1147.0,0.07236268526591107,0.03575634010723022,0.056882997094004746,0.07800965408077927,False,False,False,False,False
2024-03-19 00:00:00,PRD-A,49.0,1126.0,0.043516873889875664,0.035560243175320375,0.056882997094004746,0.07820575101268912,False,False,False,False,False
2024-03-19 08:00:00,PRD-A,49.0,1266.0,0.038704581358609796,0.03677375802513534,0.056882997094004746,0.07699223616287415,False,False,False,False,False
2024-03-19 16:00:00,PRD-A,80.0,1210.0,0.06611570247933884,0.036313683235734334,0.056882997094004746,0.07745231095227516,False,False,False,False,False
2024-03-20 00:00:00,PRD-A,62.0,1217.0,0.05094494658997535,0.036372924336751024,0.056882997094004746,0.07739306985125846,False,False,False,False,False
2024-03-20 08:00:00,PRD-A,81.0,1234.0,0.06564019448946515,0.03651469112507855,0.056882997094004746,0.07725130306293095,False,False,False,False,False
2024-03-20 16:00:00,PRD-A,102.0,1196.0,0.08528428093645485,0.03619364453681191,0.056882997094004746,0.07757234965119758,True,False,False,False,True
2024-03-27 00:00:00,PRD-A,28.0,1278.0,0.02190923317683881,0.036868390263554686,0.056882997094004746,0.0768976039244548,True,False,False,False,True
2024-03-27 08:00:00,PRD-A,55.0,1322.0,0.0416036308623298,0.037204280893741545,0.056882997094004746,0.07656171329426795,False,True,False,False,True
2024-03-27 16:00:00,PRD-A,52.0,1303.0,0.039907904834996163,0.03706132523600075,0.056882997094004746,0.07670466895200874,False,True,False,False,True
2024-03-28 00:00:00,PRD-A,26.0,1281.0,0.02029664324746292,0.03689184030890122,0.056882997094004746,0.07687415387910827,True,True,True,False,True
2024-03-28 08:00:00,PRD-A,47.0,1246.0,0.0377207062600321,0.03661301015116347,0.056882997094004746,0.07715298403684602,False,True,True,False,True
2024-03-28 16:00:00,PRD-A,45.0,1269.0,0.03546099290780142,0.03679754187623589,0.056882997094004746,0.0769684523117736,True,True,True,False,True
2024-04-04 00:00:00,PRD-A,53.0,1182.0,0.04483925549915398,0.03607147943638943,0.056882997094004746,0.07769451475162006,False,True,True,False,True
2024-04-04 08:00:00,PRD-A,56.0,1218.0,0.04597701149425287,0.03638134563571299,0.056882997094004746,0.0773846485522965,False,False,True,True,True
2024-04-04 16:00:00,PRD-A,103.0,1251.0,0.08233413269384493,0.036653558275270864,0.056882997094004746,0.07711243591273863,True,False,True,False,True
2024-04-05 00:00:00,PRD-A,50.0,1251.0,0.03996802557953637,0.036653558275270864,0.056882997094004746,0.07711243591273863,False,False,True,False,True
2024-04-05 08:00:00,PRD-A,62.0,1198.0,0.05175292153589316,0.03621092166095856,0.056882997094004746,0.07755507252705093,False,False,False,False,False
2024-04-05 16:00:00,PRD-A,89.0,1068.0,0.08333333333333333,0.034988908871226854,0.056882997094004746,0.07877708531678264,True,False,False,False,True
2024-04-12 00:00:00,PRD-A,46.0,1219.0,0.03773584905660377,0.036389756569998585,0.056882997094004746,0.0773762376180109,False,False,False,False,False
2024-04-12 08:00:00,PRD-A,34.0,1289.0,0.026377036462373934,0.03695397303660142,0.056882997094004746,0.07681202115140807,True,True,False,False,True
2024-04-12 16:00:00,PRD-A,58.0,1247.0,0.046511627906976744,0.03662113928200689,0.056882997094004746,0.0771448549060026,False,True,False,False,True
2024-04-13 00:00:00,PRD-A,43.0,1284.0,0.03348909657320872,0.03691520812142933,0.056882997094004746,0.07685078606658016,True,True,True,False,True
2024-04-13 08:00:00,PRD-A,33.0,1033.0,0.031945788964181994,0.03462109187772316,0.056882997094004746,0.07914490231028634,True,True,True,False,True
2024-04-13 16:00:00,PRD-A,48.0,1296.0,0.037037037037037035,0.03700786657486574,0.056882997094004746,0.07675812761314375,False,True,True,False,True
2024-04-20 00:00:00,PRD-A,47.0,1237.0,0.03799514955537591,0.03653940495335368,0.056882997094004746,0.0772265892346558,False,True,True,False,True
2024-04-20 08:00:00,PRD-A,37.0,911.0,0.04061470911086718,0.033177268841712924,0.056882997094004746,0.08058872534629657,False,True,True,True,True
2024-04-20 16:00:00,PRD-A,40.0,1271.0,0.03147128245476003,0.036813350973701295,0.056882997094004746,0.0769526432143082,True,True,True,True,True
2024-04-21 00:00:00,PRD-A,40.0,1336.0,0.029940119760479042,0.03730765948008008,0.056882997094004746,0.07645833470792941,True,True,True,True,True
2024-04-21 08:00:00,PRD-A,26.0,1260.0,0.020634920634920634,0.03672593574816284,0.056882997094004746,0.07704005843984665,True,True,True,True,True
2024-04-21 16:00:00,PRD-A,35.0,1280.0,0.02734375,0.03688403278789077,0.056882997094004746,0.07688196140011871,True,True,True,True,True
2024-04-28 00:00:00,PRD-A,41.0,1251.0,0.032773780975219824,0.036653558275270864,0.056882997094004746,0.07711243591273863,True,True,True,True,True
2024-04-28 08:00:00,PRD-A,61.0,1353.0,0.0450849963045085,0.03743102706273047,0.056882997094004746,0.07633496712527901,False,True,True,True,True
2024-04-28 16:00:00,PRD-A,55.0,1253.0,0.04389465283320032,0.03666970952640365,0.056882997094004746,0.07709628466160584,False,False,True,True,True
2024-04-29 00:00:00,PRD-A,30.0,910.0,0.03296703296703297,0.03316424729266596,0.056882997094004746,0.08060174689534352,True,False,True,True,True
2024-04-29 08:00:00,PRD-A,28.0,1307.0,0.02142310635042081,0.03709168003460443,0.056882997094004746,0.07667431415340506,True,True,True,True,True
2024-04-29 16:00:00,PRD-A,57.0,1313.0,0.04341203351104341,0.03713695188282044,0.056882997094004746,0.07662904230518905,False,True,True,True,True
2024-05-06 00:00:00,PRD-A,43.0,1257.0,0.03420843277645187,0.036701896310465804,0.056882997094004746,0.07706409787754369,True,True,True,True,True
2024-05-06 08:00:00,PRD-A,56.0,1272.0,0.0440251572327044,0.03682124153666415,0.056882997094004746,0.07694475265134534,False,True,True,True,True
2024-05-06 16:00:00,PRD-A,85.0,1214.0,0.0700164744645799,0.036347598038454096,0.056882997094004746,0.0774183961495554,False,False,True,False,True
2024-05-07 00:00:00,PRD-A,59.0,1209.0,0.04880066170388751,0.03630517824721366,0.056882997094004746,0.07746081594079583,False,False,True,False,True
2024-05-07 08:00:00,PRD-A,60.0,1249.0,0.04803843074459568,0.0366373682456136,0.056882997094004746,0.07712862594239589,False,False,True,False,True
2024-05-07 16:00:00,PRD-A,94.0,1222.0,0.07692307692307693,0.03641492739692727,0.056882997094004746,0.07735106679108222,False,False,False,False,False
2024-05-14 00:00:00,PRD-A,87.0,1264.0,0.06882911392405064,0.03675785510523677,0.056882997094004746,0.07700813908277272,False,False,False,False,False
2024-05-14 08:00:00,PRD-A,88.0,1267.0,0.06945540647198106,0.036781695360778625,0.056882997094004746,0.07698429882723087,False,False,False,False,False
2024-05-14 16:00:00,PRD-A,114.0,1240.0,0.09193548387096774,0.03656402904001473,0.056882997094004746,0.07720196514799477,True,False,True,False,True
2024-05-15 00:00:00,PRD-A,82.0,1230.0,0.06666666666666667,0.036481598810863665,0.056882997094004746,0.07728439537714582,False,False,True,False,True
2024-05-15 08:00:00,PRD-A,79.0,1237.0,0.06386418755052546,0.03653940495335368,0.056882997094004746,0.0772265892346558,False,False,True,False,True
2024-05-15 16:00:00,PRD-A,133.0,1181.0,0.1126164267569856,0.036062670327991715,0.056882997094004746,0.07770332386001777,True,False,True,False,True
2024-05-22 00:00:00,PRD-A,60.0,1187.0,0.05054759898904802,0.03611535786946985,0.056882997094004746,0.07765063631853963,False,False,True,False,True
2024-05-22 08:00:00,PRD-A,43.0,813.0,0.05289052890528905,0.031789151736200755,0.056882997094004746,0.08197684245180874,False,False,False,False,False
2024-05-22 16:00:00,PRD-A,41.0,1288.0,0.03183229813664596,0.036946238115271014,0.056882997094004746,0.07681975607273847,True,False,False,False,True
2024-05-23 00:00:00,PRD-A,22.0,1200.0,0.018333333333333333,0.03622815557427782,0.056882997094004746,0.07753783861373167,True,True,False,False,True
2024-05-23 08:00:00,PRD-A,38.0,1316.0,0.028875379939209727,0.03715947161477513,0.056882997094004746,0.07660652257323436,True,True,False,False,True
2024-05-23 16:00:00,PRD-A,47.0,1261.0,0.03727200634417129,0.036733929823966366,0.056882997094004746,0.07703206436404313,False,True,True,False,True
2024-05-30 00:00:00,PRD-A,41.0,1251.0,0.032773780975219824,0.036653558275270864,0.056882997094004746,0.07711243591273863,True,True,True,False,True
2024-05-30 08:00:00,PRD-A,36.0,1311.0,0.02745995423340961,0.037121895803460855,0.056882997094004746,0.07664409838454864,True,True,True,True,True
2024-05-30 16:00:00,PRD-A,74.0,1240.0,0.05967741935483871,0.03656402904001473,0.056882997094004746,0.07720196514799477,False,True,True,False,True
2024-05-31 00:00:00,PRD-A,59.0,1231.0,0.0479285134037368,0.03648988700876133,0.056882997094004746,0.07727610717924815,False,False,True,False,True
2024-05-31 08:00:00,PRD-A,50.0,1277.0,0.03915426781519186,0.036860555224370074,0.056882997094004746,0.07690543896363941,False,False,True,False,True
2024-05-31 16:00:00,PRD-A,65.0,1175.0,0.05531914893617021,0.036009579735809705,0.056882997094004746,0.07775641445219979,False,False,False,False,False
2024-06-07 00:00:00,PRD-A,40.0,1234.0,0.03241491085899514,0.03651469112507855,0.056882997094004746,0.07725130306293095,True,True,False,False,True
2024-06-07 08:00:00,PRD-A,46.0,1287.0,0.035742035742035744,0.036938494180631054,0.056882997094004746,0.07682750000737844,True,True,True,False,True
2024-06-07 16:00:00,PRD-A,52.0,937.0,0.05549626467449306,0.03350847745275956,0.056882997094004746,0.08025751673524993,False,True,False,False,True
2024-06-08 00:00:00,PRD-A,27.0,1326.0,0.020361990950226245,0.03723398463323995,0.056882997094004746,0.07653200955476955,True,True,False,False,True
2024-06-08 08:00:00,PRD-A,18.0,1279.0,0.014073494917904612,0.03687621611207691,0.056882997094004746,0.07688977807593259,True,True,True,True,True
2024-06-08 16:00:00,PRD-A,44.0,1292.0,0.034055727554179564,0.036977123895209005,0.056882997094004746,0.07678887029280049,True,True,True,True,True
2024-06-15 00:00:00,PRD-A,67.0,1203.0,0.05569409808811305,0.03625392581702626,0.056882997094004746,0.07751206837098323,False,True,False,True,True
2024-06-15 08:00:00,PRD-A,67.0,1251.0,0.053557154276578735,0.036653558275270864,0.056882997094004746,0.07711243591273863,False,False,False,True,True
2024-06-15 16:00:00,PRD-A,105.0,1170.0,0.08974358974358974,0.035965025966103056,0.056882997094004746,0.07780096822190644,True,False,False,False,True
2024-06-16 00:00:00,PRD-A,61.0,865.0,0.07052023121387284,0.032555107490942634,0.056882997094004746,0.08121088669706686,False,False,False,False,False
2024-06-16 08:00:00,PRD-A,49.0,1310.0,0.03740458015267176,0.03711435483722928,0.056882997094004746,0.0766516393507802,False,False,False,False,False
2024-06-16 16:00:00,PRD-A,36.0,1288.0,0.027950310559006212,0.036946238115271014,0.056882997094004746,0.07681975607273847,True,True,False,False,True
2024-06-23 00:00:00,PRD-A,72.0,1205.0,0.05975103734439834,0.03627105248770553,0.056882997094004746,0.07749494170030397,False,True,False,False,True
2024-06-23 08:00:00,PRD-A,95.0,1242.0,0.07648953301127215,0.036580395509085234,0.056882997094004746,0.07718559867892426,False,False,False,False,False
2024-06-23 16:00:00,PRD-A,102.0,1193.0,0.08549874266554904,0.03616764743433816,0.056882997094004746,0.07759834675367133,True,True,False,False,True
2024-06-24 00:00:00,PRD-A,88.0,1167.0,0.07540702656383891,0.035938156371047164,0.056882997094004746,0.07782783781696233,False,True,False,False,True
2024-06-24 08:00:00,PRD-A,80.0,1155.0,0.06926406926406926,0.03582963315376857,0.056882997094004746,0.07793636103424093,False,True,True,False,True
2024-06-24 16:00:00,PRD-A,128.0,1178.0,0.10865874363327674,0.03603617573390118,0.056882997094004746,0.07772981845410831,True,True,True,False,True
2024-07-01 00:00:00,PRD-A,33.0,1040.0,0.03173076923076923,0.0346961382441992,0.056882997094004746,0.0790698559438103,True,False,True,False,True
2024-07-01 08:00:00,PRD-A,45.0,1324.0,0.033987915407854986,0.03721914958963117,0.056882997094004746,0.07654684459837832,True,True,False,False,True
2024-07-01 16:00:00,PRD-A,72.0,1265.0,0.05691699604743083,0.036765811279490676,0.056882997094004746,0.07700018290851882,False,True,False,False,True
2024-07-02 00:00:00,PRD-A,63.0,1276.0,0.0493730407523511,0.03685271097651982,0.056882997094004746,0.07691328321148967,False,False,False,False,False
2024-07-02 08:00:00,PRD-A,51.0,1306.0,0.03905053598774885,0.03708410441057221,0.056882997094004746,0.07668188977743728,False,False,True,False,True
2024-07-02 16:00:00,PRD-A,78.0,1261.0,0.061855670103092786,0.036733929823966366,0.056882997094004746,0.07703206436404313,False,False,False,False,False
2024-07-09 00:00:00,PRD-A,51.0,1185.0,0.043037974683544304,0.036097839823989286,0.056882997094004746,0.0776681543640202,False,False,False,False,False
2024-07-09 08:00:00,PRD-A,51.0,1197.0,0.042606516290726815,0.03620228851151851,0.056882997094004746,0.07756370567649098,False,False,True,False,True
2024-07-09 16:00:00,PRD-A,75.0,1207.0,0.06213753106876554,0.036288136572370074,0.056882997094004746,0.07747785761563941,False,False,False,False,False
2024-07-10 00:00:00,PRD-A,73.0,1266.0,0.05766192733017378,0.03677375802513534,0.056882997094004746,0.07699223616287415,False,False,False,False,False
2024-07-10 08:00:00,PRD-A,64.0,1231.0,0.05199025182778229,0.03648988700876133,0.056882997094004746,0.07727610717924815,False,False,False,False,False
2024-07-10 16:00:00,PRD-A,103.0,1234.0,0.08346839546191248,0.03651469112507855,0.056882997094004746,0.07725130306293095,True,False,False,False,True
2024-07-17 00:00:00,PRD-A,60.0,1196.0,0.05016722408026756,0.03619364453681191,0.056882997094004746,0.07757234965119758,False,False,False,False,False
2024-07-17 08:00:00,PRD-A,51.0,1240.0,0.04112903225806452,0.03656402904001473,0.056882997094004746,0.07720196514799477,False,False,False,False,False
2024-07-17 16:00:00,PRD-A,98.0,1204.0,0.08139534883720931,0.03626249448666985,0.056882997094004746,0.07750349970133964,True,False,False,False,True
2024-07-18 00:00:00,PRD-A,74.0,1217.0,0.06080525883319639,0.036372924336751024,0.056882997094004746,0.07739306985125846,False,False,False,False,False
2024-07-18 08:00:00,PRD-A,80.0,1253.0,0.06384676775738228,0.03666970952640365,0.056882997094004746,0.07709628466160584,False,False,False,False,False
2024-07-18 16:00:00,PRD-A,114.0,1130.0,0.10088495575221239,0.035598016019717155,0.056882997094004746,0.07816797816829234,True,False,False,False,True
2024-07-25 00:00:00,PRD-A,127.0,1187.0,0.10699241786015164,0.03611535786946985,0.056882997094004746,0.07765063631853963,True,True,True,False,True
2024-07-25 08:00:00,PRD-A,135.0,1214.0,0.11120263591433278,0.036347598038454096,0.056882997094004746,0.0774183961495554,True,True,True,False,True
2024-07-25 16:00:00,PRD-A,180.0,1166.0,0.15437392795883362,0.03592917680333647,0.056882997094004746,0.07783681738467302,True,True,True,False,True
2024-07-26 00:00:00,PRD-A,128.0,1250.0,0.1024,0.03664546811745145,0.056882997094004746,0.07712052607055804,True,True,True,True,True
2024-07-26 08:00:00,PRD-A,98.0,981.0,0.0998980632008155,0.034038690173885805,0.056882997094004746,0.07972730401412369,True,True,True,True,True
2024-07-26 16:00:00,PRD-A,76.0,1271.0,0.05979543666404406,0.036813350973701295,0.056882997094004746,0.0769526432143082,False,True,True,True,True
2024-08-02 00:00:00,PRD-A,40.0,1256.0,0.03184713375796178,0.03669386403122894,0.056882997094004746,0.07707213015678055,True,False,False,False,True
2024-08-02 08:00:00,PRD-A,34.0,1279.0,0.026583268178264268,0.03687621611207691,0.056882997094004746,0.07688977807593259,True,True,False,False,True
2024-08-02 16:00:00,PRD-A,53.0,1262.0,0.041996830427892234,0.036741914396211744,0.056882997094004746,0.07702407979179775,False,True,False,False,True
2024-08-03 00:00:00,PRD-A,80.0,1337.0,0.05983545250560957,0.037314981469344616,0.056882997094004746,0.07645101271866488,False,True,False,False,True
2024-08-03 08:00:00,PRD-A,70.0,1341.0,0.05219985085756898,0.03734418747909174,0.056882997094004746,0.07642180670891775,False,False,False,False,False
2024-08-03 16:00:00,PRD-A,64.0,1270.0,0.050393700787401574,0.03680545109300948,0.056882997094004746,0.07696054309500001,False,False,False,False,False
2024-08-10 00:00:00,PRD-A,30.0,1250.0,0.024,0.03664546811745145,0.056882997094004746,0.07712052607055804,True,False,False,False,True
2024-08-10 08:00:00,PRD-A,39.0,1318.0,0.02959028831562974,0.03717444203475312,0.056882997094004746,0.07659155215325637,True,True,False,False,True
2024-08-10 16:00:00,PRD-A,59.0,1289.0,0.045771916214119475,0.03695397303660142,0.056882997094004746,0.07681202115140807,False,True,False,False,True
2024-08-11 00:00:00,PRD-A,32.0,1300.0,0.024615384615384615,0.037038467255861546,0.056882997094004746,0.07672752693214795,True,True,True,False,True
2024-08-11 08:00:00,PRD-A,50.0,1290.0,0.03875968992248062,0.03696169896209331,0.056882997094004746,0.07680429522591618,False,True,True,False,True
2024-08-11 16:00:00,PRD-A,45.0,1215.0,0.037037037037037035,0.03635605055951831,0.056882997094004746,0.07740994362849118,False,True,True,True,True
2024-08-18 00:00:00,PRD-A,57.0,1186.0,0.048060708263069137,0.03610660438574098,0.056882997094004746,0.07765938980226851,False,True,True,True,True
2024-08-18 08:00:00,PRD-A,58.0,1279.0,0.04534792806880375,0.03687621611207691,0.056882997094004746,0.07688977807593259,False,False,True,True,True
2024-08-18 16:00:00,PRD-A,57.0,1222.0,0.046644844517184945,0.03641492739692727,0.056882997094004746,0.07735106679108222,False,False,True,True,True
2024-08-19 00:00:00,PRD-A,44.0,1231.0,0.03574329813160033,0.03648988700876133,0.056882997094004746,0.07727610717924815,True,False,True,True,True
2024-08-19 08:00:00,PRD-A,43.0,1207.0,0.035625517812758904,0.036288136572370074,0.056882997094004746,0.07747785761563941,True,True,True,True,True
2024-08-19 16:00:00,PRD-A,92.0,1244.0,0.07395498392282958,0.0365967224932981,0.056882997094004746,0.07716927169471138,False,True,True,False,True
2024-08-26 00:00:00,PRD-A,70.0,1171.0,0.059777967549103334,0.03597395954375923,0.056882997094004746,0.07779203464425026,False,False,False,False,False
2024-08-26 08:00:00,PRD-A,42.0,932.0,0.045064377682403435,0.033445861429402084,0.056882997094004746,0.08032013275860742,False,False,False,False,False
2024-08-26 16:00:00,PRD-A,36.0,1288.0,0.027950310559006212,0.036946238115271014,0.056882997094004746,0.07681975607273847,True,False,False,False,True
2024-08-27 00:00:00,PRD-A,26.0,1318.0,0.019726858877086494,0.03717444203475312,0.056882997094004746,0.07659155215325637,True,True,False,False,True
2024-08-27 08:00:00,PRD-A,69.0,1271.0,0.05428796223446106,0.036813350973701295,0.056882997094004746,0.0769526432143082,False,True,False,False,True
2024-08-27 16:00:00,PRD-A,42.0,1265.0,0.03320158102766799,0.036765811279490676,0.056882997094004746,0.07700018290851882,True,True,True,False,True
2024-09-03 00:00:00,PRD-A,43.0,1172.0,0.03668941979522184,0.03598288168521528,0.056882997094004746,0.07778311250279421,False,True,True,False,True
2024-09-03 08:00:00,PRD-A,53.0,1257.0,0.042163882259347654,0.036701896310465804,0.056882997094004746,0.07706409787754369,False,True,True,False,True
2024-09-03 16:00:00,PRD-A,80.0,1233.0,0.064882400648824,0.03650643314542893,0.056882997094004746,0.07725956104258055,False,True,False,False,True
2024-09-04 00:00:00,PRD-A,46.0,1016.0,0.045275590551181105,0.034435618254202514,0.056882997094004746,0.07933037593380698,False,False,True,False,True
2024-09-04 08:00:00,PRD-A,35.0,1277.0,0.0274079874706343,0.036860555224370074,0.056882997094004746,0.07690543896363941,True,False,True,False,True
2024-09-04 16:00:00,PRD-A,34.0,1284.0,0.0264797507788162,0.03691520812142933,0.056882997094004746,0.07685078606658016,True,True,True,False,True
2024-09-11 00:00:00,PRD-A,73.0,1172.0,0.06228668941979522,0.03598288168521528,0.056882997094004746,0.07778311250279421,False,True,False,False,True
2024-09-11 08:00:00,PRD-A,71.0,1256.0,0.05652866242038217,0.03669386403122894,0.056882997094004746,0.07707213015678055,False,False,False,False,False
2024-09-11 16:00:00,PRD-A,106.0,1151.0,0.09209383145091225,0.0357930821471876,0.056882997094004746,0.07797291204082189,True,False,False,False,True
2024-09-12 00:00:00,PRD-A,71.0,1201.0,0.059117402164862616,0.03623675638311199,0.056882997094004746,0.07752923780489751,False,False,False,False,False
2024-09-12 08:00:00,PRD-A,92.0,1152.0,0.0798611111111111,0.0358022377434284,0.056882997094004746,0.07796375644458109,True,True,False,False,True
2024-09-12 16:00:00,PRD-A,99.0,1146.0,0.08638743455497382,0.03574712455303544,0.056882997094004746,0.07801886963497405,True,True,False,False,True
2024-09-19 00:00:00,PRD-A,65.0,1190.0,0.0546218487394958,0.036141552085348895,0.056882997094004746,0.07762444210266059,False,True,False,False,True
2024-09-19 08:00:00,PRD-A,81.0,1267.0,0.06393054459352802,0.036781695360778625,0.056882997094004746,0.07698429882723087,False,False,False,False,False
2024-09-19 16:00:00,PRD-A,109.0,1252.0,0.08706070287539937,0.0366616387384727,0.056882997094004746,0.07710435544953678,True,False,True,False,True
2024-09-20 00:00:00,PRD-A,70.0,1249.0,0.05604483586869496,0.0366373682456136,0.056882997094004746,0.07712862594239589,False,False,False,False,False
2024-09-20 08:00:00,PRD-A,73.0,1066.0,0.06848030018761726,0.03496837995136493,0.056882997094004746,0.07879761423664455,False,False,False,False,False
2024-09-20 16:00:00,PRD-A,49.0,1291.0,0.037955073586367155,0.03696941590917035,0.056882997094004746,0.07679657827883915,False,False,False,False,False
2024-09-27 00:00:00,PRD-A,29.0,1259.0,0.023034154090548053,0.03671793214993367,0.056882997094004746,0.07704806203807582,True,True,False,False,True
2024-09-27 08:00:00,PRD-A,14.0,1317.0,0.010630220197418374,0.03716696108741244,0.056882997094004746,0.07659903310059706,True,True,False,False,True
2024-09-27 16:00:00,PRD-A,46.0,1290.0,0.03565891472868217,0.03696169896209331,0.056882997094004746,0.07680429522591618,True,True,True,False,True
2024-09-28 00:00:00,PRD-A,60.0,1304.0,0.046012269938650305,0.037068927027980425,0.056882997094004746,0.07669706716002907,False,True,True,False,True
2024-09-28 08:00:00,PRD-A,74.0,1353.0,0.05469327420546933,0.03743102706273047,0.056882997094004746,0.07633496712527901,False,False,True,False,True
2024-09-28 16:00:00,PRD-A,63.0,1250.0,0.0504,0.03664546811745145,0.056882997094004746,0.07712052607055804,False,False,False,False,False
2024-10-05 00:00:00,PRD-A,101.0,1202.0,0.08402662229617304,0.03624534645659007,0.056882997094004746,0.07752064773141942,True,False,False,False,True
2024-10-05 08:00:00,PRD-A,86.0,894.0,0.09619686800894854,0.032952940225043366,0.056882997094004746,0.08081305396296612,True,True,False,False,True
2024-10-05 16:00:00,PRD-A,87.0,1293.0,0.06728538283062645,0.036984822937538686,0.056882997094004746,0.0767811712504708,False,True,False,False,True
2024-10-06 00:00:00,PRD-A,61.0,1281.0,0.047619047619047616,0.03689184030890122,0.056882997094004746,0.07687415387910827,False,False,False,False,False
2024-10-06 08:00:00,PRD-A,54.0,1277.0,0.042286609240407204,0.036860555224370074,0.056882997094004746,0.07690543896363941,False,False,False,False,False
2024-10-06 16:00:00,PRD-A,75.0,1243.0,0.06033789219629927,0.036588563926871064,0.056882997094004746,0.07717743026113844,False,False,False,False,False
2024-10-13 00:00:00,PRD-A,34.0,1227.0,0.027709861450692746,0.03645667345241331,0.056882997094004746,0.07730932073559618,True,True,False,False,True
2024-10-13 08:00:00,PRD-A,35.0,1304.0,0.026840490797546013,0.037068927027980425,0.056882997094004746,0.07669706716002907,True,True,True,False,True
2024-10-13 16:00:00,PRD-A,50.0,1310.0,0.03816793893129771,0.03711435483722928,0.056882997094004746,0.0766516393507802,False,True,True,False,True
2024-10-14 00:00:00,PRD-A,36.0,1297.0,0.027756360832690823,0.03701553001471845,0.056882997094004746,0.07675046417329104,True,True,True,False,True
2024-10-14 08:00:00,PRD-A,46.0,1234.0,0.03727714748784441,0.03651469112507855,0.056882997094004746,0.07725130306293095,False,True,True,False,True
2024-10-14 16:00:00,PRD-A,53.0,1238.0,0.04281098546042003,0.03654762292668058,0.056882997094004746,0.07721837126132891,False,True,True,False,True
2024-10-21 00:00:00,PRD-A,46.0,1246.0,0.03691813804173355,0.03661301015116347,0.056882997094004746,0.07715298403684602,False,True,True,False,True
2024-10-21 08:00:00,PRD-A,46.0,1289.0,0.035686578743211794,0.03695397303660142,0.056882997094004746,0.07681202115140807,True,True,True,True,True
2024-10-21 16:00:00,PRD-A,71.0,1266.0,0.05608214849921011,0.03677375802513534,0.056882997094004746,0.07699223616287415,False,True,True,True,True
2024-10-22 00:00:00,PRD-A,52.0,1292.0,0.04024767801857585,0.036977123895209005,0.056882997094004746,0.07678887029280049,False,True,True,True,True
2024-10-22 08:00:00,PRD-A,45.0,1230.0,0.036585365853658534,0.036481598810863665,0.056882997094004746,0.07728439537714582,False,True,True,True,True
2024-10-22 16:00:00,PRD-A,77.0,1198.0,0.0642737896494157,0.03621092166095856,0.056882997094004746,0.07755507252705093,False,True,False,False,True
2024-10-29 00:00:00,PRD-A,35.0,1209.0,0.028949545078577336,0.03630517824721366,0.056882997094004746,0.07746081594079583,True,True,False,False,True
2024-10-29 08:00:00,PRD-A,65.0,1301.0,0.04996156802459646,0.03704609536678652,0.056882997094004746,0.07671989882122297,False,False,True,False,True
2024-10-29 16:00:00,PRD-A,76.0,1182.0,0.06429780033840947,0.03607147943638943,0.056882997094004746,0.07769451475162006,False,False,False,False,False
2024-10-30 00:00:00,PRD-A,50.0,1166.0,0.04288164665523156,0.03592917680333647,0.056882997094004746,0.07783681738467302,False,False,False,False,False
2024-10-30 08:00:00,PRD-A,80.0,1264.0,0.06329113924050633,0.03675785510523677,0.056882997094004746,0.07700813908277272,False,False,False,False,False
2024-10-30 16:00:00,PRD-A,93.0,1260.0,0.07380952380952381,0.03672593574816284,0.056882997094004746,0.07704005843984665,False,False,False,False,False
2024-11-06 00:00:00,PRD-A,66.0,1172.0,0.05631399317406143,0.03598288168521528,0.056882997094004746,0.07778311250279421,False,False,False,False,False
2024-11-06 08:00:00,PRD-A,77.0,1173.0,0.06564364876385337,0.03599179241485022,0.056882997094004746,0.07777420177315927,False,False,False,False,False
2024-11-06 16:00:00,PRD-A,114.0,1207.0,0.09444904722452362,0.036288136572370074,0.056882997094004746,0.07747785761563941,True,False,False,False,True
2024-11-07 00:00:00,PRD-A,68.0,889.0,0.0764904386951631,0.03288573970838786,0.056882997094004746,0.08088025447962163,False,True,True,False,True
2024-11-07 08:00:00,PRD-A,30.0,1324.0,0.022658610271903322,0.03721914958963117,0.056882997094004746,0.07654684459837832,True,True,False,False,True
2024-11-07 16:00:00,PRD-A,51.0,1283.0,0.03975058456742011,0.03690742795788743,0.056882997094004746,0.07685856623012206,False,True,False,False,True
2024-11-14 00:00:00,PRD-A,24.0,1259.0,0.019062748212867357,0.03671793214993367,0.056882997094004746,0.07704806203807582,True,True,False,False,True
2024-11-14 08:00:00,PRD-A,38.0,1280.0,0.0296875,0.03688403278789077,0.056882997094004746,0.07688196140011871,True,True,True,False,True
2024-11-14 16:00:00,PRD-A,53.0,1269.0,0.04176516942474389,0.03679754187623589,0.056882997094004746,0.0769684523117736,False,True,True,False,True
2024-11-15 00:00:00,PRD-A,86.0,1339.0,0.0642270351008215,0.03732960083307732,0.056882997094004746,0.07643639335493217,False,True,True,False,True
2024-11-15 08:00:00,PRD-A,48.0,1250.0,0.0384,0.03664546811745145,0.056882997094004746,0.07712052607055804,False,True,True,False,True
2024-11-15 16:00:00,PRD-A,69.0,1255.0,0.0549800796812749,0.03668582215356973,0.056882997094004746,0.07708017203443976,False,False,False,False,False
2024-11-22 00:00:00,PRD-A,40.0,1256.0,0.03184713375796178,0.03669386403122894,0.056882997094004746,0.07707213015678055,True,True,False,False,True
2024-11-22 08:00:00,PRD-A,58.0,1215.0,0.047736625514403296,0.03635605055951831,0.056882997094004746,0.07740994362849118,False,False,False,False,False
2024-11-22 16:00:00,PRD-A,79.0,1270.0,0.06220472440944882,0.03680545109300948,0.056882997094004746,0.07696054309500001,False,False,False,False,False
2024-11-23 00:00:00,PRD-A,52.0,1214.0,0.042833607907743,0.036347598038454096,0.056882997094004746,0.0774183961495554,False,False,False,False,False
2024-11-23 08:00:00,PRD-A,46.0,1241.0,0.037066881547139406,0.036572217220098985,0.056882997094004746,0.07719377696791051,False,True,True,False,True
2024-11-23 16:00:00,PRD-A,68.0,1240.0,0.054838709677419356,0.03656402904001473,0.056882997094004746,0.07720196514799477,False,True,False,False,True
2024-11-30 00:00:00,PRD-A,25.0,1275.0,0.0196078431372549,0.03684485750195125,0.056882997094004746,0.07692113668605824,True,True,False,False,True
2024-11-30 08:00:00,PRD-A,64.0,1367.0,0.04681784930504755,0.037530891154946094,0.056882997094004746,0.0762351030330634,False,False,True,False,True
2024-11-30 16:00:00,PRD-A,44.0,1283.0,0.034294621979735,0.03690742795788743,0.056882997094004746,0.07685856623012206,True,True,True,False,True
2024-12-01 00:00:00,PRD-A,50.0,1176.0,0.04251700680272109,0.03601845637552993,0.056882997094004746,0.07774753781247956,False,True,True,False,True
2024-12-01 08:00:00,PRD-A,50.0,1350.0,0.037037037037037035,0.03740942575676159,0.056882997094004746,0.07635656843124791,True,True,True,True,True
2024-12-01 16:00:00,PRD-A,36.0,1289.0,0.027928626842513578,0.03695397303660142,0.056882997094004746,0.07681202115140807,True,True,True,True,True
2024-12-08 00:00:00,PRD-A,65.0,1202.0,0.054076539101497505,0.03624534645659007,0.056882997094004746,0.07752064773141942,False,True,True,True,True
2024-12-08 08:00:00,PRD-A,61.0,1237.0,0.04931285367825384,0.03653940495335368,0.056882997094004746,0.0772265892346558,False,False,True,True,True
2024-12-08 16:00:00,PRD-A,91.0,1199.0,0.07589658048373644,0.03621954400770823,0.056882997094004746,0.07754645018030126,False,False,False,False,False
2024-12-09 00:00:00,PRD-A,78.0,1218.0,0.06403940886699508,0.03638134563571299,0.056882997094004746,0.0773846485522965,False,False,False,False,False
2024-12-09 08:00:00,PRD-A,81.0,1198.0,0.0676126878130217,0.03621092166095856,0.056882997094004746,0.07755507252705093,False,False,False,False,False
2024-12-09 16:00:00,PRD-A,79.0,851.0,0.09283196239717979,0.0323558119114349,0.056882997094004746,0.0814101822765746,True,False,True,False,True
2024-12-16 00:00:00,PRD-A,105.0,1136.0,0.09242957746478873,0.035654300775114,0.056882997094004746,0.07811169341289549,True,True,True,False,True
2024-12-16 08:00:00,PRD-A,131.0,1227.0,0.10676446617766912,0.03645667345241331,0.056882997094004746,0.07730932073559618,True,True,True,False,True
2024-12-16 16:00:00,PRD-A,165.0,1099.0,0.15013648771610555,0.03529990599203415,0.056882997094004746,0.07846608819597534,True,True,True,False,True
2024-12-17 00:00:00,PRD-A,67.0,678.0,0.09882005899705015,0.029404204685652774,0.056882997094004746,0.08436178950235672,True,True,True,True,True
2024-12-17 08:00:00,PRD-A,58.0,1280.0,0.0453125,0.03688403278789077,0.056882997094004746,0.07688196140011871,False,True,True,False,True
2024-12-17 16:00:00,PRD-A,56.0,1303.0,0.042977743668457406,0.03706132523600075,0.056882997094004746,0.07670466895200874,False,False,False,False,False
2024-12-24 00:00:00,PRD-A,46.0,1260.0,0.03650793650793651,0.03672593574816284,0.056882997094004746,0.07704005843984665,True,True,False,False,True
2024-12-24 08:00:00,PRD-A,36.0,1296.0,0.027777777777777776,0.03700786657486574,0.056882997094004746,0.07675812761314375,True,True,True,False,True
2024-12-24 16:00:00,PRD-A,52.0,1225.0,0.04244897959183674,0.03644000570289034,0.056882997094004746,0.07732598848511915,False,True,True,False,True
2024-12-25 00:00:00,PRD-A,32.0,1259.0,0.025416997617156472,0.03671793214993367,0.056882997094004746,0.07704806203807582,True,True,True,False,True
2024-12-25 08:00:00,PRD-A,52.0,1241.0,0.041901692183722805,0.036572217220098985,0.056882997094004746,0.07719377696791051,False,True,True,False,True
2024-12-25 16:00:00,PRD-A,68.0,1235.0,0.05506072874493927,0.03652293907276191,0.056882997094004746,0.07724305511524758,False,True,True,True,True
2025-01-01 00:00:00,PRD-A,23.0,1034.0,0.022243713733075435,0.034631859426220664,0.056882997094004746,0.07913413476178882,True,True,True,True,True
2025-01-01 08:00:00,PRD-A,36.0,1264.0,0.028481012658227847,0.03675785510523677,0.056882997094004746,0.07700813908277272,True,True,True,True,True
2025-01-01 16:00:00,PRD-A,58.0,1320.0,0.04393939393939394,0.03718937841814854,0.056882997094004746,0.07657661576986095,False,True,True,True,True
2025-01-02 00:00:00,PRD-A,42.0,1315.0,0.03193916349809886,0.03715197360063649,0.056882997094004746,0.076614020587373,True,True,True,True,True
2025-01-02 08:00:00,PRD-A,38.0,1274.0,0.029827315541601257,0.03683699478256212,0.056882997094004746,0.07692899940544737,True,True,True,True,True
2025-01-02 16:00:00,PRD-A,62.0,1237.0,0.050121261115602264,0.03653940495335368,0.056882997094004746,0.0772265892346558,False,True,True,True,True
2025-01-09 00:00:00,PRD-A,55.0,1242.0,0.04428341384863124,0.036580395509085234,0.056882997094004746,0.07718559867892426,False,False,True,True,True
2025-01-09 08:00:00,PRD-A,52.0,1248.0,0.041666666666666664,0.03662925864030204,0.056882997094004746,0.07713673554770745,False,False,True,True,True
2025-01-09 16:00:00,PRD-A,83.0,1229.0,0.06753458096013018,0.03647330049923999,0.056882997094004746,0.07729269368876951,False,False,False,False,False
2025-01-10 00:00:00,PRD-A,39.0,1214.0,0.03212520593080725,0.036347598038454096,0.056882997094004746,0.0774183961495554,True,True,False,False,True
2025-01-10 08:00:00,PRD-A,49.0,1243.0,0.039420756234915526,0.036588563926871064,0.056882997094004746,0.07717743026113844,False,True,True,False,True
2025-01-10 16:00:00,PRD-A,88.0,1181.0,0.07451312447078746,0.036062670327991715,0.056882997094004746,0.07770332386001777,False,True,False,False,True
2025-01-17 00:00:00,PRD-A,43.0,1192.0,0.03607382550335571,0.036158959931477885,0.056882997094004746,0.0776070342565316,True,True,False,False,True
2025-01-17 08:00:00,PRD-A,58.0,1288.0,0.04503105590062112,0.036946238115271014,0.056882997094004746,0.07681975607273847,False,False,True,False,True
2025-01-17 16:00:00,PRD-A,81.0,1236.0,0.06553398058252427,0.03653117700877434,0.056882997094004746,0.07723481717923515,False,False,False,False,False
2025-01-18 00:00:00,PRD-A,54.0,1259.0,0.04289118347895155,0.03671793214993367,0.056882997094004746,0.07704806203807582,False,False,False,False,False
2025-01-18 08:00:00,PRD-A,49.0,1247.0,0.03929430633520449,0.03662113928200689,0.056882997094004746,0.0771448549060026,False,True,True,False,True
2025-01-18 16:00:00,PRD-A,86.0,1205.0,0.07136929460580912,0.03627105248770553,0.056882997094004746,0.07749494170030397,False,True,False,False,True
2025-01-25 00:00:00,PRD-A,56.0,1233.0,0.0454176804541768,0.03650643314542893,0.056882997094004746,0.07725956104258055,False,False,False,False,False
2025-01-25 08:00:00,PRD-A,55.0,1246.0,0.044141252006420544,0.03661301015116347,0.056882997094004746,0.07715298403684602,False,False,True,False,True
2025-01-25 16:00:00,PRD-A,90.0,1170.0,0.07692307692307693,0.035965025966103056,0.056882997094004746,0.07780096822190644,False,False,False,False,False
2025-01-26 00:00:00,PRD-A,59.0,1202.0,0.04908485856905158,0.03624534645659007,0.056882997094004746,0.07752064773141942,False,False,False,False,False
2025-01-26 08:00:00,PRD-A,81.0,1284.0,0.0630841121495327,0.03691520812142933,0.056882997094004746,0.07685078606658016,False,False,False,False,False
2025-01-26 16:00:00,PRD-A,72.0,835.0,0.08622754491017964,0.03212193596329765,0.056882997094004746,0.08164405822471185,True,False,False,False,True
2025-02-02 00:00:00,PRD-A,24.0,1264.0,0.0189873417721519,0.03675785510523677,0.056882997094004746,0.07700813908277272,True,False,False,False,True
2025-02-02 08:00:00,PRD-A,37.0,1317.0,0.02809415337889142,0.03716696108741244,0.056882997094004746,0.07659903310059706,True,True,False,False,True
2025-02-02 16:00:00,PRD-A,38.0,1262.0,0.030110935023771792,0.036741914396211744,0.056882997094004746,0.07702407979179775,True,True,False,False,True
2025-02-03 00:00:00,PRD-A,38.0,1310.0,0.02900763358778626,0.03711435483722928,0.056882997094004746,0.0766516393507802,True,True,True,False,True
2025-02-03 08:00:00,PRD-A,39.0,1285.0,0.030350194552529183,0.03692297920130044,0.056882997094004746,0.07684301498670905,True,True,True,False,True
2025-02-03 16:00:00,PRD-A,51.0,1259.0,0.04050833995234313,0.03671793214993367,0.056882997094004746,0.07704806203807582,False,True,True,False,True
2025-02-10 00:00:00,PRD-A,36.0,1257.0,0.028639618138424822,0.036701896310465804,0.056882997094004746,0.07706409787754369,True,True,True,False,True
2025-02-10 08:00:00,PRD-A,66.0,1331.0,0.049586776859504134,0.037270925843692994,0.056882997094004746,0.07649506834431649,False,True,True,True,True
2025-02-10 16:00:00,PRD-A,44.0,1253.0,0.035115722266560255,0.03666970952640365,0.056882997094004746,0.07709628466160584,True,True,True,True,True
2025-02-11 00:00:00,PRD-A,40.0,1270.0,0.031496062992125984,0.03680545109300948,0.056882997094004746,0.07696054309500001,True,True,True,True,True
2025-02-11 08:00:00,PRD-A,84.0,1335.0,0.06292134831460675,0.03730032926540118,0.056882997094004746,0.07646566492260831,False,True,True,False,True
2025-02-11 16:00:00,PRD-A,46.0,1248.0,0.03685897435897436,0.03662925864030204,0.056882997094004746,0.07713673554770745,False,True,True,False,True
2025-02-18 00:00:00,PRD-A,85.0,1162.0,0.07314974182444062,0.035893142691953414,0.056882997094004746,0.07787285149605608,False,False,False,False,False
2025-02-18 08:00:00,PRD-A,150.0,1217.0,0.12325390304026294,0.036372924336751024,0.056882997094004746,0.07739306985125846,True,True,False,False,True
2025-02-18 16:00:00,PRD-A,199.0,1125.0,0.1768888888888889,0.0355507685008165,0.056882997094004746,0.078215225687193,True,True,False,False,True
2025-02-19 00:00:00,PRD-A,189.0,1190.0,0.1588235294117647,0.036141552085348895,0.056882997094004746,0.07762444210266059,True,True,True,False,True
2025-02-19 08:00:00,PRD-A,177.0,1190.0,0.14873949579831933,0.036141552085348895,0.056882997094004746,0.07762444210266059,True,True,True,False,True
2025-02-19 16:00:00,PRD-A,199.0,864.0,0.23032407407407407,0.0325410329224508,0.056882997094004746,0.0812249612655587,True,True,True,False,True
2025-02-26 00:00:00,PRD-A,79.0,1196.0,0.06605351170568562,0.03619364453681191,0.056882997094004746,0.07757234965119758,False,True,True,False,True
2025-02-26 08:00:00,PRD-A,74.0,1234.0,0.059967585089141004,0.03651469112507855,0.056882997094004746,0.07725130306293095,False,False,True,True,True
2025-02-26 16:00:00,PRD-A,119.0,1081.0,0.11008325624421832,0.03512095514494068,0.056882997094004746,0.07864503904306881,True,False,True,True,True
2025-02-27 00:00:00,PRD-A,51.0,834.0,0.06115107913669065,0.03210709564963049,0.056882997094004746,0.081658898538379,False,False,False,True,True
2025-02-27 08:00:00,PRD-A,50.0,1338.0,0.03736920777279522,0.03732229524856652,0.056882997094004746,0.07644369893944297,False,False,False,False,False
2025-02-27 16:00:00,PRD-A,47.0,1201.0,0.03913405495420483,0.03623675638311199,0.056882997094004746,0.07752923780489751,False,True,False,False,True
2025-03-06 00:00:00,PRD-A,37.0,1065.0,0.03474178403755868,0.0349580938127358,0.056882997094004746,0.07880790037527369,True,True,False,False,True
2025-03-06 08:00:00,PRD-A,25.0,1262.0,0.019809825673534072,0.036741914396211744,0.056882997094004746,0.07702407979179775,True,True,True,False,True
2025-03-06 16:00:00,PRD-A,60.0,1276.0,0.047021943573667714,0.03685271097651982,0.056882997094004746,0.07691328321148967,False,True,True,False,True
2025-03-07 00:00:00,PRD-A,33.0,1247.0,0.026463512429831595,0.03662113928200689,0.056882997094004746,0.0771448549060026,True,True,True,False,True
2025-03-07 08:00:00,PRD-A,37.0,1214.0,0.030477759472817133,0.036347598038454096,0.056882997094004746,0.0774183961495554,True,True,True,False,True
2025-03-07 16:00:00,PRD-A,49.0,1296.0,0.03780864197530864,0.03700786657486574,0.056882997094004746,0.07675812761314375,False,True,True,True,True
2025-03-14 00:00:00,PRD-A,65.0,1170.0,0.05555555555555555,0.035965025966103056,0.056882997094004746,0.07780096822190644,False,True,True,True,True
2025-03-14 08:00:00,PRD-A,80.0,1155.0,0.06926406926406926,0.03582963315376857,0.056882997094004746,0.07793636103424093,False,False,False,False,False
2025-03-14 16:00:00,PRD-A,111.0,1077.0,0.10306406685236769,0.03508058026431271,0.056882997094004746,0.07868541392369678,True,False,False,False,True
2025-03-15 00:00:00,PRD-A,78.0,956.0,0.08158995815899582,0.033741921343982975,0.056882997094004746,0.08002407284402652,True,True,False,False,True
2025-03-15 08:00:00,PRD-A,70.0,1379.0,0.050761421319796954,0.03761527573981312,0.056882997094004746,0.07615071844819638,False,True,False,False,True
2025-03-15 16:00:00,PRD-A,54.0,1298.0,0.04160246533127889,0.03702318459680927,0.056882997094004746,0.07674280959120022,False,False,False,False,False
2025-03-22 00:00:00,PRD-A,60.0,814.0,0.07371007371007371,0.03180457038303761,0.056882997094004746,0.08196142380497187,False,False,False,False,False
2025-03-22 08:00:00,PRD-A,26.0,1003.0,0.0259222333000997,0.0342906150446049,0.056882997094004746,0.07947537914340459,True,True,False,False,True
2025-03-22 16:00:00,PRD-A,41.0,1288.0,0.03183229813664596,0.036946238115271014,0.056882997094004746,0.07681975607273847,True,True,False,False,True
2025-03-23 00:00:00,PRD-A,17.0,1318.0,0.012898330804248861,0.03717444203475312,0.056882997094004746,0.07659155215325637,True,True,True,False,True
2025-03-23 08:00:00,PRD-A,31.0,1313.0,0.02361005331302361,0.03713695188282044,0.056882997094004746,0.07662904230518905,True,True,True,False,True
2025-03-23 16:00:00,PRD-A,35.0,1292.0,0.027089783281733747,0.036977123895209005,0.056882997094004746,0.07678887029280049,True,True,True,False,True
2025-03-30 00:00:00,PRD-A,56.0,1193.0,0.04694048616932104,0.03616764743433816,0.056882997094004746,0.07759834675367133,False,True,True,False,True
2025-03-30 08:00:00,PRD-A,65.0,1192.0,0.05453020134228188,0.036158959931477885,0.056882997094004746,0.0776070342565316,False,False,True,False,True
2025-03-30 16:00:00,PRD-A,106.0,1213.0,0.08738664468260511,0.03633913506712613,0.056882997094004746,0.07742685912088336,True,False,False,False,True
2025-03-31 00:00:00,PRD-A,65.0,1218.0,0.053366174055829226,0.03638134563571299,0.056882997094004746,0.0773846485522965,False,False,False,False,False
2025-03-31 08:00:00,PRD-A,37.0,817.0,0.04528763769889841,0.031850656351619266,0.056882997094004746,0.08191533783639023,False,False,False,False,False
2025-03-31 16:00:00,PRD-A,39.0,1325.0,0.02943396226415094,0.037226571310033055,0.056882997094004746,0.07653942287797644,True,False,False,False,True
2025-04-07 00:00:00,PRD-A,68.0,1194.0,0.05695142378559464,0.036176324020963664,0.056882997094004746,0.07758967016704582,False,False,False,False,False
2025-04-07 08:00:00,PRD-A,70.0,1249.0,0.05604483586869496,0.0366373682456136,0.056882997094004746,0.07712862594239589,False,False,False,False,False
2025-04-07 16:00:00,PRD-A,67.0,1189.0,0.056349873843566024,0.03613283169605941,0.056882997094004746,0.07763316249195008,False,False,False,False,False
2025-04-08 00:00:00,PRD-A,59.0,1214.0,0.048599670510708404,0.036347598038454096,0.056882997094004746,0.0774183961495554,False,False,False,False,False
2025-04-08 08:00:00,PRD-A,72.0,1230.0,0.05853658536585366,0.036481598810863665,0.056882997094004746,0.07728439537714582,False,False,False,False,False
2025-04-08 16:00:00,PRD-A,104.0,1162.0,0.08950086058519793,0.035893142691953414,0.056882997094004746,0.07787285149605608,True,False,False,False,True
2025-04-15 00:00:00,PRD-A,55.0,1193.0,0.04610226320201174,0.03616764743433816,0.056882997094004746,0.07759834675367133,False,False,False,False,False
2025-04-15 08:00:00,PRD-A,49.0,1241.0,0.0394842868654311,0.036572217220098985,0.056882997094004746,0.07719377696791051,False,False,False,False,False
2025-04-15 16:00:00,PRD-A,83.0,1191.0,0.06968933669185558,0.03615026148947366,0.056882997094004746,0.07761573269853583,False,False,False,False,False
2025-04-16 00:00:00,PRD-A,77.0,1180.0,0.06525423728813559,0.036053850023945976,0.056882997094004746,0.07771214416406352,False,False,False,False,False
2025-04-16 08:00:00,PRD-A,78.0,1249.0,0.06244995996797438,0.0366373682456136,0.056882997094004746,0.07712862594239589,False,False,False,False,False
2025-04-16 16:00:00,PRD-A,96.0,1177.0,0.08156329651656755,0.036027321700220986,0.056882997094004746,0.07773867248778851,True,False,False,False,True
2025-04-23 00:00:00,PRD-A,59.0,1180.0,0.05,0.036053850023945976,0.056882997094004746,0.07771214416406352,False,False,False,False,False
2025-04-23 08:00:00,PRD-A,74.0,1182.0,0.06260575296108291,0.03607147943638943,0.056882997094004746,0.07769451475162006,False,False,False,False,False
2025-04-23 16:00:00,PRD-A,70.0,847.0,0.08264462809917356,0.03229796469622152,0.056882997094004746,0.08146802949178797,True,False,False,False,True
2025-04-24 00:00:00,PRD-A,31.0,1314.0,0.02359208523592085,0.03714446702874865,0.056882997094004746,0.07662152715926085,True,False,False,False,True
2025-04-24 08:00:00,PRD-A,31.0,1324.0,0.023413897280966767,0.03721914958963117,0.056882997094004746,0.07654684459837832,True,True,False,False,True
2025-04-24 16:00:00,PRD-A,53.0,1291.0,0.041053446940356314,0.03696941590917035,0.056882997094004746,0.07679657827883915,False,True,False,False,True
2025-05-01 00:00:00,PRD-A,55.0,1028.0,0.053501945525291826,0.034567018673905284,0.056882997094004746,0.07919897551410421,False,True,False,False,True
2025-05-01 08:00:00,PRD-A,88.0,1266.0,0.06951026856240126,0.03677375802513534,0.056882997094004746,0.07699223616287415,False,False,False,False,False
2025-05-01 16:00:00,PRD-A,112.0,1240.0,0.09032258064516129,0.03656402904001473,0.056882997094004746,0.07720196514799477,True,False,False,False,True
2025-05-02 00:00:00,PRD-A,67.0,1239.0,0.05407586763518967,0.03655583094887867,0.056882997094004746,0.07721016323913082,False,False,False,False,False
2025-05-02 08:00:00,PRD-A,96.0,1292.0,0.07430340557275542,0.036977123895209005,0.056882997094004746,0.07678887029280049,False,True,False,False,True
2025-05-02 16:00:00,PRD-A,122.0,1214.0,0.10049423393739704,0.036347598038454096,0.056882997094004746,0.0774183961495554,True,True,True,False,True
2025-05-09 00:00:00,PRD-A,41.0,1254.0,0.03269537480063796,0.03667777065835638,0.056882997094004746,0.07708822352965311,True,True,False,False,True
2025-05-09 08:00:00,PRD-A,48.0,1228.0,0.03908794788273615,0.036464992053304654,0.056882997094004746,0.07730100213470484,False,True,False,False,True
2025-05-09 16:00:00,PRD-A,50.0,1255.0,0.0398406374501992,0.03668582215356973,0.056882997094004746,0.07708017203443976,False,True,False,False,True
2025-05-10 00:00:00,PRD-A,68.0,1331.0,0.05108940646130729,0.037270925843692994,0.056882997094004746,0.07649506834431649,False,True,False,False,True
2025-05-10 08:00:00,PRD-A,49.0,1262.0,0.03882725832012678,0.036741914396211744,0.056882997094004746,0.07702407979179775,False,True,True,False,True
2025-05-10 16:00:00,PRD-A,75.0,1180.0,0.0635593220338983,0.036053850023945976,0.056882997094004746,0.07771214416406352,False,False,False,False,False
2025-05-17 00:00:00,PRD-A,47.0,1246.0,0.0377207062600321,0.03661301015116347,0.056882997094004746,0.07715298403684602,False,True,False,False,True
2025-05-17 08:00:00,PRD-A,40.0,1240.0,0.03225806451612903,0.03656402904001473,0.056882997094004746,0.07720196514799477,True,True,False,False,True
2025-05-17 16:00:00,PRD-A,60.0,1225.0,0.04897959183673469,0.03644000570289034,0.056882997094004746,0.07732598848511915,False,True,True,False,True
2025-05-18 00:00:00,PRD-A,41.0,1227.0,0.03341483292583537,0.03645667345241331,0.056882997094004746,0.07730932073559618,True,True,True,False,True
2025-05-18 08:00:00,PRD-A,52.0,1273.0,0.0408483896307934,0.0368291228002004,0.056882997094004746,0.0769368713878091,False,True,True,False,True
2025-05-18 16:00:00,PRD-A,69.0,1182.0,0.0583756345177665,0.03607147943638943,0.056882997094004746,0.07769451475162006,False,True,True,False,True
2025-05-25 00:00:00,PRD-A,43.0,1326.0,0.032428355957767725,0.03723398463323995,0.056882997094004746,0.07653200955476955,True,True,True,False,True
2025-05-25 08:00:00,PRD-A,42.0,1375.0,0.030545454545454546,0.037587270316087544,0.056882997094004746,0.07617872387192196,True,True,True,False,True
2025-05-25 16:00:00,PRD-A,44.0,1292.0,0.034055727554179564,0.036977123895209005,0.056882997094004746,0.07678887029280049,True,True,True,False,True
2025-05-26 00:00:00,PRD-A,29.0,1325.0,0.02188679245283019,0.037226571310033055,0.056882997094004746,0.07653942287797644,True,True,True,False,True
2025-05-26 08:00:00,PRD-A,48.0,1348.0,0.03560830860534125,0.03739498484166076,0.056882997094004746,0.07637100934634873,True,True,True,False,True
2025-05-26 16:00:00,PRD-A,42.0,1265.0,0.03320158102766799,0.036765811279490676,0.056882997094004746,0.07700018290851882,True,True,True,False,True
2025-06-02 00:00:00,PRD-A,35.0,1253.0,0.027932960893854747,0.03666970952640365,0.056882997094004746,0.07709628466160584,True,True,True,False,True
2025-06-02 08:00:00,PRD-A,55.0,1256.0,0.04378980891719745,0.03669386403122894,0.056882997094004746,0.07707213015678055,False,True,True,True,True
2025-06-02 16:00:00,PRD-A,69.0,1218.0,0.05665024630541872,0.03638134563571299,0.056882997094004746,0.0773846485522965,False,False,True,True,True
2025-06-03 00:00:00,PRD-A,48.0,1272.0,0.03773584905660377,0.03682124153666415,0.056882997094004746,0.07694475265134534,False,False,True,True,True
2025-06-03 08:00:00,PRD-A,60.0,1297.0,0.04626060138781804,0.03701553001471845,0.056882997094004746,0.07675046417329104,False,False,True,True,True
2025-06-03 16:00:00,PRD-A,84.0,1119.0,0.07506702412868632,0.03549365399808183,0.056882997094004746,0.07827234018992765,False,False,False,False,False
2025-06-10 00:00:00,PRD-A,53.0,1236.0,0.04288025889967637,0.03653117700877434,0.056882997094004746,0.07723481717923515,False,False,False,False,False
2025-06-10 08:00:00,PRD-A,54.0,1291.0,0.041828040278853604,0.03696941590917035,0.056882997094004746,0.07679657827883915,False,True,True,False,True
2025-06-10 16:00:00,PRD-A,54.0,1221.0,0.044226044226044224,0.036406547429453526,0.056882997094004746,0.07735944675855597,False,True,True,False,True
2025-06-11 00:00:00,PRD-A,50.0,1308.0,0.0382262996941896,0.037099246969333095,0.056882997094004746,0.07666674721867639,False,True,True,False,True
2025-06-11 08:00:00,PRD-A,53.0,1237.0,0.04284559417946645,0.03653940495335368,0.056882997094004746,0.0772265892346558,False,True,True,False,True
2025-06-11 16:00:00,PRD-A,76.0,1206.0,0.06301824212271974,0.03627959984225356,0.056882997094004746,0.07748639434575594,False,True,True,False,True
2025-06-18 00:00:00,PRD-A,48.0,1234.0,0.03889789303079417,0.03651469112507855,0.056882997094004746,0.07725130306293095,False,True,True,False,True
2025-06-18 08:00:00,PRD-A,44.0,1299.0,0.03387220939183987,0.037030830338188755,0.056882997094004746,0.07673516384982074,True,True,True,False,True
2025-06-18 16:00:00,PRD-A,67.0,1261.0,0.05313243457573354,0.036733929823966366,0.056882997094004746,0.07703206436404313,False,True,False,False,True
2025-06-19 00:00:00,PRD-A,53.0,1244.0,0.04260450160771704,0.0365967224932981,0.056882997094004746,0.07716927169471138,False,True,False,False,True
2025-06-19 08:00:00,PRD-A,52.0,1234.0,0.04213938411669368,0.03651469112507855,0.056882997094004746,0.07725130306293095,False,True,True,False,True
2025-06-19 16:00:00,PRD-A,75.0,1267.0,0.05919494869771113,0.036781695360778625,0.056882997094004746,0.07698429882723087,False,True,False,False,True
2025-06-26 00:00:00,PRD-A,33.0,754.0,0.04376657824933687,0.030825852845755633,0.056882997094004746,0.08294014134225386,False,False,False,False,False
2025-06-26 08:00:00,PRD-A,29.0,1313.0,0.022086824067022087,0.03713695188282044,0.056882997094004746,0.07662904230518905,True,False,True,False,True
2025-06-26 16:00:00,PRD-A,40.0,1246.0,0.03210272873194221,0.03661301015116347,0.056882997094004746,0.07715298403684602,True,True,True,False,True
2025-06-27 00:00:00,PRD-A,36.0,1312.0,0.027439024390243903,0.03712942814651725,0.056882997094004746,0.07663656604149224,True,True,True,False,True
2025-06-27 08:00:00,PRD-A,57.0,1330.0,0.04285714285714286,0.037263554269950136,0.056882997094004746,0.07650243991805936,False,True,True,False,True
2025-06-27 16:00:00,PRD-A,52.0,1266.0,0.04107424960505529,0.03677375802513534,0.056882997094004746,0.07699223616287415,False,True,True,False,True
2024-01-05 00:00:00,PRD-A,60.0,1228.0,0.048859934853420196,0.036464992053304654,0.056882997094004746,0.07730100213470484,False,True,True,False,True
2024-01-05 08:00:00,PRD-A,48.0,1303.0,0.03683806600153492,0.03706132523600075,0.056882997094004746,0.07670466895200874,True,True,True,True,True
2024-01-05 16:00:00,PRD-A,88.0,1223.0,0.07195421095666395,0.03642329708433388,0.056882997094004746,0.07734269710367561,False,False,True,False,True
2024-01-06 00:00:00,PRD-A,57.0,1282.0,0.044461778471138844,0.03689963869296432,0.056882997094004746,0.07686635549504517,False,False,True,False,True
2024-01-06 08:00:00,PRD-A,53.0,1236.0,0.04288025889967637,0.03653117700877434,0.056882997094004746,0.07723481717923515,False,False,True,False,True
2024-01-06 16:00:00,PRD-A,87.0,1192.0,0.07298657718120806,0.036158959931477885,0.056882997094004746,0.0776070342565316,False,False,False,False,False
2024-01-13 00:00:00,PRD-A,70.0,1212.0,0.057755775577557754,0.03633066162398304,0.056882997094004746,0.07743533256402646,False,False,False,False,False
2024-01-13 08:00:00,PRD-A,47.0,1240.0,0.03790322580645161,0.03656402904001473,0.056882997094004746,0.07720196514799477,False,False,False,False,False
2024-01-13 16:00:00,PRD-A,107.0,1230.0,0.08699186991869919,0.036481598810863665,0.056882997094004746,0.07728439537714582,True,False,False,False,True
2024-01-14 00:00:00,PRD-A,77.0,1265.0,0.06086956521739131,0.036765811279490676,0.056882997094004746,0.07700018290851882,False,False,False,False,False
2024-01-14 08:00:00,PRD-A,64.0,982.0,0.06517311608961303,0.03405032465741106,0.056882997094004746,0.07971566953059843,False,False,False,False,False
2024-01-14 16:00:00,PRD-A,45.0,1233.0,0.0364963503649635,0.03650643314542893,0.056882997094004746,0.07725956104258055,True,False,False,False,True
2024-01-21 00:00:00,PRD-A,104.0,1160.0,0.0896551724137931,0.0358750557826068,0.056882997094004746,0.07789093840540269,True,False,False,False,True
2024-01-21 08:00:00,PRD-A,83.0,1221.0,0.06797706797706797,0.036406547429453526,0.056882997094004746,0.07735944675855597,False,False,False,False,False
2024-01-21 16:00:00,PRD-A,99.0,1153.0,0.08586296617519515,0.03581138142607525,0.056882997094004746,0.07795461276193424,True,True,True,False,True
2024-01-22 00:00:00,PRD-A,76.0,1224.0,0.06209150326797386,0.03643165651267453,0.056882997094004746,0.07733433767533496,False,False,False,False,False
2024-01-22 08:00:00,PRD-A,74.0,1194.0,0.06197654941373534,0.036176324020963664,0.056882997094004746,0.07758967016704582,False,False,False,False,False
2024-01-22 16:00:00,PRD-A,125.0,1130.0,0.11061946902654868,0.035598016019717155,0.056882997094004746,0.07816797816829234,True,False,False,False,True
2024-01-29 00:00:00,PRD-A,76.0,1161.0,0.06546080964685616,0.03588410507930554,0.056882997094004746,0.07788188910870394,False,False,False,False,False
2024-01-29 08:00:00,PRD-A,77.0,1228.0,0.06270358306188925,0.036464992053304654,0.056882997094004746,0.07730100213470484,False,False,False,True,True
2024-01-29 16:00:00,PRD-A,110.0,1194.0,0.09212730318257957,0.036176324020963664,0.056882997094004746,0.07758967016704582,True,False,False,True,True
2024-01-30 00:00:00,PRD-A,105.0,1226.0,0.08564437194127243,0.03644834467586268,0.056882997094004746,0.07731764951214681,True,True,True,True,True
2024-01-30 08:00:00,PRD-A,92.0,1183.0,0.07776838546069316,0.03608027737280356,0.056882997094004746,0.07768571681520593,True,True,True,True,True
2024-01-30 16:00:00,PRD-A,117.0,1205.0,0.0970954356846473,0.03627105248770553,0.056882997094004746,0.07749494170030397,True,True,True,True,True
2024-02-06 00:00:00,PRD-A,75.0,1234.0,0.060777957860615885,0.03651469112507855,0.056882997094004746,0.07725130306293095,False,True,True,True,True
2024-02-06 08:00:00,PRD-A,73.0,1257.0,0.05807478122513922,0.036701896310465804,0.056882997094004746,0.07706409787754369,False,False,False,True,True
2024-02-06 16:00:00,PRD-A,88.0,1203.0,0.07315045719035744,0.03625392581702626,0.056882997094004746,0.07751206837098323,False,False,False,True,True
2024-02-07 00:00:00,PRD-A,89.0,1262.0,0.0705229793977813,0.036741914396211744,0.056882997094004746,0.07702407979179775,False,True,False,True,True
2024-02-07 08:00:00,PRD-A,93.0,1211.0,0.07679603633360858,0.03632217768741115,0.056882997094004746,0.07744381650059834,False,True,False,True,True
2024-02-07 16:00:00,PRD-A,70.0,723.0,0.09681881051175657,0.03027309102962252,0.056882997094004746,0.08349290315838698,True,True,True,True,True
2024-02-14 00:00:00,PRD-A,45.0,1215.0,0.037037037037037035,0.03635605055951831,0.056882997094004746,0.07740994362849118,False,True,True,False,True
2024-02-14 08:00:00,PRD-A,47.0,1259.0,0.03733121525019857,0.03671793214993367,0.056882997094004746,0.07704806203807582,False,True,False,False,True
2024-02-14 16:00:00,PRD-A,82.0,1238.0,0.06623586429725363,0.03654762292668058,0.056882997094004746,0.07721837126132891,False,True,False,False,True
2024-02-15 00:00:00,PRD-A,64.0,1266.0,0.05055292259083728,0.03677375802513534,0.056882997094004746,0.07699223616287415,False,False,False,False,False
2024-02-15 08:00:00,PRD-A,56.0,1209.0,0.04631927212572374,0.03630517824721366,0.056882997094004746,0.07746081594079583,False,False,False,False,False
2024-02-15 16:00:00,PRD-A,79.0,1241.0,0.06365834004834811,0.036572217220098985,0.056882997094004746,0.07719377696791051,False,False,False,False,False
2024-02-22 00:00:00,PRD-A,49.0,1215.0,0.040329218106995884,0.03635605055951831,0.056882997094004746,0.07740994362849118,False,False,False,False,False
2024-02-22 08:00:00,PRD-A,63.0,1210.0,0.05206611570247934,0.036313683235734334,0.056882997094004746,0.07745231095227516,False,False,False,False,False
2024-02-22 16:00:00,PRD-A,76.0,1192.0,0.06375838926174497,0.036158959931477885,0.056882997094004746,0.0776070342565316,False,False,False,False,False
2024-02-23 00:00:00,PRD-A,48.0,1218.0,0.03940886699507389,0.03638134563571299,0.056882997094004746,0.0773846485522965,False,False,False,False,False
2024-02-23 08:00:00,PRD-A,44.0,1258.0,0.034976152623211444,0.036709919010358874,0.056882997094004746,0.07705607517765062,True,True,False,False,True
2024-02-23 16:00:00,PRD-A,88.0,1225.0,0.07183673469387755,0.03644000570289034,0.056882997094004746,0.07732598848511915,False,True,False,False,True
2024-03-01 00:00:00,PRD-A,47.0,1246.0,0.0377207062600321,0.03661301015116347,0.056882997094004746,0.07715298403684602,False,True,False,False,True
2024-03-01 08:00:00,PRD-A,69.0,1231.0,0.056051990251827784,0.03648988700876133,0.056882997094004746,0.07727610717924815,False,False,False,False,False
2024-03-01 16:00:00,PRD-A,71.0,1225.0,0.05795918367346939,0.03644000570289034,0.056882997094004746,0.07732598848511915,False,False,False,False,False
2024-03-02 00:00:00,PRD-A,60.0,1235.0,0.048582995951417005,0.03652293907276191,0.056882997094004746,0.07724305511524758,False,False,False,False,False
2024-03-02 08:00:00,PRD-A,53.0,1250.0,0.0424,0.03664546811745145,0.056882997094004746,0.07712052607055804,False,False,False,False,False
2024-03-02 16:00:00,PRD-A,67.0,1195.0,0.05606694560669456,0.03618498971419651,0.056882997094004746,0.07758100447381298,False,False,False,False,False
2024-03-09 00:00:00,PRD-A,103.0,1222.0,0.08428805237315876,0.03641492739692727,0.056882997094004746,0.07735106679108222,True,False,False,False,True
2024-03-09 08:00:00,PRD-A,113.0,1244.0,0.09083601286173633,0.0365967224932981,0.056882997094004746,0.07716927169471138,True,True,False,False,True
2024-03-09 16:00:00,PRD-A,148.0,1227.0,0.12061939690301549,0.03645667345241331,0.056882997094004746,0.07730932073559618,True,True,False,False,True
2024-03-10 00:00:00,PRD-A,95.0,1190.0,0.07983193277310924,0.036141552085348895,0.056882997094004746,0.07762444210266059,True,True,True,False,True
2024-03-10 08:00:00,PRD-A,113.0,1237.0,0.09135004042037187,0.03653940495335368,0.056882997094004746,0.0772265892346558,True,True,True,False,True
2024-03-10 16:00:00,PRD-A,135.0,1074.0,0.12569832402234637,0.03505015119600907,0.056882997094004746,0.07871584299200042,True,True,True,False,True
2024-03-17 00:00:00,PRD-A,70.0,1261.0,0.05551149881046788,0.036733929823966366,0.056882997094004746,0.07703206436404313,False,True,True,False,True
2024-03-17 08:00:00,PRD-A,77.0,1319.0,0.058377558756633814,0.03718191447295887,0.056882997094004746,0.07658407971505063,False,False,False,False,False
2024-03-17 16:00:00,PRD-A,102.0,1189.0,0.08578637510513036,0.03613283169605941,0.056882997094004746,0.07763316249195008,True,False,False,False,True
2024-03-18 00:00:00,PRD-A,62.0,1231.0,0.050365556458164096,0.03648988700876133,0.056882997094004746,0.07727610717924815,False,False,False,False,False
2024-03-18 08:00:00,PRD-A,79.0,1248.0,0.06330128205128205,0.03662925864030204,0.056882997094004746,0.07713673554770745,False,False,False,False,False
2024-03-18 16:00:00,PRD-A,85.0,1220.0,0.06967213114754098,0.03639815716085125,0.056882997094004746,0.07736783702715824,False,False,False,False,False
2024-03-25 00:00:00,PRD-A,58.0,1209.0,0.04797353184449959,0.03630517824721366,0.056882997094004746,0.07746081594079583,False,False,False,False,False
2024-03-25 08:00:00,PRD-A,56.0,1289.0,0.04344453064391001,0.03695397303660142,0.056882997094004746,0.07681202115140807,False,False,False,False,False
2024-03-25 16:00:00,PRD-A,78.0,1266.0,0.061611374407582936,0.03677375802513534,0.056882997094004746,0.07699223616287415,False,False,False,False,False
2024-03-26 00:00:00,PRD-A,72.0,1241.0,0.05801772763900081,0.036572217220098985,0.056882997094004746,0.07719377696791051,False,False,False,False,False
2024-03-26 08:00:00,PRD-A,63.0,1280.0,0.04921875,0.03688403278789077,0.056882997094004746,0.07688196140011871,False,False,False,False,False
2024-03-26 16:00:00,PRD-A,68.0,1186.0,0.05733558178752108,0.03610660438574098,0.056882997094004746,0.07765938980226851,False,False,False,False,False
2024-04-02 00:00:00,PRD-A,59.0,1239.0,0.047619047619047616,0.03655583094887867,0.056882997094004746,0.07721016323913082,False,False,False,False,False
2024-04-02 08:00:00,PRD-A,71.0,1248.0,0.05689102564102564,0.03662925864030204,0.056882997094004746,0.07713673554770745,False,False,False,False,False
2024-04-02 16:00:00,PRD-A,84.0,1194.0,0.07035175879396985,0.036176324020963664,0.056882997094004746,0.07758967016704582,False,False,False,False,False
2024-04-03 00:00:00,PRD-A,71.0,1278.0,0.05555555555555555,0.036868390263554686,0.056882997094004746,0.0768976039244548,False,False,False,False,False
2024-04-03 08:00:00,PRD-A,77.0,1251.0,0.06155075939248601,0.036653558275270864,0.056882997094004746,0.07711243591273863,False,False,False,False,False
2024-04-03 16:00:00,PRD-A,70.0,929.0,0.07534983853606028,0.03340804940858487,0.056882997094004746,0.08035794477942462,False,False,False,False,False
2024-04-10 00:00:00,PRD-A,66.0,1287.0,0.05128205128205128,0.036938494180631054,0.056882997094004746,0.07682750000737844,False,False,False,False,False
2024-04-10 08:00:00,PRD-A,41.0,1247.0,0.03287890938251804,0.03662113928200689,0.056882997094004746,0.0771448549060026,True,False,False,False,True
2024-04-10 16:00:00,PRD-A,75.0,1203.0,0.06234413965087282,0.03625392581702626,0.056882997094004746,0.07751206837098323,False,False,False,False,False
2024-04-11 00:00:00,PRD-A,48.0,1307.0,0.036725325172149964,0.03709168003460443,0.056882997094004746,0.07667431415340506,True,True,False,False,True
2024-04-11 08:00:00,PRD-A,41.0,1227.0,0.03341483292583537,0.03645667345241331,0.056882997094004746,0.07730932073559618,True,True,False,False,True
2024-04-11 16:00:00,PRD-A,65.0,1233.0,0.05271695052716951,0.03650643314542893,0.056882997094004746,0.07725956104258055,False,True,False,False,True
2024-04-18 00:00:00,PRD-A,67.0,1237.0,0.054163298302344384,0.03653940495335368,0.056882997094004746,0.0772265892346558,False,False,False,False,False
2024-04-18 08:00:00,PRD-A,74.0,1292.0,0.05727554179566564,0.036977123895209005,0.056882997094004746,0.07678887029280049,False,False,False,False,False
2024-04-18 16:00:00,PRD-A,95.0,1231.0,0.07717303005686434,0.03648988700876133,0.056882997094004746,0.07727610717924815,False,False,False,False,False
2024-04-19 00:00:00,PRD-A,75.0,1218.0,0.06157635467980296,0.03638134563571299,0.056882997094004746,0.0773846485522965,False,False,False,False,False
2024-04-19 08:00:00,PRD-A,78.0,1193.0,0.06538139145012574,0.03616764743433816,0.056882997094004746,0.07759834675367133,False,False,False,False,False
2024-04-19 16:00:00,PRD-A,115.0,1226.0,0.09380097879282219,0.03644834467586268,0.056882997094004746,0.07731764951214681,True,False,False,False,True
2024-04-26 00:00:00,PRD-A,40.0,1246.0,0.03210272873194221,0.03661301015116347,0.056882997094004746,0.07715298403684602,True,False,False,False,True
2024-04-26 08:00:00,PRD-A,47.0,1206.0,0.03897180762852405,0.03627959984225356,0.056882997094004746,0.07748639434575594,False,True,False,False,True
2024-04-26 16:00:00,PRD-A,88.0,1167.0,0.07540702656383891,0.035938156371047164,0.056882997094004746,0.07782783781696233,False,True,False,False,True
2024-04-27 00:00:00,PRD-A,56.0,1138.0,0.0492091388400703,0.035672963368891905,0.056882997094004746,0.07809303081911759,False,False,False,False,False
2024-04-27 08:00:00,PRD-A,60.0,1274.0,0.04709576138147567,0.03683699478256212,0.056882997094004746,0.07692899940544737,False,False,True,False,True
2024-04-27 16:00:00,PRD-A,87.0,1183.0,0.073541842772612,0.03608027737280356,0.056882997094004746,0.07768571681520593,False,False,False,False,False
2024-05-04 00:00:00,PRD-A,70.0,1237.0,0.056588520614389654,0.03653940495335368,0.056882997094004746,0.0772265892346558,False,False,False,False,False
2024-05-04 08:00:00,PRD-A,66.0,1226.0,0.053833605220228384,0.03644834467586268,0.056882997094004746,0.07731764951214681,False,False,False,False,False
2024-05-04 16:00:00,PRD-A,106.0,1152.0,0.0920138888888889,0.0358022377434284,0.056882997094004746,0.07796375644458109,True,False,False,False,True
2024-05-05 00:00:00,PRD-A,76.0,1215.0,0.06255144032921811,0.03635605055951831,0.056882997094004746,0.07740994362849118,False,False,False,False,False
2024-05-05 08:00:00,PRD-A,68.0,1221.0,0.055692055692055695,0.036406547429453526,0.056882997094004746,0.07735944675855597,False,False,False,False,False
2024-05-05 16:00:00,PRD-A,106.0,1220.0,0.08688524590163935,0.03639815716085125,0.056882997094004746,0.07736783702715824,True,False,False,False,True
2024-05-12 00:00:00,PRD-A,58.0,1191.0,0.04869857262804366,0.03615026148947366,0.056882997094004746,0.07761573269853583,False,False,False,False,False
2024-05-12 08:00:00,PRD-A,68.0,1232.0,0.05519480519480519,0.03649816511346013,0.056882997094004746,0.07726782907454936,False,False,False,False,False
2024-05-12 16:00:00,PRD-A,97.0,1243.0,0.07803700724054706,0.036588563926871064,0.056882997094004746,0.07717743026113844,True,False,False,False,True
2024-05-13 00:00:00,PRD-A,122.0,1222.0,0.09983633387888707,0.03641492739692727,0.056882997094004746,0.07735106679108222,True,True,False,False,True
2024-05-13 08:00:00,PRD-A,116.0,988.0,0.11740890688259109,0.03411976021333533,0.056882997094004746,0.07964623397467416,True,True,False,False,True
2024-05-13 16:00:00,PRD-A,99.0,1263.0,0.07838479809976247,0.03674988948371419,0.056882997094004746,0.0770161047042953,True,True,True,False,True
2024-05-20 00:00:00,PRD-A,65.0,1203.0,0.05403158769742311,0.03625392581702626,0.056882997094004746,0.07751206837098323,False,True,True,False,True
2024-05-20 08:00:00,PRD-A,77.0,1317.0,0.058466211085801065,0.03716696108741244,0.056882997094004746,0.07659903310059706,False,False,False,False,False
2024-05-20 16:00:00,PRD-A,73.0,1268.0,0.057570977917981075,0.03678962330497704,0.056882997094004746,0.07697637088303246,False,False,False,False,False
2024-05-21 00:00:00,PRD-A,59.0,1308.0,0.04510703363914373,0.037099246969333095,0.056882997094004746,0.07666674721867639,False,False,False,False,False
2024-05-21 08:00:00,PRD-A,46.0,1240.0,0.037096774193548385,0.03656402904001473,0.056882997094004746,0.07720196514799477,False,False,False,False,False
2024-05-21 16:00:00,PRD-A,62.0,1246.0,0.04975922953451043,0.03661301015116347,0.056882997094004746,0.07715298403684602,False,False,False,False,False
2024-05-28 00:00:00,PRD-A,57.0,1223.0,0.04660670482420278,0.03642329708433388,0.056882997094004746,0.07734269710367561,False,False,True,False,True
2024-05-28 08:00:00,PRD-A,64.0,1254.0,0.051036682615629984,0.03667777065835638,0.056882997094004746,0.07708822352965311,False,False,True,False,True
2024-05-28 16:00:00,PRD-A,89.0,1195.0,0.07447698744769875,0.03618498971419651,0.056882997094004746,0.07758100447381298,False,False,False,False,False
2024-05-29 00:00:00,PRD-A,59.0,1225.0,0.04816326530612245,0.03644000570289034,0.056882997094004746,0.07732598848511915,False,False,False,False,False
2024-05-29 08:00:00,PRD-A,68.0,1222.0,0.05564648117839607,0.03641492739692727,0.056882997094004746,0.07735106679108222,False,False,False,False,False
2024-05-29 16:00:00,PRD-A,88.0,1200.0,0.07333333333333333,0.03622815557427782,0.056882997094004746,0.07753783861373167,False,False,False,False,False
2024-06-05 00:00:00,PRD-A,77.0,1190.0,0.06470588235294118,0.036141552085348895,0.056882997094004746,0.07762444210266059,False,False,False,False,False
2024-06-05 08:00:00,PRD-A,80.0,1241.0,0.064464141821112,0.036572217220098985,0.056882997094004746,0.07719377696791051,False,False,False,False,False
2024-06-05 16:00:00,PRD-A,87.0,1130.0,0.07699115044247788,0.035598016019717155,0.056882997094004746,0.07816797816829234,False,False,True,False,True
2024-06-06 00:00:00,PRD-A,82.0,1215.0,0.06748971193415639,0.03635605055951831,0.056882997094004746,0.07740994362849118,False,False,True,False,True
2024-06-06 08:00:00,PRD-A,73.0,1211.0,0.06028075970272502,0.03632217768741115,0.056882997094004746,0.07744381650059834,False,False,True,False,True
2024-06-06 16:00:00,PRD-A,114.0,1192.0,0.09563758389261745,0.036158959931477885,0.056882997094004746,0.0776070342565316,True,False,True,False,True
2024-06-13 00:00:00,PRD-A,61.0,1283.0,0.0475448168355417,0.03690742795788743,0.056882997094004746,0.07685856623012206,False,False,False,False,False
2024-06-13 08:00:00,PRD-A,40.0,1288.0,0.031055900621118012,0.036946238115271014,0.056882997094004746,0.07681975607273847,True,False,False,False,True
2024-06-13 16:00:00,PRD-A,47.0,1262.0,0.03724247226624406,0.036741914396211744,0.056882997094004746,0.07702407979179775,False,True,False,False,True
2024-06-14 00:00:00,PRD-A,77.0,1260.0,0.06111111111111111,0.03672593574816284,0.056882997094004746,0.07704005843984665,False,True,False,False,True
2024-06-14 08:00:00,PRD-A,78.0,1332.0,0.05855855855855856,0.03727828911455523,0.056882997094004746,0.07648770507345426,False,False,False,False,False
2024-06-14 16:00:00,PRD-A,60.0,1311.0,0.04576659038901602,0.037121895803460855,0.056882997094004746,0.07664409838454864,False,False,False,False,False
2024-06-21 00:00:00,PRD-A,73.0,1289.0,0.05663304887509697,0.03695397303660142,0.056882997094004746,0.07681202115140807,False,False,False,False,False
2024-06-21 08:00:00,PRD-A,37.0,1265.0,0.02924901185770751,0.036765811279490676,0.056882997094004746,0.07700018290851882,True,False,False,False,True
2024-06-21 16:00:00,PRD-A,68.0,1305.0,0.05210727969348659,0.037076520080593416,0.056882997094004746,0.07668947410741608,False,False,False,False,False
2024-06-22 00:00:00,PRD-A,41.0,1289.0,0.03180760279286268,0.03695397303660142,0.056882997094004746,0.07681202115140807,True,True,False,False,True
2024-06-22 08:00:00,PRD-A,45.0,1305.0,0.034482758620689655,0.037076520080593416,0.056882997094004746,0.07668947410741608,True,True,False,False,True
2024-06-22 16:00:00,PRD-A,61.0,1210.0,0.050413223140495865,0.036313683235734334,0.056882997094004746,0.07745231095227516,False,True,False,False,True
2024-06-29 00:00:00,PRD-A,48.0,1209.0,0.03970223325062035,0.03630517824721366,0.056882997094004746,0.07746081594079583,False,True,False,True,True
2024-06-29 08:00:00,PRD-A,42.0,1201.0,0.034970857618651124,0.03623675638311199,0.056882997094004746,0.07752923780489751,True,True,True,True,True
2024-06-29 16:00:00,PRD-A,71.0,1271.0,0.05586152635719906,0.036813350973701295,0.056882997094004746,0.0769526432143082,False,True,False,True,True
2024-06-30 00:00:00,PRD-A,60.0,1266.0,0.04739336492890995,0.03677375802513534,0.056882997094004746,0.07699223616287415,False,False,False,True,True
2024-06-30 08:00:00,PRD-A,52.0,1001.0,0.05194805194805195,0.03426805649475189,0.056882997094004746,0.07949793769325761,False,False,False,True,True
2024-06-30 16:00:00,PRD-A,87.0,1335.0,0.0651685393258427,0.03730032926540118,0.056882997094004746,0.07646566492260831,False,False,False,False,False
2024-07-07 00:00:00,PRD-A,32.0,1256.0,0.025477707006369428,0.03669386403122894,0.056882997094004746,0.07707213015678055,True,False,False,False,True
2024-07-07 08:00:00,PRD-A,34.0,1326.0,0.02564102564102564,0.03723398463323995,0.056882997094004746,0.07653200955476955,True,True,False,False,True
2024-07-07 16:00:00,PRD-A,55.0,1295.0,0.04247104247104247,0.037000194260154516,0.056882997094004746,0.07676579992785498,False,True,False,False,True
2024-07-08 00:00:00,PRD-A,75.0,1363.0,0.055025678650036686,0.03750251561780088,0.056882997094004746,0.07626347857020861,False,True,False,False,True
2024-07-08 08:00:00,PRD-A,84.0,1333.0,0.06301575393848462,0.03728564409811157,0.056882997094004746,0.07648035008989792,False,False,False,False,False
2024-07-08 16:00:00,PRD-A,54.0,1284.0,0.04205607476635514,0.03691520812142933,0.056882997094004746,0.07685078606658016,False,False,False,False,False
2024-07-15 00:00:00,PRD-A,63.0,1303.0,0.04834996162701458,0.03706132523600075,0.056882997094004746,0.07670466895200874,False,False,False,False,False
2024-07-15 08:00:00,PRD-A,55.0,1266.0,0.04344391785150079,0.03677375802513534,0.056882997094004746,0.07699223616287415,False,True,False,False,True
2024-07-15 16:00:00,PRD-A,52.0,1064.0,0.04887218045112782,0.034947793176376474,0.056882997094004746,0.07881820101163302,False,False,True,False,True
2024-07-16 00:00:00,PRD-A,19.0,1300.0,0.014615384615384615,0.037038467255861546,0.056882997094004746,0.07672752693214795,True,True,True,False,True
2024-07-16 08:00:00,PRD-A,61.0,1371.0,0.04449307075127644,0.037559142419555255,0.056882997094004746,0.07620685176845424,False,False,True,False,True
2024-07-16 16:00:00,PRD-A,52.0,1138.0,0.04569420035149385,0.035672963368891905,0.056882997094004746,0.07809303081911759,False,False,True,False,True
2024-07-23 00:00:00,PRD-A,104.0,1210.0,0.0859504132231405,0.036313683235734334,0.056882997094004746,0.07745231095227516,True,False,True,False,True
2024-07-23 08:00:00,PRD-A,144.0,1288.0,0.11180124223602485,0.036946238115271014,0.056882997094004746,0.07681975607273847,True,True,False,False,True
2024-07-23 16:00:00,PRD-A,164.0,1195.0,0.13723849372384936,0.03618498971419651,0.056882997094004746,0.07758100447381298,True,True,False,False,True
2024-07-24 00:00:00,PRD-A,132.0,1217.0,0.10846343467543139,0.036372924336751024,0.056882997094004746,0.07739306985125846,True,True,True,False,True
2024-07-24 08:00:00,PRD-A,157.0,1257.0,0.1249005568814638,0.036701896310465804,0.056882997094004746,0.07706409787754369,True,True,True,False,True
2024-07-24 16:00:00,PRD-A,206.0,1164.0,0.17697594501718214,0.035911182965507354,0.056882997094004746,0.07785481122250214,True,True,True,False,True
2024-07-31 00:00:00,PRD-A,68.0,1214.0,0.05601317957166392,0.036347598038454096,0.056882997094004746,0.0774183961495554,False,True,True,False,True
2024-07-31 08:00:00,PRD-A,65.0,1236.0,0.052588996763754045,0.03653117700877434,0.056882997094004746,0.07723481717923515,False,False,False,False,False
2024-07-31 16:00:00,PRD-A,110.0,1217.0,0.09038619556285948,0.036372924336751024,0.056882997094004746,0.07739306985125846,True,False,False,False,True
2024-08-01 00:00:00,PRD-A,96.0,1269.0,0.07565011820330969,0.03679754187623589,0.056882997094004746,0.0769684523117736,False,True,False,False,True
2024-08-01 08:00:00,PRD-A,82.0,1232.0,0.06655844155844155,0.03649816511346013,0.056882997094004746,0.07726782907454936,False,True,False,False,True
2024-08-01 16:00:00,PRD-A,97.0,1149.0,0.08442123585726719,0.03577473511027128,0.056882997094004746,0.07799125907773821,True,True,True,False,True
2024-08-08 00:00:00,PRD-A,66.0,1217.0,0.054231717337715694,0.036372924336751024,0.056882997094004746,0.07739306985125846,False,False,True,False,True
2024-08-08 08:00:00,PRD-A,71.0,1238.0,0.05735056542810985,0.03654762292668058,0.056882997094004746,0.07721837126132891,False,False,False,False,False
2024-08-08 16:00:00,PRD-A,91.0,1228.0,0.0741042345276873,0.036464992053304654,0.056882997094004746,0.07730100213470484,False,False,False,False,False
2024-08-09 00:00:00,PRD-A,55.0,1013.0,0.054294175715695954,0.034402403865373146,0.056882997094004746,0.07936359032263635,False,False,False,False,False
2024-08-09 08:00:00,PRD-A,32.0,1314.0,0.0243531202435312,0.03714446702874865,0.056882997094004746,0.07662152715926085,True,False,False,False,True
2024-08-09 16:00:00,PRD-A,52.0,1250.0,0.0416,0.03664546811745145,0.056882997094004746,0.07712052607055804,False,True,False,False,True
2024-08-16 00:00:00,PRD-A,63.0,1292.0,0.048761609907120744,0.036977123895209005,0.056882997094004746,0.07678887029280049,False,True,False,False,True
2024-08-16 08:00:00,PRD-A,42.0,1271.0,0.03304484657749803,0.036813350973701295,0.056882997094004746,0.0769526432143082,True,True,True,False,True
2024-08-16 16:00:00,PRD-A,56.0,1265.0,0.04426877470355731,0.036765811279490676,0.056882997094004746,0.07700018290851882,False,False,True,False,True
2024-08-17 00:00:00,PRD-A,46.0,1272.0,0.036163522012578615,0.03682124153666415,0.056882997094004746,0.07694475265134534,True,True,True,False,True
2024-08-17 08:00:00,PRD-A,50.0,1304.0,0.03834355828220859,0.037068927027980425,0.056882997094004746,0.07669706716002907,False,True,True,True,True
2024-08-17 16:00:00,PRD-A,85.0,1302.0,0.065284178187404,0.03705371468787698,0.056882997094004746,0.07671227950013251,False,True,True,False,True
2024-08-24 00:00:00,PRD-A,55.0,1222.0,0.045008183306055646,0.03641492739692727,0.056882997094004746,0.07735106679108222,False,False,True,False,True
2024-08-24 08:00:00,PRD-A,57.0,1282.0,0.044461778471138844,0.03689963869296432,0.056882997094004746,0.07686635549504517,False,False,True,False,True
2024-08-24 16:00:00,PRD-A,64.0,1216.0,0.05263157894736842,0.03636449265180811,0.056882997094004746,0.07740150153620137,False,False,False,False,False
2024-08-25 00:00:00,PRD-A,55.0,1263.0,0.043547110055423596,0.03674988948371419,0.056882997094004746,0.0770161047042953,False,False,False,False,False
2024-08-25 08:00:00,PRD-A,61.0,1216.0,0.05016447368421053,0.03636449265180811,0.056882997094004746,0.07740150153620137,False,False,False,False,False
2024-08-25 16:00:00,PRD-A,78.0,1225.0,0.0636734693877551,0.03644000570289034,0.056882997094004746,0.07732598848511915,False,False,False,False,False
2024-09-01 00:00:00,PRD-A,37.0,1233.0,0.030008110300081103,0.03650643314542893,0.056882997094004746,0.07725956104258055,True,False,False,False,True
2024-09-01 08:00:00,PRD-A,61.0,1276.0,0.04780564263322884,0.03685271097651982,0.056882997094004746,0.07691328321148967,False,False,False,False,False
2024-09-01 16:00:00,PRD-A,74.0,1215.0,0.060905349794238686,0.03635605055951831,0.056882997094004746,0.07740994362849118,False,False,False,False,False
2024-09-02 00:00:00,PRD-A,56.0,1247.0,0.04490777866880513,0.03662113928200689,0.056882997094004746,0.0771448549060026,False,False,False,False,False
2024-09-02 08:00:00,PRD-A,68.0,1312.0,0.051829268292682924,0.03712942814651725,0.056882997094004746,0.07663656604149224,False,False,False,False,False
2024-09-02 16:00:00,PRD-A,92.0,1235.0,0.07449392712550608,0.03652293907276191,0.056882997094004746,0.07724305511524758,False,False,False,False,False
2024-09-09 00:00:00,PRD-A,68.0,1165.0,0.05836909871244635,0.03592018567643024,0.056882997094004746,0.07784580851157925,False,False,False,False,False
2024-09-09 08:00:00,PRD-A,76.0,1273.0,0.05970149253731343,0.0368291228002004,0.056882997094004746,0.0769368713878091,False,False,False,False,False
2024-09-09 16:00:00,PRD-A,101.0,1228.0,0.08224755700325732,0.036464992053304654,0.056882997094004746,0.07730100213470484,True,False,False,False,True
2024-09-10 00:00:00,PRD-A,70.0,1207.0,0.0579950289975145,0.036288136572370074,0.056882997094004746,0.07747785761563941,False,False,False,False,False
2024-09-10 08:00:00,PRD-A,84.0,1326.0,0.06334841628959276,0.03723398463323995,0.056882997094004746,0.07653200955476955,False,False,False,False,False
2024-09-10 16:00:00,PRD-A,114.0,1152.0,0.09895833333333333,0.0358022377434284,0.056882997094004746,0.07796375644458109,True,False,False,False,True
2024-09-17 00:00:00,PRD-A,62.0,1214.0,0.051070840197693576,0.036347598038454096,0.056882997094004746,0.0774183961495554,False,False,False,False,False
2024-09-17 08:00:00,PRD-A,70.0,1273.0,0.05498821681068342,0.0368291228002004,0.056882997094004746,0.0769368713878091,False,False,False,False,False
2024-09-17 16:00:00,PRD-A,120.0,1169.0,0.10265183917878529,0.035956080927794745,0.056882997094004746,0.07780991326021475,True,False,False,False,True
2024-09-18 00:00:00,PRD-A,74.0,1197.0,0.061821219715956555,0.03620228851151851,0.056882997094004746,0.07756370567649098,False,False,False,False,False
2024-09-18 08:00:00,PRD-A,101.0,1245.0,0.08112449799196787,0.03660487122815216,0.056882997094004746,0.07716112295985733,True,True,False,False,True
2024-09-18 16:00:00,PRD-A,114.0,1073.0,0.10624417520969245,0.0350399798253674,0.056882997094004746,0.0787260143626421,True,True,False,False,True
2024-09-25 00:00:00,PRD-A,92.0,1193.0,0.07711651299245599,0.03616764743433816,0.056882997094004746,0.07759834675367133,False,True,True,False,True
2024-09-25 08:00:00,PRD-A,78.0,1234.0,0.06320907617504051,0.03651469112507855,0.056882997094004746,0.07725130306293095,False,True,False,False,True
2024-09-25 16:00:00,PRD-A,113.0,1217.0,0.09285127362366474,0.036372924336751024,0.056882997094004746,0.07739306985125846,True,True,True,False,True
2024-09-26 00:00:00,PRD-A,62.0,750.0,0.08266666666666667,0.030756459529144436,0.056882997094004746,0.08300953465886506,False,True,True,True,True
2024-09-26 08:00:00,PRD-A,33.0,1309.0,0.025210084033613446,0.03710680523135667,0.056882997094004746,0.07665918895665283,True,True,False,False,True
2024-09-26 16:00:00,PRD-A,57.0,1281.0,0.04449648711943794,0.03689184030890122,0.056882997094004746,0.07687415387910827,False,False,False,False,False
2024-10-03 00:00:00,PRD-A,77.0,1251.0,0.06155075939248601,0.036653558275270864,0.056882997094004746,0.07711243591273863,False,False,False,False,False
2024-10-03 08:00:00,PRD-A,77.0,1305.0,0.05900383141762452,0.037076520080593416,0.056882997094004746,0.07668947410741608,False,False,False,False,False
2024-10-03 16:00:00,PRD-A,100.0,1242.0,0.08051529790660225,0.036580395509085234,0.056882997094004746,0.07718559867892426,True,False,False,False,True
2024-10-04 00:00:00,PRD-A,78.0,1267.0,0.06156274664561957,0.036781695360778625,0.056882997094004746,0.07698429882723087,False,False,False,False,False
2024-10-04 08:00:00,PRD-A,80.0,1293.0,0.061871616395978345,0.036984822937538686,0.056882997094004746,0.0767811712504708,False,False,False,False,False
2024-10-04 16:00:00,PRD-A,119.0,1323.0,0.08994708994708994,0.03721171945616957,0.056882997094004746,0.07655427473183993,True,False,False,False,True
2024-10-11 00:00:00,PRD-A,49.0,1258.0,0.038950715421303655,0.036709919010358874,0.056882997094004746,0.07705607517765062,False,False,False,False,False
2024-10-11 08:00:00,PRD-A,36.0,1253.0,0.028731045490822026,0.03666970952640365,0.056882997094004746,0.07709628466160584,True,True,False,False,True
2024-10-11 16:00:00,PRD-A,68.0,1222.0,0.05564648117839607,0.03641492739692727,0.056882997094004746,0.07735106679108222,False,True,False,False,True
2024-10-12 00:00:00,PRD-A,58.0,1282.0,0.0452418096723869,0.03689963869296432,0.056882997094004746,0.07686635549504517,False,False,False,False,False
2024-10-12 08:00:00,PRD-A,68.0,1265.0,0.05375494071146245,0.036765811279490676,0.056882997094004746,0.07700018290851882,False,False,False,False,False
2024-10-12 16:00:00,PRD-A,94.0,1215.0,0.07736625514403292,0.03635605055951831,0.056882997094004746,0.07740994362849118,False,False,False,False,False
2024-10-19 00:00:00,PRD-A,85.0,800.0,0.10625,0.03158608587331313,0.056882997094004746,0.08217990831469636,True,True,False,False,True
2024-10-19 08:00:00,PRD-A,38.0,1218.0,0.031198686371100164,0.03638134563571299,0.056882997094004746,0.0773846485522965,True,True,False,False,True
2024-10-19 16:00:00,PRD-A,53.0,1282.0,0.041341653666146644,0.03689963869296432,0.056882997094004746,0.07686635549504517,False,True,False,False,True
2024-10-20 00:00:00,PRD-A,43.0,1253.0,0.034317637669592976,0.03666970952640365,0.056882997094004746,0.07709628466160584,True,True,False,False,True
2024-10-20 08:00:00,PRD-A,45.0,1264.0,0.03560126582278481,0.03675785510523677,0.056882997094004746,0.07700813908277272,True,True,True,False,True
2024-10-20 16:00:00,PRD-A,71.0,1246.0,0.05698234349919743,0.03661301015116347,0.056882997094004746,0.07715298403684602,False,True,True,False,True
2024-10-27 00:00:00,PRD-A,65.0,1176.0,0.055272108843537414,0.03601845637552993,0.056882997094004746,0.07774753781247956,False,False,False,False,False
2024-10-27 08:00:00,PRD-A,57.0,1258.0,0.04531001589825119,0.036709919010358874,0.056882997094004746,0.07705607517765062,False,False,False,False,False
2024-10-27 16:00:00,PRD-A,77.0,1253.0,0.061452513966480445,0.03666970952640365,0.056882997094004746,0.07709628466160584,False,False,False,False,False
2024-10-28 00:00:00,PRD-A,58.0,1290.0,0.04496124031007752,0.03696169896209331,0.056882997094004746,0.07680429522591618,False,False,False,False,False
2024-10-28 08:00:00,PRD-A,54.0,1277.0,0.042286609240407204,0.036860555224370074,0.056882997094004746,0.07690543896363941,False,False,False,False,False
2024-10-28 16:00:00,PRD-A,88.0,1227.0,0.07171964140179299,0.03645667345241331,0.056882997094004746,0.07730932073559618,False,False,False,False,False
2024-11-04 00:00:00,PRD-A,62.0,1234.0,0.050243111831442464,0.03651469112507855,0.056882997094004746,0.07725130306293095,False,False,False,False,False
2024-11-04 08:00:00,PRD-A,62.0,1295.0,0.047876447876447875,0.037000194260154516,0.056882997094004746,0.07676579992785498,False,False,False,False,False
2024-11-04 16:00:00,PRD-A,88.0,1231.0,0.07148659626320066,0.03648988700876133,0.056882997094004746,0.07727610717924815,False,False,False,False,False
2024-11-05 00:00:00,PRD-A,54.0,1209.0,0.04466501240694789,0.03630517824721366,0.056882997094004746,0.07746081594079583,False,False,False,False,False
2024-11-05 08:00:00,PRD-A,54.0,1223.0,0.044153720359771054,0.03642329708433388,0.056882997094004746,0.07734269710367561,False,False,False,False,False
2024-11-05 16:00:00,PRD-A,98.0,1209.0,0.08105872622001654,0.03630517824721366,0.056882997094004746,0.07746081594079583,True,False,False,False,True
2024-11-12 00:00:00,PRD-A,65.0,1213.0,0.05358615004122012,0.03633913506712613,0.056882997094004746,0.07742685912088336,False,False,False,False,False
2024-11-12 08:00:00,PRD-A,75.0,1229.0,0.061025223759153785,0.03647330049923999,0.056882997094004746,0.07729269368876951,False,False,False,False,False
2024-11-12 16:00:00,PRD-A,120.0,1192.0,0.10067114093959731,0.036158959931477885,0.056882997094004746,0.0776070342565316,True,False,False,False,True
2024-11-13 00:00:00,PRD-A,89.0,1222.0,0.07283142389525368,0.03641492739692727,0.056882997094004746,0.07735106679108222,False,True,False,False,True
2024-11-13 08:00:00,PRD-A,89.0,1251.0,0.07114308553157474,0.036653558275270864,0.056882997094004746,0.07711243591273863,False,True,False,False,True
2024-11-13 16:00:00,PRD-A,112.0,1201.0,0.093255620316403,0.03623675638311199,0.056882997094004746,0.07752923780489751,True,True,True,False,True
2024-11-20 00:00:00,PRD-A,55.0,1284.0,0.042834890965732085,0.03691520812142933,0.056882997094004746,0.07685078606658016,False,True,True,False,True
2024-11-20 08:00:00,PRD-A,57.0,1347.0,0.042316258351893093,0.037387752326194706,0.056882997094004746,0.07637824186181479,False,True,False,False,True
2024-11-20 16:00:00,PRD-A,45.0,1314.0,0.03424657534246575,0.03714446702874865,0.056882997094004746,0.07662152715926085,True,True,False,False,True
2024-11-21 00:00:00,PRD-A,42.0,1302.0,0.03225806451612903,0.03705371468787698,0.056882997094004746,0.07671227950013251,True,True,True,False,True
2024-11-21 08:00:00,PRD-A,36.0,1235.0,0.029149797570850202,0.03652293907276191,0.056882997094004746,0.07724305511524758,True,True,True,False,True
2024-11-21 16:00:00,PRD-A,63.0,1242.0,0.050724637681159424,0.036580395509085234,0.056882997094004746,0.07718559867892426,False,True,True,False,True
2024-11-28 00:00:00,PRD-A,38.0,1267.0,0.02999210734017364,0.036781695360778625,0.056882997094004746,0.07698429882723087,True,True,True,False,True
2024-11-28 08:00:00,PRD-A,50.0,1268.0,0.03943217665615142,0.03678962330497704,0.056882997094004746,0.07697637088303246,False,True,True,True,True
2024-11-28 16:00:00,PRD-A,63.0,1253.0,0.05027932960893855,0.03666970952640365,0.056882997094004746,0.07709628466160584,False,True,False,True,True
2024-11-29 00:00:00,PRD-A,69.0,1297.0,0.05319969159599075,0.03701553001471845,0.056882997094004746,0.07675046417329104,False,False,False,True,True
2024-11-29 08:00:00,PRD-A,48.0,1307.0,0.036725325172149964,0.03709168003460443,0.056882997094004746,0.07667431415340506,True,False,False,True,True
2024-11-29 16:00:00,PRD-A,64.0,1223.0,0.05233033524121014,0.03642329708433388,0.056882997094004746,0.07734269710367561,False,False,False,True,True
2024-12-06 00:00:00,PRD-A,38.0,1250.0,0.0304,0.03664546811745145,0.056882997094004746,0.07712052607055804,True,True,False,True,True
2024-12-06 08:00:00,PRD-A,37.0,1136.0,0.032570422535211266,0.035654300775114,0.056882997094004746,0.07811169341289549,True,True,False,True,True
2024-12-06 16:00:00,PRD-A,33.0,1325.0,0.02490566037735849,0.037226571310033055,0.056882997094004746,0.07653942287797644,True,True,True,True,True
2024-12-07 00:00:00,PRD-A,42.0,1330.0,0.031578947368421054,0.037263554269950136,0.056882997094004746,0.07650243991805936,True,True,True,True,True
2024-12-07 08:00:00,PRD-A,41.0,1328.0,0.030873493975903613,0.03724878615131852,0.056882997094004746,0.07651720803669097,True,True,True,True,True
2024-12-07 16:00:00,PRD-A,38.0,1278.0,0.0297339593114241,0.036868390263554686,0.056882997094004746,0.0768976039244548,True,True,True,True,True
2024-12-14 00:00:00,PRD-A,104.0,1227.0,0.08475957620211899,0.03645667345241331,0.056882997094004746,0.07730932073559618,True,True,True,False,True
2024-12-14 08:00:00,PRD-A,138.0,1288.0,0.10714285714285714,0.036946238115271014,0.056882997094004746,0.07681975607273847,True,True,False,False,True
2024-12-14 16:00:00,PRD-A,176.0,1213.0,0.14509480626545754,0.03633913506712613,0.056882997094004746,0.07742685912088336,True,True,False,False,True
2024-12-15 00:00:00,PRD-A,143.0,1164.0,0.12285223367697594,0.035911182965507354,0.056882997094004746,0.07785481122250214,True,True,True,False,True
2024-12-15 08:00:00,PRD-A,140.0,1245.0,0.11244979919678715,0.03660487122815216,0.056882997094004746,0.07716112295985733,True,True,True,False,True
2024-12-15 16:00:00,PRD-A,201.0,1189.0,0.16904962153069805,0.03613283169605941,0.056882997094004746,0.07763316249195008,True,True,True,False,True
2024-12-22 00:00:00,PRD-A,67.0,1167.0,0.05741216795201371,0.035938156371047164,0.056882997094004746,0.07782783781696233,False,True,True,False,True
2024-12-22 08:00:00,PRD-A,49.0,832.0,0.05889423076923077,0.03207733479632574,0.056882997094004746,0.08168865939168375,False,False,False,True,True
2024-12-22 16:00:00,PRD-A,55.0,1197.0,0.04594820384294068,0.03620228851151851,0.056882997094004746,0.07756370567649098,False,False,False,False,False
2024-12-23 00:00:00,PRD-A,38.0,1290.0,0.02945736434108527,0.03696169896209331,0.056882997094004746,0.07680429522591618,True,False,False,False,True
2024-12-23 08:00:00,PRD-A,47.0,1308.0,0.035932721712538224,0.037099246969333095,0.056882997094004746,0.07666674721867639,True,True,False,False,True
2024-12-23 16:00:00,PRD-A,55.0,1295.0,0.04247104247104247,0.037000194260154516,0.056882997094004746,0.07676579992785498,False,True,True,False,True
2024-12-30 00:00:00,PRD-A,58.0,1189.0,0.04878048780487805,0.03613283169605941,0.056882997094004746,0.07763316249195008,False,True,True,False,True
2024-12-30 08:00:00,PRD-A,52.0,1290.0,0.040310077519379844,0.03696169896209331,0.056882997094004746,0.07680429522591618,False,True,True,False,True
2024-12-30 16:00:00,PRD-A,99.0,1241.0,0.07977437550362611,0.036572217220098985,0.056882997094004746,0.07719377696791051,True,False,True,False,True
2024-12-31 00:00:00,PRD-A,66.0,1276.0,0.05172413793103448,0.03685271097651982,0.056882997094004746,0.07691328321148967,False,False,False,False,False
2024-12-31 08:00:00,PRD-A,68.0,1282.0,0.0530421216848674,0.03689963869296432,0.056882997094004746,0.07686635549504517,False,False,False,False,False
2024-12-31 16:00:00,PRD-A,94.0,1195.0,0.07866108786610879,0.03618498971419651,0.056882997094004746,0.07758100447381298,True,False,False,False,True
2025-01-07 00:00:00,PRD-A,47.0,1205.0,0.03900414937759336,0.03627105248770553,0.056882997094004746,0.07749494170030397,False,False,False,False,False
2025-01-07 08:00:00,PRD-A,57.0,1239.0,0.04600484261501211,0.03655583094887867,0.056882997094004746,0.07721016323913082,False,False,False,False,False
2025-01-07 16:00:00,PRD-A,81.0,1181.0,0.06858594411515664,0.036062670327991715,0.056882997094004746,0.07770332386001777,False,False,False,False,False
2025-01-08 00:00:00,PRD-A,83.0,1271.0,0.06530291109362707,0.036813350973701295,0.056882997094004746,0.0769526432143082,False,False,False,False,False
2025-01-08 08:00:00,PRD-A,93.0,1278.0,0.07276995305164319,0.036868390263554686,0.056882997094004746,0.0768976039244548,False,False,False,False,False
2025-01-08 16:00:00,PRD-A,113.0,1137.0,0.09938434476693052,0.03566363822721248,0.056882997094004746,0.07810235596079701,True,True,True,False,True
2025-01-15 00:00:00,PRD-A,70.0,1248.0,0.05608974358974359,0.03662925864030204,0.056882997094004746,0.07713673554770745,False,True,True,False,True
2025-01-15 08:00:00,PRD-A,56.0,1252.0,0.04472843450479233,0.0366616387384727,0.056882997094004746,0.07710435544953678,False,False,False,False,False
2025-01-15 16:00:00,PRD-A,80.0,1225.0,0.0653061224489796,0.03644000570289034,0.056882997094004746,0.07732598848511915,False,False,False,False,False
2025-01-16 00:00:00,PRD-A,71.0,1221.0,0.05814905814905815,0.036406547429453526,0.056882997094004746,0.07735944675855597,False,False,False,False,False
2025-01-16 08:00:00,PRD-A,61.0,1249.0,0.0488390712570056,0.0366373682456136,0.056882997094004746,0.07712862594239589,False,False,False,False,False
2025-01-16 16:00:00,PRD-A,102.0,1199.0,0.08507089241034195,0.03621954400770823,0.056882997094004746,0.07754645018030126,True,False,False,False,True
2025-01-23 00:00:00,PRD-A,50.0,1238.0,0.04038772213247173,0.03654762292668058,0.056882997094004746,0.07721837126132891,False,False,False,False,False
2025-01-23 08:00:00,PRD-A,56.0,1274.0,0.04395604395604396,0.03683699478256212,0.056882997094004746,0.07692899940544737,False,False,False,False,False
2025-01-23 16:00:00,PRD-A,108.0,1230.0,0.08780487804878048,0.036481598810863665,0.056882997094004746,0.07728439537714582,True,False,False,False,True
2025-01-24 00:00:00,PRD-A,76.0,1245.0,0.06104417670682731,0.03660487122815216,0.056882997094004746,0.07716112295985733,False,False,False,False,False
2025-01-24 08:00:00,PRD-A,79.0,1234.0,0.0640194489465154,0.03651469112507855,0.056882997094004746,0.07725130306293095,False,False,False,False,False
2025-01-24 16:00:00,PRD-A,98.0,1198.0,0.08180300500834725,0.03621092166095856,0.056882997094004746,0.07755507252705093,True,False,False,False,True
2025-01-31 00:00:00,PRD-A,59.0,1213.0,0.048639736191261336,0.03633913506712613,0.056882997094004746,0.07742685912088336,False,False,False,False,False
2025-01-31 08:00:00,PRD-A,53.0,1289.0,0.041117145073700546,0.03695397303660142,0.056882997094004746,0.07681202115140807,False,False,False,False,False
2025-01-31 16:00:00,PRD-A,88.0,1226.0,0.07177814029363784,0.03644834467586268,0.056882997094004746,0.07731764951214681,False,False,False,False,False
2025-02-01 00:00:00,PRD-A,71.0,1263.0,0.056215360253365,0.03674988948371419,0.056882997094004746,0.0770161047042953,False,False,False,False,False
2025-02-01 08:00:00,PRD-A,73.0,1220.0,0.05983606557377049,0.03639815716085125,0.056882997094004746,0.07736783702715824,False,False,False,False,False
2025-02-01 16:00:00,PRD-A,91.0,1147.0,0.07933740191804708,0.03575634010723022,0.056882997094004746,0.07800965408077927,True,False,False,False,True
2025-02-08 00:00:00,PRD-A,72.0,1197.0,0.06015037593984962,0.03620228851151851,0.056882997094004746,0.07756370567649098,False,False,False,False,False
2025-02-08 08:00:00,PRD-A,66.0,1263.0,0.052256532066508314,0.03674988948371419,0.056882997094004746,0.0770161047042953,False,False,False,False,False
2025-02-08 16:00:00,PRD-A,108.0,1182.0,0.09137055837563451,0.03607147943638943,0.056882997094004746,0.07769451475162006,True,False,False,False,True
2025-02-09 00:00:00,PRD-A,81.0,1219.0,0.06644790812141099,0.036389756569998585,0.056882997094004746,0.0773762376180109,False,False,False,False,False
2025-02-09 08:00:00,PRD-A,92.0,1221.0,0.07534807534807535,0.036406547429453526,0.056882997094004746,0.07735944675855597,False,True,False,False,True
2025-02-09 16:00:00,PRD-A,104.0,1159.0,0.08973252804141502,0.03586599477665976,0.056882997094004746,0.07789999941134973,True,True,True,False,True
2025-02-16 00:00:00,PRD-A,63.0,1197.0,0.05263157894736842,0.03620228851151851,0.056882997094004746,0.07756370567649098,False,True,True,False,True
2025-02-16 08:00:00,PRD-A,78.0,1256.0,0.06210191082802548,0.03669386403122894,0.056882997094004746,0.07707213015678055,False,False,False,False,False
2025-02-16 16:00:00,PRD-A,93.0,1175.0,0.07914893617021276,0.036009579735809705,0.056882997094004746,0.07775641445219979,True,False,False,False,True
2025-02-17 00:00:00,PRD-A,61.0,1073.0,0.05684995340167754,0.0350399798253674,0.056882997094004746,0.0787260143626421,False,False,False,False,False
2025-02-17 08:00:00,PRD-A,68.0,1343.0,0.05063291139240506,0.03735874152924159,0.056882997094004746,0.07640725265876791,False,False,False,False,False
2025-02-17 16:00:00,PRD-A,61.0,1287.0,0.0473970473970474,0.036938494180631054,0.056882997094004746,0.07682750000737844,False,False,False,False,False
2025-02-24 00:00:00,PRD-A,139.0,1174.0,0.11839863713798977,0.03600069175697039,0.056882997094004746,0.0777653024310391,True,False,False,False,True
2025-02-24 08:00:00,PRD-A,137.0,1206.0,0.11359867330016583,0.03627959984225356,0.056882997094004746,0.07748639434575594,True,True,False,False,True
2025-02-24 16:00:00,PRD-A,199.0,1133.0,0.17563989408649602,0.03562621428479074,0.056882997094004746,0.07813977990321874,True,True,False,False,True
2025-02-25 00:00:00,PRD-A,159.0,1202.0,0.13227953410981697,0.03624534645659007,0.056882997094004746,0.07752064773141942,True,True,True,False,True
2025-02-25 08:00:00,PRD-A,164.0,1197.0,0.13700918964076858,0.03620228851151851,0.056882997094004746,0.07756370567649098,True,True,True,False,True
2025-02-25 16:00:00,PRD-A,224.0,1139.0,0.19666374012291485,0.03568227622717845,0.056882997094004746,0.07808371796083105,True,True,True,False,True
2025-03-04 00:00:00,PRD-A,84.0,1180.0,0.0711864406779661,0.036053850023945976,0.056882997094004746,0.07771214416406352,False,True,True,False,True
2025-03-04 08:00:00,PRD-A,78.0,1183.0,0.06593406593406594,0.03608027737280356,0.056882997094004746,0.07768571681520593,False,True,True,True,True
2025-03-04 16:00:00,PRD-A,116.0,1231.0,0.09423233143785541,0.03648988700876133,0.056882997094004746,0.07727610717924815,True,True,True,True,True
2025-03-05 00:00:00,PRD-A,97.0,1133.0,0.08561341571050309,0.03562621428479074,0.056882997094004746,0.07813977990321874,True,True,True,True,True
2025-03-05 08:00:00,PRD-A,96.0,1184.0,0.08108108108108109,0.03608906416082859,0.056882997094004746,0.0776769300271809,True,True,True,True,True
2025-03-05 16:00:00,PRD-A,137.0,1187.0,0.11541701769165964,0.03611535786946985,0.056882997094004746,0.07765063631853963,True,True,True,True,True
2025-03-12 00:00:00,PRD-A,76.0,1166.0,0.06518010291595197,0.03592917680333647,0.056882997094004746,0.07783681738467302,False,True,True,True,True
2025-03-12 08:00:00,PRD-A,72.0,1214.0,0.05930807248764415,0.036347598038454096,0.056882997094004746,0.0774183961495554,False,False,True,True,True
2025-03-12 16:00:00,PRD-A,116.0,1170.0,0.09914529914529914,0.035965025966103056,0.056882997094004746,0.07780096822190644,True,False,True,True,True
2025-03-13 00:00:00,PRD-A,71.0,1170.0,0.06068376068376068,0.035965025966103056,0.056882997094004746,0.07780096822190644,False,False,False,True,True
2025-03-13 08:00:00,PRD-A,105.0,1231.0,0.08529650690495533,0.03648988700876133,0.056882997094004746,0.07727610717924815,True,True,False,True,True
2025-03-13 16:00:00,PRD-A,129.0,1184.0,0.1089527027027027,0.03608906416082859,0.056882997094004746,0.0776769300271809,True,True,False,True,True
2025-03-20 00:00:00,PRD-A,43.0,1236.0,0.03478964401294499,0.03653117700877434,0.056882997094004746,0.07723481717923515,True,True,False,False,True
2025-03-20 08:00:00,PRD-A,46.0,1289.0,0.035686578743211794,0.03695397303660142,0.056882997094004746,0.07681202115140807,True,True,False,False,True
2025-03-20 16:00:00,PRD-A,55.0,997.0,0.055165496489468405,0.03422273592705201,0.056882997094004746,0.07954325826095748,False,True,False,False,True
2025-03-21 00:00:00,PRD-A,43.0,1299.0,0.033102386451116246,0.037030830338188755,0.056882997094004746,0.07673516384982074,True,True,False,False,True
2025-03-21 08:00:00,PRD-A,30.0,1325.0,0.022641509433962263,0.037226571310033055,0.056882997094004746,0.07653942287797644,True,True,True,False,True
2025-03-21 16:00:00,PRD-A,49.0,1327.0,0.03692539562923888,0.037241389575074724,0.056882997094004746,0.07652460461293477,True,True,True,False,True
2025-03-28 00:00:00,PRD-A,78.0,1283.0,0.060795011691348405,0.03690742795788743,0.056882997094004746,0.07685856623012206,False,True,False,False,True
2025-03-28 08:00:00,PRD-A,48.0,1274.0,0.03767660910518053,0.03683699478256212,0.056882997094004746,0.07692899940544737,False,True,True,False,True
2025-03-28 16:00:00,PRD-A,70.0,1257.0,0.05568814638027048,0.036701896310465804,0.056882997094004746,0.07706409787754369,False,False,False,False,False
2025-03-29 00:00:00,PRD-A,52.0,1231.0,0.04224207961007311,0.03648988700876133,0.056882997094004746,0.07727610717924815,False,True,False,False,True
2025-03-29 08:00:00,PRD-A,45.0,1238.0,0.036348949919224556,0.03654762292668058,0.056882997094004746,0.07721837126132891,True,True,False,False,True
2025-03-29 16:00:00,PRD-A,80.0,1218.0,0.06568144499178982,0.03638134563571299,0.056882997094004746,0.0773846485522965,False,True,False,False,True
2025-04-05 00:00:00,PRD-A,58.0,1239.0,0.046811945117029866,0.03655583094887867,0.056882997094004746,0.07721016323913082,False,False,False,False,False
2025-04-05 08:00:00,PRD-A,54.0,1282.0,0.0421216848673947,0.03689963869296432,0.056882997094004746,0.07686635549504517,False,False,True,False,True
2025-04-05 16:00:00,PRD-A,62.0,1218.0,0.05090311986863711,0.03638134563571299,0.056882997094004746,0.0773846485522965,False,False,False,False,False
2025-04-06 00:00:00,PRD-A,55.0,1290.0,0.04263565891472868,0.03696169896209331,0.056882997094004746,0.07680429522591618,False,True,False,False,True
2025-04-06 08:00:00,PRD-A,64.0,1229.0,0.05207485760781123,0.03647330049923999,0.056882997094004746,0.07729269368876951,False,False,False,False,False
2025-04-06 16:00:00,PRD-A,89.0,1235.0,0.07206477732793522,0.03652293907276191,0.056882997094004746,0.07724305511524758,False,False,False,False,False
2025-04-13 00:00:00,PRD-A,66.0,1239.0,0.053268765133171914,0.03655583094887867,0.056882997094004746,0.07721016323913082,False,False,False,False,False
2025-04-13 08:00:00,PRD-A,54.0,1211.0,0.04459124690338563,0.03632217768741115,0.056882997094004746,0.07744381650059834,False,False,False,False,False
2025-04-13 16:00:00,PRD-A,103.0,1168.0,0.08818493150684932,0.03594712440430905,0.056882997094004746,0.07781886978370045,True,False,False,False,True
2025-04-14 00:00:00,PRD-A,96.0,1256.0,0.07643312101910828,0.03669386403122894,0.056882997094004746,0.07707213015678055,False,True,False,False,True
2025-04-14 08:00:00,PRD-A,59.0,966.0,0.061076604554865424,0.03386201076772353,0.056882997094004746,0.07990398342028596,False,True,False,False,True
2025-04-14 16:00:00,PRD-A,57.0,1284.0,0.04439252336448598,0.03691520812142933,0.056882997094004746,0.07685078606658016,False,False,False,False,False
2025-04-21 00:00:00,PRD-A,47.0,795.0,0.05911949685534591,0.03150666052490994,0.056882997094004746,0.08225933366309955,False,False,False,False,False
2025-04-21 08:00:00,PRD-A,42.0,1277.0,0.03288958496476116,0.036860555224370074,0.056882997094004746,0.07690543896363941,True,False,False,False,True
2025-04-21 16:00:00,PRD-A,58.0,1268.0,0.04574132492113565,0.03678962330497704,0.056882997094004746,0.07697637088303246,False,False,False,False,False
2025-04-22 00:00:00,PRD-A,39.0,1323.0,0.02947845804988662,0.03721171945616957,0.056882997094004746,0.07655427473183993,True,True,True,False,True
2025-04-22 08:00:00,PRD-A,53.0,1320.0,0.04015151515151515,0.03718937841814854,0.056882997094004746,0.07657661576986095,False,True,True,False,True
2025-04-22 16:00:00,PRD-A,43.0,1261.0,0.03409992069785884,0.036733929823966366,0.056882997094004746,0.07703206436404313,True,True,True,False,True
2025-04-29 00:00:00,PRD-A,43.0,1189.0,0.03616484440706476,0.03613283169605941,0.056882997094004746,0.07763316249195008,False,True,True,False,True
2025-04-29 08:00:00,PRD-A,41.0,1271.0,0.03225806451612903,0.036813350973701295,0.056882997094004746,0.0769526432143082,True,True,True,False,True
2025-04-29 16:00:00,PRD-A,126.0,1219.0,0.10336341263330599,0.036389756569998585,0.056882997094004746,0.0773762376180109,True,True,True,False,True
2025-04-30 00:00:00,PRD-A,97.0,1329.0,0.07298720842738901,0.037256174377710935,0.056882997094004746,0.07650981981029856,False,True,False,False,True
2025-04-30 08:00:00,PRD-A,111.0,1321.0,0.08402725208175625,0.037196833886398245,0.056882997094004746,0.07656916030161125,True,True,False,False,True
2025-04-30 16:00:00,PRD-A,130.0,1273.0,0.1021209740769835,0.0368291228002004,0.056882997094004746,0.0769368713878091,True,True,True,False,True
2025-05-07 00:00:00,PRD-A,71.0,1226.0,0.05791190864600326,0.03644834467586268,0.056882997094004746,0.07731764951214681,False,True,True,False,True
2025-05-07 08:00:00,PRD-A,51.0,1239.0,0.04116222760290557,0.03655583094887867,0.056882997094004746,0.07721016323913082,False,False,False,False,False
2025-05-07 16:00:00,PRD-A,83.0,1241.0,0.06688154713940371,0.036572217220098985,0.056882997094004746,0.07719377696791051,False,False,False,False,False
2025-05-08 00:00:00,PRD-A,59.0,1244.0,0.04742765273311897,0.0365967224932981,0.056882997094004746,0.07716927169471138,False,False,False,False,False
2025-05-08 08:00:00,PRD-A,56.0,1248.0,0.04487179487179487,0.03662925864030204,0.056882997094004746,0.07713673554770745,False,False,False,False,False
2025-05-08 16:00:00,PRD-A,87.0,1200.0,0.0725,0.03622815557427782,0.056882997094004746,0.07753783861373167,False,False,False,False,False
2025-05-15 00:00:00,PRD-A,55.0,1186.0,0.046374367622259695,0.03610660438574098,0.056882997094004746,0.07765938980226851,False,False,False,False,False
2025-05-15 08:00:00,PRD-A,58.0,1294.0,0.04482225656877898,0.036992513053441915,0.056882997094004746,0.07677348113456758,False,False,True,False,True
2025-05-15 16:00:00,PRD-A,87.0,1230.0,0.07073170731707316,0.036481598810863665,0.056882997094004746,0.07728439537714582,False,False,False,False,False
2025-05-16 00:00:00,PRD-A,80.0,1251.0,0.0639488409272582,0.036653558275270864,0.056882997094004746,0.07711243591273863,False,False,False,False,False
2025-05-16 08:00:00,PRD-A,65.0,1249.0,0.05204163330664532,0.0366373682456136,0.056882997094004746,0.07712862594239589,False,False,False,False,False
2025-05-16 16:00:00,PRD-A,94.0,1208.0,0.07781456953642384,0.036296662700047264,0.056882997094004746,0.07746933148796223,True,False,False,False,True
2025-05-23 00:00:00,PRD-A,66.0,1221.0,0.05405405405405406,0.036406547429453526,0.056882997094004746,0.07735944675855597,False,False,False,False,False
2025-05-23 08:00:00,PRD-A,61.0,1262.0,0.04833597464342314,0.036741914396211744,0.056882997094004746,0.07702407979179775,False,False,False,False,False
2025-05-23 16:00:00,PRD-A,103.0,1216.0,0.08470394736842106,0.03636449265180811,0.056882997094004746,0.07740150153620137,True,False,False,False,True
2025-05-24 00:00:00,PRD-A,68.0,1249.0,0.0544435548438751,0.0366373682456136,0.056882997094004746,0.07712862594239589,False,False,False,False,False
2025-05-24 08:00:00,PRD-A,84.0,1253.0,0.0670391061452514,0.03666970952640365,0.056882997094004746,0.07709628466160584,False,False,False,False,False
2025-05-24 16:00:00,PRD-A,94.0,1176.0,0.07993197278911565,0.03601845637552993,0.056882997094004746,0.07774753781247956,True,False,False,False,True
2025-05-31 00:00:00,PRD-A,50.0,942.0,0.05307855626326964,0.033570594277007176,0.056882997094004746,0.08019539991100232,False,False,False,False,False
2025-05-31 08:00:00,PRD-A,30.0,1307.0,0.022953328232593728,0.03709168003460443,0.056882997094004746,0.07667431415340506,True,False,False,False,True
2025-05-31 16:00:00,PRD-A,45.0,1206.0,0.03731343283582089,0.03627959984225356,0.056882997094004746,0.07748639434575594,False,True,False,False,True
2025-06-01 00:00:00,PRD-A,38.0,1254.0,0.030303030303030304,0.03667777065835638,0.056882997094004746,0.07708822352965311,True,True,False,False,True
2025-06-01 08:00:00,PRD-A,62.0,1332.0,0.046546546546546545,0.03727828911455523,0.056882997094004746,0.07648770507345426,False,True,True,False,True
2025-06-01 16:00:00,PRD-A,52.0,1290.0,0.040310077519379844,0.03696169896209331,0.056882997094004746,0.07680429522591618,False,True,True,False,True
2025-06-08 00:00:00,PRD-A,48.0,1190.0,0.040336134453781515,0.036141552085348895,0.056882997094004746,0.07762444210266059,False,True,True,False,True
2025-06-08 08:00:00,PRD-A,56.0,1257.0,0.04455051710421639,0.036701896310465804,0.056882997094004746,0.07706409787754369,False,True,True,True,True
2025-06-08 16:00:00,PRD-A,93.0,1252.0,0.0742811501597444,0.0366616387384727,0.056882997094004746,0.07710435544953678,False,False,True,False,True
2025-06-09 00:00:00,PRD-A,70.0,1287.0,0.05439005439005439,0.036938494180631054,0.056882997094004746,0.07682750000737844,False,False,False,False,False
2025-06-09 08:00:00,PRD-A,64.0,1288.0,0.049689440993788817,0.036946238115271014,0.056882997094004746,0.07681975607273847,False,False,False,False,False
2025-06-09 16:00:00,PRD-A,90.0,1167.0,0.07712082262210797,0.035938156371047164,0.056882997094004746,0.07782783781696233,False,False,False,False,False
2025-06-16 00:00:00,PRD-A,60.0,1295.0,0.04633204633204633,0.037000194260154516,0.056882997094004746,0.07676579992785498,False,False,False,False,False
2025-06-16 08:00:00,PRD-A,37.0,1297.0,0.028527370855821126,0.03701553001471845,0.056882997094004746,0.07675046417329104,True,False,False,False,True
2025-06-16 16:00:00,PRD-A,52.0,1291.0,0.040278853601859024,0.03696941590917035,0.056882997094004746,0.07679657827883915,False,True,True,False,True
2025-06-17 00:00:00,PRD-A,45.0,1315.0,0.034220532319391636,0.03715197360063649,0.056882997094004746,0.076614020587373,True,True,True,False,True
2025-06-17 08:00:00,PRD-A,55.0,1308.0,0.04204892966360856,0.037099246969333095,0.056882997094004746,0.07666674721867639,False,True,True,False,True
2025-06-17 16:00:00,PRD-A,58.0,1258.0,0.046104928457869634,0.036709919010358874,0.056882997094004746,0.07705607517765062,False,True,True,False,True
2025-06-24 00:00:00,PRD-A,40.0,1236.0,0.032362459546925564,0.03653117700877434,0.056882997094004746,0.07723481717923515,True,True,True,False,True
2025-06-24 08:00:00,PRD-A,41.0,1301.0,0.03151421983089931,0.03704609536678652,0.056882997094004746,0.07671989882122297,True,True,True,True,True
2025-06-24 16:00:00,PRD-A,110.0,1330.0,0.08270676691729323,0.037263554269950136,0.056882997094004746,0.07650243991805936,True,True,True,False,True
2025-06-25 00:00:00,PRD-A,36.0,1270.0,0.028346456692913385,0.03680545109300948,0.056882997094004746,0.07696054309500001,True,True,True,False,True
2025-06-25 08:00:00,PRD-A,47.0,1319.0,0.0356330553449583,0.03718191447295887,0.056882997094004746,0.07658407971505063,True,True,True,False,True
2025-06-25 16:00:00,PRD-A,57.0,1260.0,0.04523809523809524,0.03672593574816284,0.056882997094004746,0.07704005843984665,False,True,True,False,True
2024-01-03 00:00:00,PRD-A,45.0,1233.0,0.0364963503649635,0.03650643314542893,0.056882997094004746,0.07725956104258055,True,True,True,False,True
2024-01-03 08:00:00,PRD-A,55.0,1324.0,0.04154078549848943,0.03721914958963117,0.056882997094004746,0.07654684459837832,False,True,True,False,True
2024-01-03 16:00:00,PRD-A,76.0,1260.0,0.06031746031746032,0.03672593574816284,0.056882997094004746,0.07704005843984665,False,True,True,False,True
2024-01-04 00:00:00,PRD-A,74.0,1291.0,0.05731990704879938,0.03696941590917035,0.056882997094004746,0.07679657827883915,False,False,False,False,False
2024-01-04 08:00:00,PRD-A,43.0,1270.0,0.03385826771653543,0.03680545109300948,0.056882997094004746,0.07696054309500001,True,False,False,False,True
2024-01-04 16:00:00,PRD-A,77.0,1245.0,0.061847389558232935,0.03660487122815216,0.056882997094004746,0.07716112295985733,False,False,False,False,False
2024-01-11 00:00:00,PRD-A,46.0,853.0,0.053927315357561546,0.0323845828130475,0.056882997094004746,0.08138141137496199,False,False,False,False,False
2024-01-11 08:00:00,PRD-A,34.0,1317.0,0.025816249050873197,0.03716696108741244,0.056882997094004746,0.07659903310059706,True,False,False,False,True
2024-01-11 16:00:00,PRD-A,57.0,1273.0,0.04477611940298507,0.0368291228002004,0.056882997094004746,0.0769368713878091,False,False,False,False,False
2024-01-12 00:00:00,PRD-A,46.0,1312.0,0.0350609756097561,0.03712942814651725,0.056882997094004746,0.07663656604149224,True,True,False,False,True
2024-01-12 08:00:00,PRD-A,80.0,1349.0,0.05930318754633061,0.03740220931355029,0.056882997094004746,0.0763637848744592,False,False,False,False,False
2024-01-12 16:00:00,PRD-A,76.0,1306.0,0.05819295558958652,0.03708410441057221,0.056882997094004746,0.07668188977743728,False,False,False,False,False
2024-01-19 00:00:00,PRD-A,102.0,1189.0,0.08578637510513036,0.03613283169605941,0.056882997094004746,0.07763316249195008,True,False,False,False,True
2024-01-19 08:00:00,PRD-A,81.0,1165.0,0.06952789699570816,0.03592018567643024,0.056882997094004746,0.07784580851157925,False,False,False,False,False
2024-01-19 16:00:00,PRD-A,158.0,1184.0,0.13344594594594594,0.03608906416082859,0.056882997094004746,0.0776769300271809,True,True,False,False,True
2024-01-20 00:00:00,PRD-A,82.0,847.0,0.09681227863046045,0.03229796469622152,0.056882997094004746,0.08146802949178797,True,True,True,False,True
2024-01-20 08:00:00,PRD-A,48.0,1302.0,0.03686635944700461,0.03705371468787698,0.056882997094004746,0.07671227950013251,True,True,True,False,True
2024-01-20 16:00:00,PRD-A,69.0,1269.0,0.054373522458628844,0.03679754187623589,0.056882997094004746,0.0769684523117736,False,False,False,False,False
2024-01-27 00:00:00,PRD-A,76.0,1236.0,0.061488673139158574,0.03653117700877434,0.056882997094004746,0.07723481717923515,False,False,False,False,False
2024-01-27 08:00:00,PRD-A,58.0,1237.0,0.04688763136620857,0.03653940495335368,0.056882997094004746,0.0772265892346558,False,False,False,False,False
2024-01-27 16:00:00,PRD-A,71.0,1236.0,0.05744336569579288,0.03653117700877434,0.056882997094004746,0.07723481717923515,False,False,False,False,False
2024-01-28 00:00:00,PRD-A,75.0,1296.0,0.05787037037037037,0.03700786657486574,0.056882997094004746,0.07675812761314375,False,False,False,False,False
2024-01-28 08:00:00,PRD-A,67.0,1218.0,0.055008210180623976,0.03638134563571299,0.056882997094004746,0.0773846485522965,False,False,False,False,False
2024-01-28 16:00:00,PRD-A,97.0,1258.0,0.07710651828298887,0.036709919010358874,0.056882997094004746,0.07705607517765062,True,False,False,False,True
2024-02-04 00:00:00,PRD-A,64.0,1154.0,0.05545927209705372,0.03582051322094307,0.056882997094004746,0.07794548096706642,False,False,False,False,False
2024-02-04 08:00:00,PRD-A,69.0,1248.0,0.055288461538461536,0.03662925864030204,0.056882997094004746,0.07713673554770745,False,False,False,False,False
2024-02-04 16:00:00,PRD-A,99.0,1204.0,0.08222591362126246,0.03626249448666985,0.056882997094004746,0.07750349970133964,True,False,False,False,True
2024-02-05 00:00:00,PRD-A,83.0,1228.0,0.06758957654723127,0.036464992053304654,0.056882997094004746,0.07730100213470484,False,False,False,False,False
2024-02-05 08:00:00,PRD-A,73.0,1281.0,0.05698672911787666,0.03689184030890122,0.056882997094004746,0.07687415387910827,False,False,False,False,False
2024-02-05 16:00:00,PRD-A,102.0,1149.0,0.08877284595300261,0.03577473511027128,0.056882997094004746,0.07799125907773821,True,False,False,False,True
2024-02-12 00:00:00,PRD-A,90.0,1196.0,0.07525083612040134,0.03619364453681191,0.056882997094004746,0.07757234965119758,False,True,True,False,True
2024-02-12 08:00:00,PRD-A,91.0,1249.0,0.07285828662930344,0.0366373682456136,0.056882997094004746,0.07712862594239589,False,True,True,False,True
2024-02-12 16:00:00,PRD-A,115.0,1209.0,0.09511993382961124,0.03630517824721366,0.056882997094004746,0.07746081594079583,True,True,True,False,True
2024-02-13 00:00:00,PRD-A,85.0,1240.0,0.06854838709677419,0.03656402904001473,0.056882997094004746,0.07720196514799477,False,True,True,True,True
2024-02-13 08:00:00,PRD-A,125.0,1240.0,0.10080645161290322,0.03656402904001473,0.056882997094004746,0.07720196514799477,True,True,True,True,True
2024-02-13 16:00:00,PRD-A,156.0,1192.0,0.13087248322147652,0.036158959931477885,0.056882997094004746,0.0776070342565316,True,True,True,True,True
2024-02-20 00:00:00,PRD-A,68.0,1169.0,0.058169375534645,0.035956080927794745,0.056882997094004746,0.07780991326021475,False,True,True,True,True
2024-02-20 08:00:00,PRD-A,70.0,920.0,0.07608695652173914,0.03329350574708147,0.056882997094004746,0.08047248844092802,False,True,True,True,True
2024-02-20 16:00:00,PRD-A,52.0,1314.0,0.0395738203957382,0.03714446702874865,0.056882997094004746,0.07662152715926085,False,False,False,False,False
2024-02-21 00:00:00,PRD-A,83.0,1340.0,0.06194029850746269,0.03733689823816854,0.056882997094004746,0.07642909594984096,False,False,False,False,False
2024-02-21 08:00:00,PRD-A,41.0,1314.0,0.03120243531202435,0.03714446702874865,0.056882997094004746,0.07662152715926085,True,True,False,False,True
2024-02-21 16:00:00,PRD-A,67.0,1302.0,0.05145929339477726,0.03705371468787698,0.056882997094004746,0.07671227950013251,False,False,False,False,False
2024-02-28 00:00:00,PRD-A,109.0,1185.0,0.0919831223628692,0.036097839823989286,0.056882997094004746,0.0776681543640202,True,False,False,False,True
2024-02-28 08:00:00,PRD-A,102.0,1217.0,0.0838126540673788,0.036372924336751024,0.056882997094004746,0.07739306985125846,True,True,False,False,True
2024-02-28 16:00:00,PRD-A,119.0,837.0,0.14217443249701314,0.03215153676423324,0.056882997094004746,0.08161445742377625,True,True,False,False,True
2024-02-29 00:00:00,PRD-A,54.0,1277.0,0.042286609240407204,0.036860555224370074,0.056882997094004746,0.07690543896363941,False,True,False,False,True
2024-02-29 08:00:00,PRD-A,47.0,1287.0,0.03651903651903652,0.036938494180631054,0.056882997094004746,0.07682750000737844,True,True,False,False,True
2024-02-29 16:00:00,PRD-A,61.0,1225.0,0.04979591836734694,0.03644000570289034,0.056882997094004746,0.07732598848511915,False,True,False,False,True
2024-03-07 00:00:00,PRD-A,162.0,1144.0,0.14160839160839161,0.035728657207842664,0.056882997094004746,0.07803733698016682,True,False,False,False,True
2024-03-07 08:00:00,PRD-A,183.0,1203.0,0.15211970074812967,0.03625392581702626,0.056882997094004746,0.07751206837098323,True,True,False,False,True
2024-03-07 16:00:00,PRD-A,208.0,1152.0,0.18055555555555555,0.0358022377434284,0.056882997094004746,0.07796375644458109,True,True,False,False,True
2024-03-08 00:00:00,PRD-A,227.0,1226.0,0.18515497553017946,0.03644834467586268,0.056882997094004746,0.07731764951214681,True,True,True,False,True
2024-03-08 08:00:00,PRD-A,180.0,1129.0,0.15943312666076173,0.03558859163091163,0.056882997094004746,0.07817740255709786,True,True,True,False,True
2024-03-08 16:00:00,PRD-A,270.0,1121.0,0.2408563782337199,0.035512743107726535,0.056882997094004746,0.07825325108028296,True,True,True,False,True
2024-03-15 00:00:00,PRD-A,55.0,1194.0,0.046063651591289785,0.036176324020963664,0.056882997094004746,0.07758967016704582,False,True,True,False,True
2024-03-15 08:00:00,PRD-A,50.0,1309.0,0.03819709702062643,0.03710680523135667,0.056882997094004746,0.07665918895665283,False,False,False,False,False
2024-03-15 16:00:00,PRD-A,76.0,1260.0,0.06031746031746032,0.03672593574816284,0.056882997094004746,0.07704005843984665,False,False,False,False,False
2024-03-16 00:00:00,PRD-A,54.0,1259.0,0.04289118347895155,0.03671793214993367,0.056882997094004746,0.07704806203807582,False,True,False,False,True
2024-03-16 08:00:00,PRD-A,71.0,1281.0,0.05542544886807182,0.03689184030890122,0.056882997094004746,0.07687415387910827,False,False,False,False,False
2024-03-16 16:00:00,PRD-A,83.0,1237.0,0.06709781729991916,0.03653940495335368,0.056882997094004746,0.0772265892346558,False,False,False,False,False
2024-03-23 00:00:00,PRD-A,51.0,1216.0,0.04194078947368421,0.03636449265180811,0.056882997094004746,0.07740150153620137,False,False,False,False,False
2024-03-23 08:00:00,PRD-A,57.0,1255.0,0.04541832669322709,0.03668582215356973,0.056882997094004746,0.07708017203443976,False,False,False,False,False
2024-03-23 16:00:00,PRD-A,89.0,1219.0,0.07301066447908121,0.036389756569998585,0.056882997094004746,0.0773762376180109,False,False,False,False,False
2024-03-24 00:00:00,PRD-A,62.0,1233.0,0.050283860502838604,0.03650643314542893,0.056882997094004746,0.07725956104258055,False,False,False,False,False
2024-03-24 08:00:00,PRD-A,74.0,1273.0,0.05813040062843677,0.0368291228002004,0.056882997094004746,0.0769368713878091,False,False,False,False,False
2024-03-24 16:00:00,PRD-A,93.0,1250.0,0.0744,0.03664546811745145,0.056882997094004746,0.07712052607055804,False,False,False,False,False
2024-03-31 00:00:00,PRD-A,60.0,1256.0,0.04777070063694268,0.03669386403122894,0.056882997094004746,0.07707213015678055,False,False,False,False,False
2024-03-31 08:00:00,PRD-A,44.0,1247.0,0.03528468323977546,0.03662113928200689,0.056882997094004746,0.0771448549060026,True,False,False,False,True
2024-03-31 16:00:00,PRD-A,88.0,1261.0,0.06978588421887391,0.036733929823966366,0.056882997094004746,0.07703206436404313,False,False,False,False,False
2024-04-01 00:00:00,PRD-A,57.0,1235.0,0.046153846153846156,0.03652293907276191,0.056882997094004746,0.07724305511524758,False,False,False,False,False
2024-04-01 08:00:00,PRD-A,75.0,1269.0,0.0591016548463357,0.03679754187623589,0.056882997094004746,0.0769684523117736,False,False,False,False,False
2024-04-01 16:00:00,PRD-A,92.0,1242.0,0.07407407407407407,0.036580395509085234,0.056882997094004746,0.07718559867892426,False,False,False,False,False
2024-04-08 00:00:00,PRD-A,48.0,1192.0,0.040268456375838924,0.036158959931477885,0.056882997094004746,0.0776070342565316,False,False,False,False,False
2024-04-08 08:00:00,PRD-A,50.0,1256.0,0.03980891719745223,0.03669386403122894,0.056882997094004746,0.07707213015678055,False,True,False,False,True
2024-04-08 16:00:00,PRD-A,87.0,1233.0,0.0705596107055961,0.03650643314542893,0.056882997094004746,0.07725956104258055,False,True,False,False,True
2024-04-09 00:00:00,PRD-A,53.0,1311.0,0.04042715484363082,0.037121895803460855,0.056882997094004746,0.07664409838454864,False,True,False,False,True
2024-04-09 08:00:00,PRD-A,60.0,1270.0,0.047244094488188976,0.03680545109300948,0.056882997094004746,0.07696054309500001,False,False,True,False,True
2024-04-09 16:00:00,PRD-A,81.0,1247.0,0.06495589414595028,0.03662113928200689,0.056882997094004746,0.0771448549060026,False,False,False,False,False
2024-04-16 00:00:00,PRD-A,55.0,1249.0,0.044035228182546036,0.0366373682456136,0.056882997094004746,0.07712862594239589,False,False,False,False,False
2024-04-16 08:00:00,PRD-A,59.0,1327.0,0.044461190655614165,0.037241389575074724,0.056882997094004746,0.07652460461293477,False,False,True,False,True
2024-04-16 16:00:00,PRD-A,84.0,1260.0,0.06666666666666667,0.03672593574816284,0.056882997094004746,0.07704005843984665,False,False,False,False,False
2024-04-17 00:00:00,PRD-A,67.0,1313.0,0.051028179741051026,0.03713695188282044,0.056882997094004746,0.07662904230518905,False,False,False,False,False
2024-04-17 08:00:00,PRD-A,54.0,1229.0,0.043938161106590726,0.03647330049923999,0.056882997094004746,0.07729269368876951,False,False,False,False,False
2024-04-17 16:00:00,PRD-A,90.0,1274.0,0.0706436420722135,0.03683699478256212,0.056882997094004746,0.07692899940544737,False,False,False,False,False
2024-04-24 00:00:00,PRD-A,86.0,1268.0,0.06782334384858044,0.03678962330497704,0.056882997094004746,0.07697637088303246,False,False,False,False,False
2024-04-24 08:00:00,PRD-A,77.0,1227.0,0.06275468622656886,0.03645667345241331,0.056882997094004746,0.07730932073559618,False,False,False,False,False
2024-04-24 16:00:00,PRD-A,111.0,1250.0,0.0888,0.03664546811745145,0.056882997094004746,0.07712052607055804,True,False,False,False,True
2024-04-25 00:00:00,PRD-A,79.0,1272.0,0.06210691823899371,0.03682124153666415,0.056882997094004746,0.07694475265134534,False,False,False,False,False
2024-04-25 08:00:00,PRD-A,88.0,1249.0,0.07045636509207366,0.0366373682456136,0.056882997094004746,0.07712862594239589,False,True,False,False,True
2024-04-25 16:00:00,PRD-A,147.0,1229.0,0.11960943856794141,0.03647330049923999,0.056882997094004746,0.07729269368876951,True,True,False,False,True
2024-05-02 00:00:00,PRD-A,58.0,1185.0,0.048945147679324896,0.036097839823989286,0.056882997094004746,0.0776681543640202,False,True,False,False,True
2024-05-02 08:00:00,PRD-A,83.0,1239.0,0.06698950766747377,0.03655583094887867,0.056882997094004746,0.07721016323913082,False,False,False,False,False
2024-05-02 16:00:00,PRD-A,99.0,1206.0,0.08208955223880597,0.03627959984225356,0.056882997094004746,0.07748639434575594,True,False,True,False,True
2024-05-03 00:00:00,PRD-A,87.0,1239.0,0.07021791767554479,0.03655583094887867,0.056882997094004746,0.07721016323913082,False,False,True,False,True
2024-05-03 08:00:00,PRD-A,96.0,1211.0,0.07927332782824112,0.03632217768741115,0.056882997094004746,0.07744381650059834,True,True,True,False,True
2024-05-03 16:00:00,PRD-A,146.0,1182.0,0.12351945854483926,0.03607147943638943,0.056882997094004746,0.07769451475162006,True,True,True,False,True
2024-05-10 00:00:00,PRD-A,40.0,1227.0,0.032599837000814993,0.03645667345241331,0.056882997094004746,0.07730932073559618,True,True,True,False,True
2024-05-10 08:00:00,PRD-A,62.0,1292.0,0.047987616099071206,0.036977123895209005,0.056882997094004746,0.07678887029280049,False,False,False,False,False
2024-05-10 16:00:00,PRD-A,71.0,1241.0,0.057211925866236905,0.036572217220098985,0.056882997094004746,0.07719377696791051,False,False,False,False,False
2024-05-11 00:00:00,PRD-A,52.0,1238.0,0.0420032310177706,0.03654762292668058,0.056882997094004746,0.07721837126132891,False,False,False,False,False
2024-05-11 08:00:00,PRD-A,63.0,1329.0,0.04740406320541761,0.037256174377710935,0.056882997094004746,0.07650981981029856,False,False,True,False,True
2024-05-11 16:00:00,PRD-A,74.0,1274.0,0.058084772370486655,0.03683699478256212,0.056882997094004746,0.07692899940544737,False,False,False,False,False
2024-05-18 00:00:00,PRD-A,123.0,1244.0,0.09887459807073955,0.0365967224932981,0.056882997094004746,0.07716927169471138,True,False,False,False,True
2024-05-18 08:00:00,PRD-A,119.0,1231.0,0.0966693744922827,0.03648988700876133,0.056882997094004746,0.07727610717924815,True,True,False,False,True
2024-05-18 16:00:00,PRD-A,162.0,1202.0,0.13477537437603992,0.03624534645659007,0.056882997094004746,0.07752064773141942,True,True,False,False,True
2024-05-19 00:00:00,PRD-A,129.0,1290.0,0.1,0.03696169896209331,0.056882997094004746,0.07680429522591618,True,True,True,False,True
2024-05-19 08:00:00,PRD-A,121.0,1266.0,0.09557661927330174,0.03677375802513534,0.056882997094004746,0.07699223616287415,True,True,True,False,True
2024-05-19 16:00:00,PRD-A,202.0,1224.0,0.1650326797385621,0.03643165651267453,0.056882997094004746,0.07733433767533496,True,True,True,False,True
2024-05-26 00:00:00,PRD-A,70.0,1279.0,0.054730258014073496,0.03687621611207691,0.056882997094004746,0.07688977807593259,False,True,True,False,True
2024-05-26 08:00:00,PRD-A,74.0,1259.0,0.05877680698967434,0.03671793214993367,0.056882997094004746,0.07704806203807582,False,False,False,False,False
2024-05-26 16:00:00,PRD-A,96.0,1185.0,0.0810126582278481,0.036097839823989286,0.056882997094004746,0.0776681543640202,True,False,False,False,True
2024-05-27 00:00:00,PRD-A,63.0,1285.0,0.0490272373540856,0.03692297920130044,0.056882997094004746,0.07684301498670905,False,False,False,False,False
2024-05-27 08:00:00,PRD-A,80.0,1272.0,0.06289308176100629,0.03682124153666415,0.056882997094004746,0.07694475265134534,False,False,False,False,False
2024-05-27 16:00:00,PRD-A,94.0,1204.0,0.07807308970099668,0.03626249448666985,0.056882997094004746,0.07750349970133964,True,False,False,False,True
2024-06-03 00:00:00,PRD-A,75.0,1240.0,0.06048387096774194,0.03656402904001473,0.056882997094004746,0.07720196514799477,False,False,False,False,False
2024-06-03 08:00:00,PRD-A,84.0,1233.0,0.0681265206812652,0.03650643314542893,0.056882997094004746,0.07725956104258055,False,False,False,False,False
2024-06-03 16:00:00,PRD-A,102.0,1187.0,0.08593091828138164,0.03611535786946985,0.056882997094004746,0.07765063631853963,True,False,False,False,True
2024-06-04 00:00:00,PRD-A,102.0,1259.0,0.08101667990468626,0.03671793214993367,0.056882997094004746,0.07704806203807582,True,True,True,False,True
2024-06-04 08:00:00,PRD-A,85.0,1250.0,0.068,0.03664546811745145,0.056882997094004746,0.07712052607055804,False,True,True,False,True
2024-06-04 16:00:00,PRD-A,121.0,1116.0,0.10842293906810035,0.03546492417573555,0.056882997094004746,0.07830107001227393,True,True,True,True,True
2024-06-11 00:00:00,PRD-A,71.0,937.0,0.07577374599786553,0.03350847745275956,0.056882997094004746,0.08025751673524993,False,True,True,True,True
2024-06-11 08:00:00,PRD-A,29.0,1296.0,0.022376543209876542,0.03700786657486574,0.056882997094004746,0.07675812761314375,True,True,True,False,True
2024-06-11 16:00:00,PRD-A,63.0,1291.0,0.048799380325329204,0.03696941590917035,0.056882997094004746,0.07679657827883915,False,False,False,False,False
2024-06-12 00:00:00,PRD-A,56.0,1327.0,0.04220045214770158,0.037241389575074724,0.056882997094004746,0.07652460461293477,False,True,False,False,True
2024-06-12 08:00:00,PRD-A,35.0,1055.0,0.03317535545023697,0.034854429389436836,0.056882997094004746,0.07891156479857266,True,True,True,False,True
2024-06-12 16:00:00,PRD-A,71.0,1338.0,0.053064275037369206,0.03732229524856652,0.056882997094004746,0.07644369893944297,False,True,True,False,True
2024-06-19 00:00:00,PRD-A,71.0,1165.0,0.06094420600858369,0.03592018567643024,0.056882997094004746,0.07784580851157925,False,False,False,False,False
2024-06-19 08:00:00,PRD-A,80.0,1263.0,0.06334125098970704,0.03674988948371419,0.056882997094004746,0.0770161047042953,False,False,False,False,False
2024-06-19 16:00:00,PRD-A,113.0,1222.0,0.09247135842880523,0.03641492739692727,0.056882997094004746,0.07735106679108222,True,False,False,False,True
2024-06-20 00:00:00,PRD-A,93.0,1278.0,0.07276995305164319,0.036868390263554686,0.056882997094004746,0.0768976039244548,False,True,False,False,True
2024-06-20 08:00:00,PRD-A,91.0,1228.0,0.0741042345276873,0.036464992053304654,0.056882997094004746,0.07730100213470484,False,True,False,False,True
2024-06-20 16:00:00,PRD-A,117.0,1200.0,0.0975,0.03622815557427782,0.056882997094004746,0.07753783861373167,True,True,True,False,True
2024-06-27 00:00:00,PRD-A,66.0,1197.0,0.05513784461152882,0.03620228851151851,0.056882997094004746,0.07756370567649098,False,True,True,False,True
2024-06-27 08:00:00,PRD-A,78.0,1281.0,0.06088992974238876,0.03689184030890122,0.056882997094004746,0.07687415387910827,False,False,False,False,False
2024-06-27 16:00:00,PRD-A,89.0,1198.0,0.07429048414023372,0.03621092166095856,0.056882997094004746,0.07755507252705093,False,False,False,False,False
2024-06-28 00:00:00,PRD-A,91.0,1252.0,0.07268370607028754,0.0366616387384727,0.056882997094004746,0.07710435544953678,False,True,False,False,True
2024-06-28 08:00:00,PRD-A,95.0,1264.0,0.07515822784810126,0.03675785510523677,0.056882997094004746,0.07700813908277272,False,True,False,False,True
2024-06-28 16:00:00,PRD-A,116.0,1175.0,0.09872340425531916,0.036009579735809705,0.056882997094004746,0.07775641445219979,True,True,True,False,True
2024-07-05 00:00:00,PRD-A,90.0,1124.0,0.0800711743772242,0.0355412811849847,0.056882997094004746,0.07822471300302479,True,True,True,False,True
2024-07-05 08:00:00,PRD-A,102.0,1273.0,0.08012568735271014,0.0368291228002004,0.056882997094004746,0.0769368713878091,True,True,True,False,True
2024-07-05 16:00:00,PRD-A,117.0,1121.0,0.10437109723461195,0.035512743107726535,0.056882997094004746,0.07825325108028296,True,True,True,True,True
2024-07-06 00:00:00,PRD-A,96.0,1224.0,0.0784313725490196,0.03643165651267453,0.056882997094004746,0.07733433767533496,True,True,True,True,True
2024-07-06 08:00:00,PRD-A,98.0,1204.0,0.08139534883720931,0.03626249448666985,0.056882997094004746,0.07750349970133964,True,True,True,True,True
2024-07-06 16:00:00,PRD-A,143.0,1181.0,0.12108382726502964,0.036062670327991715,0.056882997094004746,0.07770332386001777,True,True,True,True,True
2024-07-13 00:00:00,PRD-A,86.0,1197.0,0.07184628237259816,0.03620228851151851,0.056882997094004746,0.07756370567649098,False,True,True,True,True
2024-07-13 08:00:00,PRD-A,85.0,1214.0,0.0700164744645799,0.036347598038454096,0.056882997094004746,0.0774183961495554,False,True,True,True,True
2024-07-13 16:00:00,PRD-A,127.0,1173.0,0.1082693947144075,0.03599179241485022,0.056882997094004746,0.07777420177315927,True,True,True,True,True
2024-07-14 00:00:00,PRD-A,91.0,1240.0,0.07338709677419354,0.03656402904001473,0.056882997094004746,0.07720196514799477,False,True,True,True,True
2024-07-14 08:00:00,PRD-A,96.0,1221.0,0.07862407862407862,0.036406547429453526,0.056882997094004746,0.07735944675855597,True,True,True,True,True
2024-07-14 16:00:00,PRD-A,115.0,1149.0,0.10008703220191471,0.03577473511027128,0.056882997094004746,0.07799125907773821,True,True,True,True,True
2024-07-21 00:00:00,PRD-A,81.0,1282.0,0.06318252730109204,0.03689963869296432,0.056882997094004746,0.07686635549504517,False,True,True,True,True
2024-07-21 08:00:00,PRD-A,66.0,1282.0,0.0514820592823713,0.03689963869296432,0.056882997094004746,0.07686635549504517,False,False,False,False,False
2024-07-21 16:00:00,PRD-A,79.0,1265.0,0.062450592885375494,0.036765811279490676,0.056882997094004746,0.07700018290851882,False,False,False,False,False
2024-07-22 00:00:00,PRD-A,59.0,1311.0,0.04500381388253242,0.037121895803460855,0.056882997094004746,0.07664409838454864,False,False,False,False,False
2024-07-22 08:00:00,PRD-A,78.0,1272.0,0.06132075471698113,0.03682124153666415,0.056882997094004746,0.07694475265134534,False,False,False,False,False
2024-07-22 16:00:00,PRD-A,151.0,1247.0,0.1210906174819567,0.03662113928200689,0.056882997094004746,0.0771448549060026,True,False,False,False,True
2024-07-29 00:00:00,PRD-A,111.0,1286.0,0.08631415241057543,0.03693074121516296,0.056882997094004746,0.07683525297284653,True,True,False,False,True
2024-07-29 08:00:00,PRD-A,58.0,1312.0,0.04420731707317073,0.03712942814651725,0.056882997094004746,0.07663656604149224,False,True,False,False,True
2024-07-29 16:00:00,PRD-A,100.0,1294.0,0.07727975270479134,0.036992513053441915,0.056882997094004746,0.07677348113456758,True,True,False,False,True
2024-07-30 00:00:00,PRD-A,43.0,1301.0,0.033051498847040735,0.03704609536678652,0.056882997094004746,0.07671989882122297,True,False,False,False,True
2024-07-30 08:00:00,PRD-A,42.0,1316.0,0.031914893617021274,0.03715947161477513,0.056882997094004746,0.07660652257323436,True,True,False,False,True
2024-07-30 16:00:00,PRD-A,67.0,1288.0,0.05201863354037267,0.036946238115271014,0.056882997094004746,0.07681975607273847,False,True,False,False,True
2024-08-06 00:00:00,PRD-A,50.0,1206.0,0.04145936981757877,0.03627959984225356,0.056882997094004746,0.07748639434575594,False,True,False,False,True
2024-08-06 08:00:00,PRD-A,86.0,1345.0,0.06394052044609666,0.037373263104746195,0.056882997094004746,0.0763927310832633,False,False,False,False,False
2024-08-06 16:00:00,PRD-A,74.0,1249.0,0.059247397918334666,0.0366373682456136,0.056882997094004746,0.07712862594239589,False,False,False,False,False
2024-08-07 00:00:00,PRD-A,55.0,1292.0,0.04256965944272446,0.036977123895209005,0.056882997094004746,0.07678887029280049,False,False,False,False,False
2024-08-07 08:00:00,PRD-A,45.0,1263.0,0.035629453681710214,0.03674988948371419,0.056882997094004746,0.0770161047042953,True,True,False,False,True
2024-08-07 16:00:00,PRD-A,74.0,1236.0,0.059870550161812294,0.03653117700877434,0.056882997094004746,0.07723481717923515,False,True,False,False,True
2024-08-14 00:00:00,PRD-A,55.0,1250.0,0.044,0.03664546811745145,0.056882997094004746,0.07712052607055804,False,False,False,False,False
2024-08-14 08:00:00,PRD-A,55.0,1304.0,0.04217791411042945,0.037068927027980425,0.056882997094004746,0.07669706716002907,False,False,True,False,True
2024-08-14 16:00:00,PRD-A,68.0,1232.0,0.05519480519480519,0.03649816511346013,0.056882997094004746,0.07726782907454936,False,False,False,False,False
2024-08-15 00:00:00,PRD-A,100.0,1353.0,0.07390983000739099,0.03743102706273047,0.056882997094004746,0.07633496712527901,False,False,False,False,False
2024-08-15 08:00:00,PRD-A,68.0,1293.0,0.05259087393658159,0.036984822937538686,0.056882997094004746,0.0767811712504708,False,False,False,False,False
2024-08-15 16:00:00,PRD-A,94.0,1216.0,0.07730263157894737,0.03636449265180811,0.056882997094004746,0.07740150153620137,False,True,False,False,True
2024-08-22 00:00:00,PRD-A,68.0,1243.0,0.054706355591311345,0.036588563926871064,0.056882997094004746,0.07717743026113844,False,False,False,False,False
2024-08-22 08:00:00,PRD-A,46.0,1310.0,0.035114503816793895,0.03711435483722928,0.056882997094004746,0.0766516393507802,True,False,False,False,True
2024-08-22 16:00:00,PRD-A,99.0,1248.0,0.07932692307692307,0.03662925864030204,0.056882997094004746,0.07713673554770745,True,False,False,False,True
2024-08-23 00:00:00,PRD-A,62.0,1018.0,0.060903732809430254,0.034457679565517436,0.056882997094004746,0.07930831462249205,False,False,False,False,False
2024-08-23 08:00:00,PRD-A,41.0,1272.0,0.03223270440251572,0.03682124153666415,0.056882997094004746,0.07694475265134534,True,False,False,False,True
2024-08-23 16:00:00,PRD-A,52.0,1267.0,0.04104183109707971,0.036781695360778625,0.056882997094004746,0.07698429882723087,False,True,False,False,True
2024-08-30 00:00:00,PRD-A,66.0,1291.0,0.05112316034082107,0.03696941590917035,0.056882997094004746,0.07679657827883915,False,True,False,False,True
2024-08-30 08:00:00,PRD-A,57.0,1301.0,0.043812451960030745,0.03704609536678652,0.056882997094004746,0.07671989882122297,False,False,False,False,False
2024-08-30 16:00:00,PRD-A,54.0,1235.0,0.0437246963562753,0.03652293907276191,0.056882997094004746,0.07724305511524758,False,False,True,False,True
2024-08-31 00:00:00,PRD-A,42.0,1258.0,0.033386327503974564,0.036709919010358874,0.056882997094004746,0.07705607517765062,True,False,True,False,True
2024-08-31 08:00:00,PRD-A,53.0,1306.0,0.04058192955589587,0.03708410441057221,0.056882997094004746,0.07668188977743728,False,True,True,False,True
2024-08-31 16:00:00,PRD-A,62.0,1247.0,0.04971932638331997,0.03662113928200689,0.056882997094004746,0.0771448549060026,False,True,True,True,True
2024-09-07 00:00:00,PRD-A,51.0,1236.0,0.0412621359223301,0.03653117700877434,0.056882997094004746,0.07723481717923515,False,True,True,True,True
2024-09-07 08:00:00,PRD-A,43.0,1251.0,0.03437250199840128,0.036653558275270864,0.056882997094004746,0.07711243591273863,True,True,True,True,True
2024-09-07 16:00:00,PRD-A,85.0,1289.0,0.06594259115593483,0.03695397303660142,0.056882997094004746,0.07681202115140807,False,True,True,False,True
2024-09-08 00:00:00,PRD-A,65.0,1257.0,0.05171042163882259,0.036701896310465804,0.056882997094004746,0.07706409787754369,False,False,False,False,False
2024-09-08 08:00:00,PRD-A,56.0,1298.0,0.04314329738058552,0.03702318459680927,0.056882997094004746,0.07674280959120022,False,False,False,False,False
2024-09-08 16:00:00,PRD-A,74.0,917.0,0.0806979280261723,0.033254950301009875,0.056882997094004746,0.08051104388699962,True,False,False,False,True
2024-09-15 00:00:00,PRD-A,63.0,1196.0,0.052675585284280936,0.03619364453681191,0.056882997094004746,0.07757234965119758,False,False,False,False,False
2024-09-15 08:00:00,PRD-A,76.0,1274.0,0.059654631083202514,0.03683699478256212,0.056882997094004746,0.07692899940544737,False,False,False,False,False
2024-09-15 16:00:00,PRD-A,112.0,1231.0,0.09098294069861901,0.03648988700876133,0.056882997094004746,0.07727610717924815,True,False,False,False,True
2024-09-16 00:00:00,PRD-A,86.0,1216.0,0.07072368421052631,0.03636449265180811,0.056882997094004746,0.07740150153620137,False,True,False,False,True
2024-09-16 08:00:00,PRD-A,86.0,1200.0,0.07166666666666667,0.03622815557427782,0.056882997094004746,0.07753783861373167,False,True,False,False,True
2024-09-16 16:00:00,PRD-A,127.0,1182.0,0.10744500846023688,0.03607147943638943,0.056882997094004746,0.07769451475162006,True,True,True,False,True
2024-09-23 00:00:00,PRD-A,45.0,1253.0,0.035913806863527534,0.03666970952640365,0.056882997094004746,0.07709628466160584,True,True,True,False,True
2024-09-23 08:00:00,PRD-A,73.0,1331.0,0.054845980465815174,0.037270925843692994,0.056882997094004746,0.07649506834431649,False,False,False,False,False
2024-09-23 16:00:00,PRD-A,55.0,1131.0,0.04862953138815208,0.03560742790656878,0.056882997094004746,0.07815856628144072,False,False,False,False,False
2024-09-24 00:00:00,PRD-A,59.0,1264.0,0.04667721518987342,0.03675785510523677,0.056882997094004746,0.07700813908277272,False,False,False,False,False
2024-09-24 08:00:00,PRD-A,58.0,1319.0,0.04397270659590599,0.03718191447295887,0.056882997094004746,0.07658407971505063,False,False,True,False,True
2024-09-24 16:00:00,PRD-A,94.0,1238.0,0.07592891760904685,0.03654762292668058,0.056882997094004746,0.07721837126132891,False,False,False,False,False
2024-10-01 00:00:00,PRD-A,104.0,1258.0,0.08267090620031796,0.036709919010358874,0.056882997094004746,0.07705607517765062,True,True,False,False,True
2024-10-01 08:00:00,PRD-A,108.0,1221.0,0.08845208845208845,0.036406547429453526,0.056882997094004746,0.07735944675855597,True,True,False,False,True
2024-10-01 16:00:00,PRD-A,171.0,1219.0,0.140278917145201,0.036389756569998585,0.056882997094004746,0.0773762376180109,True,True,True,False,True
2024-10-02 00:00:00,PRD-A,134.0,1259.0,0.10643367752184273,0.03671793214993367,0.056882997094004746,0.07704806203807582,True,True,True,False,True
2024-10-02 08:00:00,PRD-A,117.0,1196.0,0.09782608695652174,0.03619364453681191,0.056882997094004746,0.07757234965119758,True,True,True,False,True
2024-10-02 16:00:00,PRD-A,189.0,1197.0,0.15789473684210525,0.03620228851151851,0.056882997094004746,0.07756370567649098,True,True,True,False,True
2024-10-09 00:00:00,PRD-A,66.0,1220.0,0.054098360655737705,0.03639815716085125,0.056882997094004746,0.07736783702715824,False,True,True,False,True
2024-10-09 08:00:00,PRD-A,78.0,1257.0,0.06205250596658711,0.036701896310465804,0.056882997094004746,0.07706409787754369,False,False,False,False,False
2024-10-09 16:00:00,PRD-A,100.0,1213.0,0.08244023083264633,0.03633913506712613,0.056882997094004746,0.07742685912088336,True,False,False,False,True
2024-10-10 00:00:00,PRD-A,88.0,1229.0,0.07160292921074043,0.03647330049923999,0.056882997094004746,0.07729269368876951,False,True,False,False,True
2024-10-10 08:00:00,PRD-A,85.0,1221.0,0.06961506961506962,0.036406547429453526,0.056882997094004746,0.07735944675855597,False,True,False,False,True
2024-10-10 16:00:00,PRD-A,118.0,1178.0,0.100169779286927,0.03603617573390118,0.056882997094004746,0.07772981845410831,True,True,True,False,True
2024-10-17 00:00:00,PRD-A,64.0,1281.0,0.04996096799375488,0.03689184030890122,0.056882997094004746,0.07687415387910827,False,False,True,False,True
2024-10-17 08:00:00,PRD-A,57.0,1334.0,0.04272863568215892,0.03729299080989584,0.056882997094004746,0.07647300337811365,False,False,False,False,False
2024-10-17 16:00:00,PRD-A,51.0,1224.0,0.041666666666666664,0.03643165651267453,0.056882997094004746,0.07733433767533496,False,True,False,False,True
2024-10-18 00:00:00,PRD-A,47.0,1327.0,0.03541823662396383,0.037241389575074724,0.056882997094004746,0.07652460461293477,True,True,True,False,True
2024-10-18 08:00:00,PRD-A,34.0,1311.0,0.02593440122044241,0.037121895803460855,0.056882997094004746,0.07664409838454864,True,True,True,False,True
2024-10-18 16:00:00,PRD-A,67.0,1232.0,0.05438311688311688,0.03649816511346013,0.056882997094004746,0.07726782907454936,False,True,True,False,True
2024-10-25 00:00:00,PRD-A,96.0,1179.0,0.08142493638676845,0.03604501850051753,0.056882997094004746,0.07772097568749196,True,False,False,False,True
2024-10-25 08:00:00,PRD-A,111.0,1216.0,0.0912828947368421,0.03636449265180811,0.056882997094004746,0.07740150153620137,True,True,False,False,True
2024-10-25 16:00:00,PRD-A,120.0,871.0,0.1377726750861079,0.032639045255624,0.056882997094004746,0.08112694893238549,True,True,False,False,True
2024-10-26 00:00:00,PRD-A,46.0,1330.0,0.03458646616541353,0.037263554269950136,0.056882997094004746,0.07650243991805936,True,True,False,False,True
2024-10-26 08:00:00,PRD-A,36.0,1291.0,0.027885360185902403,0.03696941590917035,0.056882997094004746,0.07679657827883915,True,True,False,False,True
2024-10-26 16:00:00,PRD-A,75.0,1262.0,0.059429477020602216,0.036741914396211744,0.056882997094004746,0.07702407979179775,False,True,False,False,True
2024-11-02 00:00:00,PRD-A,62.0,1267.0,0.0489344909234412,0.036781695360778625,0.056882997094004746,0.07698429882723087,False,False,False,False,False
2024-11-02 08:00:00,PRD-A,59.0,1289.0,0.045771916214119475,0.03695397303660142,0.056882997094004746,0.07681202115140807,False,False,True,False,True
2024-11-02 16:00:00,PRD-A,85.0,1242.0,0.06843800322061191,0.036580395509085234,0.056882997094004746,0.07718559867892426,False,False,False,False,False
2024-11-03 00:00:00,PRD-A,63.0,1310.0,0.048091603053435114,0.03711435483722928,0.056882997094004746,0.0766516393507802,False,False,False,False,False
2024-11-03 08:00:00,PRD-A,71.0,1269.0,0.05594956658786446,0.03679754187623589,0.056882997094004746,0.0769684523117736,False,False,False,False,False
2024-11-03 16:00:00,PRD-A,112.0,1217.0,0.09202958093672967,0.036372924336751024,0.056882997094004746,0.07739306985125846,True,False,False,False,True
2024-11-10 00:00:00,PRD-A,76.0,1327.0,0.05727204220045215,0.037241389575074724,0.056882997094004746,0.07652460461293477,False,False,False,False,False
2024-11-10 08:00:00,PRD-A,42.0,1327.0,0.031650339110776186,0.037241389575074724,0.056882997094004746,0.07652460461293477,True,False,False,False,True
2024-11-10 16:00:00,PRD-A,46.0,1276.0,0.03605015673981191,0.03685271097651982,0.056882997094004746,0.07691328321148967,True,True,False,False,True
2024-11-11 00:00:00,PRD-A,37.0,1283.0,0.028838659392049885,0.03690742795788743,0.056882997094004746,0.07685856623012206,True,True,False,False,True
2024-11-11 08:00:00,PRD-A,42.0,1329.0,0.03160270880361174,0.037256174377710935,0.056882997094004746,0.07650981981029856,True,True,True,False,True
2024-11-11 16:00:00,PRD-A,55.0,1253.0,0.04389465283320032,0.03666970952640365,0.056882997094004746,0.07709628466160584,False,True,True,False,True
2024-11-18 00:00:00,PRD-A,103.0,1131.0,0.09106984969053934,0.03560742790656878,0.056882997094004746,0.07815856628144072,True,False,True,False,True
2024-11-18 08:00:00,PRD-A,93.0,1193.0,0.07795473595976529,0.03616764743433816,0.056882997094004746,0.07759834675367133,True,True,False,False,True
2024-11-18 16:00:00,PRD-A,149.0,1132.0,0.13162544169611307,0.035616827319082944,0.056882997094004746,0.07814916686892655,True,True,False,False,True
2024-11-19 00:00:00,PRD-A,113.0,1207.0,0.0936205468102734,0.036288136572370074,0.056882997094004746,0.07747785761563941,True,True,True,False,True
2024-11-19 08:00:00,PRD-A,96.0,952.0,0.10084033613445378,0.03369335659854065,0.056882997094004746,0.08007263758946884,True,True,True,False,True
2024-11-19 16:00:00,PRD-A,63.0,1208.0,0.052152317880794705,0.036296662700047264,0.056882997094004746,0.07746933148796223,False,True,True,False,True
2024-11-26 00:00:00,PRD-A,31.0,1268.0,0.02444794952681388,0.03678962330497704,0.056882997094004746,0.07697637088303246,True,False,False,False,True
2024-11-26 08:00:00,PRD-A,54.0,1224.0,0.04411764705882353,0.03643165651267453,0.056882997094004746,0.07733433767533496,False,False,False,False,False
2024-11-26 16:00:00,PRD-A,74.0,1257.0,0.0588703261734288,0.036701896310465804,0.056882997094004746,0.07706409787754369,False,False,False,False,False
2024-11-27 00:00:00,PRD-A,46.0,1282.0,0.0358814352574103,0.03689963869296432,0.056882997094004746,0.07686635549504517,True,False,False,False,True
2024-11-27 08:00:00,PRD-A,54.0,1274.0,0.0423861852433281,0.03683699478256212,0.056882997094004746,0.07692899940544737,False,True,True,False,True
2024-11-27 16:00:00,PRD-A,77.0,1262.0,0.061014263074484945,0.036741914396211744,0.056882997094004746,0.07702407979179775,False,True,False,False,True
2024-12-04 00:00:00,PRD-A,51.0,1274.0,0.040031397174254316,0.03683699478256212,0.056882997094004746,0.07692899940544737,False,True,False,False,True
2024-12-04 08:00:00,PRD-A,42.0,1049.0,0.04003813155386082,0.03479152045306124,0.056882997094004746,0.07897447373494826,False,True,True,False,True
2024-12-04 16:00:00,PRD-A,46.0,1327.0,0.0346646571213263,0.037241389575074724,0.056882997094004746,0.07652460461293477,True,True,True,False,True
2024-12-05 00:00:00,PRD-A,59.0,1343.0,0.04393149664929263,0.03735874152924159,0.056882997094004746,0.07640725265876791,False,True,True,False,True
2024-12-05 08:00:00,PRD-A,63.0,1351.0,0.046632124352331605,0.03741663418615431,0.056882997094004746,0.07634936000185519,False,False,True,False,True
2024-12-05 16:00:00,PRD-A,51.0,1321.0,0.03860711582134747,0.037196833886398245,0.056882997094004746,0.07656916030161125,False,False,True,False,True
2024-12-12 00:00:00,PRD-A,144.0,1186.0,0.12141652613827993,0.03610660438574098,0.056882997094004746,0.07765938980226851,True,False,True,False,True
2024-12-12 08:00:00,PRD-A,146.0,1198.0,0.12186978297161936,0.03621092166095856,0.056882997094004746,0.07755507252705093,True,True,False,False,True
2024-12-12 16:00:00,PRD-A,180.0,1184.0,0.15202702702702703,0.03608906416082859,0.056882997094004746,0.0776769300271809,True,True,False,False,True
2024-12-13 00:00:00,PRD-A,169.0,1183.0,0.14285714285714285,0.03608027737280356,0.056882997094004746,0.07768571681520593,True,True,True,False,True
2024-12-13 08:00:00,PRD-A,180.0,1097.0,0.1640838650865998,0.03528024030130104,0.056882997094004746,0.07848575388670845,True,True,True,False,True
2024-12-13 16:00:00,PRD-A,105.0,1289.0,0.08145849495733126,0.03695397303660142,0.056882997094004746,0.07681202115140807,True,True,True,False,True
2024-12-20 00:00:00,PRD-A,97.0,1155.0,0.08398268398268398,0.03582963315376857,0.056882997094004746,0.07793636103424093,True,True,True,False,True
2024-12-20 08:00:00,PRD-A,93.0,1241.0,0.0749395648670427,0.036572217220098985,0.056882997094004746,0.07719377696791051,False,True,True,True,True
2024-12-20 16:00:00,PRD-A,109.0,876.0,0.12442922374429223,0.03270833362777365,0.056882997094004746,0.08105766056023583,True,True,True,True,True
2024-12-21 00:00:00,PRD-A,49.0,1328.0,0.036897590361445784,0.03724878615131852,0.056882997094004746,0.07651720803669097,True,True,True,False,True
2024-12-21 08:00:00,PRD-A,49.0,1315.0,0.037262357414448666,0.03715197360063649,0.056882997094004746,0.076614020587373,False,True,False,False,True
2024-12-21 16:00:00,PRD-A,81.0,1275.0,0.06352941176470588,0.03684485750195125,0.056882997094004746,0.07692113668605824,False,True,False,False,True
2024-12-28 00:00:00,PRD-A,60.0,1226.0,0.048939641109298535,0.03644834467586268,0.056882997094004746,0.07731764951214681,False,False,False,False,False
2024-12-28 08:00:00,PRD-A,70.0,1285.0,0.054474708171206226,0.03692297920130044,0.056882997094004746,0.07684301498670905,False,False,False,False,False
2024-12-28 16:00:00,PRD-A,96.0,1236.0,0.07766990291262135,0.03653117700877434,0.056882997094004746,0.07723481717923515,True,False,False,False,True
2024-12-29 00:00:00,PRD-A,82.0,1267.0,0.06471981057616416,0.036781695360778625,0.056882997094004746,0.07698429882723087,False,False,False,False,False
2024-12-29 08:00:00,PRD-A,79.0,1234.0,0.0640194489465154,0.03651469112507855,0.056882997094004746,0.07725130306293095,False,False,False,False,False
2024-12-29 16:00:00,PRD-A,107.0,1236.0,0.08656957928802589,0.03653117700877434,0.056882997094004746,0.07723481717923515,True,False,True,False,True
2025-01-05 00:00:00,PRD-A,68.0,1176.0,0.05782312925170068,0.03601845637552993,0.056882997094004746,0.07774753781247956,False,False,True,False,True
2025-01-05 08:00:00,PRD-A,57.0,1219.0,0.04675963904840033,0.036389756569998585,0.056882997094004746,0.0773762376180109,False,False,False,False,False
2025-01-05 16:00:00,PRD-A,101.0,1216.0,0.08305921052631579,0.03636449265180811,0.056882997094004746,0.07740150153620137,True,False,False,False,True
2025-01-06 00:00:00,PRD-A,76.0,1228.0,0.06188925081433225,0.036464992053304654,0.056882997094004746,0.07730100213470484,False,False,False,False,False
2025-01-06 08:00:00,PRD-A,91.0,1236.0,0.07362459546925566,0.03653117700877434,0.056882997094004746,0.07723481717923515,False,True,False,False,True
2025-01-06 16:00:00,PRD-A,132.0,1208.0,0.10927152317880795,0.036296662700047264,0.056882997094004746,0.07746933148796223,True,True,False,False,True
2025-01-13 00:00:00,PRD-A,77.0,1177.0,0.06542056074766354,0.036027321700220986,0.056882997094004746,0.07773867248778851,False,True,True,False,True
2025-01-13 08:00:00,PRD-A,76.0,1215.0,0.06255144032921811,0.03635605055951831,0.056882997094004746,0.07740994362849118,False,False,False,False,False
2025-01-13 16:00:00,PRD-A,137.0,1183.0,0.1158072696534235,0.03608027737280356,0.056882997094004746,0.07768571681520593,True,False,True,False,True
2025-01-14 00:00:00,PRD-A,117.0,1272.0,0.09198113207547169,0.03682124153666415,0.056882997094004746,0.07694475265134534,True,True,True,True,True
2025-01-14 08:00:00,PRD-A,87.0,1200.0,0.0725,0.03622815557427782,0.056882997094004746,0.07753783861373167,False,True,True,True,True
2025-01-14 16:00:00,PRD-A,120.0,1146.0,0.10471204188481675,0.03574712455303544,0.056882997094004746,0.07801886963497405,True,True,True,True,True
2025-01-21 00:00:00,PRD-A,81.0,1159.0,0.06988783433994823,0.03586599477665976,0.056882997094004746,0.07789999941134973,False,True,True,True,True
2025-01-21 08:00:00,PRD-A,80.0,1075.0,0.07441860465116279,0.035060308370737904,0.056882997094004746,0.07870568581727158,False,True,True,True,True
2025-01-21 16:00:00,PRD-A,52.0,1282.0,0.0405616224648986,0.03689963869296432,0.056882997094004746,0.07686635549504517,False,False,True,False,True
2025-01-22 00:00:00,PRD-A,78.0,1328.0,0.058734939759036146,0.03724878615131852,0.056882997094004746,0.07651720803669097,False,False,False,False,False
2025-01-22 08:00:00,PRD-A,48.0,1308.0,0.03669724770642202,0.037099246969333095,0.056882997094004746,0.07666674721867639,True,True,False,False,True
2025-01-22 16:00:00,PRD-A,113.0,1362.0,0.08296622613803231,0.03749540220905476,0.056882997094004746,0.07627059197895474,True,False,False,False,True
2025-01-29 00:00:00,PRD-A,97.0,1135.0,0.08546255506607929,0.03564495098548698,0.056882997094004746,0.07812104320252251,True,True,False,False,True
2025-01-29 08:00:00,PRD-A,103.0,1195.0,0.08619246861924686,0.03618498971419651,0.056882997094004746,0.07758100447381298,True,True,False,False,True
2025-01-29 16:00:00,PRD-A,164.0,1060.0,0.15471698113207547,0.0349064449701846,0.056882997094004746,0.0788595492178249,True,True,True,False,True
2025-01-30 00:00:00,PRD-A,38.0,1316.0,0.028875379939209727,0.03715947161477513,0.056882997094004746,0.07660652257323436,True,True,True,False,True
2025-01-30 08:00:00,PRD-A,42.0,1297.0,0.03238242097147263,0.03701553001471845,0.056882997094004746,0.07675046417329104,True,True,False,False,True
2025-01-30 16:00:00,PRD-A,59.0,1215.0,0.048559670781893,0.03635605055951831,0.056882997094004746,0.07740994362849118,False,True,False,False,True
2025-02-06 00:00:00,PRD-A,69.0,1227.0,0.05623471882640587,0.03645667345241331,0.056882997094004746,0.07730932073559618,False,False,False,False,False
2025-02-06 08:00:00,PRD-A,70.0,1242.0,0.05636070853462158,0.036580395509085234,0.056882997094004746,0.07718559867892426,False,False,False,False,False
2025-02-06 16:00:00,PRD-A,89.0,1228.0,0.0724755700325733,0.036464992053304654,0.056882997094004746,0.07730100213470484,False,False,False,False,False
2025-02-07 00:00:00,PRD-A,76.0,1237.0,0.06143896523848019,0.03653940495335368,0.056882997094004746,0.0772265892346558,False,False,False,False,False
2025-02-07 08:00:00,PRD-A,65.0,1250.0,0.052,0.03664546811745145,0.056882997094004746,0.07712052607055804,False,False,False,False,False
2025-02-07 16:00:00,PRD-A,120.0,1203.0,0.09975062344139651,0.03625392581702626,0.056882997094004746,0.07751206837098323,True,False,False,False,True
2025-02-14 00:00:00,PRD-A,86.0,1195.0,0.07196652719665272,0.03618498971419651,0.056882997094004746,0.07758100447381298,False,True,False,False,True
2025-02-14 08:00:00,PRD-A,72.0,1294.0,0.05564142194744977,0.036992513053441915,0.056882997094004746,0.07677348113456758,False,True,False,False,True
2025-02-14 16:00:00,PRD-A,122.0,1235.0,0.09878542510121457,0.03652293907276191,0.056882997094004746,0.07724305511524758,True,True,False,False,True
2025-02-15 00:00:00,PRD-A,97.0,1242.0,0.07809983896940419,0.036580395509085234,0.056882997094004746,0.07718559867892426,True,True,True,False,True
2025-02-15 08:00:00,PRD-A,88.0,1270.0,0.06929133858267716,0.03680545109300948,0.056882997094004746,0.07696054309500001,False,True,True,False,True
2025-02-15 16:00:00,PRD-A,124.0,1182.0,0.10490693739424704,0.03607147943638943,0.056882997094004746,0.07769451475162006,True,True,True,False,True
2025-02-22 00:00:00,PRD-A,119.0,1155.0,0.10303030303030303,0.03582963315376857,0.056882997094004746,0.07793636103424093,True,True,True,False,True
2025-02-22 08:00:00,PRD-A,155.0,1283.0,0.12081060015588464,0.03690742795788743,0.056882997094004746,0.07685856623012206,True,True,True,False,True
2025-02-22 16:00:00,PRD-A,172.0,1125.0,0.15288888888888888,0.0355507685008165,0.056882997094004746,0.078215225687193,True,True,True,False,True
2025-02-23 00:00:00,PRD-A,136.0,1231.0,0.11047928513403736,0.03648988700876133,0.056882997094004746,0.07727610717924815,True,True,True,True,True
2025-02-23 08:00:00,PRD-A,139.0,1234.0,0.1126418152350081,0.03651469112507855,0.056882997094004746,0.07725130306293095,True,True,True,True,True
2025-02-23 16:00:00,PRD-A,211.0,1175.0,0.17957446808510638,0.036009579735809705,0.056882997094004746,0.07775641445219979,True,True,True,True,True
2025-03-02 00:00:00,PRD-A,79.0,1228.0,0.06433224755700326,0.036464992053304654,0.056882997094004746,0.07730100213470484,False,True,True,True,True
2025-03-02 08:00:00,PRD-A,83.0,1236.0,0.06715210355987054,0.03653117700877434,0.056882997094004746,0.07723481717923515,False,False,True,True,True
2025-03-02 16:00:00,PRD-A,92.0,1186.0,0.0775716694772344,0.03610660438574098,0.056882997094004746,0.07765938980226851,False,False,True,True,True
2025-03-03 00:00:00,PRD-A,68.0,932.0,0.07296137339055794,0.033445861429402084,0.056882997094004746,0.08032013275860742,False,True,True,True,True
2025-03-03 08:00:00,PRD-A,71.0,1339.0,0.05302464525765497,0.03732960083307732,0.056882997094004746,0.07643639335493217,False,True,True,False,True
2025-03-03 16:00:00,PRD-A,65.0,1286.0,0.05054432348367029,0.03693074121516296,0.056882997094004746,0.07683525297284653,False,False,False,False,False
2025-03-10 00:00:00,PRD-A,36.0,1270.0,0.028346456692913385,0.03680545109300948,0.056882997094004746,0.07696054309500001,True,False,False,False,True
2025-03-10 08:00:00,PRD-A,46.0,1271.0,0.03619197482297404,0.036813350973701295,0.056882997094004746,0.0769526432143082,True,True,False,False,True
2025-03-10 16:00:00,PRD-A,70.0,1278.0,0.054773082942097026,0.036868390263554686,0.056882997094004746,0.0768976039244548,False,True,False,False,True
2025-03-11 00:00:00,PRD-A,47.0,1309.0,0.03590527119938885,0.03710680523135667,0.056882997094004746,0.07665918895665283,True,True,False,False,True
2025-03-11 08:00:00,PRD-A,72.0,1330.0,0.05413533834586466,0.037263554269950136,0.056882997094004746,0.07650243991805936,False,False,False,False,False
2025-03-11 16:00:00,PRD-A,83.0,1253.0,0.06624102154828412,0.03666970952640365,0.056882997094004746,0.07709628466160584,False,False,False,False,False
2025-03-18 00:00:00,PRD-A,57.0,1268.0,0.044952681388012616,0.03678962330497704,0.056882997094004746,0.07697637088303246,False,False,False,False,False
2025-03-18 08:00:00,PRD-A,53.0,1261.0,0.04203013481363997,0.036733929823966366,0.056882997094004746,0.07703206436404313,False,False,False,False,False
2025-03-18 16:00:00,PRD-A,59.0,898.0,0.06570155902004454,0.0330062960481057,0.056882997094004746,0.0807596981399038,False,False,False,False,False
2025-03-19 00:00:00,PRD-A,24.0,1302.0,0.018433179723502304,0.03705371468787698,0.056882997094004746,0.07671227950013251,True,True,False,False,True
2025-03-19 08:00:00,PRD-A,47.0,1315.0,0.03574144486692015,0.03715197360063649,0.056882997094004746,0.076614020587373,True,True,True,False,True
2025-03-19 16:00:00,PRD-A,48.0,1281.0,0.03747072599531616,0.03689184030890122,0.056882997094004746,0.07687415387910827,False,True,True,False,True
2025-03-26 00:00:00,PRD-A,81.0,1145.0,0.07074235807860262,0.035737896928696694,0.056882997094004746,0.0780280972593128,False,True,False,False,True
2025-03-26 08:00:00,PRD-A,94.0,1221.0,0.07698607698607698,0.036406547429453526,0.056882997094004746,0.07735944675855597,False,False,False,False,False
2025-03-26 16:00:00,PRD-A,125.0,1195.0,0.10460251046025104,0.03618498971419651,0.056882997094004746,0.07758100447381298,True,True,False,False,True
2025-03-27 00:00:00,PRD-A,96.0,1223.0,0.07849550286181521,0.03642329708433388,0.056882997094004746,0.07734269710367561,True,True,True,False,True
2025-03-27 08:00:00,PRD-A,103.0,1224.0,0.08415032679738563,0.03643165651267453,0.056882997094004746,0.07733433767533496,True,True,True,False,True
2025-03-27 16:00:00,PRD-A,120.0,1058.0,0.11342155009451796,0.03488568298905551,0.056882997094004746,0.07888031119895397,True,True,True,False,True
2025-04-03 00:00:00,PRD-A,98.0,1159.0,0.08455565142364108,0.03586599477665976,0.056882997094004746,0.07789999941134973,True,True,True,False,True
2025-04-03 08:00:00,PRD-A,109.0,1249.0,0.08726981585268215,0.0366373682456136,0.056882997094004746,0.07712862594239589,True,True,True,True,True
2025-04-03 16:00:00,PRD-A,148.0,1185.0,0.1248945147679325,0.036097839823989286,0.056882997094004746,0.0776681543640202,True,True,True,True,True
2025-04-04 00:00:00,PRD-A,116.0,1187.0,0.09772535804549284,0.03611535786946985,0.056882997094004746,0.07765063631853963,True,True,True,True,True
2025-04-04 08:00:00,PRD-A,115.0,1214.0,0.09472817133443164,0.036347598038454096,0.056882997094004746,0.0774183961495554,True,True,True,True,True
2025-04-04 16:00:00,PRD-A,131.0,1116.0,0.11738351254480286,0.03546492417573555,0.056882997094004746,0.07830107001227393,True,True,True,True,True
2025-04-11 00:00:00,PRD-A,78.0,1197.0,0.06516290726817042,0.03620228851151851,0.056882997094004746,0.07756370567649098,False,True,True,True,True
2025-04-11 08:00:00,PRD-A,59.0,1076.0,0.05483271375464684,0.03507045138254461,0.056882997094004746,0.07869554280546488,False,False,True,False,True
2025-04-11 16:00:00,PRD-A,56.0,1277.0,0.04385277995301488,0.036860555224370074,0.056882997094004746,0.07690543896363941,False,False,False,False,False
2025-04-12 00:00:00,PRD-A,48.0,1305.0,0.0367816091954023,0.037076520080593416,0.056882997094004746,0.07668947410741608,True,False,False,False,True
2025-04-12 08:00:00,PRD-A,46.0,1284.0,0.03582554517133956,0.03691520812142933,0.056882997094004746,0.07685078606658016,True,True,False,False,True
2025-04-12 16:00:00,PRD-A,74.0,1244.0,0.0594855305466238,0.0365967224932981,0.056882997094004746,0.07716927169471138,False,True,False,False,True
2025-04-19 00:00:00,PRD-A,53.0,1163.0,0.04557179707652623,0.035902168645672,0.056882997094004746,0.07786382554233749,False,False,True,False,True
2025-04-19 08:00:00,PRD-A,56.0,1295.0,0.043243243243243246,0.037000194260154516,0.056882997094004746,0.07676579992785498,False,False,True,False,True
2025-04-19 16:00:00,PRD-A,87.0,1181.0,0.07366638441998306,0.036062670327991715,0.056882997094004746,0.07770332386001777,False,False,False,False,False
2025-04-20 00:00:00,PRD-A,59.0,1258.0,0.04689984101748808,0.036709919010358874,0.056882997094004746,0.07705607517765062,False,False,False,False,False
2025-04-20 08:00:00,PRD-A,66.0,1264.0,0.05221518987341772,0.03675785510523677,0.056882997094004746,0.07700813908277272,False,False,False,False,False
2025-04-20 16:00:00,PRD-A,101.0,1149.0,0.08790252393385553,0.03577473511027128,0.056882997094004746,0.07799125907773821,True,False,False,False,True
2025-04-27 00:00:00,PRD-A,75.0,1286.0,0.0583203732503888,0.03693074121516296,0.056882997094004746,0.07683525297284653,False,False,False,False,False
2025-04-27 08:00:00,PRD-A,79.0,1294.0,0.061051004636785165,0.036992513053441915,0.056882997094004746,0.07677348113456758,False,False,False,False,False
2025-04-27 16:00:00,PRD-A,65.0,1119.0,0.0580875781948168,0.03549365399808183,0.056882997094004746,0.07827234018992765,False,False,False,False,False
2025-04-28 00:00:00,PRD-A,46.0,1328.0,0.03463855421686747,0.03724878615131852,0.056882997094004746,0.07651720803669097,True,False,False,False,True
2025-04-28 08:00:00,PRD-A,30.0,1316.0,0.022796352583586626,0.03715947161477513,0.056882997094004746,0.07660652257323436,True,True,False,False,True
2025-04-28 16:00:00,PRD-A,60.0,1250.0,0.048,0.03664546811745145,0.056882997094004746,0.07712052607055804,False,True,False,False,True
2025-05-05 00:00:00,PRD-A,93.0,1308.0,0.07110091743119266,0.037099246969333095,0.056882997094004746,0.07666674721867639,False,False,False,False,False
2025-05-05 08:00:00,PRD-A,41.0,1270.0,0.03228346456692913,0.03680545109300948,0.056882997094004746,0.07696054309500001,True,False,True,False,True
2025-05-05 16:00:00,PRD-A,98.0,1305.0,0.07509578544061303,0.037076520080593416,0.056882997094004746,0.07668947410741608,False,True,False,False,True
2025-05-06 00:00:00,PRD-A,68.0,1320.0,0.051515151515151514,0.03718937841814854,0.056882997094004746,0.07657661576986095,False,False,False,False,False
2025-05-06 08:00:00,PRD-A,138.0,1341.0,0.1029082774049217,0.03734418747909174,0.056882997094004746,0.07642180670891775,True,True,False,False,True
2025-05-06 16:00:00,PRD-A,111.0,1160.0,0.09568965517241379,0.0358750557826068,0.056882997094004746,0.07789093840540269,True,True,False,False,True
2025-05-13 00:00:00,PRD-A,88.0,1177.0,0.07476635514018691,0.036027321700220986,0.056882997094004746,0.07773867248778851,False,True,True,False,True
2025-05-13 08:00:00,PRD-A,92.0,1171.0,0.07856532877882152,0.03597395954375923,0.056882997094004746,0.07779203464425026,True,True,True,False,True
2025-05-13 16:00:00,PRD-A,145.0,1164.0,0.12457044673539519,0.035911182965507354,0.056882997094004746,0.07785481122250214,True,True,True,False,True
2025-05-14 00:00:00,PRD-A,108.0,1175.0,0.09191489361702128,0.036009579735809705,0.056882997094004746,0.07775641445219979,True,True,True,False,True
2025-05-14 08:00:00,PRD-A,85.0,839.0,0.10131108462455304,0.03218103165884143,0.056882997094004746,0.08158496252916805,True,True,True,False,True
2025-05-14 16:00:00,PRD-A,53.0,1236.0,0.04288025889967637,0.03653117700877434,0.056882997094004746,0.07723481717923515,False,True,True,False,True
2025-05-21 00:00:00,PRD-A,60.0,1227.0,0.0488997555012225,0.03645667345241331,0.056882997094004746,0.07730932073559618,False,False,False,False,False
2025-05-21 08:00:00,PRD-A,76.0,1284.0,0.059190031152647975,0.03691520812142933,0.056882997094004746,0.07685078606658016,False,False,False,False,False
2025-05-21 16:00:00,PRD-A,99.0,1247.0,0.07939053728949479,0.03662113928200689,0.056882997094004746,0.0771448549060026,True,False,False,False,True
2025-05-22 00:00:00,PRD-A,92.0,1263.0,0.0728424386381631,0.03674988948371419,0.056882997094004746,0.0770161047042953,False,True,False,False,True
2025-05-22 08:00:00,PRD-A,72.0,1246.0,0.05778491171749599,0.03661301015116347,0.056882997094004746,0.07715298403684602,False,True,False,False,True
2025-05-22 16:00:00,PRD-A,113.0,1234.0,0.09157212317666126,0.03651469112507855,0.056882997094004746,0.07725130306293095,True,True,False,False,True
2025-05-29 00:00:00,PRD-A,79.0,1210.0,0.0652892561983471,0.036313683235734334,0.056882997094004746,0.07745231095227516,False,False,True,False,True
2025-05-29 08:00:00,PRD-A,59.0,1193.0,0.04945515507124895,0.03616764743433816,0.056882997094004746,0.07759834675367133,False,False,False,False,False
2025-05-29 16:00:00,PRD-A,109.0,1154.0,0.09445407279029462,0.03582051322094307,0.056882997094004746,0.07794548096706642,True,False,False,False,True
2025-05-30 00:00:00,PRD-A,82.0,1153.0,0.07111882046834345,0.03581138142607525,0.056882997094004746,0.07795461276193424,False,True,True,False,True
2025-05-30 08:00:00,PRD-A,85.0,1247.0,0.0681635926222935,0.03662113928200689,0.056882997094004746,0.0771448549060026,False,True,True,False,True
2025-05-30 16:00:00,PRD-A,109.0,1233.0,0.08840227088402271,0.03650643314542893,0.056882997094004746,0.07725956104258055,True,True,True,False,True
2025-06-06 00:00:00,PRD-A,73.0,1229.0,0.059397884458909686,0.03647330049923999,0.056882997094004746,0.07729269368876951,False,False,True,False,True
2025-06-06 08:00:00,PRD-A,61.0,1143.0,0.05336832895888014,0.03571940536402131,0.056882997094004746,0.07804658882398818,False,False,False,False,False
2025-06-06 16:00:00,PRD-A,115.0,1223.0,0.09403107113654947,0.03642329708433388,0.056882997094004746,0.07734269710367561,True,False,False,False,True
2025-06-07 00:00:00,PRD-A,98.0,1233.0,0.07948094079480941,0.03650643314542893,0.056882997094004746,0.07725956104258055,True,True,False,False,True
2025-06-07 08:00:00,PRD-A,65.0,828.0,0.0785024154589372,0.03201748992696782,0.056882997094004746,0.08174850426104167,False,True,False,False,True
2025-06-07 16:00:00,PRD-A,60.0,1318.0,0.04552352048558422,0.03717444203475312,0.056882997094004746,0.07659155215325637,False,True,False,False,True
2025-06-14 00:00:00,PRD-A,50.0,1251.0,0.03996802557953637,0.036653558275270864,0.056882997094004746,0.07711243591273863,False,False,False,False,False
2025-06-14 08:00:00,PRD-A,85.0,1331.0,0.0638617580766341,0.037270925843692994,0.056882997094004746,0.07649506834431649,False,False,False,False,False
2025-06-14 16:00:00,PRD-A,99.0,1237.0,0.08003233629749394,0.03653940495335368,0.056882997094004746,0.0772265892346558,True,False,False,False,True
2025-06-15 00:00:00,PRD-A,74.0,1273.0,0.05813040062843677,0.0368291228002004,0.056882997094004746,0.0769368713878091,False,False,False,False,False
2025-06-15 08:00:00,PRD-A,66.0,1232.0,0.05357142857142857,0.03649816511346013,0.056882997094004746,0.07726782907454936,False,False,False,False,False
2025-06-15 16:00:00,PRD-A,89.0,1232.0,0.07224025974025974,0.03649816511346013,0.056882997094004746,0.07726782907454936,False,False,False,False,False
2025-06-22 00:00:00,PRD-A,64.0,1245.0,0.05140562248995984,0.03660487122815216,0.056882997094004746,0.07716112295985733,False,False,False,False,False
2025-06-22 08:00:00,PRD-A,62.0,1288.0,0.04813664596273292,0.036946238115271014,0.056882997094004746,0.07681975607273847,False,False,False,False,False
2025-06-22 16:00:00,PRD-A,76.0,869.0,0.08745684695051784,0.03261116261059739,0.056882997094004746,0.0811548315774121,True,False,False,False,True
2025-06-23 00:00:00,PRD-A,60.0,1354.0,0.04431314623338257,0.03743821153944138,0.056882997094004746,0.07632778264856811,False,False,False,False,False
2025-06-23 08:00:00,PRD-A,46.0,1307.0,0.03519510328997705,0.03709168003460443,0.056882997094004746,0.07667431415340506,True,False,False,False,True
2025-06-23 16:00:00,PRD-A,72.0,1266.0,0.05687203791469194,0.03677375802513534,0.056882997094004746,0.07699223616287415,False,False,False,False,False
2025-06-30 00:00:00,PRD-A,100.0,1137.0,0.08795074758135445,0.03566363822721248,0.056882997094004746,0.07810235596079701,True,False,False,False,True
2025-06-30 08:00:00,PRD-A,85.0,1239.0,0.06860371267150928,0.03655583094887867,0.056882997094004746,0.07721016323913082,False,False,False,False,False
2025-06-30 16:00:00,PRD-A,147.0,1210.0,0.12148760330578512,0.036313683235734334,0.056882997094004746,0.07745231095227516,True,True,False,False,True
