timestamp,product_id,defectives,sample_size,proportion,lcl,center_line,ucl,rule_1_beyond_3sigma,rule_2_two_of_three_beyond_2sigma,rule_3_four_of_five_beyond_1sigma,rule_4_eight_same_side,any_signal
2024-01-01 00:00:00,PRD-A,23.0,1103.0,0.02085222121486854,0.02756976383656277,0.04661195978611832,0.06565415573567386,True,False,False,False,True
2024-01-01 08:00:00,PRD-A,37.0,1374.0,0.026928675400291122,0.02955068727813096,0.04661195978611832,0.06367323229410568,True,False,False,False,True
2024-01-01 16:00:00,PRD-A,59.0,1335.0,0.044194756554307116,0.029303271640198955,0.04661195978611832,0.06392064793203768,False,True,False,False,True
2024-01-02 00:00:00,PRD-A,31.0,1288.0,0.02406832298136646,0.02899029828302028,0.04661195978611832,0.06423362128921636,True,True,False,False,True
2024-01-02 08:00:00,PRD-A,21.0,1292.0,0.016253869969040248,0.02901759754263951,0.04661195978611832,0.06420632202959713,True,True,True,False,True
2024-01-02 16:00:00,PRD-A,34.0,1283.0,0.026500389711613406,0.028955994840970098,0.04661195978611832,0.06426792473126654,True,True,True,False,True
2024-01-09 00:00:00,PRD-A,49.0,1193.0,0.04107292539815591,0.028302119154030435,0.04661195978611832,0.0649218004182062,False,True,False,False,True
2024-01-09 08:00:00,PRD-A,50.0,1218.0,0.041050903119868636,0.02849100228054388,0.04661195978611832,0.06473291729169275,False,False,False,True,True
2024-01-09 16:00:00,PRD-A,78.0,1239.0,0.06295399515738499,0.028645226000113714,0.04661195978611832,0.06457869357212292,False,False,False,False,False
2024-01-10 00:00:00,PRD-A,59.0,1242.0,0.04750402576489533,0.028666938073043637,0.04661195978611832,0.064556981499193,False,False,False,False,False
2024-01-10 08:00:00,PRD-A,46.0,1060.0,0.04339622641509434,0.027187370115137322,0.04661195978611832,0.06603654945709932,False,False,False,False,False
2024-01-10 16:00:00,PRD-A,62.0,1330.0,0.04661654135338346,0.02927076703289004,0.04661195978611832,0.0639531525393466,False,False,False,False,False
2024-01-17 00:00:00,PRD-A,31.0,1267.0,0.0244672454617206,0.028844862571752207,0.04661195978611832,0.06437905700048444,True,False,False,False,True
2024-01-17 08:00:00,PRD-A,44.0,1190.0,0.03697478991596639,0.028279054050661105,0.04661195978611832,0.06494486552157552,False,False,False,False,False
2024-01-17 16:00:00,PRD-A,47.0,1258.0,0.037360890302066775,0.028781421038834357,0.04661195978611832,0.06444249853340228,False,False,False,False,False
2024-01-18 00:00:00,PRD-A,37.0,1268.0,0.02917981072555205,0.028851869906757307,0.04661195978611832,0.06437204966547933,False,False,True,False,True
2024-01-18 08:00:00,PRD-A,42.0,1294.0,0.03245749613601236,0.029031199680152796,0.04661195978611832,0.06419271989208383,False,True,True,False,True
2024-01-18 16:00:00,PRD-A,55.0,1195.0,0.04602510460251046,0.028317447612667156,0.04661195978611832,0.06490647195956947,False,True,True,False,True
2024-01-25 00:00:00,PRD-A,38.0,1183.0,0.032121724429416736,0.028224894683818915,0.04661195978611832,0.06499902488841772,False,True,True,False,True
2024-01-25 08:00:00,PRD-A,39.0,1290.0,0.030232558139534883,0.029003963784496437,0.04661195978611832,0.0642199557877402,False,True,True,True,True
2024-01-25 16:00:00,PRD-A,62.0,1235.0,0.05020242914979757,0.028616153596331857,0.04661195978611832,0.06460776597590479,False,True,False,False,True
2024-01-26 00:00:00,PRD-A,32.0,1274.0,0.02511773940345369,0.028893740510890924,0.04661195978611832,0.06433017906134571,True,True,False,False,True
2024-01-26 08:00:00,PRD-A,43.0,1276.0,0.03369905956112853,0.028907631708067708,0.04661195978611832,0.06431628786416893,False,True,True,False,True
2024-01-26 16:00:00,PRD-A,68.0,1207.0,0.056338028169014086,0.02840861684542869,0.04661195978611832,0.06481530272680794,False,True,False,False,True
2024-02-02 00:00:00,PRD-A,26.0,1276.0,0.02037617554858934,0.028907631708067708,0.04661195978611832,0.06431628786416893,True,True,False,False,True
2024-02-02 08:00:00,PRD-A,35.0,1278.0,0.027386541471048513,0.02892149028402948,0.04661195978611832,0.06430242928820715,True,True,True,False,True
2024-02-02 16:00:00,PRD-A,41.0,1220.0,0.03360655737704918,0.028505861616790716,0.04661195978611832,0.06471805795544591,False,True,True,False,True
2024-02-03 00:00:00,PRD-A,29.0,1301.0,0.022290545734050732,0.029078559905017766,0.04661195978611832,0.06414535966721888,True,True,True,False,True
2024-02-03 08:00:00,PRD-A,40.0,1308.0,0.03058103975535168,0.02912553943410883,0.04661195978611832,0.0640983801381278,False,True,True,False,True
2024-02-03 16:00:00,PRD-A,54.0,1252.0,0.04313099041533546,0.02873874717146388,0.04661195978611832,0.06448517240077276,False,True,True,False,True
2024-02-10 00:00:00,PRD-A,37.0,1209.0,0.030603804797353185,0.028423679605923506,0.04661195978611832,0.06480023996631312,False,True,True,False,True
2024-02-10 08:00:00,PRD-A,40.0,1286.0,0.03110419906687403,0.02897660091484009,0.04661195978611832,0.06424731865739655,False,True,True,True,True
2024-02-10 16:00:00,PRD-A,59.0,1233.0,0.047850770478507706,0.028601564371244333,0.04661195978611832,0.0646223552009923,False,True,False,False,True
2024-02-11 00:00:00,PRD-A,48.0,1254.0,0.03827751196172249,0.0287530058196167,0.04661195978611832,0.06447091375261993,False,False,False,False,False
2024-02-11 08:00:00,PRD-A,53.0,1271.0,0.041699449252557044,0.028872842269765883,0.04661195978611832,0.06435107730247075,False,False,False,False,False
2024-02-11 16:00:00,PRD-A,70.0,1204.0,0.05813953488372093,0.028385952371482608,0.04661195978611832,0.06483796720075402,False,False,False,False,False
2024-02-18 00:00:00,PRD-A,46.0,1316.0,0.034954407294832825,0.029178770669800437,0.04661195978611832,0.0640451489024362,False,False,False,False,False
2024-02-18 08:00:00,PRD-A,24.0,1263.0,0.019002375296912115,0.028816750058578096,0.04661195978611832,0.06440716951365855,True,True,False,False,True
2024-02-18 16:00:00,PRD-A,53.0,1311.0,0.04042715484363082,0.029145558239014123,0.04661195978611832,0.0640783613332225,False,True,False,False,True
2024-02-19 00:00:00,PRD-A,24.0,1290.0,0.018604651162790697,0.029003963784496437,0.04661195978611832,0.0642199557877402,True,True,True,False,True
2024-02-19 08:00:00,PRD-A,29.0,1273.0,0.022780832678711706,0.02888678263931889,0.04661195978611832,0.06433713693291775,True,True,True,False,True
2024-02-19 16:00:00,PRD-A,56.0,1244.0,0.04501607717041801,0.028681369134254363,0.04661195978611832,0.06454255043798227,False,True,True,False,True
2024-02-26 00:00:00,PRD-A,62.0,1162.0,0.05335628227194492,0.028059490467168196,0.04661195978611832,0.06516442910506844,False,False,False,False,False
2024-02-26 08:00:00,PRD-A,83.0,1163.0,0.07136715391229578,0.028067468308568662,0.04661195978611832,0.06515645126366798,True,False,False,False,True
2024-02-26 16:00:00,PRD-A,93.0,1197.0,0.07769423558897243,0.02833273763804913,0.04661195978611832,0.0648911819341875,True,True,False,False,True
2024-02-27 00:00:00,PRD-A,84.0,1149.0,0.0731070496083551,0.02795483261751326,0.04661195978611832,0.06526908695472337,True,True,True,False,True
2024-02-27 08:00:00,PRD-A,85.0,1159.0,0.07333908541846419,0.028035495023659564,0.04661195978611832,0.06518842454857707,True,True,True,False,True
2024-02-27 16:00:00,PRD-A,132.0,1105.0,0.11945701357466064,0.02758700439777026,0.04661195978611832,0.06563691517446638,True,True,True,False,True
2024-03-05 00:00:00,PRD-A,83.0,1295.0,0.06409266409266409,0.029037988929336636,0.04661195978611832,0.0641859306429,False,True,True,False,True
2024-03-05 08:00:00,PRD-A,64.0,1302.0,0.04915514592933948,0.02908529445486524,0.04661195978611832,0.0641386251173714,False,True,True,True,True
2024-03-05 16:00:00,PRD-A,76.0,1241.0,0.06124093473005641,0.028659709463802596,0.04661195978611832,0.06456421010843404,False,True,True,True,True
2024-03-06 00:00:00,PRD-A,68.0,1296.0,0.05246913580246913,0.029044770319076596,0.04661195978611832,0.06417914925316004,False,False,True,True,True
2024-03-06 08:00:00,PRD-A,70.0,1228.0,0.057003257328990226,0.028564935504009105,0.04661195978611832,0.06465898406822754,False,False,True,True,True
2024-03-06 16:00:00,PRD-A,90.0,1222.0,0.07364975450081833,0.02852068445854619,0.04661195978611832,0.06470323511369044,True,False,True,True,True
2024-03-13 00:00:00,PRD-A,25.0,1215.0,0.0205761316872428,0.028468644520645535,0.04661195978611832,0.0647552750515911,True,False,True,False,True
2024-03-13 08:00:00,PRD-A,36.0,1299.0,0.02771362586605081,0.02906506748295097,0.04661195978611832,0.06415885208928566,True,True,False,False,True
2024-03-13 16:00:00,PRD-A,67.0,1249.0,0.053642914331465175,0.028717295018175947,0.04661195978611832,0.06450662455406068,False,True,False,False,True
2024-03-14 00:00:00,PRD-A,51.0,1236.0,0.0412621359223301,0.028623434926263666,0.04661195978611832,0.06460048464597297,False,False,False,False,False
2024-03-14 08:00:00,PRD-A,32.0,1238.0,0.025848142164781908,0.028637971110342574,0.04661195978611832,0.06458594846189405,True,False,False,False,True
2024-03-14 16:00:00,PRD-A,66.0,1191.0,0.055415617128463476,0.028286752100857928,0.04661195978611832,0.0649371674713787,False,False,False,False,False
2024-03-21 00:00:00,PRD-A,33.0,1233.0,0.0267639902676399,0.028601564371244333,0.04661195978611832,0.0646223552009923,True,True,False,False,True
2024-03-21 08:00:00,PRD-A,41.0,1285.0,0.031906614785992216,0.028969740241998852,0.04661195978611832,0.06425417933023778,False,True,False,False,True
2024-03-21 16:00:00,PRD-A,62.0,1262.0,0.0491283676703645,0.028809701054646444,0.04661195978611832,0.06441421851759019,False,True,False,False,True
2024-03-22 00:00:00,PRD-A,30.0,1255.0,0.02390438247011952,0.028760122358638653,0.04661195978611832,0.06446379721359799,True,True,False,False,True
2024-03-22 08:00:00,PRD-A,40.0,1228.0,0.03257328990228013,0.028564935504009105,0.04661195978611832,0.06465898406822754,False,True,True,False,True
2024-03-22 16:00:00,PRD-A,49.0,1251.0,0.03916866506794564,0.02873160502827586,0.04661195978611832,0.06449231454396077,False,True,True,False,True
2024-03-29 00:00:00,PRD-A,30.0,1261.0,0.023790642347343377,0.028802643667359712,0.04661195978611832,0.06442127590487692,True,True,True,False,True
2024-03-29 08:00:00,PRD-A,41.0,1313.0,0.031226199543031227,0.02915886597545822,0.04661195978611832,0.06406505359677842,False,True,True,False,True
2024-03-29 16:00:00,PRD-A,38.0,1241.0,0.030620467365028204,0.028659709463802596,0.04661195978611832,0.06456421010843404,False,True,True,False,True
2024-03-30 00:00:00,PRD-A,39.0,1281.0,0.03044496487119438,0.028942217261858208,0.04661195978611832,0.06428170231037843,False,True,True,False,True
2024-03-30 08:00:00,PRD-A,35.0,1329.0,0.02633559066967645,0.02926424410892295,0.04661195978611832,0.06395967546331369,True,True,True,True,True
2024-03-30 16:00:00,PRD-A,64.0,1249.0,0.051240992794235385,0.028717295018175947,0.04661195978611832,0.06450662455406068,False,True,True,False,True
2024-04-06 00:00:00,PRD-A,59.0,1206.0,0.04892205638474295,0.02840107141797897,0.04661195978611832,0.06482284815425766,False,False,False,False,False
2024-04-06 08:00:00,PRD-A,63.0,1240.0,0.050806451612903224,0.028652472112038196,0.04661195978611832,0.06457144746019844,False,False,False,False,False
2024-04-06 16:00:00,PRD-A,98.0,1212.0,0.08085808580858085,0.028446203800546355,0.04661195978611832,0.06477771577169028,True,False,False,False,True
2024-04-07 00:00:00,PRD-A,68.0,1222.0,0.05564648117839607,0.02852068445854619,0.04661195978611832,0.06470323511369044,False,False,False,False,False
2024-04-07 08:00:00,PRD-A,66.0,1211.0,0.054500412881915775,0.02843870503614624,0.04661195978611832,0.0647852145360904,False,False,False,False,False
2024-04-07 16:00:00,PRD-A,80.0,1170.0,0.06837606837606838,0.028123026507612413,0.04661195978611832,0.06510089306462422,True,False,True,False,True
2024-04-14 00:00:00,PRD-A,36.0,1246.0,0.028892455858747994,0.028695765435773988,0.04661195978611832,0.06452815413646265,False,False,True,False,True
2024-04-14 08:00:00,PRD-A,29.0,1296.0,0.022376543209876542,0.029044770319076596,0.04661195978611832,0.06417914925316004,True,True,False,False,True
2024-04-14 16:00:00,PRD-A,38.0,1260.0,0.03015873015873016,0.028795577880087565,0.04661195978611832,0.06442834169214907,False,True,False,False,True
2024-04-15 00:00:00,PRD-A,49.0,1298.0,0.03775038520801233,0.029058309580792793,0.04661195978611832,0.06416560999144384,False,True,True,False,True
2024-04-15 08:00:00,PRD-A,34.0,1326.0,0.02564102564102564,0.029244631083238836,0.04661195978611832,0.0639792884889978,True,True,True,False,True
2024-04-15 16:00:00,PRD-A,51.0,1277.0,0.039937353171495694,0.028914565065716817,0.04661195978611832,0.06430935450651981,False,False,True,False,True
2024-04-22 00:00:00,PRD-A,30.0,1225.0,0.024489795918367346,0.028542850620018257,0.04661195978611832,0.06468106895221838,True,True,True,False,True
2024-04-22 08:00:00,PRD-A,35.0,1290.0,0.027131782945736434,0.029003963784496437,0.04661195978611832,0.0642199557877402,True,True,True,True,True
2024-04-22 16:00:00,PRD-A,51.0,1227.0,0.04156479217603912,0.028557582876170096,0.04661195978611832,0.06466633669606654,False,True,True,True,True
2024-04-23 00:00:00,PRD-A,43.0,1229.0,0.03498779495524817,0.02857227915610649,0.04661195978611832,0.06465164041613014,False,False,True,True,True
2024-04-23 08:00:00,PRD-A,42.0,1273.0,0.032992930086410056,0.02888678263931889,0.04661195978611832,0.06433713693291775,False,False,True,True,True
2024-04-23 16:00:00,PRD-A,78.0,1236.0,0.06310679611650485,0.028623434926263666,0.04661195978611832,0.06460048464597297,False,False,False,False,False
2024-04-30 00:00:00,PRD-A,43.0,1179.0,0.0364715860899067,0.028193730144333424,0.04661195978611832,0.06503018942790321,False,False,False,False,False
2024-04-30 08:00:00,PRD-A,57.0,1203.0,0.04738154613466334,0.028378378713389416,0.04661195978611832,0.06484554085884722,False,False,False,False,False
2024-04-30 16:00:00,PRD-A,61.0,1216.0,0.05016447368421053,0.028476106299807707,0.04661195978611832,0.06474781327242893,False,False,False,False,False
2024-05-01 00:00:00,PRD-A,24.0,1058.0,0.022684310018903593,0.027169019057977997,0.04661195978611832,0.06605490051425864,True,False,False,False,True
2024-05-01 08:00:00,PRD-A,27.0,1288.0,0.02096273291925466,0.02899029828302028,0.04661195978611832,0.06423362128921636,True,True,False,False,True
2024-05-01 16:00:00,PRD-A,44.0,1213.0,0.036273701566364384,0.028453693290036226,0.04661195978611832,0.06477022628220042,False,True,False,False,True
2024-05-08 00:00:00,PRD-A,29.0,1191.0,0.02434928631402183,0.028286752100857928,0.04661195978611832,0.0649371674713787,True,True,True,False,True
2024-05-08 08:00:00,PRD-A,41.0,1251.0,0.032773780975219824,0.02873160502827586,0.04661195978611832,0.06449231454396077,False,True,True,False,True
2024-05-08 16:00:00,PRD-A,58.0,1225.0,0.0473469387755102,0.028542850620018257,0.04661195978611832,0.06468106895221838,False,True,True,False,True
2024-05-09 00:00:00,PRD-A,41.0,1218.0,0.03366174055829228,0.02849100228054388,0.04661195978611832,0.06473291729169275,False,True,True,False,True
2024-05-09 08:00:00,PRD-A,51.0,1230.0,0.041463414634146344,0.028579613850709347,0.04661195978611832,0.0646443057215273,False,False,False,False,False
2024-05-09 16:00:00,PRD-A,61.0,1238.0,0.049273021001615507,0.028637971110342574,0.04661195978611832,0.06458594846189405,False,False,False,False,False
2024-05-16 00:00:00,PRD-A,71.0,1284.0,0.05529595015576324,0.028962871555912602,0.04661195978611832,0.06426104801632404,False,False,False,False,False
2024-05-16 08:00:00,PRD-A,87.0,1337.0,0.06507105459985041,0.029316222400071264,0.04661195978611832,0.06390769717216538,True,False,False,False,True
2024-05-16 16:00:00,PRD-A,54.0,1243.0,0.04344328238133548,0.028674157957348373,0.04661195978611832,0.06454976161488826,False,False,False,False,False
2024-05-17 00:00:00,PRD-A,39.0,1295.0,0.030115830115830116,0.029037988929336636,0.04661195978611832,0.0641859306429,False,False,False,False,False
2024-05-17 08:00:00,PRD-A,48.0,1313.0,0.03655750190403656,0.02915886597545822,0.04661195978611832,0.06406505359677842,False,False,False,False,False
2024-05-17 16:00:00,PRD-A,87.0,1248.0,0.06971153846153846,0.028710127116919948,0.04661195978611832,0.06451379245531669,True,False,False,False,True
2024-05-24 00:00:00,PRD-A,66.0,1097.0,0.0601640838650866,0.027517759563261687,0.04661195978611832,0.06570616000897495,False,True,False,False,True
2024-05-24 08:00:00,PRD-A,80.0,1186.0,0.06745362563237774,0.028248164549842067,0.04661195978611832,0.06497575502239457,True,True,False,False,True
2024-05-24 16:00:00,PRD-A,73.0,796.0,0.09170854271356783,0.024196468997707006,0.04661195978611832,0.06902745057452964,True,True,True,False,True
2024-05-25 00:00:00,PRD-A,22.0,1299.0,0.016936104695919937,0.02906506748295097,0.04661195978611832,0.06415885208928566,True,True,True,False,True
2024-05-25 08:00:00,PRD-A,35.0,1294.0,0.02704791344667697,0.029031199680152796,0.04661195978611832,0.06419271989208383,True,True,False,False,True
2024-05-25 16:00:00,PRD-A,39.0,1266.0,0.030805687203791468,0.028837846935856143,0.04661195978611832,0.06438607263638049,False,True,False,False,True
2024-06-01 00:00:00,PRD-A,42.0,1072.0,0.03917910447761194,0.02729639580130449,0.04661195978611832,0.06592752377093214,False,True,True,False,True
2024-06-01 08:00:00,PRD-A,42.0,1269.0,0.03309692671394799,0.028858868957227873,0.04661195978611832,0.06436505061500876,False,True,True,False,True
2024-06-01 16:00:00,PRD-A,52.0,1211.0,0.042939719240297276,0.02843870503614624,0.04661195978611832,0.0647852145360904,False,False,True,False,True
2024-06-02 00:00:00,PRD-A,41.0,1239.0,0.033091202582728005,0.028645226000113714,0.04661195978611832,0.06457869357212292,False,True,True,False,True
2024-06-02 08:00:00,PRD-A,36.0,1281.0,0.02810304449648712,0.028942217261858208,0.04661195978611832,0.06428170231037843,True,True,True,True,True
2024-06-02 16:00:00,PRD-A,70.0,1242.0,0.05636070853462158,0.028666938073043637,0.04661195978611832,0.064556981499193,False,True,False,False,True
2024-06-09 00:00:00,PRD-A,34.0,1227.0,0.027709861450692746,0.028557582876170096,0.04661195978611832,0.06466633669606654,True,True,False,False,True
2024-06-09 08:00:00,PRD-A,48.0,1263.0,0.03800475059382423,0.028816750058578096,0.04661195978611832,0.06440716951365855,False,False,True,False,True
2024-06-09 16:00:00,PRD-A,52.0,1230.0,0.04227642276422764,0.028579613850709347,0.04661195978611832,0.0646443057215273,False,False,False,False,False
2024-06-10 00:00:00,PRD-A,44.0,1234.0,0.03565640194489465,0.028608863417304935,0.04661195978611832,0.0646150561549317,False,False,False,False,False
2024-06-10 08:00:00,PRD-A,38.0,1258.0,0.030206677265500796,0.028781421038834357,0.04661195978611832,0.06444249853340228,False,False,True,False,True
2024-06-10 16:00:00,PRD-A,62.0,1232.0,0.05032467532467533,0.028594256440160525,0.04661195978611832,0.0646296631320761,False,False,False,False,False
2024-06-17 00:00:00,PRD-A,40.0,1188.0,0.03367003367003367,0.028263628801204827,0.04661195978611832,0.06496029077103181,False,True,False,False,True
2024-06-17 08:00:00,PRD-A,42.0,1272.0,0.0330188679245283,0.02887981656432141,0.04661195978611832,0.06434410300791522,False,True,True,False,True
2024-06-17 16:00:00,PRD-A,68.0,1231.0,0.05523964256701868,0.028586939606012857,0.04661195978611832,0.06463697996622378,False,True,False,False,True
2024-06-18 00:00:00,PRD-A,51.0,1253.0,0.040702314445331206,0.028745880762893368,0.04661195978611832,0.06447803880934327,False,False,False,False,False
2024-06-18 08:00:00,PRD-A,54.0,1239.0,0.043583535108958835,0.028645226000113714,0.04661195978611832,0.06457869357212292,False,False,False,False,False
2024-06-18 16:00:00,PRD-A,66.0,1197.0,0.05513784461152882,0.02833273763804913,0.04661195978611832,0.0648911819341875,False,False,False,False,False
2024-06-25 00:00:00,PRD-A,42.0,1243.0,0.03378921962992759,0.028674157957348373,0.04661195978611832,0.06454976161488826,False,False,False,False,False
2024-06-25 08:00:00,PRD-A,41.0,1258.0,0.03259141494435612,0.028781421038834357,0.04661195978611832,0.06444249853340228,False,True,False,False,True
2024-06-25 16:00:00,PRD-A,73.0,1205.0,0.06058091286307054,0.028393516599828583,0.04661195978611832,0.06483040297240805,False,True,False,False,True
2024-06-26 00:00:00,PRD-A,97.0,1339.0,0.07244212098581031,0.029329144133205684,0.04661195978611832,0.06389477543903095,True,True,False,False,True
2024-06-26 08:00:00,PRD-A,42.0,1276.0,0.032915360501567396,0.028907631708067708,0.04661195978611832,0.06431628786416893,False,True,False,False,True
2024-06-26 16:00:00,PRD-A,68.0,1201.0,0.05661948376353039,0.02836320302947009,0.04661195978611832,0.06486071654276654,False,False,False,False,False
2024-07-03 00:00:00,PRD-A,34.0,1238.0,0.027463651050080775,0.028637971110342574,0.04661195978611832,0.06458594846189405,True,True,False,False,True
2024-07-03 08:00:00,PRD-A,32.0,1278.0,0.025039123630672927,0.02892149028402948,0.04661195978611832,0.06430242928820715,True,True,False,False,True
2024-07-03 16:00:00,PRD-A,40.0,1235.0,0.032388663967611336,0.028616153596331857,0.04661195978611832,0.06460776597590479,False,True,True,False,True
2024-07-04 00:00:00,PRD-A,29.0,1240.0,0.02338709677419355,0.028652472112038196,0.04661195978611832,0.06457144746019844,True,True,True,False,True
2024-07-04 08:00:00,PRD-A,39.0,1289.0,0.030256012412723042,0.028997135009369977,0.04661195978611832,0.06422678456286665,False,True,True,False,True
2024-07-04 16:00:00,PRD-A,54.0,1246.0,0.04333868378812199,0.028695765435773988,0.04661195978611832,0.06452815413646265,False,True,True,False,True
2024-07-11 00:00:00,PRD-A,49.0,1304.0,0.037576687116564415,0.029098740306734087,0.04661195978611832,0.06412517926550254,False,False,True,False,True
2024-07-11 08:00:00,PRD-A,38.0,1297.0,0.029298380878951428,0.029051543864524867,0.04661195978611832,0.06417237570771177,False,False,True,True,True
2024-07-11 16:00:00,PRD-A,34.0,1259.0,0.027005559968228753,0.02878850367615343,0.04661195978611832,0.0644354158960832,True,True,True,True,True
2024-07-12 00:00:00,PRD-A,32.0,1325.0,0.024150943396226414,0.02923807861037681,0.04661195978611832,0.06398584096185983,True,True,True,True,True
2024-07-12 08:00:00,PRD-A,34.0,1306.0,0.026033690658499236,0.029112155260429453,0.04661195978611832,0.06411176431180718,True,True,True,True,True
2024-07-12 16:00:00,PRD-A,55.0,1269.0,0.04334121355397951,0.028858868957227873,0.04661195978611832,0.06436505061500876,False,True,True,True,True
2024-07-19 00:00:00,PRD-A,75.0,1219.0,0.06152584085315833,0.028498436519833407,0.04661195978611832,0.06472548305240322,False,False,False,False,False
2024-07-19 08:00:00,PRD-A,47.0,883.0,0.053227633069082674,0.025329371958452994,0.04661195978611832,0.06789454761378363,False,False,False,False,False
2024-07-19 16:00:00,PRD-A,44.0,1278.0,0.03442879499217527,0.02892149028402948,0.04661195978611832,0.06430242928820715,False,False,False,False,False
2024-07-20 00:00:00,PRD-A,35.0,1301.0,0.026902382782475018,0.029078559905017766,0.04661195978611832,0.06414535966721888,True,True,False,False,True
2024-07-20 08:00:00,PRD-A,32.0,1315.0,0.024334600760456272,0.029172143340491917,0.04661195978611832,0.06405177623174471,True,True,False,False,True
2024-07-20 16:00:00,PRD-A,57.0,1260.0,0.04523809523809524,0.028795577880087565,0.04661195978611832,0.06442834169214907,False,True,False,False,True
2024-07-27 00:00:00,PRD-A,69.0,1234.0,0.055915721231766614,0.028608863417304935,0.04661195978611832,0.0646150561549317,False,False,False,False,False
2024-07-27 08:00:00,PRD-A,82.0,1264.0,0.06487341772151899,0.02882379069573896,0.04661195978611832,0.06440012887649768,True,False,False,False,True
2024-07-27 16:00:00,PRD-A,85.0,934.0,0.09100642398286937,0.025918583834751555,0.04661195978611832,0.06730533573748508,True,True,False,False,True
2024-07-28 00:00:00,PRD-A,41.0,1309.0,0.03132161955691368,0.02913222001519391,0.04661195978611832,0.06409169955704272,False,True,False,False,True
2024-07-28 08:00:00,PRD-A,82.0,1352.0,0.060650887573964495,0.02941243529584034,0.04661195978611832,0.0638114842763963,False,True,True,False,True
2024-07-28 16:00:00,PRD-A,108.0,1334.0,0.08095952023988005,0.02929678534124693,0.04661195978611832,0.06392713423098971,True,True,True,False,True
2024-08-04 00:00:00,PRD-A,38.0,1209.0,0.03143093465674111,0.028423679605923506,0.04661195978611832,0.06480023996631312,False,True,False,False,True
2024-08-04 08:00:00,PRD-A,51.0,1254.0,0.04066985645933014,0.0287530058196167,0.04661195978611832,0.06447091375261993,False,False,False,False,False
2024-08-04 16:00:00,PRD-A,68.0,1256.0,0.054140127388535034,0.028767230396916643,0.04661195978611832,0.06445668917531999,False,False,False,False,False
2024-08-05 00:00:00,PRD-A,54.0,1277.0,0.042286609240407204,0.028914565065716817,0.04661195978611832,0.06430935450651981,False,False,False,False,False
2024-08-05 08:00:00,PRD-A,50.0,1202.0,0.04159733777038269,0.028370795605940472,0.04661195978611832,0.06485312396629617,False,False,False,False,False
2024-08-05 16:00:00,PRD-A,62.0,1147.0,0.05405405405405406,0.02793857368007595,0.04661195978611832,0.06528534589216069,False,False,False,False,False
2024-08-12 00:00:00,PRD-A,45.0,1096.0,0.04105839416058394,0.02750905069155557,0.04661195978611832,0.06571486888068107,False,False,False,False,False
2024-08-12 08:00:00,PRD-A,30.0,1306.0,0.022970903522205207,0.029112155260429453,0.04661195978611832,0.06411176431180718,True,False,False,False,True
2024-08-12 16:00:00,PRD-A,34.0,1282.0,0.0265210608424337,0.0289491100815175,0.04661195978611832,0.06427480949071913,True,True,False,False,True
2024-08-13 00:00:00,PRD-A,16.0,1327.0,0.012057272042200452,0.029251176147990915,0.04661195978611832,0.06397274342424572,True,True,False,False,True
2024-08-13 08:00:00,PRD-A,26.0,1270.0,0.02047244094488189,0.028865859739475253,0.04661195978611832,0.06435805983276138,True,True,True,False,True
2024-08-13 16:00:00,PRD-A,46.0,1288.0,0.03571428571428571,0.02899029828302028,0.04661195978611832,0.06423362128921636,False,True,True,False,True
2024-08-20 00:00:00,PRD-A,59.0,1202.0,0.04908485856905158,0.028370795605940472,0.04661195978611832,0.06485312396629617,False,False,True,False,True
2024-08-20 08:00:00,PRD-A,67.0,1223.0,0.05478331970564186,0.028528082240629197,0.04661195978611832,0.06469583733160744,False,False,False,False,False
2024-08-20 16:00:00,PRD-A,109.0,1176.0,0.09268707482993198,0.02817025246795515,0.04661195978611832,0.06505366710428148,True,False,False,False,True
2024-08-21 00:00:00,PRD-A,47.0,846.0,0.05555555555555555,0.02486895284208569,0.04661195978611832,0.06835496673015094,False,False,False,False,False
2024-08-21 08:00:00,PRD-A,27.0,1314.0,0.02054794520547945,0.02916550844717765,0.04661195978611832,0.06405841112505899,True,False,False,False,True
2024-08-21 16:00:00,PRD-A,40.0,1284.0,0.03115264797507788,0.028962871555912602,0.04661195978611832,0.06426104801632404,False,True,False,False,True
2024-08-28 00:00:00,PRD-A,64.0,1293.0,0.04949729311678268,0.02902440255633187,0.04661195978611832,0.06419951701590476,False,True,False,False,True
2024-08-28 08:00:00,PRD-A,29.0,1262.0,0.022979397781299524,0.028809701054646444,0.04661195978611832,0.06441421851759019,True,True,False,False,True
2024-08-28 16:00:00,PRD-A,64.0,1217.0,0.05258833196384552,0.028483558880145532,0.04661195978611832,0.0647403606920911,False,False,False,False,False
2024-08-29 00:00:00,PRD-A,42.0,1286.0,0.03265940902021773,0.02897660091484009,0.04661195978611832,0.06424731865739655,False,True,False,False,True
2024-08-29 08:00:00,PRD-A,39.0,1239.0,0.031476997578692496,0.028645226000113714,0.04661195978611832,0.06457869357212292,False,True,False,False,True
2024-08-29 16:00:00,PRD-A,48.0,1226.0,0.03915171288743882,0.028550221254290294,0.04661195978611832,0.06467369831794634,False,True,True,False,True
2024-09-05 00:00:00,PRD-A,55.0,1301.0,0.042275172943889314,0.029078559905017766,0.04661195978611832,0.06414535966721888,False,False,False,False,False
2024-09-05 08:00:00,PRD-A,43.0,1241.0,0.0346494762288477,0.028659709463802596,0.04661195978611832,0.06456421010843404,False,False,True,False,True
2024-09-05 16:00:00,PRD-A,69.0,1242.0,0.05555555555555555,0.028666938073043637,0.04661195978611832,0.064556981499193,False,False,False,False,False
2024-09-06 00:00:00,PRD-A,23.0,815.0,0.02822085889570552,0.024459294699205342,0.04661195978611832,0.0687646248730313,False,False,False,False,False
2024-09-06 08:00:00,PRD-A,45.0,1376.0,0.032703488372093026,0.029563090967526233,0.04661195978611832,0.0636608286047104,False,True,False,False,True
2024-09-06 16:00:00,PRD-A,35.0,1268.0,0.027602523659305992,0.028851869906757307,0.04661195978611832,0.06437204966547933,True,True,True,False,True
2024-09-13 00:00:00,PRD-A,36.0,1242.0,0.028985507246376812,0.028666938073043637,0.04661195978611832,0.064556981499193,False,True,True,False,True
2024-09-13 08:00:00,PRD-A,38.0,1283.0,0.029618082618862042,0.028955994840970098,0.04661195978611832,0.06426792473126654,False,True,True,False,True
2024-09-13 16:00:00,PRD-A,65.0,1223.0,0.053147996729354045,0.028528082240629197,0.04661195978611832,0.06469583733160744,False,True,True,False,True
2024-09-14 00:00:00,PRD-A,55.0,1281.0,0.0429352068696331,0.028942217261858208,0.04661195978611832,0.06428170231037843,False,False,False,False,False
2024-09-14 08:00:00,PRD-A,46.0,1232.0,0.037337662337662336,0.028594256440160525,0.04661195978611832,0.0646296631320761,False,False,False,False,False
2024-09-14 16:00:00,PRD-A,59.0,1127.0,0.05235137533274179,0.027773611234604954,0.04661195978611832,0.06545030833763169,False,False,False,False,False
2024-09-21 00:00:00,PRD-A,42.0,1096.0,0.03832116788321168,0.02750905069155557,0.04661195978611832,0.06571486888068107,False,False,False,False,False
2024-09-21 08:00:00,PRD-A,46.0,1253.0,0.03671189146049481,0.028745880762893368,0.04661195978611832,0.06447803880934327,False,False,False,False,False
2024-09-21 16:00:00,PRD-A,62.0,1103.0,0.056210335448776065,0.02756976383656277,0.04661195978611832,0.06565415573567386,False,False,False,False,False
2024-09-22 00:00:00,PRD-A,51.0,1226.0,0.041598694942903754,0.028550221254290294,0.04661195978611832,0.06467369831794634,False,False,False,False,False
2024-09-22 08:00:00,PRD-A,56.0,1282.0,0.0436817472698908,0.0289491100815175,0.04661195978611832,0.06427480949071913,False,False,False,False,False
2024-09-22 16:00:00,PRD-A,76.0,1168.0,0.06506849315068493,0.028107203712009213,0.04661195978611832,0.06511671586022742,False,False,False,False,False
2024-09-29 00:00:00,PRD-A,34.0,1210.0,0.02809917355371901,0.0284311969776768,0.04661195978611832,0.06479272259455984,True,False,False,False,True
2024-09-29 08:00:00,PRD-A,71.0,1336.0,0.0531437125748503,0.029309750655266274,0.04661195978611832,0.06391416891697035,False,False,False,False,False
2024-09-29 16:00:00,PRD-A,54.0,1210.0,0.04462809917355372,0.0284311969776768,0.04661195978611832,0.06479272259455984,False,False,False,False,False
2024-09-30 00:00:00,PRD-A,44.0,1262.0,0.03486529318541997,0.028809701054646444,0.04661195978611832,0.06441421851759019,False,False,False,False,False
2024-09-30 08:00:00,PRD-A,47.0,1251.0,0.037569944044764186,0.02873160502827586,0.04661195978611832,0.06449231454396077,False,False,False,False,False
2024-09-30 16:00:00,PRD-A,107.0,1224.0,0.08741830065359477,0.028535470954950078,0.04661195978611832,0.06468844861728656,True,False,False,False,True
2024-10-07 00:00:00,PRD-A,41.0,1267.0,0.03235990528808208,0.028844862571752207,0.04661195978611832,0.06437905700048444,False,False,False,False,False
2024-10-07 08:00:00,PRD-A,72.0,1336.0,0.05389221556886228,0.029309750655266274,0.04661195978611832,0.06391416891697035,False,False,False,False,False
2024-10-07 16:00:00,PRD-A,95.0,1299.0,0.0731331793687452,0.02906506748295097,0.04661195978611832,0.06415885208928566,True,False,False,False,True
2024-10-08 00:00:00,PRD-A,42.0,1312.0,0.03201219512195122,0.029152215910895826,0.04661195978611832,0.06407170366134081,False,False,False,False,False
2024-10-08 08:00:00,PRD-A,60.0,1263.0,0.047505938242280284,0.028816750058578096,0.04661195978611832,0.06440716951365855,False,False,False,False,False
2024-10-08 16:00:00,PRD-A,44.0,1260.0,0.03492063492063492,0.028795577880087565,0.04661195978611832,0.06442834169214907,False,False,False,False,False
2024-10-15 00:00:00,PRD-A,34.0,1268.0,0.026813880126182965,0.028851869906757307,0.04661195978611832,0.06437204966547933,True,False,False,False,True
2024-10-15 08:00:00,PRD-A,43.0,1337.0,0.03216155572176515,0.029316222400071264,0.04661195978611832,0.06390769717216538,False,True,True,False,True
2024-10-15 16:00:00,PRD-A,49.0,1260.0,0.03888888888888889,0.028795577880087565,0.04661195978611832,0.06442834169214907,False,True,True,False,True
2024-10-16 00:00:00,PRD-A,27.0,1324.0,0.02039274924471299,0.029231518715419347,0.04661195978611832,0.06399240085681729,True,True,True,False,True
2024-10-16 08:00:00,PRD-A,29.0,1253.0,0.02314445331205108,0.028745880762893368,0.04661195978611832,0.06447803880934327,True,True,True,False,True
2024-10-16 16:00:00,PRD-A,33.0,1213.0,0.02720527617477329,0.028453693290036226,0.04661195978611832,0.06477022628220042,True,True,True,False,True
2024-10-23 00:00:00,PRD-A,31.0,1228.0,0.025244299674267102,0.028564935504009105,0.04661195978611832,0.06465898406822754,True,True,True,True,True
2024-10-23 08:00:00,PRD-A,26.0,1288.0,0.020186335403726708,0.02899029828302028,0.04661195978611832,0.06423362128921636,True,True,True,True,True
2024-10-23 16:00:00,PRD-A,42.0,1227.0,0.034229828850855744,0.028557582876170096,0.04661195978611832,0.06466633669606654,False,True,True,True,True
2024-10-24 00:00:00,PRD-A,31.0,1244.0,0.02491961414790997,0.028681369134254363,0.04661195978611832,0.06454255043798227,True,True,True,True,True
2024-10-24 08:00:00,PRD-A,27.0,1169.0,0.023096663815226688,0.02811512018555829,0.04661195978611832,0.06510879938667835,True,True,True,True,True
2024-10-24 16:00:00,PRD-A,61.0,1197.0,0.050960735171261484,0.02833273763804913,0.04661195978611832,0.0648911819341875,False,True,True,False,True
2024-10-31 00:00:00,PRD-A,53.0,1298.0,0.040832049306625574,0.029058309580792793,0.04661195978611832,0.06416560999144384,False,False,False,False,False
2024-10-31 08:00:00,PRD-A,44.0,1370.0,0.032116788321167884,0.029525798464741813,0.04661195978611832,0.06369812110749482,False,False,False,False,False
2024-10-31 16:00:00,PRD-A,41.0,1284.0,0.031931464174454825,0.028962871555912602,0.04661195978611832,0.06426104801632404,False,True,False,False,True
2024-11-01 00:00:00,PRD-A,13.0,1128.0,0.01152482269503546,0.027781963417924604,0.04661195978611832,0.06544195615431203,True,True,False,False,True
2024-11-01 08:00:00,PRD-A,27.0,1281.0,0.02107728337236534,0.028942217261858208,0.04661195978611832,0.06428170231037843,True,True,True,False,True
2024-11-01 16:00:00,PRD-A,38.0,1303.0,0.02916346891788181,0.029092021250480986,0.04661195978611832,0.06413189832175564,False,True,True,False,True
2024-11-08 00:00:00,PRD-A,54.0,1216.0,0.044407894736842105,0.028476106299807707,0.04661195978611832,0.06474781327242893,False,True,True,False,True
2024-11-08 08:00:00,PRD-A,56.0,1199.0,0.04670558798999166,0.028347989390515395,0.04661195978611832,0.06487593018172125,False,False,False,False,False
2024-11-08 16:00:00,PRD-A,83.0,1265.0,0.06561264822134387,0.028830822982667422,0.04661195978611832,0.06439309658956921,True,False,False,False,True
2024-11-09 00:00:00,PRD-A,71.0,1216.0,0.05838815789473684,0.028476106299807707,0.04661195978611832,0.06474781327242893,False,False,False,False,False
2024-11-09 08:00:00,PRD-A,69.0,1180.0,0.05847457627118644,0.02820153613308911,0.04661195978611832,0.06502238343914753,False,False,False,False,False
2024-11-09 16:00:00,PRD-A,97.0,1213.0,0.07996702390766694,0.028453693290036226,0.04661195978611832,0.06477022628220042,True,False,True,False,True
2024-11-16 00:00:00,PRD-A,43.0,1170.0,0.03675213675213675,0.028123026507612413,0.04661195978611832,0.06510089306462422,False,False,True,False,True
2024-11-16 08:00:00,PRD-A,46.0,1245.0,0.036947791164658635,0.028688571621249864,0.04661195978611832,0.06453534795098677,False,False,False,False,False
2024-11-16 16:00:00,PRD-A,66.0,1135.0,0.05814977973568282,0.027840119292350217,0.04661195978611832,0.06538380027988641,False,False,False,False,False
2024-11-17 00:00:00,PRD-A,54.0,1256.0,0.042993630573248405,0.028767230396916643,0.04661195978611832,0.06445668917531999,False,False,False,False,False
2024-11-17 08:00:00,PRD-A,56.0,1204.0,0.046511627906976744,0.028385952371482608,0.04661195978611832,0.06483796720075402,False,False,False,False,False
2024-11-17 16:00:00,PRD-A,83.0,1153.0,0.07198612315698179,0.027987223487720498,0.04661195978611832,0.06523669608451614,True,False,False,False,True
2024-11-24 00:00:00,PRD-A,39.0,1196.0,0.03260869565217391,0.028325097419471798,0.04661195978611832,0.06489882215276484,False,False,False,False,False
2024-11-24 08:00:00,PRD-A,42.0,1218.0,0.034482758620689655,0.02849100228054388,0.04661195978611832,0.06473291729169275,False,True,False,False,True
2024-11-24 16:00:00,PRD-A,62.0,1214.0,0.051070840197693576,0.02846117352371969,0.04661195978611832,0.06476274604851695,False,True,False,False,True
2024-11-25 00:00:00,PRD-A,53.0,1226.0,0.0432300163132137,0.028550221254290294,0.04661195978611832,0.06467369831794634,False,False,False,False,False
2024-11-25 08:00:00,PRD-A,60.0,1247.0,0.048115477145148355,0.028702950595216888,0.04661195978611832,0.06452096897701975,False,False,False,False,False
2024-11-25 16:00:00,PRD-A,51.0,875.0,0.05828571428571429,0.025232301498881414,0.04661195978611832,0.06799161807335521,False,False,False,False,False
2024-12-02 00:00:00,PRD-A,53.0,1316.0,0.04027355623100304,0.029178770669800437,0.04661195978611832,0.0640451489024362,False,False,False,False,False
2024-12-02 08:00:00,PRD-A,42.0,1374.0,0.03056768558951965,0.02955068727813096,0.04661195978611832,0.06367323229410568,False,False,False,False,False
2024-12-02 16:00:00,PRD-A,28.0,1249.0,0.02241793434747798,0.028717295018175947,0.04661195978611832,0.06450662455406068,True,True,False,False,True
2024-12-03 00:00:00,PRD-A,26.0,1325.0,0.019622641509433963,0.02923807861037681,0.04661195978611832,0.06398584096185983,True,True,True,False,True
2024-12-03 08:00:00,PRD-A,29.0,1329.0,0.0218209179834462,0.02926424410892295,0.04661195978611832,0.06395967546331369,True,True,True,False,True
2024-12-03 16:00:00,PRD-A,43.0,1242.0,0.03462157809983897,0.028666938073043637,0.04661195978611832,0.064556981499193,False,True,True,False,True
2024-12-10 00:00:00,PRD-A,115.0,1138.0,0.10105448154657294,0.027864878820154267,0.04661195978611832,0.06535904075208238,True,True,True,False,True
2024-12-10 08:00:00,PRD-A,137.0,1219.0,0.11238720262510254,0.028498436519833407,0.04661195978611832,0.06472548305240322,True,True,False,False,True
2024-12-10 16:00:00,PRD-A,167.0,1200.0,0.13916666666666666,0.02835560096425526,0.04661195978611832,0.06486831860798137,True,True,False,False,True
2024-12-11 00:00:00,PRD-A,135.0,1171.0,0.11528608027327071,0.02813092269984891,0.04661195978611832,0.06509299687238773,True,True,True,False,True
2024-12-11 08:00:00,PRD-A,140.0,1142.0,0.12259194395796848,0.027897739635892416,0.04661195978611832,0.06532617993634422,True,True,True,False,True
2024-12-11 16:00:00,PRD-A,174.0,1151.0,0.15117289313640314,0.027971049158750934,0.04661195978611832,0.06525287041348571,True,True,True,False,True
2024-12-18 00:00:00,PRD-A,61.0,1182.0,0.051607445008460234,0.028217118381884333,0.04661195978611832,0.0650068011903523,False,True,True,False,True
2024-12-18 08:00:00,PRD-A,59.0,1235.0,0.04777327935222672,0.028616153596331857,0.04661195978611832,0.06460776597590479,False,False,False,True,True
2024-12-18 16:00:00,PRD-A,90.0,1157.0,0.07778738115816768,0.028019446239014013,0.04661195978611832,0.06520447333322263,True,False,False,True,True
2024-12-19 00:00:00,PRD-A,78.0,1214.0,0.0642504118616145,0.02846117352371969,0.04661195978611832,0.06476274604851695,False,True,False,True,True
2024-12-19 08:00:00,PRD-A,81.0,1226.0,0.06606851549755302,0.028550221254290294,0.04661195978611832,0.06467369831794634,True,True,False,True,True
2024-12-19 16:00:00,PRD-A,99.0,1085.0,0.0912442396313364,0.027412459866576193,0.04661195978611832,0.06581145970566044,True,True,True,True,True
2024-12-26 00:00:00,PRD-A,43.0,1288.0,0.033385093167701864,0.02899029828302028,0.04661195978611832,0.06423362128921636,False,True,True,False,True
2024-12-26 08:00:00,PRD-A,25.0,1294.0,0.019319938176197836,0.029031199680152796,0.04661195978611832,0.06419271989208383,True,True,False,False,True
2024-12-26 16:00:00,PRD-A,39.0,1237.0,0.03152789005658852,0.028630707424988164,0.04661195978611832,0.06459321214724847,False,True,False,False,True
2024-12-27 00:00:00,PRD-A,45.0,1333.0,0.03375843960990248,0.02929029174475206,0.04661195978611832,0.06393362782748457,False,True,True,False,True
2024-12-27 08:00:00,PRD-A,29.0,1303.0,0.022256331542594012,0.029092021250480986,0.04661195978611832,0.06413189832175564,True,True,True,False,True
2024-12-27 16:00:00,PRD-A,44.0,1206.0,0.03648424543946932,0.02840107141797897,0.04661195978611832,0.06482284815425766,False,True,True,False,True
2025-01-03 00:00:00,PRD-A,39.0,1191.0,0.0327455919395466,0.028286752100857928,0.04661195978611832,0.0649371674713787,False,True,True,False,True
2025-01-03 08:00:00,PRD-A,42.0,1253.0,0.0335195530726257,0.028745880762893368,0.04661195978611832,0.06447803880934327,False,True,True,True,True
2025-01-03 16:00:00,PRD-A,78.0,1220.0,0.06393442622950819,0.028505861616790716,0.04661195978611832,0.06471805795544591,False,True,True,False,True
2025-01-04 00:00:00,PRD-A,45.0,1224.0,0.03676470588235294,0.028535470954950078,0.04661195978611832,0.06468844861728656,False,False,True,False,True
2025-01-04 08:00:00,PRD-A,51.0,1246.0,0.040930979133226325,0.028695765435773988,0.04661195978611832,0.06452815413646265,False,False,False,False,False
2025-01-04 16:00:00,PRD-A,65.0,1209.0,0.053763440860215055,0.028423679605923506,0.04661195978611832,0.06480023996631312,False,False,False,False,False
2025-01-11 00:00:00,PRD-A,43.0,1236.0,0.03478964401294499,0.028623434926263666,0.04661195978611832,0.06460048464597297,False,False,False,False,False
2025-01-11 08:00:00,PRD-A,44.0,1205.0,0.036514522821576766,0.028393516599828583,0.04661195978611832,0.06483040297240805,False,False,False,False,False
2025-01-11 16:00:00,PRD-A,60.0,1238.0,0.048465266558966075,0.028637971110342574,0.04661195978611832,0.06458594846189405,False,False,False,False,False
2025-01-12 00:00:00,PRD-A,52.0,1172.0,0.04436860068259386,0.028138808783880368,0.04661195978611832,0.06508511078835627,False,False,False,False,False
2025-01-12 08:00:00,PRD-A,40.0,1220.0,0.03278688524590164,0.028505861616790716,0.04661195978611832,0.06471805795544591,False,False,False,False,False
2025-01-12 16:00:00,PRD-A,70.0,1182.0,0.05922165820642978,0.028217118381884333,0.04661195978611832,0.0650068011903523,False,False,False,False,False
2025-01-19 00:00:00,PRD-A,33.0,1179.0,0.027989821882951654,0.028193730144333424,0.04661195978611832,0.06503018942790321,True,True,False,False,True
2025-01-19 08:00:00,PRD-A,45.0,1258.0,0.03577106518282989,0.028781421038834357,0.04661195978611832,0.06444249853340228,False,False,False,False,False
2025-01-19 16:00:00,PRD-A,67.0,1180.0,0.05677966101694915,0.02820153613308911,0.04661195978611832,0.06502238343914753,False,False,False,False,False
2025-01-20 00:00:00,PRD-A,42.0,1251.0,0.03357314148681055,0.02873160502827586,0.04661195978611832,0.06449231454396077,False,False,False,False,False
2025-01-20 08:00:00,PRD-A,59.0,1245.0,0.04738955823293173,0.028688571621249864,0.04661195978611832,0.06453534795098677,False,False,False,False,False
2025-01-20 16:00:00,PRD-A,67.0,1215.0,0.0551440329218107,0.028468644520645535,0.04661195978611832,0.0647552750515911,False,False,False,False,False
2025-01-27 00:00:00,PRD-A,39.0,1153.0,0.033824804856895055,0.027987223487720498,0.04661195978611832,0.06523669608451614,False,False,False,False,False
2025-01-27 08:00:00,PRD-A,60.0,1218.0,0.04926108374384237,0.02849100228054388,0.04661195978611832,0.06473291729169275,False,False,False,False,False
2025-01-27 16:00:00,PRD-A,78.0,1208.0,0.06456953642384106,0.028416152901616153,0.04661195978611832,0.06480776667062048,False,False,False,False,False
2025-01-28 00:00:00,PRD-A,40.0,1197.0,0.03341687552213868,0.02833273763804913,0.04661195978611832,0.0648911819341875,False,False,False,False,False
2025-01-28 08:00:00,PRD-A,44.0,936.0,0.04700854700854701,0.02594070396501969,0.04661195978611832,0.06728321560721695,False,False,False,False,False
2025-01-28 16:00:00,PRD-A,43.0,1286.0,0.03343701399688958,0.02897660091484009,0.04661195978611832,0.06424731865739655,False,True,False,False,True
2025-02-04 00:00:00,PRD-A,43.0,1218.0,0.035303776683087026,0.02849100228054388,0.04661195978611832,0.06473291729169275,False,False,False,False,False
2025-02-04 08:00:00,PRD-A,38.0,1267.0,0.02999210734017364,0.028844862571752207,0.04661195978611832,0.06437905700048444,False,True,True,False,True
2025-02-04 16:00:00,PRD-A,66.0,1064.0,0.06203007518796992,0.02722391688254574,0.04661195978611832,0.06600000268969089,False,False,False,False,False
2025-02-05 00:00:00,PRD-A,23.0,1298.0,0.017719568567026195,0.029058309580792793,0.04661195978611832,0.06416560999144384,True,True,True,False,True
2025-02-05 08:00:00,PRD-A,21.0,1295.0,0.016216216216216217,0.029037988929336636,0.04661195978611832,0.0641859306429,True,True,True,False,True
2025-02-05 16:00:00,PRD-A,31.0,1273.0,0.024351924587588374,0.02888678263931889,0.04661195978611832,0.06433713693291775,True,True,True,False,True
2025-02-12 00:00:00,PRD-A,63.0,1191.0,0.05289672544080604,0.028286752100857928,0.04661195978611832,0.0649371674713787,False,True,False,False,True
2025-02-12 08:00:00,PRD-A,60.0,1237.0,0.04850444624090541,0.028630707424988164,0.04661195978611832,0.06459321214724847,False,False,False,False,False
2025-02-12 16:00:00,PRD-A,100.0,1158.0,0.08635578583765112,0.02802747582848248,0.04661195978611832,0.06519644374375416,True,False,False,False,True
2025-02-13 00:00:00,PRD-A,68.0,1165.0,0.05836909871244635,0.028083393164642374,0.04661195978611832,0.06514052640759427,False,False,False,False,False
2025-02-13 08:00:00,PRD-A,66.0,1208.0,0.054635761589403975,0.028416152901616153,0.04661195978611832,0.06480776667062048,False,False,True,False,True
2025-02-13 16:00:00,PRD-A,70.0,911.0,0.07683863885839737,0.025658989476756308,0.04661195978611832,0.06756493009548033,True,False,True,False,True
2025-02-20 00:00:00,PRD-A,102.0,1161.0,0.08785529715762273,0.02805150232069731,0.04661195978611832,0.06517241725153933,True,True,True,False,True
2025-02-20 08:00:00,PRD-A,98.0,1207.0,0.0811930405965203,0.02840861684542869,0.04661195978611832,0.06481530272680794,True,True,True,True,True
2025-02-20 16:00:00,PRD-A,155.0,1049.0,0.14775977121067682,0.027085790869417644,0.04661195978611832,0.06613812870281899,True,True,True,True,True
2025-02-21 00:00:00,PRD-A,118.0,1233.0,0.09570154095701541,0.028601564371244333,0.04661195978611832,0.0646223552009923,True,True,True,True,True
2025-02-21 08:00:00,PRD-A,100.0,891.0,0.1122334455667789,0.025425132119478007,0.04661195978611832,0.06779878745275864,True,True,True,True,True
2025-02-21 16:00:00,PRD-A,62.0,1230.0,0.05040650406504065,0.028579613850709347,0.04661195978611832,0.0646443057215273,False,True,True,True,True
2025-02-28 00:00:00,PRD-A,32.0,1263.0,0.025336500395882817,0.028816750058578096,0.04661195978611832,0.06440716951365855,True,False,False,False,True
2025-02-28 08:00:00,PRD-A,30.0,1286.0,0.02332814930015552,0.02897660091484009,0.04661195978611832,0.06424731865739655,True,True,False,False,True
2025-02-28 16:00:00,PRD-A,63.0,1243.0,0.050683829444891394,0.028674157957348373,0.04661195978611832,0.06454976161488826,False,True,False,False,True
2025-03-01 00:00:00,PRD-A,40.0,1134.0,0.03527336860670194,0.02783184429062859,0.04661195978611832,0.06539207528160805,False,False,False,False,False
2025-03-01 08:00:00,PRD-A,46.0,1373.0,0.033503277494537506,0.029544475272642763,0.04661195978611832,0.06367944429959388,False,False,True,False,True
2025-03-01 16:00:00,PRD-A,39.0,1220.0,0.031967213114754096,0.028505861616790716,0.04661195978611832,0.06471805795544591,False,True,True,False,True
2025-03-08 00:00:00,PRD-A,56.0,1171.0,0.04782237403928266,0.02813092269984891,0.04661195978611832,0.06509299687238773,False,True,False,False,True
2025-03-08 08:00:00,PRD-A,71.0,1222.0,0.05810147299509002,0.02852068445854619,0.04661195978611832,0.06470323511369044,False,False,False,False,False
2025-03-08 16:00:00,PRD-A,106.0,1152.0,0.0920138888888889,0.027979141588317175,0.04661195978611832,0.06524477798391946,True,False,False,False,True
2025-03-09 00:00:00,PRD-A,84.0,1178.0,0.07130730050933787,0.02818591421797196,0.04661195978611832,0.06503800535426468,True,True,False,False,True
2025-03-09 08:00:00,PRD-A,67.0,1149.0,0.058311575282854654,0.02795483261751326,0.04661195978611832,0.06526908695472337,False,True,True,False,True
2025-03-09 16:00:00,PRD-A,99.0,1139.0,0.08691834942932397,0.027873110250173902,0.04661195978611832,0.06535080932206273,True,True,True,False,True
2025-03-16 00:00:00,PRD-A,58.0,1164.0,0.04982817869415808,0.028075435867036348,0.04661195978611832,0.0651484837052003,False,False,True,False,True
2025-03-16 08:00:00,PRD-A,52.0,954.0,0.05450733752620545,0.026136644461291436,0.04661195978611832,0.0670872751109452,False,False,True,True,True
2025-03-16 16:00:00,PRD-A,42.0,1221.0,0.0343980343980344,0.0285132775901386,0.04661195978611832,0.06471064198209803,False,False,False,False,False
2025-03-17 00:00:00,PRD-A,37.0,1307.0,0.028309104820198928,0.029118851187411022,0.04661195978611832,0.06410506838482562,True,True,False,False,True
2025-03-17 08:00:00,PRD-A,28.0,1243.0,0.02252614641995173,0.028674157957348373,0.04661195978611832,0.06454976161488826,True,True,False,False,True
2025-03-17 16:00:00,PRD-A,52.0,1268.0,0.04100946372239748,0.028851869906757307,0.04661195978611832,0.06437204966547933,False,True,False,False,True
2025-03-24 00:00:00,PRD-A,38.0,1180.0,0.03220338983050847,0.02820153613308911,0.04661195978611832,0.06502238343914753,False,True,True,False,True
2025-03-24 08:00:00,PRD-A,32.0,1299.0,0.024634334103156273,0.02906506748295097,0.04661195978611832,0.06415885208928566,True,True,True,False,True
2025-03-24 16:00:00,PRD-A,36.0,1225.0,0.029387755102040815,0.028542850620018257,0.04661195978611832,0.06468106895221838,False,True,True,False,True
2025-03-25 00:00:00,PRD-A,38.0,1312.0,0.028963414634146343,0.029152215910895826,0.04661195978611832,0.06407170366134081,True,True,True,True,True
2025-03-25 08:00:00,PRD-A,34.0,1234.0,0.027552674230145867,0.028608863417304935,0.04661195978611832,0.0646150561549317,True,True,True,True,True
2025-03-25 16:00:00,PRD-A,52.0,1268.0,0.04100946372239748,0.028851869906757307,0.04661195978611832,0.06437204966547933,False,True,True,True,True
2025-04-01 00:00:00,PRD-A,33.0,1084.0,0.03044280442804428,0.027403606050140854,0.04661195978611832,0.06582031352209577,False,True,True,True,True
2025-04-01 08:00:00,PRD-A,36.0,1300.0,0.027692307692307693,0.029071817586029437,0.04661195978611832,0.0641521019862072,True,True,True,True,True
2025-04-01 16:00:00,PRD-A,33.0,1256.0,0.026273885350318472,0.028767230396916643,0.04661195978611832,0.06445668917531999,True,True,True,True,True
2025-04-02 00:00:00,PRD-A,25.0,1285.0,0.019455252918287938,0.028969740241998852,0.04661195978611832,0.06425417933023778,True,True,True,True,True
2025-04-02 08:00:00,PRD-A,40.0,1307.0,0.030604437643458302,0.029118851187411022,0.04661195978611832,0.06410506838482562,False,True,True,True,True
2025-04-02 16:00:00,PRD-A,38.0,1250.0,0.0304,0.02872445431622922,0.04661195978611832,0.06449946525600742,False,True,True,True,True
2025-04-09 00:00:00,PRD-A,39.0,1210.0,0.032231404958677684,0.0284311969776768,0.04661195978611832,0.06479272259455984,False,True,True,True,True
2025-04-09 08:00:00,PRD-A,35.0,1286.0,0.027216174183514776,0.02897660091484009,0.04661195978611832,0.06424731865739655,True,True,True,True,True
2025-04-09 16:00:00,PRD-A,48.0,1220.0,0.03934426229508197,0.028505861616790716,0.04661195978611832,0.06471805795544591,False,True,True,True,True
2025-04-10 00:00:00,PRD-A,47.0,1239.0,0.037933817594834544,0.028645226000113714,0.04661195978611832,0.06457869357212292,False,False,True,True,True
2025-04-10 08:00:00,PRD-A,45.0,1276.0,0.03526645768025078,0.028907631708067708,0.04661195978611832,0.06431628786416893,False,False,True,True,True
2025-04-10 16:00:00,PRD-A,65.0,1212.0,0.05363036303630363,0.028446203800546355,0.04661195978611832,0.06477771577169028,False,False,True,False,True
2025-04-17 00:00:00,PRD-A,45.0,1252.0,0.035942492012779555,0.02873874717146388,0.04661195978611832,0.06448517240077276,False,False,True,False,True
2025-04-17 08:00:00,PRD-A,51.0,1368.0,0.03728070175438596,0.029513313142417088,0.04661195978611832,0.06371060642981954,False,False,True,False,True
2025-04-17 16:00:00,PRD-A,49.0,1259.0,0.03891977760127085,0.02878850367615343,0.04661195978611832,0.0644354158960832,False,False,True,False,True
2025-04-18 00:00:00,PRD-A,36.0,1278.0,0.028169014084507043,0.02892149028402948,0.04661195978611832,0.06430242928820715,True,False,True,False,True
2025-04-18 08:00:00,PRD-A,40.0,1265.0,0.03162055335968379,0.028830822982667422,0.04661195978611832,0.06439309658956921,False,True,True,False,True
2025-04-18 16:00:00,PRD-A,41.0,1215.0,0.03374485596707819,0.028468644520645535,0.04661195978611832,0.0647552750515911,False,True,True,False,True
2025-04-25 00:00:00,PRD-A,59.0,1301.0,0.045349730976172176,0.029078559905017766,0.04661195978611832,0.06414535966721888,False,True,True,False,True
2025-04-25 08:00:00,PRD-A,14.0,900.0,0.015555555555555555,0.025531332425668248,0.04661195978611832,0.0676925871465684,True,True,True,True,True
2025-04-25 16:00:00,PRD-A,38.0,1257.0,0.030230708035003977,0.02877432995136084,0.04661195978611832,0.0644495896208758,False,True,True,True,True
2025-04-26 00:00:00,PRD-A,42.0,1359.0,0.03090507726269316,0.02945678853652852,0.04661195978611832,0.06376713103570811,False,True,True,True,True
2025-04-26 08:00:00,PRD-A,39.0,1350.0,0.028888888888888888,0.029399699622499362,0.04661195978611832,0.06382421994973728,True,True,True,True,True
2025-04-26 16:00:00,PRD-A,33.0,1304.0,0.02530674846625767,0.029098740306734087,0.04661195978611832,0.06412517926550254,True,True,True,True,True
2025-05-03 00:00:00,PRD-A,34.0,1259.0,0.027005559968228753,0.02878850367615343,0.04661195978611832,0.0644354158960832,True,True,True,True,True
2025-05-03 08:00:00,PRD-A,37.0,1324.0,0.027945619335347432,0.029231518715419347,0.04661195978611832,0.06399240085681729,True,True,True,True,True
2025-05-03 16:00:00,PRD-A,63.0,1282.0,0.04914196567862714,0.0289491100815175,0.04661195978611832,0.06427480949071913,False,True,True,False,True
2025-05-04 00:00:00,PRD-A,88.0,1335.0,0.06591760299625468,0.029303271640198955,0.04661195978611832,0.06392064793203768,True,False,False,False,True
2025-05-04 08:00:00,PRD-A,57.0,1325.0,0.0430188679245283,0.02923807861037681,0.04661195978611832,0.06398584096185983,False,False,False,False,False
2025-05-04 16:00:00,PRD-A,89.0,1262.0,0.0705229793977813,0.028809701054646444,0.04661195978611832,0.06441421851759019,True,True,False,False,True
2025-05-11 00:00:00,PRD-A,88.0,1181.0,0.07451312447078746,0.028209332205279894,0.04661195978611832,0.06501458736695674,True,True,False,False,True
2025-05-11 08:00:00,PRD-A,88.0,1191.0,0.07388748950461797,0.028286752100857928,0.04661195978611832,0.0649371674713787,True,True,True,False,True
2025-05-11 16:00:00,PRD-A,72.0,881.0,0.08172531214528944,0.02530522834566673,0.04661195978611832,0.0679186912265699,True,True,True,False,True
2025-05-12 00:00:00,PRD-A,29.0,1303.0,0.022256331542594012,0.029092021250480986,0.04661195978611832,0.06413189832175564,True,True,True,False,True
2025-05-12 08:00:00,PRD-A,26.0,1285.0,0.020233463035019456,0.028969740241998852,0.04661195978611832,0.06425417933023778,True,True,False,False,True
2025-05-12 16:00:00,PRD-A,40.0,1274.0,0.03139717425431711,0.028893740510890924,0.04661195978611832,0.06433017906134571,False,True,False,False,True
2025-05-19 00:00:00,PRD-A,41.0,1250.0,0.0328,0.02872445431622922,0.04661195978611832,0.06449946525600742,False,True,True,False,True
2025-05-19 08:00:00,PRD-A,37.0,1301.0,0.02843966179861645,0.029078559905017766,0.04661195978611832,0.06414535966721888,True,True,True,False,True
2025-05-19 16:00:00,PRD-A,46.0,1214.0,0.03789126853377265,0.02846117352371969,0.04661195978611832,0.06476274604851695,False,True,True,False,True
2025-05-20 00:00:00,PRD-A,41.0,1307.0,0.03136954858454476,0.029118851187411022,0.04661195978611832,0.06410506838482562,False,True,True,False,True
2025-05-20 08:00:00,PRD-A,41.0,1235.0,0.03319838056680162,0.028616153596331857,0.04661195978611832,0.06460776597590479,False,True,True,True,True
2025-05-20 16:00:00,PRD-A,40.0,1207.0,0.033140016570008285,0.02840861684542869,0.04661195978611832,0.06481530272680794,False,True,True,True,True
2025-05-27 00:00:00,PRD-A,41.0,1196.0,0.034280936454849496,0.028325097419471798,0.04661195978611832,0.06489882215276484,False,True,True,True,True
2025-05-27 08:00:00,PRD-A,35.0,1259.0,0.02779984114376489,0.02878850367615343,0.04661195978611832,0.0644354158960832,True,True,True,True,True
2025-05-27 16:00:00,PRD-A,66.0,1147.0,0.05754141238012206,0.02793857368007595,0.04661195978611832,0.06528534589216069,False,True,True,False,True
2025-05-28 00:00:00,PRD-A,49.0,1247.0,0.03929430633520449,0.028702950595216888,0.04661195978611832,0.06452096897701975,False,False,True,False,True
2025-05-28 08:00:00,PRD-A,47.0,1242.0,0.03784219001610306,0.028666938073043637,0.04661195978611832,0.064556981499193,False,False,True,False,True
2025-05-28 16:00:00,PRD-A,74.0,1166.0,0.0634648370497427,0.02809134022339159,0.04661195978611832,0.06513257934884505,False,False,False,False,False
2025-06-04 00:00:00,PRD-A,34.0,883.0,0.03850509626274066,0.025329371958452994,0.04661195978611832,0.06789454761378363,False,False,False,False,False
2025-06-04 08:00:00,PRD-A,44.0,1348.0,0.032640949554896145,0.0293869356161745,0.04661195978611832,0.06383698395606213,False,False,True,False,True
2025-06-04 16:00:00,PRD-A,26.0,979.0,0.026557711950970377,0.02639976661648938,0.04661195978611832,0.06682415295574726,False,True,True,False,True
2025-06-05 00:00:00,PRD-A,32.0,1370.0,0.02335766423357664,0.029525798464741813,0.04661195978611832,0.06369812110749482,True,True,True,False,True
2025-06-05 08:00:00,PRD-A,19.0,1294.0,0.014683153013910355,0.029031199680152796,0.04661195978611832,0.06419271989208383,True,True,True,False,True
2025-06-05 16:00:00,PRD-A,31.0,1301.0,0.02382782475019216,0.029078559905017766,0.04661195978611832,0.06414535966721888,True,True,True,False,True
2025-06-12 00:00:00,PRD-A,52.0,1200.0,0.043333333333333335,0.02835560096425526,0.04661195978611832,0.06486831860798137,False,True,True,False,True
2025-06-12 08:00:00,PRD-A,59.0,1295.0,0.04555984555984556,0.029037988929336636,0.04661195978611832,0.0641859306429,False,False,False,True,True
2025-06-12 16:00:00,PRD-A,67.0,1203.0,0.05569409808811305,0.028378378713389416,0.04661195978611832,0.06484554085884722,False,False,False,False,False
2025-06-13 00:00:00,PRD-A,37.0,1136.0,0.032570422535211266,0.02784838336516708,0.04661195978611832,0.06537553620706955,False,False,False,False,False
2025-06-13 08:00:00,PRD-A,25.0,1279.0,0.019546520719311962,0.028928407378918386,0.04661195978611832,0.06429551219331825,True,True,False,False,True
2025-06-13 16:00:00,PRD-A,41.0,1323.0,0.030990173847316706,0.02922495138434398,0.04661195978611832,0.06399896818789266,False,True,False,False,True
2025-06-20 00:00:00,PRD-A,26.0,1230.0,0.02113821138211382,0.028579613850709347,0.04661195978611832,0.0646443057215273,True,True,True,False,True
2025-06-20 08:00:00,PRD-A,45.0,1231.0,0.036555645816409424,0.028586939606012857,0.04661195978611832,0.06463697996622378,False,True,True,False,True
2025-06-20 16:00:00,PRD-A,39.0,1221.0,0.03194103194103194,0.0285132775901386,0.04661195978611832,0.06471064198209803,False,True,True,False,True
2025-06-21 00:00:00,PRD-A,35.0,1259.0,0.02779984114376489,0.02878850367615343,0.04661195978611832,0.0644354158960832,True,True,True,False,True
2025-06-21 08:00:00,PRD-A,39.0,1320.0,0.029545454545454545,0.02920520463362816,0.04661195978611832,0.06401871493860847,False,True,True,True,True
2025-06-21 16:00:00,PRD-A,29.0,1278.0,0.02269170579029734,0.02892149028402948,0.04661195978611832,0.06430242928820715,True,True,True,True,True
2025-06-28 00:00:00,PRD-A,34.0,1293.0,0.026295436968290797,0.02902440255633187,0.04661195978611832,0.06419951701590476,True,True,True,True,True
2025-06-28 08:00:00,PRD-A,35.0,1288.0,0.02717391304347826,0.02899029828302028,0.04661195978611832,0.06423362128921636,True,True,True,True,True
2025-06-28 16:00:00,PRD-A,43.0,1212.0,0.03547854785478548,0.028446203800546355,0.04661195978611832,0.06477771577169028,False,True,True,True,True
2025-06-29 00:00:00,PRD-A,36.0,1293.0,0.027842227378190254,0.02902440255633187,0.04661195978611832,0.06419951701590476,True,True,True,True,True
2025-06-29 08:00:00,PRD-A,33.0,1311.0,0.02517162471395881,0.029145558239014123,0.04661195978611832,0.0640783613332225,True,True,True,True,True
2025-06-29 16:00:00,PRD-A,41.0,1174.0,0.03492333901192504,0.028154550713456246,0.04661195978611832,0.0650693688587804,False,True,True,True,True
2024-01-07 00:00:00,PRD-A,59.0,1203.0,0.049044056525353284,0.028378378713389416,0.04661195978611832,0.06484554085884722,False,False,True,False,True
2024-01-07 08:00:00,PRD-A,42.0,1247.0,0.03368083400160385,0.028702950595216888,0.04661195978611832,0.06452096897701975,False,False,True,False,True
2024-01-07 16:00:00,PRD-A,81.0,1188.0,0.06818181818181818,0.028263628801204827,0.04661195978611832,0.06496029077103181,True,False,False,False,True
2024-01-08 00:00:00,PRD-A,59.0,1278.0,0.04616588419405321,0.02892149028402948,0.04661195978611832,0.06430242928820715,False,False,False,False,False
2024-01-08 08:00:00,PRD-A,61.0,1221.0,0.049959049959049956,0.0285132775901386,0.04661195978611832,0.06471064198209803,False,False,False,False,False
2024-01-08 16:00:00,PRD-A,82.0,1169.0,0.07014542343883662,0.02811512018555829,0.04661195978611832,0.06510879938667835,True,False,False,False,True
2024-01-15 00:00:00,PRD-A,62.0,1245.0,0.04979919678714859,0.028688571621249864,0.04661195978611832,0.06453534795098677,False,False,False,False,False
2024-01-15 08:00:00,PRD-A,50.0,1219.0,0.04101722723543889,0.028498436519833407,0.04661195978611832,0.06472548305240322,False,False,False,False,False
2024-01-15 16:00:00,PRD-A,66.0,1245.0,0.05301204819277108,0.028688571621249864,0.04661195978611832,0.06453534795098677,False,False,False,False,False
2024-01-16 00:00:00,PRD-A,44.0,1237.0,0.03556992724333064,0.028630707424988164,0.04661195978611832,0.06459321214724847,False,False,False,False,False
2024-01-16 08:00:00,PRD-A,59.0,1252.0,0.04712460063897764,0.02873874717146388,0.04661195978611832,0.06448517240077276,False,False,False,False,False
2024-01-16 16:00:00,PRD-A,88.0,1208.0,0.0728476821192053,0.028416152901616153,0.04661195978611832,0.06480776667062048,True,False,False,False,True
2024-01-23 00:00:00,PRD-A,40.0,1214.0,0.032948929159802305,0.02846117352371969,0.04661195978611832,0.06476274604851695,False,False,False,False,False
2024-01-23 08:00:00,PRD-A,63.0,1293.0,0.048723897911832945,0.02902440255633187,0.04661195978611832,0.06419951701590476,False,False,False,False,False
2024-01-23 16:00:00,PRD-A,75.0,1147.0,0.06538796861377506,0.02793857368007595,0.04661195978611832,0.06528534589216069,True,False,False,False,True
2024-01-24 00:00:00,PRD-A,52.0,1262.0,0.04120443740095087,0.028809701054646444,0.04661195978611832,0.06441421851759019,False,False,False,False,False
2024-01-24 08:00:00,PRD-A,60.0,1213.0,0.0494641384995878,0.028453693290036226,0.04661195978611832,0.06477022628220042,False,False,False,False,False
2024-01-24 16:00:00,PRD-A,80.0,1181.0,0.06773920406435224,0.028209332205279894,0.04661195978611832,0.06501458736695674,True,False,False,False,True
2024-01-31 00:00:00,PRD-A,37.0,1187.0,0.031171019376579612,0.02825590156102866,0.04661195978611832,0.06496801801120797,False,False,False,False,False
2024-01-31 08:00:00,PRD-A,41.0,1264.0,0.03243670886075949,0.02882379069573896,0.04661195978611832,0.06440012887649768,False,True,False,False,True
2024-01-31 16:00:00,PRD-A,75.0,1237.0,0.060630557801131774,0.028630707424988164,0.04661195978611832,0.06459321214724847,False,True,False,False,True
2024-02-01 00:00:00,PRD-A,48.0,1224.0,0.0392156862745098,0.028535470954950078,0.04661195978611832,0.06468844861728656,False,False,False,False,False
2024-02-01 08:00:00,PRD-A,72.0,1295.0,0.055598455598455596,0.029037988929336636,0.04661195978611832,0.0641859306429,False,False,False,False,False
2024-02-01 16:00:00,PRD-A,82.0,1188.0,0.06902356902356903,0.028263628801204827,0.04661195978611832,0.06496029077103181,True,False,False,False,True
2024-02-08 00:00:00,PRD-A,55.0,1252.0,0.0439297124600639,0.02873874717146388,0.04661195978611832,0.06448517240077276,False,False,False,False,False
2024-02-08 08:00:00,PRD-A,56.0,1290.0,0.043410852713178294,0.029003963784496437,0.04661195978611832,0.0642199557877402,False,False,False,False,False
2024-02-08 16:00:00,PRD-A,77.0,1233.0,0.062449310624493104,0.028601564371244333,0.04661195978611832,0.0646223552009923,False,False,False,False,False
2024-02-09 00:00:00,PRD-A,56.0,1244.0,0.04501607717041801,0.028681369134254363,0.04661195978611832,0.06454255043798227,False,False,False,False,False
2024-02-09 08:00:00,PRD-A,67.0,1234.0,0.05429497568881685,0.028608863417304935,0.04661195978611832,0.0646150561549317,False,False,False,False,False
2024-02-09 16:00:00,PRD-A,91.0,1209.0,0.07526881720430108,0.028423679605923506,0.04661195978611832,0.06480023996631312,True,False,False,False,True
2024-02-16 00:00:00,PRD-A,50.0,1154.0,0.043327556325823226,0.027995294879778164,0.04661195978611832,0.06522862469245846,False,False,False,False,False
2024-02-16 08:00:00,PRD-A,55.0,1174.0,0.046848381601362864,0.028154550713456246,0.04661195978611832,0.0650693688587804,False,False,False,False,False
2024-02-16 16:00:00,PRD-A,81.0,1203.0,0.06733167082294264,0.028378378713389416,0.04661195978611832,0.06484554085884722,True,False,False,False,True
2024-02-17 00:00:00,PRD-A,65.0,1174.0,0.05536626916524702,0.028154550713456246,0.04661195978611832,0.0650693688587804,False,False,False,False,False
2024-02-17 08:00:00,PRD-A,76.0,1232.0,0.06168831168831169,0.028594256440160525,0.04661195978611832,0.0646296631320761,False,True,False,False,True
2024-02-17 16:00:00,PRD-A,101.0,1206.0,0.08374792703150911,0.02840107141797897,0.04661195978611832,0.06482284815425766,True,True,True,False,True
2024-02-24 00:00:00,PRD-A,34.0,805.0,0.0422360248447205,0.02432212518359989,0.04661195978611832,0.06890179438863675,False,True,True,False,True
2024-02-24 08:00:00,PRD-A,43.0,1357.0,0.03168754605747973,0.02944415120792738,0.04661195978611832,0.06377976836430926,False,False,False,False,False
2024-02-24 16:00:00,PRD-A,69.0,1359.0,0.05077262693156733,0.02945678853652852,0.04661195978611832,0.06376713103570811,False,False,False,False,False
2024-02-25 00:00:00,PRD-A,40.0,1255.0,0.03187250996015936,0.028760122358638653,0.04661195978611832,0.06446379721359799,False,True,False,False,True
2024-02-25 08:00:00,PRD-A,27.0,1318.0,0.0204855842185129,0.029192002693806576,0.04661195978611832,0.06403191687843006,True,True,False,False,True
2024-02-25 16:00:00,PRD-A,44.0,1260.0,0.03492063492063492,0.028795577880087565,0.04661195978611832,0.06442834169214907,False,True,True,False,True
2024-03-03 00:00:00,PRD-A,54.0,1297.0,0.04163454124903624,0.029051543864524867,0.04661195978611832,0.06417237570771177,False,False,False,False,False
2024-03-03 08:00:00,PRD-A,19.0,967.0,0.01964839710444674,0.02627474154898575,0.04661195978611832,0.06694917802325089,True,False,True,False,True
2024-03-03 16:00:00,PRD-A,92.0,1283.0,0.07170693686671863,0.028955994840970098,0.04661195978611832,0.06426792473126654,True,False,False,False,True
2024-03-04 00:00:00,PRD-A,65.0,1360.0,0.04779411764705882,0.029463096744592358,0.04661195978611832,0.06376082282764428,False,False,False,False,False
2024-03-04 08:00:00,PRD-A,42.0,1317.0,0.03189066059225513,0.029185390449464325,0.04661195978611832,0.0640385291227723,False,False,False,False,False
2024-03-04 16:00:00,PRD-A,57.0,1283.0,0.044427123928293066,0.028955994840970098,0.04661195978611832,0.06426792473126654,False,False,False,False,False
2024-03-11 00:00:00,PRD-A,49.0,1268.0,0.038643533123028394,0.028851869906757307,0.04661195978611832,0.06437204966547933,False,False,False,False,False
2024-03-11 08:00:00,PRD-A,33.0,1273.0,0.025923016496465043,0.02888678263931889,0.04661195978611832,0.06433713693291775,True,False,False,False,True
2024-03-11 16:00:00,PRD-A,38.0,1233.0,0.030819140308191405,0.028601564371244333,0.04661195978611832,0.0646223552009923,False,True,True,False,True
2024-03-12 00:00:00,PRD-A,37.0,1285.0,0.028793774319066146,0.028969740241998852,0.04661195978611832,0.06425417933023778,True,True,True,False,True
2024-03-12 08:00:00,PRD-A,36.0,1283.0,0.028059236165237724,0.028955994840970098,0.04661195978611832,0.06426792473126654,True,True,True,False,True
2024-03-12 16:00:00,PRD-A,51.0,1301.0,0.03920061491160646,0.029078559905017766,0.04661195978611832,0.06414535966721888,False,True,True,True,True
2024-03-19 00:00:00,PRD-A,83.0,1147.0,0.07236268526591107,0.02793857368007595,0.04661195978611832,0.06528534589216069,True,False,True,False,True
2024-03-19 08:00:00,PRD-A,89.0,1184.0,0.07516891891891891,0.028232661131938275,0.04661195978611832,0.06499125844029836,True,True,False,False,True
2024-03-19 16:00:00,PRD-A,133.0,1162.0,0.1144578313253012,0.028059490467168196,0.04661195978611832,0.06516442910506844,True,True,False,False,True
2024-03-20 00:00:00,PRD-A,95.0,1149.0,0.08268059181897303,0.02795483261751326,0.04661195978611832,0.06526908695472337,True,True,True,False,True
2024-03-20 08:00:00,PRD-A,95.0,1068.0,0.08895131086142322,0.02726025813830807,0.04661195978611832,0.06596366143392857,True,True,True,False,True
2024-03-20 16:00:00,PRD-A,134.0,1111.0,0.12061206120612061,0.027638446462328988,0.04661195978611832,0.06558547310990764,True,True,True,False,True
2024-03-27 00:00:00,PRD-A,73.0,1205.0,0.06058091286307054,0.028393516599828583,0.04661195978611832,0.06483040297240805,False,True,True,False,True
2024-03-27 08:00:00,PRD-A,82.0,1237.0,0.06628940986257073,0.028630707424988164,0.04661195978611832,0.06459321214724847,True,True,True,True,True
2024-03-27 16:00:00,PRD-A,90.0,835.0,0.10778443113772455,0.024726204023696408,0.04661195978611832,0.06849771554854023,True,True,True,True,True
2024-03-28 00:00:00,PRD-A,56.0,1357.0,0.04126750184229919,0.02944415120792738,0.04661195978611832,0.06377976836430926,False,True,True,False,True
2024-03-28 08:00:00,PRD-A,33.0,1308.0,0.02522935779816514,0.02912553943410883,0.04661195978611832,0.0640983801381278,True,False,False,False,True
2024-03-28 16:00:00,PRD-A,56.0,1305.0,0.04291187739463601,0.02910545163845376,0.04661195978611832,0.06411846793378287,False,False,False,False,False
2024-04-04 00:00:00,PRD-A,26.0,1166.0,0.022298456260720412,0.02809134022339159,0.04661195978611832,0.06513257934884505,True,True,False,False,True
2024-04-04 08:00:00,PRD-A,37.0,1313.0,0.02817974105102818,0.02915886597545822,0.04661195978611832,0.06406505359677842,True,True,False,False,True
2024-04-04 16:00:00,PRD-A,58.0,1270.0,0.04566929133858268,0.028865859739475253,0.04661195978611832,0.06435805983276138,False,True,False,False,True
2024-04-05 00:00:00,PRD-A,46.0,1244.0,0.03697749196141479,0.028681369134254363,0.04661195978611832,0.06454255043798227,False,False,False,False,False
2024-04-05 08:00:00,PRD-A,36.0,1281.0,0.02810304449648712,0.028942217261858208,0.04661195978611832,0.06428170231037843,True,False,True,True,True
2024-04-05 16:00:00,PRD-A,66.0,1255.0,0.05258964143426295,0.028760122358638653,0.04661195978611832,0.06446379721359799,False,False,False,False,False
2024-04-12 00:00:00,PRD-A,33.0,1211.0,0.027250206440957887,0.02843870503614624,0.04661195978611832,0.0647852145360904,True,True,False,False,True
2024-04-12 08:00:00,PRD-A,51.0,1268.0,0.04022082018927445,0.028851869906757307,0.04661195978611832,0.06437204966547933,False,False,True,False,True
2024-04-12 16:00:00,PRD-A,66.0,1195.0,0.055230125523012555,0.028317447612667156,0.04661195978611832,0.06490647195956947,False,False,False,False,False
2024-04-13 00:00:00,PRD-A,50.0,1217.0,0.041084634346754315,0.028483558880145532,0.04661195978611832,0.0647403606920911,False,False,False,False,False
2024-04-13 08:00:00,PRD-A,59.0,1274.0,0.04631083202511774,0.028893740510890924,0.04661195978611832,0.06433017906134571,False,False,False,False,False
2024-04-13 16:00:00,PRD-A,67.0,1213.0,0.055234954657873044,0.028453693290036226,0.04661195978611832,0.06477022628220042,False,False,False,False,False
2024-04-20 00:00:00,PRD-A,37.0,1244.0,0.0297427652733119,0.028681369134254363,0.04661195978611832,0.06454255043798227,False,False,False,False,False
2024-04-20 08:00:00,PRD-A,44.0,1285.0,0.034241245136186774,0.028969740241998852,0.04661195978611832,0.06425417933023778,False,True,False,False,True
2024-04-20 16:00:00,PRD-A,63.0,1253.0,0.05027932960893855,0.028745880762893368,0.04661195978611832,0.06447803880934327,False,True,False,False,True
2024-04-21 00:00:00,PRD-A,51.0,1251.0,0.0407673860911271,0.02873160502827586,0.04661195978611832,0.06449231454396077,False,False,False,False,False
2024-04-21 08:00:00,PRD-A,37.0,1300.0,0.02846153846153846,0.029071817586029437,0.04661195978611832,0.0641521019862072,True,False,False,False,True
2024-04-21 16:00:00,PRD-A,69.0,1277.0,0.05403288958496476,0.028914565065716817,0.04661195978611832,0.06430935450651981,False,False,False,False,False
2024-04-28 00:00:00,PRD-A,42.0,1207.0,0.0347970173985087,0.02840861684542869,0.04661195978611832,0.06481530272680794,False,False,False,False,False
2024-04-28 08:00:00,PRD-A,49.0,1237.0,0.039611964430072755,0.028630707424988164,0.04661195978611832,0.06459321214724847,False,False,False,False,False
2024-04-28 16:00:00,PRD-A,80.0,1240.0,0.06451612903225806,0.028652472112038196,0.04661195978611832,0.06457144746019844,False,False,False,False,False
2024-04-29 00:00:00,PRD-A,61.0,1245.0,0.04899598393574297,0.028688571621249864,0.04661195978611832,0.06453534795098677,False,False,False,False,False
2024-04-29 08:00:00,PRD-A,49.0,1251.0,0.03916866506794564,0.02873160502827586,0.04661195978611832,0.06449231454396077,False,False,False,False,False
2024-04-29 16:00:00,PRD-A,80.0,1215.0,0.06584362139917696,0.028468644520645535,0.04661195978611832,0.0647552750515911,True,False,False,False,True
2024-05-06 00:00:00,PRD-A,60.0,1136.0,0.0528169014084507,0.02784838336516708,0.04661195978611832,0.06537553620706955,False,False,False,False,False
2024-05-06 08:00:00,PRD-A,59.0,1269.0,0.046493301812450746,0.028858868957227873,0.04661195978611832,0.06436505061500876,False,False,False,False,False
2024-05-06 16:00:00,PRD-A,64.0,1235.0,0.051821862348178135,0.028616153596331857,0.04661195978611832,0.06460776597590479,False,False,False,False,False
2024-05-07 00:00:00,PRD-A,57.0,1243.0,0.04585679806918745,0.028674157957348373,0.04661195978611832,0.06454976161488826,False,False,False,False,False
2024-05-07 08:00:00,PRD-A,56.0,1305.0,0.04291187739463601,0.02910545163845376,0.04661195978611832,0.06411846793378287,False,False,False,False,False
2024-05-07 16:00:00,PRD-A,46.0,921.0,0.0499457111834962,0.025773051131423388,0.04661195978611832,0.06745086844081324,False,False,False,False,False
2024-05-14 00:00:00,PRD-A,103.0,1227.0,0.08394458027709861,0.028557582876170096,0.04661195978611832,0.06466633669606654,True,False,False,False,True
2024-05-14 08:00:00,PRD-A,108.0,1203.0,0.08977556109725686,0.028378378713389416,0.04661195978611832,0.06484554085884722,True,True,False,False,True
2024-05-14 16:00:00,PRD-A,164.0,1167.0,0.1405312767780634,0.028099277065222843,0.04661195978611832,0.06512464250701379,True,True,False,False,True
2024-05-15 00:00:00,PRD-A,117.0,1227.0,0.09535452322738386,0.028557582876170096,0.04661195978611832,0.06466633669606654,True,True,True,False,True
2024-05-15 08:00:00,PRD-A,120.0,1271.0,0.0944138473642801,0.028872842269765883,0.04661195978611832,0.06435107730247075,True,True,True,False,True
2024-05-15 16:00:00,PRD-A,171.0,1153.0,0.14830875975715524,0.027987223487720498,0.04661195978611832,0.06523669608451614,True,True,True,False,True
2024-05-22 00:00:00,PRD-A,51.0,1197.0,0.042606516290726815,0.02833273763804913,0.04661195978611832,0.0648911819341875,False,True,True,False,True
2024-05-22 08:00:00,PRD-A,67.0,1035.0,0.0647342995169082,0.026954173411776312,0.04661195978611832,0.06626974616046033,False,True,True,False,True
2024-05-22 16:00:00,PRD-A,40.0,1252.0,0.03194888178913738,0.02873874717146388,0.04661195978611832,0.06448517240077276,False,False,False,False,False
2024-05-23 00:00:00,PRD-A,36.0,1302.0,0.027649769585253458,0.02908529445486524,0.04661195978611832,0.0641386251173714,True,True,False,False,True
2024-05-23 08:00:00,PRD-A,28.0,1310.0,0.021374045801526718,0.02913889294529809,0.04661195978611832,0.06408502662693855,True,True,False,False,True
2024-05-23 16:00:00,PRD-A,59.0,1254.0,0.04704944178628389,0.0287530058196167,0.04661195978611832,0.06447091375261993,False,True,False,False,True
2024-05-30 00:00:00,PRD-A,39.0,1238.0,0.03150242326332795,0.028637971110342574,0.04661195978611832,0.06458594846189405,False,True,True,False,True
2024-05-30 08:00:00,PRD-A,44.0,1298.0,0.03389830508474576,0.029058309580792793,0.04661195978611832,0.06416560999144384,False,True,True,False,True
2024-05-30 16:00:00,PRD-A,56.0,1230.0,0.04552845528455285,0.028579613850709347,0.04661195978611832,0.0646443057215273,False,True,False,False,True
2024-05-31 00:00:00,PRD-A,36.0,1236.0,0.02912621359223301,0.028623434926263666,0.04661195978611832,0.06460048464597297,False,True,False,False,True
2024-05-31 08:00:00,PRD-A,46.0,1258.0,0.03656597774244833,0.028781421038834357,0.04661195978611832,0.06444249853340228,False,False,True,False,True
2024-05-31 16:00:00,PRD-A,66.0,1206.0,0.05472636815920398,0.02840107141797897,0.04661195978611832,0.06482284815425766,False,False,False,False,False
2024-06-07 00:00:00,PRD-A,29.0,1229.0,0.023596419853539462,0.02857227915610649,0.04661195978611832,0.06465164041613014,True,False,False,False,True
2024-06-07 08:00:00,PRD-A,48.0,1273.0,0.037706205813040065,0.02888678263931889,0.04661195978611832,0.06433713693291775,False,False,True,False,True
2024-06-07 16:00:00,PRD-A,66.0,1220.0,0.054098360655737705,0.028505861616790716,0.04661195978611832,0.06471805795544591,False,False,False,False,False
2024-06-08 00:00:00,PRD-A,47.0,1260.0,0.0373015873015873,0.028795577880087565,0.04661195978611832,0.06442834169214907,False,False,False,False,False
2024-06-08 08:00:00,PRD-A,35.0,1281.0,0.0273224043715847,0.028942217261858208,0.04661195978611832,0.06428170231037843,True,False,True,False,True
2024-06-08 16:00:00,PRD-A,77.0,1237.0,0.06224737267582862,0.028630707424988164,0.04661195978611832,0.06459321214724847,False,False,False,False,False
2024-06-15 00:00:00,PRD-A,61.0,1230.0,0.04959349593495935,0.028579613850709347,0.04661195978611832,0.0646443057215273,False,False,False,False,False
2024-06-15 08:00:00,PRD-A,47.0,1242.0,0.03784219001610306,0.028666938073043637,0.04661195978611832,0.064556981499193,False,False,False,False,False
2024-06-15 16:00:00,PRD-A,77.0,1211.0,0.06358381502890173,0.02843870503614624,0.04661195978611832,0.0647852145360904,False,False,False,False,False
2024-06-16 00:00:00,PRD-A,59.0,1273.0,0.046347211311861744,0.02888678263931889,0.04661195978611832,0.06433713693291775,False,False,False,False,False
2024-06-16 08:00:00,PRD-A,53.0,822.0,0.06447688564476886,0.024553820370016813,0.04661195978611832,0.06867009920221982,False,True,False,False,True
2024-06-16 16:00:00,PRD-A,26.0,1198.0,0.021702838063439065,0.028340368288412136,0.04661195978611832,0.0648835512838245,True,False,False,False,True
2024-06-23 00:00:00,PRD-A,31.0,1272.0,0.02437106918238994,0.02887981656432141,0.04661195978611832,0.06434410300791522,True,True,False,False,True
2024-06-23 08:00:00,PRD-A,41.0,1272.0,0.03223270440251572,0.02887981656432141,0.04661195978611832,0.06434410300791522,False,True,False,False,True
2024-06-23 16:00:00,PRD-A,47.0,1257.0,0.03739061256961018,0.02877432995136084,0.04661195978611832,0.0644495896208758,False,True,True,False,True
2024-06-24 00:00:00,PRD-A,40.0,1205.0,0.03319502074688797,0.028393516599828583,0.04661195978611832,0.06483040297240805,False,True,True,False,True
2024-06-24 08:00:00,PRD-A,39.0,1286.0,0.030326594090202177,0.02897660091484009,0.04661195978611832,0.06424731865739655,False,True,True,False,True
2024-06-24 16:00:00,PRD-A,69.0,1229.0,0.05614320585842148,0.02857227915610649,0.04661195978611832,0.06465164041613014,False,True,True,False,True
2024-07-01 00:00:00,PRD-A,45.0,1219.0,0.03691550451189499,0.028498436519833407,0.04661195978611832,0.06472548305240322,False,False,True,False,True
2024-07-01 08:00:00,PRD-A,58.0,1297.0,0.04471858134155744,0.029051543864524867,0.04661195978611832,0.06417237570771177,False,False,False,False,False
2024-07-01 16:00:00,PRD-A,56.0,1261.0,0.04440919904837431,0.028802643667359712,0.04661195978611832,0.06442127590487692,False,False,False,False,False
2024-07-02 00:00:00,PRD-A,41.0,1250.0,0.0328,0.02872445431622922,0.04661195978611832,0.06449946525600742,False,False,False,False,False
2024-07-02 08:00:00,PRD-A,40.0,1272.0,0.031446540880503145,0.02887981656432141,0.04661195978611832,0.06434410300791522,False,True,False,False,True
2024-07-02 16:00:00,PRD-A,63.0,1156.0,0.054498269896193774,0.02801140623278002,0.04661195978611832,0.06521251333945662,False,True,False,False,True
2024-07-09 00:00:00,PRD-A,31.0,1197.0,0.025898078529657476,0.02833273763804913,0.04661195978611832,0.0648911819341875,True,True,False,False,True
2024-07-09 08:00:00,PRD-A,32.0,1316.0,0.0243161094224924,0.029178770669800437,0.04661195978611832,0.0640451489024362,True,True,True,False,True
2024-07-09 16:00:00,PRD-A,61.0,1241.0,0.04915390813859791,0.028659709463802596,0.04661195978611832,0.06456421010843404,False,True,False,False,True
2024-07-10 00:00:00,PRD-A,35.0,1263.0,0.027711797307996833,0.028816750058578096,0.04661195978611832,0.06440716951365855,True,True,False,False,True
2024-07-10 08:00:00,PRD-A,37.0,1286.0,0.028771384136858476,0.02897660091484009,0.04661195978611832,0.06424731865739655,True,True,True,False,True
2024-07-10 16:00:00,PRD-A,48.0,1222.0,0.03927986906710311,0.02852068445854619,0.04661195978611832,0.06470323511369044,False,True,True,False,True
2024-07-17 00:00:00,PRD-A,48.0,1176.0,0.04081632653061224,0.02817025246795515,0.04661195978611832,0.06505366710428148,False,False,False,False,False
2024-07-17 08:00:00,PRD-A,46.0,1287.0,0.035742035742035744,0.02898345359000508,0.04661195978611832,0.06424046598223156,False,False,True,False,True
2024-07-17 16:00:00,PRD-A,76.0,1239.0,0.06133979015334948,0.028645226000113714,0.04661195978611832,0.06457869357212292,False,False,False,False,False
2024-07-18 00:00:00,PRD-A,59.0,1207.0,0.04888152444076222,0.02840861684542869,0.04661195978611832,0.06481530272680794,False,False,False,False,False
2024-07-18 08:00:00,PRD-A,72.0,1239.0,0.05811138014527845,0.028645226000113714,0.04661195978611832,0.06457869357212292,False,False,False,False,False
2024-07-18 16:00:00,PRD-A,63.0,1011.0,0.06231454005934718,0.026722215103488572,0.04661195978611832,0.06650170446874806,False,False,False,False,False
2024-07-25 00:00:00,PRD-A,120.0,1126.0,0.10657193605683836,0.027765247927399834,0.04661195978611832,0.0654586716448368,True,True,True,False,True
2024-07-25 08:00:00,PRD-A,117.0,1252.0,0.09345047923322684,0.02873874717146388,0.04661195978611832,0.06448517240077276,True,True,True,False,True
2024-07-25 16:00:00,PRD-A,171.0,1199.0,0.14261884904086738,0.028347989390515395,0.04661195978611832,0.06487593018172125,True,True,True,False,True
2024-07-26 00:00:00,PRD-A,126.0,1219.0,0.10336341263330599,0.028498436519833407,0.04661195978611832,0.06472548305240322,True,True,True,True,True
2024-07-26 08:00:00,PRD-A,134.0,1233.0,0.10867802108678021,0.028601564371244333,0.04661195978611832,0.0646223552009923,True,True,True,True,True
2024-07-26 16:00:00,PRD-A,153.0,1161.0,0.13178294573643412,0.02805150232069731,0.04661195978611832,0.06517241725153933,True,True,True,True,True
2024-08-02 00:00:00,PRD-A,60.0,1173.0,0.05115089514066496,0.028146684781254868,0.04661195978611832,0.06507723479098176,False,True,True,True,True
2024-08-02 08:00:00,PRD-A,57.0,1243.0,0.04585679806918745,0.028674157957348373,0.04661195978611832,0.06454976161488826,False,False,False,False,False
2024-08-02 16:00:00,PRD-A,89.0,1179.0,0.07548770144189991,0.028193730144333424,0.04661195978611832,0.06503018942790321,True,False,False,False,True
2024-08-03 00:00:00,PRD-A,69.0,1187.0,0.05812973883740522,0.02825590156102866,0.04661195978611832,0.06496801801120797,False,False,False,False,False
2024-08-03 08:00:00,PRD-A,79.0,1213.0,0.0651277823577906,0.028453693290036226,0.04661195978611832,0.06477022628220042,True,True,False,False,True
2024-08-03 16:00:00,PRD-A,125.0,1208.0,0.10347682119205298,0.028416152901616153,0.04661195978611832,0.06480776667062048,True,True,True,False,True
2024-08-10 00:00:00,PRD-A,65.0,1181.0,0.0550381033022862,0.028209332205279894,0.04661195978611832,0.06501458736695674,False,True,True,False,True
2024-08-10 08:00:00,PRD-A,47.0,1034.0,0.045454545454545456,0.02694467000954153,0.04661195978611832,0.0662792495626951,False,False,True,False,True
2024-08-10 16:00:00,PRD-A,42.0,1261.0,0.03330689928628073,0.028802643667359712,0.04661195978611832,0.06442127590487692,False,False,False,False,False
2024-08-11 00:00:00,PRD-A,52.0,1300.0,0.04,0.029071817586029437,0.04661195978611832,0.0641521019862072,False,False,False,False,False
2024-08-11 08:00:00,PRD-A,32.0,1297.0,0.02467232074016962,0.029051543864524867,0.04661195978611832,0.06417237570771177,True,True,False,False,True
2024-08-11 16:00:00,PRD-A,39.0,1257.0,0.031026252983293555,0.02877432995136084,0.04661195978611832,0.0644495896208758,False,True,True,False,True
2024-08-18 00:00:00,PRD-A,34.0,1249.0,0.02722177742193755,0.028717295018175947,0.04661195978611832,0.06450662455406068,True,True,True,False,True
2024-08-18 08:00:00,PRD-A,43.0,1329.0,0.03235515425131678,0.02926424410892295,0.04661195978611832,0.06395967546331369,False,True,True,False,True
2024-08-18 16:00:00,PRD-A,45.0,1273.0,0.03534956794972506,0.02888678263931889,0.04661195978611832,0.06433713693291775,False,True,True,True,True
2024-08-19 00:00:00,PRD-A,36.0,1283.0,0.028059236165237724,0.028955994840970098,0.04661195978611832,0.06426792473126654,True,True,True,True,True
2024-08-19 08:00:00,PRD-A,44.0,1284.0,0.03426791277258567,0.028962871555912602,0.04661195978611832,0.06426104801632404,False,True,True,True,True
2024-08-19 16:00:00,PRD-A,48.0,1246.0,0.038523274478330656,0.028695765435773988,0.04661195978611832,0.06452815413646265,False,True,True,True,True
2024-08-26 00:00:00,PRD-A,42.0,1256.0,0.03343949044585987,0.028767230396916643,0.04661195978611832,0.06445668917531999,False,True,True,True,True
2024-08-26 08:00:00,PRD-A,60.0,1294.0,0.04636785162287481,0.029031199680152796,0.04661195978611832,0.06419271989208383,False,False,True,True,True
2024-08-26 16:00:00,PRD-A,57.0,757.0,0.07529722589167767,0.023626306776492564,0.04661195978611832,0.06959761279574407,True,False,False,False,True
2024-08-27 00:00:00,PRD-A,35.0,1329.0,0.02633559066967645,0.02926424410892295,0.04661195978611832,0.06395967546331369,True,False,False,False,True
2024-08-27 08:00:00,PRD-A,34.0,1322.0,0.025718608169440244,0.02921837660309111,0.04661195978611832,0.06400554296914553,True,True,False,False,True
2024-08-27 16:00:00,PRD-A,58.0,1316.0,0.044072948328267476,0.029178770669800437,0.04661195978611832,0.0640451489024362,False,True,False,False,True
2024-09-03 00:00:00,PRD-A,57.0,1315.0,0.04334600760456274,0.029172143340491917,0.04661195978611832,0.06405177623174471,False,False,False,False,False
2024-09-03 08:00:00,PRD-A,31.0,1328.0,0.023343373493975902,0.02925771381858166,0.04661195978611832,0.06396620575365497,True,False,False,False,True
2024-09-03 16:00:00,PRD-A,44.0,1260.0,0.03492063492063492,0.028795577880087565,0.04661195978611832,0.06442834169214907,False,False,False,False,False
2024-09-04 00:00:00,PRD-A,44.0,1279.0,0.03440187646598905,0.028928407378918386,0.04661195978611832,0.06429551219331825,False,True,False,False,True
2024-09-04 08:00:00,PRD-A,35.0,1311.0,0.02669717772692601,0.029145558239014123,0.04661195978611832,0.0640783613332225,True,True,True,True,True
2024-09-04 16:00:00,PRD-A,54.0,1223.0,0.044153720359771054,0.028528082240629197,0.04661195978611832,0.06469583733160744,False,True,True,True,True
2024-09-11 00:00:00,PRD-A,62.0,1144.0,0.05419580419580419,0.027914105375927208,0.04661195978611832,0.06530981419630943,False,False,False,False,False
2024-09-11 08:00:00,PRD-A,96.0,1194.0,0.08040201005025126,0.028309788197563544,0.04661195978611832,0.06491413137467308,True,False,False,False,True
2024-09-11 16:00:00,PRD-A,100.0,871.0,0.1148105625717566,0.02518326552096392,0.04661195978611832,0.06804065405127271,True,True,False,False,True
2024-09-12 00:00:00,PRD-A,24.0,1286.0,0.01866251944012442,0.02897660091484009,0.04661195978611832,0.06424731865739655,True,True,False,False,True
2024-09-12 08:00:00,PRD-A,41.0,1305.0,0.031417624521072794,0.02910545163845376,0.04661195978611832,0.06411846793378287,False,True,False,False,True
2024-09-12 16:00:00,PRD-A,50.0,1281.0,0.039032006245121,0.028942217261858208,0.04661195978611832,0.06428170231037843,False,True,False,False,True
2024-09-19 00:00:00,PRD-A,49.0,1197.0,0.04093567251461988,0.02833273763804913,0.04661195978611832,0.0648911819341875,False,False,False,False,False
2024-09-19 08:00:00,PRD-A,53.0,1197.0,0.04427736006683375,0.02833273763804913,0.04661195978611832,0.0648911819341875,False,False,False,False,False
2024-09-19 16:00:00,PRD-A,66.0,1271.0,0.05192761605035405,0.028872842269765883,0.04661195978611832,0.06435107730247075,False,False,False,False,False
2024-09-20 00:00:00,PRD-A,39.0,1183.0,0.03296703296703297,0.028224894683818915,0.04661195978611832,0.06499902488841772,False,False,False,False,False
2024-09-20 08:00:00,PRD-A,53.0,1228.0,0.04315960912052117,0.028564935504009105,0.04661195978611832,0.06465898406822754,False,False,False,False,False
2024-09-20 16:00:00,PRD-A,73.0,1200.0,0.060833333333333336,0.02835560096425526,0.04661195978611832,0.06486831860798137,False,False,False,False,False
2024-09-27 00:00:00,PRD-A,52.0,1196.0,0.043478260869565216,0.028325097419471798,0.04661195978611832,0.06489882215276484,False,False,False,False,False
2024-09-27 08:00:00,PRD-A,72.0,1258.0,0.057233704292527825,0.028781421038834357,0.04661195978611832,0.06444249853340228,False,False,False,False,False
2024-09-27 16:00:00,PRD-A,86.0,1197.0,0.07184628237259816,0.02833273763804913,0.04661195978611832,0.0648911819341875,True,False,False,False,True
2024-09-28 00:00:00,PRD-A,73.0,1190.0,0.06134453781512605,0.028279054050661105,0.04661195978611832,0.06494486552157552,False,True,True,False,True
2024-09-28 08:00:00,PRD-A,80.0,1241.0,0.064464141821112,0.028659709463802596,0.04661195978611832,0.06456421010843404,False,True,True,False,True
2024-09-28 16:00:00,PRD-A,85.0,1113.0,0.07637017070979335,0.02765550130921264,0.04661195978611832,0.065568418263024,True,True,True,False,True
2024-10-05 00:00:00,PRD-A,99.0,1210.0,0.08181818181818182,0.0284311969776768,0.04661195978611832,0.06479272259455984,True,True,True,False,True
2024-10-05 08:00:00,PRD-A,105.0,1218.0,0.08620689655172414,0.02849100228054388,0.04661195978611832,0.06473291729169275,True,True,True,False,True
2024-10-05 16:00:00,PRD-A,139.0,1219.0,0.1140278917145201,0.028498436519833407,0.04661195978611832,0.06472548305240322,True,True,True,True,True
2024-10-06 00:00:00,PRD-A,120.0,1246.0,0.09630818619582665,0.028695765435773988,0.04661195978611832,0.06452815413646265,True,True,True,True,True
2024-10-06 08:00:00,PRD-A,118.0,1223.0,0.0964840556009812,0.028528082240629197,0.04661195978611832,0.06469583733160744,True,True,True,True,True
2024-10-06 16:00:00,PRD-A,158.0,1164.0,0.13573883161512026,0.028075435867036348,0.04661195978611832,0.0651484837052003,True,True,True,True,True
2024-10-13 00:00:00,PRD-A,61.0,1186.0,0.05143338954468803,0.028248164549842067,0.04661195978611832,0.06497575502239457,False,True,True,True,True
2024-10-13 08:00:00,PRD-A,63.0,1243.0,0.050683829444891394,0.028674157957348373,0.04661195978611832,0.06454976161488826,False,False,False,True,True
2024-10-13 16:00:00,PRD-A,103.0,1150.0,0.08956521739130435,0.027962946176135095,0.04661195978611832,0.06526097339610154,True,False,False,True,True
2024-10-14 00:00:00,PRD-A,74.0,1193.0,0.06202849958088852,0.028302119154030435,0.04661195978611832,0.0649218004182062,False,True,False,True,True
2024-10-14 08:00:00,PRD-A,55.0,1191.0,0.04617968094038623,0.028286752100857928,0.04661195978611832,0.0649371674713787,False,True,False,False,True
2024-10-14 16:00:00,PRD-A,97.0,1162.0,0.08347676419965576,0.028059490467168196,0.04661195978611832,0.06516442910506844,True,True,False,False,True
2024-10-21 00:00:00,PRD-A,46.0,1240.0,0.037096774193548385,0.028652472112038196,0.04661195978611832,0.06457144746019844,False,False,False,False,False
2024-10-21 08:00:00,PRD-A,34.0,1252.0,0.027156549520766772,0.02873874717146388,0.04661195978611832,0.06448517240077276,True,False,False,False,True
2024-10-21 16:00:00,PRD-A,50.0,1213.0,0.041220115416323165,0.028453693290036226,0.04661195978611832,0.06477022628220042,False,False,False,False,False
2024-10-22 00:00:00,PRD-A,45.0,1267.0,0.035516969218626675,0.028844862571752207,0.04661195978611832,0.06437905700048444,False,False,False,False,False
2024-10-22 08:00:00,PRD-A,42.0,1257.0,0.03341288782816229,0.02877432995136084,0.04661195978611832,0.0644495896208758,False,False,True,False,True
2024-10-22 16:00:00,PRD-A,58.0,1253.0,0.04628890662410216,0.028745880762893368,0.04661195978611832,0.06447803880934327,False,False,False,False,False
2024-10-29 00:00:00,PRD-A,104.0,1108.0,0.09386281588447654,0.027612777661427623,0.04661195978611832,0.06561114191080901,True,False,False,False,True
2024-10-29 08:00:00,PRD-A,105.0,1190.0,0.08823529411764706,0.028279054050661105,0.04661195978611832,0.06494486552157552,True,True,False,False,True
2024-10-29 16:00:00,PRD-A,131.0,1132.0,0.1157243816254417,0.0278152614039579,0.04661195978611832,0.06540865816827873,True,True,False,False,True
2024-10-30 00:00:00,PRD-A,108.0,1187.0,0.09098567818028644,0.02825590156102866,0.04661195978611832,0.06496801801120797,True,True,True,False,True
2024-10-30 08:00:00,PRD-A,75.0,859.0,0.08731082654249127,0.025034108076025678,0.04661195978611832,0.06818981149621095,True,True,True,False,True
2024-10-30 16:00:00,PRD-A,39.0,1227.0,0.03178484107579462,0.028557582876170096,0.04661195978611832,0.06466633669606654,False,True,True,False,True
2024-11-06 00:00:00,PRD-A,61.0,844.0,0.07227488151658767,0.02484320622922438,0.04661195978611832,0.06838071334301225,True,True,True,False,True
2024-11-06 08:00:00,PRD-A,28.0,1308.0,0.021406727828746176,0.02912553943410883,0.04661195978611832,0.0640983801381278,True,True,False,False,True
2024-11-06 16:00:00,PRD-A,34.0,1219.0,0.02789171452009844,0.028498436519833407,0.04661195978611832,0.06472548305240322,True,True,False,False,True
2024-11-07 00:00:00,PRD-A,31.0,1264.0,0.0245253164556962,0.02882379069573896,0.04661195978611832,0.06440012887649768,True,True,True,False,True
2024-11-07 08:00:00,PRD-A,34.0,1286.0,0.026438569206842923,0.02897660091484009,0.04661195978611832,0.06424731865739655,True,True,True,False,True
2024-11-07 16:00:00,PRD-A,56.0,1277.0,0.04385277995301488,0.028914565065716817,0.04661195978611832,0.06430935450651981,False,True,True,False,True
2024-11-14 00:00:00,PRD-A,79.0,1136.0,0.06954225352112677,0.02784838336516708,0.04661195978611832,0.06537553620706955,True,False,False,False,True
2024-11-14 08:00:00,PRD-A,100.0,1201.0,0.08326394671107411,0.02836320302947009,0.04661195978611832,0.06486071654276654,True,True,False,False,True
2024-11-14 16:00:00,PRD-A,103.0,856.0,0.12032710280373832,0.024996329491436205,0.04661195978611832,0.06822759008080043,True,True,False,False,True
2024-11-15 00:00:00,PRD-A,37.0,1318.0,0.028072837632776935,0.029192002693806576,0.04661195978611832,0.06403191687843006,True,True,False,False,True
2024-11-15 08:00:00,PRD-A,33.0,1288.0,0.02562111801242236,0.02899029828302028,0.04661195978611832,0.06423362128921636,True,True,False,False,True
2024-11-15 16:00:00,PRD-A,43.0,1282.0,0.033541341653666144,0.0289491100815175,0.04661195978611832,0.06427480949071913,False,True,False,False,True
2024-11-22 00:00:00,PRD-A,44.0,687.0,0.06404657933042213,0.022483676813979364,0.04661195978611832,0.07074024275825727,False,True,False,False,True
2024-11-22 08:00:00,PRD-A,31.0,1321.0,0.023467070401211203,0.02921179435756391,0.04661195978611832,0.06401212521467273,True,True,True,False,True
2024-11-22 16:00:00,PRD-A,41.0,1263.0,0.03246239113222486,0.028816750058578096,0.04661195978611832,0.06440716951365855,False,True,True,False,True
2024-11-23 00:00:00,PRD-A,38.0,1280.0,0.0296875,0.0289353163662527,0.04661195978611832,0.06428860320598394,False,True,True,False,True
2024-11-23 08:00:00,PRD-A,42.0,1291.0,0.032532920216886134,0.029010784623800058,0.04661195978611832,0.06421313494843658,False,True,True,False,True
2024-11-23 16:00:00,PRD-A,47.0,1216.0,0.038651315789473686,0.028476106299807707,0.04661195978611832,0.06474781327242893,False,True,True,False,True
2024-11-30 00:00:00,PRD-A,40.0,1270.0,0.031496062992125984,0.028865859739475253,0.04661195978611832,0.06435805983276138,False,True,True,False,True
2024-11-30 08:00:00,PRD-A,43.0,1273.0,0.03377847604084839,0.02888678263931889,0.04661195978611832,0.06433713693291775,False,True,True,False,True
2024-11-30 16:00:00,PRD-A,57.0,1238.0,0.04604200323101777,0.028637971110342574,0.04661195978611832,0.06458594846189405,False,True,True,True,True
2024-12-01 00:00:00,PRD-A,41.0,1267.0,0.03235990528808208,0.028844862571752207,0.04661195978611832,0.06437905700048444,False,True,True,True,True
2024-12-01 08:00:00,PRD-A,55.0,1268.0,0.04337539432176656,0.028851869906757307,0.04661195978611832,0.06437204966547933,False,False,False,True,True
2024-12-01 16:00:00,PRD-A,71.0,1249.0,0.05684547638110488,0.028717295018175947,0.04661195978611832,0.06450662455406068,False,False,False,False,False
2024-12-08 00:00:00,PRD-A,47.0,1294.0,0.03632148377125193,0.029031199680152796,0.04661195978611832,0.06419271989208383,False,False,False,False,False
2024-12-08 08:00:00,PRD-A,32.0,1320.0,0.024242424242424242,0.02920520463362816,0.04661195978611832,0.06401871493860847,True,False,False,False,True
2024-12-08 16:00:00,PRD-A,25.0,1237.0,0.02021018593371059,0.028630707424988164,0.04661195978611832,0.06459321214724847,True,True,False,False,True
2024-12-09 00:00:00,PRD-A,18.0,1313.0,0.013709063214013708,0.02915886597545822,0.04661195978611832,0.06406505359677842,True,True,True,False,True
2024-12-09 08:00:00,PRD-A,28.0,1281.0,0.02185792349726776,0.028942217261858208,0.04661195978611832,0.06428170231037843,True,True,True,False,True
2024-12-09 16:00:00,PRD-A,55.0,1307.0,0.042081101759755164,0.029118851187411022,0.04661195978611832,0.06410506838482562,False,True,True,False,True
2024-12-16 00:00:00,PRD-A,48.0,1248.0,0.038461538461538464,0.028710127116919948,0.04661195978611832,0.06451379245531669,False,False,True,False,True
2024-12-16 08:00:00,PRD-A,57.0,1323.0,0.04308390022675737,0.02922495138434398,0.04661195978611832,0.06399896818789266,False,False,False,True,True
2024-12-16 16:00:00,PRD-A,77.0,1264.0,0.06091772151898734,0.02882379069573896,0.04661195978611832,0.06440012887649768,False,False,False,False,False
2024-12-17 00:00:00,PRD-A,63.0,1327.0,0.04747550866616428,0.029251176147990915,0.04661195978611832,0.06397274342424572,False,False,False,False,False
2024-12-17 08:00:00,PRD-A,67.0,1319.0,0.05079605761940864,0.02919860741711216,0.04661195978611832,0.06402531215512447,False,False,False,False,False
2024-12-17 16:00:00,PRD-A,46.0,1237.0,0.037186742118027485,0.028630707424988164,0.04661195978611832,0.06459321214724847,False,False,False,False,False
2024-12-24 00:00:00,PRD-A,39.0,1254.0,0.03110047846889952,0.0287530058196167,0.04661195978611832,0.06447091375261993,False,False,False,False,False
2024-12-24 08:00:00,PRD-A,37.0,1282.0,0.028861154446177848,0.0289491100815175,0.04661195978611832,0.06427480949071913,True,True,False,False,True
2024-12-24 16:00:00,PRD-A,55.0,1228.0,0.04478827361563518,0.028564935504009105,0.04661195978611832,0.06465898406822754,False,True,False,False,True
2024-12-25 00:00:00,PRD-A,41.0,1282.0,0.031981279251170044,0.0289491100815175,0.04661195978611832,0.06427480949071913,False,True,True,False,True
2024-12-25 08:00:00,PRD-A,34.0,1307.0,0.026013771996939557,0.029118851187411022,0.04661195978611832,0.06410506838482562,True,True,True,False,True
2024-12-25 16:00:00,PRD-A,62.0,1279.0,0.04847537138389367,0.028928407378918386,0.04661195978611832,0.06429551219331825,False,True,False,False,True
2025-01-01 00:00:00,PRD-A,97.0,1189.0,0.0815811606391926,0.028271346290919486,0.04661195978611832,0.06495257328131715,True,False,False,False,True
2025-01-01 08:00:00,PRD-A,86.0,1207.0,0.07125103562551781,0.02840861684542869,0.04661195978611832,0.06481530272680794,True,True,False,False,True
2025-01-01 16:00:00,PRD-A,122.0,1117.0,0.10922112802148612,0.0276894734843221,0.04661195978611832,0.06553444608791453,True,True,False,False,True
2025-01-02 00:00:00,PRD-A,118.0,1161.0,0.10163652024117141,0.02805150232069731,0.04661195978611832,0.06517241725153933,True,True,True,False,True
2025-01-02 08:00:00,PRD-A,114.0,1159.0,0.09836065573770492,0.028035495023659564,0.04661195978611832,0.06518842454857707,True,True,True,False,True
2025-01-02 16:00:00,PRD-A,154.0,1151.0,0.13379669852302345,0.027971049158750934,0.04661195978611832,0.06525287041348571,True,True,True,False,True
2025-01-09 00:00:00,PRD-A,69.0,1135.0,0.06079295154185022,0.027840119292350217,0.04661195978611832,0.06538380027988641,False,True,True,True,True
2025-01-09 08:00:00,PRD-A,30.0,643.0,0.04665629860031104,0.021671796093039968,0.04661195978611832,0.07155212347919666,False,True,True,True,True
2025-01-09 16:00:00,PRD-A,35.0,1267.0,0.027624309392265192,0.028844862571752207,0.04661195978611832,0.06437905700048444,True,False,False,False,True
2025-01-10 00:00:00,PRD-A,30.0,1273.0,0.02356637863315004,0.02888678263931889,0.04661195978611832,0.06433713693291775,True,True,False,False,True
2025-01-10 08:00:00,PRD-A,48.0,1342.0,0.03576751117734724,0.02934847254445635,0.04661195978611832,0.06387544702778028,False,True,False,False,True
2025-01-10 16:00:00,PRD-A,34.0,1203.0,0.02826267664172901,0.028378378713389416,0.04661195978611832,0.06484554085884722,True,True,True,False,True
2025-01-17 00:00:00,PRD-A,52.0,1301.0,0.03996925441967717,0.029078559905017766,0.04661195978611832,0.06414535966721888,False,False,True,False,True
2025-01-17 08:00:00,PRD-A,31.0,1245.0,0.024899598393574297,0.028688571621249864,0.04661195978611832,0.06453534795098677,True,True,True,False,True
2025-01-17 16:00:00,PRD-A,50.0,1208.0,0.041390728476821195,0.028416152901616153,0.04661195978611832,0.06480776667062048,False,False,True,False,True
2025-01-18 00:00:00,PRD-A,44.0,1293.0,0.03402938901778809,0.02902440255633187,0.04661195978611832,0.06419951701590476,False,True,True,True,True
2025-01-18 08:00:00,PRD-A,44.0,1286.0,0.03421461897356143,0.02897660091484009,0.04661195978611832,0.06424731865739655,False,True,True,True,True
2025-01-18 16:00:00,PRD-A,61.0,1281.0,0.047619047619047616,0.028942217261858208,0.04661195978611832,0.06428170231037843,False,True,False,False,True
2025-01-25 00:00:00,PRD-A,51.0,1262.0,0.04041204437400951,0.028809701054646444,0.04661195978611832,0.06441421851759019,False,False,False,False,False
2025-01-25 08:00:00,PRD-A,49.0,1304.0,0.037576687116564415,0.029098740306734087,0.04661195978611832,0.06412517926550254,False,False,True,False,True
2025-01-25 16:00:00,PRD-A,69.0,1264.0,0.05458860759493671,0.02882379069573896,0.04661195978611832,0.06440012887649768,False,False,False,False,False
2025-01-26 00:00:00,PRD-A,49.0,1258.0,0.038950715421303655,0.028781421038834357,0.04661195978611832,0.06444249853340228,False,False,False,False,False
2025-01-26 08:00:00,PRD-A,41.0,1259.0,0.03256552819698173,0.02878850367615343,0.04661195978611832,0.0644354158960832,False,False,True,False,True
2025-01-26 16:00:00,PRD-A,72.0,1242.0,0.057971014492753624,0.028666938073043637,0.04661195978611832,0.064556981499193,False,False,False,False,False
2025-02-02 00:00:00,PRD-A,37.0,1301.0,0.02843966179861645,0.029078559905017766,0.04661195978611832,0.06414535966721888,True,True,False,False,True
2025-02-02 08:00:00,PRD-A,60.0,1375.0,0.04363636363636364,0.029556892505653166,0.04661195978611832,0.06366702706658348,False,False,False,False,False
2025-02-02 16:00:00,PRD-A,30.0,1249.0,0.02401921537229784,0.028717295018175947,0.04661195978611832,0.06450662455406068,True,True,False,False,True
2025-02-03 00:00:00,PRD-A,27.0,1269.0,0.02127659574468085,0.028858868957227873,0.04661195978611832,0.06436505061500876,True,True,False,False,True
2025-02-03 08:00:00,PRD-A,52.0,1341.0,0.03877703206562267,0.02934203694787058,0.04661195978611832,0.06388188262436606,False,True,True,False,True
2025-02-03 16:00:00,PRD-A,47.0,1205.0,0.03900414937759336,0.028393516599828583,0.04661195978611832,0.06483040297240805,False,False,True,False,True
2025-02-10 00:00:00,PRD-A,67.0,1212.0,0.05528052805280528,0.028446203800546355,0.04661195978611832,0.06477771577169028,False,False,True,False,True
2025-02-10 08:00:00,PRD-A,76.0,1220.0,0.06229508196721312,0.028505861616790716,0.04661195978611832,0.06471805795544591,False,False,False,False,False
2025-02-10 16:00:00,PRD-A,71.0,930.0,0.07634408602150537,0.025874129699842468,0.04661195978611832,0.06734978987239416,True,True,False,False,True
2025-02-11 00:00:00,PRD-A,30.0,1312.0,0.022865853658536585,0.029152215910895826,0.04661195978611832,0.06407170366134081,True,True,False,False,True
2025-02-11 08:00:00,PRD-A,59.0,1358.0,0.04344624447717231,0.029450473361917563,0.04661195978611832,0.06377344621031908,False,False,False,False,False
2025-02-11 16:00:00,PRD-A,53.0,1264.0,0.041930379746835444,0.02882379069573896,0.04661195978611832,0.06440012887649768,False,False,False,False,False
2025-02-18 00:00:00,PRD-A,29.0,1260.0,0.023015873015873017,0.028795577880087565,0.04661195978611832,0.06442834169214907,True,False,False,False,True
2025-02-18 08:00:00,PRD-A,67.0,1300.0,0.05153846153846154,0.029071817586029437,0.04661195978611832,0.0641521019862072,False,False,False,False,False
2025-02-18 16:00:00,PRD-A,81.0,1301.0,0.0622598001537279,0.029078559905017766,0.04661195978611832,0.06414535966721888,False,False,False,False,False
2025-02-19 00:00:00,PRD-A,105.0,1339.0,0.07841672890216579,0.029329144133205684,0.04661195978611832,0.06389477543903095,True,True,False,False,True
2025-02-19 08:00:00,PRD-A,57.0,1255.0,0.04541832669322709,0.028760122358638653,0.04661195978611832,0.06446379721359799,False,True,False,False,True
2025-02-19 16:00:00,PRD-A,76.0,1244.0,0.06109324758842444,0.028681369134254363,0.04661195978611832,0.06454255043798227,False,True,False,False,True
2025-02-26 00:00:00,PRD-A,42.0,1219.0,0.034454470877768664,0.028498436519833407,0.04661195978611832,0.06472548305240322,False,False,False,False,False
2025-02-26 08:00:00,PRD-A,50.0,1264.0,0.03955696202531646,0.02882379069573896,0.04661195978611832,0.06440012887649768,False,False,False,False,False
2025-02-26 16:00:00,PRD-A,54.0,1211.0,0.04459124690338563,0.02843870503614624,0.04661195978611832,0.0647852145360904,False,False,False,False,False
2025-02-27 00:00:00,PRD-A,57.0,1237.0,0.046079223928860144,0.028630707424988164,0.04661195978611832,0.06459321214724847,False,False,False,False,False
2025-02-27 08:00:00,PRD-A,39.0,1220.0,0.031967213114754096,0.028505861616790716,0.04661195978611832,0.06471805795544591,False,False,False,False,False
2025-02-27 16:00:00,PRD-A,72.0,1228.0,0.05863192182410423,0.028564935504009105,0.04661195978611832,0.06465898406822754,False,False,False,False,False
2025-03-06 00:00:00,PRD-A,28.0,1253.0,0.0223463687150838,0.028745880762893368,0.04661195978611832,0.06447803880934327,True,True,False,False,True
2025-03-06 08:00:00,PRD-A,34.0,1266.0,0.026856240126382307,0.028837846935856143,0.04661195978611832,0.06438607263638049,True,True,False,False,True
2025-03-06 16:00:00,PRD-A,48.0,1257.0,0.03818615751789976,0.02877432995136084,0.04661195978611832,0.0644495896208758,False,True,True,False,True
2025-03-07 00:00:00,PRD-A,45.0,1284.0,0.035046728971962614,0.028962871555912602,0.04661195978611832,0.06426104801632404,False,False,True,False,True
2025-03-07 08:00:00,PRD-A,59.0,1340.0,0.04402985074626865,0.029335594148602144,0.04661195978611832,0.06388832542363448,False,False,True,False,True
2025-03-07 16:00:00,PRD-A,46.0,1270.0,0.03622047244094488,0.028865859739475253,0.04661195978611832,0.06435805983276138,False,False,True,False,True
2025-03-14 00:00:00,PRD-A,35.0,1168.0,0.029965753424657533,0.028107203712009213,0.04661195978611832,0.06511671586022742,False,False,True,False,True
2025-03-14 08:00:00,PRD-A,32.0,1262.0,0.025356576862123614,0.028809701054646444,0.04661195978611832,0.06441421851759019,True,True,True,True,True
2025-03-14 16:00:00,PRD-A,53.0,1189.0,0.044575273338940284,0.028271346290919486,0.04661195978611832,0.06495257328131715,False,True,False,True,True
2025-03-15 00:00:00,PRD-A,40.0,1304.0,0.03067484662576687,0.029098740306734087,0.04661195978611832,0.06412517926550254,False,True,True,True,True
2025-03-15 08:00:00,PRD-A,44.0,1298.0,0.03389830508474576,0.029058309580792793,0.04661195978611832,0.06416560999144384,False,True,True,True,True
2025-03-15 16:00:00,PRD-A,64.0,1232.0,0.05194805194805195,0.028594256440160525,0.04661195978611832,0.0646296631320761,False,True,False,False,True
2025-03-22 00:00:00,PRD-A,43.0,1253.0,0.034317637669592976,0.028745880762893368,0.04661195978611832,0.06447803880934327,False,True,False,False,True
2025-03-22 08:00:00,PRD-A,37.0,1259.0,0.02938840349483717,0.02878850367615343,0.04661195978611832,0.0644354158960832,False,True,True,False,True
2025-03-22 16:00:00,PRD-A,57.0,1238.0,0.04604200323101777,0.028637971110342574,0.04661195978611832,0.06458594846189405,False,True,False,False,True
2025-03-23 00:00:00,PRD-A,47.0,1268.0,0.03706624605678233,0.028851869906757307,0.04661195978611832,0.06437204966547933,False,False,False,False,False
2025-03-23 08:00:00,PRD-A,45.0,1270.0,0.03543307086614173,0.028865859739475253,0.04661195978611832,0.06435805983276138,False,False,True,False,True
2025-03-23 16:00:00,PRD-A,64.0,1106.0,0.05786618444846293,0.027595607136346366,0.04661195978611832,0.06562831243589026,False,False,False,False,False
2025-03-30 00:00:00,PRD-A,50.0,1191.0,0.041981528127623846,0.028286752100857928,0.04661195978611832,0.0649371674713787,False,False,False,False,False
2025-03-30 08:00:00,PRD-A,71.0,1251.0,0.05675459632294165,0.02873160502827586,0.04661195978611832,0.06449231454396077,False,False,False,False,False
2025-03-30 16:00:00,PRD-A,78.0,1200.0,0.065,0.02835560096425526,0.04661195978611832,0.06486831860798137,True,False,False,False,True
2025-03-31 00:00:00,PRD-A,67.0,1226.0,0.05464926590538336,0.028550221254290294,0.04661195978611832,0.06467369831794634,False,False,True,False,True
2025-03-31 08:00:00,PRD-A,71.0,1206.0,0.05887230514096186,0.02840107141797897,0.04661195978611832,0.06482284815425766,False,True,True,False,True
2025-03-31 16:00:00,PRD-A,109.0,1178.0,0.09252971137521222,0.02818591421797196,0.04661195978611832,0.06503800535426468,True,True,True,False,True
2025-04-07 00:00:00,PRD-A,65.0,1191.0,0.054575986565911,0.028286752100857928,0.04661195978611832,0.0649371674713787,False,True,True,False,True
2025-04-07 08:00:00,PRD-A,57.0,979.0,0.05822267620020429,0.02639976661648938,0.04661195978611832,0.06682415295574726,False,False,True,False,True
2025-04-07 16:00:00,PRD-A,29.0,1269.0,0.022852639873916468,0.028858868957227873,0.04661195978611832,0.06436505061500876,True,False,True,False,True
2025-04-08 00:00:00,PRD-A,29.0,1325.0,0.02188679245283019,0.02923807861037681,0.04661195978611832,0.06398584096185983,True,True,False,False,True
2025-04-08 08:00:00,PRD-A,31.0,1293.0,0.02397525135344161,0.02902440255633187,0.04661195978611832,0.06419951701590476,True,True,False,False,True
2025-04-08 16:00:00,PRD-A,37.0,1276.0,0.028996865203761754,0.028907631708067708,0.04661195978611832,0.06431628786416893,False,True,True,False,True
2025-04-15 00:00:00,PRD-A,45.0,1241.0,0.0362610797743755,0.028659709463802596,0.04661195978611832,0.06456421010843404,False,True,True,False,True
2025-04-15 08:00:00,PRD-A,45.0,1315.0,0.034220532319391636,0.029172143340491917,0.04661195978611832,0.06405177623174471,False,True,True,False,True
2025-04-15 16:00:00,PRD-A,52.0,1236.0,0.042071197411003236,0.028623434926263666,0.04661195978611832,0.06460048464597297,False,False,True,False,True
2025-04-16 00:00:00,PRD-A,29.0,1277.0,0.022709475332811275,0.028914565065716817,0.04661195978611832,0.06430935450651981,True,True,True,True,True
2025-04-16 08:00:00,PRD-A,43.0,1270.0,0.03385826771653543,0.028865859739475253,0.04661195978611832,0.06435805983276138,False,True,True,True,True
2025-04-16 16:00:00,PRD-A,62.0,1267.0,0.0489344909234412,0.028844862571752207,0.04661195978611832,0.06437905700048444,False,True,False,False,True
2025-04-23 00:00:00,PRD-A,31.0,1265.0,0.02450592885375494,0.028830822982667422,0.04661195978611832,0.06439309658956921,True,True,False,False,True
2025-04-23 08:00:00,PRD-A,32.0,1268.0,0.025236593059936908,0.028851869906757307,0.04661195978611832,0.06437204966547933,True,True,True,False,True
2025-04-23 16:00:00,PRD-A,52.0,1249.0,0.041633306645316254,0.028717295018175947,0.04661195978611832,0.06450662455406068,False,True,False,False,True
2025-04-24 00:00:00,PRD-A,39.0,1279.0,0.03049257232212666,0.028928407378918386,0.04661195978611832,0.06429551219331825,False,True,False,False,True
2025-04-24 08:00:00,PRD-A,43.0,1268.0,0.03391167192429022,0.028851869906757307,0.04661195978611832,0.06437204966547933,False,True,True,False,True
2025-04-24 16:00:00,PRD-A,68.0,1202.0,0.056572379367720464,0.028370795605940472,0.04661195978611832,0.06485312396629617,False,True,False,False,True
2025-05-01 00:00:00,PRD-A,59.0,1278.0,0.04616588419405321,0.02892149028402948,0.04661195978611832,0.06430242928820715,False,False,False,False,False
2025-05-01 08:00:00,PRD-A,70.0,1330.0,0.05263157894736842,0.02927076703289004,0.04661195978611832,0.0639531525393466,False,False,False,False,False
2025-05-01 16:00:00,PRD-A,82.0,1214.0,0.06754530477759473,0.02846117352371969,0.04661195978611832,0.06476274604851695,True,False,False,False,True
2025-05-02 00:00:00,PRD-A,70.0,1322.0,0.0529500756429652,0.02921837660309111,0.04661195978611832,0.06400554296914553,False,False,True,False,True
2025-05-02 08:00:00,PRD-A,70.0,1240.0,0.056451612903225805,0.028652472112038196,0.04661195978611832,0.06457144746019844,False,False,True,False,True
2025-05-02 16:00:00,PRD-A,102.0,1224.0,0.08333333333333333,0.028535470954950078,0.04661195978611832,0.06468844861728656,True,False,True,False,True
2025-05-09 00:00:00,PRD-A,60.0,1213.0,0.0494641384995878,0.028453693290036226,0.04661195978611832,0.06477022628220042,False,False,True,False,True
2025-05-09 08:00:00,PRD-A,45.0,1221.0,0.036855036855036855,0.0285132775901386,0.04661195978611832,0.06471064198209803,False,False,False,False,False
2025-05-09 16:00:00,PRD-A,83.0,1188.0,0.06986531986531987,0.028263628801204827,0.04661195978611832,0.06496029077103181,True,False,False,False,True
2025-05-10 00:00:00,PRD-A,48.0,974.0,0.049281314168377825,0.026347953680493263,0.04661195978611832,0.06687596589174337,False,False,False,False,False
2025-05-10 08:00:00,PRD-A,27.0,1316.0,0.020516717325227963,0.029178770669800437,0.04661195978611832,0.0640451489024362,True,False,False,False,True
2025-05-10 16:00:00,PRD-A,39.0,1299.0,0.03002309468822171,0.02906506748295097,0.04661195978611832,0.06415885208928566,False,True,False,False,True
2025-05-17 00:00:00,PRD-A,62.0,1162.0,0.05335628227194492,0.028059490467168196,0.04661195978611832,0.06516442910506844,False,True,False,False,True
2025-05-17 08:00:00,PRD-A,78.0,1220.0,0.06393442622950819,0.028505861616790716,0.04661195978611832,0.06471805795544591,False,False,False,False,False
2025-05-17 16:00:00,PRD-A,108.0,1126.0,0.09591474245115453,0.027765247927399834,0.04661195978611832,0.0654586716448368,True,True,False,False,True
2025-05-18 00:00:00,PRD-A,77.0,1233.0,0.062449310624493104,0.028601564371244333,0.04661195978611832,0.0646223552009923,False,True,True,False,True
2025-05-18 08:00:00,PRD-A,83.0,1231.0,0.06742485783915515,0.028586939606012857,0.04661195978611832,0.06463697996622378,True,True,True,False,True
2025-05-18 16:00:00,PRD-A,113.0,1221.0,0.09254709254709255,0.0285132775901386,0.04661195978611832,0.06471064198209803,True,True,True,False,True
2025-05-25 00:00:00,PRD-A,58.0,1221.0,0.0475020475020475,0.0285132775901386,0.04661195978611832,0.06471064198209803,False,True,True,False,True
2025-05-25 08:00:00,PRD-A,66.0,1243.0,0.05309734513274336,0.028674157957348373,0.04661195978611832,0.06454976161488826,False,False,True,True,True
2025-05-25 16:00:00,PRD-A,77.0,1188.0,0.06481481481481481,0.028263628801204827,0.04661195978611832,0.06496029077103181,False,False,True,True,True
2025-05-26 00:00:00,PRD-A,69.0,1225.0,0.0563265306122449,0.028542850620018257,0.04661195978611832,0.06468106895221838,False,False,True,True,True
2025-05-26 08:00:00,PRD-A,80.0,1241.0,0.064464141821112,0.028659709463802596,0.04661195978611832,0.06456421010843404,False,True,True,True,True
2025-05-26 16:00:00,PRD-A,91.0,1071.0,0.08496732026143791,0.02728738036838195,0.04661195978611832,0.06593653920385469,True,True,True,True,True
2025-06-02 00:00:00,PRD-A,62.0,1195.0,0.05188284518828452,0.028317447612667156,0.04661195978611832,0.06490647195956947,False,True,True,True,True
2025-06-02 08:00:00,PRD-A,53.0,1235.0,0.04291497975708502,0.028616153596331857,0.04661195978611832,0.06460776597590479,False,False,False,False,False
2025-06-02 16:00:00,PRD-A,79.0,1272.0,0.06210691823899371,0.02887981656432141,0.04661195978611832,0.06434410300791522,False,False,False,False,False
2025-06-03 00:00:00,PRD-A,87.0,1225.0,0.07102040816326531,0.028542850620018257,0.04661195978611832,0.06468106895221838,True,True,False,False,True
2025-06-03 08:00:00,PRD-A,62.0,1243.0,0.0498793242156074,0.028674157957348373,0.04661195978611832,0.06454976161488826,False,True,False,False,True
2025-06-03 16:00:00,PRD-A,99.0,1165.0,0.08497854077253218,0.028083393164642374,0.04661195978611832,0.06514052640759427,True,True,False,False,True
2025-06-10 00:00:00,PRD-A,37.0,1227.0,0.03015484922575387,0.028557582876170096,0.04661195978611832,0.06466633669606654,False,False,False,False,False
2025-06-10 08:00:00,PRD-A,39.0,1306.0,0.02986217457886677,0.029112155260429453,0.04661195978611832,0.06411176431180718,False,True,False,False,True
2025-06-10 16:00:00,PRD-A,72.0,1242.0,0.057971014492753624,0.028666938073043637,0.04661195978611832,0.064556981499193,False,True,False,False,True
2025-06-11 00:00:00,PRD-A,44.0,1271.0,0.03461841070023604,0.028872842269765883,0.04661195978611832,0.06435107730247075,False,True,False,False,True
2025-06-11 08:00:00,PRD-A,46.0,1266.0,0.036334913112164295,0.028837846935856143,0.04661195978611832,0.06438607263638049,False,False,True,False,True
2025-06-11 16:00:00,PRD-A,67.0,1250.0,0.0536,0.02872445431622922,0.04661195978611832,0.06449946525600742,False,False,False,False,False
2025-06-18 00:00:00,PRD-A,45.0,1257.0,0.03579952267303103,0.02877432995136084,0.04661195978611832,0.0644495896208758,False,False,False,False,False
2025-06-18 08:00:00,PRD-A,50.0,1292.0,0.03869969040247678,0.02901759754263951,0.04661195978611832,0.06420632202959713,False,False,True,False,True
2025-06-18 16:00:00,PRD-A,78.0,1210.0,0.06446280991735537,0.0284311969776768,0.04661195978611832,0.06479272259455984,False,False,False,False,False
2025-06-19 00:00:00,PRD-A,44.0,1202.0,0.036605657237936774,0.028370795605940472,0.04661195978611832,0.06485312396629617,False,False,False,False,False
2025-06-19 08:00:00,PRD-A,54.0,1289.0,0.04189294026377036,0.028997135009369977,0.04661195978611832,0.06422678456286665,False,False,False,False,False
2025-06-19 16:00:00,PRD-A,69.0,1191.0,0.05793450881612091,0.028286752100857928,0.04661195978611832,0.0649371674713787,False,False,False,False,False
2025-06-26 00:00:00,PRD-A,44.0,1215.0,0.03621399176954732,0.028468644520645535,0.04661195978611832,0.0647552750515911,False,False,False,False,False
2025-06-26 08:00:00,PRD-A,48.0,1255.0,0.03824701195219123,0.028760122358638653,0.04661195978611832,0.06446379721359799,False,False,False,False,False
2025-06-26 16:00:00,PRD-A,74.0,1217.0,0.06080525883319639,0.028483558880145532,0.04661195978611832,0.0647403606920911,False,False,False,False,False
2025-06-27 00:00:00,PRD-A,66.0,1266.0,0.052132701421800945,0.028837846935856143,0.04661195978611832,0.06438607263638049,False,False,False,False,False
2025-06-27 08:00:00,PRD-A,63.0,1266.0,0.04976303317535545,0.028837846935856143,0.04661195978611832,0.06438607263638049,False,False,False,False,False
2025-06-27 16:00:00,PRD-A,74.0,1200.0,0.06166666666666667,0.02835560096425526,0.04661195978611832,0.06486831860798137,False,False,False,False,False
2024-01-05 00:00:00,PRD-A,47.0,1335.0,0.03520599250936329,0.029303271640198955,0.04661195978611832,0.06392064793203768,False,False,False,False,False
2024-01-05 08:00:00,PRD-A,52.0,1344.0,0.03869047619047619,0.029361322183186253,0.04661195978611832,0.06386259738905038,False,False,False,False,False
2024-01-05 16:00:00,PRD-A,52.0,1270.0,0.04094488188976378,0.028865859739475253,0.04661195978611832,0.06435805983276138,False,False,False,False,False
2024-01-06 00:00:00,PRD-A,55.0,1338.0,0.04110612855007474,0.02932268688820066,0.04661195978611832,0.06390123268403597,False,False,False,False,False
2024-01-06 08:00:00,PRD-A,36.0,1292.0,0.02786377708978328,0.02901759754263951,0.04661195978611832,0.06420632202959713,True,False,False,False,True
2024-01-06 16:00:00,PRD-A,44.0,1276.0,0.034482758620689655,0.028907631708067708,0.04661195978611832,0.06431628786416893,False,True,False,False,True
2024-01-13 00:00:00,PRD-A,45.0,1193.0,0.037720033528918694,0.028302119154030435,0.04661195978611832,0.0649218004182062,False,True,False,False,True
2024-01-13 08:00:00,PRD-A,54.0,1290.0,0.04186046511627907,0.029003963784496437,0.04661195978611832,0.0642199557877402,False,False,False,True,True
2024-01-13 16:00:00,PRD-A,80.0,1220.0,0.06557377049180328,0.028505861616790716,0.04661195978611832,0.06471805795544591,True,False,False,False,True
2024-01-14 00:00:00,PRD-A,63.0,1221.0,0.051597051597051594,0.0285132775901386,0.04661195978611832,0.06471064198209803,False,False,False,False,False
2024-01-14 08:00:00,PRD-A,65.0,1239.0,0.052461662631154156,0.028645226000113714,0.04661195978611832,0.06457869357212292,False,False,False,False,False
2024-01-14 16:00:00,PRD-A,96.0,1137.0,0.08443271767810026,0.027856636533114605,0.04661195978611832,0.06536728303912204,True,False,False,False,True
2024-01-21 00:00:00,PRD-A,54.0,1213.0,0.04451772464962902,0.028453693290036226,0.04661195978611832,0.06477022628220042,False,False,False,False,False
2024-01-21 08:00:00,PRD-A,62.0,1241.0,0.0499597099113618,0.028659709463802596,0.04661195978611832,0.06456421010843404,False,False,False,False,False
2024-01-21 16:00:00,PRD-A,93.0,1192.0,0.07802013422818792,0.02829444046187821,0.04661195978611832,0.06492947911035843,True,False,False,False,True
2024-01-22 00:00:00,PRD-A,31.0,670.0,0.04626865671641791,0.022179489193026442,0.04661195978611832,0.0710444303792102,False,False,False,False,False
2024-01-22 08:00:00,PRD-A,39.0,1274.0,0.030612244897959183,0.028893740510890924,0.04661195978611832,0.06433017906134571,False,False,False,False,False
2024-01-22 16:00:00,PRD-A,33.0,1255.0,0.026294820717131476,0.028760122358638653,0.04661195978611832,0.06446379721359799,True,True,False,False,True
2024-01-29 00:00:00,PRD-A,27.0,1259.0,0.021445591739475776,0.02878850367615343,0.04661195978611832,0.0644354158960832,True,True,False,False,True
2024-01-29 08:00:00,PRD-A,36.0,1315.0,0.02737642585551331,0.029172143340491917,0.04661195978611832,0.06405177623174471,True,True,True,False,True
2024-01-29 16:00:00,PRD-A,109.0,1332.0,0.08183183183183183,0.029283790837020325,0.04661195978611832,0.06394012873521632,True,True,True,False,True
2024-01-30 00:00:00,PRD-A,41.0,1300.0,0.031538461538461536,0.029071817586029437,0.04661195978611832,0.0641521019862072,False,True,True,False,True
2024-01-30 08:00:00,PRD-A,31.0,1315.0,0.023574144486692015,0.029172143340491917,0.04661195978611832,0.06405177623174471,True,True,True,False,True
2024-01-30 16:00:00,PRD-A,69.0,1305.0,0.052873563218390804,0.02910545163845376,0.04661195978611832,0.06411846793378287,False,True,False,False,True
2024-02-06 00:00:00,PRD-A,69.0,1234.0,0.055915721231766614,0.028608863417304935,0.04661195978611832,0.0646150561549317,False,False,False,False,False
2024-02-06 08:00:00,PRD-A,56.0,1227.0,0.045639771801140996,0.028557582876170096,0.04661195978611832,0.06466633669606654,False,False,False,False,False
2024-02-06 16:00:00,PRD-A,82.0,1188.0,0.06902356902356903,0.028263628801204827,0.04661195978611832,0.06496029077103181,True,False,False,False,True
2024-02-07 00:00:00,PRD-A,65.0,1249.0,0.05204163330664532,0.028717295018175947,0.04661195978611832,0.06450662455406068,False,False,False,False,False
2024-02-07 08:00:00,PRD-A,64.0,1262.0,0.05071315372424723,0.028809701054646444,0.04661195978611832,0.06441421851759019,False,False,False,False,False
2024-02-07 16:00:00,PRD-A,104.0,1230.0,0.08455284552845528,0.028579613850709347,0.04661195978611832,0.0646443057215273,True,False,False,False,True
2024-02-14 00:00:00,PRD-A,32.0,1269.0,0.0252167060677699,0.028858868957227873,0.04661195978611832,0.06436505061500876,True,False,False,False,True
2024-02-14 08:00:00,PRD-A,42.0,1307.0,0.032134659525631215,0.029118851187411022,0.04661195978611832,0.06410506838482562,False,True,False,False,True
2024-02-14 16:00:00,PRD-A,57.0,1226.0,0.0464926590538336,0.028550221254290294,0.04661195978611832,0.06467369831794634,False,True,False,False,True
2024-02-15 00:00:00,PRD-A,51.0,1274.0,0.040031397174254316,0.028893740510890924,0.04661195978611832,0.06433017906134571,False,False,False,False,False
2024-02-15 08:00:00,PRD-A,64.0,1249.0,0.051240992794235385,0.028717295018175947,0.04661195978611832,0.06450662455406068,False,False,False,False,False
2024-02-15 16:00:00,PRD-A,77.0,1228.0,0.06270358306188925,0.028564935504009105,0.04661195978611832,0.06465898406822754,False,False,False,False,False
2024-02-22 00:00:00,PRD-A,44.0,1229.0,0.03580146460537022,0.02857227915610649,0.04661195978611832,0.06465164041613014,False,False,False,False,False
2024-02-22 08:00:00,PRD-A,51.0,1248.0,0.040865384615384616,0.028710127116919948,0.04661195978611832,0.06451379245531669,False,False,False,False,False
2024-02-22 16:00:00,PRD-A,85.0,1217.0,0.06984387838948233,0.028483558880145532,0.04661195978611832,0.0647403606920911,True,False,False,False,True
2024-02-23 00:00:00,PRD-A,52.0,1262.0,0.04120443740095087,0.028809701054646444,0.04661195978611832,0.06441421851759019,False,False,False,False,False
2024-02-23 08:00:00,PRD-A,62.0,1217.0,0.05094494658997535,0.028483558880145532,0.04661195978611832,0.0647403606920911,False,False,False,False,False
2024-02-23 16:00:00,PRD-A,83.0,1214.0,0.06836902800658978,0.02846117352371969,0.04661195978611832,0.06476274604851695,True,False,False,False,True
2024-03-01 00:00:00,PRD-A,37.0,1178.0,0.031409168081494056,0.02818591421797196,0.04661195978611832,0.06503800535426468,False,False,False,False,False
2024-03-01 08:00:00,PRD-A,45.0,1298.0,0.03466872110939907,0.029058309580792793,0.04661195978611832,0.06416560999144384,False,True,False,False,True
2024-03-01 16:00:00,PRD-A,70.0,1230.0,0.056910569105691054,0.028579613850709347,0.04661195978611832,0.0646443057215273,False,True,False,False,True
2024-03-02 00:00:00,PRD-A,54.0,1293.0,0.04176334106728538,0.02902440255633187,0.04661195978611832,0.06419951701590476,False,False,False,False,False
2024-03-02 08:00:00,PRD-A,53.0,1190.0,0.04453781512605042,0.028279054050661105,0.04661195978611832,0.06494486552157552,False,False,False,False,False
2024-03-02 16:00:00,PRD-A,83.0,1211.0,0.0685383980181668,0.02843870503614624,0.04661195978611832,0.0647852145360904,True,False,False,False,True
2024-03-09 00:00:00,PRD-A,67.0,1266.0,0.05292259083728278,0.028837846935856143,0.04661195978611832,0.06438607263638049,False,False,False,False,False
2024-03-09 08:00:00,PRD-A,78.0,1304.0,0.0598159509202454,0.029098740306734087,0.04661195978611832,0.06412517926550254,False,True,False,False,True
2024-03-09 16:00:00,PRD-A,106.0,1257.0,0.08432776451869531,0.02877432995136084,0.04661195978611832,0.0644495896208758,True,True,True,False,True
2024-03-10 00:00:00,PRD-A,78.0,1294.0,0.06027820710973725,0.029031199680152796,0.04661195978611832,0.06419271989208383,False,True,True,False,True
2024-03-10 08:00:00,PRD-A,75.0,1243.0,0.06033789219629927,0.028674157957348373,0.04661195978611832,0.06454976161488826,False,True,True,False,True
2024-03-10 16:00:00,PRD-A,129.0,1213.0,0.10634789777411377,0.028453693290036226,0.04661195978611832,0.06477022628220042,True,True,True,False,True
2024-03-17 00:00:00,PRD-A,47.0,1218.0,0.03858784893267652,0.02849100228054388,0.04661195978611832,0.06473291729169275,False,True,True,False,True
2024-03-17 08:00:00,PRD-A,71.0,1256.0,0.05652866242038217,0.028767230396916643,0.04661195978611832,0.06445668917531999,False,False,True,False,True
2024-03-17 16:00:00,PRD-A,88.0,1161.0,0.07579672695951765,0.02805150232069731,0.04661195978611832,0.06517241725153933,True,False,True,False,True
2024-03-18 00:00:00,PRD-A,82.0,1221.0,0.06715806715806716,0.0285132775901386,0.04661195978611832,0.06471064198209803,True,True,True,False,True
2024-03-18 08:00:00,PRD-A,94.0,1233.0,0.07623682076236821,0.028601564371244333,0.04661195978611832,0.0646223552009923,True,True,True,False,True
2024-03-18 16:00:00,PRD-A,107.0,1189.0,0.08999158957106812,0.028271346290919486,0.04661195978611832,0.06495257328131715,True,True,True,False,True
2024-03-25 00:00:00,PRD-A,51.0,1150.0,0.04434782608695652,0.027962946176135095,0.04661195978611832,0.06526097339610154,False,True,True,False,True
2024-03-25 08:00:00,PRD-A,67.0,1235.0,0.05425101214574899,0.028616153596331857,0.04661195978611832,0.06460776597590479,False,False,True,False,True
2024-03-25 16:00:00,PRD-A,85.0,1191.0,0.07136859781696053,0.028286752100857928,0.04661195978611832,0.0649371674713787,True,False,True,False,True
2024-03-26 00:00:00,PRD-A,79.0,1202.0,0.06572379367720466,0.028370795605940472,0.04661195978611832,0.06485312396629617,True,True,True,False,True
2024-03-26 08:00:00,PRD-A,75.0,1269.0,0.0591016548463357,0.028858868957227873,0.04661195978611832,0.06436505061500876,False,True,True,False,True
2024-03-26 16:00:00,PRD-A,110.0,1176.0,0.0935374149659864,0.02817025246795515,0.04661195978611832,0.06505366710428148,True,True,True,False,True
2024-04-02 00:00:00,PRD-A,33.0,1271.0,0.025963808025177025,0.028872842269765883,0.04661195978611832,0.06435107730247075,True,True,True,False,True
2024-04-02 08:00:00,PRD-A,40.0,1274.0,0.03139717425431711,0.028893740510890924,0.04661195978611832,0.06433017906134571,False,True,False,False,True
2024-04-02 16:00:00,PRD-A,72.0,1273.0,0.056559308719560095,0.02888678263931889,0.04661195978611832,0.06433713693291775,False,True,False,False,True
2024-04-03 00:00:00,PRD-A,46.0,1298.0,0.03543913713405239,0.029058309580792793,0.04661195978611832,0.06416560999144384,False,False,False,False,False
2024-04-03 08:00:00,PRD-A,48.0,1231.0,0.03899268887083672,0.028586939606012857,0.04661195978611832,0.06463697996622378,False,False,True,False,True
2024-04-03 16:00:00,PRD-A,68.0,1239.0,0.05488297013720742,0.028645226000113714,0.04661195978611832,0.06457869357212292,False,False,False,False,False
2024-04-10 00:00:00,PRD-A,54.0,1214.0,0.044481054365733116,0.02846117352371969,0.04661195978611832,0.06476274604851695,False,False,False,False,False
2024-04-10 08:00:00,PRD-A,40.0,840.0,0.047619047619047616,0.02479143741995325,0.04661195978611832,0.06843248215228338,False,False,False,False,False
2024-04-10 16:00:00,PRD-A,46.0,1294.0,0.03554868624420402,0.029031199680152796,0.04661195978611832,0.06419271989208383,False,False,False,False,False
2024-04-11 00:00:00,PRD-A,36.0,1287.0,0.027972027972027972,0.02898345359000508,0.04661195978611832,0.06424046598223156,True,False,False,False,True
2024-04-11 08:00:00,PRD-A,36.0,1292.0,0.02786377708978328,0.02901759754263951,0.04661195978611832,0.06420632202959713,True,True,False,False,True
2024-04-11 16:00:00,PRD-A,46.0,1266.0,0.036334913112164295,0.028837846935856143,0.04661195978611832,0.06438607263638049,False,True,True,False,True
2024-04-18 00:00:00,PRD-A,81.0,1287.0,0.06293706293706294,0.02898345359000508,0.04661195978611832,0.06424046598223156,False,False,True,False,True
2024-04-18 08:00:00,PRD-A,50.0,1283.0,0.03897116134060795,0.028955994840970098,0.04661195978611832,0.06426792473126654,False,False,True,False,True
2024-04-18 16:00:00,PRD-A,75.0,1237.0,0.060630557801131774,0.028630707424988164,0.04661195978611832,0.06459321214724847,False,True,False,False,True
2024-04-19 00:00:00,PRD-A,59.0,1244.0,0.04742765273311897,0.028681369134254363,0.04661195978611832,0.06454255043798227,False,False,False,False,False
2024-04-19 08:00:00,PRD-A,57.0,1290.0,0.044186046511627906,0.029003963784496437,0.04661195978611832,0.0642199557877402,False,False,False,False,False
2024-04-19 16:00:00,PRD-A,69.0,1231.0,0.056051990251827784,0.028586939606012857,0.04661195978611832,0.06463697996622378,False,False,False,False,False
2024-04-26 00:00:00,PRD-A,40.0,1217.0,0.03286770747740345,0.028483558880145532,0.04661195978611832,0.0647403606920911,False,False,False,False,False
2024-04-26 08:00:00,PRD-A,51.0,1279.0,0.0398749022673964,0.028928407378918386,0.04661195978611832,0.06429551219331825,False,False,False,False,False
2024-04-26 16:00:00,PRD-A,68.0,1221.0,0.055692055692055695,0.0285132775901386,0.04661195978611832,0.06471064198209803,False,False,False,False,False
2024-04-27 00:00:00,PRD-A,54.0,1270.0,0.04251968503937008,0.028865859739475253,0.04661195978611832,0.06435805983276138,False,False,False,False,False
2024-04-27 08:00:00,PRD-A,43.0,1272.0,0.03380503144654088,0.02887981656432141,0.04661195978611832,0.06434410300791522,False,False,False,False,False
2024-04-27 16:00:00,PRD-A,84.0,1208.0,0.0695364238410596,0.028416152901616153,0.04661195978611832,0.06480776667062048,True,False,False,False,True
2024-05-04 00:00:00,PRD-A,66.0,1281.0,0.05152224824355972,0.028942217261858208,0.04661195978611832,0.06428170231037843,False,False,False,False,False
2024-05-04 08:00:00,PRD-A,51.0,1328.0,0.038403614457831324,0.02925771381858166,0.04661195978611832,0.06396620575365497,False,False,False,False,False
2024-05-04 16:00:00,PRD-A,52.0,1232.0,0.04220779220779221,0.028594256440160525,0.04661195978611832,0.0646296631320761,False,False,False,False,False
2024-05-05 00:00:00,PRD-A,40.0,1257.0,0.031821797931583136,0.02877432995136084,0.04661195978611832,0.0644495896208758,False,False,False,False,False
2024-05-05 08:00:00,PRD-A,45.0,1309.0,0.03437738731856379,0.02913222001519391,0.04661195978611832,0.06409169955704272,False,True,False,False,True
2024-05-05 16:00:00,PRD-A,82.0,1233.0,0.0665044606650446,0.028601564371244333,0.04661195978611832,0.0646223552009923,True,True,False,False,True
2024-05-12 00:00:00,PRD-A,55.0,1241.0,0.0443190975020145,0.028659709463802596,0.04661195978611832,0.06456421010843404,False,False,False,False,False
2024-05-12 08:00:00,PRD-A,54.0,1327.0,0.04069329314242653,0.029251176147990915,0.04661195978611832,0.06397274342424572,False,False,False,False,False
2024-05-12 16:00:00,PRD-A,89.0,1320.0,0.06742424242424243,0.02920520463362816,0.04661195978611832,0.06401871493860847,True,False,False,False,True
2024-05-13 00:00:00,PRD-A,102.0,1241.0,0.0821917808219178,0.028659709463802596,0.04661195978611832,0.06456421010843404,True,True,False,False,True
2024-05-13 08:00:00,PRD-A,87.0,1322.0,0.06580937972768533,0.02921837660309111,0.04661195978611832,0.06400554296914553,True,True,False,False,True
2024-05-13 16:00:00,PRD-A,139.0,1228.0,0.11319218241042345,0.028564935504009105,0.04661195978611832,0.06465898406822754,True,True,True,False,True
2024-05-20 00:00:00,PRD-A,74.0,1203.0,0.06151288445552785,0.028378378713389416,0.04661195978611832,0.06484554085884722,False,True,True,False,True
2024-05-20 08:00:00,PRD-A,83.0,1321.0,0.06283118849356548,0.02921179435756391,0.04661195978611832,0.06401212521467273,False,True,True,False,True
2024-05-20 16:00:00,PRD-A,80.0,1216.0,0.06578947368421052,0.028476106299807707,0.04661195978611832,0.06474781327242893,True,True,True,False,True
2024-05-21 00:00:00,PRD-A,56.0,1221.0,0.04586404586404586,0.0285132775901386,0.04661195978611832,0.06471064198209803,False,True,True,False,True
2024-05-21 08:00:00,PRD-A,56.0,1254.0,0.044657097288676235,0.0287530058196167,0.04661195978611832,0.06447091375261993,False,False,False,False,False
2024-05-21 16:00:00,PRD-A,85.0,1238.0,0.06865912762520193,0.028637971110342574,0.04661195978611832,0.06458594846189405,True,False,False,False,True
2024-05-28 00:00:00,PRD-A,47.0,1228.0,0.038273615635179156,0.028564935504009105,0.04661195978611832,0.06465898406822754,False,False,False,False,False
2024-05-28 08:00:00,PRD-A,57.0,1254.0,0.045454545454545456,0.0287530058196167,0.04661195978611832,0.06447091375261993,False,False,False,False,False
2024-05-28 16:00:00,PRD-A,98.0,1239.0,0.07909604519774012,0.028645226000113714,0.04661195978611832,0.06457869357212292,True,False,False,False,True
2024-05-29 00:00:00,PRD-A,59.0,1287.0,0.04584304584304584,0.02898345359000508,0.04661195978611832,0.06424046598223156,False,False,False,False,False
2024-05-29 08:00:00,PRD-A,45.0,1282.0,0.035101404056162244,0.0289491100815175,0.04661195978611832,0.06427480949071913,False,False,False,False,False
2024-05-29 16:00:00,PRD-A,82.0,1244.0,0.06591639871382636,0.028681369134254363,0.04661195978611832,0.06454255043798227,True,False,False,False,True
2024-06-05 00:00:00,PRD-A,51.0,1235.0,0.04129554655870445,0.028616153596331857,0.04661195978611832,0.06460776597590479,False,False,False,False,False
2024-06-05 08:00:00,PRD-A,48.0,1301.0,0.03689469638739431,0.029078559905017766,0.04661195978611832,0.06414535966721888,False,False,False,False,False
2024-06-05 16:00:00,PRD-A,55.0,1232.0,0.044642857142857144,0.028594256440160525,0.04661195978611832,0.0646296631320761,False,False,False,False,False
2024-06-06 00:00:00,PRD-A,58.0,1270.0,0.04566929133858268,0.028865859739475253,0.04661195978611832,0.06435805983276138,False,False,False,False,False
2024-06-06 08:00:00,PRD-A,53.0,1301.0,0.04073789392774789,0.029078559905017766,0.04661195978611832,0.06414535966721888,False,False,False,False,False
2024-06-06 16:00:00,PRD-A,73.0,1249.0,0.05844675740592474,0.028717295018175947,0.04661195978611832,0.06450662455406068,False,False,False,False,False
2024-06-13 00:00:00,PRD-A,43.0,1144.0,0.037587412587412584,0.027914105375927208,0.04661195978611832,0.06530981419630943,False,False,False,False,False
2024-06-13 08:00:00,PRD-A,42.0,1282.0,0.0327613104524181,0.0289491100815175,0.04661195978611832,0.06427480949071913,False,False,False,False,False
2024-06-13 16:00:00,PRD-A,64.0,1255.0,0.05099601593625498,0.028760122358638653,0.04661195978611832,0.06446379721359799,False,False,False,False,False
2024-06-14 00:00:00,PRD-A,43.0,1310.0,0.03282442748091603,0.02913889294529809,0.04661195978611832,0.06408502662693855,False,True,False,False,True
2024-06-14 08:00:00,PRD-A,46.0,1253.0,0.03671189146049481,0.028745880762893368,0.04661195978611832,0.06447803880934327,False,False,True,False,True
2024-06-14 16:00:00,PRD-A,66.0,1264.0,0.05221518987341772,0.02882379069573896,0.04661195978611832,0.06440012887649768,False,False,False,False,False
2024-06-21 00:00:00,PRD-A,47.0,1198.0,0.03923205342237062,0.028340368288412136,0.04661195978611832,0.0648835512838245,False,False,False,False,False
2024-06-21 08:00:00,PRD-A,55.0,1278.0,0.04303599374021909,0.02892149028402948,0.04661195978611832,0.06430242928820715,False,False,False,False,False
2024-06-21 16:00:00,PRD-A,63.0,1260.0,0.05,0.028795577880087565,0.04661195978611832,0.06442834169214907,False,False,False,False,False
2024-06-22 00:00:00,PRD-A,49.0,1257.0,0.03898170246618934,0.02877432995136084,0.04661195978611832,0.0644495896208758,False,False,False,False,False
2024-06-22 08:00:00,PRD-A,47.0,1285.0,0.036575875486381325,0.028969740241998852,0.04661195978611832,0.06425417933023778,False,False,False,False,False
2024-06-22 16:00:00,PRD-A,88.0,1222.0,0.07201309328968904,0.02852068445854619,0.04661195978611832,0.06470323511369044,True,False,False,False,True
2024-06-29 00:00:00,PRD-A,49.0,1296.0,0.03780864197530864,0.029044770319076596,0.04661195978611832,0.06417914925316004,False,False,False,False,False
2024-06-29 08:00:00,PRD-A,63.0,1305.0,0.04827586206896552,0.02910545163845376,0.04661195978611832,0.06411846793378287,False,False,False,False,False
2024-06-29 16:00:00,PRD-A,43.0,1243.0,0.03459372485921158,0.028674157957348373,0.04661195978611832,0.06454976161488826,False,False,False,False,False
2024-06-30 00:00:00,PRD-A,71.0,1315.0,0.05399239543726236,0.029172143340491917,0.04661195978611832,0.06405177623174471,False,False,False,False,False
2024-06-30 08:00:00,PRD-A,46.0,1258.0,0.03656597774244833,0.028781421038834357,0.04661195978611832,0.06444249853340228,False,False,False,False,False
2024-06-30 16:00:00,PRD-A,49.0,1265.0,0.03873517786561265,0.028830822982667422,0.04661195978611832,0.06439309658956921,False,False,False,False,False
2024-07-07 00:00:00,PRD-A,76.0,840.0,0.09047619047619047,0.02479143741995325,0.04661195978611832,0.06843248215228338,True,False,False,False,True
2024-07-07 08:00:00,PRD-A,32.0,1289.0,0.02482544608223429,0.028997135009369977,0.04661195978611832,0.06422678456286665,True,False,False,False,True
2024-07-07 16:00:00,PRD-A,60.0,1259.0,0.04765687053216839,0.02878850367615343,0.04661195978611832,0.0644354158960832,False,False,False,False,False
2024-07-08 00:00:00,PRD-A,43.0,1273.0,0.03377847604084839,0.02888678263931889,0.04661195978611832,0.06433713693291775,False,True,False,False,True
2024-07-08 08:00:00,PRD-A,52.0,1216.0,0.04276315789473684,0.028476106299807707,0.04661195978611832,0.06474781327242893,False,False,False,False,False
2024-07-08 16:00:00,PRD-A,65.0,1297.0,0.05011565150346955,0.029051543864524867,0.04661195978611832,0.06417237570771177,False,False,False,False,False
2024-07-15 00:00:00,PRD-A,45.0,1227.0,0.03667481662591687,0.028557582876170096,0.04661195978611832,0.06466633669606654,False,False,False,False,False
2024-07-15 08:00:00,PRD-A,44.0,1248.0,0.035256410256410256,0.028710127116919948,0.04661195978611832,0.06451379245531669,False,False,False,False,False
2024-07-15 16:00:00,PRD-A,53.0,1255.0,0.04223107569721116,0.028760122358638653,0.04661195978611832,0.06446379721359799,False,False,False,False,False
2024-07-16 00:00:00,PRD-A,44.0,1224.0,0.03594771241830065,0.028535470954950078,0.04661195978611832,0.06468844861728656,False,False,False,False,False
2024-07-16 08:00:00,PRD-A,69.0,1255.0,0.0549800796812749,0.028760122358638653,0.04661195978611832,0.06446379721359799,False,False,False,False,False
2024-07-16 16:00:00,PRD-A,82.0,1255.0,0.0653386454183267,0.028760122358638653,0.04661195978611832,0.06446379721359799,True,False,False,False,True
2024-07-23 00:00:00,PRD-A,51.0,1243.0,0.04102976669348351,0.028674157957348373,0.04661195978611832,0.06454976161488826,False,False,False,False,False
2024-07-23 08:00:00,PRD-A,72.0,1278.0,0.056338028169014086,0.02892149028402948,0.04661195978611832,0.06430242928820715,False,False,False,False,False
2024-07-23 16:00:00,PRD-A,92.0,1311.0,0.07017543859649122,0.029145558239014123,0.04661195978611832,0.0640783613332225,True,False,True,False,True
2024-07-24 00:00:00,PRD-A,75.0,1285.0,0.058365758754863814,0.028969740241998852,0.04661195978611832,0.06425417933023778,False,False,True,False,True
2024-07-24 08:00:00,PRD-A,71.0,1274.0,0.05572998430141287,0.028893740510890924,0.04661195978611832,0.06433017906134571,False,False,True,False,True
2024-07-24 16:00:00,PRD-A,87.0,1245.0,0.06987951807228916,0.028688571621249864,0.04661195978611832,0.06453534795098677,True,False,True,False,True
2024-07-31 00:00:00,PRD-A,33.0,1247.0,0.026463512429831595,0.028702950595216888,0.04661195978611832,0.06452096897701975,True,False,True,False,True
2024-07-31 08:00:00,PRD-A,49.0,1287.0,0.03807303807303807,0.02898345359000508,0.04661195978611832,0.06424046598223156,False,False,False,False,False
2024-07-31 16:00:00,PRD-A,57.0,1274.0,0.044740973312401885,0.028893740510890924,0.04661195978611832,0.06433017906134571,False,False,False,False,False
2024-08-01 00:00:00,PRD-A,51.0,1188.0,0.04292929292929293,0.028263628801204827,0.04661195978611832,0.06496029077103181,False,False,False,False,False
2024-08-01 08:00:00,PRD-A,44.0,1324.0,0.03323262839879154,0.029231518715419347,0.04661195978611832,0.06399240085681729,False,False,False,False,False
2024-08-01 16:00:00,PRD-A,78.0,1249.0,0.06244995996797438,0.028717295018175947,0.04661195978611832,0.06450662455406068,False,False,False,False,False
2024-08-08 00:00:00,PRD-A,49.0,1224.0,0.04003267973856209,0.028535470954950078,0.04661195978611832,0.06468844861728656,False,False,False,False,False
2024-08-08 08:00:00,PRD-A,41.0,1286.0,0.03188180404354588,0.02897660091484009,0.04661195978611832,0.06424731865739655,False,False,False,False,False
2024-08-08 16:00:00,PRD-A,37.0,781.0,0.04737516005121639,0.023982235163043805,0.04661195978611832,0.06924168440919283,False,False,False,False,False
2024-08-09 00:00:00,PRD-A,44.0,1341.0,0.03281133482475764,0.02934203694787058,0.04661195978611832,0.06388188262436606,False,True,False,False,True
2024-08-09 08:00:00,PRD-A,37.0,1311.0,0.02822273073989321,0.029145558239014123,0.04661195978611832,0.0640783613332225,True,True,True,False,True
2024-08-09 16:00:00,PRD-A,45.0,1286.0,0.034992223950233284,0.02897660091484009,0.04661195978611832,0.06424731865739655,False,True,True,False,True
2024-08-16 00:00:00,PRD-A,57.0,1184.0,0.04814189189189189,0.028232661131938275,0.04661195978611832,0.06499125844029836,False,False,False,False,False
2024-08-16 08:00:00,PRD-A,83.0,1251.0,0.06634692246203037,0.02873160502827586,0.04661195978611832,0.06449231454396077,True,False,False,False,True
2024-08-16 16:00:00,PRD-A,90.0,1145.0,0.07860262008733625,0.027922272161383484,0.04661195978611832,0.06530164741085315,True,True,False,False,True
2024-08-17 00:00:00,PRD-A,66.0,938.0,0.07036247334754797,0.025962753310837357,0.04661195978611832,0.06726116626139927,True,True,False,False,True
2024-08-17 08:00:00,PRD-A,38.0,1268.0,0.02996845425867508,0.028851869906757307,0.04661195978611832,0.06437204966547933,False,True,False,False,True
2024-08-17 16:00:00,PRD-A,34.0,1285.0,0.026459143968871595,0.028969740241998852,0.04661195978611832,0.06425417933023778,True,True,False,False,True
2024-08-24 00:00:00,PRD-A,58.0,1212.0,0.04785478547854786,0.028446203800546355,0.04661195978611832,0.06477771577169028,False,True,False,False,True
2024-08-24 08:00:00,PRD-A,54.0,1282.0,0.0421216848673947,0.0289491100815175,0.04661195978611832,0.06427480949071913,False,False,False,False,False
2024-08-24 16:00:00,PRD-A,52.0,1230.0,0.04227642276422764,0.028579613850709347,0.04661195978611832,0.0646443057215273,False,False,False,False,False
2024-08-25 00:00:00,PRD-A,63.0,1238.0,0.05088852988691438,0.028637971110342574,0.04661195978611832,0.06458594846189405,False,False,False,False,False
2024-08-25 08:00:00,PRD-A,66.0,1221.0,0.05405405405405406,0.0285132775901386,0.04661195978611832,0.06471064198209803,False,False,False,False,False
2024-08-25 16:00:00,PRD-A,84.0,1262.0,0.06656101426307448,0.028809701054646444,0.04661195978611832,0.06441421851759019,True,False,False,False,True
2024-09-01 00:00:00,PRD-A,43.0,1231.0,0.034930950446791224,0.028586939606012857,0.04661195978611832,0.06463697996622378,False,False,False,False,False
2024-09-01 08:00:00,PRD-A,58.0,1248.0,0.046474358974358976,0.028710127116919948,0.04661195978611832,0.06451379245531669,False,False,False,False,False
2024-09-01 16:00:00,PRD-A,67.0,1265.0,0.052964426877470355,0.028830822982667422,0.04661195978611832,0.06439309658956921,False,False,False,False,False
2024-09-02 00:00:00,PRD-A,45.0,1297.0,0.03469545104086353,0.029051543864524867,0.04661195978611832,0.06417237570771177,False,False,False,False,False
2024-09-02 08:00:00,PRD-A,64.0,1308.0,0.04892966360856269,0.02912553943410883,0.04661195978611832,0.0640983801381278,False,False,False,False,False
2024-09-02 16:00:00,PRD-A,62.0,1252.0,0.04952076677316294,0.02873874717146388,0.04661195978611832,0.06448517240077276,False,False,False,False,False
2024-09-09 00:00:00,PRD-A,64.0,1181.0,0.05419136325148179,0.028209332205279894,0.04661195978611832,0.06501458736695674,False,False,False,False,False
2024-09-09 08:00:00,PRD-A,61.0,1253.0,0.04868316041500399,0.028745880762893368,0.04661195978611832,0.06447803880934327,False,False,False,False,False
2024-09-09 16:00:00,PRD-A,85.0,1281.0,0.0663544106167057,0.028942217261858208,0.04661195978611832,0.06428170231037843,True,False,False,False,True
2024-09-10 00:00:00,PRD-A,56.0,1304.0,0.04294478527607362,0.029098740306734087,0.04661195978611832,0.06412517926550254,False,False,False,False,False
2024-09-10 08:00:00,PRD-A,60.0,1252.0,0.04792332268370607,0.02873874717146388,0.04661195978611832,0.06448517240077276,False,False,False,False,False
2024-09-10 16:00:00,PRD-A,80.0,1182.0,0.0676818950930626,0.028217118381884333,0.04661195978611832,0.0650068011903523,True,False,False,False,True
2024-09-17 00:00:00,PRD-A,63.0,1203.0,0.05236907730673317,0.028378378713389416,0.04661195978611832,0.06484554085884722,False,False,False,False,False
2024-09-17 08:00:00,PRD-A,43.0,1242.0,0.03462157809983897,0.028666938073043637,0.04661195978611832,0.064556981499193,False,False,False,False,False
2024-09-17 16:00:00,PRD-A,88.0,1200.0,0.07333333333333333,0.02835560096425526,0.04661195978611832,0.06486831860798137,True,False,False,False,True
2024-09-18 00:00:00,PRD-A,54.0,1200.0,0.045,0.02835560096425526,0.04661195978611832,0.06486831860798137,False,False,False,False,False
2024-09-18 08:00:00,PRD-A,72.0,1251.0,0.05755395683453238,0.02873160502827586,0.04661195978611832,0.06449231454396077,False,False,False,False,False
2024-09-18 16:00:00,PRD-A,114.0,1211.0,0.09413707679603633,0.02843870503614624,0.04661195978611832,0.0647852145360904,True,False,False,False,True
2024-09-25 00:00:00,PRD-A,56.0,1289.0,0.04344453064391001,0.028997135009369977,0.04661195978611832,0.06422678456286665,False,False,False,False,False
2024-09-25 08:00:00,PRD-A,41.0,1281.0,0.03200624512099922,0.028942217261858208,0.04661195978611832,0.06428170231037843,False,False,False,False,False
2024-09-25 16:00:00,PRD-A,58.0,1259.0,0.046068308181096106,0.02878850367615343,0.04661195978611832,0.0644354158960832,False,False,False,False,False
2024-09-26 00:00:00,PRD-A,43.0,1297.0,0.03315343099460293,0.029051543864524867,0.04661195978611832,0.06417237570771177,False,True,False,False,True
2024-09-26 08:00:00,PRD-A,44.0,1260.0,0.03492063492063492,0.028795577880087565,0.04661195978611832,0.06442834169214907,False,False,False,False,False
2024-09-26 16:00:00,PRD-A,63.0,1297.0,0.04857363145720894,0.029051543864524867,0.04661195978611832,0.06417237570771177,False,False,False,False,False
2024-10-03 00:00:00,PRD-A,94.0,1207.0,0.07787903893951947,0.02840861684542869,0.04661195978611832,0.06481530272680794,True,False,False,False,True
2024-10-03 08:00:00,PRD-A,92.0,1256.0,0.0732484076433121,0.028767230396916643,0.04661195978611832,0.06445668917531999,True,True,False,False,True
2024-10-03 16:00:00,PRD-A,144.0,1254.0,0.11483253588516747,0.0287530058196167,0.04661195978611832,0.06447091375261993,True,True,False,False,True
2024-10-04 00:00:00,PRD-A,95.0,1282.0,0.07410296411856475,0.0289491100815175,0.04661195978611832,0.06427480949071913,True,True,True,False,True
2024-10-04 08:00:00,PRD-A,114.0,1287.0,0.08857808857808858,0.02898345359000508,0.04661195978611832,0.06424046598223156,True,True,True,False,True
2024-10-04 16:00:00,PRD-A,113.0,1195.0,0.09456066945606695,0.028317447612667156,0.04661195978611832,0.06490647195956947,True,True,True,False,True
2024-10-11 00:00:00,PRD-A,61.0,1238.0,0.049273021001615507,0.028637971110342574,0.04661195978611832,0.06458594846189405,False,True,True,True,True
2024-10-11 08:00:00,PRD-A,59.0,1286.0,0.045878693623639194,0.02897660091484009,0.04661195978611832,0.06424731865739655,False,False,False,False,False
2024-10-11 16:00:00,PRD-A,70.0,1170.0,0.05982905982905983,0.028123026507612413,0.04661195978611832,0.06510089306462422,False,False,False,False,False
2024-10-12 00:00:00,PRD-A,64.0,1260.0,0.050793650793650794,0.028795577880087565,0.04661195978611832,0.06442834169214907,False,False,False,False,False
2024-10-12 08:00:00,PRD-A,46.0,1232.0,0.037337662337662336,0.028594256440160525,0.04661195978611832,0.0646296631320761,False,False,False,False,False
2024-10-12 16:00:00,PRD-A,95.0,1224.0,0.07761437908496732,0.028535470954950078,0.04661195978611832,0.06468844861728656,True,False,False,False,True
2024-10-19 00:00:00,PRD-A,30.0,908.0,0.03303964757709251,0.025624404082693973,0.04661195978611832,0.06759951548954266,False,False,False,False,False
2024-10-19 08:00:00,PRD-A,42.0,1373.0,0.03058994901675164,0.029544475272642763,0.04661195978611832,0.06367944429959388,False,False,False,False,False
2024-10-19 16:00:00,PRD-A,32.0,1320.0,0.024242424242424242,0.02920520463362816,0.04661195978611832,0.06401871493860847,True,True,True,False,True
2024-10-20 00:00:00,PRD-A,52.0,1369.0,0.03798392987582177,0.029519559223591233,0.04661195978611832,0.0637043603486454,False,True,True,False,True
2024-10-20 08:00:00,PRD-A,53.0,1368.0,0.03874269005847953,0.029513313142417088,0.04661195978611832,0.06371060642981954,False,False,True,False,True
2024-10-20 16:00:00,PRD-A,36.0,1275.0,0.02823529411764706,0.028900690195125808,0.04661195978611832,0.06432322937711082,True,False,True,False,True
2024-10-27 00:00:00,PRD-A,30.0,1259.0,0.023828435266084195,0.02878850367615343,0.04661195978611832,0.0644354158960832,True,True,True,False,True
2024-10-27 08:00:00,PRD-A,55.0,1346.0,0.04086181277860327,0.02937414317165598,0.04661195978611832,0.06384977640058065,False,True,True,True,True
2024-10-27 16:00:00,PRD-A,30.0,1251.0,0.023980815347721823,0.02873160502827586,0.04661195978611832,0.06449231454396077,True,True,True,True,True
2024-10-28 00:00:00,PRD-A,53.0,1331.0,0.039819684447783624,0.029277282604321702,0.04661195978611832,0.06394663696791493,False,False,True,True,True
2024-10-28 08:00:00,PRD-A,30.0,1319.0,0.022744503411675512,0.02919860741711216,0.04661195978611832,0.06402531215512447,True,True,True,True,True
2024-10-28 16:00:00,PRD-A,38.0,1252.0,0.03035143769968051,0.02873874717146388,0.04661195978611832,0.06448517240077276,False,True,True,True,True
2024-11-04 00:00:00,PRD-A,64.0,972.0,0.06584362139917696,0.02632711665071492,0.04661195978611832,0.06689680292152171,False,True,True,False,True
2024-11-04 08:00:00,PRD-A,35.0,1269.0,0.027580772261623327,0.028858868957227873,0.04661195978611832,0.06436505061500876,True,True,True,False,True
2024-11-04 16:00:00,PRD-A,44.0,1285.0,0.034241245136186774,0.028969740241998852,0.04661195978611832,0.06425417933023778,False,True,True,False,True
2024-11-05 00:00:00,PRD-A,45.0,1268.0,0.03548895899053628,0.028851869906757307,0.04661195978611832,0.06437204966547933,False,True,True,False,True
2024-11-05 08:00:00,PRD-A,36.0,1295.0,0.027799227799227798,0.029037988929336636,0.04661195978611832,0.0641859306429,True,True,True,False,True
2024-11-05 16:00:00,PRD-A,58.0,1261.0,0.045995241871530534,0.028802643667359712,0.04661195978611832,0.06442127590487692,False,False,True,False,True
2024-11-12 00:00:00,PRD-A,46.0,1309.0,0.03514132925897632,0.02913222001519391,0.04661195978611832,0.06409169955704272,False,False,True,False,True
2024-11-12 08:00:00,PRD-A,29.0,1289.0,0.022498060512024826,0.028997135009369977,0.04661195978611832,0.06422678456286665,True,False,True,False,True
2024-11-12 16:00:00,PRD-A,42.0,1221.0,0.0343980343980344,0.0285132775901386,0.04661195978611832,0.06471064198209803,False,True,True,True,True
2024-11-13 00:00:00,PRD-A,46.0,1326.0,0.03469079939668175,0.029244631083238836,0.04661195978611832,0.0639792884889978,False,True,True,True,True
2024-11-13 08:00:00,PRD-A,58.0,1353.0,0.04286770140428677,0.029418792540371046,0.04661195978611832,0.06380512703186558,False,True,True,True,True
2024-11-13 16:00:00,PRD-A,62.0,1274.0,0.04866562009419152,0.028893740510890924,0.04661195978611832,0.06433017906134571,False,False,False,False,False
2024-11-20 00:00:00,PRD-A,48.0,1262.0,0.03803486529318542,0.028809701054646444,0.04661195978611832,0.06441421851759019,False,False,False,False,False
2024-11-20 08:00:00,PRD-A,50.0,1227.0,0.040749796251018745,0.028557582876170096,0.04661195978611832,0.06466633669606654,False,False,False,False,False
2024-11-20 16:00:00,PRD-A,62.0,1236.0,0.05016181229773463,0.028623434926263666,0.04661195978611832,0.06460048464597297,False,False,False,False,False
2024-11-21 00:00:00,PRD-A,40.0,1238.0,0.03231017770597738,0.028637971110342574,0.04661195978611832,0.06458594846189405,False,False,False,False,False
2024-11-21 08:00:00,PRD-A,56.0,1255.0,0.04462151394422311,0.028760122358638653,0.04661195978611832,0.06446379721359799,False,False,False,False,False
2024-11-21 16:00:00,PRD-A,72.0,1230.0,0.05853658536585366,0.028579613850709347,0.04661195978611832,0.0646443057215273,False,False,False,False,False
2024-11-28 00:00:00,PRD-A,48.0,1254.0,0.03827751196172249,0.0287530058196167,0.04661195978611832,0.06447091375261993,False,False,False,False,False
2024-11-28 08:00:00,PRD-A,50.0,1314.0,0.0380517503805175,0.02916550844717765,0.04661195978611832,0.06405841112505899,False,False,False,False,False
2024-11-28 16:00:00,PRD-A,67.0,1203.0,0.05569409808811305,0.028378378713389416,0.04661195978611832,0.06484554085884722,False,False,False,False,False
2024-11-29 00:00:00,PRD-A,47.0,1306.0,0.03598774885145482,0.029112155260429453,0.04661195978611832,0.06411176431180718,False,False,False,False,False
2024-11-29 08:00:00,PRD-A,38.0,1292.0,0.029411764705882353,0.02901759754263951,0.04661195978611832,0.06420632202959713,False,False,True,False,True
2024-11-29 16:00:00,PRD-A,79.0,1249.0,0.0632506004803843,0.028717295018175947,0.04661195978611832,0.06450662455406068,False,False,False,False,False
2024-12-06 00:00:00,PRD-A,53.0,1165.0,0.045493562231759654,0.028083393164642374,0.04661195978611832,0.06514052640759427,False,False,False,False,False
2024-12-06 08:00:00,PRD-A,55.0,1282.0,0.042901716068642744,0.0289491100815175,0.04661195978611832,0.06427480949071913,False,False,False,False,False
2024-12-06 16:00:00,PRD-A,70.0,1245.0,0.05622489959839357,0.028688571621249864,0.04661195978611832,0.06453534795098677,False,False,False,False,False
2024-12-07 00:00:00,PRD-A,68.0,1294.0,0.05255023183925812,0.029031199680152796,0.04661195978611832,0.06419271989208383,False,False,False,False,False
2024-12-07 08:00:00,PRD-A,62.0,1224.0,0.05065359477124183,0.028535470954950078,0.04661195978611832,0.06468844861728656,False,False,False,False,False
2024-12-07 16:00:00,PRD-A,86.0,1225.0,0.07020408163265306,0.028542850620018257,0.04661195978611832,0.06468106895221838,True,False,False,False,True
2024-12-14 00:00:00,PRD-A,102.0,1158.0,0.08808290155440414,0.02802747582848248,0.04661195978611832,0.06519644374375416,True,True,True,False,True
2024-12-14 08:00:00,PRD-A,127.0,1247.0,0.10184442662389735,0.028702950595216888,0.04661195978611832,0.06452096897701975,True,True,True,False,True
2024-12-14 16:00:00,PRD-A,150.0,1193.0,0.12573344509639564,0.028302119154030435,0.04661195978611832,0.0649218004182062,True,True,True,False,True
2024-12-15 00:00:00,PRD-A,131.0,1274.0,0.10282574568288853,0.028893740510890924,0.04661195978611832,0.06433017906134571,True,True,True,True,True
2024-12-15 08:00:00,PRD-A,135.0,1255.0,0.10756972111553785,0.028760122358638653,0.04661195978611832,0.06446379721359799,True,True,True,True,True
2024-12-15 16:00:00,PRD-A,196.0,1126.0,0.17406749555950266,0.027765247927399834,0.04661195978611832,0.0654586716448368,True,True,True,True,True
2024-12-22 00:00:00,PRD-A,77.0,1212.0,0.06353135313531354,0.028446203800546355,0.04661195978611832,0.06477771577169028,False,True,True,True,True
2024-12-22 08:00:00,PRD-A,68.0,1191.0,0.05709487825356843,0.028286752100857928,0.04661195978611832,0.0649371674713787,False,True,True,True,True
2024-12-22 16:00:00,PRD-A,120.0,1207.0,0.09942004971002485,0.02840861684542869,0.04661195978611832,0.06481530272680794,True,True,True,True,True
2024-12-23 00:00:00,PRD-A,82.0,1226.0,0.06688417618270799,0.028550221254290294,0.04661195978611832,0.06467369831794634,True,True,True,True,True
2024-12-23 08:00:00,PRD-A,83.0,1247.0,0.06655974338412189,0.028702950595216888,0.04661195978611832,0.06452096897701975,True,True,True,True,True
2024-12-23 16:00:00,PRD-A,124.0,1128.0,0.1099290780141844,0.027781963417924604,0.04661195978611832,0.06544195615431203,True,True,True,True,True
2024-12-30 00:00:00,PRD-A,76.0,1186.0,0.06408094435075885,0.028248164549842067,0.04661195978611832,0.06497575502239457,False,True,True,True,True
2024-12-30 08:00:00,PRD-A,61.0,1198.0,0.05091819699499165,0.028340368288412136,0.04661195978611832,0.0648835512838245,False,True,True,True,True
2024-12-30 16:00:00,PRD-A,107.0,1222.0,0.08756137479541735,0.02852068445854619,0.04661195978611832,0.06470323511369044,True,True,True,True,True
2024-12-31 00:00:00,PRD-A,84.0,1229.0,0.06834825061025224,0.02857227915610649,0.04661195978611832,0.06465164041613014,True,True,True,True,True
2024-12-31 08:00:00,PRD-A,112.0,1180.0,0.09491525423728814,0.02820153613308911,0.04661195978611832,0.06502238343914753,True,True,True,True,True
2024-12-31 16:00:00,PRD-A,123.0,1198.0,0.10267111853088481,0.028340368288412136,0.04661195978611832,0.0648835512838245,True,True,True,True,True
2025-01-07 00:00:00,PRD-A,61.0,1154.0,0.05285961871750433,0.027995294879778164,0.04661195978611832,0.06522862469245846,False,True,True,True,True
2025-01-07 08:00:00,PRD-A,79.0,1264.0,0.0625,0.02882379069573896,0.04661195978611832,0.06440012887649768,False,True,True,True,True
2025-01-07 16:00:00,PRD-A,91.0,1225.0,0.07428571428571429,0.028542850620018257,0.04661195978611832,0.06468106895221838,True,True,True,True,True
2025-01-08 00:00:00,PRD-A,85.0,1208.0,0.07036423841059603,0.028416152901616153,0.04661195978611832,0.06480776667062048,True,True,True,True,True
2025-01-08 08:00:00,PRD-A,76.0,1213.0,0.06265457543281121,0.028453693290036226,0.04661195978611832,0.06477022628220042,False,True,True,True,True
2025-01-08 16:00:00,PRD-A,96.0,1163.0,0.0825451418744626,0.028067468308568662,0.04661195978611832,0.06515645126366798,True,True,True,True,True
2025-01-15 00:00:00,PRD-A,55.0,1225.0,0.044897959183673466,0.028542850620018257,0.04661195978611832,0.06468106895221838,False,True,True,False,True
2025-01-15 08:00:00,PRD-A,51.0,1160.0,0.04396551724137931,0.028043503846951586,0.04661195978611832,0.06518041572528505,False,False,False,False,False
2025-01-15 16:00:00,PRD-A,42.0,1294.0,0.03245749613601236,0.029031199680152796,0.04661195978611832,0.06419271989208383,False,False,False,False,False
2025-01-16 00:00:00,PRD-A,64.0,1352.0,0.047337278106508875,0.02941243529584034,0.04661195978611832,0.0638114842763963,False,False,False,False,False
2025-01-16 08:00:00,PRD-A,36.0,1292.0,0.02786377708978328,0.02901759754263951,0.04661195978611832,0.06420632202959713,True,True,False,False,True
2025-01-16 16:00:00,PRD-A,61.0,1249.0,0.0488390712570056,0.028717295018175947,0.04661195978611832,0.06450662455406068,False,False,False,False,False
2025-01-23 00:00:00,PRD-A,31.0,1270.0,0.024409448818897637,0.028865859739475253,0.04661195978611832,0.06435805983276138,True,True,False,False,True
2025-01-23 08:00:00,PRD-A,55.0,1348.0,0.04080118694362018,0.0293869356161745,0.04661195978611832,0.06383698395606213,False,False,False,False,False
2025-01-23 16:00:00,PRD-A,48.0,1258.0,0.03815580286168521,0.028781421038834357,0.04661195978611832,0.06444249853340228,False,False,True,False,True
2025-01-24 00:00:00,PRD-A,24.0,1288.0,0.018633540372670808,0.02899029828302028,0.04661195978611832,0.06423362128921636,True,False,True,False,True
2025-01-24 08:00:00,PRD-A,35.0,1250.0,0.028,0.02872445431622922,0.04661195978611832,0.06449946525600742,True,True,True,False,True
2025-01-24 16:00:00,PRD-A,45.0,1241.0,0.0362610797743755,0.028659709463802596,0.04661195978611832,0.06456421010843404,False,True,True,False,True
2025-01-31 00:00:00,PRD-A,34.0,1208.0,0.028145695364238412,0.028416152901616153,0.04661195978611832,0.06480776667062048,True,True,True,False,True
2025-01-31 08:00:00,PRD-A,43.0,1277.0,0.033672670321064996,0.028914565065716817,0.04661195978611832,0.06430935450651981,False,True,True,True,True
2025-01-31 16:00:00,PRD-A,60.0,1282.0,0.046801872074883,0.0289491100815175,0.04661195978611832,0.06427480949071913,False,True,True,False,True
2025-02-01 00:00:00,PRD-A,49.0,1290.0,0.03798449612403101,0.029003963784496437,0.04661195978611832,0.0642199557877402,False,False,True,False,True
2025-02-01 08:00:00,PRD-A,52.0,1233.0,0.042173560421735604,0.028601564371244333,0.04661195978611832,0.0646223552009923,False,False,False,False,False
2025-02-01 16:00:00,PRD-A,64.0,1246.0,0.051364365971107544,0.028695765435773988,0.04661195978611832,0.06452815413646265,False,False,False,False,False
2025-02-08 00:00:00,PRD-A,53.0,1241.0,0.0427074939564867,0.028659709463802596,0.04661195978611832,0.06456421010843404,False,False,False,False,False
2025-02-08 08:00:00,PRD-A,52.0,1248.0,0.041666666666666664,0.028710127116919948,0.04661195978611832,0.06451379245531669,False,False,False,False,False
2025-02-08 16:00:00,PRD-A,72.0,1214.0,0.05930807248764415,0.02846117352371969,0.04661195978611832,0.06476274604851695,False,False,False,False,False
2025-02-09 00:00:00,PRD-A,63.0,1270.0,0.049606299212598425,0.028865859739475253,0.04661195978611832,0.06435805983276138,False,False,False,False,False
2025-02-09 08:00:00,PRD-A,71.0,1255.0,0.05657370517928287,0.028760122358638653,0.04661195978611832,0.06446379721359799,False,False,False,False,False
2025-02-09 16:00:00,PRD-A,93.0,1226.0,0.07585644371941272,0.028550221254290294,0.04661195978611832,0.06467369831794634,True,False,False,False,True
2025-02-16 00:00:00,PRD-A,39.0,1249.0,0.03122497998398719,0.028717295018175947,0.04661195978611832,0.06450662455406068,False,False,False,False,False
2025-02-16 08:00:00,PRD-A,36.0,1278.0,0.028169014084507043,0.02892149028402948,0.04661195978611832,0.06430242928820715,True,True,False,False,True
2025-02-16 16:00:00,PRD-A,55.0,1258.0,0.04372019077901431,0.028781421038834357,0.04661195978611832,0.06444249853340228,False,True,False,False,True
2025-02-17 00:00:00,PRD-A,37.0,1312.0,0.028201219512195123,0.029152215910895826,0.04661195978611832,0.06407170366134081,True,True,False,False,True
2025-02-17 08:00:00,PRD-A,47.0,1320.0,0.035606060606060606,0.02920520463362816,0.04661195978611832,0.06401871493860847,False,False,True,False,True
2025-02-17 16:00:00,PRD-A,56.0,1244.0,0.04501607717041801,0.028681369134254363,0.04661195978611832,0.06454255043798227,False,False,False,False,False
2025-02-24 00:00:00,PRD-A,75.0,1271.0,0.059008654602675056,0.028872842269765883,0.04661195978611832,0.06435107730247075,False,False,False,False,False
2025-02-24 08:00:00,PRD-A,63.0,1289.0,0.048875096974398756,0.028997135009369977,0.04661195978611832,0.06422678456286665,False,False,False,False,False
2025-02-24 16:00:00,PRD-A,102.0,1263.0,0.08076009501187649,0.028816750058578096,0.04661195978611832,0.06440716951365855,True,True,False,False,True
2025-02-25 00:00:00,PRD-A,57.0,1127.0,0.050576752440106475,0.027773611234604954,0.04661195978611832,0.06545030833763169,False,False,False,False,False
2025-02-25 08:00:00,PRD-A,98.0,1352.0,0.07248520710059171,0.02941243529584034,0.04661195978611832,0.0638114842763963,True,True,False,False,True
2025-02-25 16:00:00,PRD-A,61.0,1297.0,0.047031611410948346,0.029051543864524867,0.04661195978611832,0.06417237570771177,False,False,False,False,False
2025-03-04 00:00:00,PRD-A,65.0,1218.0,0.053366174055829226,0.02849100228054388,0.04661195978611832,0.06473291729169275,False,False,False,False,False
2025-03-04 08:00:00,PRD-A,73.0,1255.0,0.05816733067729084,0.028760122358638653,0.04661195978611832,0.06446379721359799,False,False,False,True,True
2025-03-04 16:00:00,PRD-A,91.0,1165.0,0.07811158798283262,0.028083393164642374,0.04661195978611832,0.06514052640759427,True,False,True,True,True
2025-03-05 00:00:00,PRD-A,77.0,1253.0,0.061452513966480445,0.028745880762893368,0.04661195978611832,0.06447803880934327,False,True,True,True,True
2025-03-05 08:00:00,PRD-A,51.0,891.0,0.05723905723905724,0.025425132119478007,0.04661195978611832,0.06779878745275864,False,True,True,True,True
2025-03-05 16:00:00,PRD-A,40.0,1238.0,0.03231017770597738,0.028637971110342574,0.04661195978611832,0.06458594846189405,False,False,True,False,True
2025-03-12 00:00:00,PRD-A,43.0,1270.0,0.03385826771653543,0.028865859739475253,0.04661195978611832,0.06435805983276138,False,True,False,False,True
2025-03-12 08:00:00,PRD-A,49.0,1320.0,0.037121212121212124,0.02920520463362816,0.04661195978611832,0.06401871493860847,False,True,False,False,True
2025-03-12 16:00:00,PRD-A,52.0,1227.0,0.042379788101059496,0.028557582876170096,0.04661195978611832,0.06466633669606654,False,False,False,False,False
2025-03-13 00:00:00,PRD-A,38.0,1297.0,0.029298380878951428,0.029051543864524867,0.04661195978611832,0.06417237570771177,False,False,True,False,True
2025-03-13 08:00:00,PRD-A,46.0,1272.0,0.036163522012578615,0.02887981656432141,0.04661195978611832,0.06434410300791522,False,False,True,False,True
2025-03-13 16:00:00,PRD-A,62.0,1243.0,0.0498793242156074,0.028674157957348373,0.04661195978611832,0.06454976161488826,False,False,False,False,False
2025-03-20 00:00:00,PRD-A,102.0,1113.0,0.09164420485175202,0.02765550130921264,0.04661195978611832,0.065568418263024,True,False,False,False,True
2025-03-20 08:00:00,PRD-A,114.0,1149.0,0.09921671018276762,0.02795483261751326,0.04661195978611832,0.06526908695472337,True,True,False,False,True
2025-03-20 16:00:00,PRD-A,141.0,1178.0,0.11969439728353141,0.02818591421797196,0.04661195978611832,0.06503800535426468,True,True,False,False,True
2025-03-21 00:00:00,PRD-A,85.0,955.0,0.08900523560209424,0.02614736732943968,0.04661195978611832,0.06707655224279696,True,True,True,False,True
2025-03-21 08:00:00,PRD-A,43.0,1293.0,0.033255993812838364,0.02902440255633187,0.04661195978611832,0.06419951701590476,False,True,True,False,True
2025-03-21 16:00:00,PRD-A,54.0,1279.0,0.04222048475371384,0.028928407378918386,0.04661195978611832,0.06429551219331825,False,False,False,False,False
2025-03-28 00:00:00,PRD-A,68.0,1275.0,0.05333333333333334,0.028900690195125808,0.04661195978611832,0.06432322937711082,False,False,False,False,False
2025-03-28 08:00:00,PRD-A,54.0,1188.0,0.045454545454545456,0.028263628801204827,0.04661195978611832,0.06496029077103181,False,False,False,False,False
2025-03-28 16:00:00,PRD-A,91.0,1237.0,0.07356507679870655,0.028630707424988164,0.04661195978611832,0.06459321214724847,True,False,False,False,True
2025-03-29 00:00:00,PRD-A,62.0,1229.0,0.05044751830756713,0.02857227915610649,0.04661195978611832,0.06465164041613014,False,False,False,False,False
2025-03-29 08:00:00,PRD-A,66.0,1277.0,0.05168363351605325,0.028914565065716817,0.04661195978611832,0.06430935450651981,False,False,False,False,False
2025-03-29 16:00:00,PRD-A,86.0,1214.0,0.07084019769357495,0.02846117352371969,0.04661195978611832,0.06476274604851695,True,False,False,False,True
2025-04-05 00:00:00,PRD-A,55.0,1318.0,0.0417298937784522,0.029192002693806576,0.04661195978611832,0.06403191687843006,False,False,False,False,False
2025-04-05 08:00:00,PRD-A,44.0,1326.0,0.033182503770739065,0.029244631083238836,0.04661195978611832,0.0639792884889978,False,False,False,False,False
2025-04-05 16:00:00,PRD-A,46.0,1231.0,0.03736799350121852,0.028586939606012857,0.04661195978611832,0.06463697996622378,False,False,False,False,False
2025-04-06 00:00:00,PRD-A,32.0,1278.0,0.025039123630672927,0.02892149028402948,0.04661195978611832,0.06430242928820715,True,True,False,False,True
2025-04-06 08:00:00,PRD-A,35.0,1257.0,0.02784407319013524,0.02877432995136084,0.04661195978611832,0.0644495896208758,True,True,True,False,True
2025-04-06 16:00:00,PRD-A,60.0,1287.0,0.046620046620046623,0.02898345359000508,0.04661195978611832,0.06424046598223156,False,True,True,False,True
2025-04-13 00:00:00,PRD-A,76.0,1312.0,0.057926829268292686,0.029152215910895826,0.04661195978611832,0.06407170366134081,False,False,False,False,False
2025-04-13 08:00:00,PRD-A,45.0,1291.0,0.034856700232378,0.029010784623800058,0.04661195978611832,0.06421313494843658,False,False,False,False,False
2025-04-13 16:00:00,PRD-A,81.0,1294.0,0.062596599690881,0.029031199680152796,0.04661195978611832,0.06419271989208383,False,False,False,False,False
2025-04-14 00:00:00,PRD-A,44.0,1278.0,0.03442879499217527,0.02892149028402948,0.04661195978611832,0.06430242928820715,False,True,False,False,True
2025-04-14 08:00:00,PRD-A,48.0,1245.0,0.03855421686746988,0.028688571621249864,0.04661195978611832,0.06453534795098677,False,False,False,False,False
2025-04-14 16:00:00,PRD-A,58.0,1201.0,0.04829308909242298,0.02836320302947009,0.04661195978611832,0.06486071654276654,False,False,False,False,False
2025-04-21 00:00:00,PRD-A,60.0,1298.0,0.046224961479198766,0.029058309580792793,0.04661195978611832,0.06416560999144384,False,False,False,False,False
2025-04-21 08:00:00,PRD-A,49.0,1353.0,0.03621581670362158,0.029418792540371046,0.04661195978611832,0.06380512703186558,False,False,False,False,False
2025-04-21 16:00:00,PRD-A,35.0,1275.0,0.027450980392156862,0.028900690195125808,0.04661195978611832,0.06432322937711082,True,False,False,False,True
2025-04-22 00:00:00,PRD-A,37.0,1314.0,0.02815829528158295,0.02916550844717765,0.04661195978611832,0.06405841112505899,True,True,False,False,True
2025-04-22 08:00:00,PRD-A,32.0,1311.0,0.02440884820747521,0.029145558239014123,0.04661195978611832,0.0640783613332225,True,True,True,False,True
2025-04-22 16:00:00,PRD-A,53.0,1291.0,0.041053446940356314,0.029010784623800058,0.04661195978611832,0.06421313494843658,False,True,True,False,True
2025-04-29 00:00:00,PRD-A,54.0,967.0,0.055842812823164424,0.02627474154898575,0.04661195978611832,0.06694917802325089,False,False,False,False,False
2025-04-29 08:00:00,PRD-A,43.0,1297.0,0.03315343099460293,0.029051543864524867,0.04661195978611832,0.06417237570771177,False,False,False,False,False
2025-04-29 16:00:00,PRD-A,75.0,1258.0,0.05961844197138315,0.028781421038834357,0.04661195978611832,0.06444249853340228,False,False,False,False,False
2025-04-30 00:00:00,PRD-A,63.0,1308.0,0.0481651376146789,0.02912553943410883,0.04661195978611832,0.0640983801381278,False,False,False,False,False
2025-04-30 08:00:00,PRD-A,75.0,1295.0,0.05791505791505792,0.029037988929336636,0.04661195978611832,0.0641859306429,False,False,False,False,False
2025-04-30 16:00:00,PRD-A,86.0,1235.0,0.06963562753036437,0.028616153596331857,0.04661195978611832,0.06460776597590479,True,False,False,False,True
2025-05-07 00:00:00,PRD-A,130.0,1107.0,0.11743450767841011,0.027604198215461027,0.04661195978611832,0.0656197213567756,True,True,True,False,True
2025-05-07 08:00:00,PRD-A,76.0,958.0,0.07933194154488518,0.02617943513570086,0.04661195978611832,0.06704448443653577,True,True,True,False,True
2025-05-07 16:00:00,PRD-A,48.0,1302.0,0.03686635944700461,0.02908529445486524,0.04661195978611832,0.0641386251173714,False,True,True,False,True
2025-05-08 00:00:00,PRD-A,45.0,1326.0,0.033936651583710405,0.029244631083238836,0.04661195978611832,0.0639792884889978,False,False,False,False,False
2025-05-08 08:00:00,PRD-A,50.0,1278.0,0.03912363067292645,0.02892149028402948,0.04661195978611832,0.06430242928820715,False,False,False,False,False
2025-05-08 16:00:00,PRD-A,57.0,1250.0,0.0456,0.02872445431622922,0.04661195978611832,0.06449946525600742,False,False,False,False,False
2025-05-15 00:00:00,PRD-A,52.0,1238.0,0.0420032310177706,0.028637971110342574,0.04661195978611832,0.06458594846189405,False,False,False,False,False
2025-05-15 08:00:00,PRD-A,46.0,1244.0,0.03697749196141479,0.028681369134254363,0.04661195978611832,0.06454255043798227,False,False,False,False,False
2025-05-15 16:00:00,PRD-A,55.0,1188.0,0.046296296296296294,0.028263628801204827,0.04661195978611832,0.06496029077103181,False,False,False,False,False
2025-05-16 00:00:00,PRD-A,44.0,1261.0,0.034892942109436956,0.028802643667359712,0.04661195978611832,0.06442127590487692,False,False,False,True,True
2025-05-16 08:00:00,PRD-A,45.0,1263.0,0.035629453681710214,0.028816750058578096,0.04661195978611832,0.06440716951365855,False,False,False,True,True
2025-05-16 16:00:00,PRD-A,56.0,1221.0,0.04586404586404586,0.0285132775901386,0.04661195978611832,0.06471064198209803,False,False,False,True,True
2025-05-23 00:00:00,PRD-A,41.0,1249.0,0.03282626100880705,0.028717295018175947,0.04661195978611832,0.06450662455406068,False,False,False,True,True
2025-05-23 08:00:00,PRD-A,36.0,1258.0,0.028616852146263912,0.028781421038834357,0.04661195978611832,0.06444249853340228,True,True,True,True,True
2025-05-23 16:00:00,PRD-A,53.0,1216.0,0.04358552631578947,0.028476106299807707,0.04661195978611832,0.06474781327242893,False,True,False,True,True
2025-05-24 00:00:00,PRD-A,54.0,1306.0,0.04134762633996937,0.029112155260429453,0.04661195978611832,0.06411176431180718,False,False,False,True,True
2025-05-24 08:00:00,PRD-A,46.0,1246.0,0.03691813804173355,0.028695765435773988,0.04661195978611832,0.06452815413646265,False,False,False,True,True
2025-05-24 16:00:00,PRD-A,85.0,1284.0,0.06619937694704049,0.028962871555912602,0.04661195978611832,0.06426104801632404,True,False,False,False,True
2025-05-31 00:00:00,PRD-A,33.0,1251.0,0.026378896882494004,0.02873160502827586,0.04661195978611832,0.06449231454396077,True,False,False,False,True
2025-05-31 08:00:00,PRD-A,40.0,1314.0,0.030441400304414,0.02916550844717765,0.04661195978611832,0.06405841112505899,False,True,False,False,True
2025-05-31 16:00:00,PRD-A,52.0,1306.0,0.039816232771822356,0.029112155260429453,0.04661195978611832,0.06411176431180718,False,True,True,False,True
2025-06-01 00:00:00,PRD-A,34.0,1307.0,0.026013771996939557,0.029118851187411022,0.04661195978611832,0.06410506838482562,True,True,True,False,True
2025-06-01 08:00:00,PRD-A,41.0,1287.0,0.031857031857031856,0.02898345359000508,0.04661195978611832,0.06424046598223156,False,True,True,False,True
2025-06-01 16:00:00,PRD-A,61.0,1241.0,0.04915390813859791,0.028659709463802596,0.04661195978611832,0.06456421010843404,False,True,True,False,True
2025-06-08 00:00:00,PRD-A,45.0,1191.0,0.037783375314861464,0.028286752100857928,0.04661195978611832,0.0649371674713787,False,False,True,False,True
2025-06-08 08:00:00,PRD-A,59.0,1288.0,0.04580745341614907,0.02899029828302028,0.04661195978611832,0.06423362128921636,False,False,False,False,False
2025-06-08 16:00:00,PRD-A,89.0,1214.0,0.07331136738056013,0.02846117352371969,0.04661195978611832,0.06476274604851695,True,False,False,False,True
2025-06-09 00:00:00,PRD-A,60.0,1232.0,0.048701298701298704,0.028594256440160525,0.04661195978611832,0.0646296631320761,False,False,False,False,False
2025-06-09 08:00:00,PRD-A,58.0,1210.0,0.047933884297520664,0.0284311969776768,0.04661195978611832,0.06479272259455984,False,False,False,False,False
2025-06-09 16:00:00,PRD-A,99.0,1222.0,0.08101472995090016,0.02852068445854619,0.04661195978611832,0.06470323511369044,True,False,False,False,True
2025-06-16 00:00:00,PRD-A,75.0,1180.0,0.0635593220338983,0.02820153613308911,0.04661195978611832,0.06502238343914753,False,True,False,False,True
2025-06-16 08:00:00,PRD-A,94.0,1256.0,0.07484076433121019,0.028767230396916643,0.04661195978611832,0.06445668917531999,True,True,False,False,True
2025-06-16 16:00:00,PRD-A,76.0,859.0,0.08847497089639116,0.025034108076025678,0.04661195978611832,0.06818981149621095,True,True,True,False,True
2025-06-17 00:00:00,PRD-A,52.0,1336.0,0.038922155688622756,0.029309750655266274,0.04661195978611832,0.06391416891697035,False,True,True,False,True
2025-06-17 08:00:00,PRD-A,61.0,1338.0,0.045590433482810166,0.02932268688820066,0.04661195978611832,0.06390123268403597,False,False,False,False,False
2025-06-17 16:00:00,PRD-A,58.0,1269.0,0.045705279747832936,0.028858868957227873,0.04661195978611832,0.06436505061500876,False,False,False,False,False
2025-06-24 00:00:00,PRD-A,72.0,1179.0,0.061068702290076333,0.028193730144333424,0.04661195978611832,0.06503018942790321,False,False,False,False,False
2025-06-24 08:00:00,PRD-A,77.0,1212.0,0.06353135313531354,0.028446203800546355,0.04661195978611832,0.06477771577169028,False,True,False,False,True
2025-06-24 16:00:00,PRD-A,129.0,1198.0,0.10767946577629382,0.028340368288412136,0.04661195978611832,0.0648835512838245,True,True,False,False,True
2025-06-25 00:00:00,PRD-A,96.0,1203.0,0.0798004987531172,0.028378378713389416,0.04661195978611832,0.06484554085884722,True,True,True,False,True
2025-06-25 08:00:00,PRD-A,93.0,1162.0,0.08003442340791739,0.028059490467168196,0.04661195978611832,0.06516442910506844,True,True,True,False,True
2025-06-25 16:00:00,PRD-A,146.0,1151.0,0.1268462206776716,0.027971049158750934,0.04661195978611832,0.06525287041348571,True,True,True,False,True
2024-01-03 00:00:00,PRD-A,21.0,1278.0,0.01643192488262911,0.02892149028402948,0.04661195978611832,0.06430242928820715,True,True,True,False,True
2024-01-03 08:00:00,PRD-A,50.0,1351.0,0.037009622501850484,0.029406070994238524,0.04661195978611832,0.0638178485779981,False,False,False,False,False
2024-01-03 16:00:00,PRD-A,36.0,1289.0,0.027928626842513578,0.028997135009369977,0.04661195978611832,0.06422678456286665,True,True,False,False,True
2024-01-04 00:00:00,PRD-A,38.0,1299.0,0.029253271747498075,0.02906506748295097,0.04661195978611832,0.06415885208928566,False,True,True,False,True
2024-01-04 08:00:00,PRD-A,27.0,1307.0,0.020657995409334353,0.029118851187411022,0.04661195978611832,0.06410506838482562,True,True,True,False,True
2024-01-04 16:00:00,PRD-A,49.0,1251.0,0.03916866506794564,0.02873160502827586,0.04661195978611832,0.06449231454396077,False,True,True,False,True
2024-01-11 00:00:00,PRD-A,45.0,1287.0,0.03496503496503497,0.02898345359000508,0.04661195978611832,0.06424046598223156,False,False,True,False,True
2024-01-11 08:00:00,PRD-A,37.0,1297.0,0.028527370855821126,0.029051543864524867,0.04661195978611832,0.06417237570771177,True,False,True,True,True
2024-01-11 16:00:00,PRD-A,45.0,1246.0,0.036115569823434994,0.028695765435773988,0.04661195978611832,0.06452815413646265,False,False,True,True,True
2024-01-12 00:00:00,PRD-A,30.0,1240.0,0.024193548387096774,0.028652472112038196,0.04661195978611832,0.06457144746019844,True,True,True,True,True
2024-01-12 08:00:00,PRD-A,37.0,1312.0,0.028201219512195123,0.029152215910895826,0.04661195978611832,0.06407170366134081,True,True,True,True,True
2024-01-12 16:00:00,PRD-A,54.0,1232.0,0.04383116883116883,0.028594256440160525,0.04661195978611832,0.0646296631320761,False,True,True,True,True
2024-01-19 00:00:00,PRD-A,46.0,1301.0,0.035357417371252885,0.029078559905017766,0.04661195978611832,0.06414535966721888,False,False,True,True,True
2024-01-19 08:00:00,PRD-A,30.0,1290.0,0.023255813953488372,0.029003963784496437,0.04661195978611832,0.0642199557877402,True,False,True,True,True
2024-01-19 16:00:00,PRD-A,49.0,1285.0,0.03813229571984436,0.028969740241998852,0.04661195978611832,0.06425417933023778,False,False,True,True,True
2024-01-20 00:00:00,PRD-A,58.0,1352.0,0.042899408284023666,0.02941243529584034,0.04661195978611832,0.0638114842763963,False,False,False,True,True
2024-01-20 08:00:00,PRD-A,31.0,1266.0,0.02448657187993681,0.028837846935856143,0.04661195978611832,0.06438607263638049,True,False,True,True,True
2024-01-20 16:00:00,PRD-A,48.0,1222.0,0.03927986906710311,0.02852068445854619,0.04661195978611832,0.06470323511369044,False,False,True,True,True
2024-01-27 00:00:00,PRD-A,27.0,1197.0,0.022556390977443608,0.02833273763804913,0.04661195978611832,0.0648911819341875,True,True,True,True,True
2024-01-27 08:00:00,PRD-A,31.0,1281.0,0.02419984387197502,0.028942217261858208,0.04661195978611832,0.06428170231037843,True,True,True,True,True
2024-01-27 16:00:00,PRD-A,57.0,1260.0,0.04523809523809524,0.028795577880087565,0.04661195978611832,0.06442834169214907,False,True,True,True,True
2024-01-28 00:00:00,PRD-A,23.0,1245.0,0.018473895582329317,0.028688571621249864,0.04661195978611832,0.06453534795098677,True,True,True,True,True
2024-01-28 08:00:00,PRD-A,34.0,1285.0,0.026459143968871595,0.028969740241998852,0.04661195978611832,0.06425417933023778,True,True,True,True,True
2024-01-28 16:00:00,PRD-A,54.0,1176.0,0.04591836734693878,0.02817025246795515,0.04661195978611832,0.06505366710428148,False,True,False,True,True
2024-02-04 00:00:00,PRD-A,51.0,1201.0,0.042464612822647796,0.02836320302947009,0.04661195978611832,0.06486071654276654,False,False,False,True,True
2024-02-04 08:00:00,PRD-A,51.0,1238.0,0.04119547657512116,0.028637971110342574,0.04661195978611832,0.06458594846189405,False,False,False,True,True
2024-02-04 16:00:00,PRD-A,66.0,1152.0,0.057291666666666664,0.027979141588317175,0.04661195978611832,0.06524477798391946,False,False,False,False,False
2024-02-05 00:00:00,PRD-A,70.0,1215.0,0.05761316872427984,0.028468644520645535,0.04661195978611832,0.0647552750515911,False,False,False,False,False
2024-02-05 08:00:00,PRD-A,54.0,1207.0,0.04473902236951118,0.02840861684542869,0.04661195978611832,0.06481530272680794,False,False,False,False,False
2024-02-05 16:00:00,PRD-A,87.0,1175.0,0.07404255319148936,0.028162406601904322,0.04661195978611832,0.06506151297033232,True,False,False,False,True
2024-02-12 00:00:00,PRD-A,27.0,1254.0,0.0215311004784689,0.0287530058196167,0.04661195978611832,0.06447091375261993,True,False,False,False,True
2024-02-12 08:00:00,PRD-A,49.0,1365.0,0.035897435897435895,0.029494533733523936,0.04661195978611832,0.0637293858387127,False,False,False,False,False
2024-02-12 16:00:00,PRD-A,48.0,1272.0,0.03773584905660377,0.02887981656432141,0.04661195978611832,0.06434410300791522,False,False,False,False,False
2024-02-13 00:00:00,PRD-A,25.0,1246.0,0.020064205457463884,0.028695765435773988,0.04661195978611832,0.06452815413646265,True,False,True,False,True
2024-02-13 08:00:00,PRD-A,39.0,1262.0,0.030903328050713153,0.028809701054646444,0.04661195978611832,0.06441421851759019,False,True,True,False,True
2024-02-13 16:00:00,PRD-A,38.0,1239.0,0.03066989507667474,0.028645226000113714,0.04661195978611832,0.06457869357212292,False,True,True,False,True
2024-02-20 00:00:00,PRD-A,30.0,1278.0,0.023474178403755867,0.02892149028402948,0.04661195978611832,0.06430242928820715,True,True,True,False,True
2024-02-20 08:00:00,PRD-A,24.0,1297.0,0.018504240555127217,0.029051543864524867,0.04661195978611832,0.06417237570771177,True,True,True,True,True
2024-02-20 16:00:00,PRD-A,49.0,1223.0,0.04006541291905151,0.028528082240629197,0.04661195978611832,0.06469583733160744,False,True,True,True,True
2024-02-21 00:00:00,PRD-A,35.0,1322.0,0.0264750378214826,0.02921837660309111,0.04661195978611832,0.06400554296914553,True,True,True,True,True
2024-02-21 08:00:00,PRD-A,41.0,1269.0,0.03230890464933018,0.028858868957227873,0.04661195978611832,0.06436505061500876,False,True,True,True,True
2024-02-21 16:00:00,PRD-A,43.0,1212.0,0.03547854785478548,0.028446203800546355,0.04661195978611832,0.06477771577169028,False,True,True,True,True
2024-02-28 00:00:00,PRD-A,35.0,1191.0,0.02938706968933669,0.028286752100857928,0.04661195978611832,0.0649371674713787,False,True,True,True,True
2024-02-28 08:00:00,PRD-A,33.0,1282.0,0.02574102964118565,0.0289491100815175,0.04661195978611832,0.06427480949071913,True,True,True,True,True
2024-02-28 16:00:00,PRD-A,56.0,1295.0,0.043243243243243246,0.029037988929336636,0.04661195978611832,0.0641859306429,False,True,True,True,True
2024-02-29 00:00:00,PRD-A,39.0,1216.0,0.032072368421052634,0.028476106299807707,0.04661195978611832,0.06474781327242893,False,True,True,True,True
2024-02-29 08:00:00,PRD-A,34.0,1264.0,0.02689873417721519,0.02882379069573896,0.04661195978611832,0.06440012887649768,True,True,True,True,True
2024-02-29 16:00:00,PRD-A,58.0,1244.0,0.04662379421221865,0.028681369134254363,0.04661195978611832,0.06454255043798227,False,True,False,False,True
2024-03-07 00:00:00,PRD-A,62.0,1198.0,0.05175292153589316,0.028340368288412136,0.04661195978611832,0.0648835512838245,False,False,False,False,False
2024-03-07 08:00:00,PRD-A,69.0,1293.0,0.05336426914153132,0.02902440255633187,0.04661195978611832,0.06419951701590476,False,False,False,False,False
2024-03-07 16:00:00,PRD-A,77.0,1118.0,0.06887298747763863,0.02769793802793588,0.04661195978611832,0.06552598154430075,True,False,False,False,True
2024-03-08 00:00:00,PRD-A,71.0,1336.0,0.0531437125748503,0.029309750655266274,0.04661195978611832,0.06391416891697035,False,False,False,False,False
2024-03-08 08:00:00,PRD-A,81.0,1380.0,0.058695652173913045,0.029587817403770547,0.04661195978611832,0.06363610216846609,False,True,True,False,True
2024-03-08 16:00:00,PRD-A,59.0,1252.0,0.04712460063897764,0.02873874717146388,0.04661195978611832,0.06448517240077276,False,False,True,False,True
2024-03-15 00:00:00,PRD-A,46.0,1161.0,0.03962101636520241,0.02805150232069731,0.04661195978611832,0.06517241725153933,False,False,False,False,False
2024-03-15 08:00:00,PRD-A,41.0,968.0,0.042355371900826444,0.02628524902488071,0.04661195978611832,0.06693867054735593,False,False,False,False,False
2024-03-15 16:00:00,PRD-A,36.0,1246.0,0.028892455858747994,0.028695765435773988,0.04661195978611832,0.06452815413646265,False,False,False,False,False
2024-03-16 00:00:00,PRD-A,32.0,1308.0,0.024464831804281346,0.02912553943410883,0.04661195978611832,0.0640983801381278,True,True,False,False,True
2024-03-16 08:00:00,PRD-A,36.0,1304.0,0.027607361963190184,0.029098740306734087,0.04661195978611832,0.06412517926550254,True,True,True,False,True
2024-03-16 16:00:00,PRD-A,37.0,1226.0,0.030179445350734094,0.028550221254290294,0.04661195978611832,0.06467369831794634,False,True,True,False,True
2024-03-23 00:00:00,PRD-A,54.0,1282.0,0.0421216848673947,0.0289491100815175,0.04661195978611832,0.06427480949071913,False,True,True,False,True
2024-03-23 08:00:00,PRD-A,35.0,1307.0,0.026778882938026015,0.029118851187411022,0.04661195978611832,0.06410506838482562,True,True,True,True,True
2024-03-23 16:00:00,PRD-A,38.0,1273.0,0.029850746268656716,0.02888678263931889,0.04661195978611832,0.06433713693291775,False,True,True,True,True
2024-03-24 00:00:00,PRD-A,23.0,1305.0,0.017624521072796936,0.02910545163845376,0.04661195978611832,0.06411846793378287,True,True,True,True,True
2024-03-24 08:00:00,PRD-A,33.0,1262.0,0.026148969889064975,0.028809701054646444,0.04661195978611832,0.06441421851759019,True,True,True,True,True
2024-03-24 16:00:00,PRD-A,36.0,1248.0,0.028846153846153848,0.028710127116919948,0.04661195978611832,0.06451379245531669,False,True,True,True,True
2024-03-31 00:00:00,PRD-A,33.0,1267.0,0.026045777426992895,0.028844862571752207,0.04661195978611832,0.06437905700048444,True,True,True,True,True
2024-03-31 08:00:00,PRD-A,20.0,1301.0,0.015372790161414296,0.029078559905017766,0.04661195978611832,0.06414535966721888,True,True,True,True,True
2024-03-31 16:00:00,PRD-A,39.0,959.0,0.040667361835245046,0.026190090951106373,0.04661195978611832,0.06703382862113026,False,True,True,True,True
2024-04-01 00:00:00,PRD-A,17.0,1114.0,0.01526032315978456,0.027664011504243954,0.04661195978611832,0.06555990806799268,True,True,True,True,True
2024-04-01 08:00:00,PRD-A,29.0,1366.0,0.0212298682284041,0.029500800409938452,0.04661195978611832,0.06372311916229818,True,True,True,True,True
2024-04-01 16:00:00,PRD-A,34.0,1230.0,0.027642276422764227,0.028579613850709347,0.04661195978611832,0.0646443057215273,True,True,True,True,True
2024-04-08 00:00:00,PRD-A,39.0,1198.0,0.0325542570951586,0.028340368288412136,0.04661195978611832,0.0648835512838245,False,True,True,True,True
2024-04-08 08:00:00,PRD-A,50.0,1293.0,0.038669760247486466,0.02902440255633187,0.04661195978611832,0.06419951701590476,False,True,True,True,True
2024-04-08 16:00:00,PRD-A,78.0,1219.0,0.06398687448728466,0.028498436519833407,0.04661195978611832,0.06472548305240322,False,False,True,False,True
2024-04-09 00:00:00,PRD-A,58.0,1260.0,0.046031746031746035,0.028795577880087565,0.04661195978611832,0.06442834169214907,False,False,False,False,False
2024-04-09 08:00:00,PRD-A,48.0,1244.0,0.03858520900321544,0.028681369134254363,0.04661195978611832,0.06454255043798227,False,False,False,False,False
2024-04-09 16:00:00,PRD-A,84.0,1201.0,0.06994171523730225,0.02836320302947009,0.04661195978611832,0.06486071654276654,True,False,False,False,True
2024-04-16 00:00:00,PRD-A,51.0,1194.0,0.04271356783919598,0.028309788197563544,0.04661195978611832,0.06491413137467308,False,False,False,False,False
2024-04-16 08:00:00,PRD-A,46.0,1228.0,0.03745928338762215,0.028564935504009105,0.04661195978611832,0.06465898406822754,False,False,False,False,False
2024-04-16 16:00:00,PRD-A,66.0,1208.0,0.054635761589403975,0.028416152901616153,0.04661195978611832,0.06480776667062048,False,False,False,False,False
2024-04-17 00:00:00,PRD-A,60.0,1176.0,0.05102040816326531,0.02817025246795515,0.04661195978611832,0.06505366710428148,False,False,False,False,False
2024-04-17 08:00:00,PRD-A,61.0,1241.0,0.04915390813859791,0.028659709463802596,0.04661195978611832,0.06456421010843404,False,False,False,False,False
2024-04-17 16:00:00,PRD-A,83.0,1164.0,0.07130584192439862,0.028075435867036348,0.04661195978611832,0.0651484837052003,True,False,False,False,True
2024-04-24 00:00:00,PRD-A,26.0,1260.0,0.020634920634920634,0.028795577880087565,0.04661195978611832,0.06442834169214907,True,False,False,False,True
2024-04-24 08:00:00,PRD-A,27.0,1301.0,0.0207532667179093,0.029078559905017766,0.04661195978611832,0.06414535966721888,True,True,False,False,True
2024-04-24 16:00:00,PRD-A,35.0,1220.0,0.028688524590163935,0.028505861616790716,0.04661195978611832,0.06471805795544591,False,True,False,False,True
2024-04-25 00:00:00,PRD-A,27.0,1295.0,0.02084942084942085,0.029037988929336636,0.04661195978611832,0.0641859306429,True,True,True,False,True
2024-04-25 08:00:00,PRD-A,39.0,1238.0,0.03150242326332795,0.028637971110342574,0.04661195978611832,0.06458594846189405,False,True,True,False,True
2024-04-25 16:00:00,PRD-A,46.0,1249.0,0.03682946357085669,0.028717295018175947,0.04661195978611832,0.06450662455406068,False,True,True,False,True
2024-05-02 00:00:00,PRD-A,22.0,1261.0,0.017446471054718478,0.028802643667359712,0.04661195978611832,0.06442127590487692,True,True,True,False,True
2024-05-02 08:00:00,PRD-A,26.0,1269.0,0.02048857368006304,0.028858868957227873,0.04661195978611832,0.06436505061500876,True,True,True,True,True
2024-05-02 16:00:00,PRD-A,32.0,1241.0,0.0257856567284448,0.028659709463802596,0.04661195978611832,0.06456421010843404,True,True,True,True,True
2024-05-03 00:00:00,PRD-A,21.0,1280.0,0.01640625,0.0289353163662527,0.04661195978611832,0.06428860320598394,True,True,True,True,True
2024-05-03 08:00:00,PRD-A,28.0,1288.0,0.021739130434782608,0.02899029828302028,0.04661195978611832,0.06423362128921636,True,True,True,True,True
2024-05-03 16:00:00,PRD-A,41.0,1286.0,0.03188180404354588,0.02897660091484009,0.04661195978611832,0.06424731865739655,False,True,True,True,True
2024-05-10 00:00:00,PRD-A,34.0,1186.0,0.02866779089376054,0.028248164549842067,0.04661195978611832,0.06497575502239457,False,True,True,True,True
2024-05-10 08:00:00,PRD-A,43.0,1251.0,0.03437250199840128,0.02873160502827586,0.04661195978611832,0.06449231454396077,False,True,True,True,True
2024-05-10 16:00:00,PRD-A,51.0,1152.0,0.044270833333333336,0.027979141588317175,0.04661195978611832,0.06524477798391946,False,True,True,True,True
2024-05-11 00:00:00,PRD-A,36.0,1323.0,0.027210884353741496,0.02922495138434398,0.04661195978611832,0.06399896818789266,True,True,True,True,True
2024-05-11 08:00:00,PRD-A,23.0,1291.0,0.017815646785437646,0.029010784623800058,0.04661195978611832,0.06421313494843658,True,True,True,True,True
2024-05-11 16:00:00,PRD-A,40.0,1295.0,0.03088803088803089,0.029037988929336636,0.04661195978611832,0.0641859306429,False,True,True,True,True
2024-05-18 00:00:00,PRD-A,83.0,1204.0,0.06893687707641195,0.028385952371482608,0.04661195978611832,0.06483796720075402,True,True,False,False,True
2024-05-18 08:00:00,PRD-A,105.0,1225.0,0.08571428571428572,0.028542850620018257,0.04661195978611832,0.06468106895221838,True,True,False,False,True
2024-05-18 16:00:00,PRD-A,103.0,1004.0,0.10258964143426295,0.026652998780558566,0.04661195978611832,0.06657092079167806,True,True,False,False,True
2024-05-19 00:00:00,PRD-A,47.0,1304.0,0.036042944785276074,0.029098740306734087,0.04661195978611832,0.06412517926550254,False,True,False,False,True
2024-05-19 08:00:00,PRD-A,39.0,1299.0,0.03002309468822171,0.02906506748295097,0.04661195978611832,0.06415885208928566,False,False,False,False,False
2024-05-19 16:00:00,PRD-A,77.0,1312.0,0.0586890243902439,0.029152215910895826,0.04661195978611832,0.06407170366134081,False,False,False,False,False
2024-05-26 00:00:00,PRD-A,66.0,1183.0,0.055790363482671176,0.028224894683818915,0.04661195978611832,0.06499902488841772,False,False,False,False,False
2024-05-26 08:00:00,PRD-A,64.0,1148.0,0.05574912891986063,0.027946708459859085,0.04661195978611832,0.06527721111237755,False,False,False,False,False
2024-05-26 16:00:00,PRD-A,86.0,1109.0,0.0775473399458972,0.027621345500476478,0.04661195978611832,0.06560257407176015,True,False,True,False,True
2024-05-27 00:00:00,PRD-A,48.0,1341.0,0.035794183445190156,0.02934203694787058,0.04661195978611832,0.06388188262436606,False,False,True,False,True
2024-05-27 08:00:00,PRD-A,27.0,1257.0,0.021479713603818614,0.02877432995136084,0.04661195978611832,0.0644495896208758,True,False,False,False,True
2024-05-27 16:00:00,PRD-A,57.0,1235.0,0.046153846153846156,0.028616153596331857,0.04661195978611832,0.06460776597590479,False,False,False,False,False
2024-06-03 00:00:00,PRD-A,47.0,1287.0,0.03651903651903652,0.02898345359000508,0.04661195978611832,0.06424046598223156,False,False,False,False,False
2024-06-03 08:00:00,PRD-A,30.0,1323.0,0.022675736961451247,0.02922495138434398,0.04661195978611832,0.06399896818789266,True,False,True,False,True
2024-06-03 16:00:00,PRD-A,50.0,1305.0,0.038314176245210725,0.02910545163845376,0.04661195978611832,0.06411846793378287,False,False,True,False,True
2024-06-04 00:00:00,PRD-A,22.0,1271.0,0.01730920535011802,0.028872842269765883,0.04661195978611832,0.06435107730247075,True,True,True,False,True
2024-06-04 08:00:00,PRD-A,29.0,1313.0,0.022086824067022087,0.02915886597545822,0.04661195978611832,0.06406505359677842,True,True,True,True,True
2024-06-04 16:00:00,PRD-A,54.0,1290.0,0.04186046511627907,0.029003963784496437,0.04661195978611832,0.0642199557877402,False,True,True,True,True
2024-06-11 00:00:00,PRD-A,36.0,1235.0,0.029149797570850202,0.028616153596331857,0.04661195978611832,0.06460776597590479,False,True,True,True,True
2024-06-11 08:00:00,PRD-A,41.0,1277.0,0.03210649960845732,0.028914565065716817,0.04661195978611832,0.06430935450651981,False,True,True,True,True
2024-06-11 16:00:00,PRD-A,38.0,1183.0,0.032121724429416736,0.028224894683818915,0.04661195978611832,0.06499902488841772,False,True,True,True,True
2024-06-12 00:00:00,PRD-A,48.0,1281.0,0.03747072599531616,0.028942217261858208,0.04661195978611832,0.06428170231037843,False,True,True,True,True
2024-06-12 08:00:00,PRD-A,49.0,1254.0,0.03907496012759171,0.0287530058196167,0.04661195978611832,0.06447091375261993,False,False,True,True,True
2024-06-12 16:00:00,PRD-A,43.0,877.0,0.04903078677309008,0.025256693587014274,0.04661195978611832,0.06796722598522237,False,False,True,False,True
2024-06-19 00:00:00,PRD-A,20.0,1233.0,0.016220600162206,0.028601564371244333,0.04661195978611832,0.0646223552009923,True,False,True,False,True
2024-06-19 08:00:00,PRD-A,29.0,1303.0,0.022256331542594012,0.029092021250480986,0.04661195978611832,0.06413189832175564,True,True,True,False,True
2024-06-19 16:00:00,PRD-A,38.0,1249.0,0.03042433947157726,0.028717295018175947,0.04661195978611832,0.06450662455406068,False,True,True,False,True
2024-06-20 00:00:00,PRD-A,28.0,1312.0,0.021341463414634148,0.029152215910895826,0.04661195978611832,0.06407170366134081,True,True,True,False,True
2024-06-20 08:00:00,PRD-A,33.0,1308.0,0.02522935779816514,0.02912553943410883,0.04661195978611832,0.0640983801381278,True,True,True,False,True
2024-06-20 16:00:00,PRD-A,45.0,1284.0,0.035046728971962614,0.028962871555912602,0.04661195978611832,0.06426104801632404,False,True,True,False,True
2024-06-27 00:00:00,PRD-A,46.0,865.0,0.05317919075144509,0.02510907478223254,0.04661195978611832,0.0681148447900041,False,False,True,False,True
2024-06-27 08:00:00,PRD-A,42.0,1286.0,0.03265940902021773,0.02897660091484009,0.04661195978611832,0.06424731865739655,False,False,True,False,True
2024-06-27 16:00:00,PRD-A,43.0,1256.0,0.03423566878980892,0.028767230396916643,0.04661195978611832,0.06445668917531999,False,True,True,False,True
2024-06-28 00:00:00,PRD-A,27.0,1164.0,0.023195876288659795,0.028075435867036348,0.04661195978611832,0.0651484837052003,True,True,True,False,True
2024-06-28 08:00:00,PRD-A,35.0,1250.0,0.028,0.02872445431622922,0.04661195978611832,0.06449946525600742,True,True,True,False,True
2024-06-28 16:00:00,PRD-A,49.0,1271.0,0.03855232100708104,0.028872842269765883,0.04661195978611832,0.06435107730247075,False,True,True,False,True
2024-07-05 00:00:00,PRD-A,40.0,1182.0,0.0338409475465313,0.028217118381884333,0.04661195978611832,0.0650068011903523,False,True,True,False,True
2024-07-05 08:00:00,PRD-A,48.0,1232.0,0.03896103896103896,0.028594256440160525,0.04661195978611832,0.0646296631320761,False,False,True,False,True
2024-07-05 16:00:00,PRD-A,82.0,1184.0,0.06925675675675676,0.028232661131938275,0.04661195978611832,0.06499125844029836,True,False,True,False,True
2024-07-06 00:00:00,PRD-A,42.0,1232.0,0.03409090909090909,0.028594256440160525,0.04661195978611832,0.0646296631320761,False,False,True,False,True
2024-07-06 08:00:00,PRD-A,56.0,1184.0,0.0472972972972973,0.028232661131938275,0.04661195978611832,0.06499125844029836,False,False,False,False,False
2024-07-06 16:00:00,PRD-A,74.0,1213.0,0.06100577081615829,0.028453693290036226,0.04661195978611832,0.06477022628220042,False,False,False,False,False
2024-07-13 00:00:00,PRD-A,56.0,1217.0,0.04601479046836483,0.028483558880145532,0.04661195978611832,0.0647403606920911,False,False,False,False,False
2024-07-13 08:00:00,PRD-A,43.0,1236.0,0.03478964401294499,0.028623434926263666,0.04661195978611832,0.06460048464597297,False,False,False,False,False
2024-07-13 16:00:00,PRD-A,58.0,1283.0,0.04520654715510522,0.028955994840970098,0.04661195978611832,0.06426792473126654,False,False,False,False,False
2024-07-14 00:00:00,PRD-A,60.0,1201.0,0.04995836802664446,0.02836320302947009,0.04661195978611832,0.06486071654276654,False,False,False,False,False
2024-07-14 08:00:00,PRD-A,48.0,1229.0,0.03905614320585842,0.02857227915610649,0.04661195978611832,0.06465164041613014,False,False,False,False,False
2024-07-14 16:00:00,PRD-A,77.0,1212.0,0.06353135313531354,0.028446203800546355,0.04661195978611832,0.06477771577169028,False,False,False,False,False
2024-07-21 00:00:00,PRD-A,38.0,1205.0,0.03153526970954357,0.028393516599828583,0.04661195978611832,0.06483040297240805,False,False,False,False,False
2024-07-21 08:00:00,PRD-A,47.0,1234.0,0.03808752025931929,0.028608863417304935,0.04661195978611832,0.0646150561549317,False,False,False,False,False
2024-07-21 16:00:00,PRD-A,55.0,1222.0,0.045008183306055646,0.02852068445854619,0.04661195978611832,0.06470323511369044,False,False,False,False,False
2024-07-22 00:00:00,PRD-A,49.0,1229.0,0.03986981285598047,0.02857227915610649,0.04661195978611832,0.06465164041613014,False,False,False,False,False
2024-07-22 08:00:00,PRD-A,85.0,1239.0,0.06860371267150928,0.028645226000113714,0.04661195978611832,0.06457869357212292,True,False,False,False,True
2024-07-22 16:00:00,PRD-A,94.0,1204.0,0.07807308970099668,0.028385952371482608,0.04661195978611832,0.06483796720075402,True,True,False,False,True
2024-07-29 00:00:00,PRD-A,63.0,1211.0,0.05202312138728324,0.02843870503614624,0.04661195978611832,0.0647852145360904,False,True,False,False,True
2024-07-29 08:00:00,PRD-A,73.0,1270.0,0.05748031496062992,0.028865859739475253,0.04661195978611832,0.06435805983276138,False,False,False,False,False
2024-07-29 16:00:00,PRD-A,92.0,1185.0,0.07763713080168777,0.02824041774703544,0.04661195978611832,0.0649835018252012,True,False,True,False,True
2024-07-30 00:00:00,PRD-A,41.0,1260.0,0.03253968253968254,0.028795577880087565,0.04661195978611832,0.06442834169214907,False,False,False,False,False
2024-07-30 08:00:00,PRD-A,43.0,1235.0,0.034817813765182185,0.028616153596331857,0.04661195978611832,0.06460776597590479,False,False,False,False,False
2024-07-30 16:00:00,PRD-A,57.0,1213.0,0.04699093157460841,0.028453693290036226,0.04661195978611832,0.06477022628220042,False,False,False,False,False
2024-08-06 00:00:00,PRD-A,54.0,1161.0,0.046511627906976744,0.02805150232069731,0.04661195978611832,0.06517241725153933,False,False,False,False,False
2024-08-06 08:00:00,PRD-A,50.0,1215.0,0.0411522633744856,0.028468644520645535,0.04661195978611832,0.0647552750515911,False,False,False,False,False
2024-08-06 16:00:00,PRD-A,81.0,1053.0,0.07692307692307693,0.027122912897130674,0.04661195978611832,0.06610100667510596,True,False,False,False,True
2024-08-07 00:00:00,PRD-A,29.0,1323.0,0.021919879062736205,0.02922495138434398,0.04661195978611832,0.06399896818789266,True,False,False,False,True
2024-08-07 08:00:00,PRD-A,40.0,1311.0,0.03051106025934401,0.029145558239014123,0.04661195978611832,0.0640783613332225,False,True,False,False,True
2024-08-07 16:00:00,PRD-A,28.0,1258.0,0.022257551669316374,0.028781421038834357,0.04661195978611832,0.06444249853340228,True,True,False,False,True
2024-08-14 00:00:00,PRD-A,52.0,1196.0,0.043478260869565216,0.028325097419471798,0.04661195978611832,0.06489882215276484,False,True,False,False,True
2024-08-14 08:00:00,PRD-A,71.0,1239.0,0.057304277643260695,0.028645226000113714,0.04661195978611832,0.06457869357212292,False,False,False,False,False
2024-08-14 16:00:00,PRD-A,100.0,1178.0,0.08488964346349745,0.02818591421797196,0.04661195978611832,0.06503800535426468,True,False,False,False,True
2024-08-15 00:00:00,PRD-A,90.0,1195.0,0.07531380753138076,0.028317447612667156,0.04661195978611832,0.06490647195956947,True,True,False,False,True
2024-08-15 08:00:00,PRD-A,80.0,1215.0,0.06584362139917696,0.028468644520645535,0.04661195978611832,0.0647552750515911,True,True,True,False,True
2024-08-15 16:00:00,PRD-A,103.0,1094.0,0.09414990859232175,0.027491597139176042,0.04661195978611832,0.0657323224330606,True,True,True,False,True
2024-08-22 00:00:00,PRD-A,40.0,1265.0,0.03162055335968379,0.028830822982667422,0.04661195978611832,0.06439309658956921,False,True,True,False,True
2024-08-22 08:00:00,PRD-A,28.0,1201.0,0.02331390507910075,0.02836320302947009,0.04661195978611832,0.06486071654276654,True,True,False,False,True
2024-08-22 16:00:00,PRD-A,43.0,1244.0,0.03456591639871383,0.028681369134254363,0.04661195978611832,0.06454255043798227,False,True,False,False,True
2024-08-23 00:00:00,PRD-A,36.0,1270.0,0.028346456692913385,0.028865859739475253,0.04661195978611832,0.06435805983276138,True,True,True,False,True
2024-08-23 08:00:00,PRD-A,49.0,1298.0,0.03775038520801233,0.029058309580792793,0.04661195978611832,0.06416560999144384,False,True,True,False,True
2024-08-23 16:00:00,PRD-A,52.0,1211.0,0.042939719240297276,0.02843870503614624,0.04661195978611832,0.0647852145360904,False,False,True,False,True
2024-08-30 00:00:00,PRD-A,29.0,1183.0,0.024513947590870666,0.028224894683818915,0.04661195978611832,0.06499902488841772,True,False,True,False,True
2024-08-30 08:00:00,PRD-A,43.0,1249.0,0.0344275420336269,0.028717295018175947,0.04661195978611832,0.06450662455406068,False,True,True,True,True
2024-08-30 16:00:00,PRD-A,63.0,1263.0,0.0498812351543943,0.028816750058578096,0.04661195978611832,0.06440716951365855,False,True,False,False,True
2024-08-31 00:00:00,PRD-A,39.0,1072.0,0.036380597014925374,0.02729639580130449,0.04661195978611832,0.06592752377093214,False,False,False,False,False
2024-08-31 08:00:00,PRD-A,43.0,1334.0,0.03223388305847077,0.02929678534124693,0.04661195978611832,0.06392713423098971,False,False,True,False,True
2024-08-31 16:00:00,PRD-A,32.0,1311.0,0.02440884820747521,0.029145558239014123,0.04661195978611832,0.0640783613332225,True,True,True,False,True
2024-09-07 00:00:00,PRD-A,46.0,1237.0,0.037186742118027485,0.028630707424988164,0.04661195978611832,0.06459321214724847,False,True,True,False,True
2024-09-07 08:00:00,PRD-A,38.0,1290.0,0.02945736434108527,0.029003963784496437,0.04661195978611832,0.0642199557877402,False,True,True,False,True
2024-09-07 16:00:00,PRD-A,70.0,1234.0,0.05672609400324149,0.028608863417304935,0.04661195978611832,0.0646150561549317,False,False,True,False,True
2024-09-08 00:00:00,PRD-A,39.0,1250.0,0.0312,0.02872445431622922,0.04661195978611832,0.06449946525600742,False,True,True,False,True
2024-09-08 08:00:00,PRD-A,27.0,980.0,0.027551020408163266,0.026410081591986184,0.04661195978611832,0.06681383798025045,False,True,True,False,True
2024-09-08 16:00:00,PRD-A,36.0,1252.0,0.02875399361022364,0.02873874717146388,0.04661195978611832,0.06448517240077276,False,True,True,False,True
2024-09-15 00:00:00,PRD-A,22.0,1259.0,0.017474185861795076,0.02878850367615343,0.04661195978611832,0.0644354158960832,True,True,True,False,True
2024-09-15 08:00:00,PRD-A,24.0,1318.0,0.018209408194233688,0.029192002693806576,0.04661195978611832,0.06403191687843006,True,True,True,False,True
2024-09-15 16:00:00,PRD-A,41.0,1270.0,0.03228346456692913,0.028865859739475253,0.04661195978611832,0.06435805983276138,False,True,True,False,True
2024-09-16 00:00:00,PRD-A,41.0,1254.0,0.03269537480063796,0.0287530058196167,0.04661195978611832,0.06447091375261993,False,True,True,False,True
2024-09-16 08:00:00,PRD-A,45.0,1289.0,0.03491078355314197,0.028997135009369977,0.04661195978611832,0.06422678456286665,False,True,True,True,True
2024-09-16 16:00:00,PRD-A,57.0,1188.0,0.047979797979797977,0.028263628801204827,0.04661195978611832,0.06496029077103181,False,False,True,False,True
2024-09-23 00:00:00,PRD-A,57.0,1293.0,0.04408352668213457,0.02902440255633187,0.04661195978611832,0.06419951701590476,False,False,False,False,False
2024-09-23 08:00:00,PRD-A,23.0,1221.0,0.018837018837018837,0.0285132775901386,0.04661195978611832,0.06471064198209803,True,False,False,False,True
2024-09-23 16:00:00,PRD-A,52.0,1280.0,0.040625,0.0289353163662527,0.04661195978611832,0.06428860320598394,False,False,False,False,False
2024-09-24 00:00:00,PRD-A,31.0,1270.0,0.024409448818897637,0.028865859739475253,0.04661195978611832,0.06435805983276138,True,True,False,False,True
2024-09-24 08:00:00,PRD-A,62.0,1335.0,0.04644194756554307,0.029303271640198955,0.04661195978611832,0.06392064793203768,False,False,False,False,False
2024-09-24 16:00:00,PRD-A,41.0,1233.0,0.0332522303325223,0.028601564371244333,0.04661195978611832,0.0646223552009923,False,True,True,False,True
2024-10-01 00:00:00,PRD-A,26.0,1065.0,0.024413145539906103,0.027233021387815838,0.04661195978611832,0.0659908981844208,True,True,True,False,True
2024-10-01 08:00:00,PRD-A,40.0,1316.0,0.030395136778115502,0.029178770669800437,0.04661195978611832,0.0640451489024362,False,True,True,True,True
2024-10-01 16:00:00,PRD-A,60.0,1302.0,0.04608294930875576,0.02908529445486524,0.04661195978611832,0.0641386251173714,False,True,False,True,True
2024-10-02 00:00:00,PRD-A,49.0,1304.0,0.037576687116564415,0.029098740306734087,0.04661195978611832,0.06412517926550254,False,False,True,True,True
2024-10-02 08:00:00,PRD-A,46.0,1275.0,0.03607843137254902,0.028900690195125808,0.04661195978611832,0.06432322937711082,False,False,True,True,True
2024-10-02 16:00:00,PRD-A,66.0,1274.0,0.05180533751962323,0.028893740510890924,0.04661195978611832,0.06433017906134571,False,False,False,False,False
2024-10-09 00:00:00,PRD-A,47.0,921.0,0.051031487513572206,0.025773051131423388,0.04661195978611832,0.06745086844081324,False,False,False,False,False
2024-10-09 08:00:00,PRD-A,50.0,1314.0,0.0380517503805175,0.02916550844717765,0.04661195978611832,0.06405841112505899,False,False,False,False,False
2024-10-09 16:00:00,PRD-A,35.0,1268.0,0.027602523659305992,0.028851869906757307,0.04661195978611832,0.06437204966547933,True,False,False,False,True
2024-10-10 00:00:00,PRD-A,49.0,1335.0,0.03670411985018727,0.029303271640198955,0.04661195978611832,0.06392064793203768,False,False,False,False,False
2024-10-10 08:00:00,PRD-A,31.0,1187.0,0.02611625947767481,0.02825590156102866,0.04661195978611832,0.06496801801120797,True,True,True,False,True
2024-10-10 16:00:00,PRD-A,38.0,1290.0,0.02945736434108527,0.029003963784496437,0.04661195978611832,0.0642199557877402,False,True,True,False,True
2024-10-17 00:00:00,PRD-A,36.0,1238.0,0.029079159935379646,0.028637971110342574,0.04661195978611832,0.06458594846189405,False,True,True,False,True
2024-10-17 08:00:00,PRD-A,24.0,1286.0,0.01866251944012442,0.02897660091484009,0.04661195978611832,0.06424731865739655,True,True,True,False,True
2024-10-17 16:00:00,PRD-A,54.0,1270.0,0.04251968503937008,0.028865859739475253,0.04661195978611832,0.06435805983276138,False,True,True,True,True
2024-10-18 00:00:00,PRD-A,35.0,1321.0,0.026495079485238455,0.02921179435756391,0.04661195978611832,0.06401212521467273,True,True,True,True,True
2024-10-18 08:00:00,PRD-A,37.0,1260.0,0.029365079365079365,0.028795577880087565,0.04661195978611832,0.06442834169214907,False,True,True,True,True
2024-10-18 16:00:00,PRD-A,49.0,1226.0,0.0399673735725938,0.028550221254290294,0.04661195978611832,0.06467369831794634,False,True,True,True,True
2024-10-25 00:00:00,PRD-A,35.0,1258.0,0.02782193958664547,0.028781421038834357,0.04661195978611832,0.06444249853340228,True,True,True,True,True
2024-10-25 08:00:00,PRD-A,41.0,1280.0,0.03203125,0.0289353163662527,0.04661195978611832,0.06428860320598394,False,True,True,True,True
2024-10-25 16:00:00,PRD-A,50.0,1081.0,0.04625346901017576,0.02737697092701222,0.04661195978611832,0.06584694864522442,False,True,True,True,True
2024-10-26 00:00:00,PRD-A,52.0,1382.0,0.03762662807525326,0.02960014034594438,0.04661195978611832,0.06362377922629225,False,False,True,True,True
2024-10-26 08:00:00,PRD-A,23.0,1288.0,0.017857142857142856,0.02899029828302028,0.04661195978611832,0.06423362128921636,True,False,True,True,True
2024-10-26 16:00:00,PRD-A,33.0,1287.0,0.02564102564102564,0.02898345359000508,0.04661195978611832,0.06424046598223156,True,True,True,True,True
2024-11-02 00:00:00,PRD-A,38.0,1250.0,0.0304,0.02872445431622922,0.04661195978611832,0.06449946525600742,False,True,True,True,True
2024-11-02 08:00:00,PRD-A,32.0,1268.0,0.025236593059936908,0.028851869906757307,0.04661195978611832,0.06437204966547933,True,True,True,True,True
2024-11-02 16:00:00,PRD-A,67.0,1295.0,0.051737451737451735,0.029037988929336636,0.04661195978611832,0.0641859306429,False,True,True,False,True
2024-11-03 00:00:00,PRD-A,39.0,1256.0,0.03105095541401274,0.028767230396916643,0.04661195978611832,0.06445668917531999,False,True,True,False,True
2024-11-03 08:00:00,PRD-A,38.0,1295.0,0.029343629343629343,0.029037988929336636,0.04661195978611832,0.0641859306429,False,True,True,False,True
2024-11-03 16:00:00,PRD-A,59.0,1236.0,0.04773462783171521,0.028623434926263666,0.04661195978611832,0.06460048464597297,False,True,False,False,True
2024-11-10 00:00:00,PRD-A,21.0,1241.0,0.016921837228041903,0.028659709463802596,0.04661195978611832,0.06456421010843404,True,True,False,False,True
2024-11-10 08:00:00,PRD-A,32.0,1043.0,0.030680728667305847,0.02702970793271334,0.04661195978611832,0.0661942116395233,False,True,True,False,True
2024-11-10 16:00:00,PRD-A,26.0,1279.0,0.020328381548084442,0.028928407378918386,0.04661195978611832,0.06429551219331825,True,True,True,False,True
2024-11-11 00:00:00,PRD-A,21.0,1311.0,0.016018306636155607,0.029145558239014123,0.04661195978611832,0.0640783613332225,True,True,True,False,True
2024-11-11 08:00:00,PRD-A,37.0,1332.0,0.027777777777777776,0.029283790837020325,0.04661195978611832,0.06394012873521632,True,True,True,False,True
2024-11-11 16:00:00,PRD-A,26.0,1277.0,0.020360219263899765,0.028914565065716817,0.04661195978611832,0.06430935450651981,True,True,True,False,True
2024-11-18 00:00:00,PRD-A,47.0,860.0,0.05465116279069768,0.02504665698764831,0.04661195978611832,0.06817726258458832,False,True,True,False,True
2024-11-18 08:00:00,PRD-A,27.0,1281.0,0.02107728337236534,0.028942217261858208,0.04661195978611832,0.06428170231037843,True,True,True,False,True
2024-11-18 16:00:00,PRD-A,41.0,1318.0,0.03110773899848255,0.029192002693806576,0.04661195978611832,0.06403191687843006,False,True,True,False,True
2024-11-19 00:00:00,PRD-A,21.0,1299.0,0.016166281755196306,0.02906506748295097,0.04661195978611832,0.06415885208928566,True,True,True,False,True
2024-11-19 08:00:00,PRD-A,26.0,1258.0,0.02066772655007949,0.028781421038834357,0.04661195978611832,0.06444249853340228,True,True,True,False,True
2024-11-19 16:00:00,PRD-A,43.0,1272.0,0.03380503144654088,0.02887981656432141,0.04661195978611832,0.06434410300791522,False,True,True,False,True
2024-11-26 00:00:00,PRD-A,45.0,939.0,0.04792332268370607,0.02597375155741001,0.04661195978611832,0.06725016801482663,False,True,True,False,True
2024-11-26 08:00:00,PRD-A,36.0,1308.0,0.027522935779816515,0.02912553943410883,0.04661195978611832,0.0640983801381278,True,True,True,False,True
2024-11-26 16:00:00,PRD-A,40.0,1255.0,0.03187250996015936,0.028760122358638653,0.04661195978611832,0.06446379721359799,False,True,True,False,True
2024-11-27 00:00:00,PRD-A,33.0,1274.0,0.025902668759811617,0.028893740510890924,0.04661195978611832,0.06433017906134571,True,True,True,False,True
2024-11-27 08:00:00,PRD-A,36.0,1260.0,0.02857142857142857,0.028795577880087565,0.04661195978611832,0.06442834169214907,True,True,True,False,True
2024-11-27 16:00:00,PRD-A,39.0,1245.0,0.03132530120481928,0.028688571621249864,0.04661195978611832,0.06453534795098677,False,True,True,False,True
2024-12-04 00:00:00,PRD-A,37.0,1218.0,0.030377668308702793,0.02849100228054388,0.04661195978611832,0.06473291729169275,False,True,True,False,True
2024-12-04 08:00:00,PRD-A,33.0,1276.0,0.02586206896551724,0.028907631708067708,0.04661195978611832,0.06431628786416893,True,True,True,False,True
2024-12-04 16:00:00,PRD-A,39.0,1274.0,0.030612244897959183,0.028893740510890924,0.04661195978611832,0.06433017906134571,False,True,True,True,True
2024-12-05 00:00:00,PRD-A,39.0,1292.0,0.03018575851393189,0.02901759754263951,0.04661195978611832,0.06420632202959713,False,True,True,True,True
2024-12-05 08:00:00,PRD-A,44.0,1245.0,0.035341365461847386,0.028688571621249864,0.04661195978611832,0.06453534795098677,False,True,True,True,True
2024-12-05 16:00:00,PRD-A,60.0,1256.0,0.04777070063694268,0.028767230396916643,0.04661195978611832,0.06445668917531999,False,False,True,False,True
2024-12-12 00:00:00,PRD-A,74.0,1230.0,0.06016260162601626,0.028579613850709347,0.04661195978611832,0.0646443057215273,False,False,False,False,False
2024-12-12 08:00:00,PRD-A,62.0,1265.0,0.04901185770750988,0.028830822982667422,0.04661195978611832,0.06439309658956921,False,False,False,False,False
2024-12-12 16:00:00,PRD-A,118.0,1255.0,0.09402390438247012,0.028760122358638653,0.04661195978611832,0.06446379721359799,True,True,False,False,True
2024-12-13 00:00:00,PRD-A,86.0,1220.0,0.07049180327868852,0.028505861616790716,0.04661195978611832,0.06471805795544591,True,True,False,False,True
2024-12-13 08:00:00,PRD-A,81.0,1244.0,0.06511254019292605,0.028681369134254363,0.04661195978611832,0.06454255043798227,True,True,True,False,True
2024-12-13 16:00:00,PRD-A,143.0,1257.0,0.11376292760540971,0.02877432995136084,0.04661195978611832,0.0644495896208758,True,True,True,False,True
2024-12-20 00:00:00,PRD-A,61.0,1237.0,0.04931285367825384,0.028630707424988164,0.04661195978611832,0.06459321214724847,False,True,True,True,True
2024-12-20 08:00:00,PRD-A,52.0,1248.0,0.041666666666666664,0.028710127116919948,0.04661195978611832,0.06451379245531669,False,False,False,False,False
2024-12-20 16:00:00,PRD-A,60.0,1168.0,0.05136986301369863,0.028107203712009213,0.04661195978611832,0.06511671586022742,False,False,False,False,False
2024-12-21 00:00:00,PRD-A,56.0,1187.0,0.04717775905644482,0.02825590156102866,0.04661195978611832,0.06496801801120797,False,False,False,False,False
2024-12-21 08:00:00,PRD-A,68.0,1248.0,0.05448717948717949,0.028710127116919948,0.04661195978611832,0.06451379245531669,False,False,False,False,False
2024-12-21 16:00:00,PRD-A,81.0,1192.0,0.06795302013422819,0.02829444046187821,0.04661195978611832,0.06492947911035843,True,False,False,False,True
2024-12-28 00:00:00,PRD-A,23.0,1235.0,0.01862348178137652,0.028616153596331857,0.04661195978611832,0.06460776597590479,True,False,False,False,True
2024-12-28 08:00:00,PRD-A,34.0,1272.0,0.026729559748427674,0.02887981656432141,0.04661195978611832,0.06434410300791522,True,True,False,False,True
2024-12-28 16:00:00,PRD-A,46.0,1242.0,0.037037037037037035,0.028666938073043637,0.04661195978611832,0.064556981499193,False,True,False,False,True
2024-12-29 00:00:00,PRD-A,40.0,1273.0,0.031421838177533384,0.02888678263931889,0.04661195978611832,0.06433713693291775,False,True,True,False,True
2024-12-29 08:00:00,PRD-A,26.0,1293.0,0.020108275328692964,0.02902440255633187,0.04661195978611832,0.06419951701590476,True,True,True,False,True
2024-12-29 16:00:00,PRD-A,36.0,1248.0,0.028846153846153848,0.028710127116919948,0.04661195978611832,0.06451379245531669,False,True,True,False,True
2025-01-05 00:00:00,PRD-A,28.0,1253.0,0.0223463687150838,0.028745880762893368,0.04661195978611832,0.06447803880934327,True,True,True,False,True
2025-01-05 08:00:00,PRD-A,31.0,1241.0,0.0249798549556809,0.028659709463802596,0.04661195978611832,0.06456421010843404,True,True,True,True,True
2025-01-05 16:00:00,PRD-A,55.0,1249.0,0.044035228182546036,0.028717295018175947,0.04661195978611832,0.06450662455406068,False,True,True,True,True
2025-01-06 00:00:00,PRD-A,42.0,1288.0,0.03260869565217391,0.02899029828302028,0.04661195978611832,0.06423362128921636,False,True,True,True,True
2025-01-06 08:00:00,PRD-A,37.0,1275.0,0.029019607843137254,0.028900690195125808,0.04661195978611832,0.06432322937711082,False,True,True,True,True
2025-01-06 16:00:00,PRD-A,61.0,1261.0,0.04837430610626487,0.028802643667359712,0.04661195978611832,0.06442127590487692,False,True,False,False,True
2025-01-13 00:00:00,PRD-A,34.0,1200.0,0.028333333333333332,0.02835560096425526,0.04661195978611832,0.06486831860798137,True,True,False,False,True
2025-01-13 08:00:00,PRD-A,42.0,1272.0,0.0330188679245283,0.02887981656432141,0.04661195978611832,0.06434410300791522,False,True,True,False,True
2025-01-13 16:00:00,PRD-A,45.0,1244.0,0.03617363344051447,0.028681369134254363,0.04661195978611832,0.06454255043798227,False,True,True,False,True
2025-01-14 00:00:00,PRD-A,36.0,1235.0,0.029149797570850202,0.028616153596331857,0.04661195978611832,0.06460776597590479,False,True,True,False,True
2025-01-14 08:00:00,PRD-A,49.0,1241.0,0.0394842868654311,0.028659709463802596,0.04661195978611832,0.06456421010843404,False,False,True,False,True
2025-01-14 16:00:00,PRD-A,56.0,1259.0,0.04447974583002383,0.02878850367615343,0.04661195978611832,0.0644354158960832,False,False,True,False,True
2025-01-21 00:00:00,PRD-A,20.0,1212.0,0.0165016501650165,0.028446203800546355,0.04661195978611832,0.06477771577169028,True,False,True,False,True
2025-01-21 08:00:00,PRD-A,37.0,1217.0,0.030402629416598194,0.028483558880145532,0.04661195978611832,0.0647403606920911,False,True,True,True,True
2025-01-21 16:00:00,PRD-A,56.0,1281.0,0.04371584699453552,0.028942217261858208,0.04661195978611832,0.06428170231037843,False,True,False,True,True
2025-01-22 00:00:00,PRD-A,38.0,1243.0,0.030571198712791632,0.028674157957348373,0.04661195978611832,0.06454976161488826,False,True,False,True,True
2025-01-22 08:00:00,PRD-A,48.0,1297.0,0.03700848111025443,0.029051543864524867,0.04661195978611832,0.06417237570771177,False,False,True,True,True
2025-01-22 16:00:00,PRD-A,52.0,1217.0,0.04272801972062449,0.028483558880145532,0.04661195978611832,0.0647403606920911,False,False,False,True,True
2025-01-29 00:00:00,PRD-A,26.0,1257.0,0.020684168655529037,0.02877432995136084,0.04661195978611832,0.0644495896208758,True,False,False,True,True
2025-01-29 08:00:00,PRD-A,33.0,1220.0,0.027049180327868853,0.028505861616790716,0.04661195978611832,0.06471805795544591,True,True,True,True,True
2025-01-29 16:00:00,PRD-A,57.0,1229.0,0.046379170056956874,0.02857227915610649,0.04661195978611832,0.06465164041613014,False,True,False,True,True
2025-01-30 00:00:00,PRD-A,37.0,1278.0,0.028951486697965573,0.02892149028402948,0.04661195978611832,0.06430242928820715,False,True,False,True,True
2025-01-30 08:00:00,PRD-A,29.0,1254.0,0.023125996810207338,0.0287530058196167,0.04661195978611832,0.06447091375261993,True,True,True,True,True
2025-01-30 16:00:00,PRD-A,50.0,1191.0,0.041981528127623846,0.028286752100857928,0.04661195978611832,0.0649371674713787,False,True,False,True,True
2025-02-06 00:00:00,PRD-A,39.0,901.0,0.04328523862375139,0.025543034134791084,0.04661195978611832,0.06768088543744555,False,False,False,True,True
2025-02-06 08:00:00,PRD-A,55.0,1355.0,0.04059040590405904,0.029431485910315254,0.04661195978611832,0.06379243366192139,False,False,False,True,True
2025-02-06 16:00:00,PRD-A,38.0,1254.0,0.030303030303030304,0.0287530058196167,0.04661195978611832,0.06447091375261993,False,False,False,True,True
2025-02-07 00:00:00,PRD-A,21.0,1290.0,0.01627906976744186,0.029003963784496437,0.04661195978611832,0.0642199557877402,True,True,False,True,True
2025-02-07 08:00:00,PRD-A,32.0,1225.0,0.026122448979591838,0.028542850620018257,0.04661195978611832,0.06468106895221838,True,True,True,True,True
2025-02-07 16:00:00,PRD-A,43.0,1328.0,0.03237951807228916,0.02925771381858166,0.04661195978611832,0.06396620575365497,False,True,True,True,True
2025-02-14 00:00:00,PRD-A,36.0,1204.0,0.029900332225913623,0.028385952371482608,0.04661195978611832,0.06483796720075402,False,True,True,True,True
2025-02-14 08:00:00,PRD-A,45.0,1222.0,0.036824877250409165,0.02852068445854619,0.04661195978611832,0.06470323511369044,False,True,True,True,True
2025-02-14 16:00:00,PRD-A,74.0,1200.0,0.06166666666666667,0.02835560096425526,0.04661195978611832,0.06486831860798137,False,False,True,False,True
2025-02-15 00:00:00,PRD-A,56.0,1246.0,0.0449438202247191,0.028695765435773988,0.04661195978611832,0.06452815413646265,False,False,False,False,False
2025-02-15 08:00:00,PRD-A,40.0,1159.0,0.03451251078515962,0.028035495023659564,0.04661195978611832,0.06518842454857707,False,False,False,False,False
2025-02-15 16:00:00,PRD-A,65.0,1184.0,0.05489864864864865,0.028232661131938275,0.04661195978611832,0.06499125844029836,False,False,False,False,False
2025-02-22 00:00:00,PRD-A,88.0,1213.0,0.07254740313272877,0.028453693290036226,0.04661195978611832,0.06477022628220042,True,False,False,False,True
2025-02-22 08:00:00,PRD-A,84.0,1247.0,0.0673616680032077,0.028702950595216888,0.04661195978611832,0.06452096897701975,True,True,False,False,True
2025-02-22 16:00:00,PRD-A,108.0,1175.0,0.09191489361702128,0.028162406601904322,0.04661195978611832,0.06506151297033232,True,True,True,False,True
2025-02-23 00:00:00,PRD-A,101.0,1233.0,0.08191403081914031,0.028601564371244333,0.04661195978611832,0.0646223552009923,True,True,True,False,True
2025-02-23 08:00:00,PRD-A,103.0,1181.0,0.08721422523285352,0.028209332205279894,0.04661195978611832,0.06501458736695674,True,True,True,False,True
2025-02-23 16:00:00,PRD-A,141.0,1183.0,0.11918850380388842,0.028224894683818915,0.04661195978611832,0.06499902488841772,True,True,True,False,True
2025-03-02 00:00:00,PRD-A,33.0,1244.0,0.02652733118971061,0.028681369134254363,0.04661195978611832,0.06454255043798227,True,True,True,False,True
2025-03-02 08:00:00,PRD-A,35.0,1268.0,0.027602523659305992,0.028851869906757307,0.04661195978611832,0.06437204966547933,True,True,False,False,True
2025-03-02 16:00:00,PRD-A,44.0,1259.0,0.03494837172359015,0.02878850367615343,0.04661195978611832,0.0644354158960832,False,True,False,False,True
2025-03-03 00:00:00,PRD-A,30.0,1270.0,0.023622047244094488,0.028865859739475253,0.04661195978611832,0.06435805983276138,True,True,True,False,True
2025-03-03 08:00:00,PRD-A,30.0,1319.0,0.022744503411675512,0.02919860741711216,0.04661195978611832,0.06402531215512447,True,True,True,False,True
2025-03-03 16:00:00,PRD-A,42.0,1201.0,0.034970857618651124,0.02836320302947009,0.04661195978611832,0.06486071654276654,False,True,True,False,True
2025-03-10 00:00:00,PRD-A,32.0,1203.0,0.02660016625103907,0.028378378713389416,0.04661195978611832,0.06484554085884722,True,True,True,False,True
2025-03-10 08:00:00,PRD-A,30.0,1228.0,0.024429967426710098,0.028564935504009105,0.04661195978611832,0.06465898406822754,True,True,True,True,True
2025-03-10 16:00:00,PRD-A,56.0,1264.0,0.04430379746835443,0.02882379069573896,0.04661195978611832,0.06440012887649768,False,True,True,True,True
2025-03-11 00:00:00,PRD-A,40.0,1278.0,0.03129890453834116,0.02892149028402948,0.04661195978611832,0.06430242928820715,False,True,True,True,True
2025-03-11 08:00:00,PRD-A,45.0,1270.0,0.03543307086614173,0.028865859739475253,0.04661195978611832,0.06435805983276138,False,False,True,True,True
2025-03-11 16:00:00,PRD-A,44.0,1212.0,0.036303630363036306,0.028446203800546355,0.04661195978611832,0.06477771577169028,False,False,True,True,True
2025-03-18 00:00:00,PRD-A,29.0,1233.0,0.023519870235198703,0.028601564371244333,0.04661195978611832,0.0646223552009923,True,False,True,True,True
2025-03-18 08:00:00,PRD-A,36.0,1182.0,0.030456852791878174,0.028217118381884333,0.04661195978611832,0.0650068011903523,False,True,True,True,True
2025-03-18 16:00:00,PRD-A,44.0,1270.0,0.03464566929133858,0.028865859739475253,0.04661195978611832,0.06435805983276138,False,True,True,True,True
2025-03-19 00:00:00,PRD-A,40.0,1284.0,0.03115264797507788,0.028962871555912602,0.04661195978611832,0.06426104801632404,False,True,True,True,True
2025-03-19 08:00:00,PRD-A,38.0,1276.0,0.029780564263322883,0.028907631708067708,0.04661195978611832,0.06431628786416893,False,True,True,True,True
2025-03-19 16:00:00,PRD-A,64.0,1208.0,0.052980132450331126,0.028416152901616153,0.04661195978611832,0.06480776667062048,False,True,True,False,True
2025-03-26 00:00:00,PRD-A,53.0,1231.0,0.04305442729488221,0.028586939606012857,0.04661195978611832,0.06463697996622378,False,False,False,False,False
2025-03-26 08:00:00,PRD-A,43.0,1285.0,0.03346303501945525,0.028969740241998852,0.04661195978611832,0.06425417933023778,False,False,False,False,False
2025-03-26 16:00:00,PRD-A,65.0,1202.0,0.054076539101497505,0.028370795605940472,0.04661195978611832,0.06485312396629617,False,False,False,False,False
2025-03-27 00:00:00,PRD-A,46.0,1240.0,0.037096774193548385,0.028652472112038196,0.04661195978611832,0.06457144746019844,False,False,False,False,False
2025-03-27 08:00:00,PRD-A,57.0,1262.0,0.045166402535657686,0.028809701054646444,0.04661195978611832,0.06441421851759019,False,False,False,False,False
2025-03-27 16:00:00,PRD-A,62.0,894.0,0.06935123042505593,0.02546071036064592,0.04661195978611832,0.06776320921159071,True,False,False,False,True
2025-04-03 00:00:00,PRD-A,36.0,1228.0,0.029315960912052116,0.028564935504009105,0.04661195978611832,0.06465898406822754,False,False,False,False,False
2025-04-03 08:00:00,PRD-A,27.0,1275.0,0.021176470588235293,0.028900690195125808,0.04661195978611832,0.06432322937711082,True,True,False,False,True
2025-04-03 16:00:00,PRD-A,71.0,1243.0,0.05711987127916331,0.028674157957348373,0.04661195978611832,0.06454976161488826,False,True,False,False,True
2025-04-04 00:00:00,PRD-A,41.0,906.0,0.04525386313465784,0.025601251780338778,0.04661195978611832,0.06762266779189785,False,False,False,False,False
2025-04-04 08:00:00,PRD-A,31.0,1279.0,0.024237685691946835,0.028928407378918386,0.04661195978611832,0.06429551219331825,True,False,False,False,True
2025-04-04 16:00:00,PRD-A,45.0,1277.0,0.03523884103367267,0.028914565065716817,0.04661195978611832,0.06430935450651981,False,False,False,False,False
2025-04-11 00:00:00,PRD-A,23.0,1149.0,0.020017406440382943,0.02795483261751326,0.04661195978611832,0.06526908695472337,True,True,False,False,True
2025-04-11 08:00:00,PRD-A,28.0,1316.0,0.02127659574468085,0.029178770669800437,0.04661195978611832,0.0640451489024362,True,True,True,False,True
2025-04-11 16:00:00,PRD-A,35.0,1259.0,0.02779984114376489,0.02878850367615343,0.04661195978611832,0.0644354158960832,True,True,True,False,True
2025-04-12 00:00:00,PRD-A,55.0,1342.0,0.040983606557377046,0.02934847254445635,0.04661195978611832,0.06387544702778028,False,True,True,False,True
2025-04-12 08:00:00,PRD-A,28.0,1302.0,0.021505376344086023,0.02908529445486524,0.04661195978611832,0.0641386251173714,True,True,True,True,True
2025-04-12 16:00:00,PRD-A,45.0,1252.0,0.035942492012779555,0.02873874717146388,0.04661195978611832,0.06448517240077276,False,False,True,True,True
2025-04-19 00:00:00,PRD-A,29.0,1259.0,0.023034154090548053,0.02878850367615343,0.04661195978611832,0.0644354158960832,True,True,True,True,True
2025-04-19 08:00:00,PRD-A,49.0,1336.0,0.036676646706586824,0.029309750655266274,0.04661195978611832,0.06391416891697035,False,False,True,True,True
2025-04-19 16:00:00,PRD-A,42.0,1229.0,0.03417412530512612,0.02857227915610649,0.04661195978611832,0.06465164041613014,False,True,True,True,True
2025-04-20 00:00:00,PRD-A,30.0,1303.0,0.023023791250959325,0.029092021250480986,0.04661195978611832,0.06413189832175564,True,True,True,True,True
2025-04-20 08:00:00,PRD-A,70.0,1334.0,0.05247376311844078,0.02929678534124693,0.04661195978611832,0.06392713423098971,False,True,True,False,True
2025-04-20 16:00:00,PRD-A,32.0,1284.0,0.024922118380062305,0.028962871555912602,0.04661195978611832,0.06426104801632404,True,True,True,False,True
2025-04-27 00:00:00,PRD-A,36.0,1260.0,0.02857142857142857,0.028795577880087565,0.04661195978611832,0.06442834169214907,True,True,True,False,True
2025-04-27 08:00:00,PRD-A,47.0,1302.0,0.03609831029185868,0.02908529445486524,0.04661195978611832,0.0641386251173714,False,True,True,False,True
2025-04-27 16:00:00,PRD-A,60.0,1222.0,0.049099836333878884,0.02852068445854619,0.04661195978611832,0.06470323511369044,False,False,False,False,False
2025-04-28 00:00:00,PRD-A,47.0,1274.0,0.036891679748822605,0.028893740510890924,0.04661195978611832,0.06433017906134571,False,False,True,False,True
2025-04-28 08:00:00,PRD-A,44.0,1224.0,0.03594771241830065,0.028535470954950078,0.04661195978611832,0.06468844861728656,False,False,True,False,True
2025-04-28 16:00:00,PRD-A,60.0,1251.0,0.047961630695443645,0.02873160502827586,0.04661195978611832,0.06449231454396077,False,False,False,False,False
2025-05-05 00:00:00,PRD-A,105.0,1211.0,0.08670520231213873,0.02843870503614624,0.04661195978611832,0.0647852145360904,True,False,False,False,True
2025-05-05 08:00:00,PRD-A,104.0,1247.0,0.08340016038492382,0.028702950595216888,0.04661195978611832,0.06452096897701975,True,True,False,False,True
2025-05-05 16:00:00,PRD-A,122.0,1200.0,0.10166666666666667,0.02835560096425526,0.04661195978611832,0.06486831860798137,True,True,False,False,True
2025-05-06 00:00:00,PRD-A,113.0,1209.0,0.0934656741108354,0.028423679605923506,0.04661195978611832,0.06480023996631312,True,True,True,False,True
2025-05-06 08:00:00,PRD-A,96.0,1131.0,0.08488063660477453,0.02780695347056565,0.04661195978611832,0.06541696610167098,True,True,True,False,True
2025-05-06 16:00:00,PRD-A,65.0,1298.0,0.05007704160246533,0.029058309580792793,0.04661195978611832,0.06416560999144384,False,True,True,False,True
2025-05-13 00:00:00,PRD-A,33.0,1237.0,0.02667744543249798,0.028630707424988164,0.04661195978611832,0.06459321214724847,True,False,False,False,True
2025-05-13 08:00:00,PRD-A,39.0,1301.0,0.02997694081475788,0.029078559905017766,0.04661195978611832,0.06414535966721888,False,True,False,False,True
2025-05-13 16:00:00,PRD-A,52.0,1251.0,0.04156674660271783,0.02873160502827586,0.04661195978611832,0.06449231454396077,False,True,False,False,True
2025-05-14 00:00:00,PRD-A,39.0,1301.0,0.02997694081475788,0.029078559905017766,0.04661195978611832,0.06414535966721888,False,True,False,False,True
2025-05-14 08:00:00,PRD-A,31.0,1237.0,0.025060630557801132,0.028630707424988164,0.04661195978611832,0.06459321214724847,True,True,True,False,True
2025-05-14 16:00:00,PRD-A,72.0,1262.0,0.05705229793977813,0.028809701054646444,0.04661195978611832,0.06441421851759019,False,True,False,False,True
2025-05-21 00:00:00,PRD-A,46.0,1241.0,0.037066881547139406,0.028659709463802596,0.04661195978611832,0.06456421010843404,False,False,False,False,False
2025-05-21 08:00:00,PRD-A,47.0,1266.0,0.03712480252764613,0.028837846935856143,0.04661195978611832,0.06438607263638049,False,False,True,False,True
2025-05-21 16:00:00,PRD-A,55.0,1191.0,0.04617968094038623,0.028286752100857928,0.04661195978611832,0.0649371674713787,False,False,False,False,False
2025-05-22 00:00:00,PRD-A,35.0,1055.0,0.03317535545023697,0.027141394690656243,0.04661195978611832,0.0660825248815804,False,False,False,False,False
2025-05-22 08:00:00,PRD-A,54.0,1334.0,0.04047976011994003,0.02929678534124693,0.04661195978611832,0.06392713423098971,False,False,True,False,True
2025-05-22 16:00:00,PRD-A,43.0,1274.0,0.033751962323390894,0.028893740510890924,0.04661195978611832,0.06433017906134571,False,True,True,False,True
2025-05-29 00:00:00,PRD-A,38.0,1256.0,0.030254777070063694,0.028767230396916643,0.04661195978611832,0.06445668917531999,False,True,True,False,True
2025-05-29 08:00:00,PRD-A,44.0,1214.0,0.036243822075782535,0.02846117352371969,0.04661195978611832,0.06476274604851695,False,True,True,True,True
2025-05-29 16:00:00,PRD-A,55.0,1222.0,0.045008183306055646,0.02852068445854619,0.04661195978611832,0.06470323511369044,False,False,True,True,True
2025-05-30 00:00:00,PRD-A,49.0,1213.0,0.0403957131079967,0.028453693290036226,0.04661195978611832,0.06477022628220042,False,False,True,True,True
2025-05-30 08:00:00,PRD-A,34.0,1275.0,0.02666666666666667,0.028900690195125808,0.04661195978611832,0.06432322937711082,True,False,True,True,True
2025-05-30 16:00:00,PRD-A,51.0,1228.0,0.041530944625407164,0.028564935504009105,0.04661195978611832,0.06465898406822754,False,False,False,True,True
2025-06-06 00:00:00,PRD-A,56.0,1218.0,0.04597701149425287,0.02849100228054388,0.04661195978611832,0.06473291729169275,False,False,False,True,True
2025-06-06 08:00:00,PRD-A,59.0,1210.0,0.048760330578512395,0.0284311969776768,0.04661195978611832,0.06479272259455984,False,False,False,False,False
2025-06-06 16:00:00,PRD-A,94.0,1176.0,0.07993197278911565,0.02817025246795515,0.04661195978611832,0.06505366710428148,True,False,False,False,True
2025-06-07 00:00:00,PRD-A,68.0,1255.0,0.054183266932270914,0.028760122358638653,0.04661195978611832,0.06446379721359799,False,False,False,False,False
2025-06-07 08:00:00,PRD-A,74.0,1175.0,0.06297872340425532,0.028162406601904322,0.04661195978611832,0.06506151297033232,False,True,False,False,True
2025-06-07 16:00:00,PRD-A,78.0,956.0,0.08158995815899582,0.02615807336860121,0.04661195978611832,0.06706584620363543,True,True,True,False,True
2025-06-14 00:00:00,PRD-A,30.0,1236.0,0.024271844660194174,0.028623434926263666,0.04661195978611832,0.06460048464597297,True,True,True,False,True
2025-06-14 08:00:00,PRD-A,26.0,1299.0,0.020015396458814474,0.02906506748295097,0.04661195978611832,0.06415885208928566,True,True,False,False,True
2025-06-14 16:00:00,PRD-A,46.0,1230.0,0.03739837398373984,0.028579613850709347,0.04661195978611832,0.0646443057215273,False,True,False,False,True
2025-06-15 00:00:00,PRD-A,42.0,1276.0,0.032915360501567396,0.028907631708067708,0.04661195978611832,0.06431628786416893,False,True,True,False,True
2025-06-15 08:00:00,PRD-A,48.0,1293.0,0.037122969837587005,0.02902440255633187,0.04661195978611832,0.06419951701590476,False,False,True,False,True
2025-06-15 16:00:00,PRD-A,66.0,1272.0,0.05188679245283019,0.02887981656432141,0.04661195978611832,0.06434410300791522,False,False,True,False,True
2025-06-22 00:00:00,PRD-A,41.0,1294.0,0.03168469860896445,0.029031199680152796,0.04661195978611832,0.06419271989208383,False,False,True,False,True
2025-06-22 08:00:00,PRD-A,23.0,1273.0,0.018067556952081697,0.02888678263931889,0.04661195978611832,0.06433713693291775,True,True,True,False,True
2025-06-22 16:00:00,PRD-A,46.0,1252.0,0.036741214057507986,0.02873874717146388,0.04661195978611832,0.06448517240077276,False,True,True,False,True
2025-06-23 00:00:00,PRD-A,33.0,981.0,0.03363914373088685,0.02642038079132706,0.04661195978611832,0.06680353878090958,False,False,True,False,True
2025-06-23 08:00:00,PRD-A,35.0,1355.0,0.025830258302583026,0.029431485910315254,0.04661195978611832,0.06379243366192139,True,False,True,False,True
2025-06-23 16:00:00,PRD-A,35.0,1307.0,0.026778882938026015,0.029118851187411022,0.04661195978611832,0.06410506838482562,True,True,True,False,True
2025-06-30 00:00:00,PRD-A,54.0,1208.0,0.04470198675496689,0.028416152901616153,0.04661195978611832,0.06480776667062048,False,True,True,False,True
2025-06-30 08:00:00,PRD-A,47.0,1240.0,0.03790322580645161,0.028652472112038196,0.04661195978611832,0.06457144746019844,False,False,True,True,True
2025-06-30 16:00:00,PRD-A,78.0,1168.0,0.06678082191780822,0.028107203712009213,0.04661195978611832,0.06511671586022742,True,False,False,False,True
2024-01-01 00:00:00,PRD-A,36.0,1308.0,0.027522935779816515,0.02912553943410883,0.04661195978611832,0.0640983801381278,True,False,False,False,True
2024-01-01 08:00:00,PRD-A,22.0,1328.0,0.016566265060240965,0.02925771381858166,0.04661195978611832,0.06396620575365497,True,True,False,False,True
2024-01-01 16:00:00,PRD-A,60.0,1372.0,0.043731778425655975,0.029538256476840302,0.04661195978611832,0.06368566309539633,False,True,False,False,True
2024-01-02 00:00:00,PRD-A,51.0,1365.0,0.03736263736263736,0.029494533733523936,0.04661195978611832,0.0637293858387127,False,False,False,False,False
2024-01-02 08:00:00,PRD-A,46.0,1345.0,0.03420074349442379,0.029367736252046358,0.04661195978611832,0.06385618332019027,False,False,True,False,True
2024-01-02 16:00:00,PRD-A,42.0,1282.0,0.0327613104524181,0.0289491100815175,0.04661195978611832,0.06427480949071913,False,True,True,False,True
2024-01-09 00:00:00,PRD-A,32.0,1190.0,0.02689075630252101,0.028279054050661105,0.04661195978611832,0.06494486552157552,True,True,True,False,True
2024-01-09 08:00:00,PRD-A,44.0,1267.0,0.03472770323599053,0.028844862571752207,0.04661195978611832,0.06437905700048444,False,True,True,True,True
2024-01-09 16:00:00,PRD-A,63.0,1216.0,0.05180921052631579,0.028476106299807707,0.04661195978611832,0.06474781327242893,False,True,True,False,True
2024-01-10 00:00:00,PRD-A,55.0,1240.0,0.04435483870967742,0.028652472112038196,0.04661195978611832,0.06457144746019844,False,False,False,False,False
2024-01-10 08:00:00,PRD-A,53.0,1262.0,0.041996830427892234,0.028809701054646444,0.04661195978611832,0.06441421851759019,False,False,False,False,False
2024-01-10 16:00:00,PRD-A,71.0,1197.0,0.059314954051796154,0.02833273763804913,0.04661195978611832,0.0648911819341875,False,False,False,False,False
2024-01-17 00:00:00,PRD-A,49.0,1091.0,0.044912923923006415,0.027465326878130657,0.04661195978611832,0.06575859269410597,False,False,False,False,False
2024-01-17 08:00:00,PRD-A,53.0,1360.0,0.03897058823529412,0.029463096744592358,0.04661195978611832,0.06376082282764428,False,False,False,False,False
2024-01-17 16:00:00,PRD-A,49.0,1269.0,0.038613081166272656,0.028858868957227873,0.04661195978611832,0.06436505061500876,False,False,False,False,False
2024-01-18 00:00:00,PRD-A,38.0,1278.0,0.0297339593114241,0.02892149028402948,0.04661195978611832,0.06430242928820715,False,False,False,False,False
2024-01-18 08:00:00,PRD-A,28.0,1242.0,0.02254428341384863,0.028666938073043637,0.04661195978611832,0.064556981499193,True,True,True,False,True
2024-01-18 16:00:00,PRD-A,41.0,1240.0,0.03306451612903226,0.028652472112038196,0.04661195978611832,0.06457144746019844,False,True,True,False,True
2024-01-25 00:00:00,PRD-A,88.0,1188.0,0.07407407407407407,0.028263628801204827,0.04661195978611832,0.06496029077103181,True,True,True,False,True
2024-01-25 08:00:00,PRD-A,88.0,1177.0,0.07476635514018691,0.028178088332901273,0.04661195978611832,0.06504583123933536,True,True,False,False,True
2024-01-25 16:00:00,PRD-A,101.0,1141.0,0.08851884312007012,0.027889540634337955,0.04661195978611832,0.06533437893789867,True,True,False,False,True
2024-01-26 00:00:00,PRD-A,99.0,1224.0,0.08088235294117647,0.028535470954950078,0.04661195978611832,0.06468844861728656,True,True,True,False,True
2024-01-26 08:00:00,PRD-A,101.0,1180.0,0.08559322033898305,0.02820153613308911,0.04661195978611832,0.06502238343914753,True,True,True,False,True
2024-01-26 16:00:00,PRD-A,137.0,1179.0,0.11620016963528414,0.028193730144333424,0.04661195978611832,0.06503018942790321,True,True,True,False,True
2024-02-02 00:00:00,PRD-A,86.0,1163.0,0.07394668959587274,0.028067468308568662,0.04661195978611832,0.06515645126366798,True,True,True,False,True
2024-02-02 08:00:00,PRD-A,67.0,1172.0,0.05716723549488054,0.028138808783880368,0.04661195978611832,0.06508511078835627,False,True,True,True,True
2024-02-02 16:00:00,PRD-A,90.0,1143.0,0.07874015748031496,0.02790592787524752,0.04661195978611832,0.06531799169698911,True,True,True,True,True
2024-02-03 00:00:00,PRD-A,78.0,1224.0,0.06372549019607843,0.028535470954950078,0.04661195978611832,0.06468844861728656,False,True,True,True,True
2024-02-03 08:00:00,PRD-A,82.0,1241.0,0.06607574536663981,0.028659709463802596,0.04661195978611832,0.06456421010843404,True,True,True,True,True
2024-02-03 16:00:00,PRD-A,127.0,1166.0,0.10891938250428816,0.02809134022339159,0.04661195978611832,0.06513257934884505,True,True,True,True,True
2024-02-10 00:00:00,PRD-A,23.0,1248.0,0.01842948717948718,0.028710127116919948,0.04661195978611832,0.06451379245531669,True,True,True,False,True
2024-02-10 08:00:00,PRD-A,33.0,1288.0,0.02562111801242236,0.02899029828302028,0.04661195978611832,0.06423362128921636,True,True,False,False,True
2024-02-10 16:00:00,PRD-A,51.0,1231.0,0.041429731925264016,0.028586939606012857,0.04661195978611832,0.06463697996622378,False,True,False,False,True
2024-02-11 00:00:00,PRD-A,44.0,1302.0,0.03379416282642089,0.02908529445486524,0.04661195978611832,0.0641386251173714,False,True,False,False,True
2024-02-11 08:00:00,PRD-A,44.0,1303.0,0.03376822716807368,0.029092021250480986,0.04661195978611832,0.06413189832175564,False,True,True,False,True
2024-02-11 16:00:00,PRD-A,47.0,1243.0,0.03781174577634755,0.028674157957348373,0.04661195978611832,0.06454976161488826,False,True,True,False,True
2024-02-18 00:00:00,PRD-A,41.0,1194.0,0.03433835845896147,0.028309788197563544,0.04661195978611832,0.06491413137467308,False,True,True,False,True
2024-02-18 08:00:00,PRD-A,53.0,1185.0,0.04472573839662447,0.02824041774703544,0.04661195978611832,0.0649835018252012,False,False,True,True,True
2024-02-18 16:00:00,PRD-A,74.0,1199.0,0.061718098415346125,0.028347989390515395,0.04661195978611832,0.06487593018172125,False,False,False,False,False
2024-02-19 00:00:00,PRD-A,51.0,1141.0,0.044697633654688866,0.027889540634337955,0.04661195978611832,0.06533437893789867,False,False,False,False,False
2024-02-19 08:00:00,PRD-A,56.0,1257.0,0.04455051710421639,0.02877432995136084,0.04661195978611832,0.0644495896208758,False,False,False,False,False
2024-02-19 16:00:00,PRD-A,70.0,1225.0,0.05714285714285714,0.028542850620018257,0.04661195978611832,0.06468106895221838,False,False,False,False,False
2024-02-26 00:00:00,PRD-A,33.0,1267.0,0.026045777426992895,0.028844862571752207,0.04661195978611832,0.06437905700048444,True,False,False,False,True
2024-02-26 08:00:00,PRD-A,29.0,1302.0,0.02227342549923195,0.02908529445486524,0.04661195978611832,0.0641386251173714,True,True,False,False,True
2024-02-26 16:00:00,PRD-A,50.0,1261.0,0.03965107057890563,0.028802643667359712,0.04661195978611832,0.06442127590487692,False,True,False,False,True
2024-02-27 00:00:00,PRD-A,44.0,1278.0,0.03442879499217527,0.02892149028402948,0.04661195978611832,0.06430242928820715,False,True,True,False,True
2024-02-27 08:00:00,PRD-A,43.0,1282.0,0.033541341653666144,0.0289491100815175,0.04661195978611832,0.06427480949071913,False,True,True,False,True
2024-02-27 16:00:00,PRD-A,60.0,1291.0,0.046475600309837335,0.029010784623800058,0.04661195978611832,0.06421313494843658,False,True,True,False,True
2024-03-05 00:00:00,PRD-A,57.0,1240.0,0.04596774193548387,0.028652472112038196,0.04661195978611832,0.06457144746019844,False,False,False,False,False
2024-03-05 08:00:00,PRD-A,54.0,1270.0,0.04251968503937008,0.028865859739475253,0.04661195978611832,0.06435805983276138,False,False,False,True,True
2024-03-05 16:00:00,PRD-A,81.0,1205.0,0.06721991701244813,0.028393516599828583,0.04661195978611832,0.06483040297240805,True,False,False,False,True
2024-03-06 00:00:00,PRD-A,74.0,1295.0,0.05714285714285714,0.029037988929336636,0.04661195978611832,0.0641859306429,False,False,False,False,False
2024-03-06 08:00:00,PRD-A,66.0,1274.0,0.05180533751962323,0.028893740510890924,0.04661195978611832,0.06433017906134571,False,False,False,False,False
2024-03-06 16:00:00,PRD-A,94.0,1256.0,0.07484076433121019,0.028767230396916643,0.04661195978611832,0.06445668917531999,True,False,False,False,True
2024-03-13 00:00:00,PRD-A,40.0,1216.0,0.03289473684210526,0.028476106299807707,0.04661195978611832,0.06474781327242893,False,False,False,False,False
2024-03-13 08:00:00,PRD-A,50.0,1257.0,0.03977724741447892,0.02877432995136084,0.04661195978611832,0.0644495896208758,False,False,False,False,False
2024-03-13 16:00:00,PRD-A,88.0,1243.0,0.07079646017699115,0.028674157957348373,0.04661195978611832,0.06454976161488826,True,False,False,False,True
2024-03-14 00:00:00,PRD-A,46.0,1269.0,0.036249014972419225,0.028858868957227873,0.04661195978611832,0.06436505061500876,False,False,False,False,False
2024-03-14 08:00:00,PRD-A,59.0,1221.0,0.04832104832104832,0.0285132775901386,0.04661195978611832,0.06471064198209803,False,False,False,False,False
2024-03-14 16:00:00,PRD-A,75.0,1157.0,0.06482281763180639,0.028019446239014013,0.04661195978611832,0.06520447333322263,False,False,False,False,False
2024-03-21 00:00:00,PRD-A,31.0,1195.0,0.02594142259414226,0.028317447612667156,0.04661195978611832,0.06490647195956947,True,False,False,False,True
2024-03-21 08:00:00,PRD-A,53.0,1310.0,0.04045801526717557,0.02913889294529809,0.04661195978611832,0.06408502662693855,False,False,False,False,False
2024-03-21 16:00:00,PRD-A,56.0,1229.0,0.045565500406834825,0.02857227915610649,0.04661195978611832,0.06465164041613014,False,False,False,False,False
2024-03-22 00:00:00,PRD-A,44.0,1259.0,0.03494837172359015,0.02878850367615343,0.04661195978611832,0.0644354158960832,False,False,False,False,False
2024-03-22 08:00:00,PRD-A,38.0,1265.0,0.030039525691699605,0.028830822982667422,0.04661195978611832,0.06439309658956921,False,False,True,False,True
2024-03-22 16:00:00,PRD-A,50.0,1183.0,0.042265426880811495,0.028224894683818915,0.04661195978611832,0.06499902488841772,False,False,False,False,False
2024-03-29 00:00:00,PRD-A,42.0,1241.0,0.03384367445608381,0.028659709463802596,0.04661195978611832,0.06456421010843404,False,True,False,False,True
2024-03-29 08:00:00,PRD-A,54.0,1240.0,0.043548387096774194,0.028652472112038196,0.04661195978611832,0.06457144746019844,False,False,False,True,True
2024-03-29 16:00:00,PRD-A,71.0,1253.0,0.05666400638467677,0.028745880762893368,0.04661195978611832,0.06447803880934327,False,False,False,False,False
2024-03-30 00:00:00,PRD-A,55.0,1238.0,0.0444264943457189,0.028637971110342574,0.04661195978611832,0.06458594846189405,False,False,False,False,False
2024-03-30 08:00:00,PRD-A,53.0,1230.0,0.043089430894308944,0.028579613850709347,0.04661195978611832,0.0646443057215273,False,False,False,False,False
2024-03-30 16:00:00,PRD-A,50.0,872.0,0.05733944954128441,0.025195556140997194,0.04661195978611832,0.06802836343123944,False,False,False,False,False
2024-04-06 00:00:00,PRD-A,41.0,1225.0,0.03346938775510204,0.028542850620018257,0.04661195978611832,0.06468106895221838,False,False,False,False,False
2024-04-06 08:00:00,PRD-A,34.0,1284.0,0.0264797507788162,0.028962871555912602,0.04661195978611832,0.06426104801632404,True,True,False,False,True
2024-04-06 16:00:00,PRD-A,67.0,1223.0,0.05478331970564186,0.028528082240629197,0.04661195978611832,0.06469583733160744,False,True,False,False,True
2024-04-07 00:00:00,PRD-A,50.0,1280.0,0.0390625,0.0289353163662527,0.04661195978611832,0.06428860320598394,False,False,False,False,False
2024-04-07 08:00:00,PRD-A,39.0,1133.0,0.03442188879082083,0.027823558335892545,0.04661195978611832,0.06540036123634409,False,False,True,False,True
2024-04-07 16:00:00,PRD-A,76.0,1268.0,0.05993690851735016,0.028851869906757307,0.04661195978611832,0.06437204966547933,False,False,False,False,False
2024-04-14 00:00:00,PRD-A,49.0,1219.0,0.04019688269073011,0.028498436519833407,0.04661195978611832,0.06472548305240322,False,False,False,False,False
2024-04-14 08:00:00,PRD-A,59.0,1214.0,0.048599670510708404,0.02846117352371969,0.04661195978611832,0.06476274604851695,False,False,False,False,False
2024-04-14 16:00:00,PRD-A,81.0,1245.0,0.06506024096385542,0.028688571621249864,0.04661195978611832,0.06453534795098677,True,False,False,False,True
2024-04-15 00:00:00,PRD-A,67.0,1234.0,0.05429497568881685,0.028608863417304935,0.04661195978611832,0.0646150561549317,False,False,False,False,False
2024-04-15 08:00:00,PRD-A,59.0,1248.0,0.047275641025641024,0.028710127116919948,0.04661195978611832,0.06451379245531669,False,False,False,False,False
2024-04-15 16:00:00,PRD-A,67.0,758.0,0.08839050131926121,0.023641473820710607,0.04661195978611832,0.06958244575152603,True,False,False,False,True
2024-04-22 00:00:00,PRD-A,46.0,844.0,0.054502369668246446,0.02484320622922438,0.04661195978611832,0.06838071334301225,False,False,True,False,True
2024-04-22 08:00:00,PRD-A,56.0,1287.0,0.04351204351204351,0.02898345359000508,0.04661195978611832,0.06424046598223156,False,False,False,False,False
2024-04-22 16:00:00,PRD-A,52.0,1249.0,0.041633306645316254,0.028717295018175947,0.04661195978611832,0.06450662455406068,False,False,False,False,False
2024-04-23 00:00:00,PRD-A,33.0,1313.0,0.02513328255902513,0.02915886597545822,0.04661195978611832,0.06406505359677842,True,False,False,False,True
2024-04-23 08:00:00,PRD-A,27.0,1274.0,0.02119309262166405,0.028893740510890924,0.04661195978611832,0.06433017906134571,True,True,False,False,True
2024-04-23 16:00:00,PRD-A,54.0,1293.0,0.04176334106728538,0.02902440255633187,0.04661195978611832,0.06419951701590476,False,True,False,False,True
2024-04-30 00:00:00,PRD-A,29.0,1242.0,0.023349436392914653,0.028666938073043637,0.04661195978611832,0.064556981499193,True,True,False,False,True
2024-04-30 08:00:00,PRD-A,31.0,1313.0,0.02361005331302361,0.02915886597545822,0.04661195978611832,0.06406505359677842,True,True,True,False,True
2024-04-30 16:00:00,PRD-A,52.0,1237.0,0.04203718674211803,0.028630707424988164,0.04661195978611832,0.06459321214724847,False,True,False,True,True
2024-05-01 00:00:00,PRD-A,31.0,1213.0,0.025556471558120363,0.028453693290036226,0.04661195978611832,0.06477022628220042,True,True,False,True,True
2024-05-01 08:00:00,PRD-A,46.0,1283.0,0.03585346843335931,0.028955994840970098,0.04661195978611832,0.06426792473126654,False,False,True,True,True
2024-05-01 16:00:00,PRD-A,70.0,1256.0,0.05573248407643312,0.028767230396916643,0.04661195978611832,0.06445668917531999,False,False,False,False,False
2024-05-08 00:00:00,PRD-A,30.0,1254.0,0.023923444976076555,0.0287530058196167,0.04661195978611832,0.06447091375261993,True,False,False,False,True
2024-05-08 08:00:00,PRD-A,47.0,1266.0,0.03712480252764613,0.028837846935856143,0.04661195978611832,0.06438607263638049,False,False,True,False,True
2024-05-08 16:00:00,PRD-A,59.0,1256.0,0.046974522292993634,0.028767230396916643,0.04661195978611832,0.06445668917531999,False,False,False,False,False
2024-05-09 00:00:00,PRD-A,46.0,1278.0,0.03599374021909233,0.02892149028402948,0.04661195978611832,0.06430242928820715,False,False,False,False,False
2024-05-09 08:00:00,PRD-A,39.0,1251.0,0.03117505995203837,0.02873160502827586,0.04661195978611832,0.06449231454396077,False,False,True,False,True
2024-05-09 16:00:00,PRD-A,47.0,1209.0,0.03887510339123242,0.028423679605923506,0.04661195978611832,0.06480023996631312,False,False,True,False,True
2024-05-16 00:00:00,PRD-A,73.0,1229.0,0.059397884458909686,0.02857227915610649,0.04661195978611832,0.06465164041613014,False,False,False,False,False
2024-05-16 08:00:00,PRD-A,83.0,1276.0,0.06504702194357367,0.028907631708067708,0.04661195978611832,0.06431628786416893,True,True,False,False,True
2024-05-16 16:00:00,PRD-A,108.0,1230.0,0.08780487804878048,0.028579613850709347,0.04661195978611832,0.0646443057215273,True,True,False,False,True
2024-05-17 00:00:00,PRD-A,84.0,1269.0,0.06619385342789598,0.028858868957227873,0.04661195978611832,0.06436505061500876,True,True,True,False,True
2024-05-17 08:00:00,PRD-A,93.0,1256.0,0.07404458598726114,0.028767230396916643,0.04661195978611832,0.06445668917531999,True,True,True,False,True
2024-05-17 16:00:00,PRD-A,110.0,1227.0,0.08964955175224124,0.028557582876170096,0.04661195978611832,0.06466633669606654,True,True,True,False,True
2024-05-24 00:00:00,PRD-A,56.0,1199.0,0.04670558798999166,0.028347989390515395,0.04661195978611832,0.06487593018172125,False,True,True,False,True
2024-05-24 08:00:00,PRD-A,69.0,1248.0,0.055288461538461536,0.028710127116919948,0.04661195978611832,0.06451379245531669,False,False,True,True,True
2024-05-24 16:00:00,PRD-A,75.0,1208.0,0.062086092715231786,0.028416152901616153,0.04661195978611832,0.06480776667062048,False,False,True,True,True
2024-05-25 00:00:00,PRD-A,38.0,798.0,0.047619047619047616,0.024224576207243033,0.04661195978611832,0.06899934336499361,False,False,False,True,True
2024-05-25 08:00:00,PRD-A,46.0,1308.0,0.035168195718654434,0.02912553943410883,0.04661195978611832,0.0640983801381278,False,False,False,False,False
2024-05-25 16:00:00,PRD-A,39.0,1298.0,0.030046224961479198,0.029058309580792793,0.04661195978611832,0.06416560999144384,False,False,False,False,False
2024-06-01 00:00:00,PRD-A,52.0,1203.0,0.043225270157938485,0.028378378713389416,0.04661195978611832,0.06484554085884722,False,False,False,False,False
2024-06-01 08:00:00,PRD-A,59.0,1242.0,0.04750402576489533,0.028666938073043637,0.04661195978611832,0.064556981499193,False,False,False,False,False
2024-06-01 16:00:00,PRD-A,70.0,1193.0,0.0586756077116513,0.028302119154030435,0.04661195978611832,0.0649218004182062,False,False,False,False,False
2024-06-02 00:00:00,PRD-A,54.0,1269.0,0.0425531914893617,0.028858868957227873,0.04661195978611832,0.06436505061500876,False,False,False,False,False
2024-06-02 08:00:00,PRD-A,69.0,1242.0,0.05555555555555555,0.028666938073043637,0.04661195978611832,0.064556981499193,False,False,False,False,False
2024-06-02 16:00:00,PRD-A,80.0,1239.0,0.0645682001614205,0.028645226000113714,0.04661195978611832,0.06457869357212292,False,False,False,False,False
2024-06-09 00:00:00,PRD-A,45.0,1203.0,0.03740648379052369,0.028378378713389416,0.04661195978611832,0.06484554085884722,False,False,False,False,False
2024-06-09 08:00:00,PRD-A,47.0,1207.0,0.03893951946975974,0.02840861684542869,0.04661195978611832,0.06481530272680794,False,False,False,False,False
2024-06-09 16:00:00,PRD-A,79.0,1282.0,0.06162246489859594,0.0289491100815175,0.04661195978611832,0.06427480949071913,False,False,False,False,False
2024-06-10 00:00:00,PRD-A,52.0,1208.0,0.04304635761589404,0.028416152901616153,0.04661195978611832,0.06480776667062048,False,False,False,False,False
2024-06-10 08:00:00,PRD-A,69.0,1268.0,0.05441640378548896,0.028851869906757307,0.04661195978611832,0.06437204966547933,False,False,False,False,False
2024-06-10 16:00:00,PRD-A,86.0,1220.0,0.07049180327868852,0.028505861616790716,0.04661195978611832,0.06471805795544591,True,False,False,False,True
2024-06-17 00:00:00,PRD-A,56.0,1216.0,0.046052631578947366,0.028476106299807707,0.04661195978611832,0.06474781327242893,False,False,False,False,False
2024-06-17 08:00:00,PRD-A,52.0,1243.0,0.0418342719227675,0.028674157957348373,0.04661195978611832,0.06454976161488826,False,False,False,False,False
2024-06-17 16:00:00,PRD-A,73.0,1221.0,0.05978705978705979,0.0285132775901386,0.04661195978611832,0.06471064198209803,False,False,False,False,False
2024-06-18 00:00:00,PRD-A,47.0,1233.0,0.038118410381184104,0.028601564371244333,0.04661195978611832,0.0646223552009923,False,False,False,False,False
2024-06-18 08:00:00,PRD-A,62.0,1235.0,0.05020242914979757,0.028616153596331857,0.04661195978611832,0.06460776597590479,False,False,False,False,False
2024-06-18 16:00:00,PRD-A,89.0,1231.0,0.07229894394800974,0.028586939606012857,0.04661195978611832,0.06463697996622378,True,False,False,False,True
2024-06-25 00:00:00,PRD-A,39.0,1178.0,0.03310696095076401,0.02818591421797196,0.04661195978611832,0.06503800535426468,False,False,False,False,False
2024-06-25 08:00:00,PRD-A,60.0,1241.0,0.048348106365834004,0.028659709463802596,0.04661195978611832,0.06456421010843404,False,False,False,False,False
2024-06-25 16:00:00,PRD-A,74.0,1222.0,0.060556464811783964,0.02852068445854619,0.04661195978611832,0.06470323511369044,False,False,False,False,False
2024-06-26 00:00:00,PRD-A,48.0,1249.0,0.03843074459567654,0.028717295018175947,0.04661195978611832,0.06450662455406068,False,False,False,False,False
2024-06-26 08:00:00,PRD-A,69.0,1218.0,0.05665024630541872,0.02849100228054388,0.04661195978611832,0.06473291729169275,False,False,False,False,False
2024-06-26 16:00:00,PRD-A,89.0,1149.0,0.07745865970409051,0.02795483261751326,0.04661195978611832,0.06526908695472337,True,False,False,False,True
2024-07-03 00:00:00,PRD-A,47.0,1193.0,0.039396479463537304,0.028302119154030435,0.04661195978611832,0.0649218004182062,False,False,False,False,False
2024-07-03 08:00:00,PRD-A,48.0,1259.0,0.03812549642573471,0.02878850367615343,0.04661195978611832,0.0644354158960832,False,False,False,False,False
2024-07-03 16:00:00,PRD-A,66.0,1177.0,0.056074766355140186,0.028178088332901273,0.04661195978611832,0.06504583123933536,False,False,False,False,False
2024-07-04 00:00:00,PRD-A,64.0,1223.0,0.05233033524121014,0.028528082240629197,0.04661195978611832,0.06469583733160744,False,False,False,False,False
2024-07-04 08:00:00,PRD-A,70.0,1248.0,0.05608974358974359,0.028710127116919948,0.04661195978611832,0.06451379245531669,False,False,False,False,False
2024-07-04 16:00:00,PRD-A,74.0,1194.0,0.06197654941373534,0.028309788197563544,0.04661195978611832,0.06491413137467308,False,False,False,False,False
2024-07-11 00:00:00,PRD-A,56.0,1212.0,0.0462046204620462,0.028446203800546355,0.04661195978611832,0.06477771577169028,False,False,False,False,False
2024-07-11 08:00:00,PRD-A,66.0,1205.0,0.054771784232365145,0.028393516599828583,0.04661195978611832,0.06483040297240805,False,False,False,False,False
2024-07-11 16:00:00,PRD-A,88.0,1184.0,0.07432432432432433,0.028232661131938275,0.04661195978611832,0.06499125844029836,True,False,True,False,True
2024-07-12 00:00:00,PRD-A,62.0,1227.0,0.05052974735126324,0.028557582876170096,0.04661195978611832,0.06466633669606654,False,False,False,False,False
2024-07-12 08:00:00,PRD-A,65.0,1214.0,0.05354200988467875,0.02846117352371969,0.04661195978611832,0.06476274604851695,False,False,False,False,False
2024-07-12 16:00:00,PRD-A,111.0,1215.0,0.09135802469135802,0.028468644520645535,0.04661195978611832,0.0647552750515911,True,False,True,False,True
2024-07-19 00:00:00,PRD-A,44.0,1202.0,0.036605657237936774,0.028370795605940472,0.04661195978611832,0.06485312396629617,False,False,False,False,False
2024-07-19 08:00:00,PRD-A,52.0,1250.0,0.0416,0.02872445431622922,0.04661195978611832,0.06449946525600742,False,False,False,False,False
2024-07-19 16:00:00,PRD-A,81.0,1187.0,0.06823925863521482,0.02825590156102866,0.04661195978611832,0.06496801801120797,True,False,False,False,True
2024-07-20 00:00:00,PRD-A,60.0,1192.0,0.050335570469798654,0.02829444046187821,0.04661195978611832,0.06492947911035843,False,False,False,False,False
2024-07-20 08:00:00,PRD-A,70.0,1191.0,0.05877413937867338,0.028286752100857928,0.04661195978611832,0.0649371674713787,False,False,False,False,False
2024-07-20 16:00:00,PRD-A,94.0,1217.0,0.07723911257189811,0.028483558880145532,0.04661195978611832,0.0647403606920911,True,False,False,False,True
2024-07-27 00:00:00,PRD-A,102.0,1172.0,0.08703071672354949,0.028138808783880368,0.04661195978611832,0.06508511078835627,True,True,True,False,True
2024-07-27 08:00:00,PRD-A,92.0,1255.0,0.07330677290836653,0.028760122358638653,0.04661195978611832,0.06446379721359799,True,True,True,False,True
2024-07-27 16:00:00,PRD-A,154.0,1139.0,0.13520632133450394,0.027873110250173902,0.04661195978611832,0.06535080932206273,True,True,True,False,True
2024-07-28 00:00:00,PRD-A,124.0,1258.0,0.0985691573926868,0.028781421038834357,0.04661195978611832,0.06444249853340228,True,True,True,True,True
2024-07-28 08:00:00,PRD-A,106.0,1183.0,0.08960270498732037,0.028224894683818915,0.04661195978611832,0.06499902488841772,True,True,True,True,True
2024-07-28 16:00:00,PRD-A,153.0,1195.0,0.1280334728033473,0.028317447612667156,0.04661195978611832,0.06490647195956947,True,True,True,True,True
2024-08-04 00:00:00,PRD-A,69.0,1205.0,0.05726141078838174,0.028393516599828583,0.04661195978611832,0.06483040297240805,False,True,True,True,True
2024-08-04 08:00:00,PRD-A,58.0,1261.0,0.045995241871530534,0.028802643667359712,0.04661195978611832,0.06442127590487692,False,False,True,False,True
2024-08-04 16:00:00,PRD-A,103.0,1217.0,0.08463434675431389,0.028483558880145532,0.04661195978611832,0.0647403606920911,True,False,True,False,True
2024-08-05 00:00:00,PRD-A,73.0,1203.0,0.060681629260182876,0.028378378713389416,0.04661195978611832,0.06484554085884722,False,True,True,False,True
2024-08-05 08:00:00,PRD-A,72.0,1235.0,0.058299595141700404,0.028616153596331857,0.04661195978611832,0.06460776597590479,False,True,True,False,True
2024-08-05 16:00:00,PRD-A,93.0,1184.0,0.0785472972972973,0.028232661131938275,0.04661195978611832,0.06499125844029836,True,True,True,False,True
2024-08-12 00:00:00,PRD-A,55.0,1152.0,0.04774305555555555,0.027979141588317175,0.04661195978611832,0.06524477798391946,False,False,True,False,True
2024-08-12 08:00:00,PRD-A,58.0,1182.0,0.049069373942470386,0.028217118381884333,0.04661195978611832,0.0650068011903523,False,False,False,False,False
2024-08-12 16:00:00,PRD-A,87.0,1251.0,0.06954436450839328,0.02873160502827586,0.04661195978611832,0.06449231454396077,True,False,False,False,True
2024-08-13 00:00:00,PRD-A,65.0,1200.0,0.05416666666666667,0.02835560096425526,0.04661195978611832,0.06486831860798137,False,False,False,True,True
2024-08-13 08:00:00,PRD-A,62.0,1203.0,0.051537822111388194,0.028378378713389416,0.04661195978611832,0.06484554085884722,False,False,False,True,True
2024-08-13 16:00:00,PRD-A,110.0,1173.0,0.0937766410912191,0.028146684781254868,0.04661195978611832,0.06507723479098176,True,False,False,True,True
2024-08-20 00:00:00,PRD-A,21.0,1276.0,0.016457680250783698,0.028907631708067708,0.04661195978611832,0.06431628786416893,True,False,False,False,True
2024-08-20 08:00:00,PRD-A,35.0,1327.0,0.02637528259231349,0.029251176147990915,0.04661195978611832,0.06397274342424572,True,True,False,False,True
2024-08-20 16:00:00,PRD-A,40.0,1289.0,0.031031807602792862,0.028997135009369977,0.04661195978611832,0.06422678456286665,False,True,False,False,True
2024-08-21 00:00:00,PRD-A,50.0,1339.0,0.037341299477221805,0.029329144133205684,0.04661195978611832,0.06389477543903095,False,True,True,False,True
2024-08-21 08:00:00,PRD-A,37.0,1309.0,0.02826585179526356,0.02913222001519391,0.04661195978611832,0.06409169955704272,True,True,True,False,True
2024-08-21 16:00:00,PRD-A,78.0,1285.0,0.060700389105058365,0.028969740241998852,0.04661195978611832,0.06425417933023778,False,False,True,False,True
2024-08-28 00:00:00,PRD-A,63.0,1218.0,0.05172413793103448,0.02849100228054388,0.04661195978611832,0.06473291729169275,False,False,False,False,False
2024-08-28 08:00:00,PRD-A,57.0,1233.0,0.046228710462287104,0.028601564371244333,0.04661195978611832,0.0646223552009923,False,False,False,False,False
2024-08-28 16:00:00,PRD-A,73.0,1266.0,0.05766192733017378,0.028837846935856143,0.04661195978611832,0.06438607263638049,False,False,False,False,False
2024-08-29 00:00:00,PRD-A,51.0,1278.0,0.03990610328638498,0.02892149028402948,0.04661195978611832,0.06430242928820715,False,False,False,False,False
2024-08-29 08:00:00,PRD-A,56.0,1132.0,0.04946996466431095,0.0278152614039579,0.04661195978611832,0.06540865816827873,False,False,False,False,False
2024-08-29 16:00:00,PRD-A,82.0,1192.0,0.06879194630872483,0.02829444046187821,0.04661195978611832,0.06492947911035843,True,False,False,False,True
2024-09-05 00:00:00,PRD-A,49.0,1236.0,0.03964401294498382,0.028623434926263666,0.04661195978611832,0.06460048464597297,False,False,False,False,False
2024-09-05 08:00:00,PRD-A,60.0,1275.0,0.047058823529411764,0.028900690195125808,0.04661195978611832,0.06432322937711082,False,False,False,False,False
2024-09-05 16:00:00,PRD-A,85.0,1189.0,0.07148864592094197,0.028271346290919486,0.04661195978611832,0.06495257328131715,True,False,False,False,True
2024-09-06 00:00:00,PRD-A,70.0,1201.0,0.058284762697751874,0.02836320302947009,0.04661195978611832,0.06486071654276654,False,False,False,False,False
2024-09-06 08:00:00,PRD-A,47.0,939.0,0.05005324813631523,0.02597375155741001,0.04661195978611832,0.06725016801482663,False,False,False,False,False
2024-09-06 16:00:00,PRD-A,46.0,1271.0,0.03619197482297404,0.028872842269765883,0.04661195978611832,0.06435107730247075,False,False,False,False,False
2024-09-13 00:00:00,PRD-A,63.0,1170.0,0.05384615384615385,0.028123026507612413,0.04661195978611832,0.06510089306462422,False,False,False,False,False
2024-09-13 08:00:00,PRD-A,73.0,1219.0,0.05988515176374077,0.028498436519833407,0.04661195978611832,0.06472548305240322,False,False,False,False,False
2024-09-13 16:00:00,PRD-A,105.0,1184.0,0.08868243243243243,0.028232661131938275,0.04661195978611832,0.06499125844029836,True,True,False,False,True
2024-09-14 00:00:00,PRD-A,67.0,1025.0,0.06536585365853659,0.026858514518998136,0.04661195978611832,0.0663654050532385,False,True,True,False,True
2024-09-14 08:00:00,PRD-A,30.0,1316.0,0.022796352583586626,0.029178770669800437,0.04661195978611832,0.0640451489024362,True,True,True,False,True
2024-09-14 16:00:00,PRD-A,42.0,1201.0,0.034970857618651124,0.02836320302947009,0.04661195978611832,0.06486071654276654,False,False,False,False,False
2024-09-21 00:00:00,PRD-A,36.0,1283.0,0.028059236165237724,0.028955994840970098,0.04661195978611832,0.06426792473126654,True,True,False,False,True
2024-09-21 08:00:00,PRD-A,54.0,1367.0,0.03950256035113387,0.029507060208712476,0.04661195978611832,0.06371685936352416,False,False,True,False,True
2024-09-21 16:00:00,PRD-A,65.0,1333.0,0.04876219054763691,0.02929029174475206,0.04661195978611832,0.06393362782748457,False,False,True,False,True
2024-09-22 00:00:00,PRD-A,49.0,1348.0,0.03635014836795252,0.0293869356161745,0.04661195978611832,0.06383698395606213,False,False,True,False,True
2024-09-22 08:00:00,PRD-A,43.0,1296.0,0.033179012345679014,0.029044770319076596,0.04661195978611832,0.06417914925316004,False,False,True,False,True
2024-09-22 16:00:00,PRD-A,27.0,1250.0,0.0216,0.02872445431622922,0.04661195978611832,0.06449946525600742,True,True,True,False,True
2024-09-29 00:00:00,PRD-A,50.0,881.0,0.056753688989784334,0.02530522834566673,0.04661195978611832,0.0679186912265699,False,True,False,False,True
2024-09-29 08:00:00,PRD-A,44.0,1336.0,0.03293413173652695,0.029309750655266274,0.04661195978611832,0.06391416891697035,False,True,True,False,True
2024-09-29 16:00:00,PRD-A,44.0,1271.0,0.03461841070023604,0.028872842269765883,0.04661195978611832,0.06435107730247075,False,True,True,False,True
2024-09-30 00:00:00,PRD-A,39.0,1276.0,0.030564263322884012,0.028907631708067708,0.04661195978611832,0.06431628786416893,False,True,True,False,True
2024-09-30 08:00:00,PRD-A,69.0,1354.0,0.05096011816838995,0.029425142740863088,0.04661195978611832,0.06379877683137355,False,True,False,False,True
2024-09-30 16:00:00,PRD-A,90.0,1272.0,0.07075471698113207,0.02887981656432141,0.04661195978611832,0.06434410300791522,True,False,False,False,True
2024-10-07 00:00:00,PRD-A,53.0,1271.0,0.041699449252557044,0.028872842269765883,0.04661195978611832,0.06435107730247075,False,False,False,False,False
2024-10-07 08:00:00,PRD-A,71.0,1266.0,0.05608214849921011,0.028837846935856143,0.04661195978611832,0.06438607263638049,False,False,False,False,False
2024-10-07 16:00:00,PRD-A,77.0,1204.0,0.06395348837209303,0.028385952371482608,0.04661195978611832,0.06483796720075402,False,False,False,False,False
2024-10-08 00:00:00,PRD-A,63.0,1300.0,0.04846153846153846,0.029071817586029437,0.04661195978611832,0.0641521019862072,False,False,False,False,False
2024-10-08 08:00:00,PRD-A,33.0,1257.0,0.026252983293556086,0.02877432995136084,0.04661195978611832,0.0644495896208758,True,False,False,False,True
2024-10-08 16:00:00,PRD-A,52.0,1267.0,0.04104183109707971,0.028844862571752207,0.04661195978611832,0.06437905700048444,False,False,False,False,False
2024-10-15 00:00:00,PRD-A,40.0,1252.0,0.03194888178913738,0.02873874717146388,0.04661195978611832,0.06448517240077276,False,True,False,False,True
2024-10-15 08:00:00,PRD-A,37.0,1307.0,0.028309104820198928,0.029118851187411022,0.04661195978611832,0.06410506838482562,True,True,False,False,True
2024-10-15 16:00:00,PRD-A,50.0,1267.0,0.03946329913180742,0.028844862571752207,0.04661195978611832,0.06437905700048444,False,True,True,False,True
2024-10-16 00:00:00,PRD-A,49.0,1292.0,0.037925696594427245,0.02901759754263951,0.04661195978611832,0.06420632202959713,False,False,True,False,True
2024-10-16 08:00:00,PRD-A,29.0,966.0,0.030020703933747412,0.026264217761354083,0.04661195978611832,0.06695970181088255,False,False,True,False,True
2024-10-16 16:00:00,PRD-A,29.0,1283.0,0.02260327357755261,0.028955994840970098,0.04661195978611832,0.06426792473126654,True,True,True,True,True
2024-10-23 00:00:00,PRD-A,55.0,1210.0,0.045454545454545456,0.0284311969776768,0.04661195978611832,0.06479272259455984,False,True,True,True,True
2024-10-23 08:00:00,PRD-A,62.0,1192.0,0.05201342281879195,0.02829444046187821,0.04661195978611832,0.06492947911035843,False,False,False,False,False
2024-10-23 16:00:00,PRD-A,89.0,1241.0,0.0717163577759871,0.028659709463802596,0.04661195978611832,0.06456421010843404,True,False,False,False,True
2024-10-24 00:00:00,PRD-A,67.0,1217.0,0.05505341002465078,0.028483558880145532,0.04661195978611832,0.0647403606920911,False,False,False,False,False
2024-10-24 08:00:00,PRD-A,65.0,1205.0,0.05394190871369295,0.028393516599828583,0.04661195978611832,0.06483040297240805,False,False,False,False,False
2024-10-24 16:00:00,PRD-A,104.0,1168.0,0.08904109589041095,0.028107203712009213,0.04661195978611832,0.06511671586022742,True,False,True,False,True
2024-10-31 00:00:00,PRD-A,30.0,1277.0,0.023492560689115115,0.028914565065716817,0.04661195978611832,0.06430935450651981,True,False,True,False,True
2024-10-31 08:00:00,PRD-A,33.0,1322.0,0.024962178517397883,0.02921837660309111,0.04661195978611832,0.06400554296914553,True,True,False,False,True
2024-10-31 16:00:00,PRD-A,39.0,1264.0,0.030854430379746837,0.02882379069573896,0.04661195978611832,0.06440012887649768,False,True,False,False,True
2024-11-01 00:00:00,PRD-A,32.0,1302.0,0.02457757296466974,0.02908529445486524,0.04661195978611832,0.0641386251173714,True,True,True,False,True
2024-11-01 08:00:00,PRD-A,33.0,1296.0,0.02546296296296296,0.029044770319076596,0.04661195978611832,0.06417914925316004,True,True,True,False,True
2024-11-01 16:00:00,PRD-A,45.0,1257.0,0.03579952267303103,0.02877432995136084,0.04661195978611832,0.0644495896208758,False,True,True,False,True
2024-11-08 00:00:00,PRD-A,24.0,1239.0,0.01937046004842615,0.028645226000113714,0.04661195978611832,0.06457869357212292,True,True,True,False,True
2024-11-08 08:00:00,PRD-A,41.0,1297.0,0.03161141094834233,0.029051543864524867,0.04661195978611832,0.06417237570771177,False,True,True,True,True
2024-11-08 16:00:00,PRD-A,42.0,1250.0,0.0336,0.02872445431622922,0.04661195978611832,0.06449946525600742,False,True,True,True,True
2024-11-09 00:00:00,PRD-A,34.0,1292.0,0.02631578947368421,0.02901759754263951,0.04661195978611832,0.06420632202959713,True,True,True,True,True
2024-11-09 08:00:00,PRD-A,44.0,1187.0,0.03706823925863521,0.02825590156102866,0.04661195978611832,0.06496801801120797,False,True,True,True,True
2024-11-09 16:00:00,PRD-A,62.0,1238.0,0.050080775444264945,0.028637971110342574,0.04661195978611832,0.06458594846189405,False,False,True,False,True
2024-11-16 00:00:00,PRD-A,56.0,1175.0,0.04765957446808511,0.028162406601904322,0.04661195978611832,0.06506151297033232,False,False,False,False,False
2024-11-16 08:00:00,PRD-A,74.0,1261.0,0.05868358445678033,0.028802643667359712,0.04661195978611832,0.06442127590487692,False,False,False,False,False
2024-11-16 16:00:00,PRD-A,81.0,1168.0,0.06934931506849315,0.028107203712009213,0.04661195978611832,0.06511671586022742,True,True,False,False,True
2024-11-17 00:00:00,PRD-A,52.0,1246.0,0.04173354735152488,0.028695765435773988,0.04661195978611832,0.06452815413646265,False,True,False,False,True
2024-11-17 08:00:00,PRD-A,63.0,1264.0,0.049841772151898736,0.02882379069573896,0.04661195978611832,0.06440012887649768,False,False,False,False,False
2024-11-17 16:00:00,PRD-A,82.0,1205.0,0.06804979253112033,0.028393516599828583,0.04661195978611832,0.06483040297240805,True,False,False,False,True
2024-11-24 00:00:00,PRD-A,44.0,1283.0,0.034294621979735,0.028955994840970098,0.04661195978611832,0.06426792473126654,False,False,False,False,False
2024-11-24 08:00:00,PRD-A,38.0,1324.0,0.028700906344410877,0.029231518715419347,0.04661195978611832,0.06399240085681729,True,True,False,False,True
2024-11-24 16:00:00,PRD-A,40.0,1191.0,0.033585222502099076,0.028286752100857928,0.04661195978611832,0.0649371674713787,False,True,False,False,True
2024-11-25 00:00:00,PRD-A,53.0,1346.0,0.03937592867756315,0.02937414317165598,0.04661195978611832,0.06384977640058065,False,True,True,False,True
2024-11-25 08:00:00,PRD-A,34.0,1253.0,0.02713487629688747,0.028745880762893368,0.04661195978611832,0.06447803880934327,True,True,True,False,True
2024-11-25 16:00:00,PRD-A,47.0,1282.0,0.036661466458658344,0.0289491100815175,0.04661195978611832,0.06427480949071913,False,False,True,False,True
2024-12-02 00:00:00,PRD-A,24.0,1268.0,0.01892744479495268,0.028851869906757307,0.04661195978611832,0.06437204966547933,True,True,True,False,True
2024-12-02 08:00:00,PRD-A,27.0,1260.0,0.02142857142857143,0.028795577880087565,0.04661195978611832,0.06442834169214907,True,True,True,True,True
2024-12-02 16:00:00,PRD-A,57.0,1222.0,0.046644844517184945,0.02852068445854619,0.04661195978611832,0.06470323511369044,False,True,True,False,True
2024-12-03 00:00:00,PRD-A,45.0,1258.0,0.03577106518282989,0.028781421038834357,0.04661195978611832,0.06444249853340228,False,False,True,False,True
2024-12-03 08:00:00,PRD-A,38.0,1268.0,0.02996845425867508,0.028851869906757307,0.04661195978611832,0.06437204966547933,False,False,True,False,True
2024-12-03 16:00:00,PRD-A,49.0,1228.0,0.039902280130293157,0.028564935504009105,0.04661195978611832,0.06465898406822754,False,False,True,False,True
2024-12-10 00:00:00,PRD-A,71.0,1257.0,0.056483691328560064,0.02877432995136084,0.04661195978611832,0.0644495896208758,False,False,False,False,False
2024-12-10 08:00:00,PRD-A,76.0,1288.0,0.059006211180124224,0.02899029828302028,0.04661195978611832,0.06423362128921636,False,False,False,False,False
2024-12-10 16:00:00,PRD-A,97.0,1235.0,0.07854251012145749,0.028616153596331857,0.04661195978611832,0.06460776597590479,True,True,False,False,True
2024-12-11 00:00:00,PRD-A,80.0,1271.0,0.06294256490952006,0.028872842269765883,0.04661195978611832,0.06435107730247075,False,True,True,False,True
2024-12-11 08:00:00,PRD-A,68.0,1247.0,0.0545308740978348,0.028702950595216888,0.04661195978611832,0.06452096897701975,False,True,True,False,True
2024-12-11 16:00:00,PRD-A,111.0,1211.0,0.0916597853014038,0.02843870503614624,0.04661195978611832,0.0647852145360904,True,True,True,False,True
2024-12-18 00:00:00,PRD-A,38.0,1274.0,0.029827315541601257,0.028893740510890924,0.04661195978611832,0.06433017906134571,False,False,True,False,True
2024-12-18 08:00:00,PRD-A,40.0,1253.0,0.03192338387869114,0.028745880762893368,0.04661195978611832,0.06447803880934327,False,True,False,False,True
2024-12-18 16:00:00,PRD-A,70.0,1232.0,0.056818181818181816,0.028594256440160525,0.04661195978611832,0.0646296631320761,False,True,False,False,True
2024-12-19 00:00:00,PRD-A,50.0,1256.0,0.03980891719745223,0.028767230396916643,0.04661195978611832,0.06445668917531999,False,False,False,False,False
2024-12-19 08:00:00,PRD-A,52.0,1283.0,0.04053000779423227,0.028955994840970098,0.04661195978611832,0.06426792473126654,False,False,True,False,True
2024-12-19 16:00:00,PRD-A,78.0,1195.0,0.06527196652719665,0.028317447612667156,0.04661195978611832,0.06490647195956947,True,False,False,False,True
2024-12-26 00:00:00,PRD-A,64.0,1222.0,0.05237315875613748,0.02852068445854619,0.04661195978611832,0.06470323511369044,False,False,False,False,False
2024-12-26 08:00:00,PRD-A,56.0,1223.0,0.04578904333605887,0.028528082240629197,0.04661195978611832,0.06469583733160744,False,False,False,False,False
2024-12-26 16:00:00,PRD-A,62.0,1202.0,0.051580698835274545,0.028370795605940472,0.04661195978611832,0.06485312396629617,False,False,False,False,False
2024-12-27 00:00:00,PRD-A,53.0,1245.0,0.04257028112449799,0.028688571621249864,0.04661195978611832,0.06453534795098677,False,False,False,False,False
2024-12-27 08:00:00,PRD-A,69.0,1243.0,0.05551086082059534,0.028674157957348373,0.04661195978611832,0.06454976161488826,False,False,False,False,False
2024-12-27 16:00:00,PRD-A,88.0,1219.0,0.07219031993437244,0.028498436519833407,0.04661195978611832,0.06472548305240322,True,False,False,False,True
2025-01-03 00:00:00,PRD-A,63.0,1221.0,0.051597051597051594,0.0285132775901386,0.04661195978611832,0.06471064198209803,False,False,False,False,False
2025-01-03 08:00:00,PRD-A,58.0,1183.0,0.04902789518174133,0.028224894683818915,0.04661195978611832,0.06499902488841772,False,False,False,False,False
2025-01-03 16:00:00,PRD-A,76.0,1211.0,0.06275805119735756,0.02843870503614624,0.04661195978611832,0.0647852145360904,False,False,False,False,False
2025-01-04 00:00:00,PRD-A,56.0,1215.0,0.04609053497942387,0.028468644520645535,0.04661195978611832,0.0647552750515911,False,False,False,False,False
2025-01-04 08:00:00,PRD-A,75.0,1249.0,0.0600480384307446,0.028717295018175947,0.04661195978611832,0.06450662455406068,False,True,False,False,True
2025-01-04 16:00:00,PRD-A,89.0,1168.0,0.0761986301369863,0.028107203712009213,0.04661195978611832,0.06511671586022742,True,True,False,False,True
2025-01-11 00:00:00,PRD-A,62.0,1161.0,0.053402239448751075,0.02805150232069731,0.04661195978611832,0.06517241725153933,False,True,True,False,True
2025-01-11 08:00:00,PRD-A,73.0,1235.0,0.05910931174089069,0.028616153596331857,0.04661195978611832,0.06460776597590479,False,True,True,False,True
2025-01-11 16:00:00,PRD-A,81.0,1203.0,0.06733167082294264,0.028378378713389416,0.04661195978611832,0.06484554085884722,True,True,True,False,True
2025-01-12 00:00:00,PRD-A,66.0,1213.0,0.05441055234954658,0.028453693290036226,0.04661195978611832,0.06477022628220042,False,True,True,False,True
2025-01-12 08:00:00,PRD-A,73.0,1233.0,0.059205190592051905,0.028601564371244333,0.04661195978611832,0.0646223552009923,False,True,True,False,True
2025-01-12 16:00:00,PRD-A,66.0,847.0,0.07792207792207792,0.024881791937946297,0.04661195978611832,0.06834212763429034,True,True,True,True,True
2025-01-19 00:00:00,PRD-A,49.0,1252.0,0.03913738019169329,0.02873874717146388,0.04661195978611832,0.06448517240077276,False,True,True,False,True
2025-01-19 08:00:00,PRD-A,42.0,1246.0,0.033707865168539325,0.028695765435773988,0.04661195978611832,0.06452815413646265,False,False,False,False,False
2025-01-19 16:00:00,PRD-A,56.0,1194.0,0.04690117252931323,0.028309788197563544,0.04661195978611832,0.06491413137467308,False,False,False,False,False
2025-01-20 00:00:00,PRD-A,39.0,1307.0,0.029839326702371844,0.029118851187411022,0.04661195978611832,0.06410506838482562,False,True,False,False,True
2025-01-20 08:00:00,PRD-A,42.0,1275.0,0.03294117647058824,0.028900690195125808,0.04661195978611832,0.06432322937711082,False,True,True,False,True
2025-01-20 16:00:00,PRD-A,56.0,1218.0,0.04597701149425287,0.02849100228054388,0.04661195978611832,0.06473291729169275,False,True,False,False,True
2025-01-27 00:00:00,PRD-A,28.0,1216.0,0.023026315789473683,0.028476106299807707,0.04661195978611832,0.06474781327242893,True,True,False,False,True
2025-01-27 08:00:00,PRD-A,38.0,1314.0,0.0289193302891933,0.02916550844717765,0.04661195978611832,0.06405841112505899,True,True,True,False,True
2025-01-27 16:00:00,PRD-A,54.0,1242.0,0.043478260869565216,0.028666938073043637,0.04661195978611832,0.064556981499193,False,True,False,False,True
2025-01-28 00:00:00,PRD-A,55.0,1264.0,0.043512658227848104,0.02882379069573896,0.04661195978611832,0.06440012887649768,False,False,False,False,False
2025-01-28 08:00:00,PRD-A,51.0,1295.0,0.039382239382239385,0.029037988929336636,0.04661195978611832,0.0641859306429,False,False,False,True,True
2025-01-28 16:00:00,PRD-A,56.0,1227.0,0.045639771801140996,0.028557582876170096,0.04661195978611832,0.06466633669606654,False,False,False,True,True
2025-02-04 00:00:00,PRD-A,30.0,1214.0,0.02471169686985173,0.02846117352371969,0.04661195978611832,0.06476274604851695,True,False,False,True,True
2025-02-04 08:00:00,PRD-A,41.0,1277.0,0.03210649960845732,0.028914565065716817,0.04661195978611832,0.06430935450651981,False,True,False,True,True
2025-02-04 16:00:00,PRD-A,42.0,1226.0,0.03425774877650897,0.028550221254290294,0.04661195978611832,0.06467369831794634,False,True,True,True,True
2025-02-05 00:00:00,PRD-A,37.0,1241.0,0.029814665592264304,0.028659709463802596,0.04661195978611832,0.06456421010843404,False,True,True,True,True
2025-02-05 08:00:00,PRD-A,42.0,1215.0,0.0345679012345679,0.028468644520645535,0.04661195978611832,0.0647552750515911,False,True,True,True,True
2025-02-05 16:00:00,PRD-A,56.0,1258.0,0.04451510333863275,0.028781421038834357,0.04661195978611832,0.06444249853340228,False,False,True,True,True
2025-02-12 00:00:00,PRD-A,88.0,1174.0,0.07495741056218058,0.028154550713456246,0.04661195978611832,0.0650693688587804,True,False,False,False,True
2025-02-12 08:00:00,PRD-A,97.0,1186.0,0.081787521079258,0.028248164549842067,0.04661195978611832,0.06497575502239457,True,True,False,False,True
2025-02-12 16:00:00,PRD-A,141.0,1104.0,0.12771739130434784,0.027578389973335907,0.04661195978611832,0.06564552959890073,True,True,False,False,True
2025-02-13 00:00:00,PRD-A,95.0,952.0,0.09978991596638656,0.026115148061329262,0.04661195978611832,0.06710877151090737,True,True,True,False,True
2025-02-13 08:00:00,PRD-A,40.0,1295.0,0.03088803088803089,0.029037988929336636,0.04661195978611832,0.0641859306429,False,True,True,False,True
2025-02-13 16:00:00,PRD-A,46.0,1247.0,0.03688853247794707,0.028702950595216888,0.04661195978611832,0.06452096897701975,False,False,False,False,False
2025-02-20 00:00:00,PRD-A,78.0,1180.0,0.06610169491525424,0.02820153613308911,0.04661195978611832,0.06502238343914753,True,False,False,False,True
2025-02-20 08:00:00,PRD-A,101.0,1267.0,0.07971586424625099,0.028844862571752207,0.04661195978611832,0.06437905700048444,True,True,False,False,True
2025-02-20 16:00:00,PRD-A,118.0,1219.0,0.09680065627563576,0.028498436519833407,0.04661195978611832,0.06472548305240322,True,True,False,False,True
2025-02-21 00:00:00,PRD-A,80.0,1236.0,0.06472491909385113,0.028623434926263666,0.04661195978611832,0.06460048464597297,True,True,True,False,True
2025-02-21 08:00:00,PRD-A,94.0,1259.0,0.07466243050039714,0.02878850367615343,0.04661195978611832,0.0644354158960832,True,True,True,False,True
2025-02-21 16:00:00,PRD-A,137.0,1189.0,0.1152228763666947,0.028271346290919486,0.04661195978611832,0.06495257328131715,True,True,True,False,True
2025-02-28 00:00:00,PRD-A,35.0,1270.0,0.027559055118110236,0.028865859739475253,0.04661195978611832,0.06435805983276138,True,True,True,False,True
2025-02-28 08:00:00,PRD-A,45.0,1261.0,0.035685963521015066,0.028802643667359712,0.04661195978611832,0.06442127590487692,False,False,False,False,False
2025-02-28 16:00:00,PRD-A,67.0,1258.0,0.05325914149443561,0.028781421038834357,0.04661195978611832,0.06444249853340228,False,False,False,False,False
2025-03-01 00:00:00,PRD-A,45.0,1226.0,0.0367047308319739,0.028550221254290294,0.04661195978611832,0.06467369831794634,False,False,False,False,False
2025-03-01 08:00:00,PRD-A,66.0,1268.0,0.052050473186119876,0.028851869906757307,0.04661195978611832,0.06437204966547933,False,False,False,False,False
2025-03-01 16:00:00,PRD-A,64.0,1222.0,0.05237315875613748,0.02852068445854619,0.04661195978611832,0.06470323511369044,False,False,False,False,False
2025-03-08 00:00:00,PRD-A,53.0,1200.0,0.04416666666666667,0.02835560096425526,0.04661195978611832,0.06486831860798137,False,False,False,False,False
2025-03-08 08:00:00,PRD-A,40.0,989.0,0.04044489383215369,0.026502211235386743,0.04661195978611832,0.0667217083368499,False,False,False,False,False
2025-03-08 16:00:00,PRD-A,39.0,1269.0,0.030732860520094562,0.028858868957227873,0.04661195978611832,0.06436505061500876,False,False,False,False,False
2025-03-09 00:00:00,PRD-A,33.0,1317.0,0.025056947608200455,0.029185390449464325,0.04661195978611832,0.0640385291227723,True,True,False,False,True
2025-03-09 08:00:00,PRD-A,20.0,1270.0,0.015748031496062992,0.028865859739475253,0.04661195978611832,0.06435805983276138,True,True,False,False,True
2025-03-09 16:00:00,PRD-A,53.0,1209.0,0.043837882547559964,0.028423679605923506,0.04661195978611832,0.06480023996631312,False,True,False,False,True
2025-03-16 00:00:00,PRD-A,30.0,1244.0,0.024115755627009645,0.028681369134254363,0.04661195978611832,0.06454255043798227,True,True,True,False,True
2025-03-16 08:00:00,PRD-A,23.0,1314.0,0.01750380517503805,0.02916550844717765,0.04661195978611832,0.06405841112505899,True,True,True,True,True
2025-03-16 16:00:00,PRD-A,49.0,1273.0,0.0384917517674784,0.02888678263931889,0.04661195978611832,0.06433713693291775,False,True,True,True,True
2025-03-17 00:00:00,PRD-A,29.0,1231.0,0.023558082859463852,0.028586939606012857,0.04661195978611832,0.06463697996622378,True,True,True,True,True
2025-03-17 08:00:00,PRD-A,39.0,1284.0,0.030373831775700934,0.028962871555912602,0.04661195978611832,0.06426104801632404,False,True,True,True,True
2025-03-17 16:00:00,PRD-A,45.0,1230.0,0.036585365853658534,0.028579613850709347,0.04661195978611832,0.0646443057215273,False,True,True,True,True
2025-03-24 00:00:00,PRD-A,40.0,1250.0,0.032,0.02872445431622922,0.04661195978611832,0.06449946525600742,False,True,True,True,True
2025-03-24 08:00:00,PRD-A,35.0,1222.0,0.028641571194762683,0.02852068445854619,0.04661195978611832,0.06470323511369044,False,True,True,True,True
2025-03-24 16:00:00,PRD-A,61.0,1244.0,0.04903536977491962,0.028681369134254363,0.04661195978611832,0.06454255043798227,False,True,True,False,True
2025-03-25 00:00:00,PRD-A,46.0,1205.0,0.038174273858921165,0.028393516599828583,0.04661195978611832,0.06483040297240805,False,False,True,False,True
2025-03-25 08:00:00,PRD-A,61.0,1284.0,0.04750778816199377,0.028962871555912602,0.04661195978611832,0.06426104801632404,False,False,False,False,False
2025-03-25 16:00:00,PRD-A,67.0,1201.0,0.05578684429641965,0.02836320302947009,0.04661195978611832,0.06486071654276654,False,False,False,False,False
2025-04-01 00:00:00,PRD-A,48.0,1217.0,0.03944124897288414,0.028483558880145532,0.04661195978611832,0.0647403606920911,False,False,False,False,False
2025-04-01 08:00:00,PRD-A,44.0,1272.0,0.03459119496855346,0.02887981656432141,0.04661195978611832,0.06434410300791522,False,False,False,False,False
2025-04-01 16:00:00,PRD-A,71.0,1197.0,0.059314954051796154,0.02833273763804913,0.04661195978611832,0.0648911819341875,False,False,False,False,False
2025-04-02 00:00:00,PRD-A,53.0,1248.0,0.04246794871794872,0.028710127116919948,0.04661195978611832,0.06451379245531669,False,False,False,False,False
2025-04-02 08:00:00,PRD-A,58.0,1227.0,0.04726976365118175,0.028557582876170096,0.04661195978611832,0.06466633669606654,False,False,False,False,False
2025-04-02 16:00:00,PRD-A,78.0,1171.0,0.06660973526900085,0.02813092269984891,0.04661195978611832,0.06509299687238773,True,False,False,False,True
2025-04-09 00:00:00,PRD-A,46.0,1223.0,0.03761242845461979,0.028528082240629197,0.04661195978611832,0.06469583733160744,False,False,False,False,False
2025-04-09 08:00:00,PRD-A,65.0,1260.0,0.051587301587301584,0.028795577880087565,0.04661195978611832,0.06442834169214907,False,False,False,False,False
2025-04-09 16:00:00,PRD-A,71.0,1255.0,0.05657370517928287,0.028760122358638653,0.04661195978611832,0.06446379721359799,False,False,False,False,False
2025-04-10 00:00:00,PRD-A,65.0,1179.0,0.0551314673452078,0.028193730144333424,0.04661195978611832,0.06503018942790321,False,False,False,False,False
2025-04-10 08:00:00,PRD-A,49.0,1225.0,0.04,0.028542850620018257,0.04661195978611832,0.06468106895221838,False,False,False,False,False
2025-04-10 16:00:00,PRD-A,79.0,1186.0,0.06661045531197302,0.028248164549842067,0.04661195978611832,0.06497575502239457,True,False,False,False,True
2025-04-17 00:00:00,PRD-A,29.0,1269.0,0.022852639873916468,0.028858868957227873,0.04661195978611832,0.06436505061500876,True,False,False,False,True
2025-04-17 08:00:00,PRD-A,27.0,1316.0,0.020516717325227963,0.029178770669800437,0.04661195978611832,0.0640451489024362,True,True,False,False,True
2025-04-17 16:00:00,PRD-A,59.0,1238.0,0.04765751211631664,0.028637971110342574,0.04661195978611832,0.06458594846189405,False,True,False,False,True
2025-04-18 00:00:00,PRD-A,37.0,1321.0,0.028009084027252083,0.02921179435756391,0.04661195978611832,0.06401212521467273,True,True,False,False,True
2025-04-18 08:00:00,PRD-A,32.0,1286.0,0.024883359253499222,0.02897660091484009,0.04661195978611832,0.06424731865739655,True,True,True,False,True
2025-04-18 16:00:00,PRD-A,56.0,1252.0,0.04472843450479233,0.02873874717146388,0.04661195978611832,0.06448517240077276,False,True,False,False,True
2025-04-25 00:00:00,PRD-A,34.0,1281.0,0.02654176424668228,0.028942217261858208,0.04661195978611832,0.06428170231037843,True,True,False,False,True
2025-04-25 08:00:00,PRD-A,58.0,1331.0,0.04357625845229151,0.029277282604321702,0.04661195978611832,0.06394663696791493,False,False,False,False,False
2025-04-25 16:00:00,PRD-A,41.0,1292.0,0.03173374613003096,0.02901759754263951,0.04661195978611832,0.06420632202959713,False,True,False,False,True
2025-04-26 00:00:00,PRD-A,39.0,1301.0,0.02997694081475788,0.029078559905017766,0.04661195978611832,0.06414535966721888,False,True,False,False,True
2025-04-26 08:00:00,PRD-A,30.0,1306.0,0.022970903522205207,0.029112155260429453,0.04661195978611832,0.06411176431180718,True,True,True,True,True
2025-04-26 16:00:00,PRD-A,59.0,1225.0,0.04816326530612245,0.028542850620018257,0.04661195978611832,0.06468106895221838,False,True,False,False,True
2025-05-03 00:00:00,PRD-A,57.0,1240.0,0.04596774193548387,0.028652472112038196,0.04661195978611832,0.06457144746019844,False,False,False,False,False
2025-05-03 08:00:00,PRD-A,74.0,1288.0,0.05745341614906832,0.02899029828302028,0.04661195978611832,0.06423362128921636,False,False,False,False,False
2025-05-03 16:00:00,PRD-A,88.0,1215.0,0.07242798353909465,0.028468644520645535,0.04661195978611832,0.0647552750515911,True,False,False,False,True
2025-05-04 00:00:00,PRD-A,140.0,1322.0,0.1059001512859304,0.02921837660309111,0.04661195978611832,0.06400554296914553,True,True,False,False,True
2025-05-04 08:00:00,PRD-A,92.0,1276.0,0.07210031347962383,0.028907631708067708,0.04661195978611832,0.06431628786416893,True,True,True,False,True
2025-05-04 16:00:00,PRD-A,122.0,1269.0,0.09613869188337273,0.028858868957227873,0.04661195978611832,0.06436505061500876,True,True,True,False,True
2025-05-11 00:00:00,PRD-A,56.0,1234.0,0.04538087520259319,0.028608863417304935,0.04661195978611832,0.0646150561549317,False,True,True,False,True
2025-05-11 08:00:00,PRD-A,56.0,1270.0,0.04409448818897638,0.028865859739475253,0.04661195978611832,0.06435805983276138,False,False,False,False,False
2025-05-11 16:00:00,PRD-A,71.0,1246.0,0.05698234349919743,0.028695765435773988,0.04661195978611832,0.06452815413646265,False,False,False,False,False
2025-05-12 00:00:00,PRD-A,42.0,1022.0,0.0410958904109589,0.02682954342750681,0.04661195978611832,0.06639437614472983,False,False,False,False,False
2025-05-12 08:00:00,PRD-A,36.0,1355.0,0.026568265682656828,0.029431485910315254,0.04661195978611832,0.06379243366192139,True,False,False,False,True
2025-05-12 16:00:00,PRD-A,35.0,1256.0,0.02786624203821656,0.028767230396916643,0.04661195978611832,0.06445668917531999,True,True,False,False,True
2025-05-19 00:00:00,PRD-A,67.0,1172.0,0.05716723549488054,0.028138808783880368,0.04661195978611832,0.06508511078835627,False,True,False,False,True
2025-05-19 08:00:00,PRD-A,58.0,1241.0,0.046736502820306204,0.028659709463802596,0.04661195978611832,0.06456421010843404,False,False,False,False,False
2025-05-19 16:00:00,PRD-A,103.0,1188.0,0.0867003367003367,0.028263628801204827,0.04661195978611832,0.06496029077103181,True,False,False,False,True
2025-05-20 00:00:00,PRD-A,57.0,1023.0,0.05571847507331378,0.0268392146167226,0.04661195978611832,0.06638470495551403,False,False,False,False,False
2025-05-20 08:00:00,PRD-A,24.0,1301.0,0.018447348193697154,0.029078559905017766,0.04661195978611832,0.06414535966721888,True,False,False,False,True
2025-05-20 16:00:00,PRD-A,51.0,1259.0,0.04050833995234313,0.02878850367615343,0.04661195978611832,0.0644354158960832,False,False,False,False,False
2025-05-27 00:00:00,PRD-A,64.0,1129.0,0.0566873339238264,0.027790304501996415,0.04661195978611832,0.06543361507024022,False,False,False,False,False
2025-05-27 08:00:00,PRD-A,67.0,1216.0,0.055098684210526314,0.028476106299807707,0.04661195978611832,0.06474781327242893,False,False,False,False,False
2025-05-27 16:00:00,PRD-A,77.0,842.0,0.09144893111638955,0.024817367936975716,0.04661195978611832,0.06840655163526092,True,False,False,False,True
2025-05-28 00:00:00,PRD-A,39.0,1300.0,0.03,0.029071817586029437,0.04661195978611832,0.0641521019862072,False,False,False,False,False
2025-05-28 08:00:00,PRD-A,35.0,1313.0,0.026656511805026657,0.02915886597545822,0.04661195978611832,0.06406505359677842,True,True,False,False,True
2025-05-28 16:00:00,PRD-A,51.0,1256.0,0.04060509554140127,0.028767230396916643,0.04661195978611832,0.06445668917531999,False,True,False,False,True
2025-06-04 00:00:00,PRD-A,44.0,1246.0,0.03531300160513644,0.028695765435773988,0.04661195978611832,0.06452815413646265,False,False,True,False,True
2025-06-04 08:00:00,PRD-A,65.0,1342.0,0.04843517138599106,0.02934847254445635,0.04661195978611832,0.06387544702778028,False,False,True,False,True
2025-06-04 16:00:00,PRD-A,48.0,1190.0,0.040336134453781515,0.028279054050661105,0.04661195978611832,0.06494486552157552,False,False,True,False,True
2025-06-05 00:00:00,PRD-A,45.0,1273.0,0.03534956794972506,0.02888678263931889,0.04661195978611832,0.06433713693291775,False,False,True,False,True
2025-06-05 08:00:00,PRD-A,45.0,1289.0,0.03491078355314197,0.028997135009369977,0.04661195978611832,0.06422678456286665,False,False,True,False,True
2025-06-05 16:00:00,PRD-A,60.0,1239.0,0.048426150121065374,0.028645226000113714,0.04661195978611832,0.06457869357212292,False,False,False,False,False
2025-06-12 00:00:00,PRD-A,28.0,1259.0,0.022239872915011914,0.02878850367615343,0.04661195978611832,0.0644354158960832,True,False,True,False,True
2025-06-12 08:00:00,PRD-A,42.0,1279.0,0.0328381548084441,0.028928407378918386,0.04661195978611832,0.06429551219331825,False,True,True,False,True
2025-06-12 16:00:00,PRD-A,42.0,1284.0,0.03271028037383177,0.028962871555912602,0.04661195978611832,0.06426104801632404,False,True,True,False,True
2025-06-13 00:00:00,PRD-A,39.0,1259.0,0.030976965845909452,0.02878850367615343,0.04661195978611832,0.0644354158960832,False,True,True,False,True
2025-06-13 08:00:00,PRD-A,40.0,1218.0,0.03284072249589491,0.02849100228054388,0.04661195978611832,0.06473291729169275,False,True,True,False,True
2025-06-13 16:00:00,PRD-A,71.0,1214.0,0.05848434925864909,0.02846117352371969,0.04661195978611832,0.06476274604851695,False,True,True,False,True
2025-06-20 00:00:00,PRD-A,39.0,1214.0,0.03212520593080725,0.02846117352371969,0.04661195978611832,0.06476274604851695,False,True,True,False,True
2025-06-20 08:00:00,PRD-A,27.0,1323.0,0.02040816326530612,0.02922495138434398,0.04661195978611832,0.06399896818789266,True,True,True,False,True
2025-06-20 16:00:00,PRD-A,69.0,1274.0,0.05416012558869702,0.028893740510890924,0.04661195978611832,0.06433017906134571,False,True,False,False,True
2025-06-21 00:00:00,PRD-A,40.0,1211.0,0.03303055326176713,0.02843870503614624,0.04661195978611832,0.0647852145360904,False,True,False,False,True
2025-06-21 08:00:00,PRD-A,43.0,1269.0,0.0338849487785658,0.028858868957227873,0.04661195978611832,0.06436505061500876,False,True,True,False,True
2025-06-21 16:00:00,PRD-A,59.0,1225.0,0.04816326530612245,0.028542850620018257,0.04661195978611832,0.06468106895221838,False,True,False,False,True
2025-06-28 00:00:00,PRD-A,55.0,1217.0,0.04519309778142974,0.028483558880145532,0.04661195978611832,0.0647403606920911,False,False,False,False,False
2025-06-28 08:00:00,PRD-A,62.0,1225.0,0.05061224489795919,0.028542850620018257,0.04661195978611832,0.06468106895221838,False,False,False,False,False
2025-06-28 16:00:00,PRD-A,78.0,1201.0,0.0649458784346378,0.02836320302947009,0.04661195978611832,0.06486071654276654,True,False,False,False,True
2025-06-29 00:00:00,PRD-A,74.0,1268.0,0.0583596214511041,0.028851869906757307,0.04661195978611832,0.06437204966547933,False,False,False,False,False
2025-06-29 08:00:00,PRD-A,61.0,1283.0,0.0475448168355417,0.028955994840970098,0.04661195978611832,0.06426792473126654,False,False,False,False,False
2025-06-29 16:00:00,PRD-A,86.0,1191.0,0.07220822837951302,0.028286752100857928,0.04661195978611832,0.0649371674713787,True,False,False,False,True
2024-01-07 00:00:00,PRD-A,64.0,1264.0,0.05063291139240506,0.02882379069573896,0.04661195978611832,0.06440012887649768,False,False,False,False,False
2024-01-07 08:00:00,PRD-A,69.0,1250.0,0.0552,0.02872445431622922,0.04661195978611832,0.06449946525600742,False,False,False,False,False
2024-01-07 16:00:00,PRD-A,80.0,1159.0,0.06902502157031924,0.028035495023659564,0.04661195978611832,0.06518842454857707,True,False,False,True,True
2024-01-08 00:00:00,PRD-A,61.0,1250.0,0.0488,0.02872445431622922,0.04661195978611832,0.06449946525600742,False,False,False,True,True
2024-01-08 08:00:00,PRD-A,69.0,1228.0,0.05618892508143322,0.028564935504009105,0.04661195978611832,0.06465898406822754,False,False,False,True,True
2024-01-08 16:00:00,PRD-A,102.0,1170.0,0.08717948717948718,0.028123026507612413,0.04661195978611832,0.06510089306462422,True,False,True,True,True
2024-01-15 00:00:00,PRD-A,58.0,1215.0,0.047736625514403296,0.028468644520645535,0.04661195978611832,0.0647552750515911,False,False,False,True,True
2024-01-15 08:00:00,PRD-A,74.0,1261.0,0.05868358445678033,0.028802643667359712,0.04661195978611832,0.06442127590487692,False,True,False,True,True
2024-01-15 16:00:00,PRD-A,114.0,1186.0,0.09612141652613827,0.028248164549842067,0.04661195978611832,0.06497575502239457,True,True,True,True,True
2024-01-16 00:00:00,PRD-A,80.0,1264.0,0.06329113924050633,0.02882379069573896,0.04661195978611832,0.06440012887649768,False,True,True,True,True
2024-01-16 08:00:00,PRD-A,72.0,1217.0,0.05916187345932621,0.028483558880145532,0.04661195978611832,0.0647403606920911,False,True,True,True,True
2024-01-16 16:00:00,PRD-A,97.0,1174.0,0.08262350936967632,0.028154550713456246,0.04661195978611832,0.0650693688587804,True,True,True,True,True
2024-01-23 00:00:00,PRD-A,23.0,1221.0,0.018837018837018837,0.0285132775901386,0.04661195978611832,0.06471064198209803,True,True,True,False,True
2024-01-23 08:00:00,PRD-A,32.0,1311.0,0.02440884820747521,0.029145558239014123,0.04661195978611832,0.0640783613332225,True,True,False,False,True
2024-01-23 16:00:00,PRD-A,37.0,1223.0,0.03025347506132461,0.028528082240629197,0.04661195978611832,0.06469583733160744,False,True,False,False,True
2024-01-24 00:00:00,PRD-A,39.0,1296.0,0.03009259259259259,0.029044770319076596,0.04661195978611832,0.06417914925316004,False,True,True,False,True
2024-01-24 08:00:00,PRD-A,49.0,1240.0,0.03951612903225806,0.028652472112038196,0.04661195978611832,0.06457144746019844,False,True,True,False,True
2024-01-24 16:00:00,PRD-A,59.0,1232.0,0.04788961038961039,0.028594256440160525,0.04661195978611832,0.0646296631320761,False,False,True,False,True
2024-01-31 00:00:00,PRD-A,62.0,688.0,0.09011627906976744,0.022501218279745633,0.04661195978611832,0.070722701292491,True,False,False,False,True
2024-01-31 08:00:00,PRD-A,36.0,1307.0,0.02754399387911247,0.029118851187411022,0.04661195978611832,0.06410506838482562,True,False,False,False,True
2024-01-31 16:00:00,PRD-A,61.0,1274.0,0.047880690737833596,0.028893740510890924,0.04661195978611832,0.06433017906134571,False,False,False,False,False
2024-02-01 00:00:00,PRD-A,43.0,1308.0,0.03287461773700306,0.02912553943410883,0.04661195978611832,0.0640983801381278,False,True,False,False,True
2024-02-01 08:00:00,PRD-A,42.0,1279.0,0.0328381548084441,0.028928407378918386,0.04661195978611832,0.06429551219331825,False,True,False,False,True
2024-02-01 16:00:00,PRD-A,66.0,1237.0,0.05335489086499596,0.028630707424988164,0.04661195978611832,0.06459321214724847,False,True,False,False,True
2024-02-08 00:00:00,PRD-A,70.0,1233.0,0.05677210056772101,0.028601564371244333,0.04661195978611832,0.0646223552009923,False,False,False,False,False
2024-02-08 08:00:00,PRD-A,69.0,1232.0,0.056006493506493504,0.028594256440160525,0.04661195978611832,0.0646296631320761,False,False,False,False,False
2024-02-08 16:00:00,PRD-A,77.0,1221.0,0.06306306306306306,0.0285132775901386,0.04661195978611832,0.06471064198209803,False,False,True,False,True
2024-02-09 00:00:00,PRD-A,75.0,1211.0,0.061932287365813375,0.02843870503614624,0.04661195978611832,0.0647852145360904,False,True,True,False,True
2024-02-09 08:00:00,PRD-A,84.0,1276.0,0.06583072100313479,0.028907631708067708,0.04661195978611832,0.06431628786416893,True,True,True,False,True
2024-02-09 16:00:00,PRD-A,95.0,1233.0,0.0770478507704785,0.028601564371244333,0.04661195978611832,0.0646223552009923,True,True,True,False,True
2024-02-16 00:00:00,PRD-A,62.0,1152.0,0.05381944444444445,0.027979141588317175,0.04661195978611832,0.06524477798391946,False,True,True,True,True
2024-02-16 08:00:00,PRD-A,72.0,1279.0,0.05629397967161845,0.028928407378918386,0.04661195978611832,0.06429551219331825,False,False,True,True,True
2024-02-16 16:00:00,PRD-A,98.0,1149.0,0.08529155787641428,0.02795483261751326,0.04661195978611832,0.06526908695472337,True,False,True,True,True
2024-02-17 00:00:00,PRD-A,63.0,1242.0,0.050724637681159424,0.028666938073043637,0.04661195978611832,0.064556981499193,False,False,True,True,True
2024-02-17 08:00:00,PRD-A,84.0,1238.0,0.06785137318255251,0.028637971110342574,0.04661195978611832,0.06458594846189405,True,True,True,True,True
2024-02-17 16:00:00,PRD-A,102.0,1196.0,0.08528428093645485,0.028325097419471798,0.04661195978611832,0.06489882215276484,True,True,True,True,True
2024-02-24 00:00:00,PRD-A,71.0,1212.0,0.05858085808580858,0.028446203800546355,0.04661195978611832,0.06477771577169028,False,True,True,True,True
2024-02-24 08:00:00,PRD-A,69.0,1248.0,0.055288461538461536,0.028710127116919948,0.04661195978611832,0.06451379245531669,False,False,True,True,True
2024-02-24 16:00:00,PRD-A,93.0,1237.0,0.07518189167340339,0.028630707424988164,0.04661195978611832,0.06459321214724847,True,False,True,True,True
2024-02-25 00:00:00,PRD-A,75.0,1221.0,0.06142506142506143,0.0285132775901386,0.04661195978611832,0.06471064198209803,False,True,True,True,True
2024-02-25 08:00:00,PRD-A,71.0,1230.0,0.05772357723577236,0.028579613850709347,0.04661195978611832,0.0646443057215273,False,True,True,True,True
2024-02-25 16:00:00,PRD-A,79.0,1015.0,0.07783251231527094,0.026761445407326986,0.04661195978611832,0.06646247416490965,True,True,True,True,True
2024-03-03 00:00:00,PRD-A,42.0,1280.0,0.0328125,0.0289353163662527,0.04661195978611832,0.06428860320598394,False,False,True,False,True
2024-03-03 08:00:00,PRD-A,34.0,1313.0,0.025894897182025894,0.02915886597545822,0.04661195978611832,0.06406505359677842,True,True,False,False,True
2024-03-03 16:00:00,PRD-A,69.0,1265.0,0.05454545454545454,0.028830822982667422,0.04661195978611832,0.06439309658956921,False,True,False,False,True
2024-03-04 00:00:00,PRD-A,58.0,1289.0,0.04499612102404965,0.028997135009369977,0.04661195978611832,0.06422678456286665,False,False,False,False,False
2024-03-04 08:00:00,PRD-A,53.0,1284.0,0.04127725856697819,0.028962871555912602,0.04661195978611832,0.06426104801632404,False,False,False,False,False
2024-03-04 16:00:00,PRD-A,84.0,1212.0,0.06930693069306931,0.028446203800546355,0.04661195978611832,0.06477771577169028,True,False,False,False,True
2024-03-11 00:00:00,PRD-A,55.0,1265.0,0.043478260869565216,0.028830822982667422,0.04661195978611832,0.06439309658956921,False,False,False,False,False
2024-03-11 08:00:00,PRD-A,33.0,1267.0,0.026045777426992895,0.028844862571752207,0.04661195978611832,0.06437905700048444,True,False,False,False,True
2024-03-11 16:00:00,PRD-A,58.0,1264.0,0.04588607594936709,0.02882379069573896,0.04661195978611832,0.06440012887649768,False,False,False,False,False
2024-03-12 00:00:00,PRD-A,54.0,1313.0,0.04112718964204113,0.02915886597545822,0.04661195978611832,0.06406505359677842,False,False,False,False,False
2024-03-12 08:00:00,PRD-A,80.0,1340.0,0.05970149253731343,0.029335594148602144,0.04661195978611832,0.06388832542363448,False,False,False,False,False
2024-03-12 16:00:00,PRD-A,60.0,1203.0,0.04987531172069826,0.028378378713389416,0.04661195978611832,0.06484554085884722,False,False,False,False,False
2024-03-19 00:00:00,PRD-A,38.0,1212.0,0.03135313531353135,0.028446203800546355,0.04661195978611832,0.06477771577169028,False,False,False,False,False
2024-03-19 08:00:00,PRD-A,44.0,1322.0,0.03328290468986384,0.02921837660309111,0.04661195978611832,0.06400554296914553,False,True,False,False,True
2024-03-19 16:00:00,PRD-A,67.0,1293.0,0.051817478731631866,0.02902440255633187,0.04661195978611832,0.06419951701590476,False,True,False,False,True
2024-03-20 00:00:00,PRD-A,50.0,1318.0,0.03793626707132018,0.029192002693806576,0.04661195978611832,0.06403191687843006,False,False,False,False,False
2024-03-20 08:00:00,PRD-A,64.0,1276.0,0.050156739811912224,0.028907631708067708,0.04661195978611832,0.06431628786416893,False,False,False,False,False
2024-03-20 16:00:00,PRD-A,61.0,1248.0,0.04887820512820513,0.028710127116919948,0.04661195978611832,0.06451379245531669,False,False,False,False,False
2024-03-27 00:00:00,PRD-A,52.0,1254.0,0.04146730462519936,0.0287530058196167,0.04661195978611832,0.06447091375261993,False,False,False,False,False
2024-03-27 08:00:00,PRD-A,94.0,1338.0,0.07025411061285501,0.02932268688820066,0.04661195978611832,0.06390123268403597,True,False,False,False,True
2024-03-27 16:00:00,PRD-A,67.0,1294.0,0.0517774343122102,0.029031199680152796,0.04661195978611832,0.06419271989208383,False,False,False,False,False
2024-03-28 00:00:00,PRD-A,51.0,1309.0,0.03896103896103896,0.02913222001519391,0.04661195978611832,0.06409169955704272,False,False,False,False,False
2024-03-28 08:00:00,PRD-A,49.0,1239.0,0.03954802259887006,0.028645226000113714,0.04661195978611832,0.06457869357212292,False,False,False,False,False
2024-03-28 16:00:00,PRD-A,64.0,1241.0,0.0515713134568896,0.028659709463802596,0.04661195978611832,0.06456421010843404,False,False,False,False,False
2024-04-04 00:00:00,PRD-A,58.0,1191.0,0.04869857262804366,0.028286752100857928,0.04661195978611832,0.0649371674713787,False,False,False,False,False
2024-04-04 08:00:00,PRD-A,55.0,1285.0,0.042801556420233464,0.028969740241998852,0.04661195978611832,0.06425417933023778,False,False,False,False,False
2024-04-04 16:00:00,PRD-A,90.0,1236.0,0.07281553398058252,0.028623434926263666,0.04661195978611832,0.06460048464597297,True,False,False,False,True
2024-04-05 00:00:00,PRD-A,69.0,1264.0,0.05458860759493671,0.02882379069573896,0.04661195978611832,0.06440012887649768,False,False,False,False,False
2024-04-05 08:00:00,PRD-A,69.0,1287.0,0.053613053613053616,0.02898345359000508,0.04661195978611832,0.06424046598223156,False,False,False,False,False
2024-04-05 16:00:00,PRD-A,94.0,1217.0,0.07723911257189811,0.028483558880145532,0.04661195978611832,0.0647403606920911,True,False,True,False,True
2024-04-12 00:00:00,PRD-A,60.0,1254.0,0.04784688995215311,0.0287530058196167,0.04661195978611832,0.06447091375261993,False,False,True,False,True
2024-04-12 08:00:00,PRD-A,49.0,1023.0,0.047898338220918865,0.0268392146167226,0.04661195978611832,0.06638470495551403,False,False,False,False,False
2024-04-12 16:00:00,PRD-A,38.0,1295.0,0.029343629343629343,0.029037988929336636,0.04661195978611832,0.0641859306429,False,False,False,False,False
2024-04-13 00:00:00,PRD-A,29.0,1328.0,0.021837349397590362,0.02925771381858166,0.04661195978611832,0.06396620575365497,True,True,False,False,True
2024-04-13 08:00:00,PRD-A,27.0,1299.0,0.020785219399538105,0.02906506748295097,0.04661195978611832,0.06415885208928566,True,True,False,False,True
2024-04-13 16:00:00,PRD-A,42.0,1300.0,0.03230769230769231,0.029071817586029437,0.04661195978611832,0.0641521019862072,False,True,True,False,True
2024-04-20 00:00:00,PRD-A,82.0,1149.0,0.07136640557006092,0.02795483261751326,0.04661195978611832,0.06526908695472337,True,True,True,False,True
2024-04-20 08:00:00,PRD-A,88.0,1223.0,0.07195421095666395,0.028528082240629197,0.04661195978611832,0.06469583733160744,True,True,False,False,True
2024-04-20 16:00:00,PRD-A,92.0,881.0,0.10442678774120318,0.02530522834566673,0.04661195978611832,0.0679186912265699,True,True,False,False,True
2024-04-21 00:00:00,PRD-A,38.0,1282.0,0.029641185647425898,0.0289491100815175,0.04661195978611832,0.06427480949071913,False,True,False,False,True
2024-04-21 08:00:00,PRD-A,44.0,1295.0,0.03397683397683398,0.029037988929336636,0.04661195978611832,0.0641859306429,False,True,False,False,True
2024-04-21 16:00:00,PRD-A,49.0,1244.0,0.03938906752411576,0.028681369134254363,0.04661195978611832,0.06454255043798227,False,True,False,False,True
2024-04-28 00:00:00,PRD-A,49.0,1217.0,0.04026294165981923,0.028483558880145532,0.04661195978611832,0.0647403606920911,False,False,True,False,True
2024-04-28 08:00:00,PRD-A,56.0,1350.0,0.04148148148148148,0.029399699622499362,0.04661195978611832,0.06382421994973728,False,False,True,False,True
2024-04-28 16:00:00,PRD-A,61.0,1297.0,0.047031611410948346,0.029051543864524867,0.04661195978611832,0.06417237570771177,False,False,False,False,False
2024-04-29 00:00:00,PRD-A,51.0,1253.0,0.040702314445331206,0.028745880762893368,0.04661195978611832,0.06447803880934327,False,False,False,False,False
2024-04-29 08:00:00,PRD-A,67.0,1329.0,0.05041384499623777,0.02926424410892295,0.04661195978611832,0.06395967546331369,False,False,False,False,False
2024-04-29 16:00:00,PRD-A,63.0,1222.0,0.05155482815057283,0.02852068445854619,0.04661195978611832,0.06470323511369044,False,False,False,False,False
2024-05-06 00:00:00,PRD-A,55.0,1223.0,0.044971381847914965,0.028528082240629197,0.04661195978611832,0.06469583733160744,False,False,False,False,False
2024-05-06 08:00:00,PRD-A,50.0,1245.0,0.040160642570281124,0.028688571621249864,0.04661195978611832,0.06453534795098677,False,False,False,False,False
2024-05-06 16:00:00,PRD-A,65.0,991.0,0.06559031281533804,0.026522513864036576,0.04661195978611832,0.06670140570820006,False,False,False,False,False
2024-05-07 00:00:00,PRD-A,58.0,1365.0,0.04249084249084249,0.029494533733523936,0.04661195978611832,0.0637293858387127,False,False,False,False,False
2024-05-07 08:00:00,PRD-A,37.0,1297.0,0.028527370855821126,0.029051543864524867,0.04661195978611832,0.06417237570771177,True,False,False,False,True
2024-05-07 16:00:00,PRD-A,42.0,1253.0,0.0335195530726257,0.028745880762893368,0.04661195978611832,0.06447803880934327,False,True,False,False,True
2024-05-14 00:00:00,PRD-A,103.0,1215.0,0.08477366255144032,0.028468644520645535,0.04661195978611832,0.0647552750515911,True,True,False,False,True
2024-05-14 08:00:00,PRD-A,121.0,1222.0,0.09901800327332243,0.02852068445854619,0.04661195978611832,0.06470323511369044,True,True,False,False,True
2024-05-14 16:00:00,PRD-A,196.0,1089.0,0.17998163452708907,0.027447753094800072,0.04661195978611832,0.06577616647743656,True,True,False,False,True
2024-05-15 00:00:00,PRD-A,170.0,1249.0,0.13610888710968774,0.028717295018175947,0.04661195978611832,0.06450662455406068,True,True,True,False,True
2024-05-15 08:00:00,PRD-A,151.0,1189.0,0.12699747687132043,0.028271346290919486,0.04661195978611832,0.06495257328131715,True,True,True,False,True
2024-05-15 16:00:00,PRD-A,212.0,1160.0,0.18275862068965518,0.028043503846951586,0.04661195978611832,0.06518041572528505,True,True,True,False,True
2024-05-22 00:00:00,PRD-A,46.0,1276.0,0.03605015673981191,0.028907631708067708,0.04661195978611832,0.06431628786416893,False,True,True,False,True
2024-05-22 08:00:00,PRD-A,72.0,1333.0,0.05401350337584396,0.02929029174475206,0.04661195978611832,0.06393362782748457,False,False,True,False,True
2024-05-22 16:00:00,PRD-A,73.0,1256.0,0.058121019108280256,0.028767230396916643,0.04661195978611832,0.06445668917531999,False,False,True,False,True
2024-05-23 00:00:00,PRD-A,45.0,1301.0,0.034588777863182166,0.029078559905017766,0.04661195978611832,0.06414535966721888,False,False,False,False,False
2024-05-23 08:00:00,PRD-A,47.0,1315.0,0.03574144486692015,0.029172143340491917,0.04661195978611832,0.06405177623174471,False,False,False,False,False
2024-05-23 16:00:00,PRD-A,53.0,1230.0,0.043089430894308944,0.028579613850709347,0.04661195978611832,0.0646443057215273,False,False,False,False,False
2024-05-30 00:00:00,PRD-A,49.0,1271.0,0.03855232100708104,0.028872842269765883,0.04661195978611832,0.06435107730247075,False,False,False,False,False
2024-05-30 08:00:00,PRD-A,48.0,1298.0,0.03697996918335902,0.029058309580792793,0.04661195978611832,0.06416560999144384,False,False,True,False,True
2024-05-30 16:00:00,PRD-A,70.0,1254.0,0.05582137161084529,0.0287530058196167,0.04661195978611832,0.06447091375261993,False,False,False,False,False
2024-05-31 00:00:00,PRD-A,53.0,1299.0,0.04080061585835258,0.02906506748295097,0.04661195978611832,0.06415885208928566,False,False,False,False,False
2024-05-31 08:00:00,PRD-A,60.0,1280.0,0.046875,0.0289353163662527,0.04661195978611832,0.06428860320598394,False,False,False,False,False
2024-05-31 16:00:00,PRD-A,71.0,1197.0,0.059314954051796154,0.02833273763804913,0.04661195978611832,0.0648911819341875,False,False,False,False,False
2024-06-07 00:00:00,PRD-A,57.0,1223.0,0.04660670482420278,0.028528082240629197,0.04661195978611832,0.06469583733160744,False,False,False,False,False
2024-06-07 08:00:00,PRD-A,68.0,1250.0,0.0544,0.02872445431622922,0.04661195978611832,0.06449946525600742,False,False,False,False,False
2024-06-07 16:00:00,PRD-A,96.0,1195.0,0.0803347280334728,0.028317447612667156,0.04661195978611832,0.06490647195956947,True,False,False,False,True
2024-06-08 00:00:00,PRD-A,71.0,1223.0,0.0580539656582175,0.028528082240629197,0.04661195978611832,0.06469583733160744,False,False,True,False,True
2024-06-08 08:00:00,PRD-A,73.0,1252.0,0.05830670926517572,0.02873874717146388,0.04661195978611832,0.06448517240077276,False,False,True,False,True
2024-06-08 16:00:00,PRD-A,97.0,1180.0,0.08220338983050847,0.02820153613308911,0.04661195978611832,0.06502238343914753,True,False,True,False,True
2024-06-15 00:00:00,PRD-A,34.0,1268.0,0.026813880126182965,0.028851869906757307,0.04661195978611832,0.06437204966547933,True,False,True,False,True
2024-06-15 08:00:00,PRD-A,71.0,1343.0,0.05286671630677588,0.029354900951769774,0.04661195978611832,0.06386901862046686,False,False,True,False,True
2024-06-15 16:00:00,PRD-A,45.0,1274.0,0.03532182103610675,0.028893740510890924,0.04661195978611832,0.06433017906134571,False,False,False,False,False
2024-06-16 00:00:00,PRD-A,34.0,1288.0,0.026397515527950312,0.02899029828302028,0.04661195978611832,0.06423362128921636,True,False,False,False,True
2024-06-16 08:00:00,PRD-A,44.0,1235.0,0.03562753036437247,0.028616153596331857,0.04661195978611832,0.06460776597590479,False,False,True,False,True
2024-06-16 16:00:00,PRD-A,67.0,1231.0,0.054427294882209584,0.028586939606012857,0.04661195978611832,0.06463697996622378,False,False,False,False,False
2024-06-23 00:00:00,PRD-A,113.0,1185.0,0.09535864978902954,0.02824041774703544,0.04661195978611832,0.0649835018252012,True,False,False,False,True
2024-06-23 08:00:00,PRD-A,113.0,1227.0,0.09209453952730236,0.028557582876170096,0.04661195978611832,0.06466633669606654,True,True,False,False,True
2024-06-23 16:00:00,PRD-A,133.0,1155.0,0.11515151515151516,0.028003355787238268,0.04661195978611832,0.06522056378499837,True,True,True,False,True
2024-06-24 00:00:00,PRD-A,76.0,923.0,0.08234019501625135,0.025795640740940852,0.04661195978611832,0.06742827883129579,True,True,True,False,True
2024-06-24 08:00:00,PRD-A,32.0,1300.0,0.024615384615384615,0.029071817586029437,0.04661195978611832,0.0641521019862072,True,True,True,False,True
2024-06-24 16:00:00,PRD-A,60.0,1287.0,0.046620046620046623,0.02898345359000508,0.04661195978611832,0.06424046598223156,False,False,False,False,False
2024-07-01 00:00:00,PRD-A,45.0,1276.0,0.03526645768025078,0.028907631708067708,0.04661195978611832,0.06431628786416893,False,False,False,False,False
2024-07-01 08:00:00,PRD-A,39.0,1323.0,0.02947845804988662,0.02922495138434398,0.04661195978611832,0.06399896818789266,False,False,False,False,False
2024-07-01 16:00:00,PRD-A,68.0,1263.0,0.053840063341250986,0.028816750058578096,0.04661195978611832,0.06440716951365855,False,False,False,False,False
2024-07-02 00:00:00,PRD-A,38.0,1271.0,0.02989771833202203,0.028872842269765883,0.04661195978611832,0.06435107730247075,False,True,False,False,True
2024-07-02 08:00:00,PRD-A,57.0,1292.0,0.04411764705882353,0.02901759754263951,0.04661195978611832,0.06420632202959713,False,False,False,False,False
2024-07-02 16:00:00,PRD-A,64.0,1245.0,0.05140562248995984,0.028688571621249864,0.04661195978611832,0.06453534795098677,False,False,False,False,False
2024-07-09 00:00:00,PRD-A,36.0,1240.0,0.02903225806451613,0.028652472112038196,0.04661195978611832,0.06457144746019844,False,False,False,False,False
2024-07-09 08:00:00,PRD-A,49.0,1219.0,0.04019688269073011,0.028498436519833407,0.04661195978611832,0.06472548305240322,False,False,False,False,False
2024-07-09 16:00:00,PRD-A,76.0,1202.0,0.0632279534109817,0.028370795605940472,0.04661195978611832,0.06485312396629617,False,False,False,False,False
2024-07-10 00:00:00,PRD-A,40.0,1212.0,0.033003300330033,0.028446203800546355,0.04661195978611832,0.06477771577169028,False,False,False,False,False
2024-07-10 08:00:00,PRD-A,45.0,1134.0,0.03968253968253968,0.02783184429062859,0.04661195978611832,0.06539207528160805,False,False,True,False,True
2024-07-10 16:00:00,PRD-A,60.0,1362.0,0.04405286343612335,0.029475692312242147,0.04661195978611832,0.06374822725999449,False,False,False,False,False
2024-07-17 00:00:00,PRD-A,31.0,1234.0,0.025121555915721232,0.028608863417304935,0.04661195978611832,0.0646150561549317,True,False,False,False,True
2024-07-17 08:00:00,PRD-A,41.0,1311.0,0.031273836765827616,0.029145558239014123,0.04661195978611832,0.0640783613332225,False,True,True,False,True
2024-07-17 16:00:00,PRD-A,55.0,1286.0,0.042768273716951785,0.02897660091484009,0.04661195978611832,0.06424731865739655,False,True,False,False,True
2024-07-18 00:00:00,PRD-A,41.0,1294.0,0.03168469860896445,0.029031199680152796,0.04661195978611832,0.06419271989208383,False,True,False,False,True
2024-07-18 08:00:00,PRD-A,49.0,1295.0,0.03783783783783784,0.029037988929336636,0.04661195978611832,0.0641859306429,False,False,True,True,True
2024-07-18 16:00:00,PRD-A,58.0,1197.0,0.04845446950710108,0.02833273763804913,0.04661195978611832,0.0648911819341875,False,False,False,False,False
2024-07-25 00:00:00,PRD-A,75.0,1289.0,0.05818463925523662,0.028997135009369977,0.04661195978611832,0.06422678456286665,False,False,False,False,False
2024-07-25 08:00:00,PRD-A,59.0,1300.0,0.045384615384615384,0.029071817586029437,0.04661195978611832,0.0641521019862072,False,False,False,False,False
2024-07-25 16:00:00,PRD-A,70.0,1279.0,0.054730258014073496,0.028928407378918386,0.04661195978611832,0.06429551219331825,False,False,False,False,False
2024-07-26 00:00:00,PRD-A,54.0,1286.0,0.041990668740279936,0.02897660091484009,0.04661195978611832,0.06424731865739655,False,False,False,False,False
2024-07-26 08:00:00,PRD-A,84.0,1332.0,0.06306306306306306,0.029283790837020325,0.04661195978611832,0.06394012873521632,False,False,False,False,False
2024-07-26 16:00:00,PRD-A,104.0,1238.0,0.0840064620355412,0.028637971110342574,0.04661195978611832,0.06458594846189405,True,True,False,False,True
2024-08-02 00:00:00,PRD-A,89.0,1203.0,0.0739817123857024,0.028378378713389416,0.04661195978611832,0.06484554085884722,True,True,True,False,True
2024-08-02 08:00:00,PRD-A,82.0,1222.0,0.06710310965630115,0.02852068445854619,0.04661195978611832,0.06470323511369044,True,True,True,False,True
2024-08-02 16:00:00,PRD-A,80.0,817.0,0.09791921664626684,0.0244864259587267,0.04661195978611832,0.06873749361350993,True,True,True,False,True
2024-08-03 00:00:00,PRD-A,40.0,1249.0,0.032025620496397116,0.028717295018175947,0.04661195978611832,0.06450662455406068,False,True,True,False,True
2024-08-03 08:00:00,PRD-A,65.0,1342.0,0.04843517138599106,0.02934847254445635,0.04661195978611832,0.06387544702778028,False,False,False,False,False
2024-08-03 16:00:00,PRD-A,49.0,1262.0,0.03882725832012678,0.028809701054646444,0.04661195978611832,0.06441421851759019,False,False,False,False,False
2024-08-10 00:00:00,PRD-A,36.0,1246.0,0.028892455858747994,0.028695765435773988,0.04661195978611832,0.06452815413646265,False,False,False,False,False
2024-08-10 08:00:00,PRD-A,70.0,1301.0,0.053804765564950036,0.029078559905017766,0.04661195978611832,0.06414535966721888,False,False,False,False,False
2024-08-10 16:00:00,PRD-A,58.0,1281.0,0.04527712724434036,0.028942217261858208,0.04661195978611832,0.06428170231037843,False,False,False,False,False
2024-08-11 00:00:00,PRD-A,39.0,1254.0,0.03110047846889952,0.0287530058196167,0.04661195978611832,0.06447091375261993,False,False,False,False,False
2024-08-11 08:00:00,PRD-A,42.0,1301.0,0.03228285933897002,0.029078559905017766,0.04661195978611832,0.06414535966721888,False,True,False,False,True
2024-08-11 16:00:00,PRD-A,75.0,1265.0,0.05928853754940711,0.028830822982667422,0.04661195978611832,0.06439309658956921,False,True,False,False,True
2024-08-18 00:00:00,PRD-A,58.0,1228.0,0.04723127035830619,0.028564935504009105,0.04661195978611832,0.06465898406822754,False,False,False,False,False
2024-08-18 08:00:00,PRD-A,49.0,1251.0,0.03916866506794564,0.02873160502827586,0.04661195978611832,0.06449231454396077,False,False,False,False,False
2024-08-18 16:00:00,PRD-A,88.0,1245.0,0.07068273092369477,0.028688571621249864,0.04661195978611832,0.06453534795098677,True,False,False,False,True
2024-08-19 00:00:00,PRD-A,66.0,1276.0,0.05172413793103448,0.028907631708067708,0.04661195978611832,0.06431628786416893,False,False,False,False,False
2024-08-19 08:00:00,PRD-A,57.0,1264.0,0.04509493670886076,0.02882379069573896,0.04661195978611832,0.06440012887649768,False,False,False,False,False
2024-08-19 16:00:00,PRD-A,102.0,1229.0,0.08299430431244914,0.02857227915610649,0.04661195978611832,0.06465164041613014,True,False,False,False,True
2024-08-26 00:00:00,PRD-A,62.0,1145.0,0.05414847161572053,0.027922272161383484,0.04661195978611832,0.06530164741085315,False,False,False,False,False
2024-08-26 08:00:00,PRD-A,58.0,1223.0,0.047424366312346686,0.028528082240629197,0.04661195978611832,0.06469583733160744,False,False,False,False,False
2024-08-26 16:00:00,PRD-A,97.0,1189.0,0.0815811606391926,0.028271346290919486,0.04661195978611832,0.06495257328131715,True,False,False,False,True
2024-08-27 00:00:00,PRD-A,91.0,1260.0,0.07222222222222222,0.028795577880087565,0.04661195978611832,0.06442834169214907,True,True,True,False,True
2024-08-27 08:00:00,PRD-A,80.0,1197.0,0.06683375104427736,0.02833273763804913,0.04661195978611832,0.0648911819341875,True,True,True,False,True
2024-08-27 16:00:00,PRD-A,110.0,1175.0,0.09361702127659574,0.028162406601904322,0.04661195978611832,0.06506151297033232,True,True,True,False,True
2024-09-03 00:00:00,PRD-A,55.0,1208.0,0.04552980132450331,0.028416152901616153,0.04661195978611832,0.06480776667062048,False,True,True,False,True
2024-09-03 08:00:00,PRD-A,80.0,1210.0,0.06611570247933884,0.0284311969776768,0.04661195978611832,0.06479272259455984,True,True,True,False,True
2024-09-03 16:00:00,PRD-A,100.0,1148.0,0.08710801393728224,0.027946708459859085,0.04661195978611832,0.06527721111237755,True,True,True,False,True
2024-09-04 00:00:00,PRD-A,79.0,1220.0,0.06475409836065574,0.028505861616790716,0.04661195978611832,0.06471805795544591,True,True,True,False,True
2024-09-04 08:00:00,PRD-A,87.0,1215.0,0.07160493827160494,0.028468644520645535,0.04661195978611832,0.0647552750515911,True,True,True,False,True
2024-09-04 16:00:00,PRD-A,96.0,1171.0,0.08198121263877028,0.02813092269984891,0.04661195978611832,0.06509299687238773,True,True,True,False,True
2024-09-11 00:00:00,PRD-A,49.0,1211.0,0.04046242774566474,0.02843870503614624,0.04661195978611832,0.0647852145360904,False,True,True,False,True
2024-09-11 08:00:00,PRD-A,55.0,1334.0,0.04122938530734633,0.02929678534124693,0.04661195978611832,0.06392713423098971,False,False,False,False,False
2024-09-11 16:00:00,PRD-A,47.0,1279.0,0.03674745895230649,0.028928407378918386,0.04661195978611832,0.06429551219331825,False,False,False,False,False
2024-09-12 00:00:00,PRD-A,71.0,1318.0,0.05386949924127466,0.029192002693806576,0.04661195978611832,0.06403191687843006,False,False,False,False,False
2024-09-12 08:00:00,PRD-A,34.0,1326.0,0.02564102564102564,0.029244631083238836,0.04661195978611832,0.0639792884889978,True,False,False,False,True
2024-09-12 16:00:00,PRD-A,41.0,1274.0,0.03218210361067504,0.028893740510890924,0.04661195978611832,0.06433017906134571,False,True,False,False,True
2024-09-19 00:00:00,PRD-A,49.0,1160.0,0.04224137931034483,0.028043503846951586,0.04661195978611832,0.06518041572528505,False,True,False,False,True
2024-09-19 08:00:00,PRD-A,64.0,1262.0,0.05071315372424723,0.028809701054646444,0.04661195978611832,0.06441421851759019,False,False,False,False,False
2024-09-19 16:00:00,PRD-A,76.0,1231.0,0.06173842404549147,0.028586939606012857,0.04661195978611832,0.06463697996622378,False,False,False,False,False
2024-09-20 00:00:00,PRD-A,44.0,910.0,0.04835164835164835,0.025647480016778572,0.04661195978611832,0.06757643955545806,False,False,False,False,False
2024-09-20 08:00:00,PRD-A,67.0,1357.0,0.04937361827560796,0.02944415120792738,0.04661195978611832,0.06377976836430926,False,False,False,False,False
2024-09-20 16:00:00,PRD-A,44.0,1312.0,0.03353658536585366,0.029152215910895826,0.04661195978611832,0.06407170366134081,False,False,False,False,False
2024-09-27 00:00:00,PRD-A,30.0,1233.0,0.024330900243309004,0.028601564371244333,0.04661195978611832,0.0646223552009923,True,True,False,False,True
2024-09-27 08:00:00,PRD-A,41.0,1288.0,0.03183229813664596,0.02899029828302028,0.04661195978611832,0.06423362128921636,False,True,False,False,True
2024-09-27 16:00:00,PRD-A,67.0,1248.0,0.05368589743589743,0.028710127116919948,0.04661195978611832,0.06451379245531669,False,True,False,False,True
2024-09-28 00:00:00,PRD-A,51.0,1275.0,0.04,0.028900690195125808,0.04661195978611832,0.06432322937711082,False,False,True,False,True
2024-09-28 08:00:00,PRD-A,41.0,1102.0,0.03720508166969147,0.02756112596088624,0.04661195978611832,0.0656627936113504,False,False,True,False,True
2024-09-28 16:00:00,PRD-A,36.0,1285.0,0.02801556420233463,0.028969740241998852,0.04661195978611832,0.06425417933023778,True,False,True,False,True
2024-10-05 00:00:00,PRD-A,106.0,1323.0,0.0801209372637944,0.02922495138434398,0.04661195978611832,0.06399896818789266,True,False,False,False,True
2024-10-05 08:00:00,PRD-A,72.0,1310.0,0.0549618320610687,0.02913889294529809,0.04661195978611832,0.06408502662693855,False,False,False,False,False
2024-10-05 16:00:00,PRD-A,99.0,1263.0,0.07838479809976247,0.028816750058578096,0.04661195978611832,0.06440716951365855,True,True,False,False,True
2024-10-06 00:00:00,PRD-A,133.0,1295.0,0.10270270270270271,0.029037988929336636,0.04661195978611832,0.0641859306429,True,True,True,False,True
2024-10-06 08:00:00,PRD-A,86.0,1268.0,0.06782334384858044,0.028851869906757307,0.04661195978611832,0.06437204966547933,True,True,True,False,True
2024-10-06 16:00:00,PRD-A,112.0,1287.0,0.08702408702408702,0.02898345359000508,0.04661195978611832,0.06424046598223156,True,True,True,False,True
2024-10-13 00:00:00,PRD-A,96.0,1048.0,0.0916030534351145,0.027076477170382557,0.04661195978611832,0.06614744240185408,True,True,True,False,True
2024-10-13 08:00:00,PRD-A,37.0,1302.0,0.028417818740399385,0.02908529445486524,0.04661195978611832,0.0641386251173714,True,True,True,False,True
2024-10-13 16:00:00,PRD-A,55.0,1239.0,0.04439063761097659,0.028645226000113714,0.04661195978611832,0.06457869357212292,False,False,False,False,False
2024-10-14 00:00:00,PRD-A,78.0,1318.0,0.05918057663125948,0.029192002693806576,0.04661195978611832,0.06403191687843006,False,False,False,False,False
2024-10-14 08:00:00,PRD-A,36.0,1264.0,0.028481012658227847,0.02882379069573896,0.04661195978611832,0.06440012887649768,True,False,False,False,True
2024-10-14 16:00:00,PRD-A,69.0,1256.0,0.05493630573248408,0.028767230396916643,0.04661195978611832,0.06445668917531999,False,False,False,False,False
2024-10-21 00:00:00,PRD-A,42.0,1254.0,0.03349282296650718,0.0287530058196167,0.04661195978611832,0.06447091375261993,False,True,False,False,True
2024-10-21 08:00:00,PRD-A,52.0,1282.0,0.0405616224648986,0.0289491100815175,0.04661195978611832,0.06427480949071913,False,False,False,False,False
2024-10-21 16:00:00,PRD-A,48.0,1279.0,0.03752931978107897,0.028928407378918386,0.04661195978611832,0.06429551219331825,False,False,True,False,True
2024-10-22 00:00:00,PRD-A,46.0,1319.0,0.034874905231235785,0.02919860741711216,0.04661195978611832,0.06402531215512447,False,False,True,False,True
2024-10-22 08:00:00,PRD-A,44.0,1294.0,0.03400309119010819,0.029031199680152796,0.04661195978611832,0.06419271989208383,False,True,True,False,True
2024-10-22 16:00:00,PRD-A,63.0,1257.0,0.050119331742243436,0.02877432995136084,0.04661195978611832,0.0644495896208758,False,True,True,False,True
2024-10-29 00:00:00,PRD-A,56.0,1240.0,0.04516129032258064,0.028652472112038196,0.04661195978611832,0.06457144746019844,False,False,False,False,False
2024-10-29 08:00:00,PRD-A,41.0,1294.0,0.03168469860896445,0.029031199680152796,0.04661195978611832,0.06419271989208383,False,False,False,False,False
2024-10-29 16:00:00,PRD-A,53.0,1218.0,0.04351395730706076,0.02849100228054388,0.04661195978611832,0.06473291729169275,False,False,False,False,False
2024-10-30 00:00:00,PRD-A,64.0,1314.0,0.0487062404870624,0.02916550844717765,0.04661195978611832,0.06405841112505899,False,False,False,False,False
2024-10-30 08:00:00,PRD-A,55.0,1240.0,0.04435483870967742,0.028652472112038196,0.04661195978611832,0.06457144746019844,False,False,False,False,False
2024-10-30 16:00:00,PRD-A,82.0,1198.0,0.06844741235392321,0.028340368288412136,0.04661195978611832,0.0648835512838245,True,False,False,False,True
2024-11-06 00:00:00,PRD-A,53.0,1222.0,0.04337152209492635,0.02852068445854619,0.04661195978611832,0.06470323511369044,False,False,False,False,False
2024-11-06 08:00:00,PRD-A,47.0,1262.0,0.03724247226624406,0.028809701054646444,0.04661195978611832,0.06441421851759019,False,False,False,False,False
2024-11-06 16:00:00,PRD-A,94.0,1260.0,0.0746031746031746,0.028795577880087565,0.04661195978611832,0.06442834169214907,True,False,False,False,True
2024-11-07 00:00:00,PRD-A,56.0,1211.0,0.046242774566473986,0.02843870503614624,0.04661195978611832,0.0647852145360904,False,False,False,False,False
2024-11-07 08:00:00,PRD-A,77.0,1279.0,0.060203283815480846,0.028928407378918386,0.04661195978611832,0.06429551219331825,False,True,False,False,True
2024-11-07 16:00:00,PRD-A,80.0,1158.0,0.0690846286701209,0.02802747582848248,0.04661195978611832,0.06519644374375416,True,True,False,False,True
2024-11-14 00:00:00,PRD-A,62.0,1241.0,0.0499597099113618,0.028659709463802596,0.04661195978611832,0.06456421010843404,False,True,False,False,True
2024-11-14 08:00:00,PRD-A,56.0,1265.0,0.04426877470355731,0.028830822982667422,0.04661195978611832,0.06439309658956921,False,False,False,False,False
2024-11-14 16:00:00,PRD-A,71.0,1197.0,0.059314954051796154,0.02833273763804913,0.04661195978611832,0.0648911819341875,False,False,False,False,False
2024-11-15 00:00:00,PRD-A,56.0,1251.0,0.04476418864908074,0.02873160502827586,0.04661195978611832,0.06449231454396077,False,False,False,False,False
2024-11-15 08:00:00,PRD-A,64.0,1257.0,0.05091487669053302,0.02877432995136084,0.04661195978611832,0.0644495896208758,False,False,False,False,False
2024-11-15 16:00:00,PRD-A,76.0,1224.0,0.06209150326797386,0.028535470954950078,0.04661195978611832,0.06468844861728656,False,False,False,False,False
2024-11-22 00:00:00,PRD-A,76.0,1204.0,0.06312292358803986,0.028385952371482608,0.04661195978611832,0.06483796720075402,False,True,False,False,True
2024-11-22 08:00:00,PRD-A,64.0,1220.0,0.05245901639344262,0.028505861616790716,0.04661195978611832,0.06471805795544591,False,True,False,False,True
2024-11-22 16:00:00,PRD-A,72.0,1163.0,0.061908856405846945,0.028067468308568662,0.04661195978611832,0.06515645126366798,False,True,False,False,True
2024-11-23 00:00:00,PRD-A,77.0,1210.0,0.06363636363636363,0.0284311969776768,0.04661195978611832,0.06479272259455984,False,True,True,False,True
2024-11-23 08:00:00,PRD-A,61.0,1205.0,0.05062240663900415,0.028393516599828583,0.04661195978611832,0.06483040297240805,False,True,False,False,True
2024-11-23 16:00:00,PRD-A,103.0,1226.0,0.08401305057096248,0.028550221254290294,0.04661195978611832,0.06467369831794634,True,True,False,True,True
2024-11-30 00:00:00,PRD-A,60.0,1211.0,0.0495458298926507,0.02843870503614624,0.04661195978611832,0.0647852145360904,False,False,False,True,True
2024-11-30 08:00:00,PRD-A,67.0,1224.0,0.05473856209150327,0.028535470954950078,0.04661195978611832,0.06468844861728656,False,False,False,True,True
2024-11-30 16:00:00,PRD-A,81.0,1128.0,0.07180851063829788,0.027781963417924604,0.04661195978611832,0.06544195615431203,True,False,False,True,True
2024-12-01 00:00:00,PRD-A,59.0,1334.0,0.04422788605697151,0.02929678534124693,0.04661195978611832,0.06392713423098971,False,False,False,False,False
2024-12-01 08:00:00,PRD-A,29.0,1313.0,0.022086824067022087,0.02915886597545822,0.04661195978611832,0.06406505359677842,True,False,False,False,True
2024-12-01 16:00:00,PRD-A,49.0,1247.0,0.03929430633520449,0.028702950595216888,0.04661195978611832,0.06452096897701975,False,False,False,False,False
2024-12-08 00:00:00,PRD-A,73.0,1170.0,0.062393162393162394,0.028123026507612413,0.04661195978611832,0.06510089306462422,False,False,False,False,False
2024-12-08 08:00:00,PRD-A,85.0,1243.0,0.06838294448913917,0.028674157957348373,0.04661195978611832,0.06454976161488826,True,True,False,False,True
2024-12-08 16:00:00,PRD-A,132.0,1195.0,0.11046025104602511,0.028317447612667156,0.04661195978611832,0.06490647195956947,True,True,False,False,True
2024-12-09 00:00:00,PRD-A,96.0,1168.0,0.0821917808219178,0.028107203712009213,0.04661195978611832,0.06511671586022742,True,True,True,False,True
2024-12-09 08:00:00,PRD-A,102.0,1209.0,0.08436724565756824,0.028423679605923506,0.04661195978611832,0.06480023996631312,True,True,True,False,True
2024-12-09 16:00:00,PRD-A,145.0,1190.0,0.12184873949579832,0.028279054050661105,0.04661195978611832,0.06494486552157552,True,True,True,False,True
2024-12-16 00:00:00,PRD-A,55.0,1219.0,0.045118949958982774,0.028498436519833407,0.04661195978611832,0.06472548305240322,False,True,True,False,True
2024-12-16 08:00:00,PRD-A,67.0,1302.0,0.05145929339477726,0.02908529445486524,0.04661195978611832,0.0641386251173714,False,False,False,False,False
2024-12-16 16:00:00,PRD-A,100.0,1223.0,0.08176614881439084,0.028528082240629197,0.04661195978611832,0.06469583733160744,True,False,False,False,True
2024-12-17 00:00:00,PRD-A,70.0,1220.0,0.05737704918032787,0.028505861616790716,0.04661195978611832,0.06471805795544591,False,False,False,False,False
2024-12-17 08:00:00,PRD-A,79.0,1266.0,0.06240126382306477,0.028837846935856143,0.04661195978611832,0.06438607263638049,False,True,False,False,True
2024-12-17 16:00:00,PRD-A,80.0,1231.0,0.06498781478472786,0.028586939606012857,0.04661195978611832,0.06463697996622378,True,True,True,False,True
2024-12-24 00:00:00,PRD-A,46.0,1255.0,0.036653386454183264,0.028760122358638653,0.04661195978611832,0.06446379721359799,False,True,True,False,True
2024-12-24 08:00:00,PRD-A,66.0,1338.0,0.04932735426008968,0.02932268688820066,0.04661195978611832,0.06390123268403597,False,False,False,False,False
2024-12-24 16:00:00,PRD-A,58.0,1188.0,0.04882154882154882,0.028263628801204827,0.04661195978611832,0.06496029077103181,False,False,False,False,False
2024-12-25 00:00:00,PRD-A,44.0,1192.0,0.03691275167785235,0.02829444046187821,0.04661195978611832,0.06492947911035843,False,False,False,False,False
2024-12-25 08:00:00,PRD-A,47.0,1284.0,0.03660436137071651,0.028962871555912602,0.04661195978611832,0.06426104801632404,False,False,False,False,False
2024-12-25 16:00:00,PRD-A,67.0,1147.0,0.05841325196163906,0.02793857368007595,0.04661195978611832,0.06528534589216069,False,False,False,False,False
2025-01-01 00:00:00,PRD-A,75.0,1225.0,0.061224489795918366,0.028542850620018257,0.04661195978611832,0.06468106895221838,False,False,False,False,False
2025-01-01 08:00:00,PRD-A,55.0,1253.0,0.04389465283320032,0.028745880762893368,0.04661195978611832,0.06447803880934327,False,False,False,False,False
2025-01-01 16:00:00,PRD-A,81.0,974.0,0.08316221765913757,0.026347953680493263,0.04661195978611832,0.06687596589174337,True,True,False,False,True
2025-01-02 00:00:00,PRD-A,51.0,1335.0,0.038202247191011236,0.029303271640198955,0.04661195978611832,0.06392064793203768,False,False,False,False,False
2025-01-02 08:00:00,PRD-A,55.0,1333.0,0.04126031507876969,0.02929029174475206,0.04661195978611832,0.06393362782748457,False,False,False,False,False
2025-01-02 16:00:00,PRD-A,46.0,1255.0,0.036653386454183264,0.028760122358638653,0.04661195978611832,0.06446379721359799,False,False,False,False,False
2025-01-09 00:00:00,PRD-A,45.0,1235.0,0.03643724696356275,0.028616153596331857,0.04661195978611832,0.06460776597590479,False,False,False,False,False
2025-01-09 08:00:00,PRD-A,56.0,1256.0,0.044585987261146494,0.028767230396916643,0.04661195978611832,0.06445668917531999,False,False,False,False,False
2025-01-09 16:00:00,PRD-A,78.0,1186.0,0.0657672849915683,0.028248164549842067,0.04661195978611832,0.06497575502239457,True,False,False,False,True
2025-01-10 00:00:00,PRD-A,59.0,1279.0,0.046129788897576234,0.028928407378918386,0.04661195978611832,0.06429551219331825,False,False,False,False,False
2025-01-10 08:00:00,PRD-A,55.0,1233.0,0.04460665044606651,0.028601564371244333,0.04661195978611832,0.0646223552009923,False,False,False,False,False
2025-01-10 16:00:00,PRD-A,97.0,1230.0,0.07886178861788617,0.028579613850709347,0.04661195978611832,0.0646443057215273,True,False,False,False,True
2025-01-17 00:00:00,PRD-A,43.0,1237.0,0.034761519805982216,0.028630707424988164,0.04661195978611832,0.06459321214724847,False,False,False,False,False
2025-01-17 08:00:00,PRD-A,41.0,1268.0,0.032334384858044164,0.028851869906757307,0.04661195978611832,0.06437204966547933,False,False,False,False,False
2025-01-17 16:00:00,PRD-A,60.0,1187.0,0.05054759898904802,0.02825590156102866,0.04661195978611832,0.06496801801120797,False,False,False,False,False
2025-01-18 00:00:00,PRD-A,45.0,1297.0,0.03469545104086353,0.029051543864524867,0.04661195978611832,0.06417237570771177,False,True,False,False,True
2025-01-18 08:00:00,PRD-A,52.0,1251.0,0.04156674660271783,0.02873160502827586,0.04661195978611832,0.06449231454396077,False,False,False,False,False
2025-01-18 16:00:00,PRD-A,80.0,1184.0,0.06756756756756757,0.028232661131938275,0.04661195978611832,0.06499125844029836,True,False,False,False,True
2025-01-25 00:00:00,PRD-A,62.0,1235.0,0.05020242914979757,0.028616153596331857,0.04661195978611832,0.06460776597590479,False,False,False,False,False
2025-01-25 08:00:00,PRD-A,50.0,1258.0,0.0397456279809221,0.028781421038834357,0.04661195978611832,0.06444249853340228,False,False,False,False,False
2025-01-25 16:00:00,PRD-A,58.0,1229.0,0.047192839707078924,0.02857227915610649,0.04661195978611832,0.06465164041613014,False,False,False,False,False
2025-01-26 00:00:00,PRD-A,58.0,1318.0,0.04400606980273141,0.029192002693806576,0.04661195978611832,0.06403191687843006,False,False,False,False,False
2025-01-26 08:00:00,PRD-A,60.0,1259.0,0.04765687053216839,0.02878850367615343,0.04661195978611832,0.0644354158960832,False,False,False,False,False
2025-01-26 16:00:00,PRD-A,93.0,1237.0,0.07518189167340339,0.028630707424988164,0.04661195978611832,0.06459321214724847,True,False,False,False,True
2025-02-02 00:00:00,PRD-A,46.0,1241.0,0.037066881547139406,0.028659709463802596,0.04661195978611832,0.06456421010843404,False,False,False,False,False
2025-02-02 08:00:00,PRD-A,71.0,1274.0,0.05572998430141287,0.028893740510890924,0.04661195978611832,0.06433017906134571,False,False,False,False,False
2025-02-02 16:00:00,PRD-A,97.0,1227.0,0.07905460472697637,0.028557582876170096,0.04661195978611832,0.06466633669606654,True,False,False,False,True
2025-02-03 00:00:00,PRD-A,73.0,1259.0,0.05798252581413821,0.02878850367615343,0.04661195978611832,0.0644354158960832,False,False,True,False,True
2025-02-03 08:00:00,PRD-A,53.0,843.0,0.06287069988137604,0.024830298577003976,0.04661195978611832,0.06839362099523266,False,True,True,False,True
2025-02-03 16:00:00,PRD-A,40.0,1256.0,0.03184713375796178,0.028767230396916643,0.04661195978611832,0.06445668917531999,False,False,True,False,True
2025-02-10 00:00:00,PRD-A,40.0,1261.0,0.0317208564631245,0.028802643667359712,0.04661195978611832,0.06442127590487692,False,True,False,False,True
2025-02-10 08:00:00,PRD-A,44.0,1305.0,0.03371647509578544,0.02910545163845376,0.04661195978611832,0.06411846793378287,False,True,False,False,True
2025-02-10 16:00:00,PRD-A,57.0,1240.0,0.04596774193548387,0.028652472112038196,0.04661195978611832,0.06457144746019844,False,True,False,False,True
2025-02-11 00:00:00,PRD-A,40.0,1302.0,0.030721966205837174,0.02908529445486524,0.04661195978611832,0.0641386251173714,False,True,True,False,True
2025-02-11 08:00:00,PRD-A,39.0,1274.0,0.030612244897959183,0.028893740510890924,0.04661195978611832,0.06433017906134571,False,True,True,False,True
2025-02-11 16:00:00,PRD-A,61.0,1256.0,0.04856687898089172,0.028767230396916643,0.04661195978611832,0.06445668917531999,False,True,False,False,True
2025-02-18 00:00:00,PRD-A,50.0,1261.0,0.03965107057890563,0.028802643667359712,0.04661195978611832,0.06442127590487692,False,False,False,False,False
2025-02-18 08:00:00,PRD-A,43.0,1246.0,0.03451043338683788,0.028695765435773988,0.04661195978611832,0.06452815413646265,False,False,True,False,True
2025-02-18 16:00:00,PRD-A,92.0,1236.0,0.0744336569579288,0.028623434926263666,0.04661195978611832,0.06460048464597297,True,False,False,False,True
2025-02-19 00:00:00,PRD-A,93.0,1297.0,0.07170393215111796,0.029051543864524867,0.04661195978611832,0.06417237570771177,True,True,False,False,True
2025-02-19 08:00:00,PRD-A,87.0,1316.0,0.06610942249240122,0.029178770669800437,0.04661195978611832,0.0640451489024362,True,True,False,False,True
2025-02-19 16:00:00,PRD-A,108.0,1209.0,0.08933002481389578,0.028423679605923506,0.04661195978611832,0.06480023996631312,True,True,True,False,True
2025-02-26 00:00:00,PRD-A,55.0,1219.0,0.045118949958982774,0.028498436519833407,0.04661195978611832,0.06472548305240322,False,True,True,False,True
2025-02-26 08:00:00,PRD-A,67.0,1249.0,0.053642914331465175,0.028717295018175947,0.04661195978611832,0.06450662455406068,False,False,True,False,True
2025-02-26 16:00:00,PRD-A,74.0,1215.0,0.060905349794238686,0.028468644520645535,0.04661195978611832,0.0647552750515911,False,False,True,False,True
2025-02-27 00:00:00,PRD-A,54.0,1220.0,0.04426229508196721,0.028505861616790716,0.04661195978611832,0.06471805795544591,False,False,False,False,False
2025-02-27 08:00:00,PRD-A,54.0,1267.0,0.042620363062352014,0.028844862571752207,0.04661195978611832,0.06437905700048444,False,False,False,False,False
2025-02-27 16:00:00,PRD-A,104.0,1205.0,0.08630705394190871,0.028393516599828583,0.04661195978611832,0.06483040297240805,True,False,False,False,True
2025-03-06 00:00:00,PRD-A,64.0,1254.0,0.051036682615629984,0.0287530058196167,0.04661195978611832,0.06447091375261993,False,False,False,False,False
2025-03-06 08:00:00,PRD-A,55.0,1216.0,0.04523026315789474,0.028476106299807707,0.04661195978611832,0.06474781327242893,False,False,False,False,False
2025-03-06 16:00:00,PRD-A,73.0,1246.0,0.058587479935794544,0.028695765435773988,0.04661195978611832,0.06452815413646265,False,False,False,False,False
2025-03-07 00:00:00,PRD-A,82.0,1220.0,0.06721311475409836,0.028505861616790716,0.04661195978611832,0.06471805795544591,True,True,False,False,True
2025-03-07 08:00:00,PRD-A,60.0,1291.0,0.046475600309837335,0.029010784623800058,0.04661195978611832,0.06421313494843658,False,True,False,False,True
2025-03-07 16:00:00,PRD-A,79.0,1188.0,0.0664983164983165,0.028263628801204827,0.04661195978611832,0.06496029077103181,True,True,False,False,True
2025-03-14 00:00:00,PRD-A,56.0,1182.0,0.047377326565143825,0.028217118381884333,0.04661195978611832,0.0650068011903523,False,False,False,False,False
2025-03-14 08:00:00,PRD-A,68.0,1237.0,0.0549717057396928,0.028630707424988164,0.04661195978611832,0.06459321214724847,False,False,False,False,False
2025-03-14 16:00:00,PRD-A,89.0,1232.0,0.07224025974025974,0.028594256440160525,0.04661195978611832,0.0646296631320761,True,False,False,False,True
2025-03-15 00:00:00,PRD-A,77.0,1230.0,0.06260162601626017,0.028579613850709347,0.04661195978611832,0.0646443057215273,False,True,True,False,True
2025-03-15 08:00:00,PRD-A,83.0,1242.0,0.06682769726247988,0.028666938073043637,0.04661195978611832,0.064556981499193,True,True,True,False,True
2025-03-15 16:00:00,PRD-A,100.0,1227.0,0.08149959250203749,0.028557582876170096,0.04661195978611832,0.06466633669606654,True,True,True,False,True
2025-03-22 00:00:00,PRD-A,81.0,1183.0,0.06846999154691462,0.028224894683818915,0.04661195978611832,0.06499902488841772,True,True,True,True,True
2025-03-22 08:00:00,PRD-A,86.0,1216.0,0.07072368421052631,0.028476106299807707,0.04661195978611832,0.06474781327242893,True,True,True,True,True
2025-03-22 16:00:00,PRD-A,105.0,1208.0,0.0869205298013245,0.028416152901616153,0.04661195978611832,0.06480776667062048,True,True,True,True,True
2025-03-23 00:00:00,PRD-A,80.0,1250.0,0.064,0.02872445431622922,0.04661195978611832,0.06449946525600742,False,True,True,True,True
2025-03-23 08:00:00,PRD-A,78.0,1194.0,0.06532663316582915,0.028309788197563544,0.04661195978611832,0.06491413137467308,True,True,True,True,True
2025-03-23 16:00:00,PRD-A,121.0,1171.0,0.10333048676345004,0.02813092269984891,0.04661195978611832,0.06509299687238773,True,True,True,True,True
2025-03-30 00:00:00,PRD-A,29.0,1247.0,0.023255813953488372,0.028702950595216888,0.04661195978611832,0.06452096897701975,True,True,True,False,True
2025-03-30 08:00:00,PRD-A,48.0,1284.0,0.037383177570093455,0.028962871555912602,0.04661195978611832,0.06426104801632404,False,False,False,False,False
2025-03-30 16:00:00,PRD-A,45.0,1249.0,0.036028823058446756,0.028717295018175947,0.04661195978611832,0.06450662455406068,False,False,False,False,False
2025-03-31 00:00:00,PRD-A,43.0,1318.0,0.032625189681335355,0.029192002693806576,0.04661195978611832,0.06403191687843006,False,False,True,False,True
2025-03-31 08:00:00,PRD-A,45.0,1268.0,0.03548895899053628,0.028851869906757307,0.04661195978611832,0.06437204966547933,False,False,True,False,True
2025-03-31 16:00:00,PRD-A,57.0,1222.0,0.046644844517184945,0.02852068445854619,0.04661195978611832,0.06470323511369044,False,False,True,False,True
2025-04-07 00:00:00,PRD-A,93.0,1173.0,0.0792838874680307,0.028146684781254868,0.04661195978611832,0.06507723479098176,True,False,False,False,True
2025-04-07 08:00:00,PRD-A,69.0,719.0,0.09596662030598054,0.023026717561549746,0.04661195978611832,0.07019720201068688,True,True,False,False,True
2025-04-07 16:00:00,PRD-A,41.0,1246.0,0.03290529695024077,0.028695765435773988,0.04661195978611832,0.06452815413646265,False,True,False,False,True
2025-04-08 00:00:00,PRD-A,38.0,1275.0,0.02980392156862745,0.028900690195125808,0.04661195978611832,0.06432322937711082,False,True,False,False,True
2025-04-08 08:00:00,PRD-A,35.0,1278.0,0.027386541471048513,0.02892149028402948,0.04661195978611832,0.06430242928820715,True,True,False,False,True
2025-04-08 16:00:00,PRD-A,54.0,1250.0,0.0432,0.02872445431622922,0.04661195978611832,0.06449946525600742,False,True,False,False,True
2025-04-15 00:00:00,PRD-A,26.0,1264.0,0.020569620253164556,0.02882379069573896,0.04661195978611832,0.06440012887649768,True,True,True,False,True
2025-04-15 08:00:00,PRD-A,43.0,1322.0,0.03252647503782148,0.02921837660309111,0.04661195978611832,0.06400554296914553,False,True,True,False,True
2025-04-15 16:00:00,PRD-A,61.0,1304.0,0.04677914110429448,0.029098740306734087,0.04661195978611832,0.06412517926550254,False,True,False,False,True
2025-04-16 00:00:00,PRD-A,47.0,1283.0,0.036632891660171474,0.028955994840970098,0.04661195978611832,0.06426792473126654,False,False,False,False,False
2025-04-16 08:00:00,PRD-A,90.0,1347.0,0.066815144766147,0.02938054295528641,0.04661195978611832,0.06384337661695022,True,False,False,False,True
2025-04-16 16:00:00,PRD-A,60.0,1209.0,0.04962779156327544,0.028423679605923506,0.04661195978611832,0.06480023996631312,False,False,False,False,False
2025-04-23 00:00:00,PRD-A,43.0,1236.0,0.03478964401294499,0.028623434926263666,0.04661195978611832,0.06460048464597297,False,False,False,False,False
2025-04-23 08:00:00,PRD-A,34.0,1275.0,0.02666666666666667,0.028900690195125808,0.04661195978611832,0.06432322937711082,True,False,False,False,True
2025-04-23 16:00:00,PRD-A,76.0,1235.0,0.06153846153846154,0.028616153596331857,0.04661195978611832,0.06460776597590479,False,False,False,False,False
2025-04-24 00:00:00,PRD-A,49.0,1291.0,0.037955073586367155,0.029010784623800058,0.04661195978611832,0.06421313494843658,False,False,False,False,False
2025-04-24 08:00:00,PRD-A,37.0,1137.0,0.032541776605101144,0.027856636533114605,0.04661195978611832,0.06536728303912204,False,False,True,False,True
2025-04-24 16:00:00,PRD-A,51.0,1305.0,0.03908045977011494,0.02910545163845376,0.04661195978611832,0.06411846793378287,False,False,True,False,True
2025-05-01 00:00:00,PRD-A,74.0,1184.0,0.0625,0.028232661131938275,0.04661195978611832,0.06499125844029836,False,False,False,False,False
2025-05-01 08:00:00,PRD-A,71.0,1178.0,0.06027164685908319,0.02818591421797196,0.04661195978611832,0.06503800535426468,False,True,False,False,True
2025-05-01 16:00:00,PRD-A,109.0,1015.0,0.10738916256157635,0.026761445407326986,0.04661195978611832,0.06646247416490965,True,True,False,False,True
2025-05-02 00:00:00,PRD-A,60.0,1324.0,0.045317220543806644,0.029231518715419347,0.04661195978611832,0.06399240085681729,False,True,False,False,True
2025-05-02 08:00:00,PRD-A,47.0,1329.0,0.035364936042136946,0.02926424410892295,0.04661195978611832,0.06395967546331369,False,False,False,False,False
2025-05-02 16:00:00,PRD-A,69.0,1292.0,0.053405572755417956,0.02901759754263951,0.04661195978611832,0.06420632202959713,False,False,False,False,False
2025-05-09 00:00:00,PRD-A,79.0,1215.0,0.06502057613168724,0.028468644520645535,0.04661195978611832,0.0647552750515911,True,False,False,False,True
2025-05-09 08:00:00,PRD-A,77.0,1197.0,0.06432748538011696,0.02833273763804913,0.04661195978611832,0.0648911819341875,False,True,False,False,True
2025-05-09 16:00:00,PRD-A,98.0,975.0,0.10051282051282051,0.026358348144427057,0.04661195978611832,0.06686557142780958,True,True,True,False,True
2025-05-10 00:00:00,PRD-A,71.0,1345.0,0.05278810408921933,0.029367736252046358,0.04661195978611832,0.06385618332019027,False,True,True,False,True
2025-05-10 08:00:00,PRD-A,35.0,1262.0,0.0277337559429477,0.028809701054646444,0.04661195978611832,0.06441421851759019,True,False,True,False,True
2025-05-10 16:00:00,PRD-A,52.0,1217.0,0.04272801972062449,0.028483558880145532,0.04661195978611832,0.0647403606920911,False,False,False,False,False
2025-05-17 00:00:00,PRD-A,95.0,1164.0,0.08161512027491409,0.028075435867036348,0.04661195978611832,0.0651484837052003,True,False,False,False,True
2025-05-17 08:00:00,PRD-A,101.0,1196.0,0.08444816053511706,0.028325097419471798,0.04661195978611832,0.06489882215276484,True,True,False,False,True
2025-05-17 16:00:00,PRD-A,127.0,1168.0,0.10873287671232877,0.028107203712009213,0.04661195978611832,0.06511671586022742,True,True,False,False,True
2025-05-18 00:00:00,PRD-A,79.0,1189.0,0.06644238856181665,0.028271346290919486,0.04661195978611832,0.06495257328131715,True,True,True,False,True
2025-05-18 08:00:00,PRD-A,98.0,1213.0,0.0807914262159934,0.028453693290036226,0.04661195978611832,0.06477022628220042,True,True,True,False,True
2025-05-18 16:00:00,PRD-A,128.0,1178.0,0.10865874363327674,0.02818591421797196,0.04661195978611832,0.06503800535426468,True,True,True,False,True
2025-05-25 00:00:00,PRD-A,65.0,1125.0,0.057777777777777775,0.02775687347159499,0.04661195978611832,0.06546704610064165,False,True,True,False,True
2025-05-25 08:00:00,PRD-A,84.0,1235.0,0.0680161943319838,0.028616153596331857,0.04661195978611832,0.06460776597590479,True,True,True,True,True
2025-05-25 16:00:00,PRD-A,87.0,1190.0,0.073109243697479,0.028279054050661105,0.04661195978611832,0.06494486552157552,True,True,True,True,True
2025-05-26 00:00:00,PRD-A,77.0,1236.0,0.06229773462783172,0.028623434926263666,0.04661195978611832,0.06460048464597297,False,True,True,True,True
2025-05-26 08:00:00,PRD-A,79.0,1192.0,0.0662751677852349,0.02829444046187821,0.04661195978611832,0.06492947911035843,True,True,True,True,True
2025-05-26 16:00:00,PRD-A,119.0,1158.0,0.10276338514680483,0.02802747582848248,0.04661195978611832,0.06519644374375416,True,True,True,True,True
2025-06-02 00:00:00,PRD-A,58.0,1139.0,0.050921861281826165,0.027873110250173902,0.04661195978611832,0.06535080932206273,False,True,True,True,True
2025-06-02 08:00:00,PRD-A,66.0,1233.0,0.0535279805352798,0.028601564371244333,0.04661195978611832,0.0646223552009923,False,False,True,True,True
2025-06-02 16:00:00,PRD-A,109.0,1182.0,0.0922165820642978,0.028217118381884333,0.04661195978611832,0.0650068011903523,True,False,True,True,True
2025-06-03 00:00:00,PRD-A,81.0,1172.0,0.06911262798634812,0.028138808783880368,0.04661195978611832,0.06508511078835627,True,True,True,True,True
2025-06-03 08:00:00,PRD-A,95.0,1197.0,0.07936507936507936,0.02833273763804913,0.04661195978611832,0.0648911819341875,True,True,True,True,True
2025-06-03 16:00:00,PRD-A,130.0,1168.0,0.1113013698630137,0.028107203712009213,0.04661195978611832,0.06511671586022742,True,True,True,True,True
2025-06-10 00:00:00,PRD-A,68.0,1154.0,0.058925476603119586,0.027995294879778164,0.04661195978611832,0.06522862469245846,False,True,True,True,True
2025-06-10 08:00:00,PRD-A,71.0,1222.0,0.05810147299509002,0.02852068445854619,0.04661195978611832,0.06470323511369044,False,False,True,True,True
2025-06-10 16:00:00,PRD-A,104.0,1119.0,0.09294012511170688,0.027706391222439966,0.04661195978611832,0.06551752834979667,True,False,True,True,True
2025-06-11 00:00:00,PRD-A,95.0,1174.0,0.08091993185689948,0.028154550713456246,0.04661195978611832,0.0650693688587804,True,True,True,True,True
2025-06-11 08:00:00,PRD-A,103.0,1265.0,0.08142292490118577,0.028830822982667422,0.04661195978611832,0.06439309658956921,True,True,True,True,True
2025-06-11 16:00:00,PRD-A,102.0,1198.0,0.08514190317195326,0.028340368288412136,0.04661195978611832,0.0648835512838245,True,True,True,True,True
2025-06-18 00:00:00,PRD-A,56.0,1125.0,0.049777777777777775,0.02775687347159499,0.04661195978611832,0.06546704610064165,False,True,True,True,True
2025-06-18 08:00:00,PRD-A,66.0,1242.0,0.05314009661835749,0.028666938073043637,0.04661195978611832,0.064556981499193,False,False,True,True,True
2025-06-18 16:00:00,PRD-A,85.0,1192.0,0.07130872483221476,0.02829444046187821,0.04661195978611832,0.06492947911035843,True,False,True,True,True
2025-06-19 00:00:00,PRD-A,76.0,1205.0,0.06307053941908713,0.028393516599828583,0.04661195978611832,0.06483040297240805,False,True,True,True,True
2025-06-19 08:00:00,PRD-A,67.0,1223.0,0.05478331970564186,0.028528082240629197,0.04661195978611832,0.06469583733160744,False,True,True,True,True
2025-06-19 16:00:00,PRD-A,127.0,1228.0,0.10342019543973942,0.028564935504009105,0.04661195978611832,0.06465898406822754,True,True,True,True,True
2025-06-26 00:00:00,PRD-A,74.0,1172.0,0.06313993174061433,0.028138808783880368,0.04661195978611832,0.06508511078835627,False,True,True,True,True
2025-06-26 08:00:00,PRD-A,72.0,1185.0,0.060759493670886074,0.02824041774703544,0.04661195978611832,0.0649835018252012,False,True,True,True,True
2025-06-26 16:00:00,PRD-A,105.0,1160.0,0.09051724137931035,0.028043503846951586,0.04661195978611832,0.06518041572528505,True,True,True,True,True
2025-06-27 00:00:00,PRD-A,71.0,1194.0,0.059463986599664995,0.028309788197563544,0.04661195978611832,0.06491413137467308,False,True,True,True,True
2025-06-27 08:00:00,PRD-A,74.0,971.0,0.07621009268795056,0.026316674002334468,0.04661195978611832,0.06690724556990217,True,True,True,True,True
2025-06-27 16:00:00,PRD-A,61.0,1264.0,0.048259493670886076,0.02882379069573896,0.04661195978611832,0.06440012887649768,False,True,True,True,True
2024-01-05 00:00:00,PRD-A,28.0,1227.0,0.022819885900570498,0.028557582876170096,0.04661195978611832,0.06466633669606654,True,False,False,False,True
2024-01-05 08:00:00,PRD-A,32.0,1233.0,0.025952960259529603,0.028601564371244333,0.04661195978611832,0.0646223552009923,True,True,False,False,True
2024-01-05 16:00:00,PRD-A,53.0,1267.0,0.041831097079715863,0.028844862571752207,0.04661195978611832,0.06437905700048444,False,True,False,False,True
2024-01-06 00:00:00,PRD-A,35.0,1264.0,0.027689873417721517,0.02882379069573896,0.04661195978611832,0.06440012887649768,True,True,False,False,True
2024-01-06 08:00:00,PRD-A,38.0,1301.0,0.029208301306687164,0.029078559905017766,0.04661195978611832,0.06414535966721888,False,True,True,False,True
2024-01-06 16:00:00,PRD-A,70.0,1203.0,0.058187863674147966,0.028378378713389416,0.04661195978611832,0.06484554085884722,False,True,False,False,True
2024-01-13 00:00:00,PRD-A,30.0,1262.0,0.02377179080824089,0.028809701054646444,0.04661195978611832,0.06441421851759019,True,True,False,False,True
2024-01-13 08:00:00,PRD-A,33.0,1256.0,0.026273885350318472,0.028767230396916643,0.04661195978611832,0.06445668917531999,True,True,True,False,True
2024-01-13 16:00:00,PRD-A,54.0,1275.0,0.042352941176470586,0.028900690195125808,0.04661195978611832,0.06432322937711082,False,True,False,False,True
2024-01-14 00:00:00,PRD-A,35.0,1246.0,0.028089887640449437,0.028695765435773988,0.04661195978611832,0.06452815413646265,True,True,False,False,True
2024-01-14 08:00:00,PRD-A,36.0,1253.0,0.028731045490822026,0.028745880762893368,0.04661195978611832,0.06447803880934327,True,True,True,False,True
2024-01-14 16:00:00,PRD-A,53.0,1232.0,0.04301948051948052,0.028594256440160525,0.04661195978611832,0.0646296631320761,False,True,False,False,True
2024-01-21 00:00:00,PRD-A,42.0,1280.0,0.0328125,0.0289353163662527,0.04661195978611832,0.06428860320598394,False,True,False,False,True
2024-01-21 08:00:00,PRD-A,44.0,1339.0,0.03286034353995519,0.029329144133205684,0.04661195978611832,0.06389477543903095,False,True,True,True,True
2024-01-21 16:00:00,PRD-A,35.0,1241.0,0.028203062046736505,0.028659709463802596,0.04661195978611832,0.06456421010843404,True,True,True,True,True
2024-01-22 00:00:00,PRD-A,38.0,1329.0,0.028592927012791574,0.02926424410892295,0.04661195978611832,0.06395967546331369,True,True,True,True,True
2024-01-22 08:00:00,PRD-A,34.0,1191.0,0.028547439126784216,0.028286752100857928,0.04661195978611832,0.0649371674713787,False,True,True,True,True
2024-01-22 16:00:00,PRD-A,66.0,1241.0,0.0531829170024174,0.028659709463802596,0.04661195978611832,0.06456421010843404,False,True,True,False,True
2024-01-29 00:00:00,PRD-A,29.0,1315.0,0.022053231939163497,0.029172143340491917,0.04661195978611832,0.06405177623174471,True,True,True,False,True
2024-01-29 08:00:00,PRD-A,49.0,1351.0,0.03626943005181347,0.029406070994238524,0.04661195978611832,0.0638178485779981,False,False,True,False,True
2024-01-29 16:00:00,PRD-A,54.0,1334.0,0.04047976011994003,0.02929678534124693,0.04661195978611832,0.06392713423098971,False,False,True,False,True
2024-01-30 00:00:00,PRD-A,36.0,1297.0,0.027756360832690823,0.029051543864524867,0.04661195978611832,0.06417237570771177,True,False,True,False,True
2024-01-30 08:00:00,PRD-A,22.0,1322.0,0.01664145234493192,0.02921837660309111,0.04661195978611832,0.06400554296914553,True,True,True,False,True
2024-01-30 16:00:00,PRD-A,36.0,1147.0,0.03138622493461203,0.02793857368007595,0.04661195978611832,0.06528534589216069,False,True,True,False,True
2024-02-06 00:00:00,PRD-A,49.0,1190.0,0.041176470588235294,0.028279054050661105,0.04661195978611832,0.06494486552157552,False,True,True,False,True
2024-02-06 08:00:00,PRD-A,45.0,1251.0,0.03597122302158273,0.02873160502827586,0.04661195978611832,0.06449231454396077,False,False,True,True,True
2024-02-06 16:00:00,PRD-A,76.0,1206.0,0.06301824212271974,0.02840107141797897,0.04661195978611832,0.06482284815425766,False,False,False,False,False
2024-02-07 00:00:00,PRD-A,43.0,950.0,0.045263157894736845,0.026093583813676845,0.04661195978611832,0.06713033575855978,False,False,False,False,False
2024-02-07 08:00:00,PRD-A,39.0,1343.0,0.029039463886820552,0.029354900951769774,0.04661195978611832,0.06386901862046686,True,False,False,False,True
2024-02-07 16:00:00,PRD-A,42.0,1297.0,0.03238242097147263,0.029051543864524867,0.04661195978611832,0.06417237570771177,False,True,False,False,True
2024-02-14 00:00:00,PRD-A,17.0,1272.0,0.013364779874213837,0.02887981656432141,0.04661195978611832,0.06434410300791522,True,True,False,False,True
2024-02-14 08:00:00,PRD-A,51.0,1334.0,0.03823088455772114,0.02929678534124693,0.04661195978611832,0.06392713423098971,False,True,True,False,True
2024-02-14 16:00:00,PRD-A,36.0,1283.0,0.028059236165237724,0.028955994840970098,0.04661195978611832,0.06426792473126654,True,True,True,False,True
2024-02-15 00:00:00,PRD-A,25.0,1276.0,0.019592476489028215,0.028907631708067708,0.04661195978611832,0.06431628786416893,True,True,True,False,True
2024-02-15 08:00:00,PRD-A,37.0,1338.0,0.02765321375186846,0.02932268688820066,0.04661195978611832,0.06390123268403597,True,True,True,True,True
2024-02-15 16:00:00,PRD-A,48.0,1277.0,0.037588097102584185,0.028914565065716817,0.04661195978611832,0.06430935450651981,False,True,True,True,True
2024-02-22 00:00:00,PRD-A,30.0,1221.0,0.02457002457002457,0.0285132775901386,0.04661195978611832,0.06471064198209803,True,True,True,True,True
2024-02-22 08:00:00,PRD-A,35.0,1314.0,0.02663622526636225,0.02916550844717765,0.04661195978611832,0.06405841112505899,True,True,True,True,True
2024-02-22 16:00:00,PRD-A,44.0,1255.0,0.0350597609561753,0.028760122358638653,0.04661195978611832,0.06446379721359799,False,True,True,True,True
2024-02-23 00:00:00,PRD-A,42.0,1256.0,0.03343949044585987,0.028767230396916643,0.04661195978611832,0.06445668917531999,False,True,True,True,True
2024-02-23 08:00:00,PRD-A,29.0,1242.0,0.023349436392914653,0.028666938073043637,0.04661195978611832,0.064556981499193,True,True,True,True,True
2024-02-23 16:00:00,PRD-A,51.0,1185.0,0.043037974683544304,0.02824041774703544,0.04661195978611832,0.0649835018252012,False,True,True,True,True
2024-03-01 00:00:00,PRD-A,43.0,1082.0,0.03974121996303143,0.027385861608725505,0.04661195978611832,0.06583805796351114,False,False,True,True,True
2024-03-01 08:00:00,PRD-A,21.0,1308.0,0.016055045871559634,0.02912553943410883,0.04661195978611832,0.0640983801381278,True,False,True,True,True
2024-03-01 16:00:00,PRD-A,35.0,1286.0,0.027216174183514776,0.02897660091484009,0.04661195978611832,0.06424731865739655,True,True,True,True,True
2024-03-02 00:00:00,PRD-A,23.0,1275.0,0.01803921568627451,0.028900690195125808,0.04661195978611832,0.06432322937711082,True,True,True,True,True
2024-03-02 08:00:00,PRD-A,32.0,1255.0,0.02549800796812749,0.028760122358638653,0.04661195978611832,0.06446379721359799,True,True,True,True,True
2024-03-02 16:00:00,PRD-A,57.0,1279.0,0.044566067240031274,0.028928407378918386,0.04661195978611832,0.06429551219331825,False,True,True,True,True
2024-03-09 00:00:00,PRD-A,42.0,1223.0,0.03434178250204415,0.028528082240629197,0.04661195978611832,0.06469583733160744,False,True,True,True,True
2024-03-09 08:00:00,PRD-A,56.0,1245.0,0.04497991967871486,0.028688571621249864,0.04661195978611832,0.06453534795098677,False,False,False,True,True
2024-03-09 16:00:00,PRD-A,100.0,1277.0,0.07830853563038372,0.028914565065716817,0.04661195978611832,0.06430935450651981,True,False,False,False,True
2024-03-10 00:00:00,PRD-A,69.0,1256.0,0.05493630573248408,0.028767230396916643,0.04661195978611832,0.06445668917531999,False,False,False,False,False
2024-03-10 08:00:00,PRD-A,81.0,1251.0,0.06474820143884892,0.02873160502827586,0.04661195978611832,0.06449231454396077,True,True,False,False,True
2024-03-10 16:00:00,PRD-A,82.0,862.0,0.0951276102088167,0.025071689268631302,0.04661195978611832,0.06815223030360533,True,True,True,False,True
2024-03-17 00:00:00,PRD-A,29.0,1241.0,0.023368251410153102,0.028659709463802596,0.04661195978611832,0.06456421010843404,True,True,True,False,True
2024-03-17 08:00:00,PRD-A,26.0,1299.0,0.020015396458814474,0.02906506748295097,0.04661195978611832,0.06415885208928566,True,True,False,False,True
2024-03-17 16:00:00,PRD-A,51.0,1256.0,0.04060509554140127,0.028767230396916643,0.04661195978611832,0.06445668917531999,False,True,False,False,True
2024-03-18 00:00:00,PRD-A,40.0,1309.0,0.030557677616501147,0.02913222001519391,0.04661195978611832,0.06409169955704272,False,True,True,False,True
2024-03-18 08:00:00,PRD-A,36.0,1254.0,0.028708133971291867,0.0287530058196167,0.04661195978611832,0.06447091375261993,True,True,True,False,True
2024-03-18 16:00:00,PRD-A,53.0,1250.0,0.0424,0.02872445431622922,0.04661195978611832,0.06449946525600742,False,True,True,False,True
2024-03-25 00:00:00,PRD-A,51.0,1250.0,0.0408,0.02872445431622922,0.04661195978611832,0.06449946525600742,False,False,False,False,False
2024-03-25 08:00:00,PRD-A,41.0,1033.0,0.03969022265246854,0.026935152810931482,0.04661195978611832,0.06628876676130516,False,False,False,True,True
2024-03-25 16:00:00,PRD-A,31.0,1277.0,0.02427564604541895,0.028914565065716817,0.04661195978611832,0.06430935450651981,True,False,False,True,True
2024-03-26 00:00:00,PRD-A,18.0,1322.0,0.01361573373676248,0.02921837660309111,0.04661195978611832,0.06400554296914553,True,True,False,True,True
2024-03-26 08:00:00,PRD-A,28.0,1274.0,0.02197802197802198,0.028893740510890924,0.04661195978611832,0.06433017906134571,True,True,True,True,True
2024-03-26 16:00:00,PRD-A,40.0,1299.0,0.030792917628945343,0.02906506748295097,0.04661195978611832,0.06415885208928566,False,True,True,True,True
2024-04-02 00:00:00,PRD-A,26.0,1175.0,0.022127659574468085,0.028162406601904322,0.04661195978611832,0.06506151297033232,True,True,True,True,True
2024-04-02 08:00:00,PRD-A,28.0,1320.0,0.021212121212121213,0.02920520463362816,0.04661195978611832,0.06401871493860847,True,True,True,True,True
2024-04-02 16:00:00,PRD-A,41.0,1291.0,0.031758326878388844,0.029010784623800058,0.04661195978611832,0.06421313494843658,False,True,True,True,True
2024-04-03 00:00:00,PRD-A,36.0,1317.0,0.02733485193621868,0.029185390449464325,0.04661195978611832,0.0640385291227723,True,True,True,True,True
2024-04-03 08:00:00,PRD-A,37.0,1310.0,0.028244274809160305,0.02913889294529809,0.04661195978611832,0.06408502662693855,True,True,True,True,True
2024-04-03 16:00:00,PRD-A,38.0,1223.0,0.03107113654946852,0.028528082240629197,0.04661195978611832,0.06469583733160744,False,True,True,True,True
2024-04-10 00:00:00,PRD-A,37.0,1224.0,0.03022875816993464,0.028535470954950078,0.04661195978611832,0.06468844861728656,False,True,True,True,True
2024-04-10 08:00:00,PRD-A,37.0,1090.0,0.03394495412844037,0.02745654603249227,0.04661195978611832,0.06576737353974436,False,True,True,True,True
2024-04-10 16:00:00,PRD-A,28.0,1248.0,0.022435897435897436,0.028710127116919948,0.04661195978611832,0.06451379245531669,True,True,True,True,True
2024-04-11 00:00:00,PRD-A,29.0,1321.0,0.02195306585919758,0.02921179435756391,0.04661195978611832,0.06401212521467273,True,True,True,True,True
2024-04-11 08:00:00,PRD-A,64.0,1357.0,0.04716285924834193,0.02944415120792738,0.04661195978611832,0.06377976836430926,False,True,True,False,True
2024-04-11 16:00:00,PRD-A,36.0,1299.0,0.02771362586605081,0.02906506748295097,0.04661195978611832,0.06415885208928566,True,True,True,False,True
2024-04-18 00:00:00,PRD-A,39.0,1290.0,0.030232558139534883,0.029003963784496437,0.04661195978611832,0.0642199557877402,False,True,True,False,True
2024-04-18 08:00:00,PRD-A,31.0,1301.0,0.02382782475019216,0.029078559905017766,0.04661195978611832,0.06414535966721888,True,True,True,False,True
2024-04-18 16:00:00,PRD-A,38.0,1245.0,0.030522088353413655,0.028688571621249864,0.04661195978611832,0.06453534795098677,False,True,True,False,True
2024-04-19 00:00:00,PRD-A,34.0,1151.0,0.029539530842745437,0.027971049158750934,0.04661195978611832,0.06525287041348571,False,True,True,False,True
2024-04-19 08:00:00,PRD-A,18.0,1254.0,0.014354066985645933,0.0287530058196167,0.04661195978611832,0.06447091375261993,True,True,True,False,True
2024-04-19 16:00:00,PRD-A,39.0,1264.0,0.030854430379746837,0.02882379069573896,0.04661195978611832,0.06440012887649768,False,True,True,False,True
2024-04-26 00:00:00,PRD-A,42.0,1126.0,0.037300177619893425,0.027765247927399834,0.04661195978611832,0.0654586716448368,False,True,True,True,True
2024-04-26 08:00:00,PRD-A,26.0,910.0,0.02857142857142857,0.025647480016778572,0.04661195978611832,0.06757643955545806,False,True,True,True,True
2024-04-26 16:00:00,PRD-A,37.0,1291.0,0.02865995352439969,0.029010784623800058,0.04661195978611832,0.06421313494843658,True,True,True,True,True
2024-04-27 00:00:00,PRD-A,29.0,1318.0,0.022003034901365705,0.029192002693806576,0.04661195978611832,0.06403191687843006,True,True,True,True,True
2024-04-27 08:00:00,PRD-A,33.0,1322.0,0.024962178517397883,0.02921837660309111,0.04661195978611832,0.06400554296914553,True,True,True,True,True
2024-04-27 16:00:00,PRD-A,38.0,1233.0,0.030819140308191405,0.028601564371244333,0.04661195978611832,0.0646223552009923,False,True,True,True,True
2024-05-04 00:00:00,PRD-A,23.0,792.0,0.02904040404040404,0.024139935513750137,0.04661195978611832,0.0690839840584865,False,True,True,True,True
2024-05-04 08:00:00,PRD-A,46.0,1293.0,0.03557617942768755,0.02902440255633187,0.04661195978611832,0.06419951701590476,False,True,True,True,True
2024-05-04 16:00:00,PRD-A,34.0,1270.0,0.026771653543307086,0.028865859739475253,0.04661195978611832,0.06435805983276138,True,True,True,True,True
2024-05-05 00:00:00,PRD-A,30.0,1263.0,0.023752969121140142,0.028816750058578096,0.04661195978611832,0.06440716951365855,True,True,True,True,True
2024-05-05 08:00:00,PRD-A,32.0,1308.0,0.024464831804281346,0.02912553943410883,0.04661195978611832,0.0640983801381278,True,True,True,True,True
2024-05-05 16:00:00,PRD-A,31.0,1247.0,0.024859663191659984,0.028702950595216888,0.04661195978611832,0.06452096897701975,True,True,True,True,True
2024-05-12 00:00:00,PRD-A,11.0,1278.0,0.008607198748043818,0.02892149028402948,0.04661195978611832,0.06430242928820715,True,True,True,True,True
2024-05-12 08:00:00,PRD-A,18.0,1302.0,0.013824884792626729,0.02908529445486524,0.04661195978611832,0.0641386251173714,True,True,True,True,True
2024-05-12 16:00:00,PRD-A,34.0,1257.0,0.027048528241845664,0.02877432995136084,0.04661195978611832,0.0644495896208758,True,True,True,True,True
2024-05-13 00:00:00,PRD-A,59.0,1357.0,0.043478260869565216,0.02944415120792738,0.04661195978611832,0.06377976836430926,False,True,True,True,True
2024-05-13 08:00:00,PRD-A,45.0,1295.0,0.03474903474903475,0.029037988929336636,0.04661195978611832,0.0641859306429,False,True,True,True,True
2024-05-13 16:00:00,PRD-A,60.0,1262.0,0.04754358161648178,0.028809701054646444,0.04661195978611832,0.06441421851759019,False,False,False,False,False
2024-05-20 00:00:00,PRD-A,81.0,1292.0,0.06269349845201239,0.02901759754263951,0.04661195978611832,0.06420632202959713,False,False,False,False,False
2024-05-20 08:00:00,PRD-A,75.0,1336.0,0.0561377245508982,0.029309750655266274,0.04661195978611832,0.06391416891697035,False,False,False,False,False
2024-05-20 16:00:00,PRD-A,51.0,1308.0,0.0389908256880734,0.02912553943410883,0.04661195978611832,0.0640983801381278,False,False,False,False,False
2024-05-21 00:00:00,PRD-A,32.0,1307.0,0.02448355011476664,0.029118851187411022,0.04661195978611832,0.06410506838482562,True,False,False,False,True
2024-05-21 08:00:00,PRD-A,36.0,1285.0,0.02801556420233463,0.028969740241998852,0.04661195978611832,0.06425417933023778,True,True,False,False,True
2024-05-21 16:00:00,PRD-A,48.0,1196.0,0.04013377926421405,0.028325097419471798,0.04661195978611832,0.06489882215276484,False,True,True,False,True
2024-05-28 00:00:00,PRD-A,22.0,1241.0,0.017727639000805803,0.028659709463802596,0.04661195978611832,0.06456421010843404,True,True,True,False,True
2024-05-28 08:00:00,PRD-A,33.0,1294.0,0.025502318392581144,0.029031199680152796,0.04661195978611832,0.06419271989208383,True,True,True,False,True
2024-05-28 16:00:00,PRD-A,43.0,1238.0,0.034733441033925685,0.028637971110342574,0.04661195978611832,0.06458594846189405,False,True,True,False,True
2024-05-29 00:00:00,PRD-A,29.0,1315.0,0.022053231939163497,0.029172143340491917,0.04661195978611832,0.06405177623174471,True,True,True,True,True
2024-05-29 08:00:00,PRD-A,36.0,1284.0,0.028037383177570093,0.028962871555912602,0.04661195978611832,0.06426104801632404,True,True,True,True,True
2024-05-29 16:00:00,PRD-A,54.0,1181.0,0.04572396274343776,0.028209332205279894,0.04661195978611832,0.06501458736695674,False,True,True,True,True
2024-06-05 00:00:00,PRD-A,32.0,1200.0,0.02666666666666667,0.02835560096425526,0.04661195978611832,0.06486831860798137,True,True,True,True,True
2024-06-05 08:00:00,PRD-A,32.0,1259.0,0.025416997617156472,0.02878850367615343,0.04661195978611832,0.0644354158960832,True,True,True,True,True
2024-06-05 16:00:00,PRD-A,43.0,1172.0,0.03668941979522184,0.028138808783880368,0.04661195978611832,0.06508511078835627,False,True,True,True,True
2024-06-06 00:00:00,PRD-A,38.0,1264.0,0.030063291139240507,0.02882379069573896,0.04661195978611832,0.06440012887649768,False,True,True,True,True
2024-06-06 08:00:00,PRD-A,23.0,931.0,0.024704618689581095,0.02588527008747762,0.04661195978611832,0.06733864948475901,True,True,True,True,True
2024-06-06 16:00:00,PRD-A,29.0,1267.0,0.022888713496448304,0.028844862571752207,0.04661195978611832,0.06437905700048444,True,True,True,True,True
2024-06-13 00:00:00,PRD-A,42.0,1283.0,0.03273577552611068,0.028955994840970098,0.04661195978611832,0.06426792473126654,False,True,True,True,True
2024-06-13 08:00:00,PRD-A,52.0,1342.0,0.038748137108792845,0.02934847254445635,0.04661195978611832,0.06387544702778028,False,True,True,True,True
2024-06-13 16:00:00,PRD-A,46.0,1285.0,0.0357976653696498,0.028969740241998852,0.04661195978611832,0.06425417933023778,False,False,True,True,True
2024-06-14 00:00:00,PRD-A,70.0,1336.0,0.05239520958083832,0.029309750655266274,0.04661195978611832,0.06391416891697035,False,False,True,False,True
2024-06-14 08:00:00,PRD-A,24.0,1265.0,0.018972332015810278,0.028830822982667422,0.04661195978611832,0.06439309658956921,True,False,True,False,True
2024-06-14 16:00:00,PRD-A,42.0,1281.0,0.03278688524590164,0.028942217261858208,0.04661195978611832,0.06428170231037843,False,True,True,False,True
2024-06-21 00:00:00,PRD-A,68.0,1159.0,0.058671268334771355,0.028035495023659564,0.04661195978611832,0.06518842454857707,False,True,False,False,True
2024-06-21 08:00:00,PRD-A,69.0,1163.0,0.05932932072226999,0.028067468308568662,0.04661195978611832,0.06515645126366798,False,False,False,False,False
2024-06-21 16:00:00,PRD-A,126.0,1116.0,0.11290322580645161,0.02768099756618067,0.04661195978611832,0.06554292200605596,True,True,False,False,True
2024-06-22 00:00:00,PRD-A,84.0,1091.0,0.076993583868011,0.027465326878130657,0.04661195978611832,0.06575859269410597,True,True,True,False,True
2024-06-22 08:00:00,PRD-A,33.0,1263.0,0.026128266033254157,0.028816750058578096,0.04661195978611832,0.06440716951365855,True,True,True,False,True
2024-06-22 16:00:00,PRD-A,46.0,1229.0,0.03742880390561432,0.02857227915610649,0.04661195978611832,0.06465164041613014,False,False,False,False,False
2024-06-29 00:00:00,PRD-A,24.0,1270.0,0.01889763779527559,0.028865859739475253,0.04661195978611832,0.06435805983276138,True,True,False,False,True
2024-06-29 08:00:00,PRD-A,33.0,1320.0,0.025,0.02920520463362816,0.04661195978611832,0.06401871493860847,True,True,True,False,True
2024-06-29 16:00:00,PRD-A,33.0,1246.0,0.026484751203852328,0.028695765435773988,0.04661195978611832,0.06452815413646265,True,True,True,False,True
2024-06-30 00:00:00,PRD-A,46.0,1296.0,0.035493827160493825,0.029044770319076596,0.04661195978611832,0.06417914925316004,False,True,True,False,True
2024-06-30 08:00:00,PRD-A,45.0,1305.0,0.034482758620689655,0.02910545163845376,0.04661195978611832,0.06411846793378287,False,True,True,False,True
2024-06-30 16:00:00,PRD-A,60.0,1268.0,0.0473186119873817,0.028851869906757307,0.04661195978611832,0.06437204966547933,False,False,True,False,True
2024-07-07 00:00:00,PRD-A,42.0,1335.0,0.03146067415730337,0.029303271640198955,0.04661195978611832,0.06392064793203768,False,True,True,False,True
2024-07-07 08:00:00,PRD-A,25.0,1327.0,0.018839487565938208,0.029251176147990915,0.04661195978611832,0.06397274342424572,True,True,True,False,True
2024-07-07 16:00:00,PRD-A,44.0,1256.0,0.03503184713375796,0.028767230396916643,0.04661195978611832,0.06445668917531999,False,True,True,False,True
2024-07-08 00:00:00,PRD-A,27.0,1299.0,0.020785219399538105,0.02906506748295097,0.04661195978611832,0.06415885208928566,True,True,True,False,True
2024-07-08 08:00:00,PRD-A,20.0,1027.0,0.019474196689386564,0.02687775801627635,0.04661195978611832,0.06634616155596029,True,True,True,False,True
2024-07-08 16:00:00,PRD-A,52.0,1364.0,0.03812316715542522,0.029488260166865586,0.04661195978611832,0.06373565940537104,False,True,True,False,True
2024-07-15 00:00:00,PRD-A,30.0,1239.0,0.024213075060532687,0.028645226000113714,0.04661195978611832,0.06457869357212292,True,True,True,False,True
2024-07-15 08:00:00,PRD-A,32.0,1310.0,0.024427480916030534,0.02913889294529809,0.04661195978611832,0.06408502662693855,True,True,True,True,True
2024-07-15 16:00:00,PRD-A,35.0,1300.0,0.026923076923076925,0.029071817586029437,0.04661195978611832,0.0641521019862072,True,True,True,True,True
2024-07-16 00:00:00,PRD-A,56.0,1373.0,0.04078659868900218,0.029544475272642763,0.04661195978611832,0.06367944429959388,False,True,True,True,True
2024-07-16 08:00:00,PRD-A,25.0,1275.0,0.0196078431372549,0.028900690195125808,0.04661195978611832,0.06432322937711082,True,True,True,True,True
2024-07-16 16:00:00,PRD-A,42.0,1234.0,0.03403565640194489,0.028608863417304935,0.04661195978611832,0.0646150561549317,False,True,True,True,True
2024-07-23 00:00:00,PRD-A,48.0,1269.0,0.037825059101654845,0.028858868957227873,0.04661195978611832,0.06436505061500876,False,True,True,True,True
2024-07-23 08:00:00,PRD-A,47.0,1272.0,0.036949685534591194,0.02887981656432141,0.04661195978611832,0.06434410300791522,False,False,True,True,True
2024-07-23 16:00:00,PRD-A,77.0,1254.0,0.06140350877192982,0.0287530058196167,0.04661195978611832,0.06447091375261993,False,False,True,False,True
2024-07-24 00:00:00,PRD-A,60.0,1308.0,0.045871559633027525,0.02912553943410883,0.04661195978611832,0.0640983801381278,False,False,False,False,False
2024-07-24 08:00:00,PRD-A,65.0,1297.0,0.05011565150346955,0.029051543864524867,0.04661195978611832,0.06417237570771177,False,False,False,False,False
2024-07-24 16:00:00,PRD-A,85.0,1252.0,0.06789137380191693,0.02873874717146388,0.04661195978611832,0.06448517240077276,True,False,False,False,True
2024-07-31 00:00:00,PRD-A,62.0,1038.0,0.05973025048169557,0.026982601172671983,0.04661195978611832,0.06624131839956465,False,True,False,False,True
2024-07-31 08:00:00,PRD-A,34.0,1307.0,0.026013771996939557,0.029118851187411022,0.04661195978611832,0.06410506838482562,True,True,False,False,True
2024-07-31 16:00:00,PRD-A,41.0,1092.0,0.037545787545787544,0.02747409565940485,0.04661195978611832,0.06574982391283178,False,False,False,False,False
2024-08-01 00:00:00,PRD-A,28.0,1167.0,0.023993144815766924,0.028099277065222843,0.04661195978611832,0.06512464250701379,True,True,False,False,True
2024-08-01 08:00:00,PRD-A,26.0,1377.0,0.01888162672476398,0.02956928267603572,0.04661195978611832,0.06365463689620092,True,True,True,False,True
2024-08-01 16:00:00,PRD-A,19.0,1287.0,0.014763014763014764,0.02898345359000508,0.04661195978611832,0.06424046598223156,True,True,True,False,True
2024-08-08 00:00:00,PRD-A,18.0,1215.0,0.014814814814814815,0.028468644520645535,0.04661195978611832,0.0647552750515911,True,True,True,False,True
2024-08-08 08:00:00,PRD-A,28.0,1322.0,0.02118003025718608,0.02921837660309111,0.04661195978611832,0.06400554296914553,True,True,True,False,True
2024-08-08 16:00:00,PRD-A,35.0,1280.0,0.02734375,0.0289353163662527,0.04661195978611832,0.06428860320598394,True,True,True,True,True
2024-08-09 00:00:00,PRD-A,37.0,1314.0,0.02815829528158295,0.02916550844717765,0.04661195978611832,0.06405841112505899,True,True,True,True,True
2024-08-09 08:00:00,PRD-A,39.0,1254.0,0.03110047846889952,0.0287530058196167,0.04661195978611832,0.06447091375261993,False,True,True,True,True
2024-08-09 16:00:00,PRD-A,47.0,1200.0,0.03916666666666667,0.02835560096425526,0.04661195978611832,0.06486831860798137,False,True,True,True,True
2024-08-16 00:00:00,PRD-A,31.0,1196.0,0.025919732441471572,0.028325097419471798,0.04661195978611832,0.06489882215276484,True,True,True,True,True
2024-08-16 08:00:00,PRD-A,37.0,1240.0,0.029838709677419355,0.028652472112038196,0.04661195978611832,0.06457144746019844,False,True,True,True,True
2024-08-16 16:00:00,PRD-A,66.0,1240.0,0.0532258064516129,0.028652472112038196,0.04661195978611832,0.06457144746019844,False,True,True,False,True
2024-08-17 00:00:00,PRD-A,42.0,1185.0,0.035443037974683546,0.02824041774703544,0.04661195978611832,0.0649835018252012,False,False,True,False,True
2024-08-17 08:00:00,PRD-A,39.0,1257.0,0.031026252983293555,0.02877432995136084,0.04661195978611832,0.0644495896208758,False,False,True,False,True
2024-08-17 16:00:00,PRD-A,67.0,1247.0,0.053728949478749,0.028702950595216888,0.04661195978611832,0.06452096897701975,False,False,False,False,False
2024-08-24 00:00:00,PRD-A,61.0,1227.0,0.04971475142624287,0.028557582876170096,0.04661195978611832,0.06466633669606654,False,False,False,False,False
2024-08-24 08:00:00,PRD-A,48.0,1279.0,0.03752931978107897,0.028928407378918386,0.04661195978611832,0.06429551219331825,False,False,False,False,False
2024-08-24 16:00:00,PRD-A,69.0,1216.0,0.05674342105263158,0.028476106299807707,0.04661195978611832,0.06474781327242893,False,False,False,False,False
2024-08-25 00:00:00,PRD-A,39.0,907.0,0.04299889746416759,0.025612837503858694,0.04661195978611832,0.06761108206837795,False,False,False,False,False
2024-08-25 08:00:00,PRD-A,35.0,1305.0,0.02681992337164751,0.02910545163845376,0.04661195978611832,0.06411846793378287,True,False,False,False,True
2024-08-25 16:00:00,PRD-A,37.0,1316.0,0.02811550151975684,0.029178770669800437,0.04661195978611832,0.0640451489024362,True,True,False,False,True
2024-09-01 00:00:00,PRD-A,31.0,1060.0,0.029245283018867925,0.027187370115137322,0.04661195978611832,0.06603654945709932,False,True,False,False,True
2024-09-01 08:00:00,PRD-A,31.0,1304.0,0.023773006134969327,0.029098740306734087,0.04661195978611832,0.06412517926550254,True,True,True,False,True
2024-09-01 16:00:00,PRD-A,43.0,1244.0,0.03456591639871383,0.028681369134254363,0.04661195978611832,0.06454255043798227,False,True,True,False,True
2024-09-02 00:00:00,PRD-A,33.0,1298.0,0.025423728813559324,0.029058309580792793,0.04661195978611832,0.06416560999144384,True,True,True,False,True
2024-09-02 08:00:00,PRD-A,35.0,1265.0,0.02766798418972332,0.028830822982667422,0.04661195978611832,0.06439309658956921,True,True,True,True,True
2024-09-02 16:00:00,PRD-A,59.0,1222.0,0.04828150572831424,0.02852068445854619,0.04661195978611832,0.06470323511369044,False,True,True,False,True
2024-09-09 00:00:00,PRD-A,35.0,1185.0,0.029535864978902954,0.02824041774703544,0.04661195978611832,0.0649835018252012,False,True,True,False,True
2024-09-09 08:00:00,PRD-A,55.0,1259.0,0.043685464654487687,0.02878850367615343,0.04661195978611832,0.0644354158960832,False,False,False,False,False
2024-09-09 16:00:00,PRD-A,61.0,1243.0,0.04907481898632341,0.028674157957348373,0.04661195978611832,0.06454976161488826,False,False,False,False,False
2024-09-10 00:00:00,PRD-A,50.0,1286.0,0.038880248833592534,0.02897660091484009,0.04661195978611832,0.06424731865739655,False,False,False,False,False
2024-09-10 08:00:00,PRD-A,41.0,1182.0,0.03468697123519458,0.028217118381884333,0.04661195978611832,0.0650068011903523,False,False,False,False,False
2024-09-10 16:00:00,PRD-A,66.0,1233.0,0.0535279805352798,0.028601564371244333,0.04661195978611832,0.0646223552009923,False,False,False,False,False
2024-09-17 00:00:00,PRD-A,45.0,1188.0,0.03787878787878788,0.028263628801204827,0.04661195978611832,0.06496029077103181,False,False,False,False,False
2024-09-17 08:00:00,PRD-A,52.0,1274.0,0.04081632653061224,0.028893740510890924,0.04661195978611832,0.06433017906134571,False,False,False,False,False
2024-09-17 16:00:00,PRD-A,58.0,1197.0,0.04845446950710108,0.02833273763804913,0.04661195978611832,0.0648911819341875,False,False,False,False,False
2024-09-18 00:00:00,PRD-A,59.0,1242.0,0.04750402576489533,0.028666938073043637,0.04661195978611832,0.064556981499193,False,False,False,False,False
2024-09-18 08:00:00,PRD-A,73.0,1168.0,0.0625,0.028107203712009213,0.04661195978611832,0.06511671586022742,False,False,False,False,False
2024-09-18 16:00:00,PRD-A,71.0,1093.0,0.06495882891125343,0.027482852403915778,0.04661195978611832,0.06574106716832086,False,True,False,False,True
2024-09-25 00:00:00,PRD-A,48.0,1162.0,0.04130808950086059,0.028059490467168196,0.04661195978611832,0.06516442910506844,False,True,False,False,True
2024-09-25 08:00:00,PRD-A,64.0,1212.0,0.052805280528052806,0.028446203800546355,0.04661195978611832,0.06477771577169028,False,False,False,False,False
2024-09-25 16:00:00,PRD-A,88.0,1170.0,0.07521367521367521,0.028123026507612413,0.04661195978611832,0.06510089306462422,True,False,True,False,True
2024-09-26 00:00:00,PRD-A,60.0,1230.0,0.04878048780487805,0.028579613850709347,0.04661195978611832,0.0646443057215273,False,False,False,False,False
2024-09-26 08:00:00,PRD-A,70.0,1214.0,0.057660626029654036,0.02846117352371969,0.04661195978611832,0.06476274604851695,False,False,False,False,False
2024-09-26 16:00:00,PRD-A,88.0,1202.0,0.07321131447587355,0.028370795605940472,0.04661195978611832,0.06485312396629617,True,False,True,False,True
2024-10-03 00:00:00,PRD-A,108.0,1283.0,0.08417770849571317,0.028955994840970098,0.04661195978611832,0.06426792473126654,True,True,True,False,True
2024-10-03 08:00:00,PRD-A,59.0,995.0,0.0592964824120603,0.0265629353253551,0.04661195978611832,0.06666098424688154,False,True,True,False,True
2024-10-03 16:00:00,PRD-A,55.0,1314.0,0.04185692541856925,0.02916550844717765,0.04661195978611832,0.06405841112505899,False,False,True,False,True
2024-10-04 00:00:00,PRD-A,56.0,1333.0,0.042010502625656414,0.02929029174475206,0.04661195978611832,0.06393362782748457,False,False,False,False,False
2024-10-04 08:00:00,PRD-A,45.0,1307.0,0.03442999234889059,0.029118851187411022,0.04661195978611832,0.06410506838482562,False,False,False,False,False
2024-10-04 16:00:00,PRD-A,63.0,1315.0,0.04790874524714829,0.029172143340491917,0.04661195978611832,0.06405177623174471,False,False,False,False,False
2024-10-11 00:00:00,PRD-A,50.0,1148.0,0.04355400696864112,0.027946708459859085,0.04661195978611832,0.06527721111237755,False,False,False,False,False
2024-10-11 08:00:00,PRD-A,65.0,1221.0,0.05323505323505324,0.0285132775901386,0.04661195978611832,0.06471064198209803,False,False,False,False,False
2024-10-11 16:00:00,PRD-A,85.0,1206.0,0.07048092868988391,0.02840107141797897,0.04661195978611832,0.06482284815425766,True,False,False,False,True
2024-10-12 00:00:00,PRD-A,70.0,1210.0,0.05785123966942149,0.0284311969776768,0.04661195978611832,0.06479272259455984,False,False,False,False,False
2024-10-12 08:00:00,PRD-A,62.0,1024.0,0.060546875,0.026848871635696377,0.04661195978611832,0.06637504793654025,False,True,True,False,True
2024-10-12 16:00:00,PRD-A,43.0,1313.0,0.03274942878903275,0.02915886597545822,0.04661195978611832,0.06406505359677842,False,False,True,False,True
2024-10-19 00:00:00,PRD-A,44.0,1209.0,0.036393713813068655,0.028423679605923506,0.04661195978611832,0.06480023996631312,False,False,False,False,False
2024-10-19 08:00:00,PRD-A,57.0,1344.0,0.04241071428571429,0.029361322183186253,0.04661195978611832,0.06386259738905038,False,False,False,False,False
2024-10-19 16:00:00,PRD-A,39.0,1184.0,0.032939189189189186,0.028232661131938275,0.04661195978611832,0.06499125844029836,False,False,False,False,False
2024-10-20 00:00:00,PRD-A,45.0,1299.0,0.03464203233256351,0.02906506748295097,0.04661195978611832,0.06415885208928566,False,True,True,False,True
2024-10-20 08:00:00,PRD-A,34.0,1276.0,0.02664576802507837,0.028907631708067708,0.04661195978611832,0.06431628786416893,True,True,True,False,True
2024-10-20 16:00:00,PRD-A,61.0,1223.0,0.04987735077677841,0.028528082240629197,0.04661195978611832,0.06469583733160744,False,True,False,False,True
2024-10-27 00:00:00,PRD-A,83.0,1147.0,0.07236268526591107,0.02793857368007595,0.04661195978611832,0.06528534589216069,True,False,False,False,True
2024-10-27 08:00:00,PRD-A,75.0,818.0,0.09168704156479218,0.02449995425948851,0.04661195978611832,0.06872396531274813,True,True,False,False,True
2024-10-27 16:00:00,PRD-A,37.0,1275.0,0.029019607843137254,0.028900690195125808,0.04661195978611832,0.06432322937711082,False,True,False,False,True
2024-10-28 00:00:00,PRD-A,26.0,1315.0,0.01977186311787072,0.029172143340491917,0.04661195978611832,0.06405177623174471,True,True,False,False,True
2024-10-28 08:00:00,PRD-A,33.0,1265.0,0.02608695652173913,0.028830822982667422,0.04661195978611832,0.06439309658956921,True,True,False,False,True
2024-10-28 16:00:00,PRD-A,52.0,1292.0,0.04024767801857585,0.02901759754263951,0.04661195978611832,0.06420632202959713,False,True,True,False,True
2024-11-04 00:00:00,PRD-A,41.0,1282.0,0.031981279251170044,0.0289491100815175,0.04661195978611832,0.06427480949071913,False,True,True,False,True
2024-11-04 08:00:00,PRD-A,28.0,1329.0,0.021068472535741158,0.02926424410892295,0.04661195978611832,0.06395967546331369,True,True,True,False,True
2024-11-04 16:00:00,PRD-A,47.0,1292.0,0.03637770897832817,0.02901759754263951,0.04661195978611832,0.06420632202959713,False,True,True,False,True
2024-11-05 00:00:00,PRD-A,34.0,1318.0,0.025796661608497723,0.029192002693806576,0.04661195978611832,0.06403191687843006,True,True,True,True,True
2024-11-05 08:00:00,PRD-A,48.0,1331.0,0.03606311044327573,0.029277282604321702,0.04661195978611832,0.06394663696791493,False,False,True,True,True
2024-11-05 16:00:00,PRD-A,42.0,1110.0,0.03783783783783784,0.0276299017587552,0.04661195978611832,0.06559401781348144,False,False,True,True,True
2024-11-12 00:00:00,PRD-A,46.0,938.0,0.04904051172707889,0.025962753310837357,0.04661195978611832,0.06726116626139927,False,False,True,False,True
2024-11-12 08:00:00,PRD-A,22.0,1327.0,0.016578749058025623,0.029251176147990915,0.04661195978611832,0.06397274342424572,True,False,True,False,True
2024-11-12 16:00:00,PRD-A,28.0,1325.0,0.021132075471698115,0.02923807861037681,0.04661195978611832,0.06398584096185983,True,True,True,False,True
2024-11-13 00:00:00,PRD-A,35.0,1336.0,0.02619760479041916,0.029309750655266274,0.04661195978611832,0.06391416891697035,True,True,True,False,True
2024-11-13 08:00:00,PRD-A,41.0,1338.0,0.030642750373692077,0.02932268688820066,0.04661195978611832,0.06390123268403597,False,True,True,False,True
2024-11-13 16:00:00,PRD-A,44.0,1307.0,0.03366488140780413,0.029118851187411022,0.04661195978611832,0.06410506838482562,False,True,True,False,True
2024-11-20 00:00:00,PRD-A,62.0,1177.0,0.052676295666949875,0.028178088332901273,0.04661195978611832,0.06504583123933536,False,True,True,False,True
2024-11-20 08:00:00,PRD-A,66.0,1252.0,0.052715654952076675,0.02873874717146388,0.04661195978611832,0.06448517240077276,False,False,False,False,False
2024-11-20 16:00:00,PRD-A,73.0,1205.0,0.06058091286307054,0.028393516599828583,0.04661195978611832,0.06483040297240805,False,False,False,False,False
2024-11-21 00:00:00,PRD-A,55.0,1293.0,0.042536736272235115,0.02902440255633187,0.04661195978611832,0.06419951701590476,False,False,False,False,False
2024-11-21 08:00:00,PRD-A,55.0,1207.0,0.045567522783761395,0.02840861684542869,0.04661195978611832,0.06481530272680794,False,False,False,False,False
2024-11-21 16:00:00,PRD-A,91.0,1188.0,0.0765993265993266,0.028263628801204827,0.04661195978611832,0.06496029077103181,True,False,False,False,True
2024-11-28 00:00:00,PRD-A,37.0,1138.0,0.03251318101933216,0.027864878820154267,0.04661195978611832,0.06535904075208238,False,False,False,False,False
2024-11-28 08:00:00,PRD-A,63.0,1162.0,0.05421686746987952,0.028059490467168196,0.04661195978611832,0.06516442910506844,False,False,False,False,False
2024-11-28 16:00:00,PRD-A,44.0,1282.0,0.0343213728549142,0.0289491100815175,0.04661195978611832,0.06427480949071913,False,True,False,False,True
2024-11-29 00:00:00,PRD-A,47.0,1249.0,0.03763010408326661,0.028717295018175947,0.04661195978611832,0.06450662455406068,False,False,False,False,False
2024-11-29 08:00:00,PRD-A,21.0,1285.0,0.01634241245136187,0.028969740241998852,0.04661195978611832,0.06425417933023778,True,True,True,False,True
2024-11-29 16:00:00,PRD-A,44.0,1309.0,0.03361344537815126,0.02913222001519391,0.04661195978611832,0.06409169955704272,False,True,True,False,True
2024-12-06 00:00:00,PRD-A,39.0,1182.0,0.03299492385786802,0.028217118381884333,0.04661195978611832,0.0650068011903523,False,True,True,False,True
2024-12-06 08:00:00,PRD-A,48.0,1223.0,0.039247751430907606,0.028528082240629197,0.04661195978611832,0.06469583733160744,False,True,True,False,True
2024-12-06 16:00:00,PRD-A,75.0,1211.0,0.061932287365813375,0.02843870503614624,0.04661195978611832,0.0647852145360904,False,False,True,False,True
2024-12-07 00:00:00,PRD-A,45.0,1211.0,0.037159372419488024,0.02843870503614624,0.04661195978611832,0.0647852145360904,False,False,True,False,True
2024-12-07 08:00:00,PRD-A,58.0,1240.0,0.0467741935483871,0.028652472112038196,0.04661195978611832,0.06457144746019844,False,False,False,False,False
2024-12-07 16:00:00,PRD-A,60.0,1182.0,0.050761421319796954,0.028217118381884333,0.04661195978611832,0.0650068011903523,False,False,False,False,False
2024-12-14 00:00:00,PRD-A,80.0,1195.0,0.06694560669456066,0.028317447612667156,0.04661195978611832,0.06490647195956947,True,False,False,False,True
2024-12-14 08:00:00,PRD-A,111.0,1246.0,0.08908507223113965,0.028695765435773988,0.04661195978611832,0.06452815413646265,True,True,False,False,True
2024-12-14 16:00:00,PRD-A,118.0,1102.0,0.10707803992740472,0.02756112596088624,0.04661195978611832,0.0656627936113504,True,True,False,False,True
2024-12-15 00:00:00,PRD-A,112.0,1188.0,0.09427609427609428,0.028263628801204827,0.04661195978611832,0.06496029077103181,True,True,True,False,True
2024-12-15 08:00:00,PRD-A,105.0,1248.0,0.08413461538461539,0.028710127116919948,0.04661195978611832,0.06451379245531669,True,True,True,False,True
2024-12-15 16:00:00,PRD-A,119.0,869.0,0.13693901035673187,0.025158620666050742,0.04661195978611832,0.0680652989061859,True,True,True,True,True
2024-12-22 00:00:00,PRD-A,53.0,1220.0,0.04344262295081967,0.028505861616790716,0.04661195978611832,0.06471805795544591,False,True,True,False,True
2024-12-22 08:00:00,PRD-A,51.0,1155.0,0.04415584415584416,0.028003355787238268,0.04661195978611832,0.06522056378499837,False,False,False,False,False
2024-12-22 16:00:00,PRD-A,90.0,1153.0,0.07805724197745013,0.027987223487720498,0.04661195978611832,0.06523669608451614,True,False,False,False,True
2024-12-23 00:00:00,PRD-A,69.0,1211.0,0.05697770437654831,0.02843870503614624,0.04661195978611832,0.0647852145360904,False,False,False,False,False
2024-12-23 08:00:00,PRD-A,77.0,1224.0,0.06290849673202614,0.028535470954950078,0.04661195978611832,0.06468844861728656,False,True,False,False,True
2024-12-23 16:00:00,PRD-A,63.0,828.0,0.07608695652173914,0.024633886476019395,0.04661195978611832,0.06859003309621724,True,True,True,False,True
2024-12-30 00:00:00,PRD-A,60.0,1153.0,0.05203816131830009,0.027987223487720498,0.04661195978611832,0.06523669608451614,False,True,True,False,True
2024-12-30 08:00:00,PRD-A,74.0,1249.0,0.059247397918334666,0.028717295018175947,0.04661195978611832,0.06450662455406068,False,True,True,False,True
2024-12-30 16:00:00,PRD-A,77.0,1006.0,0.07654075546719682,0.02667284857264541,0.04661195978611832,0.06655107099959123,True,True,True,False,True
2024-12-31 00:00:00,PRD-A,32.0,1283.0,0.02494154325798909,0.028955994840970098,0.04661195978611832,0.06426792473126654,True,True,False,False,True
2024-12-31 08:00:00,PRD-A,58.0,1356.0,0.04277286135693215,0.029437822061692757,0.04661195978611832,0.06378609751054387,False,False,False,False,False
2024-12-31 16:00:00,PRD-A,51.0,1262.0,0.04041204437400951,0.028809701054646444,0.04661195978611832,0.06441421851759019,False,False,False,False,False
2025-01-07 00:00:00,PRD-A,44.0,1293.0,0.03402938901778809,0.02902440255633187,0.04661195978611832,0.06419951701590476,False,False,False,False,False
2025-01-07 08:00:00,PRD-A,27.0,1256.0,0.021496815286624203,0.028767230396916643,0.04661195978611832,0.06445668917531999,True,True,True,False,True
2025-01-07 16:00:00,PRD-A,44.0,1259.0,0.03494837172359015,0.02878850367615343,0.04661195978611832,0.0644354158960832,False,True,True,False,True
2025-01-08 00:00:00,PRD-A,37.0,1335.0,0.027715355805243445,0.029303271640198955,0.04661195978611832,0.06392064793203768,True,True,True,False,True
2025-01-08 08:00:00,PRD-A,54.0,1105.0,0.048868778280542986,0.02758700439777026,0.04661195978611832,0.06563691517446638,False,False,True,False,True
2025-01-08 16:00:00,PRD-A,36.0,1294.0,0.027820710973724884,0.029031199680152796,0.04661195978611832,0.06419271989208383,True,True,True,False,True
2025-01-15 00:00:00,PRD-A,32.0,1252.0,0.025559105431309903,0.02873874717146388,0.04661195978611832,0.06448517240077276,True,True,True,False,True
2025-01-15 08:00:00,PRD-A,37.0,1240.0,0.029838709677419355,0.028652472112038196,0.04661195978611832,0.06457144746019844,False,True,True,False,True
2025-01-15 16:00:00,PRD-A,40.0,1174.0,0.034071550255536626,0.028154550713456246,0.04661195978611832,0.0650693688587804,False,True,True,False,True
2025-01-16 00:00:00,PRD-A,35.0,1302.0,0.026881720430107527,0.02908529445486524,0.04661195978611832,0.0641386251173714,True,True,True,False,True
2025-01-16 08:00:00,PRD-A,35.0,1262.0,0.0277337559429477,0.028809701054646444,0.04661195978611832,0.06441421851759019,True,True,True,False,True
2025-01-16 16:00:00,PRD-A,50.0,1218.0,0.041050903119868636,0.02849100228054388,0.04661195978611832,0.06473291729169275,False,True,True,False,True
2025-01-23 00:00:00,PRD-A,29.0,1204.0,0.02408637873754153,0.028385952371482608,0.04661195978611832,0.06483796720075402,True,True,True,True,True
2025-01-23 08:00:00,PRD-A,32.0,1277.0,0.025058731401722788,0.028914565065716817,0.04661195978611832,0.06430935450651981,True,True,True,True,True
2025-01-23 16:00:00,PRD-A,49.0,1256.0,0.03901273885350318,0.028767230396916643,0.04661195978611832,0.06445668917531999,False,True,True,True,True
2025-01-24 00:00:00,PRD-A,30.0,1290.0,0.023255813953488372,0.029003963784496437,0.04661195978611832,0.0642199557877402,True,True,True,True,True
2025-01-24 08:00:00,PRD-A,40.0,1303.0,0.03069838833461243,0.029092021250480986,0.04661195978611832,0.06413189832175564,False,True,True,True,True
2025-01-24 16:00:00,PRD-A,67.0,1264.0,0.05300632911392405,0.02882379069573896,0.04661195978611832,0.06440012887649768,False,True,True,False,True
2025-01-31 00:00:00,PRD-A,46.0,1235.0,0.03724696356275304,0.028616153596331857,0.04661195978611832,0.06460776597590479,False,False,True,False,True
2025-01-31 08:00:00,PRD-A,54.0,1213.0,0.04451772464962902,0.028453693290036226,0.04661195978611832,0.06477022628220042,False,False,False,False,False
2025-01-31 16:00:00,PRD-A,65.0,1188.0,0.054713804713804715,0.028263628801204827,0.04661195978611832,0.06496029077103181,False,False,False,False,False
2025-02-01 00:00:00,PRD-A,21.0,1041.0,0.020172910662824207,0.027010905958287576,0.04661195978611832,0.06621301361394906,True,False,False,False,True
2025-02-01 08:00:00,PRD-A,25.0,1293.0,0.019334880123743233,0.02902440255633187,0.04661195978611832,0.06419951701590476,True,True,False,False,True
2025-02-01 16:00:00,PRD-A,44.0,1252.0,0.03514376996805112,0.02873874717146388,0.04661195978611832,0.06448517240077276,False,True,False,False,True
2025-02-08 00:00:00,PRD-A,36.0,1303.0,0.02762854950115119,0.029092021250480986,0.04661195978611832,0.06413189832175564,True,True,True,False,True
2025-02-08 08:00:00,PRD-A,23.0,1284.0,0.01791277258566978,0.028962871555912602,0.04661195978611832,0.06426104801632404,True,True,True,False,True
2025-02-08 16:00:00,PRD-A,43.0,1256.0,0.03423566878980892,0.028767230396916643,0.04661195978611832,0.06445668917531999,False,True,True,False,True
2025-02-09 00:00:00,PRD-A,24.0,1308.0,0.01834862385321101,0.02912553943410883,0.04661195978611832,0.0640983801381278,True,True,True,False,True
2025-02-09 08:00:00,PRD-A,31.0,1292.0,0.023993808049535603,0.02901759754263951,0.04661195978611832,0.06420632202959713,True,True,True,True,True
2025-02-09 16:00:00,PRD-A,44.0,1193.0,0.036881810561609385,0.028302119154030435,0.04661195978611832,0.0649218004182062,False,True,True,True,True
2025-02-16 00:00:00,PRD-A,30.0,1278.0,0.023474178403755867,0.02892149028402948,0.04661195978611832,0.06430242928820715,True,True,True,True,True
2025-02-16 08:00:00,PRD-A,52.0,1338.0,0.03886397608370702,0.02932268688820066,0.04661195978611832,0.06390123268403597,False,False,True,True,True
2025-02-16 16:00:00,PRD-A,57.0,1295.0,0.044015444015444015,0.029037988929336636,0.04661195978611832,0.0641859306429,False,False,True,True,True
2025-02-17 00:00:00,PRD-A,39.0,1308.0,0.02981651376146789,0.02912553943410883,0.04661195978611832,0.0640983801381278,False,False,True,True,True
2025-02-17 08:00:00,PRD-A,29.0,1267.0,0.022888713496448304,0.028844862571752207,0.04661195978611832,0.06437905700048444,True,True,True,True,True
2025-02-17 16:00:00,PRD-A,41.0,1266.0,0.03238546603475513,0.028837846935856143,0.04661195978611832,0.06438607263638049,False,True,True,True,True
2025-02-24 00:00:00,PRD-A,56.0,1255.0,0.04462151394422311,0.028760122358638653,0.04661195978611832,0.06446379721359799,False,True,False,True,True
2025-02-24 08:00:00,PRD-A,58.0,1314.0,0.0441400304414003,0.02916550844717765,0.04661195978611832,0.06405841112505899,False,False,False,True,True
2025-02-24 16:00:00,PRD-A,80.0,1227.0,0.06519967400162999,0.028557582876170096,0.04661195978611832,0.06466633669606654,True,False,False,False,True
2025-02-25 00:00:00,PRD-A,67.0,1302.0,0.05145929339477726,0.02908529445486524,0.04661195978611832,0.0641386251173714,False,False,False,False,False
2025-02-25 08:00:00,PRD-A,84.0,1253.0,0.0670391061452514,0.028745880762893368,0.04661195978611832,0.06447803880934327,True,True,False,False,True
2025-02-25 16:00:00,PRD-A,98.0,1252.0,0.07827476038338659,0.02873874717146388,0.04661195978611832,0.06448517240077276,True,True,False,False,True
2025-03-04 00:00:00,PRD-A,26.0,1255.0,0.020717131474103586,0.028760122358638653,0.04661195978611832,0.06446379721359799,True,True,False,False,True
2025-03-04 08:00:00,PRD-A,27.0,1301.0,0.0207532667179093,0.029078559905017766,0.04661195978611832,0.06414535966721888,True,True,False,False,True
2025-03-04 16:00:00,PRD-A,44.0,1304.0,0.03374233128834356,0.029098740306734087,0.04661195978611832,0.06412517926550254,False,True,False,False,True
2025-03-05 00:00:00,PRD-A,25.0,1259.0,0.019857029388403495,0.02878850367615343,0.04661195978611832,0.0644354158960832,True,True,True,False,True
2025-03-05 08:00:00,PRD-A,35.0,1246.0,0.028089887640449437,0.028695765435773988,0.04661195978611832,0.06452815413646265,True,True,True,False,True
2025-03-05 16:00:00,PRD-A,50.0,1293.0,0.038669760247486466,0.02902440255633187,0.04661195978611832,0.06419951701590476,False,True,True,False,True
2025-03-12 00:00:00,PRD-A,30.0,1212.0,0.024752475247524754,0.028446203800546355,0.04661195978611832,0.06477771577169028,True,True,True,False,True
2025-03-12 08:00:00,PRD-A,34.0,1326.0,0.02564102564102564,0.029244631083238836,0.04661195978611832,0.0639792884889978,True,True,True,True,True
2025-03-12 16:00:00,PRD-A,47.0,1224.0,0.03839869281045752,0.028535470954950078,0.04661195978611832,0.06468844861728656,False,True,True,True,True
2025-03-13 00:00:00,PRD-A,44.0,1266.0,0.03475513428120063,0.028837846935856143,0.04661195978611832,0.06438607263638049,False,True,True,True,True
2025-03-13 08:00:00,PRD-A,38.0,1310.0,0.02900763358778626,0.02913889294529809,0.04661195978611832,0.06408502662693855,True,True,True,True,True
2025-03-13 16:00:00,PRD-A,66.0,1228.0,0.05374592833876222,0.028564935504009105,0.04661195978611832,0.06465898406822754,False,True,True,False,True
2025-03-20 00:00:00,PRD-A,52.0,1212.0,0.0429042904290429,0.028446203800546355,0.04661195978611832,0.06477771577169028,False,False,False,False,False
2025-03-20 08:00:00,PRD-A,45.0,1338.0,0.033632286995515695,0.02932268688820066,0.04661195978611832,0.06390123268403597,False,False,False,False,False
2025-03-20 16:00:00,PRD-A,34.0,1228.0,0.02768729641693811,0.028564935504009105,0.04661195978611832,0.06465898406822754,True,True,False,False,True
2025-03-21 00:00:00,PRD-A,26.0,1303.0,0.019953952417498082,0.029092021250480986,0.04661195978611832,0.06413189832175564,True,True,False,False,True
2025-03-21 08:00:00,PRD-A,44.0,1317.0,0.033409263477600606,0.029185390449464325,0.04661195978611832,0.0640385291227723,False,True,True,False,True
2025-03-21 16:00:00,PRD-A,40.0,1277.0,0.031323414252153486,0.028914565065716817,0.04661195978611832,0.06430935450651981,False,True,True,False,True
2025-03-28 00:00:00,PRD-A,35.0,1241.0,0.028203062046736505,0.028659709463802596,0.04661195978611832,0.06456421010843404,True,True,True,False,True
2025-03-28 08:00:00,PRD-A,35.0,1264.0,0.027689873417721517,0.02882379069573896,0.04661195978611832,0.06440012887649768,True,True,True,True,True
2025-03-28 16:00:00,PRD-A,62.0,1271.0,0.04878048780487805,0.028872842269765883,0.04661195978611832,0.06435107730247075,False,True,True,False,True
2025-03-29 00:00:00,PRD-A,39.0,1132.0,0.03445229681978799,0.0278152614039579,0.04661195978611832,0.06540865816827873,False,False,True,False,True
2025-03-29 08:00:00,PRD-A,43.0,1300.0,0.03307692307692308,0.029071817586029437,0.04661195978611832,0.0641521019862072,False,False,True,False,True
2025-03-29 16:00:00,PRD-A,38.0,1309.0,0.029029793735676088,0.02913222001519391,0.04661195978611832,0.06409169955704272,True,True,True,False,True
2025-04-05 00:00:00,PRD-A,34.0,1259.0,0.027005559968228753,0.02878850367615343,0.04661195978611832,0.0644354158960832,True,True,True,False,True
2025-04-05 08:00:00,PRD-A,50.0,1283.0,0.03897116134060795,0.028955994840970098,0.04661195978611832,0.06426792473126654,False,True,True,False,True
2025-04-05 16:00:00,PRD-A,58.0,1244.0,0.04662379421221865,0.028681369134254363,0.04661195978611832,0.06454255043798227,False,False,True,False,True
2025-04-06 00:00:00,PRD-A,49.0,1266.0,0.038704581358609796,0.028837846935856143,0.04661195978611832,0.06438607263638049,False,False,True,False,True
2025-04-06 08:00:00,PRD-A,61.0,1252.0,0.048722044728434506,0.02873874717146388,0.04661195978611832,0.06448517240077276,False,False,False,False,False
2025-04-06 16:00:00,PRD-A,76.0,1171.0,0.06490179333902647,0.02813092269984891,0.04661195978611832,0.06509299687238773,False,False,False,False,False
2025-04-13 00:00:00,PRD-A,29.0,1203.0,0.024106400665004156,0.028378378713389416,0.04661195978611832,0.06484554085884722,True,False,False,False,True
2025-04-13 08:00:00,PRD-A,34.0,1291.0,0.026336173508907823,0.029010784623800058,0.04661195978611832,0.06421313494843658,True,True,False,False,True
2025-04-13 16:00:00,PRD-A,56.0,1228.0,0.04560260586319218,0.028564935504009105,0.04661195978611832,0.06465898406822754,False,True,False,False,True
2025-04-14 00:00:00,PRD-A,49.0,1287.0,0.03807303807303807,0.02898345359000508,0.04661195978611832,0.06424046598223156,False,False,False,False,False
2025-04-14 08:00:00,PRD-A,47.0,1300.0,0.036153846153846154,0.029071817586029437,0.04661195978611832,0.0641521019862072,False,False,True,False,True
2025-04-14 16:00:00,PRD-A,35.0,788.0,0.044416243654822336,0.02408297211622109,0.04661195978611832,0.06914094745601554,False,False,False,False,False
2025-04-21 00:00:00,PRD-A,52.0,1207.0,0.04308202154101077,0.02840861684542869,0.04661195978611832,0.06481530272680794,False,False,False,False,False
2025-04-21 08:00:00,PRD-A,57.0,1219.0,0.04675963904840033,0.028498436519833407,0.04661195978611832,0.06472548305240322,False,False,False,False,False
2025-04-21 16:00:00,PRD-A,74.0,1216.0,0.06085526315789474,0.028476106299807707,0.04661195978611832,0.06474781327242893,False,False,False,False,False
2025-04-22 00:00:00,PRD-A,53.0,1218.0,0.04351395730706076,0.02849100228054388,0.04661195978611832,0.06473291729169275,False,False,False,False,False
2025-04-22 08:00:00,PRD-A,68.0,1227.0,0.05541972290138549,0.028557582876170096,0.04661195978611832,0.06466633669606654,False,False,False,False,False
2025-04-22 16:00:00,PRD-A,98.0,1182.0,0.0829103214890017,0.028217118381884333,0.04661195978611832,0.0650068011903523,True,False,False,False,True
2025-04-29 00:00:00,PRD-A,37.0,1235.0,0.029959514170040485,0.028616153596331857,0.04661195978611832,0.06460776597590479,False,False,False,False,False
2025-04-29 08:00:00,PRD-A,20.0,1306.0,0.015313935681470138,0.029112155260429453,0.04661195978611832,0.06411176431180718,True,True,False,False,True
2025-04-29 16:00:00,PRD-A,61.0,1253.0,0.04868316041500399,0.028745880762893368,0.04661195978611832,0.06447803880934327,False,True,False,False,True
2025-04-30 00:00:00,PRD-A,60.0,1258.0,0.04769475357710652,0.028781421038834357,0.04661195978611832,0.06444249853340228,False,False,False,False,False
2025-04-30 08:00:00,PRD-A,55.0,1284.0,0.042834890965732085,0.028962871555912602,0.04661195978611832,0.06426104801632404,False,False,False,False,False
2025-04-30 16:00:00,PRD-A,95.0,1312.0,0.07240853658536585,0.029152215910895826,0.04661195978611832,0.06407170366134081,True,False,False,False,True
2025-05-07 00:00:00,PRD-A,56.0,1198.0,0.04674457429048414,0.028340368288412136,0.04661195978611832,0.0648835512838245,False,False,False,False,False
2025-05-07 08:00:00,PRD-A,25.0,1223.0,0.02044153720359771,0.028528082240629197,0.04661195978611832,0.06469583733160744,True,False,False,False,True
2025-05-07 16:00:00,PRD-A,51.0,1255.0,0.04063745019920319,0.028760122358638653,0.04661195978611832,0.06446379721359799,False,False,False,False,False
2025-05-08 00:00:00,PRD-A,35.0,1288.0,0.02717391304347826,0.02899029828302028,0.04661195978611832,0.06423362128921636,True,True,False,False,True
2025-05-08 08:00:00,PRD-A,42.0,1255.0,0.03346613545816733,0.028760122358638653,0.04661195978611832,0.06446379721359799,False,True,True,False,True
2025-05-08 16:00:00,PRD-A,63.0,1205.0,0.05228215767634855,0.028393516599828583,0.04661195978611832,0.06483040297240805,False,True,True,False,True
2025-05-15 00:00:00,PRD-A,22.0,1267.0,0.017363851617995266,0.028844862571752207,0.04661195978611832,0.06437905700048444,True,True,True,False,True
2025-05-15 08:00:00,PRD-A,24.0,1287.0,0.018648018648018648,0.02898345359000508,0.04661195978611832,0.06424046598223156,True,True,True,False,True
2025-05-15 16:00:00,PRD-A,38.0,1220.0,0.03114754098360656,0.028505861616790716,0.04661195978611832,0.06471805795544591,False,True,True,False,True
2025-05-16 00:00:00,PRD-A,35.0,1302.0,0.026881720430107527,0.02908529445486524,0.04661195978611832,0.0641386251173714,True,True,True,False,True
2025-05-16 08:00:00,PRD-A,40.0,1319.0,0.030326004548900682,0.02919860741711216,0.04661195978611832,0.06402531215512447,False,True,True,False,True
2025-05-16 16:00:00,PRD-A,55.0,1230.0,0.044715447154471545,0.028579613850709347,0.04661195978611832,0.0646443057215273,False,True,True,False,True
2025-05-23 00:00:00,PRD-A,51.0,1306.0,0.03905053598774885,0.029112155260429453,0.04661195978611832,0.06411176431180718,False,False,True,False,True
2025-05-23 08:00:00,PRD-A,32.0,1310.0,0.024427480916030534,0.02913889294529809,0.04661195978611832,0.06408502662693855,True,False,True,True,True
2025-05-23 16:00:00,PRD-A,38.0,1261.0,0.03013481363996828,0.028802643667359712,0.04661195978611832,0.06442127590487692,False,True,True,True,True
2025-05-24 00:00:00,PRD-A,55.0,1341.0,0.041014168530947054,0.02934203694787058,0.04661195978611832,0.06388188262436606,False,True,False,True,True
2025-05-24 08:00:00,PRD-A,30.0,1256.0,0.02388535031847134,0.028767230396916643,0.04661195978611832,0.06445668917531999,True,True,True,True,True
2025-05-24 16:00:00,PRD-A,53.0,1286.0,0.04121306376360809,0.02897660091484009,0.04661195978611832,0.06424731865739655,False,False,False,True,True
2025-05-31 00:00:00,PRD-A,31.0,1242.0,0.0249597423510467,0.028666938073043637,0.04661195978611832,0.064556981499193,True,True,False,True,True
2025-05-31 08:00:00,PRD-A,32.0,1212.0,0.026402640264026403,0.028446203800546355,0.04661195978611832,0.06477771577169028,True,True,False,True,True
2025-05-31 16:00:00,PRD-A,21.0,1294.0,0.01622874806800618,0.029031199680152796,0.04661195978611832,0.06419271989208383,True,True,True,True,True
2025-06-01 00:00:00,PRD-A,15.0,1121.0,0.013380909901873328,0.027723263665393866,0.04661195978611832,0.06550065590684277,True,True,True,True,True
2025-06-01 08:00:00,PRD-A,44.0,1300.0,0.033846153846153845,0.029071817586029437,0.04661195978611832,0.0641521019862072,False,True,True,True,True
2025-06-01 16:00:00,PRD-A,48.0,1365.0,0.035164835164835165,0.029494533733523936,0.04661195978611832,0.0637293858387127,False,True,True,True,True
2025-06-08 00:00:00,PRD-A,24.0,1224.0,0.0196078431372549,0.028535470954950078,0.04661195978611832,0.06468844861728656,True,True,True,True,True
2025-06-08 08:00:00,PRD-A,28.0,1313.0,0.021325209444021324,0.02915886597545822,0.04661195978611832,0.06406505359677842,True,True,True,True,True
2025-06-08 16:00:00,PRD-A,46.0,1311.0,0.03508771929824561,0.029145558239014123,0.04661195978611832,0.0640783613332225,False,True,True,True,True
2025-06-09 00:00:00,PRD-A,28.0,1279.0,0.0218921032056294,0.028928407378918386,0.04661195978611832,0.06429551219331825,True,True,True,True,True
2025-06-09 08:00:00,PRD-A,31.0,1243.0,0.0249396621078037,0.028674157957348373,0.04661195978611832,0.06454976161488826,True,True,True,True,True
2025-06-09 16:00:00,PRD-A,47.0,1223.0,0.038430089942763694,0.028528082240629197,0.04661195978611832,0.06469583733160744,False,True,True,True,True
2025-06-16 00:00:00,PRD-A,30.0,1270.0,0.023622047244094488,0.028865859739475253,0.04661195978611832,0.06435805983276138,True,True,True,True,True
2025-06-16 08:00:00,PRD-A,23.0,1312.0,0.01753048780487805,0.029152215910895826,0.04661195978611832,0.06407170366134081,True,True,True,True,True
2025-06-16 16:00:00,PRD-A,34.0,1279.0,0.026583268178264268,0.028928407378918386,0.04661195978611832,0.06429551219331825,True,True,True,True,True
2025-06-17 00:00:00,PRD-A,37.0,1265.0,0.02924901185770751,0.028830822982667422,0.04661195978611832,0.06439309658956921,False,True,True,True,True
2025-06-17 08:00:00,PRD-A,36.0,1287.0,0.027972027972027972,0.02898345359000508,0.04661195978611832,0.06424046598223156,True,True,True,True,True
2025-06-17 16:00:00,PRD-A,56.0,1226.0,0.04567699836867863,0.028550221254290294,0.04661195978611832,0.06467369831794634,False,True,True,True,True
2025-06-24 00:00:00,PRD-A,74.0,1164.0,0.06357388316151202,0.028075435867036348,0.04661195978611832,0.0651484837052003,False,False,False,False,False
2025-06-24 08:00:00,PRD-A,69.0,850.0,0.0811764705882353,0.02492017318871643,0.04661195978611832,0.0683037463835202,True,True,False,False,True
2025-06-24 16:00:00,PRD-A,43.0,1263.0,0.034045922406967535,0.028816750058578096,0.04661195978611832,0.06440716951365855,False,True,False,False,True
2025-06-25 00:00:00,PRD-A,27.0,1258.0,0.021462639109697933,0.028781421038834357,0.04661195978611832,0.06444249853340228,True,True,False,False,True
2025-06-25 08:00:00,PRD-A,30.0,1263.0,0.023752969121140142,0.028816750058578096,0.04661195978611832,0.06440716951365855,True,True,False,False,True
2025-06-25 16:00:00,PRD-A,44.0,1267.0,0.03472770323599053,0.028844862571752207,0.04661195978611832,0.06437905700048444,False,True,True,False,True
2024-01-03 00:00:00,PRD-A,45.0,1250.0,0.036,0.02872445431622922,0.04661195978611832,0.06449946525600742,False,True,True,False,True
2024-01-03 08:00:00,PRD-A,32.0,1288.0,0.024844720496894408,0.02899029828302028,0.04661195978611832,0.06423362128921636,True,True,True,False,True
2024-01-03 16:00:00,PRD-A,62.0,1245.0,0.04979919678714859,0.028688571621249864,0.04661195978611832,0.06453534795098677,False,False,True,False,True
2024-01-04 00:00:00,PRD-A,45.0,1285.0,0.03501945525291829,0.028969740241998852,0.04661195978611832,0.06425417933023778,False,False,True,False,True
2024-01-04 08:00:00,PRD-A,41.0,1295.0,0.03166023166023166,0.029037988929336636,0.04661195978611832,0.0641859306429,False,False,True,False,True
2024-01-04 16:00:00,PRD-A,57.0,1250.0,0.0456,0.02872445431622922,0.04661195978611832,0.06449946525600742,False,False,False,False,False
2024-01-11 00:00:00,PRD-A,23.0,1257.0,0.018297533810660304,0.02877432995136084,0.04661195978611832,0.0644495896208758,True,True,False,False,True
2024-01-11 08:00:00,PRD-A,24.0,1231.0,0.01949634443541836,0.028586939606012857,0.04661195978611832,0.06463697996622378,True,True,True,False,True
2024-01-11 16:00:00,PRD-A,42.0,1313.0,0.03198781416603199,0.02915886597545822,0.04661195978611832,0.06406505359677842,False,True,True,False,True
2024-01-12 00:00:00,PRD-A,31.0,1311.0,0.02364607170099161,0.029145558239014123,0.04661195978611832,0.0640783613332225,True,True,True,False,True
2024-01-12 08:00:00,PRD-A,34.0,1296.0,0.026234567901234566,0.029044770319076596,0.04661195978611832,0.06417914925316004,True,True,True,True,True
2024-01-12 16:00:00,PRD-A,47.0,1299.0,0.036181678214010776,0.02906506748295097,0.04661195978611832,0.06415885208928566,False,True,True,True,True
2024-01-19 00:00:00,PRD-A,29.0,1273.0,0.022780832678711706,0.02888678263931889,0.04661195978611832,0.06433713693291775,True,True,True,True,True
2024-01-19 08:00:00,PRD-A,36.0,1262.0,0.028526148969889066,0.028809701054646444,0.04661195978611832,0.06441421851759019,True,True,True,True,True
2024-01-19 16:00:00,PRD-A,61.0,1236.0,0.049352750809061485,0.028623434926263666,0.04661195978611832,0.06460048464597297,False,True,True,False,True
2024-01-20 00:00:00,PRD-A,55.0,1292.0,0.04256965944272446,0.02901759754263951,0.04661195978611832,0.06420632202959713,False,False,False,False,False
2024-01-20 08:00:00,PRD-A,49.0,1250.0,0.0392,0.02872445431622922,0.04661195978611832,0.06449946525600742,False,False,False,False,False
2024-01-20 16:00:00,PRD-A,67.0,1278.0,0.05242566510172144,0.02892149028402948,0.04661195978611832,0.06430242928820715,False,False,False,False,False
2024-01-27 00:00:00,PRD-A,46.0,1221.0,0.03767403767403767,0.0285132775901386,0.04661195978611832,0.06471064198209803,False,False,False,False,False
2024-01-27 08:00:00,PRD-A,44.0,1260.0,0.03492063492063492,0.028795577880087565,0.04661195978611832,0.06442834169214907,False,False,False,False,False
2024-01-27 16:00:00,PRD-A,53.0,1209.0,0.043837882547559964,0.028423679605923506,0.04661195978611832,0.06480023996631312,False,False,False,False,False
2024-01-28 00:00:00,PRD-A,44.0,1296.0,0.033950617283950615,0.029044770319076596,0.04661195978611832,0.06417914925316004,False,False,False,False,False
2024-01-28 08:00:00,PRD-A,43.0,1315.0,0.03269961977186312,0.029172143340491917,0.04661195978611832,0.06405177623174471,False,True,True,False,True
2024-01-28 16:00:00,PRD-A,66.0,1240.0,0.0532258064516129,0.028652472112038196,0.04661195978611832,0.06457144746019844,False,True,False,False,True
2024-02-04 00:00:00,PRD-A,33.0,1259.0,0.026211278792692614,0.02878850367615343,0.04661195978611832,0.0644354158960832,True,True,False,False,True
2024-02-04 08:00:00,PRD-A,30.0,1227.0,0.02444987775061125,0.028557582876170096,0.04661195978611832,0.06466633669606654,True,True,True,False,True
2024-02-04 16:00:00,PRD-A,65.0,1214.0,0.05354200988467875,0.02846117352371969,0.04661195978611832,0.06476274604851695,False,True,False,False,True
2024-02-05 00:00:00,PRD-A,45.0,1318.0,0.03414264036418816,0.029192002693806576,0.04661195978611832,0.06403191687843006,False,True,False,False,True
2024-02-05 08:00:00,PRD-A,41.0,1276.0,0.03213166144200627,0.028907631708067708,0.04661195978611832,0.06431628786416893,False,True,True,False,True
2024-02-05 16:00:00,PRD-A,63.0,1237.0,0.05092966855295069,0.028630707424988164,0.04661195978611832,0.06459321214724847,False,True,False,False,True
2024-02-12 00:00:00,PRD-A,45.0,1235.0,0.03643724696356275,0.028616153596331857,0.04661195978611832,0.06460776597590479,False,False,False,False,False
2024-02-12 08:00:00,PRD-A,51.0,1292.0,0.039473684210526314,0.02901759754263951,0.04661195978611832,0.06420632202959713,False,False,True,False,True
2024-02-12 16:00:00,PRD-A,48.0,1201.0,0.03996669442131557,0.02836320302947009,0.04661195978611832,0.06486071654276654,False,False,True,False,True
2024-02-13 00:00:00,PRD-A,51.0,1232.0,0.041396103896103896,0.028594256440160525,0.04661195978611832,0.0646296631320761,False,False,False,False,False
2024-02-13 08:00:00,PRD-A,41.0,1196.0,0.034280936454849496,0.028325097419471798,0.04661195978611832,0.06489882215276484,False,False,True,False,True
2024-02-13 16:00:00,PRD-A,79.0,1247.0,0.06335204490777867,0.028702950595216888,0.04661195978611832,0.06452096897701975,False,False,False,False,False
2024-02-20 00:00:00,PRD-A,26.0,1263.0,0.02058590657165479,0.028816750058578096,0.04661195978611832,0.06440716951365855,True,True,False,False,True
2024-02-20 08:00:00,PRD-A,68.0,1342.0,0.05067064083457526,0.02934847254445635,0.04661195978611832,0.06387544702778028,False,False,False,False,False
2024-02-20 16:00:00,PRD-A,39.0,1249.0,0.03122497998398719,0.028717295018175947,0.04661195978611832,0.06450662455406068,False,True,False,False,True
2024-02-21 00:00:00,PRD-A,49.0,1291.0,0.037955073586367155,0.029010784623800058,0.04661195978611832,0.06421313494843658,False,False,False,False,False
2024-02-21 08:00:00,PRD-A,29.0,997.0,0.029087261785356068,0.02658305477293245,0.04661195978611832,0.06664086479930419,False,True,True,False,True
2024-02-21 16:00:00,PRD-A,34.0,1325.0,0.025660377358490565,0.02923807861037681,0.04661195978611832,0.06398584096185983,True,True,True,False,True
2024-02-28 00:00:00,PRD-A,35.0,629.0,0.05564387917329094,0.021395770065290365,0.04661195978611832,0.07182814950694627,False,True,True,False,True
2024-02-28 08:00:00,PRD-A,30.0,1237.0,0.024252223120452707,0.028630707424988164,0.04661195978611832,0.06459321214724847,True,True,True,False,True
2024-02-28 16:00:00,PRD-A,44.0,1270.0,0.03464566929133858,0.028865859739475253,0.04661195978611832,0.06435805983276138,False,True,True,False,True
2024-02-29 00:00:00,PRD-A,62.0,1349.0,0.04595997034840623,0.029393321167522732,0.04661195978611832,0.0638305984047139,False,True,False,False,True
2024-02-29 08:00:00,PRD-A,34.0,1309.0,0.025974025974025976,0.02913222001519391,0.04661195978611832,0.06409169955704272,True,True,False,False,True
2024-02-29 16:00:00,PRD-A,38.0,1266.0,0.030015797788309637,0.028837846935856143,0.04661195978611832,0.06438607263638049,False,True,True,False,True
2024-03-07 00:00:00,PRD-A,49.0,1270.0,0.03858267716535433,0.028865859739475253,0.04661195978611832,0.06435805983276138,False,True,True,False,True
2024-03-07 08:00:00,PRD-A,65.0,1229.0,0.05288852725793328,0.02857227915610649,0.04661195978611832,0.06465164041613014,False,False,False,False,False
2024-03-07 16:00:00,PRD-A,78.0,1248.0,0.0625,0.028710127116919948,0.04661195978611832,0.06451379245531669,False,False,False,False,False
2024-03-08 00:00:00,PRD-A,69.0,1255.0,0.0549800796812749,0.028760122358638653,0.04661195978611832,0.06446379721359799,False,False,False,False,False
2024-03-08 08:00:00,PRD-A,74.0,1303.0,0.056792018419033,0.029092021250480986,0.04661195978611832,0.06413189832175564,False,False,True,False,True
2024-03-08 16:00:00,PRD-A,100.0,1260.0,0.07936507936507936,0.028795577880087565,0.04661195978611832,0.06442834169214907,True,False,True,False,True
2024-03-15 00:00:00,PRD-A,90.0,1114.0,0.0807899461400359,0.027664011504243954,0.04661195978611832,0.06555990806799268,True,True,True,False,True
2024-03-15 08:00:00,PRD-A,92.0,1199.0,0.07673060884070058,0.028347989390515395,0.04661195978611832,0.06487593018172125,True,True,True,False,True
2024-03-15 16:00:00,PRD-A,123.0,998.0,0.12324649298597194,0.026593091809399977,0.04661195978611832,0.06663082776283666,True,True,True,True,True
2024-03-16 00:00:00,PRD-A,46.0,1295.0,0.03552123552123552,0.029037988929336636,0.04661195978611832,0.0641859306429,False,True,True,False,True
2024-03-16 08:00:00,PRD-A,47.0,1297.0,0.036237471087124135,0.029051543864524867,0.04661195978611832,0.06417237570771177,False,False,False,False,False
2024-03-16 16:00:00,PRD-A,54.0,1262.0,0.042789223454833596,0.028809701054646444,0.04661195978611832,0.06441421851759019,False,False,False,False,False
2024-03-23 00:00:00,PRD-A,65.0,1297.0,0.05011565150346955,0.029051543864524867,0.04661195978611832,0.06417237570771177,False,False,False,False,False
2024-03-23 08:00:00,PRD-A,30.0,1321.0,0.022710068130204392,0.02921179435756391,0.04661195978611832,0.06401212521467273,True,False,False,False,True
2024-03-23 16:00:00,PRD-A,46.0,1271.0,0.03619197482297404,0.028872842269765883,0.04661195978611832,0.06435107730247075,False,False,False,False,False
2024-03-24 00:00:00,PRD-A,34.0,1312.0,0.025914634146341462,0.029152215910895826,0.04661195978611832,0.06407170366134081,True,True,False,False,True
2024-03-24 08:00:00,PRD-A,34.0,1273.0,0.02670856245090338,0.02888678263931889,0.04661195978611832,0.06433713693291775,True,True,True,False,True
2024-03-24 16:00:00,PRD-A,61.0,1302.0,0.04685099846390169,0.02908529445486524,0.04661195978611832,0.0641386251173714,False,True,True,False,True
2024-03-31 00:00:00,PRD-A,92.0,1129.0,0.08148804251550044,0.027790304501996415,0.04661195978611832,0.06543361507024022,True,False,False,False,True
2024-03-31 08:00:00,PRD-A,76.0,1027.0,0.07400194741966894,0.02687775801627635,0.04661195978611832,0.06634616155596029,True,True,False,False,True
2024-03-31 16:00:00,PRD-A,56.0,1314.0,0.0426179604261796,0.02916550844717765,0.04661195978611832,0.06405841112505899,False,True,False,False,True
2024-04-01 00:00:00,PRD-A,37.0,1282.0,0.028861154446177848,0.0289491100815175,0.04661195978611832,0.06427480949071913,True,False,False,False,True
2024-04-01 08:00:00,PRD-A,43.0,1232.0,0.0349025974025974,0.028594256440160525,0.04661195978611832,0.0646296631320761,False,False,False,False,False
2024-04-01 16:00:00,PRD-A,60.0,1248.0,0.04807692307692308,0.028710127116919948,0.04661195978611832,0.06451379245531669,False,False,False,False,False
2024-04-08 00:00:00,PRD-A,97.0,1155.0,0.08398268398268398,0.028003355787238268,0.04661195978611832,0.06522056378499837,True,False,False,False,True
2024-04-08 08:00:00,PRD-A,66.0,1142.0,0.05779334500875657,0.027897739635892416,0.04661195978611832,0.06532617993634422,False,False,False,False,False
2024-04-08 16:00:00,PRD-A,133.0,1163.0,0.11435941530524506,0.028067468308568662,0.04661195978611832,0.06515645126366798,True,True,False,False,True
2024-04-09 00:00:00,PRD-A,91.0,1004.0,0.09063745019920319,0.026652998780558566,0.04661195978611832,0.06657092079167806,True,True,True,False,True
2024-04-09 08:00:00,PRD-A,36.0,1268.0,0.028391167192429023,0.028851869906757307,0.04661195978611832,0.06437204966547933,True,True,True,False,True
2024-04-09 16:00:00,PRD-A,49.0,1231.0,0.039805036555645816,0.028586939606012857,0.04661195978611832,0.06463697996622378,False,False,False,False,False
2024-04-16 00:00:00,PRD-A,36.0,1172.0,0.030716723549488054,0.028138808783880368,0.04661195978611832,0.06508511078835627,False,True,False,False,True
2024-04-16 08:00:00,PRD-A,46.0,1248.0,0.03685897435897436,0.028710127116919948,0.04661195978611832,0.06451379245531669,False,False,True,False,True
2024-04-16 16:00:00,PRD-A,66.0,1257.0,0.05250596658711217,0.02877432995136084,0.04661195978611832,0.0644495896208758,False,False,True,False,True
2024-04-17 00:00:00,PRD-A,51.0,1238.0,0.04119547657512116,0.028637971110342574,0.04661195978611832,0.06458594846189405,False,False,False,False,False
2024-04-17 08:00:00,PRD-A,51.0,1260.0,0.04047619047619048,0.028795577880087565,0.04661195978611832,0.06442834169214907,False,False,False,False,False
2024-04-17 16:00:00,PRD-A,64.0,1197.0,0.053467000835421885,0.02833273763804913,0.04661195978611832,0.0648911819341875,False,False,False,False,False
2024-04-24 00:00:00,PRD-A,37.0,1197.0,0.030910609857978277,0.02833273763804913,0.04661195978611832,0.0648911819341875,False,False,False,False,False
2024-04-24 08:00:00,PRD-A,37.0,1202.0,0.030782029950083195,0.028370795605940472,0.04661195978611832,0.06485312396629617,False,True,False,False,True
2024-04-24 16:00:00,PRD-A,70.0,1213.0,0.057708161582852434,0.028453693290036226,0.04661195978611832,0.06477022628220042,False,True,False,False,True
2024-04-25 00:00:00,PRD-A,55.0,1260.0,0.04365079365079365,0.028795577880087565,0.04661195978611832,0.06442834169214907,False,False,False,False,False
2024-04-25 08:00:00,PRD-A,56.0,1255.0,0.04462151394422311,0.028760122358638653,0.04661195978611832,0.06446379721359799,False,False,False,False,False
2024-04-25 16:00:00,PRD-A,82.0,1198.0,0.06844741235392321,0.028340368288412136,0.04661195978611832,0.0648835512838245,True,False,False,False,True
2024-05-02 00:00:00,PRD-A,51.0,1255.0,0.04063745019920319,0.028760122358638653,0.04661195978611832,0.06446379721359799,False,False,False,False,False
2024-05-02 08:00:00,PRD-A,48.0,1274.0,0.03767660910518053,0.028893740510890924,0.04661195978611832,0.06433017906134571,False,False,False,False,False
2024-05-02 16:00:00,PRD-A,82.0,1199.0,0.06839032527105922,0.028347989390515395,0.04661195978611832,0.06487593018172125,True,False,False,False,True
2024-05-03 00:00:00,PRD-A,43.0,1279.0,0.033620015637216574,0.028928407378918386,0.04661195978611832,0.06429551219331825,False,False,False,False,False
2024-05-03 08:00:00,PRD-A,50.0,1202.0,0.04159733777038269,0.028370795605940472,0.04661195978611832,0.06485312396629617,False,False,False,False,False
2024-05-03 16:00:00,PRD-A,73.0,1166.0,0.06260720411663807,0.02809134022339159,0.04661195978611832,0.06513257934884505,False,False,False,False,False
2024-05-10 00:00:00,PRD-A,51.0,1221.0,0.04176904176904177,0.0285132775901386,0.04661195978611832,0.06471064198209803,False,False,False,False,False
2024-05-10 08:00:00,PRD-A,67.0,1184.0,0.056587837837837836,0.028232661131938275,0.04661195978611832,0.06499125844029836,False,False,False,False,False
2024-05-10 16:00:00,PRD-A,76.0,1146.0,0.06631762652705062,0.02793042825499673,0.04661195978611832,0.06529349131723991,True,False,False,False,True
2024-05-11 00:00:00,PRD-A,90.0,1297.0,0.06939090208172706,0.029051543864524867,0.04661195978611832,0.06417237570771177,True,True,True,False,True
2024-05-11 08:00:00,PRD-A,68.0,1252.0,0.054313099041533544,0.02873874717146388,0.04661195978611832,0.06448517240077276,False,True,True,False,True
2024-05-11 16:00:00,PRD-A,88.0,1115.0,0.07892376681614349,0.02767251024801389,0.04661195978611832,0.06555140932422274,True,True,True,False,True
2024-05-18 00:00:00,PRD-A,85.0,1203.0,0.07065669160432253,0.028378378713389416,0.04661195978611832,0.06484554085884722,True,True,True,False,True
2024-05-18 08:00:00,PRD-A,87.0,1230.0,0.07073170731707316,0.028579613850709347,0.04661195978611832,0.0646443057215273,True,True,True,False,True
2024-05-18 16:00:00,PRD-A,134.0,1224.0,0.10947712418300654,0.028535470954950078,0.04661195978611832,0.06468844861728656,True,True,True,True,True
2024-05-19 00:00:00,PRD-A,108.0,1255.0,0.08605577689243028,0.028760122358638653,0.04661195978611832,0.06446379721359799,True,True,True,True,True
2024-05-19 08:00:00,PRD-A,83.0,1171.0,0.07087959009393681,0.02813092269984891,0.04661195978611832,0.06509299687238773,True,True,True,True,True
2024-05-19 16:00:00,PRD-A,149.0,1170.0,0.12735042735042734,0.028123026507612413,0.04661195978611832,0.06510089306462422,True,True,True,True,True
2024-05-26 00:00:00,PRD-A,40.0,1219.0,0.03281378178835111,0.028498436519833407,0.04661195978611832,0.06472548305240322,False,True,True,False,True
2024-05-26 08:00:00,PRD-A,42.0,1325.0,0.03169811320754717,0.02923807861037681,0.04661195978611832,0.06398584096185983,False,True,False,False,True
2024-05-26 16:00:00,PRD-A,63.0,1270.0,0.049606299212598425,0.028865859739475253,0.04661195978611832,0.06435805983276138,False,True,False,False,True
2024-05-27 00:00:00,PRD-A,64.0,1296.0,0.04938271604938271,0.029044770319076596,0.04661195978611832,0.06417914925316004,False,False,False,False,False
2024-05-27 08:00:00,PRD-A,48.0,1231.0,0.03899268887083672,0.028586939606012857,0.04661195978611832,0.06463697996622378,False,False,False,False,False
2024-05-27 16:00:00,PRD-A,76.0,1222.0,0.062193126022913256,0.02852068445854619,0.04661195978611832,0.06470323511369044,False,False,False,False,False
2024-06-03 00:00:00,PRD-A,43.0,1195.0,0.03598326359832636,0.028317447612667156,0.04661195978611832,0.06490647195956947,False,False,False,False,False
2024-06-03 08:00:00,PRD-A,46.0,1260.0,0.03650793650793651,0.028795577880087565,0.04661195978611832,0.06442834169214907,False,False,False,False,False
2024-06-03 16:00:00,PRD-A,59.0,1232.0,0.04788961038961039,0.028594256440160525,0.04661195978611832,0.0646296631320761,False,False,False,False,False
2024-06-04 00:00:00,PRD-A,52.0,1228.0,0.04234527687296417,0.028564935504009105,0.04661195978611832,0.06465898406822754,False,False,False,False,False
2024-06-04 08:00:00,PRD-A,62.0,1253.0,0.04948124501197127,0.028745880762893368,0.04661195978611832,0.06447803880934327,False,False,False,False,False
2024-06-04 16:00:00,PRD-A,77.0,1201.0,0.06411323896752706,0.02836320302947009,0.04661195978611832,0.06486071654276654,False,False,False,False,False
2024-06-11 00:00:00,PRD-A,44.0,1217.0,0.036154478225143796,0.028483558880145532,0.04661195978611832,0.0647403606920911,False,False,False,False,False
2024-06-11 08:00:00,PRD-A,47.0,1236.0,0.03802588996763754,0.028623434926263666,0.04661195978611832,0.06460048464597297,False,False,False,False,False
2024-06-11 16:00:00,PRD-A,76.0,1225.0,0.062040816326530614,0.028542850620018257,0.04661195978611832,0.06468106895221838,False,False,False,False,False
2024-06-12 00:00:00,PRD-A,64.0,1286.0,0.049766718506998445,0.02897660091484009,0.04661195978611832,0.06424731865739655,False,False,False,False,False
2024-06-12 08:00:00,PRD-A,52.0,1268.0,0.04100946372239748,0.028851869906757307,0.04661195978611832,0.06437204966547933,False,False,False,False,False
2024-06-12 16:00:00,PRD-A,85.0,1160.0,0.07327586206896551,0.028043503846951586,0.04661195978611832,0.06518041572528505,True,False,False,False,True
2024-06-19 00:00:00,PRD-A,40.0,1278.0,0.03129890453834116,0.02892149028402948,0.04661195978611832,0.06430242928820715,False,False,False,False,False
2024-06-19 08:00:00,PRD-A,43.0,1290.0,0.03333333333333333,0.029003963784496437,0.04661195978611832,0.0642199557877402,False,True,False,False,True
2024-06-19 16:00:00,PRD-A,53.0,1179.0,0.04495335029686175,0.028193730144333424,0.04661195978611832,0.06503018942790321,False,True,False,False,True
2024-06-20 00:00:00,PRD-A,49.0,1280.0,0.03828125,0.0289353163662527,0.04661195978611832,0.06428860320598394,False,False,False,False,False
2024-06-20 08:00:00,PRD-A,50.0,1258.0,0.0397456279809221,0.028781421038834357,0.04661195978611832,0.06444249853340228,False,False,True,False,True
2024-06-20 16:00:00,PRD-A,74.0,1215.0,0.060905349794238686,0.028468644520645535,0.04661195978611832,0.0647552750515911,False,False,False,False,False
2024-06-27 00:00:00,PRD-A,39.0,1166.0,0.03344768439108062,0.02809134022339159,0.04661195978611832,0.06513257934884505,False,False,False,False,False
2024-06-27 08:00:00,PRD-A,33.0,1211.0,0.027250206440957887,0.02843870503614624,0.04661195978611832,0.0647852145360904,True,True,True,False,True
2024-06-27 16:00:00,PRD-A,48.0,1300.0,0.036923076923076927,0.029071817586029437,0.04661195978611832,0.0641521019862072,False,True,True,False,True
2024-06-28 00:00:00,PRD-A,51.0,1276.0,0.039968652037617555,0.028907631708067708,0.04661195978611832,0.06431628786416893,False,False,True,False,True
2024-06-28 08:00:00,PRD-A,54.0,1252.0,0.04313099041533546,0.02873874717146388,0.04661195978611832,0.06448517240077276,False,False,True,False,True
2024-06-28 16:00:00,PRD-A,78.0,1241.0,0.06285253827558421,0.028659709463802596,0.04661195978611832,0.06456421010843404,False,False,False,False,False
2024-07-05 00:00:00,PRD-A,38.0,1268.0,0.02996845425867508,0.028851869906757307,0.04661195978611832,0.06437204966547933,False,False,False,False,False
2024-07-05 08:00:00,PRD-A,26.0,1309.0,0.019862490450725745,0.02913222001519391,0.04661195978611832,0.06409169955704272,True,True,False,False,True
2024-07-05 16:00:00,PRD-A,33.0,1199.0,0.027522935779816515,0.028347989390515395,0.04661195978611832,0.06487593018172125,True,True,False,False,True
2024-07-06 00:00:00,PRD-A,36.0,1296.0,0.027777777777777776,0.029044770319076596,0.04661195978611832,0.06417914925316004,True,True,True,False,True
2024-07-06 08:00:00,PRD-A,54.0,1365.0,0.03956043956043956,0.029494533733523936,0.04661195978611832,0.0637293858387127,False,True,True,False,True
2024-07-06 16:00:00,PRD-A,52.0,1240.0,0.041935483870967745,0.028652472112038196,0.04661195978611832,0.06457144746019844,False,False,True,False,True
2024-07-13 00:00:00,PRD-A,62.0,1298.0,0.04776579352850539,0.029058309580792793,0.04661195978611832,0.06416560999144384,False,False,False,False,False
2024-07-13 08:00:00,PRD-A,33.0,1303.0,0.02532617037605526,0.029092021250480986,0.04661195978611832,0.06413189832175564,True,False,False,False,True
2024-07-13 16:00:00,PRD-A,55.0,1255.0,0.043824701195219126,0.028760122358638653,0.04661195978611832,0.06446379721359799,False,False,False,False,False
2024-07-14 00:00:00,PRD-A,43.0,1260.0,0.034126984126984124,0.028795577880087565,0.04661195978611832,0.06442834169214907,False,True,False,False,True
2024-07-14 08:00:00,PRD-A,43.0,1273.0,0.03377847604084839,0.02888678263931889,0.04661195978611832,0.06433713693291775,False,True,False,False,True
2024-07-14 16:00:00,PRD-A,59.0,1217.0,0.04847986852917009,0.028483558880145532,0.04661195978611832,0.0647403606920911,False,True,False,False,True
2024-07-21 00:00:00,PRD-A,96.0,1186.0,0.08094435075885328,0.028248164549842067,0.04661195978611832,0.06497575502239457,True,False,False,False,True
2024-07-21 08:00:00,PRD-A,88.0,1210.0,0.07272727272727272,0.0284311969776768,0.04661195978611832,0.06479272259455984,True,True,False,False,True
2024-07-21 16:00:00,PRD-A,64.0,535.0,0.11962616822429907,0.019270109869585487,0.04661195978611832,0.07395380970265114,True,True,False,False,True
2024-07-22 00:00:00,PRD-A,65.0,1335.0,0.04868913857677903,0.029303271640198955,0.04661195978611832,0.06392064793203768,False,True,False,False,True
2024-07-22 08:00:00,PRD-A,65.0,1254.0,0.051834130781499205,0.0287530058196167,0.04661195978611832,0.06447091375261993,False,False,False,False,False
2024-07-22 16:00:00,PRD-A,75.0,1283.0,0.05845674201091192,0.028955994840970098,0.04661195978611832,0.06426792473126654,False,False,False,False,False
2024-07-29 00:00:00,PRD-A,98.0,1288.0,0.07608695652173914,0.02899029828302028,0.04661195978611832,0.06423362128921636,True,True,False,True,True
2024-07-29 08:00:00,PRD-A,74.0,1300.0,0.05692307692307692,0.029071817586029437,0.04661195978611832,0.0641521019862072,False,True,False,True,True
2024-07-29 16:00:00,PRD-A,92.0,1220.0,0.07540983606557378,0.028505861616790716,0.04661195978611832,0.06471805795544591,True,True,True,True,True
2024-07-30 00:00:00,PRD-A,49.0,1306.0,0.03751914241960184,0.029112155260429453,0.04661195978611832,0.06411176431180718,False,False,True,False,True
2024-07-30 08:00:00,PRD-A,38.0,1274.0,0.029827315541601257,0.028893740510890924,0.04661195978611832,0.06433017906134571,False,False,False,False,False
2024-07-30 16:00:00,PRD-A,64.0,1241.0,0.0515713134568896,0.028659709463802596,0.04661195978611832,0.06456421010843404,False,False,False,False,False
2024-08-06 00:00:00,PRD-A,51.0,1220.0,0.04180327868852459,0.028505861616790716,0.04661195978611832,0.06471805795544591,False,False,False,False,False
2024-08-06 08:00:00,PRD-A,58.0,1258.0,0.046104928457869634,0.028781421038834357,0.04661195978611832,0.06444249853340228,False,False,False,False,False
2024-08-06 16:00:00,PRD-A,79.0,1234.0,0.0640194489465154,0.028608863417304935,0.04661195978611832,0.0646150561549317,False,False,False,False,False
2024-08-07 00:00:00,PRD-A,43.0,1175.0,0.03659574468085106,0.028162406601904322,0.04661195978611832,0.06506151297033232,False,False,False,False,False
2024-08-07 08:00:00,PRD-A,49.0,1255.0,0.03904382470119522,0.028760122358638653,0.04661195978611832,0.06446379721359799,False,False,False,False,False
2024-08-07 16:00:00,PRD-A,67.0,1180.0,0.05677966101694915,0.02820153613308911,0.04661195978611832,0.06502238343914753,False,False,False,False,False
2024-08-14 00:00:00,PRD-A,52.0,1230.0,0.04227642276422764,0.028579613850709347,0.04661195978611832,0.0646443057215273,False,False,False,False,False
2024-08-14 08:00:00,PRD-A,54.0,1258.0,0.04292527821939587,0.028781421038834357,0.04661195978611832,0.06444249853340228,False,False,False,False,False
2024-08-14 16:00:00,PRD-A,73.0,1228.0,0.059446254071661236,0.028564935504009105,0.04661195978611832,0.06465898406822754,False,False,False,False,False
2024-08-15 00:00:00,PRD-A,46.0,1248.0,0.03685897435897436,0.028710127116919948,0.04661195978611832,0.06451379245531669,False,False,False,False,False
2024-08-15 08:00:00,PRD-A,35.0,1223.0,0.028618152085036794,0.028528082240629197,0.04661195978611832,0.06469583733160744,False,False,False,False,False
2024-08-15 16:00:00,PRD-A,61.0,1127.0,0.05412599822537711,0.027773611234604954,0.04661195978611832,0.06545030833763169,False,False,False,False,False
2024-08-22 00:00:00,PRD-A,66.0,1219.0,0.054142739950779326,0.028498436519833407,0.04661195978611832,0.06472548305240322,False,False,False,False,False
2024-08-22 08:00:00,PRD-A,63.0,1218.0,0.05172413793103448,0.02849100228054388,0.04661195978611832,0.06473291729169275,False,False,False,False,False
2024-08-22 16:00:00,PRD-A,83.0,1177.0,0.07051826677994902,0.028178088332901273,0.04661195978611832,0.06504583123933536,True,False,False,False,True
2024-08-23 00:00:00,PRD-A,66.0,1177.0,0.056074766355140186,0.028178088332901273,0.04661195978611832,0.06504583123933536,False,False,True,False,True
2024-08-23 08:00:00,PRD-A,63.0,1245.0,0.05060240963855422,0.028688571621249864,0.04661195978611832,0.06453534795098677,False,False,False,False,False
2024-08-23 16:00:00,PRD-A,102.0,1227.0,0.08312958435207823,0.028557582876170096,0.04661195978611832,0.06466633669606654,True,False,False,False,True
2024-08-30 00:00:00,PRD-A,30.0,1213.0,0.0247320692497939,0.028453693290036226,0.04661195978611832,0.06477022628220042,True,False,False,False,True
2024-08-30 08:00:00,PRD-A,30.0,1273.0,0.02356637863315004,0.02888678263931889,0.04661195978611832,0.06433713693291775,True,True,False,False,True
2024-08-30 16:00:00,PRD-A,33.0,1254.0,0.02631578947368421,0.0287530058196167,0.04661195978611832,0.06447091375261993,True,True,False,False,True
2024-08-31 00:00:00,PRD-A,38.0,1260.0,0.03015873015873016,0.028795577880087565,0.04661195978611832,0.06442834169214907,False,True,True,False,True
2024-08-31 08:00:00,PRD-A,40.0,1225.0,0.0326530612244898,0.028542850620018257,0.04661195978611832,0.06468106895221838,False,True,True,False,True
2024-08-31 16:00:00,PRD-A,78.0,1268.0,0.061514195583596214,0.028851869906757307,0.04661195978611832,0.06437204966547933,False,True,True,False,True
2024-09-07 00:00:00,PRD-A,82.0,1180.0,0.06949152542372881,0.02820153613308911,0.04661195978611832,0.06502238343914753,True,True,False,False,True
2024-09-07 08:00:00,PRD-A,85.0,977.0,0.08700102354145343,0.026379089175614417,0.04661195978611832,0.06684483039662222,True,True,False,False,True
2024-09-07 16:00:00,PRD-A,56.0,1300.0,0.043076923076923075,0.029071817586029437,0.04661195978611832,0.0641521019862072,False,True,False,False,True
2024-09-08 00:00:00,PRD-A,27.0,1311.0,0.020594965675057208,0.029145558239014123,0.04661195978611832,0.0640783613332225,True,False,False,False,True
2024-09-08 08:00:00,PRD-A,38.0,1318.0,0.028831562974203338,0.029192002693806576,0.04661195978611832,0.06403191687843006,True,True,False,False,True
2024-09-08 16:00:00,PRD-A,53.0,1248.0,0.04246794871794872,0.028710127116919948,0.04661195978611832,0.06451379245531669,False,True,False,False,True
2024-09-15 00:00:00,PRD-A,43.0,1276.0,0.03369905956112853,0.028907631708067708,0.04661195978611832,0.06431628786416893,False,True,False,False,True
2024-09-15 08:00:00,PRD-A,42.0,1213.0,0.03462489694971146,0.028453693290036226,0.04661195978611832,0.06477022628220042,False,False,True,False,True
2024-09-15 16:00:00,PRD-A,72.0,1208.0,0.059602649006622516,0.028416152901616153,0.04661195978611832,0.06480776667062048,False,False,False,False,False
2024-09-16 00:00:00,PRD-A,52.0,1289.0,0.04034134988363072,0.028997135009369977,0.04661195978611832,0.06422678456286665,False,False,False,False,False
2024-09-16 08:00:00,PRD-A,49.0,1282.0,0.038221528861154444,0.0289491100815175,0.04661195978611832,0.06427480949071913,False,False,True,False,True
2024-09-16 16:00:00,PRD-A,68.0,1199.0,0.0567139282735613,0.028347989390515395,0.04661195978611832,0.06487593018172125,False,False,False,False,False
2024-09-23 00:00:00,PRD-A,65.0,1234.0,0.0526742301458671,0.028608863417304935,0.04661195978611832,0.0646150561549317,False,False,False,False,False
2024-09-23 08:00:00,PRD-A,48.0,1265.0,0.037944664031620556,0.028830822982667422,0.04661195978611832,0.06439309658956921,False,False,False,False,False
2024-09-23 16:00:00,PRD-A,63.0,1193.0,0.05280804694048617,0.028302119154030435,0.04661195978611832,0.0649218004182062,False,False,False,False,False
2024-09-24 00:00:00,PRD-A,64.0,1239.0,0.0516545601291364,0.028645226000113714,0.04661195978611832,0.06457869357212292,False,False,False,False,False
2024-09-24 08:00:00,PRD-A,71.0,1243.0,0.05711987127916331,0.028674157957348373,0.04661195978611832,0.06454976161488826,False,False,False,False,False
2024-09-24 16:00:00,PRD-A,99.0,1212.0,0.08168316831683169,0.028446203800546355,0.04661195978611832,0.06477771577169028,True,False,False,False,True
2024-10-01 00:00:00,PRD-A,72.0,1241.0,0.05801772763900081,0.028659709463802596,0.04661195978611832,0.06456421010843404,False,False,True,False,True
2024-10-01 08:00:00,PRD-A,82.0,1265.0,0.06482213438735178,0.028830822982667422,0.04661195978611832,0.06439309658956921,True,True,True,False,True
2024-10-01 16:00:00,PRD-A,118.0,1208.0,0.09768211920529801,0.028416152901616153,0.04661195978611832,0.06480776667062048,True,True,True,False,True
2024-10-02 00:00:00,PRD-A,87.0,1237.0,0.07033144704931285,0.028630707424988164,0.04661195978611832,0.06459321214724847,True,True,True,True,True
2024-10-02 08:00:00,PRD-A,85.0,1229.0,0.0691619202603743,0.02857227915610649,0.04661195978611832,0.06465164041613014,True,True,True,True,True
2024-10-02 16:00:00,PRD-A,117.0,1208.0,0.09685430463576158,0.028416152901616153,0.04661195978611832,0.06480776667062048,True,True,True,True,True
2024-10-09 00:00:00,PRD-A,43.0,1293.0,0.033255993812838364,0.02902440255633187,0.04661195978611832,0.06419951701590476,False,True,True,False,True
2024-10-09 08:00:00,PRD-A,38.0,1300.0,0.02923076923076923,0.029071817586029437,0.04661195978611832,0.0641521019862072,False,True,False,False,True
2024-10-09 16:00:00,PRD-A,42.0,1223.0,0.03434178250204415,0.028528082240629197,0.04661195978611832,0.06469583733160744,False,True,False,False,True
2024-10-10 00:00:00,PRD-A,32.0,1271.0,0.025177025963808025,0.028872842269765883,0.04661195978611832,0.06435107730247075,True,True,True,False,True
2024-10-10 08:00:00,PRD-A,29.0,1300.0,0.022307692307692306,0.029071817586029437,0.04661195978611832,0.0641521019862072,True,True,True,False,True
2024-10-10 16:00:00,PRD-A,43.0,1262.0,0.03407290015847861,0.028809701054646444,0.04661195978611832,0.06441421851759019,False,True,True,False,True
2024-10-17 00:00:00,PRD-A,27.0,1277.0,0.021143304620203602,0.028914565065716817,0.04661195978611832,0.06430935450651981,True,True,True,False,True
2024-10-17 08:00:00,PRD-A,27.0,1279.0,0.02111024237685692,0.028928407378918386,0.04661195978611832,0.06429551219331825,True,True,True,True,True
2024-10-17 16:00:00,PRD-A,41.0,1258.0,0.03259141494435612,0.028781421038834357,0.04661195978611832,0.06444249853340228,False,True,True,True,True
2024-10-18 00:00:00,PRD-A,37.0,1300.0,0.02846153846153846,0.029071817586029437,0.04661195978611832,0.0641521019862072,True,True,True,True,True
2024-10-18 08:00:00,PRD-A,43.0,1246.0,0.03451043338683788,0.028695765435773988,0.04661195978611832,0.06452815413646265,False,True,True,True,True
2024-10-18 16:00:00,PRD-A,50.0,1162.0,0.043029259896729774,0.028059490467168196,0.04661195978611832,0.06516442910506844,False,True,True,True,True
2024-10-25 00:00:00,PRD-A,66.0,1172.0,0.05631399317406143,0.028138808783880368,0.04661195978611832,0.06508511078835627,False,False,False,False,False
2024-10-25 08:00:00,PRD-A,108.0,1185.0,0.09113924050632911,0.02824041774703544,0.04661195978611832,0.0649835018252012,True,False,False,False,True
2024-10-25 16:00:00,PRD-A,99.0,941.0,0.10520722635494155,0.025995695432013778,0.04661195978611832,0.06722822414022286,True,True,False,False,True
2024-10-26 00:00:00,PRD-A,30.0,1293.0,0.02320185614849188,0.02902440255633187,0.04661195978611832,0.06419951701590476,True,True,False,False,True
2024-10-26 08:00:00,PRD-A,45.0,1284.0,0.035046728971962614,0.028962871555912602,0.04661195978611832,0.06426104801632404,False,False,False,False,False
2024-10-26 16:00:00,PRD-A,65.0,1255.0,0.05179282868525897,0.028760122358638653,0.04661195978611832,0.06446379721359799,False,False,False,False,False
2024-11-02 00:00:00,PRD-A,64.0,1295.0,0.04942084942084942,0.029037988929336636,0.04661195978611832,0.0641859306429,False,False,False,False,False
2024-11-02 08:00:00,PRD-A,53.0,1310.0,0.04045801526717557,0.02913889294529809,0.04661195978611832,0.06408502662693855,False,False,False,False,False
2024-11-02 16:00:00,PRD-A,45.0,1203.0,0.03740648379052369,0.028378378713389416,0.04661195978611832,0.06484554085884722,False,False,False,False,False
2024-11-03 00:00:00,PRD-A,36.0,1255.0,0.028685258964143426,0.028760122358638653,0.04661195978611832,0.06446379721359799,True,False,False,False,True
2024-11-03 08:00:00,PRD-A,44.0,1304.0,0.03374233128834356,0.029098740306734087,0.04661195978611832,0.06412517926550254,False,True,True,False,True
2024-11-03 16:00:00,PRD-A,60.0,1254.0,0.04784688995215311,0.0287530058196167,0.04661195978611832,0.06447091375261993,False,True,True,False,True
2024-11-10 00:00:00,PRD-A,44.0,1236.0,0.03559870550161812,0.028623434926263666,0.04661195978611832,0.06460048464597297,False,False,True,False,True
2024-11-10 08:00:00,PRD-A,36.0,1229.0,0.029292107404393815,0.02857227915610649,0.04661195978611832,0.06465164041613014,False,False,True,False,True
2024-11-10 16:00:00,PRD-A,68.0,1279.0,0.053166536356528536,0.028928407378918386,0.04661195978611832,0.06429551219331825,False,False,False,False,False
2024-11-11 00:00:00,PRD-A,49.0,1249.0,0.03923138510808647,0.028717295018175947,0.04661195978611832,0.06450662455406068,False,False,False,False,False
2024-11-11 08:00:00,PRD-A,57.0,1284.0,0.04439252336448598,0.028962871555912602,0.04661195978611832,0.06426104801632404,False,False,False,False,False
2024-11-11 16:00:00,PRD-A,86.0,1219.0,0.07054963084495489,0.028498436519833407,0.04661195978611832,0.06472548305240322,True,False,False,False,True
2024-11-18 00:00:00,PRD-A,71.0,1294.0,0.05486862442040186,0.029031199680152796,0.04661195978611832,0.06419271989208383,False,False,False,False,False
2024-11-18 08:00:00,PRD-A,81.0,1334.0,0.060719640179910044,0.02929678534124693,0.04661195978611832,0.06392713423098971,False,True,False,False,True
2024-11-18 16:00:00,PRD-A,63.0,1250.0,0.0504,0.02872445431622922,0.04661195978611832,0.06449946525600742,False,False,False,False,False
2024-11-19 00:00:00,PRD-A,36.0,1267.0,0.028413575374901343,0.028844862571752207,0.04661195978611832,0.06437905700048444,True,False,False,False,True
2024-11-19 08:00:00,PRD-A,38.0,1239.0,0.03066989507667474,0.028645226000113714,0.04661195978611832,0.06457869357212292,False,True,False,False,True
2024-11-19 16:00:00,PRD-A,61.0,1228.0,0.0496742671009772,0.028564935504009105,0.04661195978611832,0.06465898406822754,False,True,False,False,True
2024-11-26 00:00:00,PRD-A,47.0,1277.0,0.03680501174628034,0.028914565065716817,0.04661195978611832,0.06430935450651981,False,False,False,False,False
2024-11-26 08:00:00,PRD-A,53.0,1260.0,0.04206349206349207,0.028795577880087565,0.04661195978611832,0.06442834169214907,False,False,False,False,False
2024-11-26 16:00:00,PRD-A,46.0,998.0,0.04609218436873747,0.026593091809399977,0.04661195978611832,0.06663082776283666,False,False,False,False,False
2024-11-27 00:00:00,PRD-A,22.0,1328.0,0.016566265060240965,0.02925771381858166,0.04661195978611832,0.06396620575365497,True,False,False,False,True
2024-11-27 08:00:00,PRD-A,53.0,1360.0,0.03897058823529412,0.029463096744592358,0.04661195978611832,0.06376082282764428,False,False,False,False,False
2024-11-27 16:00:00,PRD-A,35.0,1299.0,0.026943802925327175,0.02906506748295097,0.04661195978611832,0.06415885208928566,True,True,False,False,True
2024-12-04 00:00:00,PRD-A,64.0,1172.0,0.05460750853242321,0.028138808783880368,0.04661195978611832,0.06508511078835627,False,False,False,False,False
2024-12-04 08:00:00,PRD-A,61.0,1231.0,0.04955320877335499,0.028586939606012857,0.04661195978611832,0.06463697996622378,False,False,False,False,False
2024-12-04 16:00:00,PRD-A,109.0,1155.0,0.09437229437229437,0.028003355787238268,0.04661195978611832,0.06522056378499837,True,False,False,False,True
2024-12-05 00:00:00,PRD-A,81.0,1257.0,0.06443914081145585,0.02877432995136084,0.04661195978611832,0.0644495896208758,False,True,False,False,True
2024-12-05 08:00:00,PRD-A,66.0,1214.0,0.054365733113673806,0.02846117352371969,0.04661195978611832,0.06476274604851695,False,True,True,False,True
2024-12-05 16:00:00,PRD-A,107.0,1180.0,0.09067796610169492,0.02820153613308911,0.04661195978611832,0.06502238343914753,True,True,True,False,True
2024-12-12 00:00:00,PRD-A,108.0,1202.0,0.08985024958402663,0.028370795605940472,0.04661195978611832,0.06485312396629617,True,True,True,False,True
2024-12-12 08:00:00,PRD-A,105.0,1203.0,0.08728179551122195,0.028378378713389416,0.04661195978611832,0.06484554085884722,True,True,True,True,True
2024-12-12 16:00:00,PRD-A,141.0,1160.0,0.12155172413793103,0.028043503846951586,0.04661195978611832,0.06518041572528505,True,True,True,True,True
2024-12-13 00:00:00,PRD-A,111.0,1190.0,0.09327731092436975,0.028279054050661105,0.04661195978611832,0.06494486552157552,True,True,True,True,True
2024-12-13 08:00:00,PRD-A,99.0,949.0,0.10432033719704953,0.026082776135301678,0.04661195978611832,0.06714114343693496,True,True,True,True,True
2024-12-13 16:00:00,PRD-A,129.0,1343.0,0.0960536113179449,0.029354900951769774,0.04661195978611832,0.06386901862046686,True,True,True,True,True
2024-12-20 00:00:00,PRD-A,50.0,1216.0,0.04111842105263158,0.028476106299807707,0.04661195978611832,0.06474781327242893,False,True,True,False,True
2024-12-20 08:00:00,PRD-A,31.0,973.0,0.03186022610483042,0.02633754319632046,0.04661195978611832,0.06688637637591617,False,False,False,False,False
2024-12-20 16:00:00,PRD-A,36.0,1309.0,0.02750190985485103,0.02913222001519391,0.04661195978611832,0.06409169955704272,True,True,False,False,True
2024-12-21 00:00:00,PRD-A,24.0,1136.0,0.02112676056338028,0.02784838336516708,0.04661195978611832,0.06537553620706955,True,True,False,False,True
2024-12-21 08:00:00,PRD-A,43.0,1365.0,0.0315018315018315,0.029494533733523936,0.04661195978611832,0.0637293858387127,False,True,True,False,True
2024-12-21 16:00:00,PRD-A,36.0,1329.0,0.02708803611738149,0.02926424410892295,0.04661195978611832,0.06395967546331369,True,True,True,False,True
2024-12-28 00:00:00,PRD-A,55.0,1216.0,0.04523026315789474,0.028476106299807707,0.04661195978611832,0.06474781327242893,False,True,True,False,True
2024-12-28 08:00:00,PRD-A,55.0,1273.0,0.04320502749410841,0.02888678263931889,0.04661195978611832,0.06433713693291775,False,False,False,True,True
2024-12-28 16:00:00,PRD-A,88.0,1193.0,0.07376362112321877,0.028302119154030435,0.04661195978611832,0.0649218004182062,True,False,False,False,True
2024-12-29 00:00:00,PRD-A,58.0,1233.0,0.047039740470397405,0.028601564371244333,0.04661195978611832,0.0646223552009923,False,False,False,False,False
2024-12-29 08:00:00,PRD-A,63.0,1226.0,0.05138662316476346,0.028550221254290294,0.04661195978611832,0.06467369831794634,False,False,False,False,False
2024-12-29 16:00:00,PRD-A,93.0,1198.0,0.07762938230383973,0.028340368288412136,0.04661195978611832,0.0648835512838245,True,False,False,False,True
2025-01-05 00:00:00,PRD-A,55.0,967.0,0.05687693898655636,0.02627474154898575,0.04661195978611832,0.06694917802325089,False,False,False,False,False
2025-01-05 08:00:00,PRD-A,50.0,1344.0,0.03720238095238095,0.029361322183186253,0.04661195978611832,0.06386259738905038,False,False,False,False,False
2025-01-05 16:00:00,PRD-A,42.0,1264.0,0.03322784810126582,0.02882379069573896,0.04661195978611832,0.06440012887649768,False,False,False,False,False
2025-01-06 00:00:00,PRD-A,27.0,1290.0,0.020930232558139535,0.029003963784496437,0.04661195978611832,0.0642199557877402,True,True,False,False,True
2025-01-06 08:00:00,PRD-A,34.0,1312.0,0.025914634146341462,0.029152215910895826,0.04661195978611832,0.06407170366134081,True,True,True,False,True
2025-01-06 16:00:00,PRD-A,51.0,1287.0,0.039627039627039624,0.02898345359000508,0.04661195978611832,0.06424046598223156,False,True,True,False,True
2025-01-13 00:00:00,PRD-A,30.0,1239.0,0.024213075060532687,0.028645226000113714,0.04661195978611832,0.06457869357212292,True,True,True,False,True
2025-01-13 08:00:00,PRD-A,31.0,1280.0,0.02421875,0.0289353163662527,0.04661195978611832,0.06428860320598394,True,True,True,False,True
2025-01-13 16:00:00,PRD-A,48.0,1271.0,0.03776553894571204,0.028872842269765883,0.04661195978611832,0.06435107730247075,False,True,True,True,True
2025-01-14 00:00:00,PRD-A,36.0,1314.0,0.0273972602739726,0.02916550844717765,0.04661195978611832,0.06405841112505899,True,True,True,True,True
2025-01-14 08:00:00,PRD-A,32.0,1259.0,0.025416997617156472,0.02878850367615343,0.04661195978611832,0.0644354158960832,True,True,True,True,True
2025-01-14 16:00:00,PRD-A,44.0,1280.0,0.034375,0.0289353163662527,0.04661195978611832,0.06428860320598394,False,True,True,True,True
2025-01-21 00:00:00,PRD-A,37.0,1214.0,0.030477759472817133,0.02846117352371969,0.04661195978611832,0.06476274604851695,False,True,True,True,True
2025-01-21 08:00:00,PRD-A,41.0,1252.0,0.03274760383386582,0.02873874717146388,0.04661195978611832,0.06448517240077276,False,True,True,True,True
2025-01-21 16:00:00,PRD-A,72.0,1248.0,0.057692307692307696,0.028710127116919948,0.04661195978611832,0.06451379245531669,False,True,True,False,True
2025-01-22 00:00:00,PRD-A,53.0,1261.0,0.04203013481363997,0.028802643667359712,0.04661195978611832,0.06442127590487692,False,False,False,False,False
2025-01-22 08:00:00,PRD-A,47.0,1215.0,0.03868312757201646,0.028468644520645535,0.04661195978611832,0.0647552750515911,False,False,False,False,False
2025-01-22 16:00:00,PRD-A,75.0,1249.0,0.0600480384307446,0.028717295018175947,0.04661195978611832,0.06450662455406068,False,False,False,False,False
2025-01-29 00:00:00,PRD-A,26.0,1260.0,0.020634920634920634,0.028795577880087565,0.04661195978611832,0.06442834169214907,True,False,False,False,True
2025-01-29 08:00:00,PRD-A,28.0,1320.0,0.021212121212121213,0.02920520463362816,0.04661195978611832,0.06401871493860847,True,True,False,False,True
2025-01-29 16:00:00,PRD-A,32.0,1237.0,0.025869037995149554,0.028630707424988164,0.04661195978611832,0.06459321214724847,True,True,True,False,True
2025-01-30 00:00:00,PRD-A,35.0,1300.0,0.026923076923076925,0.029071817586029437,0.04661195978611832,0.0641521019862072,True,True,True,False,True
2025-01-30 08:00:00,PRD-A,24.0,1286.0,0.01866251944012442,0.02897660091484009,0.04661195978611832,0.06424731865739655,True,True,True,False,True
2025-01-30 16:00:00,PRD-A,57.0,1241.0,0.04593070104754231,0.028659709463802596,0.04661195978611832,0.06456421010843404,False,True,True,False,True
2025-02-06 00:00:00,PRD-A,51.0,1207.0,0.04225352112676056,0.02840861684542869,0.04661195978611832,0.06481530272680794,False,False,False,False,False
2025-02-06 08:00:00,PRD-A,43.0,1262.0,0.03407290015847861,0.028809701054646444,0.04661195978611832,0.06441421851759019,False,False,False,True,True
2025-02-06 16:00:00,PRD-A,71.0,1199.0,0.05921601334445371,0.028347989390515395,0.04661195978611832,0.06487593018172125,False,False,False,False,False
2025-02-07 00:00:00,PRD-A,56.0,1226.0,0.04567699836867863,0.028550221254290294,0.04661195978611832,0.06467369831794634,False,False,False,False,False
2025-02-07 08:00:00,PRD-A,55.0,1280.0,0.04296875,0.0289353163662527,0.04661195978611832,0.06428860320598394,False,False,False,False,False
2025-02-07 16:00:00,PRD-A,76.0,1219.0,0.062346185397867106,0.028498436519833407,0.04661195978611832,0.06472548305240322,False,False,False,False,False
2025-02-14 00:00:00,PRD-A,46.0,1203.0,0.038237738985868665,0.028378378713389416,0.04661195978611832,0.06484554085884722,False,False,False,False,False
2025-02-14 08:00:00,PRD-A,63.0,1179.0,0.05343511450381679,0.028193730144333424,0.04661195978611832,0.06503018942790321,False,False,False,False,False
2025-02-14 16:00:00,PRD-A,77.0,1211.0,0.06358381502890173,0.02843870503614624,0.04661195978611832,0.0647852145360904,False,False,False,False,False
2025-02-15 00:00:00,PRD-A,67.0,1281.0,0.05230288836846214,0.028942217261858208,0.04661195978611832,0.06428170231037843,False,False,False,False,False
2025-02-15 08:00:00,PRD-A,63.0,1234.0,0.051053484602917344,0.028608863417304935,0.04661195978611832,0.0646150561549317,False,False,False,False,False
2025-02-15 16:00:00,PRD-A,90.0,1189.0,0.07569386038687972,0.028271346290919486,0.04661195978611832,0.06495257328131715,True,False,False,False,True
2025-02-22 00:00:00,PRD-A,80.0,1201.0,0.06661115736885928,0.02836320302947009,0.04661195978611832,0.06486071654276654,True,True,False,False,True
2025-02-22 08:00:00,PRD-A,97.0,1198.0,0.08096828046744574,0.028340368288412136,0.04661195978611832,0.0648835512838245,True,True,False,False,True
2025-02-22 16:00:00,PRD-A,132.0,1231.0,0.10722989439480098,0.028586939606012857,0.04661195978611832,0.06463697996622378,True,True,True,True,True
2025-02-23 00:00:00,PRD-A,75.0,1035.0,0.07246376811594203,0.026954173411776312,0.04661195978611832,0.06626974616046033,True,True,True,True,True
2025-02-23 08:00:00,PRD-A,84.0,1280.0,0.065625,0.0289353163662527,0.04661195978611832,0.06428860320598394,True,True,True,True,True
2025-02-23 16:00:00,PRD-A,63.0,1289.0,0.048875096974398756,0.028997135009369977,0.04661195978611832,0.06422678456286665,False,True,True,True,True
2025-03-02 00:00:00,PRD-A,47.0,1298.0,0.0362095531587057,0.029058309580792793,0.04661195978611832,0.06416560999144384,False,False,False,False,False
2025-03-02 08:00:00,PRD-A,35.0,1221.0,0.028665028665028666,0.0285132775901386,0.04661195978611832,0.06471064198209803,False,False,False,False,False
2025-03-02 16:00:00,PRD-A,39.0,1280.0,0.03046875,0.0289353163662527,0.04661195978611832,0.06428860320598394,False,True,False,False,True
2025-03-03 00:00:00,PRD-A,50.0,1312.0,0.038109756097560975,0.029152215910895826,0.04661195978611832,0.06407170366134081,False,True,True,False,True
2025-03-03 08:00:00,PRD-A,38.0,1298.0,0.029275808936825885,0.029058309580792793,0.04661195978611832,0.06416560999144384,False,True,True,False,True
2025-03-03 16:00:00,PRD-A,55.0,1287.0,0.042735042735042736,0.02898345359000508,0.04661195978611832,0.06424046598223156,False,False,True,False,True
2025-03-10 00:00:00,PRD-A,34.0,1239.0,0.02744148506860371,0.028645226000113714,0.04661195978611832,0.06457869357212292,True,True,True,False,True
2025-03-10 08:00:00,PRD-A,35.0,1327.0,0.02637528259231349,0.029251176147990915,0.04661195978611832,0.06397274342424572,True,True,True,True,True
2025-03-10 16:00:00,PRD-A,40.0,1222.0,0.03273322422258593,0.02852068445854619,0.04661195978611832,0.06470323511369044,False,True,True,True,True
2025-03-11 00:00:00,PRD-A,42.0,1274.0,0.03296703296703297,0.028893740510890924,0.04661195978611832,0.06433017906134571,False,True,True,True,True
2025-03-11 08:00:00,PRD-A,40.0,1299.0,0.030792917628945343,0.02906506748295097,0.04661195978611832,0.06415885208928566,False,True,True,True,True
2025-03-11 16:00:00,PRD-A,42.0,1200.0,0.035,0.02835560096425526,0.04661195978611832,0.06486831860798137,False,True,True,True,True
2025-03-18 00:00:00,PRD-A,47.0,1196.0,0.039297658862876256,0.028325097419471798,0.04661195978611832,0.06489882215276484,False,False,True,True,True
2025-03-18 08:00:00,PRD-A,46.0,1276.0,0.03605015673981191,0.028907631708067708,0.04661195978611832,0.06431628786416893,False,False,True,True,True
2025-03-18 16:00:00,PRD-A,79.0,1168.0,0.06763698630136987,0.028107203712009213,0.04661195978611832,0.06511671586022742,True,False,True,False,True
2025-03-19 00:00:00,PRD-A,54.0,1270.0,0.04251968503937008,0.028865859739475253,0.04661195978611832,0.06435805983276138,False,False,False,False,False
2025-03-19 08:00:00,PRD-A,62.0,1242.0,0.0499194847020934,0.028666938073043637,0.04661195978611832,0.064556981499193,False,False,False,False,False
2025-03-19 16:00:00,PRD-A,79.0,1237.0,0.06386418755052546,0.028630707424988164,0.04661195978611832,0.06459321214724847,False,False,False,False,False
2025-03-26 00:00:00,PRD-A,22.0,1255.0,0.01752988047808765,0.028760122358638653,0.04661195978611832,0.06446379721359799,True,False,False,False,True
2025-03-26 08:00:00,PRD-A,30.0,1298.0,0.023112480739599383,0.029058309580792793,0.04661195978611832,0.06416560999144384,True,True,False,False,True
2025-03-26 16:00:00,PRD-A,47.0,1261.0,0.03727200634417129,0.028802643667359712,0.04661195978611832,0.06442127590487692,False,True,False,False,True
2025-03-27 00:00:00,PRD-A,32.0,1283.0,0.02494154325798909,0.028955994840970098,0.04661195978611832,0.06426792473126654,True,True,True,False,True
2025-03-27 08:00:00,PRD-A,37.0,1296.0,0.02854938271604938,0.029044770319076596,0.04661195978611832,0.06417914925316004,True,True,True,False,True
2025-03-27 16:00:00,PRD-A,48.0,1246.0,0.038523274478330656,0.028695765435773988,0.04661195978611832,0.06452815413646265,False,True,True,False,True
2025-04-03 00:00:00,PRD-A,62.0,1118.0,0.055456171735241505,0.02769793802793588,0.04661195978611832,0.06552598154430075,False,False,True,False,True
2025-04-03 08:00:00,PRD-A,82.0,1185.0,0.06919831223628692,0.02824041774703544,0.04661195978611832,0.0649835018252012,True,False,False,False,True
2025-04-03 16:00:00,PRD-A,95.0,1154.0,0.08232235701906412,0.027995294879778164,0.04661195978611832,0.06522862469245846,True,True,False,False,True
2025-04-04 00:00:00,PRD-A,77.0,1201.0,0.06411323896752706,0.02836320302947009,0.04661195978611832,0.06486071654276654,False,True,True,False,True
2025-04-04 08:00:00,PRD-A,80.0,921.0,0.08686210640608034,0.025773051131423388,0.04661195978611832,0.06745086844081324,True,True,True,False,True
2025-04-04 16:00:00,PRD-A,49.0,1270.0,0.03858267716535433,0.028865859739475253,0.04661195978611832,0.06435805983276138,False,True,True,False,True
2025-04-11 00:00:00,PRD-A,69.0,1194.0,0.05778894472361809,0.028309788197563544,0.04661195978611832,0.06491413137467308,False,False,True,False,True
2025-04-11 08:00:00,PRD-A,73.0,1162.0,0.06282271944922548,0.028059490467168196,0.04661195978611832,0.06516442910506844,False,False,True,False,True
2025-04-11 16:00:00,PRD-A,97.0,1166.0,0.08319039451114923,0.02809134022339159,0.04661195978611832,0.06513257934884505,True,True,True,False,True
2025-04-12 00:00:00,PRD-A,83.0,1236.0,0.06715210355987054,0.028623434926263666,0.04661195978611832,0.06460048464597297,True,True,True,False,True
2025-04-12 08:00:00,PRD-A,89.0,1202.0,0.0740432612312812,0.028370795605940472,0.04661195978611832,0.06485312396629617,True,True,True,False,True
2025-04-12 16:00:00,PRD-A,105.0,1042.0,0.10076775431861804,0.027020313712046606,0.04661195978611832,0.06620360586019003,True,True,True,False,True
2025-04-19 00:00:00,PRD-A,65.0,1172.0,0.05546075085324232,0.028138808783880368,0.04661195978611832,0.06508511078835627,False,True,True,False,True
2025-04-19 08:00:00,PRD-A,64.0,1200.0,0.05333333333333334,0.02835560096425526,0.04661195978611832,0.06486831860798137,False,False,True,True,True
2025-04-19 16:00:00,PRD-A,66.0,725.0,0.0910344827586207,0.02312451442601919,0.04661195978611832,0.07009940514621744,True,False,True,True,True
2025-04-20 00:00:00,PRD-A,56.0,1333.0,0.042010502625656414,0.02929029174475206,0.04661195978611832,0.06393362782748457,False,False,True,False,True
2025-04-20 08:00:00,PRD-A,31.0,1293.0,0.02397525135344161,0.02902440255633187,0.04661195978611832,0.06419951701590476,True,False,False,False,True
2025-04-20 16:00:00,PRD-A,46.0,1281.0,0.03590944574551132,0.028942217261858208,0.04661195978611832,0.06428170231037843,False,False,False,False,False
2025-04-27 00:00:00,PRD-A,71.0,1140.0,0.062280701754385964,0.027881330846987993,0.04661195978611832,0.06534258872524865,False,False,False,False,False
2025-04-27 08:00:00,PRD-A,70.0,960.0,0.07291666666666667,0.026200730112461434,0.04661195978611832,0.0670231894597752,True,True,False,False,True
2025-04-27 16:00:00,PRD-A,38.0,1282.0,0.029641185647425898,0.0289491100815175,0.04661195978611832,0.06427480949071913,False,True,False,False,True
2025-04-28 00:00:00,PRD-A,37.0,1283.0,0.028838659392049885,0.028955994840970098,0.04661195978611832,0.06426792473126654,True,True,False,False,True
2025-04-28 08:00:00,PRD-A,41.0,1314.0,0.03120243531202435,0.02916550844717765,0.04661195978611832,0.06405841112505899,False,True,False,False,True
2025-04-28 16:00:00,PRD-A,58.0,1277.0,0.04541895066562255,0.028914565065716817,0.04661195978611832,0.06430935450651981,False,True,False,False,True
2025-05-05 00:00:00,PRD-A,113.0,1130.0,0.1,0.027798634511381672,0.04661195978611832,0.06542528506085496,True,False,False,False,True
2025-05-05 08:00:00,PRD-A,148.0,1194.0,0.12395309882747069,0.028309788197563544,0.04661195978611832,0.06491413137467308,True,True,False,False,True
2025-05-05 16:00:00,PRD-A,175.0,1133.0,0.15445719329214475,0.027823558335892545,0.04661195978611832,0.06540036123634409,True,True,False,False,True
2025-05-06 00:00:00,PRD-A,123.0,939.0,0.13099041533546327,0.02597375155741001,0.04661195978611832,0.06725016801482663,True,True,True,False,True
2025-05-06 08:00:00,PRD-A,95.0,1341.0,0.07084265473527218,0.02934203694787058,0.04661195978611832,0.06388188262436606,True,True,True,False,True
2025-05-06 16:00:00,PRD-A,82.0,1282.0,0.06396255850234009,0.0289491100815175,0.04661195978611832,0.06427480949071913,False,True,True,False,True
2025-05-13 00:00:00,PRD-A,73.0,1145.0,0.06375545851528384,0.027922272161383484,0.04661195978611832,0.06530164741085315,False,True,True,False,True
2025-05-13 08:00:00,PRD-A,79.0,1152.0,0.0685763888888889,0.027979141588317175,0.04661195978611832,0.06524477798391946,True,True,True,True,True
2025-05-13 16:00:00,PRD-A,110.0,1127.0,0.09760425909494233,0.027773611234604954,0.04661195978611832,0.06545030833763169,True,True,True,True,True
2025-05-14 00:00:00,PRD-A,101.0,1243.0,0.08125502815768303,0.028674157957348373,0.04661195978611832,0.06454976161488826,True,True,True,True,True
2025-05-14 08:00:00,PRD-A,75.0,1172.0,0.06399317406143344,0.028138808783880368,0.04661195978611832,0.06508511078835627,False,True,True,True,True
2025-05-14 16:00:00,PRD-A,103.0,822.0,0.12530413625304138,0.024553820370016813,0.04661195978611832,0.06867009920221982,True,True,True,True,True
2025-05-21 00:00:00,PRD-A,38.0,1260.0,0.03015873015873016,0.028795577880087565,0.04661195978611832,0.06442834169214907,False,True,True,False,True
2025-05-21 08:00:00,PRD-A,33.0,1301.0,0.02536510376633359,0.029078559905017766,0.04661195978611832,0.06414535966721888,True,True,False,False,True
2025-05-21 16:00:00,PRD-A,53.0,1256.0,0.04219745222929936,0.028767230396916643,0.04661195978611832,0.06445668917531999,False,True,False,False,True
2025-05-22 00:00:00,PRD-A,43.0,1321.0,0.03255109765329296,0.02921179435756391,0.04661195978611832,0.06401212521467273,False,True,False,False,True
2025-05-22 08:00:00,PRD-A,35.0,1280.0,0.02734375,0.0289353163662527,0.04661195978611832,0.06428860320598394,True,True,True,False,True
2025-05-22 16:00:00,PRD-A,65.0,1241.0,0.052377115229653506,0.028659709463802596,0.04661195978611832,0.06456421010843404,False,True,False,False,True
2025-05-29 00:00:00,PRD-A,42.0,1256.0,0.03343949044585987,0.028767230396916643,0.04661195978611832,0.06445668917531999,False,True,False,False,True
2025-05-29 08:00:00,PRD-A,56.0,1315.0,0.04258555133079848,0.029172143340491917,0.04661195978611832,0.06405177623174471,False,False,False,False,False
2025-05-29 16:00:00,PRD-A,59.0,1284.0,0.045950155763239874,0.028962871555912602,0.04661195978611832,0.06426104801632404,False,False,False,False,False
2025-05-30 00:00:00,PRD-A,36.0,1261.0,0.028548770816812053,0.028802643667359712,0.04661195978611832,0.06442127590487692,True,False,False,False,True
2025-05-30 08:00:00,PRD-A,52.0,1288.0,0.040372670807453416,0.02899029828302028,0.04661195978611832,0.06423362128921636,False,False,False,False,False
2025-05-30 16:00:00,PRD-A,68.0,1238.0,0.05492730210016155,0.028637971110342574,0.04661195978611832,0.06458594846189405,False,False,False,False,False
2025-06-06 00:00:00,PRD-A,60.0,1239.0,0.048426150121065374,0.028645226000113714,0.04661195978611832,0.06457869357212292,False,False,False,False,False
2025-06-06 08:00:00,PRD-A,48.0,1230.0,0.03902439024390244,0.028579613850709347,0.04661195978611832,0.0646443057215273,False,False,False,False,False
2025-06-06 16:00:00,PRD-A,79.0,1190.0,0.06638655462184874,0.028279054050661105,0.04661195978611832,0.06494486552157552,True,False,False,False,True
2025-06-07 00:00:00,PRD-A,55.0,1229.0,0.044751830756712775,0.02857227915610649,0.04661195978611832,0.06465164041613014,False,False,False,False,False
2025-06-07 08:00:00,PRD-A,65.0,1268.0,0.051261829652996846,0.028851869906757307,0.04661195978611832,0.06437204966547933,False,False,False,False,False
2025-06-07 16:00:00,PRD-A,96.0,1183.0,0.08114961961115807,0.028224894683818915,0.04661195978611832,0.06499902488841772,True,False,False,False,True
2025-06-14 00:00:00,PRD-A,39.0,1282.0,0.030421216848673948,0.0289491100815175,0.04661195978611832,0.06427480949071913,False,False,False,False,False
2025-06-14 08:00:00,PRD-A,30.0,1296.0,0.023148148148148147,0.029044770319076596,0.04661195978611832,0.06417914925316004,True,True,False,False,True
2025-06-14 16:00:00,PRD-A,53.0,1262.0,0.041996830427892234,0.028809701054646444,0.04661195978611832,0.06441421851759019,False,True,False,False,True
2025-06-15 00:00:00,PRD-A,41.0,1309.0,0.03132161955691368,0.02913222001519391,0.04661195978611832,0.06409169955704272,False,True,False,False,True
2025-06-15 08:00:00,PRD-A,39.0,1262.0,0.030903328050713153,0.028809701054646444,0.04661195978611832,0.06441421851759019,False,True,True,False,True
2025-06-15 16:00:00,PRD-A,38.0,1300.0,0.02923076923076923,0.029071817586029437,0.04661195978611832,0.0641521019862072,False,True,True,False,True
2025-06-22 00:00:00,PRD-A,68.0,1120.0,0.060714285714285714,0.02771483309317284,0.04661195978611832,0.0655090864790638,False,True,False,False,True
2025-06-22 08:00:00,PRD-A,103.0,1231.0,0.08367181153533712,0.028586939606012857,0.04661195978611832,0.06463697996622378,True,True,False,False,True
2025-06-22 16:00:00,PRD-A,103.0,1194.0,0.08626465661641541,0.028309788197563544,0.04661195978611832,0.06491413137467308,True,True,False,False,True
2025-06-23 00:00:00,PRD-A,50.0,791.0,0.0632111251580278,0.024125735181039238,0.04661195978611832,0.0690981843911974,False,True,True,False,True
2025-06-23 08:00:00,PRD-A,32.0,1301.0,0.024596464258262875,0.029078559905017766,0.04661195978611832,0.06414535966721888,True,True,True,False,True
2025-06-23 16:00:00,PRD-A,43.0,1228.0,0.03501628664495114,0.028564935504009105,0.04661195978611832,0.06465898406822754,False,False,False,False,False
2025-06-30 00:00:00,PRD-A,37.0,1230.0,0.03008130081300813,0.028579613850709347,0.04661195978611832,0.0646443057215273,False,True,False,False,True
2025-06-30 08:00:00,PRD-A,45.0,1293.0,0.03480278422273782,0.02902440255633187,0.04661195978611832,0.06419951701590476,False,True,True,False,True
2025-06-30 16:00:00,PRD-A,48.0,1240.0,0.03870967741935484,0.028652472112038196,0.04661195978611832,0.06457144746019844,False,True,True,False,True
2024-01-01 00:00:00,PRD-A,52.0,1312.0,0.039634146341463415,0.029152215910895826,0.04661195978611832,0.06407170366134081,False,False,True,False,True
2024-01-01 08:00:00,PRD-A,27.0,1315.0,0.02053231939163498,0.029172143340491917,0.04661195978611832,0.06405177623174471,True,False,True,False,True
2024-01-01 16:00:00,PRD-A,44.0,1309.0,0.03361344537815126,0.02913222001519391,0.04661195978611832,0.06409169955704272,False,True,True,True,True
2024-01-02 00:00:00,PRD-A,64.0,1339.0,0.04779686333084392,0.029329144133205684,0.04661195978611832,0.06389477543903095,False,True,True,False,True
2024-01-02 08:00:00,PRD-A,53.0,1075.0,0.04930232558139535,0.027323366581020168,0.04661195978611832,0.06590055299121647,False,False,False,False,False
2024-01-02 16:00:00,PRD-A,26.0,1268.0,0.02050473186119874,0.028851869906757307,0.04661195978611832,0.06437204966547933,True,False,False,False,True
2024-01-09 00:00:00,PRD-A,51.0,1239.0,0.04116222760290557,0.028645226000113714,0.04661195978611832,0.06457869357212292,False,False,False,False,False
2024-01-09 08:00:00,PRD-A,58.0,1272.0,0.04559748427672956,0.02887981656432141,0.04661195978611832,0.06434410300791522,False,False,False,False,False
2024-01-09 16:00:00,PRD-A,73.0,1198.0,0.06093489148580968,0.028340368288412136,0.04661195978611832,0.0648835512838245,False,False,False,False,False
2024-01-10 00:00:00,PRD-A,74.0,1216.0,0.06085526315789474,0.028476106299807707,0.04661195978611832,0.06474781327242893,False,True,False,False,True
2024-01-10 08:00:00,PRD-A,48.0,929.0,0.05166846071044134,0.025862971329335682,0.04661195978611832,0.06736094824290095,False,True,False,False,True
2024-01-10 16:00:00,PRD-A,58.0,1287.0,0.045066045066045064,0.02898345359000508,0.04661195978611832,0.06424046598223156,False,False,False,False,False
2024-01-17 00:00:00,PRD-A,71.0,1206.0,0.05887230514096186,0.02840107141797897,0.04661195978611832,0.06482284815425766,False,False,False,False,False
2024-01-17 08:00:00,PRD-A,98.0,1244.0,0.07877813504823152,0.028681369134254363,0.04661195978611832,0.06454255043798227,True,True,False,False,True
2024-01-17 16:00:00,PRD-A,109.0,1185.0,0.0919831223628692,0.02824041774703544,0.04661195978611832,0.0649835018252012,True,True,False,False,True
2024-01-18 00:00:00,PRD-A,64.0,751.0,0.085219707057257,0.02353466925824128,0.04661195978611832,0.06968925031399535,True,True,True,False,True
2024-01-18 08:00:00,PRD-A,34.0,1284.0,0.0264797507788162,0.028962871555912602,0.04661195978611832,0.06426104801632404,True,True,True,False,True
2024-01-18 16:00:00,PRD-A,47.0,1249.0,0.03763010408326661,0.028717295018175947,0.04661195978611832,0.06450662455406068,False,False,False,False,False
2024-01-25 00:00:00,PRD-A,40.0,1237.0,0.03233629749393695,0.028630707424988164,0.04661195978611832,0.06459321214724847,False,True,False,False,True
2024-01-25 08:00:00,PRD-A,41.0,1308.0,0.03134556574923547,0.02912553943410883,0.04661195978611832,0.0640983801381278,False,True,True,False,True
2024-01-25 16:00:00,PRD-A,73.0,1269.0,0.05752561071710008,0.028858868957227873,0.04661195978611832,0.06436505061500876,False,True,True,False,True
2024-01-26 00:00:00,PRD-A,35.0,1276.0,0.0274294670846395,0.028907631708067708,0.04661195978611832,0.06431628786416893,True,True,True,False,True
2024-01-26 08:00:00,PRD-A,43.0,1175.0,0.03659574468085106,0.028162406601904322,0.04661195978611832,0.06506151297033232,False,False,True,False,True
2024-01-26 16:00:00,PRD-A,74.0,1344.0,0.05505952380952381,0.029361322183186253,0.04661195978611832,0.06386259738905038,False,False,False,False,False
2024-02-02 00:00:00,PRD-A,60.0,1187.0,0.05054759898904802,0.02825590156102866,0.04661195978611832,0.06496801801120797,False,False,False,False,False
2024-02-02 08:00:00,PRD-A,71.0,1230.0,0.05772357723577236,0.028579613850709347,0.04661195978611832,0.0646443057215273,False,False,False,False,False
2024-02-02 16:00:00,PRD-A,90.0,1183.0,0.0760777683854607,0.028224894683818915,0.04661195978611832,0.06499902488841772,True,False,False,False,True
2024-02-03 00:00:00,PRD-A,56.0,961.0,0.05827263267429761,0.026211352663102122,0.04661195978611832,0.06701256690913451,False,False,True,False,True
2024-02-03 08:00:00,PRD-A,26.0,1309.0,0.019862490450725745,0.02913222001519391,0.04661195978611832,0.06409169955704272,True,False,False,False,True
2024-02-03 16:00:00,PRD-A,49.0,1189.0,0.04121110176619008,0.028271346290919486,0.04661195978611832,0.06495257328131715,False,False,False,False,False
2024-02-10 00:00:00,PRD-A,74.0,1165.0,0.06351931330472103,0.028083393164642374,0.04661195978611832,0.06514052640759427,False,False,False,False,False
2024-02-10 08:00:00,PRD-A,95.0,1211.0,0.07844756399669695,0.02843870503614624,0.04661195978611832,0.0647852145360904,True,True,False,False,True
2024-02-10 16:00:00,PRD-A,112.0,1184.0,0.0945945945945946,0.028232661131938275,0.04661195978611832,0.06499125844029836,True,True,False,False,True
2024-02-11 00:00:00,PRD-A,95.0,1191.0,0.07976490344248531,0.028286752100857928,0.04661195978611832,0.0649371674713787,True,True,True,False,True
2024-02-11 08:00:00,PRD-A,79.0,1189.0,0.06644238856181665,0.028271346290919486,0.04661195978611832,0.06495257328131715,True,True,True,False,True
2024-02-11 16:00:00,PRD-A,130.0,1211.0,0.10734929810074319,0.02843870503614624,0.04661195978611832,0.0647852145360904,True,True,True,False,True
2024-02-18 00:00:00,PRD-A,34.0,1276.0,0.02664576802507837,0.028907631708067708,0.04661195978611832,0.06431628786416893,True,True,True,False,True
2024-02-18 08:00:00,PRD-A,49.0,1288.0,0.03804347826086957,0.02899029828302028,0.04661195978611832,0.06423362128921636,False,False,False,False,False
2024-02-18 16:00:00,PRD-A,57.0,1226.0,0.0464926590538336,0.028550221254290294,0.04661195978611832,0.06467369831794634,False,False,False,False,False
2024-02-19 00:00:00,PRD-A,49.0,1249.0,0.03923138510808647,0.028717295018175947,0.04661195978611832,0.06450662455406068,False,False,False,False,False
2024-02-19 08:00:00,PRD-A,60.0,1248.0,0.04807692307692308,0.028710127116919948,0.04661195978611832,0.06451379245531669,False,False,False,False,False
2024-02-19 16:00:00,PRD-A,71.0,1222.0,0.05810147299509002,0.02852068445854619,0.04661195978611832,0.06470323511369044,False,False,False,False,False
2024-02-26 00:00:00,PRD-A,36.0,1205.0,0.02987551867219917,0.028393516599828583,0.04661195978611832,0.06483040297240805,False,False,False,False,False
2024-02-26 08:00:00,PRD-A,39.0,1224.0,0.031862745098039214,0.028535470954950078,0.04661195978611832,0.06468844861728656,False,True,False,False,True
2024-02-26 16:00:00,PRD-A,53.0,1228.0,0.04315960912052117,0.028564935504009105,0.04661195978611832,0.06465898406822754,False,True,False,False,True
2024-02-27 00:00:00,PRD-A,50.0,1272.0,0.03930817610062893,0.02887981656432141,0.04661195978611832,0.06434410300791522,False,False,False,False,False
2024-02-27 08:00:00,PRD-A,33.0,1296.0,0.02546296296296296,0.029044770319076596,0.04661195978611832,0.06417914925316004,True,False,True,False,True
2024-02-27 16:00:00,PRD-A,67.0,1214.0,0.05518945634266886,0.02846117352371969,0.04661195978611832,0.06476274604851695,False,False,False,False,False
2024-03-05 00:00:00,PRD-A,80.0,1255.0,0.06374501992031872,0.028760122358638653,0.04661195978611832,0.06446379721359799,False,False,False,False,False
2024-03-05 08:00:00,PRD-A,95.0,1273.0,0.07462686567164178,0.02888678263931889,0.04661195978611832,0.06433713693291775,True,True,False,False,True
2024-03-05 16:00:00,PRD-A,124.0,1233.0,0.10056772100567721,0.028601564371244333,0.04661195978611832,0.0646223552009923,True,True,True,False,True
2024-03-06 00:00:00,PRD-A,96.0,1238.0,0.07754442649434572,0.028637971110342574,0.04661195978611832,0.06458594846189405,True,True,True,False,True
2024-03-06 08:00:00,PRD-A,106.0,1278.0,0.08294209702660407,0.02892149028402948,0.04661195978611832,0.06430242928820715,True,True,True,False,True
2024-03-06 16:00:00,PRD-A,135.0,1238.0,0.10904684975767366,0.028637971110342574,0.04661195978611832,0.06458594846189405,True,True,True,False,True
2024-03-13 00:00:00,PRD-A,42.0,1201.0,0.034970857618651124,0.02836320302947009,0.04661195978611832,0.06486071654276654,False,True,True,False,True
2024-03-13 08:00:00,PRD-A,45.0,1253.0,0.035913806863527534,0.028745880762893368,0.04661195978611832,0.06447803880934327,False,False,False,False,False
2024-03-13 16:00:00,PRD-A,64.0,1153.0,0.055507372072853424,0.027987223487720498,0.04661195978611832,0.06523669608451614,False,False,False,False,False
2024-03-14 00:00:00,PRD-A,46.0,1255.0,0.036653386454183264,0.028760122358638653,0.04661195978611832,0.06446379721359799,False,False,False,False,False
2024-03-14 08:00:00,PRD-A,37.0,1297.0,0.028527370855821126,0.029051543864524867,0.04661195978611832,0.06417237570771177,True,False,True,False,True
2024-03-14 16:00:00,PRD-A,73.0,1230.0,0.05934959349593496,0.028579613850709347,0.04661195978611832,0.0646443057215273,False,False,False,False,False
2024-03-21 00:00:00,PRD-A,54.0,1283.0,0.042088854247856584,0.028955994840970098,0.04661195978611832,0.06426792473126654,False,False,False,False,False
2024-03-21 08:00:00,PRD-A,36.0,1301.0,0.027671022290545733,0.029078559905017766,0.04661195978611832,0.06414535966721888,True,False,False,False,True
2024-03-21 16:00:00,PRD-A,49.0,1297.0,0.03777949113338473,0.029051543864524867,0.04661195978611832,0.06417237570771177,False,False,False,False,False
2024-03-22 00:00:00,PRD-A,73.0,1341.0,0.054436987322893364,0.02934203694787058,0.04661195978611832,0.06388188262436606,False,False,False,False,False
2024-03-22 08:00:00,PRD-A,36.0,1307.0,0.02754399387911247,0.029118851187411022,0.04661195978611832,0.06410506838482562,True,False,False,False,True
2024-03-22 16:00:00,PRD-A,57.0,1259.0,0.04527402700555997,0.02878850367615343,0.04661195978611832,0.0644354158960832,False,False,False,False,False
2024-03-29 00:00:00,PRD-A,50.0,868.0,0.0576036866359447,0.025146266309069347,0.04661195978611832,0.06807765326316728,False,False,False,False,False
2024-03-29 08:00:00,PRD-A,24.0,1247.0,0.019246190858059342,0.028702950595216888,0.04661195978611832,0.06452096897701975,True,False,False,False,True
2024-03-29 16:00:00,PRD-A,55.0,1249.0,0.044035228182546036,0.028717295018175947,0.04661195978611832,0.06450662455406068,False,False,False,False,False
2024-03-30 00:00:00,PRD-A,39.0,1253.0,0.03112529928172386,0.028745880762893368,0.04661195978611832,0.06447803880934327,False,True,False,False,True
2024-03-30 08:00:00,PRD-A,35.0,1299.0,0.026943802925327175,0.02906506748295097,0.04661195978611832,0.06415885208928566,True,True,False,False,True
2024-03-30 16:00:00,PRD-A,57.0,1264.0,0.04509493670886076,0.02882379069573896,0.04661195978611832,0.06440012887649768,False,True,False,False,True
2024-04-06 00:00:00,PRD-A,32.0,1200.0,0.02666666666666667,0.02835560096425526,0.04661195978611832,0.06486831860798137,True,True,False,False,True
2024-04-06 08:00:00,PRD-A,49.0,1290.0,0.03798449612403101,0.029003963784496437,0.04661195978611832,0.0642199557877402,False,False,True,False,True
2024-04-06 16:00:00,PRD-A,67.0,1224.0,0.05473856209150327,0.028535470954950078,0.04661195978611832,0.06468844861728656,False,False,False,False,False
2024-04-07 00:00:00,PRD-A,51.0,1268.0,0.04022082018927445,0.028851869906757307,0.04661195978611832,0.06437204966547933,False,False,False,False,False
2024-04-07 08:00:00,PRD-A,63.0,1250.0,0.0504,0.02872445431622922,0.04661195978611832,0.06449946525600742,False,False,False,False,False
2024-04-07 16:00:00,PRD-A,69.0,1256.0,0.05493630573248408,0.028767230396916643,0.04661195978611832,0.06445668917531999,False,False,False,False,False
2024-04-14 00:00:00,PRD-A,33.0,1230.0,0.026829268292682926,0.028579613850709347,0.04661195978611832,0.0646443057215273,True,False,False,False,True
2024-04-14 08:00:00,PRD-A,36.0,1319.0,0.027293404094010616,0.02919860741711216,0.04661195978611832,0.06402531215512447,True,True,False,False,True
2024-04-14 16:00:00,PRD-A,70.0,1254.0,0.05582137161084529,0.0287530058196167,0.04661195978611832,0.06447091375261993,False,True,False,False,True
2024-04-15 00:00:00,PRD-A,49.0,1324.0,0.03700906344410876,0.029231518715419347,0.04661195978611832,0.06399240085681729,False,False,False,False,False
2024-04-15 08:00:00,PRD-A,30.0,1277.0,0.023492560689115115,0.028914565065716817,0.04661195978611832,0.06430935450651981,True,False,True,False,True
2024-04-15 16:00:00,PRD-A,52.0,1227.0,0.042379788101059496,0.028557582876170096,0.04661195978611832,0.06466633669606654,False,False,False,False,False
2024-04-22 00:00:00,PRD-A,50.0,1219.0,0.04101722723543889,0.028498436519833407,0.04661195978611832,0.06472548305240322,False,False,False,False,False
2024-04-22 08:00:00,PRD-A,66.0,1306.0,0.05053598774885146,0.029112155260429453,0.04661195978611832,0.06411176431180718,False,False,False,False,False
2024-04-22 16:00:00,PRD-A,88.0,1242.0,0.07085346215780998,0.028666938073043637,0.04661195978611832,0.064556981499193,True,False,False,False,True
2024-04-23 00:00:00,PRD-A,68.0,1263.0,0.053840063341250986,0.028816750058578096,0.04661195978611832,0.06440716951365855,False,False,False,False,False
2024-04-23 08:00:00,PRD-A,53.0,1272.0,0.041666666666666664,0.02887981656432141,0.04661195978611832,0.06434410300791522,False,False,False,False,False
2024-04-23 16:00:00,PRD-A,104.0,1235.0,0.08421052631578947,0.028616153596331857,0.04661195978611832,0.06460776597590479,True,False,False,False,True
2024-04-30 00:00:00,PRD-A,39.0,1213.0,0.03215169002473207,0.028453693290036226,0.04661195978611832,0.06477022628220042,False,False,False,False,False
2024-04-30 08:00:00,PRD-A,52.0,1241.0,0.041901692183722805,0.028659709463802596,0.04661195978611832,0.06456421010843404,False,False,False,False,False
2024-04-30 16:00:00,PRD-A,67.0,1236.0,0.054207119741100325,0.028623434926263666,0.04661195978611832,0.06460048464597297,False,False,False,False,False
2024-05-01 00:00:00,PRD-A,38.0,1080.0,0.03518518518518519,0.027368067899986498,0.04661195978611832,0.06585585167225014,False,False,False,False,False
2024-05-01 08:00:00,PRD-A,50.0,1351.0,0.037009622501850484,0.029406070994238524,0.04661195978611832,0.0638178485779981,False,False,False,False,False
2024-05-01 16:00:00,PRD-A,32.0,1266.0,0.02527646129541864,0.028837846935856143,0.04661195978611832,0.06438607263638049,True,False,False,False,True
2024-05-08 00:00:00,PRD-A,73.0,1197.0,0.06098579782790309,0.02833273763804913,0.04661195978611832,0.0648911819341875,False,False,False,False,False
2024-05-08 08:00:00,PRD-A,78.0,1220.0,0.06393442622950819,0.028505861616790716,0.04661195978611832,0.06471805795544591,False,True,False,False,True
2024-05-08 16:00:00,PRD-A,86.0,1171.0,0.07344150298889837,0.02813092269984891,0.04661195978611832,0.06509299687238773,True,True,False,False,True
2024-05-09 00:00:00,PRD-A,90.0,1200.0,0.075,0.02835560096425526,0.04661195978611832,0.06486831860798137,True,True,True,False,True
2024-05-09 08:00:00,PRD-A,83.0,1199.0,0.06922435362802336,0.028347989390515395,0.04661195978611832,0.06487593018172125,True,True,True,False,True
2024-05-09 16:00:00,PRD-A,126.0,1145.0,0.11004366812227075,0.027922272161383484,0.04661195978611832,0.06530164741085315,True,True,True,False,True
2024-05-16 00:00:00,PRD-A,115.0,1181.0,0.09737510584250635,0.028209332205279894,0.04661195978611832,0.06501458736695674,True,True,True,False,True
2024-05-16 08:00:00,PRD-A,137.0,1240.0,0.11048387096774194,0.028652472112038196,0.04661195978611832,0.06457144746019844,True,True,True,True,True
2024-05-16 16:00:00,PRD-A,139.0,940.0,0.1478723404255319,0.02598473224891822,0.04661195978611832,0.06723918732331842,True,True,True,True,True
2024-05-17 00:00:00,PRD-A,54.0,1287.0,0.04195804195804196,0.02898345359000508,0.04661195978611832,0.06424046598223156,False,True,True,False,True
2024-05-17 08:00:00,PRD-A,50.0,1280.0,0.0390625,0.0289353163662527,0.04661195978611832,0.06428860320598394,False,False,False,False,False
2024-05-17 16:00:00,PRD-A,98.0,1274.0,0.07692307692307693,0.028893740510890924,0.04661195978611832,0.06433017906134571,True,False,False,False,True
2024-05-24 00:00:00,PRD-A,30.0,1258.0,0.02384737678855326,0.028781421038834357,0.04661195978611832,0.06444249853340228,True,False,False,False,True
2024-05-24 08:00:00,PRD-A,35.0,1266.0,0.02764612954186414,0.028837846935856143,0.04661195978611832,0.06438607263638049,True,True,False,False,True
2024-05-24 16:00:00,PRD-A,63.0,1034.0,0.0609284332688588,0.02694467000954153,0.04661195978611832,0.0662792495626951,False,True,False,False,True
2024-05-25 00:00:00,PRD-A,35.0,1291.0,0.027110766847405113,0.029010784623800058,0.04661195978611832,0.06421313494843658,True,True,False,False,True
2024-05-25 08:00:00,PRD-A,53.0,1338.0,0.03961136023916293,0.02932268688820066,0.04661195978611832,0.06390123268403597,False,False,True,False,True
2024-05-25 16:00:00,PRD-A,46.0,1298.0,0.03543913713405239,0.029058309580792793,0.04661195978611832,0.06416560999144384,False,False,True,False,True
2024-06-01 00:00:00,PRD-A,77.0,1197.0,0.06432748538011696,0.02833273763804913,0.04661195978611832,0.0648911819341875,False,False,False,False,False
2024-06-01 08:00:00,PRD-A,52.0,1202.0,0.04326123128119801,0.028370795605940472,0.04661195978611832,0.06485312396629617,False,False,False,False,False
2024-06-01 16:00:00,PRD-A,116.0,1240.0,0.0935483870967742,0.028652472112038196,0.04661195978611832,0.06457144746019844,True,True,False,False,True
2024-06-02 00:00:00,PRD-A,69.0,1209.0,0.05707196029776675,0.028423679605923506,0.04661195978611832,0.06480023996631312,False,False,False,False,False
2024-06-02 08:00:00,PRD-A,90.0,1202.0,0.07487520798668885,0.028370795605940472,0.04661195978611832,0.06485312396629617,True,True,True,False,True
2024-06-02 16:00:00,PRD-A,105.0,1198.0,0.08764607679465776,0.028340368288412136,0.04661195978611832,0.0648835512838245,True,True,True,False,True
2024-06-09 00:00:00,PRD-A,39.0,1252.0,0.031150159744408944,0.02873874717146388,0.04661195978611832,0.06448517240077276,False,True,True,False,True
2024-06-09 08:00:00,PRD-A,76.0,1346.0,0.05646359583952452,0.02937414317165598,0.04661195978611832,0.06384977640058065,False,False,True,False,True
2024-06-09 16:00:00,PRD-A,52.0,1262.0,0.04120443740095087,0.028809701054646444,0.04661195978611832,0.06441421851759019,False,False,False,False,False
2024-06-10 00:00:00,PRD-A,29.0,1300.0,0.022307692307692306,0.029071817586029437,0.04661195978611832,0.0641521019862072,True,False,False,False,True
2024-06-10 08:00:00,PRD-A,48.0,1208.0,0.039735099337748346,0.028416152901616153,0.04661195978611832,0.06480776667062048,False,False,False,False,False
2024-06-10 16:00:00,PRD-A,52.0,1274.0,0.04081632653061224,0.028893740510890924,0.04661195978611832,0.06433017906134571,False,False,False,False,False
2024-06-17 00:00:00,PRD-A,44.0,1254.0,0.03508771929824561,0.0287530058196167,0.04661195978611832,0.06447091375261993,False,False,False,False,False
2024-06-17 08:00:00,PRD-A,54.0,1279.0,0.04222048475371384,0.028928407378918386,0.04661195978611832,0.06429551219331825,False,False,False,False,False
2024-06-17 16:00:00,PRD-A,60.0,1305.0,0.04597701149425287,0.02910545163845376,0.04661195978611832,0.06411846793378287,False,False,False,False,False
2024-06-18 00:00:00,PRD-A,43.0,1298.0,0.03312788906009245,0.029058309580792793,0.04661195978611832,0.06416560999144384,False,False,False,True,True
2024-06-18 08:00:00,PRD-A,51.0,1295.0,0.039382239382239385,0.029037988929336636,0.04661195978611832,0.0641859306429,False,False,False,True,True
2024-06-18 16:00:00,PRD-A,74.0,1228.0,0.06026058631921824,0.028564935504009105,0.04661195978611832,0.06465898406822754,False,False,False,False,False
2024-06-25 00:00:00,PRD-A,41.0,1170.0,0.03504273504273504,0.028123026507612413,0.04661195978611832,0.06510089306462422,False,False,False,False,False
2024-06-25 08:00:00,PRD-A,66.0,1204.0,0.054817275747508304,0.028385952371482608,0.04661195978611832,0.06483796720075402,False,False,False,False,False
2024-06-25 16:00:00,PRD-A,51.0,1321.0,0.03860711582134747,0.02921179435756391,0.04661195978611832,0.06401212521467273,False,False,False,False,False
2024-06-26 00:00:00,PRD-A,40.0,1295.0,0.03088803088803089,0.029037988929336636,0.04661195978611832,0.0641859306429,False,False,False,False,False
2024-06-26 08:00:00,PRD-A,60.0,1386.0,0.04329004329004329,0.029624706163005915,0.04661195978611832,0.06359921340923072,False,False,False,False,False
2024-06-26 16:00:00,PRD-A,56.0,1276.0,0.0438871473354232,0.028907631708067708,0.04661195978611832,0.06431628786416893,False,False,False,False,False
2024-07-03 00:00:00,PRD-A,58.0,1211.0,0.04789430222956235,0.02843870503614624,0.04661195978611832,0.0647852145360904,False,False,False,False,False
2024-07-03 08:00:00,PRD-A,59.0,1265.0,0.0466403162055336,0.028830822982667422,0.04661195978611832,0.06439309658956921,False,False,False,False,False
2024-07-03 16:00:00,PRD-A,82.0,1168.0,0.0702054794520548,0.028107203712009213,0.04661195978611832,0.06511671586022742,True,False,False,False,True
2024-07-04 00:00:00,PRD-A,67.0,1253.0,0.053471667996807665,0.028745880762893368,0.04661195978611832,0.06447803880934327,False,False,False,False,False
2024-07-04 08:00:00,PRD-A,68.0,1234.0,0.055105348460291734,0.028608863417304935,0.04661195978611832,0.0646150561549317,False,False,False,False,False
2024-07-04 16:00:00,PRD-A,74.0,1219.0,0.06070549630844955,0.028498436519833407,0.04661195978611832,0.06472548305240322,False,False,True,False,True
2024-07-11 00:00:00,PRD-A,63.0,1236.0,0.050970873786407765,0.028623434926263666,0.04661195978611832,0.06460048464597297,False,False,True,False,True
2024-07-11 08:00:00,PRD-A,78.0,1195.0,0.06527196652719665,0.028317447612667156,0.04661195978611832,0.06490647195956947,True,True,True,True,True
2024-07-11 16:00:00,PRD-A,84.0,1268.0,0.06624605678233439,0.028851869906757307,0.04661195978611832,0.06437204966547933,True,True,True,True,True
2024-07-12 00:00:00,PRD-A,72.0,1272.0,0.05660377358490566,0.02887981656432141,0.04661195978611832,0.06434410300791522,False,True,True,True,True
2024-07-12 08:00:00,PRD-A,68.0,1234.0,0.055105348460291734,0.028608863417304935,0.04661195978611832,0.0646150561549317,False,False,True,True,True
2024-07-12 16:00:00,PRD-A,86.0,1142.0,0.07530647985989491,0.027897739635892416,0.04661195978611832,0.06532617993634422,True,False,True,True,True
2024-07-19 00:00:00,PRD-A,63.0,1232.0,0.05113636363636364,0.028594256440160525,0.04661195978611832,0.0646296631320761,False,False,True,True,True
2024-07-19 08:00:00,PRD-A,63.0,1263.0,0.0498812351543943,0.028816750058578096,0.04661195978611832,0.06440716951365855,False,False,False,True,True
2024-07-19 16:00:00,PRD-A,87.0,1201.0,0.07243963363863447,0.02836320302947009,0.04661195978611832,0.06486071654276654,True,False,False,True,True
2024-07-20 00:00:00,PRD-A,66.0,1283.0,0.05144193296960249,0.028955994840970098,0.04661195978611832,0.06426792473126654,False,False,False,True,True
2024-07-20 08:00:00,PRD-A,54.0,1218.0,0.04433497536945813,0.02849100228054388,0.04661195978611832,0.06473291729169275,False,False,False,False,False
2024-07-20 16:00:00,PRD-A,74.0,1215.0,0.060905349794238686,0.028468644520645535,0.04661195978611832,0.0647552750515911,False,False,False,False,False
2024-07-27 00:00:00,PRD-A,112.0,1202.0,0.09317803660565724,0.028370795605940472,0.04661195978611832,0.06485312396629617,True,True,False,False,True
2024-07-27 08:00:00,PRD-A,142.0,1258.0,0.11287758346581876,0.028781421038834357,0.04661195978611832,0.06444249853340228,True,True,False,False,True
2024-07-27 16:00:00,PRD-A,156.0,1185.0,0.13164556962025317,0.02824041774703544,0.04661195978611832,0.0649835018252012,True,True,True,False,True
2024-07-28 00:00:00,PRD-A,127.0,1240.0,0.10241935483870968,0.028652472112038196,0.04661195978611832,0.06457144746019844,True,True,True,False,True
2024-07-28 08:00:00,PRD-A,141.0,1217.0,0.11585866885784717,0.028483558880145532,0.04661195978611832,0.0647403606920911,True,True,True,False,True
2024-07-28 16:00:00,PRD-A,175.0,1138.0,0.15377855887521968,0.027864878820154267,0.04661195978611832,0.06535904075208238,True,True,True,False,True
2024-08-04 00:00:00,PRD-A,43.0,1228.0,0.03501628664495114,0.028564935504009105,0.04661195978611832,0.06465898406822754,False,True,True,False,True
2024-08-04 08:00:00,PRD-A,56.0,1287.0,0.04351204351204351,0.02898345359000508,0.04661195978611832,0.06424046598223156,False,False,False,False,False
2024-08-04 16:00:00,PRD-A,71.0,1167.0,0.060839760068551844,0.028099277065222843,0.04661195978611832,0.06512464250701379,False,False,False,False,False
2024-08-05 00:00:00,PRD-A,68.0,1290.0,0.05271317829457364,0.029003963784496437,0.04661195978611832,0.0642199557877402,False,False,False,False,False
2024-08-05 08:00:00,PRD-A,66.0,1235.0,0.05344129554655871,0.028616153596331857,0.04661195978611832,0.06460776597590479,False,False,False,False,False
2024-08-05 16:00:00,PRD-A,57.0,945.0,0.06031746031746032,0.02603937400725425,0.04661195978611832,0.06718454556498238,False,False,True,False,True
2024-08-12 00:00:00,PRD-A,73.0,1208.0,0.060430463576158944,0.028416152901616153,0.04661195978611832,0.06480776667062048,False,False,True,False,True
2024-08-12 08:00:00,PRD-A,69.0,1261.0,0.05471847739888977,0.028802643667359712,0.04661195978611832,0.06442127590487692,False,False,True,False,True
2024-08-12 16:00:00,PRD-A,98.0,1167.0,0.08397600685518423,0.028099277065222843,0.04661195978611832,0.06512464250701379,True,True,True,False,True
2024-08-13 00:00:00,PRD-A,72.0,1269.0,0.05673758865248227,0.028858868957227873,0.04661195978611832,0.06436505061500876,False,False,True,True,True
2024-08-13 08:00:00,PRD-A,75.0,1218.0,0.06157635467980296,0.02849100228054388,0.04661195978611832,0.06473291729169275,False,True,True,True,True
2024-08-13 16:00:00,PRD-A,110.0,1190.0,0.09243697478991597,0.028279054050661105,0.04661195978611832,0.06494486552157552,True,True,True,True,True
2024-08-20 00:00:00,PRD-A,29.0,1280.0,0.02265625,0.0289353163662527,0.04661195978611832,0.06428860320598394,True,True,True,False,True
2024-08-20 08:00:00,PRD-A,46.0,1302.0,0.03533026113671275,0.02908529445486524,0.04661195978611832,0.0641386251173714,False,False,False,False,False
2024-08-20 16:00:00,PRD-A,61.0,1324.0,0.04607250755287009,0.029231518715419347,0.04661195978611832,0.06399240085681729,False,False,False,False,False
2024-08-21 00:00:00,PRD-A,36.0,1301.0,0.027671022290545733,0.029078559905017766,0.04661195978611832,0.06414535966721888,True,False,False,False,True
2024-08-21 08:00:00,PRD-A,47.0,1252.0,0.037539936102236424,0.02873874717146388,0.04661195978611832,0.06448517240077276,False,False,True,False,True
2024-08-21 16:00:00,PRD-A,58.0,1216.0,0.047697368421052634,0.028476106299807707,0.04661195978611832,0.06474781327242893,False,False,False,False,False
2024-08-28 00:00:00,PRD-A,65.0,1271.0,0.05114083398898505,0.028872842269765883,0.04661195978611832,0.06435107730247075,False,False,False,False,False
2024-08-28 08:00:00,PRD-A,48.0,1250.0,0.0384,0.02872445431622922,0.04661195978611832,0.06449946525600742,False,False,False,False,False
2024-08-28 16:00:00,PRD-A,75.0,1243.0,0.06033789219629927,0.028674157957348373,0.04661195978611832,0.06454976161488826,False,False,False,False,False
2024-08-29 00:00:00,PRD-A,70.0,1250.0,0.056,0.02872445431622922,0.04661195978611832,0.06449946525600742,False,False,False,False,False
2024-08-29 08:00:00,PRD-A,64.0,1215.0,0.05267489711934156,0.028468644520645535,0.04661195978611832,0.0647552750515911,False,False,False,False,False
2024-08-29 16:00:00,PRD-A,75.0,1214.0,0.06177924217462932,0.02846117352371969,0.04661195978611832,0.06476274604851695,False,False,True,False,True
2024-09-05 00:00:00,PRD-A,41.0,1253.0,0.03272146847565842,0.028745880762893368,0.04661195978611832,0.06447803880934327,False,False,True,False,True
2024-09-05 08:00:00,PRD-A,48.0,1286.0,0.03732503888024884,0.02897660091484009,0.04661195978611832,0.06424731865739655,False,False,False,False,False
2024-09-05 16:00:00,PRD-A,73.0,1229.0,0.059397884458909686,0.02857227915610649,0.04661195978611832,0.06465164041613014,False,False,False,False,False
2024-09-06 00:00:00,PRD-A,43.0,1293.0,0.033255993812838364,0.02902440255633187,0.04661195978611832,0.06419951701590476,False,False,False,False,False
2024-09-06 08:00:00,PRD-A,42.0,1248.0,0.03365384615384615,0.028710127116919948,0.04661195978611832,0.06451379245531669,False,True,True,False,True
2024-09-06 16:00:00,PRD-A,80.0,1267.0,0.06314127861089187,0.028844862571752207,0.04661195978611832,0.06437905700048444,False,True,False,False,True
2024-09-13 00:00:00,PRD-A,38.0,1274.0,0.029827315541601257,0.028893740510890924,0.04661195978611832,0.06433017906134571,False,True,False,False,True
2024-09-13 08:00:00,PRD-A,62.0,1287.0,0.048174048174048176,0.02898345359000508,0.04661195978611832,0.06424046598223156,False,False,False,False,False
2024-09-13 16:00:00,PRD-A,61.0,1283.0,0.0475448168355417,0.028955994840970098,0.04661195978611832,0.06426792473126654,False,False,False,False,False
2024-09-14 00:00:00,PRD-A,52.0,1297.0,0.040092521202775636,0.029051543864524867,0.04661195978611832,0.06417237570771177,False,False,False,False,False
2024-09-14 08:00:00,PRD-A,51.0,1190.0,0.04285714285714286,0.028279054050661105,0.04661195978611832,0.06494486552157552,False,False,False,False,False
2024-09-14 16:00:00,PRD-A,73.0,1212.0,0.06023102310231023,0.028446203800546355,0.04661195978611832,0.06477771577169028,False,False,False,False,False
2024-09-21 00:00:00,PRD-A,43.0,1283.0,0.03351519875292284,0.028955994840970098,0.04661195978611832,0.06426792473126654,False,False,False,False,False
2024-09-21 08:00:00,PRD-A,39.0,1335.0,0.029213483146067417,0.029303271640198955,0.04661195978611832,0.06392064793203768,True,True,False,False,True
2024-09-21 16:00:00,PRD-A,41.0,1267.0,0.03235990528808208,0.028844862571752207,0.04661195978611832,0.06437905700048444,False,True,False,False,True
2024-09-22 00:00:00,PRD-A,36.0,1305.0,0.027586206896551724,0.02910545163845376,0.04661195978611832,0.06411846793378287,True,True,True,False,True
2024-09-22 08:00:00,PRD-A,43.0,1271.0,0.03383162863886703,0.028872842269765883,0.04661195978611832,0.06435107730247075,False,True,True,False,True
2024-09-22 16:00:00,PRD-A,47.0,1305.0,0.03601532567049808,0.02910545163845376,0.04661195978611832,0.06411846793378287,False,True,True,False,True
2024-09-29 00:00:00,PRD-A,39.0,1242.0,0.03140096618357488,0.028666938073043637,0.04661195978611832,0.064556981499193,False,True,True,False,True
2024-09-29 08:00:00,PRD-A,37.0,1293.0,0.028615622583139984,0.02902440255633187,0.04661195978611832,0.06419951701590476,True,True,True,True,True
2024-09-29 16:00:00,PRD-A,57.0,1258.0,0.04531001589825119,0.028781421038834357,0.04661195978611832,0.06444249853340228,False,True,True,True,True
2024-09-30 00:00:00,PRD-A,44.0,1177.0,0.037383177570093455,0.028178088332901273,0.04661195978611832,0.06504583123933536,False,False,True,True,True
2024-09-30 08:00:00,PRD-A,22.0,1314.0,0.0167427701674277,0.02916550844717765,0.04661195978611832,0.06405841112505899,True,False,True,True,True
2024-09-30 16:00:00,PRD-A,109.0,1359.0,0.08020603384841796,0.02945678853652852,0.04661195978611832,0.06376713103570811,True,False,False,False,True
2024-10-07 00:00:00,PRD-A,92.0,1183.0,0.07776838546069316,0.028224894683818915,0.04661195978611832,0.06499902488841772,True,True,False,False,True
2024-10-07 08:00:00,PRD-A,120.0,1231.0,0.09748172217709179,0.028586939606012857,0.04661195978611832,0.06463697996622378,True,True,False,False,True
2024-10-07 16:00:00,PRD-A,169.0,1216.0,0.13898026315789475,0.028476106299807707,0.04661195978611832,0.06474781327242893,True,True,True,False,True
2024-10-08 00:00:00,PRD-A,120.0,1219.0,0.09844134536505332,0.028498436519833407,0.04661195978611832,0.06472548305240322,True,True,True,False,True
2024-10-08 08:00:00,PRD-A,71.0,1220.0,0.05819672131147541,0.028505861616790716,0.04661195978611832,0.06471805795544591,False,True,True,False,True
2024-10-08 16:00:00,PRD-A,108.0,1161.0,0.09302325581395349,0.02805150232069731,0.04661195978611832,0.06517241725153933,True,True,True,False,True
2024-10-15 00:00:00,PRD-A,56.0,1208.0,0.046357615894039736,0.028416152901616153,0.04661195978611832,0.06480776667062048,False,False,True,False,True
2024-10-15 08:00:00,PRD-A,71.0,1257.0,0.056483691328560064,0.02877432995136084,0.04661195978611832,0.0644495896208758,False,False,True,False,True
2024-10-15 16:00:00,PRD-A,83.0,993.0,0.08358509566968782,0.02654275512451336,0.04661195978611832,0.06668116444772328,True,False,True,False,True
2024-10-16 00:00:00,PRD-A,45.0,1323.0,0.034013605442176874,0.02922495138434398,0.04661195978611832,0.06399896818789266,False,False,False,False,False
2024-10-16 08:00:00,PRD-A,34.0,1254.0,0.02711323763955343,0.0287530058196167,0.04661195978611832,0.06447091375261993,True,True,False,False,True
2024-10-16 16:00:00,PRD-A,56.0,1294.0,0.04327666151468315,0.029031199680152796,0.04661195978611832,0.06419271989208383,False,True,False,False,True
2024-10-23 00:00:00,PRD-A,80.0,1108.0,0.07220216606498195,0.027612777661427623,0.04661195978611832,0.06561114191080901,True,False,False,False,True
2024-10-23 08:00:00,PRD-A,80.0,1236.0,0.06472491909385113,0.028623434926263666,0.04661195978611832,0.06460048464597297,True,True,False,False,True
2024-10-23 16:00:00,PRD-A,132.0,1208.0,0.10927152317880795,0.028416152901616153,0.04661195978611832,0.06480776667062048,True,True,False,False,True
2024-10-24 00:00:00,PRD-A,92.0,1207.0,0.07622203811101906,0.02840861684542869,0.04661195978611832,0.06481530272680794,True,True,True,False,True
2024-10-24 08:00:00,PRD-A,92.0,1176.0,0.0782312925170068,0.02817025246795515,0.04661195978611832,0.06505366710428148,True,True,True,False,True
2024-10-24 16:00:00,PRD-A,112.0,1173.0,0.09548167092924126,0.028146684781254868,0.04661195978611832,0.06507723479098176,True,True,True,False,True
2024-10-31 00:00:00,PRD-A,70.0,1164.0,0.06013745704467354,0.028075435867036348,0.04661195978611832,0.0651484837052003,False,True,True,False,True
2024-10-31 08:00:00,PRD-A,78.0,1197.0,0.06516290726817042,0.02833273763804913,0.04661195978611832,0.0648911819341875,True,True,True,True,True
2024-10-31 16:00:00,PRD-A,85.0,872.0,0.09747706422018348,0.025195556140997194,0.04661195978611832,0.06802836343123944,True,True,True,True,True
2024-11-01 00:00:00,PRD-A,41.0,1268.0,0.032334384858044164,0.028851869906757307,0.04661195978611832,0.06437204966547933,False,True,True,False,True
2024-11-01 08:00:00,PRD-A,32.0,1306.0,0.02450229709035222,0.029112155260429453,0.04661195978611832,0.06411176431180718,True,True,False,False,True
2024-11-01 16:00:00,PRD-A,54.0,1298.0,0.04160246533127889,0.029058309580792793,0.04661195978611832,0.06416560999144384,False,True,False,False,True
2024-11-08 00:00:00,PRD-A,82.0,1128.0,0.0726950354609929,0.027781963417924604,0.04661195978611832,0.06544195615431203,True,False,False,False,True
2024-11-08 08:00:00,PRD-A,89.0,1150.0,0.07739130434782608,0.027962946176135095,0.04661195978611832,0.06526097339610154,True,True,False,False,True
2024-11-08 16:00:00,PRD-A,142.0,1139.0,0.12467076382791922,0.027873110250173902,0.04661195978611832,0.06535080932206273,True,True,False,False,True
2024-11-09 00:00:00,PRD-A,74.0,926.0,0.07991360691144708,0.02582938783534859,0.04661195978611832,0.06739453173688804,True,True,True,False,True
2024-11-09 08:00:00,PRD-A,56.0,1332.0,0.042042042042042045,0.029283790837020325,0.04661195978611832,0.06394012873521632,False,True,True,False,True
2024-11-09 16:00:00,PRD-A,59.0,1303.0,0.04528012279355334,0.029092021250480986,0.04661195978611832,0.06413189832175564,False,False,False,False,False
2024-11-16 00:00:00,PRD-A,47.0,1213.0,0.038746908491343775,0.028453693290036226,0.04661195978611832,0.06477022628220042,False,False,False,False,False
2024-11-16 08:00:00,PRD-A,46.0,1307.0,0.03519510328997705,0.029118851187411022,0.04661195978611832,0.06410506838482562,False,False,False,False,False
2024-11-16 16:00:00,PRD-A,70.0,1278.0,0.054773082942097026,0.02892149028402948,0.04661195978611832,0.06430242928820715,False,False,False,False,False
2024-11-17 00:00:00,PRD-A,55.0,1290.0,0.04263565891472868,0.029003963784496437,0.04661195978611832,0.0642199557877402,False,False,False,False,False
2024-11-17 08:00:00,PRD-A,48.0,1237.0,0.038803556992724336,0.028630707424988164,0.04661195978611832,0.06459321214724847,False,False,False,False,False
2024-11-17 16:00:00,PRD-A,69.0,1152.0,0.059895833333333336,0.027979141588317175,0.04661195978611832,0.06524477798391946,False,False,False,False,False
2024-11-24 00:00:00,PRD-A,74.0,1172.0,0.06313993174061433,0.028138808783880368,0.04661195978611832,0.06508511078835627,False,True,False,False,True
2024-11-24 08:00:00,PRD-A,53.0,1168.0,0.045376712328767124,0.028107203712009213,0.04661195978611832,0.06511671586022742,False,True,False,False,True
2024-11-24 16:00:00,PRD-A,96.0,1229.0,0.07811228641171684,0.02857227915610649,0.04661195978611832,0.06465164041613014,True,True,False,False,True
2024-11-25 00:00:00,PRD-A,76.0,1216.0,0.0625,0.028476106299807707,0.04661195978611832,0.06474781327242893,False,True,True,False,True
2024-11-25 08:00:00,PRD-A,72.0,1220.0,0.05901639344262295,0.028505861616790716,0.04661195978611832,0.06471805795544591,False,True,True,False,True
2024-11-25 16:00:00,PRD-A,129.0,1213.0,0.10634789777411377,0.028453693290036226,0.04661195978611832,0.06477022628220042,True,True,True,False,True
2024-12-02 00:00:00,PRD-A,72.0,1225.0,0.05877551020408163,0.028542850620018257,0.04661195978611832,0.06468106895221838,False,True,True,False,True
2024-12-02 08:00:00,PRD-A,73.0,1226.0,0.05954323001631321,0.028550221254290294,0.04661195978611832,0.06467369831794634,False,True,True,False,True
2024-12-02 16:00:00,PRD-A,81.0,1185.0,0.06835443037974684,0.02824041774703544,0.04661195978611832,0.0649835018252012,True,True,True,False,True
2024-12-03 00:00:00,PRD-A,68.0,1172.0,0.05802047781569966,0.028138808783880368,0.04661195978611832,0.06508511078835627,False,True,True,True,True
2024-12-03 08:00:00,PRD-A,83.0,1236.0,0.06715210355987054,0.028623434926263666,0.04661195978611832,0.06460048464597297,True,True,True,True,True
2024-12-03 16:00:00,PRD-A,108.0,1190.0,0.0907563025210084,0.028279054050661105,0.04661195978611832,0.06494486552157552,True,True,True,True,True
2024-12-10 00:00:00,PRD-A,111.0,1186.0,0.09359190556492411,0.028248164549842067,0.04661195978611832,0.06497575502239457,True,True,True,True,True
2024-12-10 08:00:00,PRD-A,112.0,1204.0,0.09302325581395349,0.028385952371482608,0.04661195978611832,0.06483796720075402,True,True,True,True,True
2024-12-10 16:00:00,PRD-A,176.0,1223.0,0.1439084219133279,0.028528082240629197,0.04661195978611832,0.06469583733160744,True,True,True,True,True
2024-12-11 00:00:00,PRD-A,146.0,1207.0,0.12096106048053024,0.02840861684542869,0.04661195978611832,0.06481530272680794,True,True,True,True,True
2024-12-11 08:00:00,PRD-A,127.0,1132.0,0.11219081272084806,0.0278152614039579,0.04661195978611832,0.06540865816827873,True,True,True,True,True
2024-12-11 16:00:00,PRD-A,176.0,1176.0,0.14965986394557823,0.02817025246795515,0.04661195978611832,0.06505366710428148,True,True,True,True,True
2024-12-18 00:00:00,PRD-A,72.0,1198.0,0.06010016694490818,0.028340368288412136,0.04661195978611832,0.0648835512838245,False,True,True,True,True
2024-12-18 08:00:00,PRD-A,67.0,1117.0,0.05998209489704566,0.0276894734843221,0.04661195978611832,0.06553444608791453,False,True,True,True,True
2024-12-18 16:00:00,PRD-A,35.0,1258.0,0.02782193958664547,0.028781421038834357,0.04661195978611832,0.06444249853340228,True,True,True,False,True
2024-12-19 00:00:00,PRD-A,61.0,1349.0,0.0452186805040771,0.029393321167522732,0.04661195978611832,0.0638305984047139,False,False,False,False,False
2024-12-19 08:00:00,PRD-A,66.0,1332.0,0.04954954954954955,0.029283790837020325,0.04661195978611832,0.06394012873521632,False,False,False,False,False
2024-12-19 16:00:00,PRD-A,52.0,1257.0,0.04136833731105807,0.02877432995136084,0.04661195978611832,0.0644495896208758,False,False,False,False,False
2024-12-26 00:00:00,PRD-A,67.0,877.0,0.07639680729760548,0.025256693587014274,0.04661195978611832,0.06796722598522237,True,False,False,False,True
2024-12-26 08:00:00,PRD-A,29.0,1321.0,0.02195306585919758,0.02921179435756391,0.04661195978611832,0.06401212521467273,True,False,False,False,True
2024-12-26 16:00:00,PRD-A,49.0,1301.0,0.03766333589546503,0.029078559905017766,0.04661195978611832,0.06414535966721888,False,False,False,False,False
2024-12-27 00:00:00,PRD-A,43.0,1320.0,0.03257575757575758,0.02920520463362816,0.04661195978611832,0.06401871493860847,False,True,False,False,True
2024-12-27 08:00:00,PRD-A,42.0,1294.0,0.03245749613601236,0.029031199680152796,0.04661195978611832,0.06419271989208383,False,True,True,False,True
2024-12-27 16:00:00,PRD-A,45.0,929.0,0.04843918191603875,0.025862971329335682,0.04661195978611832,0.06736094824290095,False,True,True,False,True
2025-01-03 00:00:00,PRD-A,36.0,1273.0,0.028279654359780047,0.02888678263931889,0.04661195978611832,0.06433713693291775,True,True,True,False,True
2025-01-03 08:00:00,PRD-A,28.0,1322.0,0.02118003025718608,0.02921837660309111,0.04661195978611832,0.06400554296914553,True,True,True,False,True
2025-01-03 16:00:00,PRD-A,68.0,1305.0,0.05210727969348659,0.02910545163845376,0.04661195978611832,0.06411846793378287,False,True,False,False,True
2025-01-04 00:00:00,PRD-A,38.0,1278.0,0.0297339593114241,0.02892149028402948,0.04661195978611832,0.06430242928820715,False,True,False,False,True
2025-01-04 08:00:00,PRD-A,67.0,1331.0,0.05033809166040571,0.029277282604321702,0.04661195978611832,0.06394663696791493,False,False,False,False,False
2025-01-04 16:00:00,PRD-A,61.0,1247.0,0.04891740176423416,0.028702950595216888,0.04661195978611832,0.06452096897701975,False,False,False,False,False
2025-01-11 00:00:00,PRD-A,82.0,1176.0,0.06972789115646258,0.02817025246795515,0.04661195978611832,0.06505366710428148,True,False,False,False,True
2025-01-11 08:00:00,PRD-A,87.0,1205.0,0.07219917012448132,0.028393516599828583,0.04661195978611832,0.06483040297240805,True,True,False,False,True
2025-01-11 16:00:00,PRD-A,118.0,1158.0,0.10189982728842832,0.02802747582848248,0.04661195978611832,0.06519644374375416,True,True,False,False,True
2025-01-12 00:00:00,PRD-A,105.0,1183.0,0.08875739644970414,0.028224894683818915,0.04661195978611832,0.06499902488841772,True,True,True,False,True
2025-01-12 08:00:00,PRD-A,114.0,1189.0,0.095878889823381,0.028271346290919486,0.04661195978611832,0.06495257328131715,True,True,True,False,True
2025-01-12 16:00:00,PRD-A,145.0,1101.0,0.13169845594913715,0.027552476319657272,0.04661195978611832,0.06567144325257937,True,True,True,True,True
2025-01-19 00:00:00,PRD-A,59.0,1284.0,0.045950155763239874,0.028962871555912602,0.04661195978611832,0.06426104801632404,False,True,True,False,True
2025-01-19 08:00:00,PRD-A,42.0,1230.0,0.03414634146341464,0.028579613850709347,0.04661195978611832,0.0646443057215273,False,False,False,False,False
2025-01-19 16:00:00,PRD-A,51.0,1253.0,0.040702314445331206,0.028745880762893368,0.04661195978611832,0.06447803880934327,False,False,False,False,False
2025-01-20 00:00:00,PRD-A,42.0,1266.0,0.03317535545023697,0.028837846935856143,0.04661195978611832,0.06438607263638049,False,True,False,False,True
2025-01-20 08:00:00,PRD-A,47.0,1272.0,0.036949685534591194,0.02887981656432141,0.04661195978611832,0.06434410300791522,False,False,False,False,False
2025-01-20 16:00:00,PRD-A,54.0,1228.0,0.043973941368078175,0.028564935504009105,0.04661195978611832,0.06465898406822754,False,False,False,False,False
2025-01-27 00:00:00,PRD-A,57.0,1205.0,0.04730290456431535,0.028393516599828583,0.04661195978611832,0.06483040297240805,False,False,False,False,False
2025-01-27 08:00:00,PRD-A,83.0,1249.0,0.06645316253002402,0.028717295018175947,0.04661195978611832,0.06450662455406068,True,False,False,False,True
2025-01-27 16:00:00,PRD-A,93.0,1215.0,0.07654320987654321,0.028468644520645535,0.04661195978611832,0.0647552750515911,True,True,False,False,True
2025-01-28 00:00:00,PRD-A,82.0,1252.0,0.06549520766773163,0.02873874717146388,0.04661195978611832,0.06448517240077276,True,True,False,False,True
2025-01-28 08:00:00,PRD-A,66.0,1210.0,0.05454545454545454,0.0284311969776768,0.04661195978611832,0.06479272259455984,False,True,True,False,True
2025-01-28 16:00:00,PRD-A,111.0,1162.0,0.09552495697074011,0.028059490467168196,0.04661195978611832,0.06516442910506844,True,True,True,False,True
2025-02-04 00:00:00,PRD-A,72.0,1230.0,0.05853658536585366,0.028579613850709347,0.04661195978611832,0.0646443057215273,False,False,True,False,True
2025-02-04 08:00:00,PRD-A,76.0,1215.0,0.06255144032921811,0.028468644520645535,0.04661195978611832,0.0647552750515911,False,True,True,True,True
2025-02-04 16:00:00,PRD-A,110.0,1189.0,0.09251471825063078,0.028271346290919486,0.04661195978611832,0.06495257328131715,True,True,True,True,True
2025-02-05 00:00:00,PRD-A,70.0,1258.0,0.05564387917329094,0.028781421038834357,0.04661195978611832,0.06444249853340228,False,True,True,True,True
2025-02-05 08:00:00,PRD-A,73.0,1159.0,0.06298533218291631,0.028035495023659564,0.04661195978611832,0.06518842454857707,False,True,True,True,True
2025-02-05 16:00:00,PRD-A,100.0,1188.0,0.08417508417508418,0.028263628801204827,0.04661195978611832,0.06496029077103181,True,True,True,True,True
2025-02-12 00:00:00,PRD-A,53.0,1187.0,0.04465037910699242,0.02825590156102866,0.04661195978611832,0.06496801801120797,False,True,True,False,True
2025-02-12 08:00:00,PRD-A,67.0,1235.0,0.05425101214574899,0.028616153596331857,0.04661195978611832,0.06460776597590479,False,False,True,False,True
2025-02-12 16:00:00,PRD-A,83.0,1212.0,0.06848184818481848,0.028446203800546355,0.04661195978611832,0.06477771577169028,True,False,True,False,True
2025-02-13 00:00:00,PRD-A,62.0,1251.0,0.0495603517186251,0.02873160502827586,0.04661195978611832,0.06449231454396077,False,False,False,False,False
2025-02-13 08:00:00,PRD-A,38.0,995.0,0.03819095477386935,0.0265629353253551,0.04661195978611832,0.06666098424688154,False,False,False,False,False
2025-02-13 16:00:00,PRD-A,37.0,1273.0,0.029065200314218383,0.02888678263931889,0.04661195978611832,0.06433713693291775,False,False,False,False,False
2025-02-20 00:00:00,PRD-A,86.0,1188.0,0.0723905723905724,0.028263628801204827,0.04661195978611832,0.06496029077103181,True,False,False,False,True
2025-02-20 08:00:00,PRD-A,91.0,1242.0,0.07326892109500806,0.028666938073043637,0.04661195978611832,0.064556981499193,True,True,False,False,True
2025-02-20 16:00:00,PRD-A,137.0,1225.0,0.11183673469387755,0.028542850620018257,0.04661195978611832,0.06468106895221838,True,True,False,False,True
2025-02-21 00:00:00,PRD-A,87.0,1034.0,0.08413926499032882,0.02694467000954153,0.04661195978611832,0.0662792495626951,True,True,True,False,True
2025-02-21 08:00:00,PRD-A,45.0,1312.0,0.03429878048780488,0.029152215910895826,0.04661195978611832,0.06407170366134081,False,True,True,False,True
2025-02-21 16:00:00,PRD-A,73.0,1269.0,0.05752561071710008,0.028858868957227873,0.04661195978611832,0.06436505061500876,False,False,True,False,True
2025-02-28 00:00:00,PRD-A,46.0,1262.0,0.03645007923930269,0.028809701054646444,0.04661195978611832,0.06441421851759019,False,False,False,False,False
2025-02-28 08:00:00,PRD-A,42.0,1304.0,0.032208588957055216,0.029098740306734087,0.04661195978611832,0.06412517926550254,False,False,False,False,False
2025-02-28 16:00:00,PRD-A,64.0,1250.0,0.0512,0.02872445431622922,0.04661195978611832,0.06449946525600742,False,False,False,False,False
2025-03-01 00:00:00,PRD-A,47.0,1292.0,0.03637770897832817,0.02901759754263951,0.04661195978611832,0.06420632202959713,False,False,False,False,False
2025-03-01 08:00:00,PRD-A,51.0,1321.0,0.03860711582134747,0.02921179435756391,0.04661195978611832,0.06401212521467273,False,False,True,False,True
2025-03-01 16:00:00,PRD-A,62.0,1255.0,0.04940239043824701,0.028760122358638653,0.04661195978611832,0.06446379721359799,False,False,False,False,False
2025-03-08 00:00:00,PRD-A,47.0,1214.0,0.03871499176276771,0.02846117352371969,0.04661195978611832,0.06476274604851695,False,False,False,False,False
2025-03-08 08:00:00,PRD-A,61.0,1244.0,0.04903536977491962,0.028681369134254363,0.04661195978611832,0.06454255043798227,False,False,False,False,False
2025-03-08 16:00:00,PRD-A,75.0,1217.0,0.06162695152013147,0.028483558880145532,0.04661195978611832,0.0647403606920911,False,False,False,False,False
2025-03-09 00:00:00,PRD-A,67.0,1227.0,0.05460472697636512,0.028557582876170096,0.04661195978611832,0.06466633669606654,False,False,False,False,False
2025-03-09 08:00:00,PRD-A,68.0,1275.0,0.05333333333333334,0.028900690195125808,0.04661195978611832,0.06432322937711082,False,False,False,False,False
2025-03-09 16:00:00,PRD-A,89.0,1185.0,0.0751054852320675,0.02824041774703544,0.04661195978611832,0.0649835018252012,True,False,True,False,True
2025-03-16 00:00:00,PRD-A,61.0,1193.0,0.05113160100586756,0.028302119154030435,0.04661195978611832,0.0649218004182062,False,False,True,False,True
2025-03-16 08:00:00,PRD-A,71.0,1227.0,0.05786471067644662,0.028557582876170096,0.04661195978611832,0.06466633669606654,False,False,True,False,True
2025-03-16 16:00:00,PRD-A,87.0,1158.0,0.07512953367875648,0.02802747582848248,0.04661195978611832,0.06519644374375416,True,False,True,True,True
2025-03-17 00:00:00,PRD-A,72.0,1286.0,0.05598755832037325,0.02897660091484009,0.04661195978611832,0.06424731865739655,False,False,True,True,True
2025-03-17 08:00:00,PRD-A,80.0,1243.0,0.06436041834271923,0.028674157957348373,0.04661195978611832,0.06454976161488826,False,True,True,True,True
2025-03-17 16:00:00,PRD-A,110.0,1198.0,0.09181969949916527,0.028340368288412136,0.04661195978611832,0.0648835512838245,True,True,True,True,True
2025-03-24 00:00:00,PRD-A,68.0,1258.0,0.05405405405405406,0.028781421038834357,0.04661195978611832,0.06444249853340228,False,True,True,True,True
2025-03-24 08:00:00,PRD-A,54.0,1319.0,0.04094010614101592,0.02919860741711216,0.04661195978611832,0.06402531215512447,False,False,True,False,True
2025-03-24 16:00:00,PRD-A,88.0,1246.0,0.07062600321027288,0.028695765435773988,0.04661195978611832,0.06452815413646265,True,False,True,False,True
2025-03-25 00:00:00,PRD-A,75.0,1248.0,0.06009615384615385,0.028710127116919948,0.04661195978611832,0.06451379245531669,False,True,True,False,True
2025-03-25 08:00:00,PRD-A,61.0,1228.0,0.0496742671009772,0.028564935504009105,0.04661195978611832,0.06465898406822754,False,True,False,False,True
2025-03-25 16:00:00,PRD-A,96.0,1201.0,0.07993338884263114,0.02836320302947009,0.04661195978611832,0.06486071654276654,True,True,False,False,True
2025-04-01 00:00:00,PRD-A,53.0,1232.0,0.04301948051948052,0.028594256440160525,0.04661195978611832,0.0646296631320761,False,False,False,False,False
2025-04-01 08:00:00,PRD-A,69.0,1274.0,0.05416012558869702,0.028893740510890924,0.04661195978611832,0.06433017906134571,False,False,False,False,False
2025-04-01 16:00:00,PRD-A,83.0,1239.0,0.06698950766747377,0.028645226000113714,0.04661195978611832,0.06457869357212292,True,False,False,False,True
2025-04-02 00:00:00,PRD-A,66.0,1313.0,0.05026656511805026,0.02915886597545822,0.04661195978611832,0.06406505359677842,False,False,False,False,False
2025-04-02 08:00:00,PRD-A,64.0,1272.0,0.050314465408805034,0.02887981656432141,0.04661195978611832,0.06434410300791522,False,False,False,False,False
2025-04-02 16:00:00,PRD-A,95.0,1201.0,0.0791007493755204,0.02836320302947009,0.04661195978611832,0.06486071654276654,True,False,False,False,True
2025-04-09 00:00:00,PRD-A,51.0,1307.0,0.03902065799540933,0.029118851187411022,0.04661195978611832,0.06410506838482562,False,False,False,False,False
2025-04-09 08:00:00,PRD-A,34.0,1301.0,0.026133743274404306,0.029078559905017766,0.04661195978611832,0.06414535966721888,True,False,False,False,True
2025-04-09 16:00:00,PRD-A,46.0,1251.0,0.03677058353317346,0.02873160502827586,0.04661195978611832,0.06449231454396077,False,False,False,False,False
2025-04-10 00:00:00,PRD-A,36.0,1320.0,0.02727272727272727,0.02920520463362816,0.04661195978611832,0.06401871493860847,True,True,True,False,True
2025-04-10 08:00:00,PRD-A,38.0,1324.0,0.028700906344410877,0.029231518715419347,0.04661195978611832,0.06399240085681729,True,True,True,False,True
2025-04-10 16:00:00,PRD-A,53.0,1271.0,0.041699449252557044,0.028872842269765883,0.04661195978611832,0.06435107730247075,False,True,True,False,True
2025-04-17 00:00:00,PRD-A,37.0,1272.0,0.02908805031446541,0.02887981656432141,0.04661195978611832,0.06434410300791522,False,True,True,False,True
2025-04-17 08:00:00,PRD-A,36.0,1289.0,0.027928626842513578,0.028997135009369977,0.04661195978611832,0.06422678456286665,True,True,True,True,True
2025-04-17 16:00:00,PRD-A,54.0,1217.0,0.04437140509449466,0.028483558880145532,0.04661195978611832,0.0647403606920911,False,True,False,True,True
2025-04-18 00:00:00,PRD-A,52.0,1305.0,0.03984674329501916,0.02910545163845376,0.04661195978611832,0.06411846793378287,False,False,False,True,True
2025-04-18 08:00:00,PRD-A,42.0,1289.0,0.032583397982932506,0.028997135009369977,0.04661195978611832,0.06422678456286665,False,False,True,True,True
2025-04-18 16:00:00,PRD-A,44.0,1243.0,0.035398230088495575,0.028674157957348373,0.04661195978611832,0.06454976161488826,False,False,True,True,True
2025-04-25 00:00:00,PRD-A,71.0,1264.0,0.05617088607594937,0.02882379069573896,0.04661195978611832,0.06440012887649768,False,False,False,False,False
2025-04-25 08:00:00,PRD-A,49.0,1303.0,0.03760552570990023,0.029092021250480986,0.04661195978611832,0.06413189832175564,False,False,True,False,True
2025-04-25 16:00:00,PRD-A,63.0,1250.0,0.0504,0.02872445431622922,0.04661195978611832,0.06449946525600742,False,False,False,False,False
2025-04-26 00:00:00,PRD-A,39.0,1293.0,0.030162412993039442,0.02902440255633187,0.04661195978611832,0.06419951701590476,False,False,False,False,False
2025-04-26 08:00:00,PRD-A,49.0,1310.0,0.03740458015267176,0.02913889294529809,0.04661195978611832,0.06408502662693855,False,False,False,False,False
2025-04-26 16:00:00,PRD-A,69.0,1266.0,0.054502369668246446,0.028837846935856143,0.04661195978611832,0.06438607263638049,False,False,False,False,False
2025-05-03 00:00:00,PRD-A,161.0,1152.0,0.13975694444444445,0.027979141588317175,0.04661195978611832,0.06524477798391946,True,False,False,False,True
2025-05-03 08:00:00,PRD-A,107.0,766.0,0.13968668407310705,0.023761738971468598,0.04661195978611832,0.06946218060076803,True,True,False,False,True
2025-05-03 16:00:00,PRD-A,88.0,1255.0,0.0701195219123506,0.028760122358638653,0.04661195978611832,0.06446379721359799,True,True,True,False,True
2025-05-04 00:00:00,PRD-A,124.0,1337.0,0.09274495138369485,0.029316222400071264,0.04661195978611832,0.06390769717216538,True,True,True,False,True
2025-05-04 08:00:00,PRD-A,67.0,1235.0,0.05425101214574899,0.028616153596331857,0.04661195978611832,0.06460776597590479,False,True,True,False,True
2025-05-04 16:00:00,PRD-A,121.0,1312.0,0.09222560975609756,0.029152215910895826,0.04661195978611832,0.06407170366134081,True,True,True,False,True
2025-05-11 00:00:00,PRD-A,55.0,1177.0,0.04672897196261682,0.028178088332901273,0.04661195978611832,0.06504583123933536,False,False,True,True,True
2025-05-11 08:00:00,PRD-A,36.0,1088.0,0.03308823529411765,0.027438948037275392,0.04661195978611832,0.06578497153496124,False,False,False,False,False
2025-05-11 16:00:00,PRD-A,39.0,1286.0,0.030326594090202177,0.02897660091484009,0.04661195978611832,0.06424731865739655,False,True,False,False,True
2025-05-12 00:00:00,PRD-A,45.0,1381.0,0.03258508327299059,0.029593982221058454,0.04661195978611832,0.06362993735117818,False,True,False,False,True
2025-05-12 08:00:00,PRD-A,33.0,1326.0,0.024886877828054297,0.029244631083238836,0.04661195978611832,0.0639792884889978,True,True,True,False,True
2025-05-12 16:00:00,PRD-A,37.0,1268.0,0.02917981072555205,0.028851869906757307,0.04661195978611832,0.06437204966547933,False,True,True,False,True
2025-05-19 00:00:00,PRD-A,38.0,1233.0,0.030819140308191405,0.028601564371244333,0.04661195978611832,0.0646223552009923,False,True,True,False,True
2025-05-19 08:00:00,PRD-A,51.0,1302.0,0.03917050691244239,0.02908529445486524,0.04661195978611832,0.0641386251173714,False,True,True,False,True
2025-05-19 16:00:00,PRD-A,57.0,1274.0,0.044740973312401885,0.028893740510890924,0.04661195978611832,0.06433017906134571,False,False,True,True,True
2025-05-20 00:00:00,PRD-A,50.0,1257.0,0.03977724741447892,0.02877432995136084,0.04661195978611832,0.0644495896208758,False,False,True,True,True
2025-05-20 08:00:00,PRD-A,53.0,1247.0,0.042502004811547714,0.028702950595216888,0.04661195978611832,0.06452096897701975,False,False,False,True,True
2025-05-20 16:00:00,PRD-A,73.0,1199.0,0.060884070058381985,0.028347989390515395,0.04661195978611832,0.06487593018172125,False,False,False,False,False
2025-05-27 00:00:00,PRD-A,70.0,1284.0,0.05451713395638629,0.028962871555912602,0.04661195978611832,0.06426104801632404,False,False,False,False,False
2025-05-27 08:00:00,PRD-A,37.0,1281.0,0.02888368462138954,0.028942217261858208,0.04661195978611832,0.06428170231037843,True,False,False,False,True
2025-05-27 16:00:00,PRD-A,66.0,1255.0,0.05258964143426295,0.028760122358638653,0.04661195978611832,0.06446379721359799,False,False,False,False,False
2025-05-28 00:00:00,PRD-A,47.0,1255.0,0.03745019920318725,0.028760122358638653,0.04661195978611832,0.06446379721359799,False,False,False,False,False
2025-05-28 08:00:00,PRD-A,65.0,1285.0,0.05058365758754864,0.028969740241998852,0.04661195978611832,0.06425417933023778,False,False,False,False,False
2025-05-28 16:00:00,PRD-A,75.0,1243.0,0.06033789219629927,0.028674157957348373,0.04661195978611832,0.06454976161488826,False,False,False,False,False
2025-06-04 00:00:00,PRD-A,51.0,1265.0,0.04031620553359684,0.028830822982667422,0.04661195978611832,0.06439309658956921,False,False,False,False,False
2025-06-04 08:00:00,PRD-A,52.0,1240.0,0.041935483870967745,0.028652472112038196,0.04661195978611832,0.06457144746019844,False,False,False,False,False
2025-06-04 16:00:00,PRD-A,87.0,1207.0,0.07207953603976802,0.02840861684542869,0.04661195978611832,0.06481530272680794,True,False,False,False,True
2025-06-05 00:00:00,PRD-A,60.0,1247.0,0.048115477145148355,0.028702950595216888,0.04661195978611832,0.06452096897701975,False,False,False,False,False
2025-06-05 08:00:00,PRD-A,73.0,1218.0,0.05993431855500821,0.02849100228054388,0.04661195978611832,0.06473291729169275,False,True,False,False,True
2025-06-05 16:00:00,PRD-A,81.0,1189.0,0.06812447434819176,0.028271346290919486,0.04661195978611832,0.06495257328131715,True,True,False,False,True
2025-06-12 00:00:00,PRD-A,65.0,1148.0,0.05662020905923345,0.027946708459859085,0.04661195978611832,0.06527721111237755,False,True,True,False,True
2025-06-12 08:00:00,PRD-A,64.0,1247.0,0.05132317562149158,0.028702950595216888,0.04661195978611832,0.06452096897701975,False,False,False,False,False
2025-06-12 16:00:00,PRD-A,83.0,1175.0,0.07063829787234042,0.028162406601904322,0.04661195978611832,0.06506151297033232,True,False,True,False,True
2025-06-13 00:00:00,PRD-A,74.0,1156.0,0.06401384083044982,0.02801140623278002,0.04661195978611832,0.06521251333945662,False,True,True,True,True
2025-06-13 08:00:00,PRD-A,60.0,1218.0,0.04926108374384237,0.02849100228054388,0.04661195978611832,0.06473291729169275,False,True,False,True,True
2025-06-13 16:00:00,PRD-A,89.0,1138.0,0.07820738137082602,0.027864878820154267,0.04661195978611832,0.06535904075208238,True,True,False,True,True
2025-06-20 00:00:00,PRD-A,72.0,1191.0,0.060453400503778336,0.028286752100857928,0.04661195978611832,0.0649371674713787,False,True,True,True,True
2025-06-20 08:00:00,PRD-A,61.0,1152.0,0.05295138888888889,0.027979141588317175,0.04661195978611832,0.06524477798391946,False,True,True,True,True
2025-06-20 16:00:00,PRD-A,92.0,1192.0,0.07718120805369127,0.02829444046187821,0.04661195978611832,0.06492947911035843,True,True,True,True,True
2025-06-21 00:00:00,PRD-A,76.0,1196.0,0.06354515050167224,0.028325097419471798,0.04661195978611832,0.06489882215276484,False,True,True,True,True
2025-06-21 08:00:00,PRD-A,70.0,1220.0,0.05737704918032787,0.028505861616790716,0.04661195978611832,0.06471805795544591,False,True,True,True,True
2025-06-21 16:00:00,PRD-A,129.0,1115.0,0.11569506726457399,0.02767251024801389,0.04661195978611832,0.06555140932422274,True,True,True,True,True
2025-06-28 00:00:00,PRD-A,52.0,1290.0,0.040310077519379844,0.029003963784496437,0.04661195978611832,0.0642199557877402,False,False,True,False,True
2025-06-28 08:00:00,PRD-A,59.0,1331.0,0.04432757325319309,0.029277282604321702,0.04661195978611832,0.06394663696791493,False,False,False,False,False
2025-06-28 16:00:00,PRD-A,45.0,1273.0,0.03534956794972506,0.02888678263931889,0.04661195978611832,0.06433713693291775,False,False,False,False,False
2025-06-29 00:00:00,PRD-A,46.0,1300.0,0.03538461538461538,0.029071817586029437,0.04661195978611832,0.0641521019862072,False,False,False,False,False
2025-06-29 08:00:00,PRD-A,32.0,1314.0,0.0243531202435312,0.02916550844717765,0.04661195978611832,0.06405841112505899,True,False,True,False,True
2025-06-29 16:00:00,PRD-A,101.0,1331.0,0.07588279489105935,0.029277282604321702,0.04661195978611832,0.06394663696791493,True,False,False,False,True
2024-01-07 00:00:00,PRD-A,46.0,1213.0,0.03792250618301731,0.028453693290036226,0.04661195978611832,0.06477022628220042,False,False,True,False,True
2024-01-07 08:00:00,PRD-A,41.0,1256.0,0.03264331210191083,0.028767230396916643,0.04661195978611832,0.06445668917531999,False,False,True,False,True
2024-01-07 16:00:00,PRD-A,70.0,1276.0,0.054858934169279,0.028907631708067708,0.04661195978611832,0.06431628786416893,False,False,False,False,False
2024-01-08 00:00:00,PRD-A,55.0,1247.0,0.044105854049719326,0.028702950595216888,0.04661195978611832,0.06452096897701975,False,False,False,False,False
2024-01-08 08:00:00,PRD-A,49.0,1256.0,0.03901273885350318,0.028767230396916643,0.04661195978611832,0.06445668917531999,False,False,False,False,False
2024-01-08 16:00:00,PRD-A,65.0,1187.0,0.05475989890480202,0.02825590156102866,0.04661195978611832,0.06496801801120797,False,False,False,False,False
2024-01-15 00:00:00,PRD-A,34.0,1259.0,0.027005559968228753,0.02878850367615343,0.04661195978611832,0.0644354158960832,True,False,False,False,True
2024-01-15 08:00:00,PRD-A,39.0,1255.0,0.031075697211155377,0.028760122358638653,0.04661195978611832,0.06446379721359799,False,True,False,False,True
2024-01-15 16:00:00,PRD-A,59.0,1208.0,0.048841059602649006,0.028416152901616153,0.04661195978611832,0.06480776667062048,False,True,False,False,True
2024-01-16 00:00:00,PRD-A,46.0,1257.0,0.03659506762132061,0.02877432995136084,0.04661195978611832,0.0644495896208758,False,False,False,False,False
2024-01-16 08:00:00,PRD-A,39.0,1276.0,0.030564263322884012,0.028907631708067708,0.04661195978611832,0.06431628786416893,False,False,True,False,True
2024-01-16 16:00:00,PRD-A,55.0,1200.0,0.04583333333333333,0.02835560096425526,0.04661195978611832,0.06486831860798137,False,False,False,False,False
2024-01-23 00:00:00,PRD-A,53.0,1323.0,0.0400604686318972,0.02922495138434398,0.04661195978611832,0.06399896818789266,False,False,False,False,False
2024-01-23 08:00:00,PRD-A,36.0,1350.0,0.02666666666666667,0.029399699622499362,0.04661195978611832,0.06382421994973728,True,False,True,False,True
2024-01-23 16:00:00,PRD-A,38.0,1299.0,0.029253271747498075,0.02906506748295097,0.04661195978611832,0.06415885208928566,False,True,True,False,True
2024-01-24 00:00:00,PRD-A,20.0,1303.0,0.015349194167306216,0.029092021250480986,0.04661195978611832,0.06413189832175564,True,True,True,False,True
2024-01-24 08:00:00,PRD-A,28.0,1300.0,0.021538461538461538,0.029071817586029437,0.04661195978611832,0.0641521019862072,True,True,True,True,True
2024-01-24 16:00:00,PRD-A,38.0,1275.0,0.02980392156862745,0.028900690195125808,0.04661195978611832,0.06432322937711082,False,True,True,True,True
2024-01-31 00:00:00,PRD-A,57.0,1278.0,0.04460093896713615,0.02892149028402948,0.04661195978611832,0.06430242928820715,False,True,True,True,True
2024-01-31 08:00:00,PRD-A,27.0,1309.0,0.020626432391138275,0.02913222001519391,0.04661195978611832,0.06409169955704272,True,True,True,True,True
2024-01-31 16:00:00,PRD-A,47.0,1240.0,0.03790322580645161,0.028652472112038196,0.04661195978611832,0.06457144746019844,False,False,True,True,True
2024-02-01 00:00:00,PRD-A,19.0,1061.0,0.017907634307257305,0.027196526179596524,0.04661195978611832,0.0660273933926401,True,True,True,True,True
2024-02-01 08:00:00,PRD-A,22.0,1263.0,0.01741884402216944,0.028816750058578096,0.04661195978611832,0.06440716951365855,True,True,True,True,True
2024-02-01 16:00:00,PRD-A,42.0,1315.0,0.03193916349809886,0.029172143340491917,0.04661195978611832,0.06405177623174471,False,True,True,True,True
2024-02-08 00:00:00,PRD-A,43.0,1200.0,0.035833333333333335,0.02835560096425526,0.04661195978611832,0.06486831860798137,False,True,True,True,True
2024-02-08 08:00:00,PRD-A,44.0,1256.0,0.03503184713375796,0.028767230396916643,0.04661195978611832,0.06445668917531999,False,False,True,True,True
2024-02-08 16:00:00,PRD-A,63.0,1209.0,0.052109181141439205,0.028423679605923506,0.04661195978611832,0.06480023996631312,False,False,True,False,True
2024-02-09 00:00:00,PRD-A,49.0,1265.0,0.03873517786561265,0.028830822982667422,0.04661195978611832,0.06439309658956921,False,False,True,False,True
2024-02-09 08:00:00,PRD-A,52.0,1250.0,0.0416,0.02872445431622922,0.04661195978611832,0.06449946525600742,False,False,False,False,False
2024-02-09 16:00:00,PRD-A,74.0,1238.0,0.05977382875605816,0.028637971110342574,0.04661195978611832,0.06458594846189405,False,False,False,False,False
2024-02-16 00:00:00,PRD-A,44.0,1251.0,0.035171862509992005,0.02873160502827586,0.04661195978611832,0.06449231454396077,False,False,False,False,False
2024-02-16 08:00:00,PRD-A,37.0,1246.0,0.02969502407704655,0.028695765435773988,0.04661195978611832,0.06452815413646265,False,False,False,False,False
2024-02-16 16:00:00,PRD-A,47.0,1196.0,0.039297658862876256,0.028325097419471798,0.04661195978611832,0.06489882215276484,False,False,False,False,False
2024-02-17 00:00:00,PRD-A,55.0,1245.0,0.04417670682730924,0.028688571621249864,0.04661195978611832,0.06453534795098677,False,False,False,False,False
2024-02-17 08:00:00,PRD-A,51.0,1245.0,0.04096385542168675,0.028688571621249864,0.04661195978611832,0.06453534795098677,False,False,False,False,False
2024-02-17 16:00:00,PRD-A,69.0,1222.0,0.05646481178396072,0.02852068445854619,0.04661195978611832,0.06470323511369044,False,False,False,False,False
2024-02-24 00:00:00,PRD-A,29.0,1226.0,0.02365415986949429,0.028550221254290294,0.04661195978611832,0.06467369831794634,True,False,False,False,True
2024-02-24 08:00:00,PRD-A,31.0,1299.0,0.02386451116243264,0.02906506748295097,0.04661195978611832,0.06415885208928566,True,True,False,False,True
2024-02-24 16:00:00,PRD-A,47.0,1309.0,0.03590527119938885,0.02913222001519391,0.04661195978611832,0.06409169955704272,False,True,False,False,True
2024-02-25 00:00:00,PRD-A,38.0,1288.0,0.029503105590062112,0.02899029828302028,0.04661195978611832,0.06423362128921636,False,True,True,False,True
2024-02-25 08:00:00,PRD-A,26.0,1308.0,0.019877675840978593,0.02912553943410883,0.04661195978611832,0.0640983801381278,True,True,True,False,True
2024-02-25 16:00:00,PRD-A,47.0,1223.0,0.038430089942763694,0.028528082240629197,0.04661195978611832,0.06469583733160744,False,True,True,False,True
2024-03-03 00:00:00,PRD-A,32.0,1241.0,0.0257856567284448,0.028659709463802596,0.04661195978611832,0.06456421010843404,True,True,True,False,True
2024-03-03 08:00:00,PRD-A,34.0,1257.0,0.027048528241845664,0.02877432995136084,0.04661195978611832,0.0644495896208758,True,True,True,True,True
2024-03-03 16:00:00,PRD-A,104.0,1216.0,0.08552631578947369,0.028476106299807707,0.04661195978611832,0.06474781327242893,True,True,True,False,True
2024-03-04 00:00:00,PRD-A,71.0,1251.0,0.05675459632294165,0.02873160502827586,0.04661195978611832,0.06449231454396077,False,False,False,False,False
2024-03-04 08:00:00,PRD-A,88.0,1262.0,0.06973058637083994,0.028809701054646444,0.04661195978611832,0.06441421851759019,True,True,False,False,True
2024-03-04 16:00:00,PRD-A,133.0,1229.0,0.10821806346623271,0.02857227915610649,0.04661195978611832,0.06465164041613014,True,True,True,False,True
2024-03-11 00:00:00,PRD-A,68.0,1208.0,0.056291390728476824,0.028416152901616153,0.04661195978611832,0.06480776667062048,False,True,True,False,True
2024-03-11 08:00:00,PRD-A,40.0,1249.0,0.032025620496397116,0.028717295018175947,0.04661195978611832,0.06450662455406068,False,False,True,False,True
2024-03-11 16:00:00,PRD-A,51.0,1151.0,0.044309296264118156,0.027971049158750934,0.04661195978611832,0.06525287041348571,False,False,False,False,False
2024-03-12 00:00:00,PRD-A,47.0,1219.0,0.03855619360131255,0.028498436519833407,0.04661195978611832,0.06472548305240322,False,False,False,False,False
2024-03-12 08:00:00,PRD-A,69.0,1262.0,0.05467511885895404,0.028809701054646444,0.04661195978611832,0.06441421851759019,False,False,False,False,False
2024-03-12 16:00:00,PRD-A,71.0,1147.0,0.06190061028770706,0.02793857368007595,0.04661195978611832,0.06528534589216069,False,False,False,False,False
2024-03-19 00:00:00,PRD-A,36.0,1126.0,0.03197158081705151,0.027765247927399834,0.04661195978611832,0.0654586716448368,False,False,False,False,False
2024-03-19 08:00:00,PRD-A,43.0,1266.0,0.0339652448657188,0.028837846935856143,0.04661195978611832,0.06438607263638049,False,True,False,False,True
2024-03-19 16:00:00,PRD-A,61.0,1210.0,0.050413223140495865,0.0284311969776768,0.04661195978611832,0.06479272259455984,False,True,False,False,True
2024-03-20 00:00:00,PRD-A,46.0,1217.0,0.03779786359901397,0.028483558880145532,0.04661195978611832,0.0647403606920911,False,False,False,False,False
2024-03-20 08:00:00,PRD-A,65.0,1234.0,0.0526742301458671,0.028608863417304935,0.04661195978611832,0.0646150561549317,False,False,False,False,False
2024-03-20 16:00:00,PRD-A,87.0,1196.0,0.07274247491638795,0.028325097419471798,0.04661195978611832,0.06489882215276484,True,False,False,False,True
2024-03-27 00:00:00,PRD-A,22.0,1278.0,0.017214397496087636,0.02892149028402948,0.04661195978611832,0.06430242928820715,True,False,False,False,True
2024-03-27 08:00:00,PRD-A,48.0,1322.0,0.036308623298033284,0.02921837660309111,0.04661195978611832,0.06400554296914553,False,False,False,False,False
2024-03-27 16:00:00,PRD-A,46.0,1303.0,0.035303146584804296,0.029092021250480986,0.04661195978611832,0.06413189832175564,False,False,False,False,False
2024-03-28 00:00:00,PRD-A,21.0,1281.0,0.01639344262295082,0.028942217261858208,0.04661195978611832,0.06428170231037843,True,False,True,False,True
2024-03-28 08:00:00,PRD-A,37.0,1246.0,0.02969502407704655,0.028695765435773988,0.04661195978611832,0.06452815413646265,False,True,True,False,True
2024-03-28 16:00:00,PRD-A,37.0,1269.0,0.029156816390858944,0.028858868957227873,0.04661195978611832,0.06436505061500876,False,True,True,False,True
2024-04-04 00:00:00,PRD-A,39.0,1182.0,0.03299492385786802,0.028217118381884333,0.04661195978611832,0.0650068011903523,False,True,True,False,True
2024-04-04 08:00:00,PRD-A,48.0,1218.0,0.03940886699507389,0.02849100228054388,0.04661195978611832,0.06473291729169275,False,True,True,True,True
2024-04-04 16:00:00,PRD-A,88.0,1251.0,0.07034372501998401,0.02873160502827586,0.04661195978611832,0.06449231454396077,True,False,True,False,True
2024-04-05 00:00:00,PRD-A,43.0,1251.0,0.03437250199840128,0.02873160502827586,0.04661195978611832,0.06449231454396077,False,False,True,False,True
2024-04-05 08:00:00,PRD-A,51.0,1198.0,0.04257095158597663,0.028340368288412136,0.04661195978611832,0.0648835512838245,False,False,False,False,False
2024-04-05 16:00:00,PRD-A,73.0,1068.0,0.06835205992509363,0.02726025813830807,0.04661195978611832,0.06596366143392857,True,False,False,False,True
2024-04-12 00:00:00,PRD-A,38.0,1219.0,0.031173092698933553,0.028498436519833407,0.04661195978611832,0.06472548305240322,False,False,False,False,False
2024-04-12 08:00:00,PRD-A,28.0,1289.0,0.021722265321955005,0.028997135009369977,0.04661195978611832,0.06422678456286665,True,True,False,False,True
2024-04-12 16:00:00,PRD-A,41.0,1247.0,0.03287890938251804,0.028702950595216888,0.04661195978611832,0.06452096897701975,False,True,False,False,True
2024-04-13 00:00:00,PRD-A,36.0,1284.0,0.028037383177570093,0.028962871555912602,0.04661195978611832,0.06426104801632404,True,True,True,False,True
2024-04-13 08:00:00,PRD-A,28.0,1033.0,0.027105517909002903,0.026935152810931482,0.04661195978611832,0.06628876676130516,False,True,True,False,True
2024-04-13 16:00:00,PRD-A,35.0,1296.0,0.02700617283950617,0.029044770319076596,0.04661195978611832,0.06417914925316004,True,True,True,False,True
2024-04-20 00:00:00,PRD-A,39.0,1237.0,0.03152789005658852,0.028630707424988164,0.04661195978611832,0.06459321214724847,False,True,True,False,True
2024-04-20 08:00:00,PRD-A,30.0,911.0,0.03293084522502744,0.025658989476756308,0.04661195978611832,0.06756493009548033,False,True,True,True,True
2024-04-20 16:00:00,PRD-A,32.0,1271.0,0.025177025963808025,0.028872842269765883,0.04661195978611832,0.06435107730247075,True,True,True,True,True
2024-04-21 00:00:00,PRD-A,31.0,1336.0,0.023203592814371257,0.029309750655266274,0.04661195978611832,0.06391416891697035,True,True,True,True,True
2024-04-21 08:00:00,PRD-A,19.0,1260.0,0.01507936507936508,0.028795577880087565,0.04661195978611832,0.06442834169214907,True,True,True,True,True
2024-04-21 16:00:00,PRD-A,31.0,1280.0,0.02421875,0.0289353163662527,0.04661195978611832,0.06428860320598394,True,True,True,True,True
2024-04-28 00:00:00,PRD-A,31.0,1251.0,0.02478017585931255,0.02873160502827586,0.04661195978611832,0.06449231454396077,True,True,True,True,True
2024-04-28 08:00:00,PRD-A,51.0,1353.0,0.037694013303769404,0.029418792540371046,0.04661195978611832,0.06380512703186558,False,True,True,True,True
2024-04-28 16:00:00,PRD-A,41.0,1253.0,0.03272146847565842,0.028745880762893368,0.04661195978611832,0.06447803880934327,False,True,True,True,True
2024-04-29 00:00:00,PRD-A,25.0,910.0,0.027472527472527472,0.025647480016778572,0.04661195978611832,0.06757643955545806,False,True,True,True,True
2024-04-29 08:00:00,PRD-A,23.0,1307.0,0.017597551644988524,0.029118851187411022,0.04661195978611832,0.06410506838482562,True,True,True,True,True
2024-04-29 16:00:00,PRD-A,49.0,1313.0,0.037319116527037316,0.02915886597545822,0.04661195978611832,0.06406505359677842,False,True,True,True,True
2024-05-06 00:00:00,PRD-A,28.0,1257.0,0.022275258552108195,0.02877432995136084,0.04661195978611832,0.0644495896208758,True,True,True,True,True
2024-05-06 08:00:00,PRD-A,46.0,1272.0,0.036163522012578615,0.02887981656432141,0.04661195978611832,0.06434410300791522,False,False,True,True,True
2024-05-06 16:00:00,PRD-A,66.0,1214.0,0.054365733113673806,0.02846117352371969,0.04661195978611832,0.06476274604851695,False,False,True,False,True
2024-05-07 00:00:00,PRD-A,46.0,1209.0,0.0380479735318445,0.028423679605923506,0.04661195978611832,0.06480023996631312,False,False,True,False,True
2024-05-07 08:00:00,PRD-A,49.0,1249.0,0.03923138510808647,0.028717295018175947,0.04661195978611832,0.06450662455406068,False,False,True,False,True
2024-05-07 16:00:00,PRD-A,75.0,1222.0,0.06137479541734861,0.02852068445854619,0.04661195978611832,0.06470323511369044,False,False,False,False,False
2024-05-14 00:00:00,PRD-A,68.0,1264.0,0.05379746835443038,0.02882379069573896,0.04661195978611832,0.06440012887649768,False,False,False,False,False
2024-05-14 08:00:00,PRD-A,73.0,1267.0,0.05761641673243883,0.028844862571752207,0.04661195978611832,0.06437905700048444,False,False,False,False,False
2024-05-14 16:00:00,PRD-A,97.0,1240.0,0.07822580645161291,0.028652472112038196,0.04661195978611832,0.06457144746019844,True,False,True,False,True
2024-05-15 00:00:00,PRD-A,67.0,1230.0,0.05447154471544716,0.028579613850709347,0.04661195978611832,0.0646443057215273,False,False,True,False,True
2024-05-15 08:00:00,PRD-A,58.0,1237.0,0.04688763136620857,0.028630707424988164,0.04661195978611832,0.06459321214724847,False,False,True,False,True
2024-05-15 16:00:00,PRD-A,101.0,1181.0,0.0855207451312447,0.028209332205279894,0.04661195978611832,0.06501458736695674,True,False,True,False,True
2024-05-22 00:00:00,PRD-A,54.0,1187.0,0.04549283909014322,0.02825590156102866,0.04661195978611832,0.06496801801120797,False,False,False,False,False
2024-05-22 08:00:00,PRD-A,35.0,813.0,0.04305043050430504,0.02443206338580603,0.04661195978611832,0.0687918561864306,False,False,False,False,False
2024-05-22 16:00:00,PRD-A,34.0,1288.0,0.026397515527950312,0.02899029828302028,0.04661195978611832,0.06423362128921636,True,False,False,False,True
2024-05-23 00:00:00,PRD-A,20.0,1200.0,0.016666666666666666,0.02835560096425526,0.04661195978611832,0.06486831860798137,True,True,False,False,True
2024-05-23 08:00:00,PRD-A,32.0,1316.0,0.0243161094224924,0.029178770669800437,0.04661195978611832,0.0640451489024362,True,True,False,False,True
2024-05-23 16:00:00,PRD-A,38.0,1261.0,0.03013481363996828,0.028802643667359712,0.04661195978611832,0.06442127590487692,False,True,True,False,True
2024-05-30 00:00:00,PRD-A,32.0,1251.0,0.025579536370903277,0.02873160502827586,0.04661195978611832,0.06449231454396077,True,True,True,False,True
2024-05-30 08:00:00,PRD-A,31.0,1311.0,0.02364607170099161,0.029145558239014123,0.04661195978611832,0.0640783613332225,True,True,True,True,True
2024-05-30 16:00:00,PRD-A,58.0,1240.0,0.0467741935483871,0.028652472112038196,0.04661195978611832,0.06457144746019844,False,True,True,False,True
2024-05-31 00:00:00,PRD-A,52.0,1231.0,0.04224207961007311,0.028586939606012857,0.04661195978611832,0.06463697996622378,False,False,False,False,False
2024-05-31 08:00:00,PRD-A,44.0,1277.0,0.03445575567736883,0.028914565065716817,0.04661195978611832,0.06430935450651981,False,False,False,False,False
2024-05-31 16:00:00,PRD-A,52.0,1175.0,0.04425531914893617,0.028162406601904322,0.04661195978611832,0.06506151297033232,False,False,False,False,False
2024-06-07 00:00:00,PRD-A,30.0,1234.0,0.024311183144246355,0.028608863417304935,0.04661195978611832,0.0646150561549317,True,True,False,False,True
2024-06-07 08:00:00,PRD-A,36.0,1287.0,0.027972027972027972,0.02898345359000508,0.04661195978611832,0.06424046598223156,True,True,False,False,True
2024-06-07 16:00:00,PRD-A,49.0,937.0,0.052294557097118465,0.02595173746237427,0.04661195978611832,0.06727218210986237,False,True,False,False,True
2024-06-08 00:00:00,PRD-A,22.0,1326.0,0.016591251885369532,0.029244631083238836,0.04661195978611832,0.0639792884889978,True,True,False,False,True
2024-06-08 08:00:00,PRD-A,16.0,1279.0,0.012509773260359656,0.028928407378918386,0.04661195978611832,0.06429551219331825,True,True,True,False,True
2024-06-08 16:00:00,PRD-A,37.0,1292.0,0.02863777089783282,0.02901759754263951,0.04661195978611832,0.06420632202959713,True,True,True,False,True
2024-06-15 00:00:00,PRD-A,57.0,1203.0,0.04738154613466334,0.028378378713389416,0.04661195978611832,0.06484554085884722,False,True,False,False,True
2024-06-15 08:00:00,PRD-A,49.0,1251.0,0.03916866506794564,0.02873160502827586,0.04661195978611832,0.06449231454396077,False,False,True,False,True
2024-06-15 16:00:00,PRD-A,91.0,1170.0,0.07777777777777778,0.028123026507612413,0.04661195978611832,0.06510089306462422,True,False,False,False,True
2024-06-16 00:00:00,PRD-A,53.0,865.0,0.06127167630057803,0.02510907478223254,0.04661195978611832,0.0681148447900041,False,True,False,False,True
2024-06-16 08:00:00,PRD-A,42.0,1310.0,0.03206106870229008,0.02913889294529809,0.04661195978611832,0.06408502662693855,False,True,False,False,True
2024-06-16 16:00:00,PRD-A,30.0,1288.0,0.023291925465838508,0.02899029828302028,0.04661195978611832,0.06423362128921636,True,True,False,False,True
2024-06-23 00:00:00,PRD-A,59.0,1205.0,0.04896265560165975,0.028393516599828583,0.04661195978611832,0.06483040297240805,False,True,False,False,True
2024-06-23 08:00:00,PRD-A,80.0,1242.0,0.0644122383252818,0.028666938073043637,0.04661195978611832,0.064556981499193,False,False,False,False,False
2024-06-23 16:00:00,PRD-A,83.0,1193.0,0.06957250628667226,0.028302119154030435,0.04661195978611832,0.0649218004182062,True,True,False,False,True
2024-06-24 00:00:00,PRD-A,69.0,1167.0,0.05912596401028278,0.028099277065222843,0.04661195978611832,0.06512464250701379,False,True,False,False,True
2024-06-24 08:00:00,PRD-A,67.0,1155.0,0.05800865800865801,0.028003355787238268,0.04661195978611832,0.06522056378499837,False,True,True,False,True
2024-06-24 16:00:00,PRD-A,105.0,1178.0,0.08913412563667232,0.02818591421797196,0.04661195978611832,0.06503800535426468,True,True,True,False,True
2024-07-01 00:00:00,PRD-A,28.0,1040.0,0.026923076923076925,0.02700148463891259,0.04661195978611832,0.06622243493332405,True,False,True,False,True
2024-07-01 08:00:00,PRD-A,37.0,1324.0,0.027945619335347432,0.029231518715419347,0.04661195978611832,0.06399240085681729,True,True,False,False,True
2024-07-01 16:00:00,PRD-A,65.0,1265.0,0.05138339920948617,0.028830822982667422,0.04661195978611832,0.06439309658956921,False,True,False,False,True
2024-07-02 00:00:00,PRD-A,54.0,1276.0,0.04231974921630094,0.028907631708067708,0.04661195978611832,0.06431628786416893,False,False,False,False,False
2024-07-02 08:00:00,PRD-A,44.0,1306.0,0.033690658499234305,0.029112155260429453,0.04661195978611832,0.06411176431180718,False,False,False,False,False
2024-07-02 16:00:00,PRD-A,62.0,1261.0,0.04916732751784298,0.028802643667359712,0.04661195978611832,0.06442127590487692,False,False,False,False,False
2024-07-09 00:00:00,PRD-A,39.0,1185.0,0.03291139240506329,0.02824041774703544,0.04661195978611832,0.0649835018252012,False,True,False,False,True
2024-07-09 08:00:00,PRD-A,42.0,1197.0,0.03508771929824561,0.02833273763804913,0.04661195978611832,0.0648911819341875,False,False,False,False,False
2024-07-09 16:00:00,PRD-A,60.0,1207.0,0.04971002485501243,0.02840861684542869,0.04661195978611832,0.06481530272680794,False,False,False,False,False
2024-07-10 00:00:00,PRD-A,64.0,1266.0,0.05055292259083728,0.028837846935856143,0.04661195978611832,0.06438607263638049,False,False,False,False,False
2024-07-10 08:00:00,PRD-A,56.0,1231.0,0.045491470349309504,0.028586939606012857,0.04661195978611832,0.06463697996622378,False,False,False,False,False
2024-07-10 16:00:00,PRD-A,88.0,1234.0,0.0713128038897893,0.028608863417304935,0.04661195978611832,0.0646150561549317,True,False,False,False,True
2024-07-17 00:00:00,PRD-A,48.0,1196.0,0.04013377926421405,0.028325097419471798,0.04661195978611832,0.06489882215276484,False,False,False,False,False
2024-07-17 08:00:00,PRD-A,45.0,1240.0,0.036290322580645164,0.028652472112038196,0.04661195978611832,0.06457144746019844,False,False,False,False,False
2024-07-17 16:00:00,PRD-A,79.0,1204.0,0.06561461794019934,0.028385952371482608,0.04661195978611832,0.06483796720075402,True,False,False,False,True
2024-07-18 00:00:00,PRD-A,56.0,1217.0,0.04601479046836483,0.028483558880145532,0.04661195978611832,0.0647403606920911,False,False,False,False,False
2024-07-18 08:00:00,PRD-A,65.0,1253.0,0.05187549880287311,0.028745880762893368,0.04661195978611832,0.06447803880934327,False,False,False,False,False
2024-07-18 16:00:00,PRD-A,100.0,1130.0,0.08849557522123894,0.027798634511381672,0.04661195978611832,0.06542528506085496,True,False,False,False,True
2024-07-25 00:00:00,PRD-A,108.0,1187.0,0.09098567818028644,0.02825590156102866,0.04661195978611832,0.06496801801120797,True,True,False,False,True
2024-07-25 08:00:00,PRD-A,110.0,1214.0,0.09060955518945635,0.02846117352371969,0.04661195978611832,0.06476274604851695,True,True,False,False,True
2024-07-25 16:00:00,PRD-A,132.0,1166.0,0.11320754716981132,0.02809134022339159,0.04661195978611832,0.06513257934884505,True,True,True,False,True
2024-07-26 00:00:00,PRD-A,105.0,1250.0,0.084,0.02872445431622922,0.04661195978611832,0.06449946525600742,True,True,True,False,True
2024-07-26 08:00:00,PRD-A,86.0,981.0,0.08766564729867482,0.02642038079132706,0.04661195978611832,0.06680353878090958,True,True,True,False,True
2024-07-26 16:00:00,PRD-A,64.0,1271.0,0.05035405192761605,0.028872842269765883,0.04661195978611832,0.06435107730247075,False,True,True,True,True
2024-08-02 00:00:00,PRD-A,35.0,1256.0,0.02786624203821656,0.028767230396916643,0.04661195978611832,0.06445668917531999,True,False,False,False,True
2024-08-02 08:00:00,PRD-A,24.0,1279.0,0.018764659890539485,0.028928407378918386,0.04661195978611832,0.06429551219331825,True,True,False,False,True
2024-08-02 16:00:00,PRD-A,47.0,1262.0,0.03724247226624406,0.028809701054646444,0.04661195978611832,0.06441421851759019,False,True,False,False,True
2024-08-03 00:00:00,PRD-A,52.0,1337.0,0.03889304412864622,0.029316222400071264,0.04661195978611832,0.06390769717216538,False,False,True,False,True
2024-08-03 08:00:00,PRD-A,62.0,1341.0,0.04623415361670395,0.02934203694787058,0.04661195978611832,0.06388188262436606,False,False,True,False,True
2024-08-03 16:00:00,PRD-A,54.0,1270.0,0.04251968503937008,0.028865859739475253,0.04661195978611832,0.06435805983276138,False,False,False,False,False
2024-08-10 00:00:00,PRD-A,23.0,1250.0,0.0184,0.02872445431622922,0.04661195978611832,0.06449946525600742,True,False,False,False,True
2024-08-10 08:00:00,PRD-A,34.0,1318.0,0.025796661608497723,0.029192002693806576,0.04661195978611832,0.06403191687843006,True,True,False,True,True
2024-08-10 16:00:00,PRD-A,45.0,1289.0,0.03491078355314197,0.028997135009369977,0.04661195978611832,0.06422678456286665,False,True,False,True,True
2024-08-11 00:00:00,PRD-A,23.0,1300.0,0.01769230769230769,0.029071817586029437,0.04661195978611832,0.0641521019862072,True,True,True,True,True
2024-08-11 08:00:00,PRD-A,42.0,1290.0,0.03255813953488372,0.029003963784496437,0.04661195978611832,0.0642199557877402,False,True,True,True,True
2024-08-11 16:00:00,PRD-A,39.0,1215.0,0.03209876543209877,0.028468644520645535,0.04661195978611832,0.0647552750515911,False,True,True,True,True
2024-08-18 00:00:00,PRD-A,48.0,1186.0,0.04047217537942664,0.028248164549842067,0.04661195978611832,0.06497575502239457,False,True,True,True,True
2024-08-18 08:00:00,PRD-A,42.0,1279.0,0.0328381548084441,0.028928407378918386,0.04661195978611832,0.06429551219331825,False,True,True,True,True
2024-08-18 16:00:00,PRD-A,47.0,1222.0,0.038461538461538464,0.02852068445854619,0.04661195978611832,0.06470323511369044,False,False,True,True,True
2024-08-19 00:00:00,PRD-A,38.0,1231.0,0.030869212022745736,0.028586939606012857,0.04661195978611832,0.06463697996622378,False,True,True,True,True
2024-08-19 08:00:00,PRD-A,37.0,1207.0,0.030654515327257662,0.02840861684542869,0.04661195978611832,0.06481530272680794,False,True,True,True,True
2024-08-19 16:00:00,PRD-A,77.0,1244.0,0.06189710610932476,0.028681369134254363,0.04661195978611832,0.06454255043798227,False,True,True,False,True
2024-08-26 00:00:00,PRD-A,56.0,1171.0,0.04782237403928266,0.02813092269984891,0.04661195978611832,0.06509299687238773,False,False,False,False,False
2024-08-26 08:00:00,PRD-A,32.0,932.0,0.034334763948497854,0.025896392540491406,0.04661195978611832,0.06732752703174523,False,False,False,False,False
2024-08-26 16:00:00,PRD-A,31.0,1288.0,0.02406832298136646,0.02899029828302028,0.04661195978611832,0.06423362128921636,True,False,False,False,True
2024-08-27 00:00:00,PRD-A,24.0,1318.0,0.018209408194233688,0.029192002693806576,0.04661195978611832,0.06403191687843006,True,True,False,False,True
2024-08-27 08:00:00,PRD-A,54.0,1271.0,0.042486231313926044,0.028872842269765883,0.04661195978611832,0.06435107730247075,False,True,False,False,True
2024-08-27 16:00:00,PRD-A,27.0,1265.0,0.021343873517786563,0.028830822982667422,0.04661195978611832,0.06439309658956921,True,True,True,False,True
2024-09-03 00:00:00,PRD-A,40.0,1172.0,0.034129692832764506,0.028138808783880368,0.04661195978611832,0.06508511078835627,False,True,True,False,True
2024-09-03 08:00:00,PRD-A,43.0,1257.0,0.03420843277645187,0.02877432995136084,0.04661195978611832,0.0644495896208758,False,True,True,False,True
2024-09-03 16:00:00,PRD-A,62.0,1233.0,0.050283860502838604,0.028601564371244333,0.04661195978611832,0.0646223552009923,False,True,False,False,True
2024-09-04 00:00:00,PRD-A,37.0,1016.0,0.03641732283464567,0.02677121676621528,0.04661195978611832,0.06645270280602136,False,False,True,False,True
2024-09-04 08:00:00,PRD-A,28.0,1277.0,0.02192638997650744,0.028914565065716817,0.04661195978611832,0.06430935450651981,True,False,True,False,True
2024-09-04 16:00:00,PRD-A,33.0,1284.0,0.02570093457943925,0.028962871555912602,0.04661195978611832,0.06426104801632404,True,True,True,False,True
2024-09-11 00:00:00,PRD-A,55.0,1172.0,0.04692832764505119,0.028138808783880368,0.04661195978611832,0.06508511078835627,False,True,False,False,True
2024-09-11 08:00:00,PRD-A,55.0,1256.0,0.04378980891719745,0.028767230396916643,0.04661195978611832,0.06445668917531999,False,False,False,False,False
2024-09-11 16:00:00,PRD-A,84.0,1151.0,0.07298001737619461,0.027971049158750934,0.04661195978611832,0.06525287041348571,True,False,False,False,True
2024-09-12 00:00:00,PRD-A,62.0,1201.0,0.051623646960865945,0.02836320302947009,0.04661195978611832,0.06486071654276654,False,False,False,False,False
2024-09-12 08:00:00,PRD-A,81.0,1152.0,0.0703125,0.027979141588317175,0.04661195978611832,0.06524477798391946,True,True,False,False,True
2024-09-12 16:00:00,PRD-A,79.0,1146.0,0.06893542757417102,0.02793042825499673,0.04661195978611832,0.06529349131723991,True,True,False,False,True
2024-09-19 00:00:00,PRD-A,54.0,1190.0,0.0453781512605042,0.028279054050661105,0.04661195978611832,0.06494486552157552,False,True,False,False,True
2024-09-19 08:00:00,PRD-A,62.0,1267.0,0.0489344909234412,0.028844862571752207,0.04661195978611832,0.06437905700048444,False,False,False,False,False
2024-09-19 16:00:00,PRD-A,94.0,1252.0,0.07507987220447285,0.02873874717146388,0.04661195978611832,0.06448517240077276,True,False,False,False,True
2024-09-20 00:00:00,PRD-A,59.0,1249.0,0.04723779023218575,0.028717295018175947,0.04661195978611832,0.06450662455406068,False,False,False,False,False
2024-09-20 08:00:00,PRD-A,59.0,1066.0,0.055347091932457786,0.027242113078862002,0.04661195978611832,0.06598180649337464,False,False,False,False,False
2024-09-20 16:00:00,PRD-A,34.0,1291.0,0.026336173508907823,0.029010784623800058,0.04661195978611832,0.06421313494843658,True,False,False,False,True
2024-09-27 00:00:00,PRD-A,27.0,1259.0,0.021445591739475776,0.02878850367615343,0.04661195978611832,0.0644354158960832,True,True,False,False,True
2024-09-27 08:00:00,PRD-A,11.0,1317.0,0.008352315869400152,0.029185390449464325,0.04661195978611832,0.0640385291227723,True,True,False,False,True
2024-09-27 16:00:00,PRD-A,36.0,1290.0,0.027906976744186046,0.029003963784496437,0.04661195978611832,0.0642199557877402,True,True,True,False,True
2024-09-28 00:00:00,PRD-A,51.0,1304.0,0.039110429447852764,0.029098740306734087,0.04661195978611832,0.06412517926550254,False,True,True,False,True
2024-09-28 08:00:00,PRD-A,64.0,1353.0,0.04730229120473023,0.029418792540371046,0.04661195978611832,0.06380512703186558,False,False,True,False,True
2024-09-28 16:00:00,PRD-A,50.0,1250.0,0.04,0.02872445431622922,0.04661195978611832,0.06449946525600742,False,False,True,False,True
2024-10-05 00:00:00,PRD-A,83.0,1202.0,0.06905158069883527,0.028370795605940472,0.04661195978611832,0.06485312396629617,True,False,False,False,True
2024-10-05 08:00:00,PRD-A,74.0,894.0,0.08277404921700224,0.02546071036064592,0.04661195978611832,0.06776320921159071,True,True,False,False,True
2024-10-05 16:00:00,PRD-A,72.0,1293.0,0.05568445475638051,0.02902440255633187,0.04661195978611832,0.06419951701590476,False,True,False,False,True
2024-10-06 00:00:00,PRD-A,54.0,1281.0,0.04215456674473068,0.028942217261858208,0.04661195978611832,0.06428170231037843,False,False,False,False,False
2024-10-06 08:00:00,PRD-A,47.0,1277.0,0.03680501174628034,0.028914565065716817,0.04661195978611832,0.06430935450651981,False,False,False,False,False
2024-10-06 16:00:00,PRD-A,59.0,1243.0,0.04746580852775543,0.028674157957348373,0.04661195978611832,0.06454976161488826,False,False,False,False,False
2024-10-13 00:00:00,PRD-A,29.0,1227.0,0.023634881825590873,0.028557582876170096,0.04661195978611832,0.06466633669606654,True,False,False,False,True
2024-10-13 08:00:00,PRD-A,28.0,1304.0,0.02147239263803681,0.029098740306734087,0.04661195978611832,0.06412517926550254,True,True,False,False,True
2024-10-13 16:00:00,PRD-A,37.0,1310.0,0.028244274809160305,0.02913889294529809,0.04661195978611832,0.06408502662693855,True,True,True,False,True
2024-10-14 00:00:00,PRD-A,31.0,1297.0,0.023901310717039322,0.029051543864524867,0.04661195978611832,0.06417237570771177,True,True,True,False,True
2024-10-14 08:00:00,PRD-A,37.0,1234.0,0.029983792544570502,0.028608863417304935,0.04661195978611832,0.0646150561549317,False,True,True,False,True
2024-10-14 16:00:00,PRD-A,42.0,1238.0,0.033925686591276254,0.028637971110342574,0.04661195978611832,0.06458594846189405,False,True,True,False,True
2024-10-21 00:00:00,PRD-A,40.0,1246.0,0.03210272873194221,0.028695765435773988,0.04661195978611832,0.06452815413646265,False,True,True,False,True
2024-10-21 08:00:00,PRD-A,38.0,1289.0,0.02948021722265322,0.028997135009369977,0.04661195978611832,0.06422678456286665,False,True,True,True,True
2024-10-21 16:00:00,PRD-A,56.0,1266.0,0.044233807266982623,0.028837846935856143,0.04661195978611832,0.06438607263638049,False,True,True,True,True
2024-10-22 00:00:00,PRD-A,46.0,1292.0,0.03560371517027864,0.02901759754263951,0.04661195978611832,0.06420632202959713,False,False,True,True,True
2024-10-22 08:00:00,PRD-A,37.0,1230.0,0.03008130081300813,0.028579613850709347,0.04661195978611832,0.0646443057215273,False,False,True,True,True
2024-10-22 16:00:00,PRD-A,64.0,1198.0,0.05342237061769616,0.028340368288412136,0.04661195978611832,0.0648835512838245,False,False,False,False,False
2024-10-29 00:00:00,PRD-A,28.0,1209.0,0.02315963606286187,0.028423679605923506,0.04661195978611832,0.06480023996631312,True,True,False,False,True
2024-10-29 08:00:00,PRD-A,54.0,1301.0,0.0415065334358186,0.029078559905017766,0.04661195978611832,0.06414535966721888,False,False,False,False,False
2024-10-29 16:00:00,PRD-A,61.0,1182.0,0.051607445008460234,0.028217118381884333,0.04661195978611832,0.0650068011903523,False,False,False,False,False
2024-10-30 00:00:00,PRD-A,42.0,1166.0,0.036020583190394515,0.02809134022339159,0.04661195978611832,0.06513257934884505,False,False,False,False,False
2024-10-30 08:00:00,PRD-A,72.0,1264.0,0.056962025316455694,0.02882379069573896,0.04661195978611832,0.06440012887649768,False,False,False,False,False
2024-10-30 16:00:00,PRD-A,71.0,1260.0,0.05634920634920635,0.028795577880087565,0.04661195978611832,0.06442834169214907,False,False,False,False,False
2024-11-06 00:00:00,PRD-A,59.0,1172.0,0.050341296928327645,0.028138808783880368,0.04661195978611832,0.06508511078835627,False,False,False,False,False
2024-11-06 08:00:00,PRD-A,63.0,1173.0,0.05370843989769821,0.028146684781254868,0.04661195978611832,0.06507723479098176,False,False,False,False,False
2024-11-06 16:00:00,PRD-A,84.0,1207.0,0.0695940347970174,0.02840861684542869,0.04661195978611832,0.06481530272680794,True,False,True,False,True
2024-11-07 00:00:00,PRD-A,56.0,889.0,0.06299212598425197,0.025401313306260113,0.04661195978611832,0.06782260626597653,False,True,True,False,True
2024-11-07 08:00:00,PRD-A,24.0,1324.0,0.01812688821752266,0.029231518715419347,0.04661195978611832,0.06399240085681729,True,True,False,False,True
2024-11-07 16:00:00,PRD-A,42.0,1283.0,0.03273577552611068,0.028955994840970098,0.04661195978611832,0.06426792473126654,False,True,False,False,True
2024-11-14 00:00:00,PRD-A,17.0,1259.0,0.013502779984114376,0.02878850367615343,0.04661195978611832,0.0644354158960832,True,True,False,False,True
2024-11-14 08:00:00,PRD-A,32.0,1280.0,0.025,0.0289353163662527,0.04661195978611832,0.06428860320598394,True,True,True,False,True
2024-11-14 16:00:00,PRD-A,44.0,1269.0,0.03467297084318361,0.028858868957227873,0.04661195978611832,0.06436505061500876,False,True,True,False,True
2024-11-15 00:00:00,PRD-A,69.0,1339.0,0.05153099327856609,0.029329144133205684,0.04661195978611832,0.06389477543903095,False,True,True,False,True
2024-11-15 08:00:00,PRD-A,42.0,1250.0,0.0336,0.02872445431622922,0.04661195978611832,0.06449946525600742,False,True,True,False,True
2024-11-15 16:00:00,PRD-A,60.0,1255.0,0.04780876494023904,0.028760122358638653,0.04661195978611832,0.06446379721359799,False,False,False,False,False
2024-11-22 00:00:00,PRD-A,32.0,1256.0,0.025477707006369428,0.028767230396916643,0.04661195978611832,0.06445668917531999,True,True,False,False,True
2024-11-22 08:00:00,PRD-A,47.0,1215.0,0.03868312757201646,0.028468644520645535,0.04661195978611832,0.0647552750515911,False,False,False,False,False
2024-11-22 16:00:00,PRD-A,65.0,1270.0,0.051181102362204724,0.028865859739475253,0.04661195978611832,0.06435805983276138,False,False,False,False,False
2024-11-23 00:00:00,PRD-A,41.0,1214.0,0.03377265238879736,0.02846117352371969,0.04661195978611832,0.06476274604851695,False,False,False,False,False
2024-11-23 08:00:00,PRD-A,41.0,1241.0,0.033037872683319904,0.028659709463802596,0.04661195978611832,0.06456421010843404,False,True,True,False,True
2024-11-23 16:00:00,PRD-A,59.0,1240.0,0.04758064516129032,0.028652472112038196,0.04661195978611832,0.06457144746019844,False,True,False,False,True
2024-11-30 00:00:00,PRD-A,23.0,1275.0,0.01803921568627451,0.028900690195125808,0.04661195978611832,0.06432322937711082,True,True,False,False,True
2024-11-30 08:00:00,PRD-A,51.0,1367.0,0.03730797366495977,0.029507060208712476,0.04661195978611832,0.06371685936352416,False,False,True,False,True
2024-11-30 16:00:00,PRD-A,34.0,1283.0,0.026500389711613406,0.028955994840970098,0.04661195978611832,0.06426792473126654,True,True,True,False,True
2024-12-01 00:00:00,PRD-A,41.0,1176.0,0.03486394557823129,0.02817025246795515,0.04661195978611832,0.06505366710428148,False,False,True,False,True
2024-12-01 08:00:00,PRD-A,42.0,1350.0,0.03111111111111111,0.029399699622499362,0.04661195978611832,0.06382421994973728,False,True,True,False,True
2024-12-01 16:00:00,PRD-A,29.0,1289.0,0.022498060512024826,0.028997135009369977,0.04661195978611832,0.06422678456286665,True,True,True,False,True
2024-12-08 00:00:00,PRD-A,53.0,1202.0,0.04409317803660566,0.028370795605940472,0.04661195978611832,0.06485312396629617,False,True,True,False,True
2024-12-08 08:00:00,PRD-A,49.0,1237.0,0.039611964430072755,0.028630707424988164,0.04661195978611832,0.06459321214724847,False,False,True,True,True
2024-12-08 16:00:00,PRD-A,79.0,1199.0,0.0658882402001668,0.028347989390515395,0.04661195978611832,0.06487593018172125,True,False,False,False,True
2024-12-09 00:00:00,PRD-A,66.0,1218.0,0.054187192118226604,0.02849100228054388,0.04661195978611832,0.06473291729169275,False,False,False,False,False
2024-12-09 08:00:00,PRD-A,69.0,1198.0,0.05759599332220367,0.028340368288412136,0.04661195978611832,0.0648835512838245,False,False,False,False,False
2024-12-09 16:00:00,PRD-A,66.0,851.0,0.07755581668625147,0.024932921815499328,0.04661195978611832,0.0682909977567373,True,False,True,False,True
2024-12-16 00:00:00,PRD-A,90.0,1136.0,0.07922535211267606,0.02784838336516708,0.04661195978611832,0.06537553620706955,True,True,True,False,True
2024-12-16 08:00:00,PRD-A,106.0,1227.0,0.08638956805215973,0.028557582876170096,0.04661195978611832,0.06466633669606654,True,True,True,False,True
2024-12-16 16:00:00,PRD-A,132.0,1099.0,0.12010919017288443,0.027535141633521606,0.04661195978611832,0.06568877793871503,True,True,True,False,True
2024-12-17 00:00:00,PRD-A,55.0,678.0,0.08112094395280237,0.022324061294172283,0.04661195978611832,0.07089985827806436,True,True,True,True,True
2024-12-17 08:00:00,PRD-A,41.0,1280.0,0.03203125,0.0289353163662527,0.04661195978611832,0.06428860320598394,False,True,True,False,True
2024-12-17 16:00:00,PRD-A,44.0,1303.0,0.03376822716807368,0.029092021250480986,0.04661195978611832,0.06413189832175564,False,True,False,False,True
2024-12-24 00:00:00,PRD-A,34.0,1260.0,0.026984126984126985,0.028795577880087565,0.04661195978611832,0.06442834169214907,True,True,False,False,True
2024-12-24 08:00:00,PRD-A,27.0,1296.0,0.020833333333333332,0.029044770319076596,0.04661195978611832,0.06417914925316004,True,True,True,False,True
2024-12-24 16:00:00,PRD-A,45.0,1225.0,0.036734693877551024,0.028542850620018257,0.04661195978611832,0.06468106895221838,False,True,True,False,True
2024-12-25 00:00:00,PRD-A,27.0,1259.0,0.021445591739475776,0.02878850367615343,0.04661195978611832,0.0644354158960832,True,True,True,False,True
2024-12-25 08:00:00,PRD-A,41.0,1241.0,0.033037872683319904,0.028659709463802596,0.04661195978611832,0.06456421010843404,False,True,True,False,True
2024-12-25 16:00:00,PRD-A,57.0,1235.0,0.046153846153846156,0.028616153596331857,0.04661195978611832,0.06460776597590479,False,True,True,True,True
2025-01-01 00:00:00,PRD-A,18.0,1034.0,0.017408123791102514,0.02694467000954153,0.04661195978611832,0.0662792495626951,True,True,True,True,True
2025-01-01 08:00:00,PRD-A,28.0,1264.0,0.022151898734177215,0.02882379069573896,0.04661195978611832,0.06440012887649768,True,True,True,True,True
2025-01-01 16:00:00,PRD-A,48.0,1320.0,0.03636363636363636,0.02920520463362816,0.04661195978611832,0.06401871493860847,False,True,True,True,True
2025-01-02 00:00:00,PRD-A,37.0,1315.0,0.028136882129277566,0.029172143340491917,0.04661195978611832,0.06405177623174471,True,True,True,True,True
2025-01-02 08:00:00,PRD-A,30.0,1274.0,0.023547880690737835,0.028893740510890924,0.04661195978611832,0.06433017906134571,True,True,True,True,True
2025-01-02 16:00:00,PRD-A,53.0,1237.0,0.04284559417946645,0.028630707424988164,0.04661195978611832,0.06459321214724847,False,True,True,True,True
2025-01-09 00:00:00,PRD-A,40.0,1242.0,0.0322061191626409,0.028666938073043637,0.04661195978611832,0.064556981499193,False,True,True,True,True
2025-01-09 08:00:00,PRD-A,38.0,1248.0,0.030448717948717948,0.028710127116919948,0.04661195978611832,0.06451379245531669,False,True,True,True,True
2025-01-09 16:00:00,PRD-A,68.0,1229.0,0.05532953620829943,0.02857227915610649,0.04661195978611832,0.06465164041613014,False,True,False,False,True
2025-01-10 00:00:00,PRD-A,35.0,1214.0,0.028830313014827018,0.02846117352371969,0.04661195978611832,0.06476274604851695,False,True,False,False,True
2025-01-10 08:00:00,PRD-A,36.0,1243.0,0.028962188254223652,0.028674157957348373,0.04661195978611832,0.06454976161488826,False,True,True,False,True
2025-01-10 16:00:00,PRD-A,73.0,1181.0,0.06181202370872142,0.028209332205279894,0.04661195978611832,0.06501458736695674,False,True,False,False,True
2025-01-17 00:00:00,PRD-A,35.0,1192.0,0.02936241610738255,0.02829444046187821,0.04661195978611832,0.06492947911035843,False,True,False,False,True
2025-01-17 08:00:00,PRD-A,43.0,1288.0,0.033385093167701864,0.02899029828302028,0.04661195978611832,0.06423362128921636,False,True,True,False,True
2025-01-17 16:00:00,PRD-A,64.0,1236.0,0.05177993527508091,0.028623434926263666,0.04661195978611832,0.06460048464597297,False,True,False,False,True
2025-01-18 00:00:00,PRD-A,48.0,1259.0,0.03812549642573471,0.02878850367615343,0.04661195978611832,0.0644354158960832,False,False,False,False,False
2025-01-18 08:00:00,PRD-A,42.0,1247.0,0.03368083400160385,0.028702950595216888,0.04661195978611832,0.06452096897701975,False,False,True,False,True
2025-01-18 16:00:00,PRD-A,75.0,1205.0,0.06224066390041494,0.028393516599828583,0.04661195978611832,0.06483040297240805,False,False,False,False,False
2025-01-25 00:00:00,PRD-A,52.0,1233.0,0.042173560421735604,0.028601564371244333,0.04661195978611832,0.0646223552009923,False,False,False,False,False
2025-01-25 08:00:00,PRD-A,46.0,1246.0,0.03691813804173355,0.028695765435773988,0.04661195978611832,0.06452815413646265,False,False,False,False,False
2025-01-25 16:00:00,PRD-A,75.0,1170.0,0.0641025641025641,0.028123026507612413,0.04661195978611832,0.06510089306462422,False,False,False,False,False
2025-01-26 00:00:00,PRD-A,53.0,1202.0,0.04409317803660566,0.028370795605940472,0.04661195978611832,0.06485312396629617,False,False,False,False,False
2025-01-26 08:00:00,PRD-A,67.0,1284.0,0.05218068535825545,0.028962871555912602,0.04661195978611832,0.06426104801632404,False,False,False,False,False
2025-01-26 16:00:00,PRD-A,56.0,835.0,0.06706586826347305,0.024726204023696408,0.04661195978611832,0.06849771554854023,False,False,False,False,False
2025-02-02 00:00:00,PRD-A,18.0,1264.0,0.014240506329113924,0.02882379069573896,0.04661195978611832,0.06440012887649768,True,False,False,False,True
2025-02-02 08:00:00,PRD-A,25.0,1317.0,0.018982536066818528,0.029185390449464325,0.04661195978611832,0.0640385291227723,True,True,False,False,True
2025-02-02 16:00:00,PRD-A,32.0,1262.0,0.025356576862123614,0.028809701054646444,0.04661195978611832,0.06441421851759019,True,True,False,False,True
2025-02-03 00:00:00,PRD-A,34.0,1310.0,0.025954198473282442,0.02913889294529809,0.04661195978611832,0.06408502662693855,True,True,True,False,True
2025-02-03 08:00:00,PRD-A,31.0,1285.0,0.024124513618677044,0.028969740241998852,0.04661195978611832,0.06425417933023778,True,True,True,False,True
2025-02-03 16:00:00,PRD-A,44.0,1259.0,0.03494837172359015,0.02878850367615343,0.04661195978611832,0.0644354158960832,False,True,True,False,True
2025-02-10 00:00:00,PRD-A,29.0,1257.0,0.023070803500397773,0.02877432995136084,0.04661195978611832,0.0644495896208758,True,True,True,False,True
2025-02-10 08:00:00,PRD-A,58.0,1331.0,0.04357625845229151,0.029277282604321702,0.04661195978611832,0.06394663696791493,False,False,True,True,True
2025-02-10 16:00:00,PRD-A,41.0,1253.0,0.03272146847565842,0.028745880762893368,0.04661195978611832,0.06447803880934327,False,True,True,True,True
2025-02-11 00:00:00,PRD-A,31.0,1270.0,0.024409448818897637,0.028865859739475253,0.04661195978611832,0.06435805983276138,True,True,True,True,True
2025-02-11 08:00:00,PRD-A,60.0,1335.0,0.0449438202247191,0.029303271640198955,0.04661195978611832,0.06392064793203768,False,True,False,True,True
2025-02-11 16:00:00,PRD-A,39.0,1248.0,0.03125,0.028710127116919948,0.04661195978611832,0.06451379245531669,False,True,False,True,True
2025-02-18 00:00:00,PRD-A,69.0,1162.0,0.05938037865748709,0.028059490467168196,0.04661195978611832,0.06516442910506844,False,False,False,False,False
2025-02-18 08:00:00,PRD-A,120.0,1217.0,0.09860312243221035,0.028483558880145532,0.04661195978611832,0.0647403606920911,True,True,False,False,True
2025-02-18 16:00:00,PRD-A,156.0,1125.0,0.13866666666666666,0.02775687347159499,0.04661195978611832,0.06546704610064165,True,True,False,False,True
2025-02-19 00:00:00,PRD-A,144.0,1190.0,0.12100840336134454,0.028279054050661105,0.04661195978611832,0.06494486552157552,True,True,True,False,True
2025-02-19 08:00:00,PRD-A,144.0,1190.0,0.12100840336134454,0.028279054050661105,0.04661195978611832,0.06494486552157552,True,True,True,False,True
2025-02-19 16:00:00,PRD-A,162.0,864.0,0.1875,0.025096634581594623,0.04661195978611832,0.06812728499064201,True,True,True,False,True
2025-02-26 00:00:00,PRD-A,73.0,1196.0,0.061036789297658864,0.028325097419471798,0.04661195978611832,0.06489882215276484,False,True,True,False,True
2025-02-26 08:00:00,PRD-A,63.0,1234.0,0.051053484602917344,0.028608863417304935,0.04661195978611832,0.0646150561549317,False,True,True,True,True
2025-02-26 16:00:00,PRD-A,94.0,1081.0,0.08695652173913043,0.02737697092701222,0.04661195978611832,0.06584694864522442,True,True,True,True,True
2025-02-27 00:00:00,PRD-A,41.0,834.0,0.049160671462829736,0.024713086997788573,0.04661195978611832,0.06851083257444807,False,False,False,True,True
2025-02-27 08:00:00,PRD-A,41.0,1338.0,0.030642750373692077,0.02932268688820066,0.04661195978611832,0.06390123268403597,False,False,False,False,False
2025-02-27 16:00:00,PRD-A,38.0,1201.0,0.03164029975020816,0.02836320302947009,0.04661195978611832,0.06486071654276654,False,True,False,False,True
2025-03-06 00:00:00,PRD-A,27.0,1065.0,0.02535211267605634,0.027233021387815838,0.04661195978611832,0.0659908981844208,True,True,False,False,True
2025-03-06 08:00:00,PRD-A,20.0,1262.0,0.01584786053882726,0.028809701054646444,0.04661195978611832,0.06441421851759019,True,True,True,False,True
2025-03-06 16:00:00,PRD-A,48.0,1276.0,0.03761755485893417,0.028907631708067708,0.04661195978611832,0.06431628786416893,False,True,True,False,True
2025-03-07 00:00:00,PRD-A,27.0,1247.0,0.02165196471531676,0.028702950595216888,0.04661195978611832,0.06452096897701975,True,True,True,False,True
2025-03-07 08:00:00,PRD-A,28.0,1214.0,0.023064250411861616,0.02846117352371969,0.04661195978611832,0.06476274604851695,True,True,True,False,True
2025-03-07 16:00:00,PRD-A,37.0,1296.0,0.02854938271604938,0.029044770319076596,0.04661195978611832,0.06417914925316004,True,True,True,True,True
2025-03-14 00:00:00,PRD-A,52.0,1170.0,0.044444444444444446,0.028123026507612413,0.04661195978611832,0.06510089306462422,False,True,True,True,True
2025-03-14 08:00:00,PRD-A,65.0,1155.0,0.05627705627705628,0.028003355787238268,0.04661195978611832,0.06522056378499837,False,False,False,False,False
2025-03-14 16:00:00,PRD-A,92.0,1077.0,0.08542246982358404,0.02734128446060045,0.04661195978611832,0.06588263511163618,True,False,False,False,True
2025-03-15 00:00:00,PRD-A,63.0,956.0,0.06589958158995816,0.02615807336860121,0.04661195978611832,0.06706584620363543,False,True,False,False,True
2025-03-15 08:00:00,PRD-A,57.0,1379.0,0.04133430021754895,0.029581645881950152,0.04661195978611832,0.06364227369028648,False,True,False,False,True
2025-03-15 16:00:00,PRD-A,47.0,1298.0,0.0362095531587057,0.029058309580792793,0.04661195978611832,0.06416560999144384,False,False,False,False,False
2025-03-22 00:00:00,PRD-A,51.0,814.0,0.06265356265356266,0.024445691587645896,0.04661195978611832,0.06877822798459074,False,False,False,False,False
2025-03-22 08:00:00,PRD-A,22.0,1003.0,0.02193419740777667,0.026643051627683104,0.04661195978611832,0.06658086794455353,True,False,False,False,True
2025-03-22 16:00:00,PRD-A,33.0,1288.0,0.02562111801242236,0.02899029828302028,0.04661195978611832,0.06423362128921636,True,True,False,False,True
2025-03-23 00:00:00,PRD-A,15.0,1318.0,0.011380880121396054,0.029192002693806576,0.04661195978611832,0.06403191687843006,True,True,True,False,True
2025-03-23 08:00:00,PRD-A,24.0,1313.0,0.01827875095201828,0.02915886597545822,0.04661195978611832,0.06406505359677842,True,True,True,False,True
2025-03-23 16:00:00,PRD-A,29.0,1292.0,0.02244582043343653,0.02901759754263951,0.04661195978611832,0.06420632202959713,True,True,True,False,True
2025-03-30 00:00:00,PRD-A,47.0,1193.0,0.039396479463537304,0.028302119154030435,0.04661195978611832,0.0649218004182062,False,True,True,False,True
2025-03-30 08:00:00,PRD-A,57.0,1192.0,0.047818791946308725,0.02829444046187821,0.04661195978611832,0.06492947911035843,False,False,True,False,True
2025-03-30 16:00:00,PRD-A,88.0,1213.0,0.07254740313272877,0.028453693290036226,0.04661195978611832,0.06477022628220042,True,False,False,False,True
2025-03-31 00:00:00,PRD-A,55.0,1218.0,0.0451559934318555,0.02849100228054388,0.04661195978611832,0.06473291729169275,False,False,False,False,False
2025-03-31 08:00:00,PRD-A,29.0,817.0,0.03549571603427173,0.0244864259587267,0.04661195978611832,0.06873749361350993,False,False,False,False,False
2025-03-31 16:00:00,PRD-A,32.0,1325.0,0.024150943396226414,0.02923807861037681,0.04661195978611832,0.06398584096185983,True,False,False,False,True
2025-04-07 00:00:00,PRD-A,57.0,1194.0,0.04773869346733668,0.028309788197563544,0.04661195978611832,0.06491413137467308,False,False,False,False,False
2025-04-07 08:00:00,PRD-A,48.0,1249.0,0.03843074459567654,0.028717295018175947,0.04661195978611832,0.06450662455406068,False,False,False,False,False
2025-04-07 16:00:00,PRD-A,47.0,1189.0,0.03952901597981497,0.028271346290919486,0.04661195978611832,0.06495257328131715,False,False,True,False,True
2025-04-08 00:00:00,PRD-A,47.0,1214.0,0.03871499176276771,0.02846117352371969,0.04661195978611832,0.06476274604851695,False,False,True,False,True
2025-04-08 08:00:00,PRD-A,56.0,1230.0,0.04552845528455285,0.028579613850709347,0.04661195978611832,0.0646443057215273,False,False,False,False,False
2025-04-08 16:00:00,PRD-A,86.0,1162.0,0.07401032702237521,0.028059490467168196,0.04661195978611832,0.06516442910506844,True,False,False,False,True
2025-04-15 00:00:00,PRD-A,44.0,1193.0,0.036881810561609385,0.028302119154030435,0.04661195978611832,0.0649218004182062,False,False,False,False,False
2025-04-15 08:00:00,PRD-A,40.0,1241.0,0.032232070910556,0.028659709463802596,0.04661195978611832,0.06456421010843404,False,False,False,False,False
2025-04-15 16:00:00,PRD-A,69.0,1191.0,0.05793450881612091,0.028286752100857928,0.04661195978611832,0.0649371674713787,False,False,False,False,False
2025-04-16 00:00:00,PRD-A,62.0,1180.0,0.05254237288135593,0.02820153613308911,0.04661195978611832,0.06502238343914753,False,False,False,False,False
2025-04-16 08:00:00,PRD-A,65.0,1249.0,0.05204163330664532,0.028717295018175947,0.04661195978611832,0.06450662455406068,False,False,False,False,False
2025-04-16 16:00:00,PRD-A,85.0,1177.0,0.07221750212404418,0.028178088332901273,0.04661195978611832,0.06504583123933536,True,False,False,False,True
2025-04-23 00:00:00,PRD-A,51.0,1180.0,0.043220338983050846,0.02820153613308911,0.04661195978611832,0.06502238343914753,False,False,False,False,False
2025-04-23 08:00:00,PRD-A,63.0,1182.0,0.0532994923857868,0.028217118381884333,0.04661195978611832,0.0650068011903523,False,False,False,False,False
2025-04-23 16:00:00,PRD-A,57.0,847.0,0.06729634002361275,0.024881791937946297,0.04661195978611832,0.06834212763429034,False,False,False,False,False
2025-04-24 00:00:00,PRD-A,25.0,1314.0,0.01902587519025875,0.02916550844717765,0.04661195978611832,0.06405841112505899,True,False,False,False,True
2025-04-24 08:00:00,PRD-A,25.0,1324.0,0.0188821752265861,0.029231518715419347,0.04661195978611832,0.06399240085681729,True,True,False,False,True
2025-04-24 16:00:00,PRD-A,46.0,1291.0,0.03563129357087529,0.029010784623800058,0.04661195978611832,0.06421313494843658,False,True,False,False,True
2025-05-01 00:00:00,PRD-A,47.0,1028.0,0.04571984435797665,0.02688735869880508,0.04661195978611832,0.06633656087343155,False,False,False,False,False
2025-05-01 08:00:00,PRD-A,71.0,1266.0,0.05608214849921011,0.028837846935856143,0.04661195978611832,0.06438607263638049,False,False,False,False,False
2025-05-01 16:00:00,PRD-A,92.0,1240.0,0.07419354838709677,0.028652472112038196,0.04661195978611832,0.06457144746019844,True,False,False,False,True
2025-05-02 00:00:00,PRD-A,53.0,1239.0,0.042776432606941084,0.028645226000113714,0.04661195978611832,0.06457869357212292,False,False,False,False,False
2025-05-02 08:00:00,PRD-A,79.0,1292.0,0.06114551083591331,0.02901759754263951,0.04661195978611832,0.06420632202959713,False,True,False,False,True
2025-05-02 16:00:00,PRD-A,98.0,1214.0,0.08072487644151564,0.02846117352371969,0.04661195978611832,0.06476274604851695,True,True,True,False,True
2025-05-09 00:00:00,PRD-A,34.0,1254.0,0.02711323763955343,0.0287530058196167,0.04661195978611832,0.06447091375261993,True,True,False,False,True
2025-05-09 08:00:00,PRD-A,39.0,1228.0,0.03175895765472313,0.028564935504009105,0.04661195978611832,0.06465898406822754,False,True,False,False,True
2025-05-09 16:00:00,PRD-A,41.0,1255.0,0.03266932270916335,0.028760122358638653,0.04661195978611832,0.06446379721359799,False,True,False,False,True
2025-05-10 00:00:00,PRD-A,52.0,1331.0,0.03906836964688205,0.029277282604321702,0.04661195978611832,0.06394663696791493,False,True,True,False,True
2025-05-10 08:00:00,PRD-A,39.0,1262.0,0.030903328050713153,0.028809701054646444,0.04661195978611832,0.06441421851759019,False,True,True,False,True
2025-05-10 16:00:00,PRD-A,63.0,1180.0,0.053389830508474574,0.02820153613308911,0.04661195978611832,0.06502238343914753,False,False,True,False,True
2025-05-17 00:00:00,PRD-A,36.0,1246.0,0.028892455858747994,0.028695765435773988,0.04661195978611832,0.06452815413646265,False,True,True,False,True
2025-05-17 08:00:00,PRD-A,34.0,1240.0,0.027419354838709678,0.028652472112038196,0.04661195978611832,0.06457144746019844,True,True,True,False,True
2025-05-17 16:00:00,PRD-A,52.0,1225.0,0.04244897959183674,0.028542850620018257,0.04661195978611832,0.06468106895221838,False,True,False,False,True
2025-05-18 00:00:00,PRD-A,36.0,1227.0,0.029339853300733496,0.028557582876170096,0.04661195978611832,0.06466633669606654,False,True,False,False,True
2025-05-18 08:00:00,PRD-A,48.0,1273.0,0.037706205813040065,0.02888678263931889,0.04661195978611832,0.06433713693291775,False,False,True,False,True
2025-05-18 16:00:00,PRD-A,59.0,1182.0,0.04991539763113367,0.028217118381884333,0.04661195978611832,0.0650068011903523,False,False,False,False,False
2025-05-25 00:00:00,PRD-A,38.0,1326.0,0.02865761689291101,0.029244631083238836,0.04661195978611832,0.0639792884889978,True,False,False,False,True
2025-05-25 08:00:00,PRD-A,37.0,1375.0,0.02690909090909091,0.029556892505653166,0.04661195978611832,0.06366702706658348,True,True,True,False,True
2025-05-25 16:00:00,PRD-A,37.0,1292.0,0.02863777089783282,0.02901759754263951,0.04661195978611832,0.06420632202959713,True,True,True,False,True
2025-05-26 00:00:00,PRD-A,25.0,1325.0,0.018867924528301886,0.02923807861037681,0.04661195978611832,0.06398584096185983,True,True,True,False,True
2025-05-26 08:00:00,PRD-A,39.0,1348.0,0.028931750741839762,0.0293869356161745,0.04661195978611832,0.06383698395606213,True,True,True,False,True
2025-05-26 16:00:00,PRD-A,33.0,1265.0,0.02608695652173913,0.028830822982667422,0.04661195978611832,0.06439309658956921,True,True,True,False,True
2025-06-02 00:00:00,PRD-A,26.0,1253.0,0.020750199521149242,0.028745880762893368,0.04661195978611832,0.06447803880934327,True,True,True,False,True
2025-06-02 08:00:00,PRD-A,44.0,1256.0,0.03503184713375796,0.028767230396916643,0.04661195978611832,0.06445668917531999,False,True,True,True,True
2025-06-02 16:00:00,PRD-A,58.0,1218.0,0.047619047619047616,0.02849100228054388,0.04661195978611832,0.06473291729169275,False,False,True,False,True
2025-06-03 00:00:00,PRD-A,38.0,1272.0,0.029874213836477988,0.02887981656432141,0.04661195978611832,0.06434410300791522,False,False,True,False,True
2025-06-03 08:00:00,PRD-A,51.0,1297.0,0.03932151117964534,0.029051543864524867,0.04661195978611832,0.06417237570771177,False,False,True,False,True
2025-06-03 16:00:00,PRD-A,68.0,1119.0,0.06076854334226988,0.027706391222439966,0.04661195978611832,0.06551752834979667,False,False,False,False,False
2025-06-10 00:00:00,PRD-A,42.0,1236.0,0.03398058252427184,0.028623434926263666,0.04661195978611832,0.06460048464597297,False,False,False,False,False
2025-06-10 08:00:00,PRD-A,43.0,1291.0,0.033307513555383424,0.029010784623800058,0.04661195978611832,0.06421313494843658,False,True,True,False,True
2025-06-10 16:00:00,PRD-A,42.0,1221.0,0.0343980343980344,0.0285132775901386,0.04661195978611832,0.06471064198209803,False,True,True,False,True
2025-06-11 00:00:00,PRD-A,37.0,1308.0,0.028287461773700305,0.02912553943410883,0.04661195978611832,0.0640983801381278,True,True,True,False,True
2025-06-11 08:00:00,PRD-A,38.0,1237.0,0.030719482619240096,0.028630707424988164,0.04661195978611832,0.06459321214724847,False,True,True,False,True
2025-06-11 16:00:00,PRD-A,63.0,1206.0,0.05223880597014925,0.02840107141797897,0.04661195978611832,0.06482284815425766,False,True,True,False,True
2025-06-18 00:00:00,PRD-A,43.0,1234.0,0.03484602917341977,0.028608863417304935,0.04661195978611832,0.0646150561549317,False,False,True,False,True
2025-06-18 08:00:00,PRD-A,37.0,1299.0,0.02848344880677444,0.02906506748295097,0.04661195978611832,0.06415885208928566,True,False,True,False,True
2025-06-18 16:00:00,PRD-A,55.0,1261.0,0.04361617763679619,0.028802643667359712,0.04661195978611832,0.06442127590487692,False,False,False,False,False
2025-06-19 00:00:00,PRD-A,39.0,1244.0,0.03135048231511254,0.028681369134254363,0.04661195978611832,0.06454255043798227,False,True,False,False,True
2025-06-19 08:00:00,PRD-A,48.0,1234.0,0.03889789303079417,0.028608863417304935,0.04661195978611832,0.0646150561549317,False,False,True,False,True
2025-06-19 16:00:00,PRD-A,66.0,1267.0,0.05209155485398579,0.028844862571752207,0.04661195978611832,0.06437905700048444,False,False,False,False,False
2025-06-26 00:00:00,PRD-A,27.0,754.0,0.03580901856763926,0.023580624744658746,0.04661195978611832,0.06964329482757789,False,False,False,False,False
2025-06-26 08:00:00,PRD-A,24.0,1313.0,0.01827875095201828,0.02915886597545822,0.04661195978611832,0.06406505359677842,True,False,True,False,True
2025-06-26 16:00:00,PRD-A,34.0,1246.0,0.027287319422150885,0.028695765435773988,0.04661195978611832,0.06452815413646265,True,True,True,False,True
2025-06-27 00:00:00,PRD-A,29.0,1312.0,0.022103658536585365,0.029152215910895826,0.04661195978611832,0.06407170366134081,True,True,True,False,True
2025-06-27 08:00:00,PRD-A,44.0,1330.0,0.03308270676691729,0.02927076703289004,0.04661195978611832,0.0639531525393466,False,True,True,False,True
2025-06-27 16:00:00,PRD-A,46.0,1266.0,0.036334913112164295,0.028837846935856143,0.04661195978611832,0.06438607263638049,False,True,True,False,True
2024-01-05 00:00:00,PRD-A,46.0,1228.0,0.03745928338762215,0.028564935504009105,0.04661195978611832,0.06465898406822754,False,False,True,False,True
2024-01-05 08:00:00,PRD-A,40.0,1303.0,0.03069838833461243,0.029092021250480986,0.04661195978611832,0.06413189832175564,False,False,True,True,True
2024-01-05 16:00:00,PRD-A,70.0,1223.0,0.05723630417007359,0.028528082240629197,0.04661195978611832,0.06469583733160744,False,False,True,False,True
2024-01-06 00:00:00,PRD-A,45.0,1282.0,0.035101404056162244,0.0289491100815175,0.04661195978611832,0.06427480949071913,False,False,True,False,True
2024-01-06 08:00:00,PRD-A,43.0,1236.0,0.03478964401294499,0.028623434926263666,0.04661195978611832,0.06460048464597297,False,False,True,False,True
2024-01-06 16:00:00,PRD-A,73.0,1192.0,0.061241610738255035,0.02829444046187821,0.04661195978611832,0.06492947911035843,False,False,False,False,False
2024-01-13 00:00:00,PRD-A,59.0,1212.0,0.04867986798679868,0.028446203800546355,0.04661195978611832,0.06477771577169028,False,False,False,False,False
2024-01-13 08:00:00,PRD-A,39.0,1240.0,0.031451612903225803,0.028652472112038196,0.04661195978611832,0.06457144746019844,False,False,False,False,False
2024-01-13 16:00:00,PRD-A,85.0,1230.0,0.06910569105691057,0.028579613850709347,0.04661195978611832,0.0646443057215273,True,False,False,False,True
2024-01-14 00:00:00,PRD-A,65.0,1265.0,0.05138339920948617,0.028830822982667422,0.04661195978611832,0.06439309658956921,False,False,False,False,False
2024-01-14 08:00:00,PRD-A,50.0,982.0,0.05091649694501019,0.02643066425468558,0.04661195978611832,0.06679325531755105,False,False,False,False,False
2024-01-14 16:00:00,PRD-A,39.0,1233.0,0.031630170316301706,0.028601564371244333,0.04661195978611832,0.0646223552009923,False,False,False,False,False
2024-01-21 00:00:00,PRD-A,92.0,1160.0,0.07931034482758621,0.028043503846951586,0.04661195978611832,0.06518041572528505,True,False,False,False,True
2024-01-21 08:00:00,PRD-A,69.0,1221.0,0.056511056511056514,0.0285132775901386,0.04661195978611832,0.06471064198209803,False,False,False,False,False
2024-01-21 16:00:00,PRD-A,81.0,1153.0,0.07025151777970512,0.027987223487720498,0.04661195978611832,0.06523669608451614,True,True,False,False,True
2024-01-22 00:00:00,PRD-A,57.0,1224.0,0.04656862745098039,0.028535470954950078,0.04661195978611832,0.06468844861728656,False,False,False,False,False
2024-01-22 08:00:00,PRD-A,62.0,1194.0,0.051926298157453935,0.028309788197563544,0.04661195978611832,0.06491413137467308,False,False,False,False,False
2024-01-22 16:00:00,PRD-A,101.0,1130.0,0.08938053097345133,0.027798634511381672,0.04661195978611832,0.06542528506085496,True,False,False,False,True
2024-01-29 00:00:00,PRD-A,67.0,1161.0,0.05770887166236004,0.02805150232069731,0.04661195978611832,0.06517241725153933,False,False,False,False,False
2024-01-29 08:00:00,PRD-A,60.0,1228.0,0.048859934853420196,0.028564935504009105,0.04661195978611832,0.06465898406822754,False,False,False,False,False
2024-01-29 16:00:00,PRD-A,94.0,1194.0,0.07872696817420435,0.028309788197563544,0.04661195978611832,0.06491413137467308,True,False,False,False,True
2024-01-30 00:00:00,PRD-A,84.0,1226.0,0.06851549755301795,0.028550221254290294,0.04661195978611832,0.06467369831794634,True,True,True,False,True
2024-01-30 08:00:00,PRD-A,74.0,1183.0,0.06255283178360102,0.028224894683818915,0.04661195978611832,0.06499902488841772,False,True,True,False,True
2024-01-30 16:00:00,PRD-A,95.0,1205.0,0.07883817427385892,0.028393516599828583,0.04661195978611832,0.06483040297240805,True,True,True,True,True
2024-02-06 00:00:00,PRD-A,62.0,1234.0,0.050243111831442464,0.028608863417304935,0.04661195978611832,0.0646150561549317,False,True,True,True,True
2024-02-06 08:00:00,PRD-A,55.0,1257.0,0.04375497215592681,0.02877432995136084,0.04661195978611832,0.0644495896208758,False,False,False,False,False
2024-02-06 16:00:00,PRD-A,63.0,1203.0,0.05236907730673317,0.028378378713389416,0.04661195978611832,0.06484554085884722,False,False,False,False,False
2024-02-07 00:00:00,PRD-A,69.0,1262.0,0.05467511885895404,0.028809701054646444,0.04661195978611832,0.06441421851759019,False,False,False,False,False
2024-02-07 08:00:00,PRD-A,81.0,1211.0,0.06688687035507845,0.02843870503614624,0.04661195978611832,0.0647852145360904,True,False,False,False,True
2024-02-07 16:00:00,PRD-A,58.0,723.0,0.08022130013831259,0.02309205076800961,0.04661195978611832,0.07013186880422703,True,True,False,False,True
2024-02-14 00:00:00,PRD-A,37.0,1215.0,0.030452674897119343,0.028468644520645535,0.04661195978611832,0.0647552750515911,False,True,False,False,True
2024-02-14 08:00:00,PRD-A,38.0,1259.0,0.030182684670373314,0.02878850367615343,0.04661195978611832,0.0644354158960832,False,True,False,False,True
2024-02-14 16:00:00,PRD-A,64.0,1238.0,0.051696284329563816,0.028637971110342574,0.04661195978611832,0.06458594846189405,False,True,False,False,True
2024-02-15 00:00:00,PRD-A,57.0,1266.0,0.045023696682464455,0.028837846935856143,0.04661195978611832,0.06438607263638049,False,False,False,False,False
2024-02-15 08:00:00,PRD-A,46.0,1209.0,0.0380479735318445,0.028423679605923506,0.04661195978611832,0.06480023996631312,False,False,False,False,False
2024-02-15 16:00:00,PRD-A,67.0,1241.0,0.053988718775181306,0.028659709463802596,0.04661195978611832,0.06456421010843404,False,False,False,False,False
2024-02-22 00:00:00,PRD-A,43.0,1215.0,0.03539094650205761,0.028468644520645535,0.04661195978611832,0.0647552750515911,False,False,False,False,False
2024-02-22 08:00:00,PRD-A,53.0,1210.0,0.043801652892561986,0.0284311969776768,0.04661195978611832,0.06479272259455984,False,False,False,False,False
2024-02-22 16:00:00,PRD-A,67.0,1192.0,0.05620805369127517,0.02829444046187821,0.04661195978611832,0.06492947911035843,False,False,False,False,False
2024-02-23 00:00:00,PRD-A,34.0,1218.0,0.027914614121510674,0.02849100228054388,0.04661195978611832,0.06473291729169275,True,False,False,False,True
2024-02-23 08:00:00,PRD-A,33.0,1258.0,0.026232114467408585,0.028781421038834357,0.04661195978611832,0.06444249853340228,True,True,False,False,True
2024-02-23 16:00:00,PRD-A,75.0,1225.0,0.061224489795918366,0.028542850620018257,0.04661195978611832,0.06468106895221838,False,True,False,False,True
2024-03-01 00:00:00,PRD-A,40.0,1246.0,0.03210272873194221,0.028695765435773988,0.04661195978611832,0.06452815413646265,False,True,False,False,True
2024-03-01 08:00:00,PRD-A,52.0,1231.0,0.04224207961007311,0.028586939606012857,0.04661195978611832,0.06463697996622378,False,False,False,False,False
2024-03-01 16:00:00,PRD-A,59.0,1225.0,0.04816326530612245,0.028542850620018257,0.04661195978611832,0.06468106895221838,False,False,False,False,False
2024-03-02 00:00:00,PRD-A,51.0,1235.0,0.04129554655870445,0.028616153596331857,0.04661195978611832,0.06460776597590479,False,False,False,False,False
2024-03-02 08:00:00,PRD-A,42.0,1250.0,0.0336,0.02872445431622922,0.04661195978611832,0.06449946525600742,False,False,False,False,False
2024-03-02 16:00:00,PRD-A,51.0,1195.0,0.042677824267782424,0.028317447612667156,0.04661195978611832,0.06490647195956947,False,False,False,False,False
2024-03-09 00:00:00,PRD-A,78.0,1222.0,0.06382978723404255,0.02852068445854619,0.04661195978611832,0.06470323511369044,False,False,False,False,False
2024-03-09 08:00:00,PRD-A,92.0,1244.0,0.07395498392282958,0.028681369134254363,0.04661195978611832,0.06454255043798227,True,True,False,False,True
2024-03-09 16:00:00,PRD-A,122.0,1227.0,0.09942950285248574,0.028557582876170096,0.04661195978611832,0.06466633669606654,True,True,False,False,True
2024-03-10 00:00:00,PRD-A,86.0,1190.0,0.07226890756302522,0.028279054050661105,0.04661195978611832,0.06494486552157552,True,True,True,False,True
2024-03-10 08:00:00,PRD-A,90.0,1237.0,0.07275666936135812,0.028630707424988164,0.04661195978611832,0.06459321214724847,True,True,True,False,True
2024-03-10 16:00:00,PRD-A,109.0,1074.0,0.10148975791433892,0.02731438887832084,0.04661195978611832,0.0659095306939158,True,True,True,False,True
2024-03-17 00:00:00,PRD-A,61.0,1261.0,0.04837430610626487,0.028802643667359712,0.04661195978611832,0.06442127590487692,False,True,True,False,True
2024-03-17 08:00:00,PRD-A,62.0,1319.0,0.04700530705079606,0.02919860741711216,0.04661195978611832,0.06402531215512447,False,False,False,True,True
2024-03-17 16:00:00,PRD-A,89.0,1189.0,0.07485281749369217,0.028271346290919486,0.04661195978611832,0.06495257328131715,True,False,False,True,True
2024-03-18 00:00:00,PRD-A,52.0,1231.0,0.04224207961007311,0.028586939606012857,0.04661195978611832,0.06463697996622378,False,False,False,False,False
2024-03-18 08:00:00,PRD-A,65.0,1248.0,0.052083333333333336,0.028710127116919948,0.04661195978611832,0.06451379245531669,False,False,False,False,False
2024-03-18 16:00:00,PRD-A,71.0,1220.0,0.05819672131147541,0.028505861616790716,0.04661195978611832,0.06471805795544591,False,False,False,False,False
2024-03-25 00:00:00,PRD-A,51.0,1209.0,0.04218362282878412,0.028423679605923506,0.04661195978611832,0.06480023996631312,False,False,False,False,False
2024-03-25 08:00:00,PRD-A,47.0,1289.0,0.03646237393328161,0.028997135009369977,0.04661195978611832,0.06422678456286665,False,False,False,False,False
2024-03-25 16:00:00,PRD-A,59.0,1266.0,0.04660347551342812,0.028837846935856143,0.04661195978611832,0.06438607263638049,False,False,False,False,False
2024-03-26 00:00:00,PRD-A,61.0,1241.0,0.04915390813859791,0.028659709463802596,0.04661195978611832,0.06456421010843404,False,False,False,False,False
2024-03-26 08:00:00,PRD-A,51.0,1280.0,0.03984375,0.0289353163662527,0.04661195978611832,0.06428860320598394,False,False,False,False,False
2024-03-26 16:00:00,PRD-A,60.0,1186.0,0.050590219224283306,0.028248164549842067,0.04661195978611832,0.06497575502239457,False,False,False,False,False
2024-04-02 00:00:00,PRD-A,49.0,1239.0,0.03954802259887006,0.028645226000113714,0.04661195978611832,0.06457869357212292,False,False,False,False,False
2024-04-02 08:00:00,PRD-A,61.0,1248.0,0.04887820512820513,0.028710127116919948,0.04661195978611832,0.06451379245531669,False,False,False,False,False
2024-04-02 16:00:00,PRD-A,67.0,1194.0,0.05611390284757119,0.028309788197563544,0.04661195978611832,0.06491413137467308,False,False,False,False,False
2024-04-03 00:00:00,PRD-A,56.0,1278.0,0.04381846635367762,0.02892149028402948,0.04661195978611832,0.06430242928820715,False,False,False,False,False
2024-04-03 08:00:00,PRD-A,66.0,1251.0,0.05275779376498801,0.02873160502827586,0.04661195978611832,0.06449231454396077,False,False,False,False,False
2024-04-03 16:00:00,PRD-A,49.0,929.0,0.0527448869752422,0.025862971329335682,0.04661195978611832,0.06736094824290095,False,False,False,False,False
2024-04-10 00:00:00,PRD-A,55.0,1287.0,0.042735042735042736,0.02898345359000508,0.04661195978611832,0.06424046598223156,False,False,False,False,False
2024-04-10 08:00:00,PRD-A,36.0,1247.0,0.028869286287089013,0.028702950595216888,0.04661195978611832,0.06452096897701975,False,False,False,False,False
2024-04-10 16:00:00,PRD-A,64.0,1203.0,0.05320033250207814,0.028378378713389416,0.04661195978611832,0.06484554085884722,False,False,False,False,False
2024-04-11 00:00:00,PRD-A,42.0,1307.0,0.032134659525631215,0.029118851187411022,0.04661195978611832,0.06410506838482562,False,True,False,False,True
2024-04-11 08:00:00,PRD-A,24.0,1227.0,0.019559902200488997,0.028557582876170096,0.04661195978611832,0.06466633669606654,True,True,False,False,True
2024-04-11 16:00:00,PRD-A,54.0,1233.0,0.043795620437956206,0.028601564371244333,0.04661195978611832,0.0646223552009923,False,True,False,False,True
2024-04-18 00:00:00,PRD-A,53.0,1237.0,0.04284559417946645,0.028630707424988164,0.04661195978611832,0.06459321214724847,False,False,False,False,False
2024-04-18 08:00:00,PRD-A,59.0,1292.0,0.0456656346749226,0.02901759754263951,0.04661195978611832,0.06420632202959713,False,False,False,False,False
2024-04-18 16:00:00,PRD-A,75.0,1231.0,0.060926076360682375,0.028586939606012857,0.04661195978611832,0.06463697996622378,False,False,False,False,False
2024-04-19 00:00:00,PRD-A,64.0,1218.0,0.052545155993431854,0.02849100228054388,0.04661195978611832,0.06473291729169275,False,False,False,False,False
2024-04-19 08:00:00,PRD-A,61.0,1193.0,0.05113160100586756,0.028302119154030435,0.04661195978611832,0.0649218004182062,False,False,False,False,False
2024-04-19 16:00:00,PRD-A,96.0,1226.0,0.07830342577487764,0.028550221254290294,0.04661195978611832,0.06467369831794634,True,False,False,False,True
2024-04-26 00:00:00,PRD-A,27.0,1246.0,0.021669341894060994,0.028695765435773988,0.04661195978611832,0.06452815413646265,True,False,False,False,True
2024-04-26 08:00:00,PRD-A,41.0,1206.0,0.03399668325041459,0.02840107141797897,0.04661195978611832,0.06482284815425766,False,True,False,False,True
2024-04-26 16:00:00,PRD-A,72.0,1167.0,0.061696658097686374,0.028099277065222843,0.04661195978611832,0.06512464250701379,False,True,False,False,True
2024-04-27 00:00:00,PRD-A,45.0,1138.0,0.03954305799648506,0.027864878820154267,0.04661195978611832,0.06535904075208238,False,False,False,False,False
2024-04-27 08:00:00,PRD-A,51.0,1274.0,0.040031397174254316,0.028893740510890924,0.04661195978611832,0.06433017906134571,False,False,True,False,True
2024-04-27 16:00:00,PRD-A,70.0,1183.0,0.05917159763313609,0.028224894683818915,0.04661195978611832,0.06499902488841772,False,False,False,False,False
2024-05-04 00:00:00,PRD-A,65.0,1237.0,0.05254648342764753,0.028630707424988164,0.04661195978611832,0.06459321214724847,False,False,False,False,False
2024-05-04 08:00:00,PRD-A,57.0,1226.0,0.0464926590538336,0.028550221254290294,0.04661195978611832,0.06467369831794634,False,False,False,False,False
2024-05-04 16:00:00,PRD-A,91.0,1152.0,0.07899305555555555,0.027979141588317175,0.04661195978611832,0.06524477798391946,True,False,False,False,True
2024-05-05 00:00:00,PRD-A,62.0,1215.0,0.05102880658436214,0.028468644520645535,0.04661195978611832,0.0647552750515911,False,False,False,False,False
2024-05-05 08:00:00,PRD-A,53.0,1221.0,0.043407043407043405,0.0285132775901386,0.04661195978611832,0.06471064198209803,False,False,False,False,False
2024-05-05 16:00:00,PRD-A,79.0,1220.0,0.06475409836065574,0.028505861616790716,0.04661195978611832,0.06471805795544591,True,False,False,False,True
2024-05-12 00:00:00,PRD-A,52.0,1191.0,0.0436607892527288,0.028286752100857928,0.04661195978611832,0.0649371674713787,False,False,False,False,False
2024-05-12 08:00:00,PRD-A,54.0,1232.0,0.04383116883116883,0.028594256440160525,0.04661195978611832,0.0646296631320761,False,False,False,False,False
2024-05-12 16:00:00,PRD-A,80.0,1243.0,0.06436041834271923,0.028674157957348373,0.04661195978611832,0.06454976161488826,False,False,False,False,False
2024-05-13 00:00:00,PRD-A,100.0,1222.0,0.08183306055646482,0.02852068445854619,0.04661195978611832,0.06470323511369044,True,True,False,False,True
2024-05-13 08:00:00,PRD-A,98.0,988.0,0.09919028340080972,0.026492036810981313,0.04661195978611832,0.06673188276125533,True,True,False,False,True
2024-05-13 16:00:00,PRD-A,77.0,1263.0,0.06096595407759303,0.028816750058578096,0.04661195978611832,0.06440716951365855,False,True,True,False,True
2024-05-20 00:00:00,PRD-A,49.0,1203.0,0.040731504571903575,0.028378378713389416,0.04661195978611832,0.06484554085884722,False,True,True,False,True
2024-05-20 08:00:00,PRD-A,57.0,1317.0,0.04328018223234624,0.029185390449464325,0.04661195978611832,0.0640385291227723,False,False,False,False,False
2024-05-20 16:00:00,PRD-A,59.0,1268.0,0.04652996845425868,0.028851869906757307,0.04661195978611832,0.06437204966547933,False,False,False,False,False
2024-05-21 00:00:00,PRD-A,46.0,1308.0,0.035168195718654434,0.02912553943410883,0.04661195978611832,0.0640983801381278,False,False,False,False,False
2024-05-21 08:00:00,PRD-A,40.0,1240.0,0.03225806451612903,0.028652472112038196,0.04661195978611832,0.06457144746019844,False,False,False,False,False
2024-05-21 16:00:00,PRD-A,50.0,1246.0,0.04012841091492777,0.028695765435773988,0.04661195978611832,0.06452815413646265,False,False,False,False,False
2024-05-28 00:00:00,PRD-A,48.0,1223.0,0.039247751430907606,0.028528082240629197,0.04661195978611832,0.06469583733160744,False,False,True,False,True
2024-05-28 08:00:00,PRD-A,55.0,1254.0,0.043859649122807015,0.0287530058196167,0.04661195978611832,0.06447091375261993,False,False,True,True,True
2024-05-28 16:00:00,PRD-A,74.0,1195.0,0.06192468619246862,0.028317447612667156,0.04661195978611832,0.06490647195956947,False,False,False,False,False
2024-05-29 00:00:00,PRD-A,51.0,1225.0,0.04163265306122449,0.028542850620018257,0.04661195978611832,0.06468106895221838,False,False,False,False,False
2024-05-29 08:00:00,PRD-A,57.0,1222.0,0.046644844517184945,0.02852068445854619,0.04661195978611832,0.06470323511369044,False,False,False,False,False
2024-05-29 16:00:00,PRD-A,73.0,1200.0,0.060833333333333336,0.02835560096425526,0.04661195978611832,0.06486831860798137,False,False,False,False,False
2024-06-05 00:00:00,PRD-A,60.0,1190.0,0.05042016806722689,0.028279054050661105,0.04661195978611832,0.06494486552157552,False,False,False,False,False
2024-06-05 08:00:00,PRD-A,71.0,1241.0,0.057211925866236905,0.028659709463802596,0.04661195978611832,0.06456421010843404,False,False,False,False,False
2024-06-05 16:00:00,PRD-A,77.0,1130.0,0.06814159292035399,0.027798634511381672,0.04661195978611832,0.06542528506085496,True,False,False,False,True
2024-06-06 00:00:00,PRD-A,70.0,1215.0,0.05761316872427984,0.028468644520645535,0.04661195978611832,0.0647552750515911,False,False,True,False,True
2024-06-06 08:00:00,PRD-A,63.0,1211.0,0.05202312138728324,0.02843870503614624,0.04661195978611832,0.0647852145360904,False,False,False,False,False
2024-06-06 16:00:00,PRD-A,85.0,1192.0,0.07130872483221476,0.02829444046187821,0.04661195978611832,0.06492947911035843,True,False,True,True,True
2024-06-13 00:00:00,PRD-A,52.0,1283.0,0.04053000779423227,0.028955994840970098,0.04661195978611832,0.06426792473126654,False,False,False,False,False
2024-06-13 08:00:00,PRD-A,31.0,1288.0,0.02406832298136646,0.02899029828302028,0.04661195978611832,0.06423362128921636,True,False,False,False,True
2024-06-13 16:00:00,PRD-A,40.0,1262.0,0.03169572107765452,0.028809701054646444,0.04661195978611832,0.06441421851759019,False,True,False,False,True
2024-06-14 00:00:00,PRD-A,67.0,1260.0,0.05317460317460317,0.028795577880087565,0.04661195978611832,0.06442834169214907,False,True,False,False,True
2024-06-14 08:00:00,PRD-A,63.0,1332.0,0.0472972972972973,0.029283790837020325,0.04661195978611832,0.06394012873521632,False,False,False,False,False
2024-06-14 16:00:00,PRD-A,44.0,1311.0,0.033562166285278416,0.029145558239014123,0.04661195978611832,0.0640783613332225,False,False,False,False,False
2024-06-21 00:00:00,PRD-A,59.0,1289.0,0.045771916214119475,0.028997135009369977,0.04661195978611832,0.06422678456286665,False,False,False,False,False
2024-06-21 08:00:00,PRD-A,30.0,1265.0,0.023715415019762844,0.028830822982667422,0.04661195978611832,0.06439309658956921,True,True,False,False,True
2024-06-21 16:00:00,PRD-A,50.0,1305.0,0.038314176245210725,0.02910545163845376,0.04661195978611832,0.06411846793378287,False,False,False,False,False
2024-06-22 00:00:00,PRD-A,33.0,1289.0,0.02560124127230411,0.028997135009369977,0.04661195978611832,0.06422678456286665,True,True,True,False,True
2024-06-22 08:00:00,PRD-A,38.0,1305.0,0.029118773946360154,0.02910545163845376,0.04661195978611832,0.06411846793378287,False,True,True,False,True
2024-06-22 16:00:00,PRD-A,55.0,1210.0,0.045454545454545456,0.0284311969776768,0.04661195978611832,0.06479272259455984,False,True,True,False,True
2024-06-29 00:00:00,PRD-A,40.0,1209.0,0.033085194375516956,0.028423679605923506,0.04661195978611832,0.06480023996631312,False,True,True,True,True
2024-06-29 08:00:00,PRD-A,36.0,1201.0,0.02997502081598668,0.02836320302947009,0.04661195978611832,0.06486071654276654,False,True,True,True,True
2024-06-29 16:00:00,PRD-A,57.0,1271.0,0.044846577498033044,0.028872842269765883,0.04661195978611832,0.06435107730247075,False,True,False,True,True
2024-06-30 00:00:00,PRD-A,48.0,1266.0,0.037914691943127965,0.028837846935856143,0.04661195978611832,0.06438607263638049,False,False,False,True,True
2024-06-30 08:00:00,PRD-A,43.0,1001.0,0.04295704295704296,0.026623112623056805,0.04661195978611832,0.06660080694917983,False,False,False,True,True
2024-06-30 16:00:00,PRD-A,75.0,1335.0,0.056179775280898875,0.029303271640198955,0.04661195978611832,0.06392064793203768,False,False,False,False,False
2024-07-07 00:00:00,PRD-A,26.0,1256.0,0.020700636942675158,0.028767230396916643,0.04661195978611832,0.06445668917531999,True,False,False,False,True
2024-07-07 08:00:00,PRD-A,28.0,1326.0,0.021116138763197588,0.029244631083238836,0.04661195978611832,0.0639792884889978,True,True,False,False,True
2024-07-07 16:00:00,PRD-A,42.0,1295.0,0.032432432432432434,0.029037988929336636,0.04661195978611832,0.0641859306429,False,True,False,False,True
2024-07-08 00:00:00,PRD-A,62.0,1363.0,0.04548789435069699,0.029481979697327708,0.04661195978611832,0.06374193987490892,False,True,False,False,True
2024-07-08 08:00:00,PRD-A,74.0,1333.0,0.0555138784696174,0.02929029174475206,0.04661195978611832,0.06393362782748457,False,False,False,False,False
2024-07-08 16:00:00,PRD-A,42.0,1284.0,0.03271028037383177,0.028962871555912602,0.04661195978611832,0.06426104801632404,False,False,False,False,False
2024-07-15 00:00:00,PRD-A,53.0,1303.0,0.04067536454336147,0.029092021250480986,0.04661195978611832,0.06413189832175564,False,False,False,False,False
2024-07-15 08:00:00,PRD-A,51.0,1266.0,0.04028436018957346,0.028837846935856143,0.04661195978611832,0.06438607263638049,False,False,False,False,False
2024-07-15 16:00:00,PRD-A,42.0,1064.0,0.039473684210526314,0.02722391688254574,0.04661195978611832,0.06600000268969089,False,False,True,False,True
2024-07-16 00:00:00,PRD-A,17.0,1300.0,0.013076923076923076,0.029071817586029437,0.04661195978611832,0.0641521019862072,True,False,True,False,True
2024-07-16 08:00:00,PRD-A,50.0,1371.0,0.03646973012399708,0.029532030878343787,0.04661195978611832,0.06369188869389285,False,False,True,False,True
2024-07-16 16:00:00,PRD-A,45.0,1138.0,0.03954305799648506,0.027864878820154267,0.04661195978611832,0.06535904075208238,False,False,True,False,True
2024-07-23 00:00:00,PRD-A,85.0,1210.0,0.07024793388429752,0.0284311969776768,0.04661195978611832,0.06479272259455984,True,False,True,False,True
2024-07-23 08:00:00,PRD-A,117.0,1288.0,0.09083850931677019,0.02899029828302028,0.04661195978611832,0.06423362128921636,True,True,False,False,True
2024-07-23 16:00:00,PRD-A,124.0,1195.0,0.10376569037656903,0.028317447612667156,0.04661195978611832,0.06490647195956947,True,True,False,False,True
2024-07-24 00:00:00,PRD-A,109.0,1217.0,0.0895645028759244,0.028483558880145532,0.04661195978611832,0.0647403606920911,True,True,True,False,True
2024-07-24 08:00:00,PRD-A,130.0,1257.0,0.10342084327764518,0.02877432995136084,0.04661195978611832,0.0644495896208758,True,True,True,False,True
2024-07-24 16:00:00,PRD-A,173.0,1164.0,0.1486254295532646,0.028075435867036348,0.04661195978611832,0.0651484837052003,True,True,True,False,True
2024-07-31 00:00:00,PRD-A,53.0,1214.0,0.04365733113673806,0.02846117352371969,0.04661195978611832,0.06476274604851695,False,True,True,False,True
2024-07-31 08:00:00,PRD-A,53.0,1236.0,0.04288025889967637,0.028623434926263666,0.04661195978611832,0.06460048464597297,False,False,False,False,False
2024-07-31 16:00:00,PRD-A,93.0,1217.0,0.07641741988496302,0.028483558880145532,0.04661195978611832,0.0647403606920911,True,False,False,False,True
2024-08-01 00:00:00,PRD-A,78.0,1269.0,0.061465721040189124,0.028858868957227873,0.04661195978611832,0.06436505061500876,False,True,False,False,True
2024-08-01 08:00:00,PRD-A,68.0,1232.0,0.05519480519480519,0.028594256440160525,0.04661195978611832,0.0646296631320761,False,True,False,False,True
2024-08-01 16:00:00,PRD-A,80.0,1149.0,0.06962576153176675,0.02795483261751326,0.04661195978611832,0.06526908695472337,True,True,True,False,True
2024-08-08 00:00:00,PRD-A,54.0,1217.0,0.04437140509449466,0.028483558880145532,0.04661195978611832,0.0647403606920911,False,False,True,False,True
2024-08-08 08:00:00,PRD-A,55.0,1238.0,0.0444264943457189,0.028637971110342574,0.04661195978611832,0.06458594846189405,False,False,False,False,False
2024-08-08 16:00:00,PRD-A,77.0,1228.0,0.06270358306188925,0.028564935504009105,0.04661195978611832,0.06465898406822754,False,False,False,False,False
2024-08-09 00:00:00,PRD-A,43.0,1013.0,0.04244817374136229,0.026741859300560618,0.04661195978611832,0.06648206027167602,False,False,False,False,False
2024-08-09 08:00:00,PRD-A,30.0,1314.0,0.0228310502283105,0.02916550844717765,0.04661195978611832,0.06405841112505899,True,False,False,False,True
2024-08-09 16:00:00,PRD-A,36.0,1250.0,0.0288,0.02872445431622922,0.04661195978611832,0.06449946525600742,False,True,False,False,True
2024-08-16 00:00:00,PRD-A,55.0,1292.0,0.04256965944272446,0.02901759754263951,0.04661195978611832,0.06420632202959713,False,True,False,False,True
2024-08-16 08:00:00,PRD-A,34.0,1271.0,0.02675059008654603,0.028872842269765883,0.04661195978611832,0.06435107730247075,True,True,False,False,True
2024-08-16 16:00:00,PRD-A,48.0,1265.0,0.037944664031620556,0.028830822982667422,0.04661195978611832,0.06439309658956921,False,False,True,False,True
2024-08-17 00:00:00,PRD-A,36.0,1272.0,0.02830188679245283,0.02887981656432141,0.04661195978611832,0.06434410300791522,True,True,True,False,True
2024-08-17 08:00:00,PRD-A,39.0,1304.0,0.0299079754601227,0.029098740306734087,0.04661195978611832,0.06412517926550254,False,True,True,True,True
2024-08-17 16:00:00,PRD-A,67.0,1302.0,0.05145929339477726,0.02908529445486524,0.04661195978611832,0.0641386251173714,False,True,True,False,True
2024-08-24 00:00:00,PRD-A,44.0,1222.0,0.03600654664484452,0.02852068445854619,0.04661195978611832,0.06470323511369044,False,False,True,False,True
2024-08-24 08:00:00,PRD-A,44.0,1282.0,0.0343213728549142,0.0289491100815175,0.04661195978611832,0.06427480949071913,False,False,True,False,True
2024-08-24 16:00:00,PRD-A,49.0,1216.0,0.04029605263157895,0.028476106299807707,0.04661195978611832,0.06474781327242893,False,False,True,False,True
2024-08-25 00:00:00,PRD-A,46.0,1263.0,0.03642121931908155,0.028816750058578096,0.04661195978611832,0.06440716951365855,False,False,True,False,True
2024-08-25 08:00:00,PRD-A,49.0,1216.0,0.04029605263157895,0.028476106299807707,0.04661195978611832,0.06474781327242893,False,False,True,False,True
2024-08-25 16:00:00,PRD-A,62.0,1225.0,0.05061224489795919,0.028542850620018257,0.04661195978611832,0.06468106895221838,False,False,True,False,True
2024-09-01 00:00:00,PRD-A,29.0,1233.0,0.023519870235198703,0.028601564371244333,0.04661195978611832,0.0646223552009923,True,False,True,False,True
2024-09-01 08:00:00,PRD-A,47.0,1276.0,0.03683385579937304,0.028907631708067708,0.04661195978611832,0.06431628786416893,False,False,True,False,True
2024-09-01 16:00:00,PRD-A,61.0,1215.0,0.050205761316872426,0.028468644520645535,0.04661195978611832,0.0647552750515911,False,False,False,False,False
2024-09-02 00:00:00,PRD-A,49.0,1247.0,0.03929430633520449,0.028702950595216888,0.04661195978611832,0.06452096897701975,False,False,False,False,False
2024-09-02 08:00:00,PRD-A,52.0,1312.0,0.039634146341463415,0.029152215910895826,0.04661195978611832,0.06407170366134081,False,False,True,False,True
2024-09-02 16:00:00,PRD-A,75.0,1235.0,0.06072874493927125,0.028616153596331857,0.04661195978611832,0.06460776597590479,False,False,False,False,False
2024-09-09 00:00:00,PRD-A,53.0,1165.0,0.045493562231759654,0.028083393164642374,0.04661195978611832,0.06514052640759427,False,False,False,False,False
2024-09-09 08:00:00,PRD-A,68.0,1273.0,0.05341712490180676,0.02888678263931889,0.04661195978611832,0.06433713693291775,False,False,False,False,False
2024-09-09 16:00:00,PRD-A,87.0,1228.0,0.07084690553745929,0.028564935504009105,0.04661195978611832,0.06465898406822754,True,False,False,False,True
2024-09-10 00:00:00,PRD-A,56.0,1207.0,0.0463960231980116,0.02840861684542869,0.04661195978611832,0.06481530272680794,False,False,False,False,False
2024-09-10 08:00:00,PRD-A,67.0,1326.0,0.05052790346907994,0.029244631083238836,0.04661195978611832,0.0639792884889978,False,False,False,False,False
2024-09-10 16:00:00,PRD-A,92.0,1152.0,0.0798611111111111,0.027979141588317175,0.04661195978611832,0.06524477798391946,True,False,False,False,True
2024-09-17 00:00:00,PRD-A,51.0,1214.0,0.042009884678747944,0.02846117352371969,0.04661195978611832,0.06476274604851695,False,False,False,False,False
2024-09-17 08:00:00,PRD-A,61.0,1273.0,0.047918303220738416,0.02888678263931889,0.04661195978611832,0.06433713693291775,False,False,False,False,False
2024-09-17 16:00:00,PRD-A,102.0,1169.0,0.0872540633019675,0.02811512018555829,0.04661195978611832,0.06510879938667835,True,False,False,False,True
2024-09-18 00:00:00,PRD-A,65.0,1197.0,0.05430242272347535,0.02833273763804913,0.04661195978611832,0.0648911819341875,False,False,False,False,False
2024-09-18 08:00:00,PRD-A,76.0,1245.0,0.06104417670682731,0.028688571621249864,0.04661195978611832,0.06453534795098677,False,True,False,False,True
2024-09-18 16:00:00,PRD-A,96.0,1073.0,0.08946877912395154,0.02730539862816727,0.04661195978611832,0.06591852094406936,True,True,True,False,True
2024-09-25 00:00:00,PRD-A,79.0,1193.0,0.06621961441743504,0.028302119154030435,0.04661195978611832,0.0649218004182062,True,True,True,False,True
2024-09-25 08:00:00,PRD-A,67.0,1234.0,0.05429497568881685,0.028608863417304935,0.04661195978611832,0.0646150561549317,False,True,True,False,True
2024-09-25 16:00:00,PRD-A,94.0,1217.0,0.07723911257189811,0.028483558880145532,0.04661195978611832,0.0647403606920911,True,True,True,True,True
2024-09-26 00:00:00,PRD-A,45.0,750.0,0.06,0.023519289522760136,0.04661195978611832,0.0697046300494765,False,False,True,True,True
2024-09-26 08:00:00,PRD-A,29.0,1309.0,0.02215431627196333,0.02913222001519391,0.04661195978611832,0.06409169955704272,True,False,True,False,True
2024-09-26 16:00:00,PRD-A,47.0,1281.0,0.03669008587041374,0.028942217261858208,0.04661195978611832,0.06428170231037843,False,False,False,False,False
2024-10-03 00:00:00,PRD-A,62.0,1251.0,0.0495603517186251,0.02873160502827586,0.04661195978611832,0.06449231454396077,False,False,False,False,False
2024-10-03 08:00:00,PRD-A,65.0,1305.0,0.04980842911877394,0.02910545163845376,0.04661195978611832,0.06411846793378287,False,False,False,False,False
2024-10-03 16:00:00,PRD-A,83.0,1242.0,0.06682769726247988,0.028666938073043637,0.04661195978611832,0.064556981499193,True,False,False,False,True
2024-10-04 00:00:00,PRD-A,66.0,1267.0,0.05209155485398579,0.028844862571752207,0.04661195978611832,0.06437905700048444,False,False,False,False,False
2024-10-04 08:00:00,PRD-A,68.0,1293.0,0.05259087393658159,0.02902440255633187,0.04661195978611832,0.06419951701590476,False,False,False,False,False
2024-10-04 16:00:00,PRD-A,102.0,1323.0,0.07709750566893424,0.02922495138434398,0.04661195978611832,0.06399896818789266,True,False,False,False,True
2024-10-11 00:00:00,PRD-A,37.0,1258.0,0.029411764705882353,0.028781421038834357,0.04661195978611832,0.06444249853340228,False,False,False,False,False
2024-10-11 08:00:00,PRD-A,32.0,1253.0,0.025538707102952914,0.028745880762893368,0.04661195978611832,0.06447803880934327,True,True,False,False,True
2024-10-11 16:00:00,PRD-A,63.0,1222.0,0.05155482815057283,0.02852068445854619,0.04661195978611832,0.06470323511369044,False,True,False,False,True
2024-10-12 00:00:00,PRD-A,48.0,1282.0,0.0374414976599064,0.0289491100815175,0.04661195978611832,0.06427480949071913,False,False,False,False,False
2024-10-12 08:00:00,PRD-A,57.0,1265.0,0.045059288537549404,0.028830822982667422,0.04661195978611832,0.06439309658956921,False,False,False,False,False
2024-10-12 16:00:00,PRD-A,74.0,1215.0,0.060905349794238686,0.028468644520645535,0.04661195978611832,0.0647552750515911,False,False,False,False,False
2024-10-19 00:00:00,PRD-A,71.0,800.0,0.08875,0.024252577948756945,0.04661195978611832,0.06897134162347969,True,True,False,False,True
2024-10-19 08:00:00,PRD-A,31.0,1218.0,0.025451559934318555,0.02849100228054388,0.04661195978611832,0.06473291729169275,True,True,False,False,True
2024-10-19 16:00:00,PRD-A,45.0,1282.0,0.035101404056162244,0.0289491100815175,0.04661195978611832,0.06427480949071913,False,False,False,False,False
2024-10-20 00:00:00,PRD-A,36.0,1253.0,0.028731045490822026,0.028745880762893368,0.04661195978611832,0.06447803880934327,True,True,False,False,True
2024-10-20 08:00:00,PRD-A,38.0,1264.0,0.030063291139240507,0.02882379069573896,0.04661195978611832,0.06440012887649768,False,True,True,False,True
2024-10-20 16:00:00,PRD-A,55.0,1246.0,0.044141252006420544,0.028695765435773988,0.04661195978611832,0.06452815413646265,False,True,True,False,True
2024-10-27 00:00:00,PRD-A,54.0,1176.0,0.04591836734693878,0.02817025246795515,0.04661195978611832,0.06505366710428148,False,False,False,False,False
2024-10-27 08:00:00,PRD-A,50.0,1258.0,0.0397456279809221,0.028781421038834357,0.04661195978611832,0.06444249853340228,False,False,False,False,False
2024-10-27 16:00:00,PRD-A,60.0,1253.0,0.047885075818036714,0.028745880762893368,0.04661195978611832,0.06447803880934327,False,False,False,False,False
2024-10-28 00:00:00,PRD-A,52.0,1290.0,0.040310077519379844,0.029003963784496437,0.04661195978611832,0.0642199557877402,False,False,False,False,False
2024-10-28 08:00:00,PRD-A,51.0,1277.0,0.039937353171495694,0.028914565065716817,0.04661195978611832,0.06430935450651981,False,False,False,False,False
2024-10-28 16:00:00,PRD-A,73.0,1227.0,0.059494702526487364,0.028557582876170096,0.04661195978611832,0.06466633669606654,False,False,False,False,False
2024-11-04 00:00:00,PRD-A,46.0,1234.0,0.03727714748784441,0.028608863417304935,0.04661195978611832,0.0646150561549317,False,False,False,False,False
2024-11-04 08:00:00,PRD-A,50.0,1295.0,0.03861003861003861,0.029037988929336636,0.04661195978611832,0.0641859306429,False,False,True,False,True
2024-11-04 16:00:00,PRD-A,76.0,1231.0,0.06173842404549147,0.028586939606012857,0.04661195978611832,0.06463697996622378,False,False,False,False,False
2024-11-05 00:00:00,PRD-A,44.0,1209.0,0.036393713813068655,0.028423679605923506,0.04661195978611832,0.06480023996631312,False,False,False,False,False
2024-11-05 08:00:00,PRD-A,41.0,1223.0,0.033524121013900246,0.028528082240629197,0.04661195978611832,0.06469583733160744,False,False,True,False,True
2024-11-05 16:00:00,PRD-A,86.0,1209.0,0.07113316790736146,0.028423679605923506,0.04661195978611832,0.06480023996631312,True,False,False,False,True
2024-11-12 00:00:00,PRD-A,49.0,1213.0,0.0403957131079967,0.028453693290036226,0.04661195978611832,0.06477022628220042,False,False,False,False,False
2024-11-12 08:00:00,PRD-A,61.0,1229.0,0.04963384865744508,0.02857227915610649,0.04661195978611832,0.06465164041613014,False,False,False,False,False
2024-11-12 16:00:00,PRD-A,103.0,1192.0,0.08640939597315436,0.02829444046187821,0.04661195978611832,0.06492947911035843,True,False,False,False,True
2024-11-13 00:00:00,PRD-A,71.0,1222.0,0.05810147299509002,0.02852068445854619,0.04661195978611832,0.06470323511369044,False,False,False,False,False
2024-11-13 08:00:00,PRD-A,81.0,1251.0,0.06474820143884892,0.02873160502827586,0.04661195978611832,0.06449231454396077,True,True,False,False,True
2024-11-13 16:00:00,PRD-A,91.0,1201.0,0.07577019150707744,0.02836320302947009,0.04661195978611832,0.06486071654276654,True,True,True,False,True
2024-11-20 00:00:00,PRD-A,50.0,1284.0,0.03894080996884735,0.028962871555912602,0.04661195978611832,0.06426104801632404,False,True,True,False,True
2024-11-20 08:00:00,PRD-A,46.0,1347.0,0.03414996288047513,0.02938054295528641,0.04661195978611832,0.06384337661695022,False,False,False,False,False
2024-11-20 16:00:00,PRD-A,41.0,1314.0,0.03120243531202435,0.02916550844717765,0.04661195978611832,0.06405841112505899,False,True,False,False,True
2024-11-21 00:00:00,PRD-A,35.0,1302.0,0.026881720430107527,0.02908529445486524,0.04661195978611832,0.0641386251173714,True,True,True,False,True
2024-11-21 08:00:00,PRD-A,29.0,1235.0,0.02348178137651822,0.028616153596331857,0.04661195978611832,0.06460776597590479,True,True,True,False,True
2024-11-21 16:00:00,PRD-A,48.0,1242.0,0.03864734299516908,0.028666938073043637,0.04661195978611832,0.064556981499193,False,True,True,False,True
2024-11-28 00:00:00,PRD-A,35.0,1267.0,0.027624309392265192,0.028844862571752207,0.04661195978611832,0.06437905700048444,True,True,True,False,True
2024-11-28 08:00:00,PRD-A,43.0,1268.0,0.03391167192429022,0.028851869906757307,0.04661195978611832,0.06437204966547933,False,True,True,True,True
2024-11-28 16:00:00,PRD-A,52.0,1253.0,0.041500399042298484,0.028745880762893368,0.04661195978611832,0.06447803880934327,False,True,True,True,True
2024-11-29 00:00:00,PRD-A,57.0,1297.0,0.04394757131842714,0.029051543864524867,0.04661195978611832,0.06417237570771177,False,False,False,True,True
2024-11-29 08:00:00,PRD-A,35.0,1307.0,0.026778882938026015,0.029118851187411022,0.04661195978611832,0.06410506838482562,True,False,False,True,True
2024-11-29 16:00:00,PRD-A,60.0,1223.0,0.04905968928863451,0.028528082240629197,0.04661195978611832,0.06469583733160744,False,False,False,False,False
2024-12-06 00:00:00,PRD-A,34.0,1250.0,0.0272,0.02872445431622922,0.04661195978611832,0.06449946525600742,True,True,False,False,True
2024-12-06 08:00:00,PRD-A,34.0,1136.0,0.02992957746478873,0.02784838336516708,0.04661195978611832,0.06537553620706955,False,True,False,False,True
2024-12-06 16:00:00,PRD-A,26.0,1325.0,0.019622641509433963,0.02923807861037681,0.04661195978611832,0.06398584096185983,True,True,True,False,True
2024-12-07 00:00:00,PRD-A,34.0,1330.0,0.02556390977443609,0.02927076703289004,0.04661195978611832,0.0639531525393466,True,True,True,False,True
2024-12-07 08:00:00,PRD-A,30.0,1328.0,0.022590361445783132,0.02925771381858166,0.04661195978611832,0.06396620575365497,True,True,True,False,True
2024-12-07 16:00:00,PRD-A,28.0,1278.0,0.02190923317683881,0.02892149028402948,0.04661195978611832,0.06430242928820715,True,True,True,False,True
2024-12-14 00:00:00,PRD-A,89.0,1227.0,0.07253463732681337,0.028557582876170096,0.04661195978611832,0.06466633669606654,True,True,True,False,True
2024-12-14 08:00:00,PRD-A,114.0,1288.0,0.08850931677018634,0.02899029828302028,0.04661195978611832,0.06423362128921636,True,True,False,False,True
2024-12-14 16:00:00,PRD-A,150.0,1213.0,0.1236603462489695,0.028453693290036226,0.04661195978611832,0.06477022628220042,True,True,False,False,True
2024-12-15 00:00:00,PRD-A,118.0,1164.0,0.1013745704467354,0.028075435867036348,0.04661195978611832,0.0651484837052003,True,True,True,False,True
2024-12-15 08:00:00,PRD-A,112.0,1245.0,0.08995983935742972,0.028688571621249864,0.04661195978611832,0.06453534795098677,True,True,True,False,True
2024-12-15 16:00:00,PRD-A,154.0,1189.0,0.1295206055508831,0.028271346290919486,0.04661195978611832,0.06495257328131715,True,True,True,False,True
2024-12-22 00:00:00,PRD-A,52.0,1167.0,0.044558697514995714,0.028099277065222843,0.04661195978611832,0.06512464250701379,False,True,True,False,True
2024-12-22 08:00:00,PRD-A,40.0,832.0,0.04807692307692308,0.024686782036007215,0.04661195978611832,0.06853713753622942,False,False,False,False,False
2024-12-22 16:00:00,PRD-A,49.0,1197.0,0.04093567251461988,0.02833273763804913,0.04661195978611832,0.0648911819341875,False,False,False,False,False
2024-12-23 00:00:00,PRD-A,31.0,1290.0,0.024031007751937984,0.029003963784496437,0.04661195978611832,0.0642199557877402,True,False,False,False,True
2024-12-23 08:00:00,PRD-A,36.0,1308.0,0.027522935779816515,0.02912553943410883,0.04661195978611832,0.0640983801381278,True,True,False,False,True
2024-12-23 16:00:00,PRD-A,44.0,1295.0,0.03397683397683398,0.029037988929336636,0.04661195978611832,0.0641859306429,False,True,False,False,True
2024-12-30 00:00:00,PRD-A,50.0,1189.0,0.04205214465937763,0.028271346290919486,0.04661195978611832,0.06495257328131715,False,True,False,False,True
2024-12-30 08:00:00,PRD-A,41.0,1290.0,0.03178294573643411,0.029003963784496437,0.04661195978611832,0.0642199557877402,False,True,True,False,True
2024-12-30 16:00:00,PRD-A,80.0,1241.0,0.064464141821112,0.028659709463802596,0.04661195978611832,0.06456421010843404,False,False,False,False,False
2024-12-31 00:00:00,PRD-A,53.0,1276.0,0.041536050156739814,0.028907631708067708,0.04661195978611832,0.06431628786416893,False,False,False,False,False
2024-12-31 08:00:00,PRD-A,52.0,1282.0,0.0405616224648986,0.0289491100815175,0.04661195978611832,0.06427480949071913,False,False,False,False,False
2024-12-31 16:00:00,PRD-A,81.0,1195.0,0.06778242677824267,0.028317447612667156,0.04661195978611832,0.06490647195956947,True,False,False,False,True
2025-01-07 00:00:00,PRD-A,39.0,1205.0,0.03236514522821577,0.028393516599828583,0.04661195978611832,0.06483040297240805,False,False,False,False,False
2025-01-07 08:00:00,PRD-A,50.0,1239.0,0.04035512510088781,0.028645226000113714,0.04661195978611832,0.06457869357212292,False,False,False,False,False
2025-01-07 16:00:00,PRD-A,58.0,1181.0,0.04911092294665537,0.028209332205279894,0.04661195978611832,0.06501458736695674,False,False,False,False,False
2025-01-08 00:00:00,PRD-A,69.0,1271.0,0.05428796223446106,0.028872842269765883,0.04661195978611832,0.06435107730247075,False,False,False,False,False
2025-01-08 08:00:00,PRD-A,77.0,1278.0,0.06025039123630673,0.02892149028402948,0.04661195978611832,0.06430242928820715,False,False,False,False,False
2025-01-08 16:00:00,PRD-A,87.0,1137.0,0.07651715039577836,0.027856636533114605,0.04661195978611832,0.06536728303912204,True,True,False,False,True
2025-01-15 00:00:00,PRD-A,58.0,1248.0,0.046474358974358976,0.028710127116919948,0.04661195978611832,0.06451379245531669,False,True,False,False,True
2025-01-15 08:00:00,PRD-A,43.0,1252.0,0.034345047923322686,0.02873874717146388,0.04661195978611832,0.06448517240077276,False,False,False,False,False
2025-01-15 16:00:00,PRD-A,58.0,1225.0,0.0473469387755102,0.028542850620018257,0.04661195978611832,0.06468106895221838,False,False,False,False,False
2025-01-16 00:00:00,PRD-A,59.0,1221.0,0.04832104832104832,0.0285132775901386,0.04661195978611832,0.06471064198209803,False,False,False,False,False
2025-01-16 08:00:00,PRD-A,53.0,1249.0,0.04243394715772618,0.028717295018175947,0.04661195978611832,0.06450662455406068,False,False,False,False,False
2025-01-16 16:00:00,PRD-A,87.0,1199.0,0.0725604670558799,0.028347989390515395,0.04661195978611832,0.06487593018172125,True,False,False,False,True
2025-01-23 00:00:00,PRD-A,38.0,1238.0,0.030694668820678513,0.028637971110342574,0.04661195978611832,0.06458594846189405,False,False,False,False,False
2025-01-23 08:00:00,PRD-A,43.0,1274.0,0.033751962323390894,0.028893740510890924,0.04661195978611832,0.06433017906134571,False,True,False,False,True
2025-01-23 16:00:00,PRD-A,89.0,1230.0,0.07235772357723577,0.028579613850709347,0.04661195978611832,0.0646443057215273,True,True,False,False,True
2025-01-24 00:00:00,PRD-A,63.0,1245.0,0.05060240963855422,0.028688571621249864,0.04661195978611832,0.06453534795098677,False,False,False,False,False
2025-01-24 08:00:00,PRD-A,69.0,1234.0,0.055915721231766614,0.028608863417304935,0.04661195978611832,0.0646150561549317,False,False,False,False,False
2025-01-24 16:00:00,PRD-A,86.0,1198.0,0.07178631051752922,0.028340368288412136,0.04661195978611832,0.0648835512838245,True,False,False,False,True
2025-01-31 00:00:00,PRD-A,46.0,1213.0,0.03792250618301731,0.028453693290036226,0.04661195978611832,0.06477022628220042,False,False,False,False,False
2025-01-31 08:00:00,PRD-A,40.0,1289.0,0.031031807602792862,0.028997135009369977,0.04661195978611832,0.06422678456286665,False,False,False,False,False
2025-01-31 16:00:00,PRD-A,76.0,1226.0,0.06199021207177814,0.028550221254290294,0.04661195978611832,0.06467369831794634,False,False,False,False,False
2025-02-01 00:00:00,PRD-A,53.0,1263.0,0.04196357878068092,0.028816750058578096,0.04661195978611832,0.06440716951365855,False,False,False,False,False
2025-02-01 08:00:00,PRD-A,55.0,1220.0,0.045081967213114756,0.028505861616790716,0.04661195978611832,0.06471805795544591,False,False,False,False,False
2025-02-01 16:00:00,PRD-A,80.0,1147.0,0.06974716652136007,0.02793857368007595,0.04661195978611832,0.06528534589216069,True,False,False,False,True
2025-02-08 00:00:00,PRD-A,59.0,1197.0,0.04928989139515455,0.02833273763804913,0.04661195978611832,0.0648911819341875,False,False,False,False,False
2025-02-08 08:00:00,PRD-A,60.0,1263.0,0.047505938242280284,0.028816750058578096,0.04661195978611832,0.06440716951365855,False,False,False,False,False
2025-02-08 16:00:00,PRD-A,84.0,1182.0,0.07106598984771574,0.028217118381884333,0.04661195978611832,0.0650068011903523,True,False,False,False,True
2025-02-09 00:00:00,PRD-A,69.0,1219.0,0.05660377358490566,0.028498436519833407,0.04661195978611832,0.06472548305240322,False,False,False,False,False
2025-02-09 08:00:00,PRD-A,78.0,1221.0,0.06388206388206388,0.0285132775901386,0.04661195978611832,0.06471064198209803,False,True,False,False,True
2025-02-09 16:00:00,PRD-A,89.0,1159.0,0.07679033649698015,0.028035495023659564,0.04661195978611832,0.06518842454857707,True,True,True,False,True
2025-02-16 00:00:00,PRD-A,50.0,1197.0,0.04177109440267335,0.02833273763804913,0.04661195978611832,0.0648911819341875,False,True,True,False,True
2025-02-16 08:00:00,PRD-A,72.0,1256.0,0.05732484076433121,0.028767230396916643,0.04661195978611832,0.06445668917531999,False,False,True,False,True
2025-02-16 16:00:00,PRD-A,77.0,1175.0,0.06553191489361702,0.028162406601904322,0.04661195978611832,0.06506151297033232,True,False,True,False,True
2025-02-17 00:00:00,PRD-A,50.0,1073.0,0.046598322460391424,0.02730539862816727,0.04661195978611832,0.06591852094406936,False,False,False,False,False
2025-02-17 08:00:00,PRD-A,53.0,1343.0,0.039463886820551006,0.029354900951769774,0.04661195978611832,0.06386901862046686,False,False,False,False,False
2025-02-17 16:00:00,PRD-A,50.0,1287.0,0.03885003885003885,0.02898345359000508,0.04661195978611832,0.06424046598223156,False,False,False,False,False
2025-02-24 00:00:00,PRD-A,108.0,1174.0,0.0919931856899489,0.028154550713456246,0.04661195978611832,0.0650693688587804,True,False,False,False,True
2025-02-24 08:00:00,PRD-A,110.0,1206.0,0.0912106135986733,0.02840107141797897,0.04661195978611832,0.06482284815425766,True,True,False,False,True
2025-02-24 16:00:00,PRD-A,165.0,1133.0,0.14563106796116504,0.027823558335892545,0.04661195978611832,0.06540036123634409,True,True,False,False,True
2025-02-25 00:00:00,PRD-A,129.0,1202.0,0.10732113144758736,0.028370795605940472,0.04661195978611832,0.06485312396629617,True,True,True,False,True
2025-02-25 08:00:00,PRD-A,136.0,1197.0,0.1136173767752715,0.02833273763804913,0.04661195978611832,0.0648911819341875,True,True,True,False,True
2025-02-25 16:00:00,PRD-A,186.0,1139.0,0.16330114135206322,0.027873110250173902,0.04661195978611832,0.06535080932206273,True,True,True,False,True
2025-03-04 00:00:00,PRD-A,68.0,1180.0,0.0576271186440678,0.02820153613308911,0.04661195978611832,0.06502238343914753,False,True,True,False,True
2025-03-04 08:00:00,PRD-A,67.0,1183.0,0.0566356720202874,0.028224894683818915,0.04661195978611832,0.06499902488841772,False,False,True,True,True
2025-03-04 16:00:00,PRD-A,99.0,1231.0,0.08042242079610074,0.028586939606012857,0.04661195978611832,0.06463697996622378,True,False,True,True,True
2025-03-05 00:00:00,PRD-A,75.0,1133.0,0.06619593998234775,0.027823558335892545,0.04661195978611832,0.06540036123634409,True,True,True,True,True
2025-03-05 08:00:00,PRD-A,80.0,1184.0,0.06756756756756757,0.028232661131938275,0.04661195978611832,0.06499125844029836,True,True,True,True,True
2025-03-05 16:00:00,PRD-A,121.0,1187.0,0.10193765796124685,0.02825590156102866,0.04661195978611832,0.06496801801120797,True,True,True,True,True
2025-03-12 00:00:00,PRD-A,68.0,1166.0,0.058319039451114926,0.02809134022339159,0.04661195978611832,0.06513257934884505,False,True,True,True,True
2025-03-12 08:00:00,PRD-A,58.0,1214.0,0.047775947281713346,0.02846117352371969,0.04661195978611832,0.06476274604851695,False,False,True,True,True
2025-03-12 16:00:00,PRD-A,93.0,1170.0,0.07948717948717948,0.028123026507612413,0.04661195978611832,0.06510089306462422,True,False,True,True,True
2025-03-13 00:00:00,PRD-A,51.0,1170.0,0.04358974358974359,0.028123026507612413,0.04661195978611832,0.06510089306462422,False,False,False,False,False
2025-03-13 08:00:00,PRD-A,87.0,1231.0,0.07067424857839155,0.028586939606012857,0.04661195978611832,0.06463697996622378,True,True,False,False,True
2025-03-13 16:00:00,PRD-A,109.0,1184.0,0.09206081081081081,0.028232661131938275,0.04661195978611832,0.06499125844029836,True,True,False,False,True
2025-03-20 00:00:00,PRD-A,31.0,1236.0,0.025080906148867314,0.028623434926263666,0.04661195978611832,0.06460048464597297,True,True,False,False,True
2025-03-20 08:00:00,PRD-A,35.0,1289.0,0.027152831652443754,0.028997135009369977,0.04661195978611832,0.06422678456286665,True,True,False,False,True
2025-03-20 16:00:00,PRD-A,44.0,997.0,0.044132397191574725,0.02658305477293245,0.04661195978611832,0.06664086479930419,False,True,False,False,True
2025-03-21 00:00:00,PRD-A,35.0,1299.0,0.026943802925327175,0.02906506748295097,0.04661195978611832,0.06415885208928566,True,True,False,False,True
2025-03-21 08:00:00,PRD-A,25.0,1325.0,0.018867924528301886,0.02923807861037681,0.04661195978611832,0.06398584096185983,True,True,True,False,True
2025-03-21 16:00:00,PRD-A,41.0,1327.0,0.03089675960813866,0.029251176147990915,0.04661195978611832,0.06397274342424572,False,True,True,False,True
2025-03-28 00:00:00,PRD-A,61.0,1283.0,0.0475448168355417,0.028955994840970098,0.04661195978611832,0.06426792473126654,False,True,False,False,True
2025-03-28 08:00:00,PRD-A,37.0,1274.0,0.029042386185243328,0.028893740510890924,0.04661195978611832,0.06433017906134571,False,True,True,False,True
2025-03-28 16:00:00,PRD-A,62.0,1257.0,0.049323786793953855,0.02877432995136084,0.04661195978611832,0.0644495896208758,False,False,False,False,False
2025-03-29 00:00:00,PRD-A,41.0,1231.0,0.03330625507717303,0.028586939606012857,0.04661195978611832,0.06463697996622378,False,True,False,False,True
2025-03-29 08:00:00,PRD-A,37.0,1238.0,0.02988691437802908,0.028637971110342574,0.04661195978611832,0.06458594846189405,False,True,False,False,True
2025-03-29 16:00:00,PRD-A,69.0,1218.0,0.05665024630541872,0.02849100228054388,0.04661195978611832,0.06473291729169275,False,True,False,False,True
2025-04-05 00:00:00,PRD-A,45.0,1239.0,0.03631961259079903,0.028645226000113714,0.04661195978611832,0.06457869357212292,False,False,False,False,False
2025-04-05 08:00:00,PRD-A,46.0,1282.0,0.0358814352574103,0.0289491100815175,0.04661195978611832,0.06427480949071913,False,False,True,False,True
2025-04-05 16:00:00,PRD-A,44.0,1218.0,0.0361247947454844,0.02849100228054388,0.04661195978611832,0.06473291729169275,False,False,True,False,True
2025-04-06 00:00:00,PRD-A,44.0,1290.0,0.034108527131782945,0.029003963784496437,0.04661195978611832,0.0642199557877402,False,False,True,False,True
2025-04-06 08:00:00,PRD-A,57.0,1229.0,0.046379170056956874,0.02857227915610649,0.04661195978611832,0.06465164041613014,False,False,True,False,True
2025-04-06 16:00:00,PRD-A,72.0,1235.0,0.058299595141700404,0.028616153596331857,0.04661195978611832,0.06460776597590479,False,False,False,False,False
2025-04-13 00:00:00,PRD-A,56.0,1239.0,0.04519774011299435,0.028645226000113714,0.04661195978611832,0.06457869357212292,False,False,False,False,False
2025-04-13 08:00:00,PRD-A,44.0,1211.0,0.03633360858794385,0.02843870503614624,0.04661195978611832,0.0647852145360904,False,False,False,False,False
2025-04-13 16:00:00,PRD-A,87.0,1168.0,0.07448630136986302,0.028107203712009213,0.04661195978611832,0.06511671586022742,True,False,False,False,True
2025-04-14 00:00:00,PRD-A,80.0,1256.0,0.06369426751592357,0.028767230396916643,0.04661195978611832,0.06445668917531999,False,True,False,False,True
2025-04-14 08:00:00,PRD-A,50.0,966.0,0.051759834368530024,0.026264217761354083,0.04661195978611832,0.06695970181088255,False,True,False,False,True
2025-04-14 16:00:00,PRD-A,46.0,1284.0,0.03582554517133956,0.028962871555912602,0.04661195978611832,0.06426104801632404,False,False,False,False,False
2025-04-21 00:00:00,PRD-A,36.0,795.0,0.045283018867924525,0.024182375635240512,0.04661195978611832,0.06904154393699613,False,False,False,False,False
2025-04-21 08:00:00,PRD-A,30.0,1277.0,0.023492560689115115,0.028914565065716817,0.04661195978611832,0.06430935450651981,True,False,False,False,True
2025-04-21 16:00:00,PRD-A,47.0,1268.0,0.03706624605678233,0.028851869906757307,0.04661195978611832,0.06437204966547933,False,False,False,False,False
2025-04-22 00:00:00,PRD-A,31.0,1323.0,0.02343159486016629,0.02922495138434398,0.04661195978611832,0.06399896818789266,True,True,True,False,True
2025-04-22 08:00:00,PRD-A,49.0,1320.0,0.037121212121212124,0.02920520463362816,0.04661195978611832,0.06401871493860847,False,False,True,False,True
2025-04-22 16:00:00,PRD-A,34.0,1261.0,0.02696272799365583,0.028802643667359712,0.04661195978611832,0.06442127590487692,True,True,True,False,True
2025-04-29 00:00:00,PRD-A,37.0,1189.0,0.031118587047939444,0.028271346290919486,0.04661195978611832,0.06495257328131715,False,True,True,True,True
2025-04-29 08:00:00,PRD-A,30.0,1271.0,0.023603461841070025,0.028872842269765883,0.04661195978611832,0.06435107730247075,True,True,True,True,True
2025-04-29 16:00:00,PRD-A,108.0,1219.0,0.08859721082854799,0.028498436519833407,0.04661195978611832,0.06472548305240322,True,True,True,False,True
2025-04-30 00:00:00,PRD-A,72.0,1329.0,0.05417607223476298,0.02926424410892295,0.04661195978611832,0.06395967546331369,False,False,False,False,False
2025-04-30 08:00:00,PRD-A,90.0,1321.0,0.06813020439061317,0.02921179435756391,0.04661195978611832,0.06401212521467273,True,True,False,False,True
2025-04-30 16:00:00,PRD-A,107.0,1273.0,0.0840534171249018,0.02888678263931889,0.04661195978611832,0.06433713693291775,True,True,True,False,True
2025-05-07 00:00:00,PRD-A,57.0,1226.0,0.0464926590538336,0.028550221254290294,0.04661195978611832,0.06467369831794634,False,True,True,False,True
2025-05-07 08:00:00,PRD-A,37.0,1239.0,0.02986279257465698,0.028645226000113714,0.04661195978611832,0.06457869357212292,False,False,False,False,False
2025-05-07 16:00:00,PRD-A,69.0,1241.0,0.055600322320709106,0.028659709463802596,0.04661195978611832,0.06456421010843404,False,False,False,False,False
2025-05-08 00:00:00,PRD-A,50.0,1244.0,0.04019292604501608,0.028681369134254363,0.04661195978611832,0.06454255043798227,False,False,False,False,False
2025-05-08 08:00:00,PRD-A,47.0,1248.0,0.03766025641025641,0.028710127116919948,0.04661195978611832,0.06451379245531669,False,False,False,False,False
2025-05-08 16:00:00,PRD-A,73.0,1200.0,0.060833333333333336,0.02835560096425526,0.04661195978611832,0.06486831860798137,False,False,False,False,False
2025-05-15 00:00:00,PRD-A,46.0,1186.0,0.0387858347386172,0.028248164549842067,0.04661195978611832,0.06497575502239457,False,False,False,False,False
2025-05-15 08:00:00,PRD-A,48.0,1294.0,0.03709428129829984,0.029031199680152796,0.04661195978611832,0.06419271989208383,False,False,True,False,True
2025-05-15 16:00:00,PRD-A,72.0,1230.0,0.05853658536585366,0.028579613850709347,0.04661195978611832,0.0646443057215273,False,False,False,False,False
2025-05-16 00:00:00,PRD-A,61.0,1251.0,0.04876099120703437,0.02873160502827586,0.04661195978611832,0.06449231454396077,False,False,False,False,False
2025-05-16 08:00:00,PRD-A,51.0,1249.0,0.04083266613290633,0.028717295018175947,0.04661195978611832,0.06450662455406068,False,False,False,False,False
2025-05-16 16:00:00,PRD-A,78.0,1208.0,0.06456953642384106,0.028416152901616153,0.04661195978611832,0.06480776667062048,False,False,False,False,False
2025-05-23 00:00:00,PRD-A,55.0,1221.0,0.04504504504504504,0.0285132775901386,0.04661195978611832,0.06471064198209803,False,False,False,False,False
2025-05-23 08:00:00,PRD-A,49.0,1262.0,0.03882725832012678,0.028809701054646444,0.04661195978611832,0.06441421851759019,False,False,False,False,False
2025-05-23 16:00:00,PRD-A,83.0,1216.0,0.06825657894736842,0.028476106299807707,0.04661195978611832,0.06474781327242893,True,False,False,False,True
2025-05-24 00:00:00,PRD-A,55.0,1249.0,0.044035228182546036,0.028717295018175947,0.04661195978611832,0.06450662455406068,False,False,False,False,False
2025-05-24 08:00:00,PRD-A,68.0,1253.0,0.05426975259377494,0.028745880762893368,0.04661195978611832,0.06447803880934327,False,False,False,False,False
2025-05-24 16:00:00,PRD-A,81.0,1176.0,0.06887755102040816,0.02817025246795515,0.04661195978611832,0.06505366710428148,True,False,False,False,True
2025-05-31 00:00:00,PRD-A,43.0,942.0,0.045647558386411886,0.026006641153175095,0.04661195978611832,0.06721727841906154,False,False,False,False,False
2025-05-31 08:00:00,PRD-A,23.0,1307.0,0.017597551644988524,0.029118851187411022,0.04661195978611832,0.06410506838482562,True,False,False,False,True
2025-05-31 16:00:00,PRD-A,34.0,1206.0,0.028192371475953566,0.02840107141797897,0.04661195978611832,0.06482284815425766,True,True,False,False,True
2025-06-01 00:00:00,PRD-A,27.0,1254.0,0.0215311004784689,0.0287530058196167,0.04661195978611832,0.06447091375261993,True,True,False,False,True
2025-06-01 08:00:00,PRD-A,49.0,1332.0,0.03678678678678678,0.029283790837020325,0.04661195978611832,0.06394012873521632,False,True,True,False,True
2025-06-01 16:00:00,PRD-A,43.0,1290.0,0.03333333333333333,0.029003963784496437,0.04661195978611832,0.0642199557877402,False,True,True,False,True
2025-06-08 00:00:00,PRD-A,41.0,1190.0,0.034453781512605045,0.028279054050661105,0.04661195978611832,0.06494486552157552,False,False,True,False,True
2025-06-08 08:00:00,PRD-A,47.0,1257.0,0.03739061256961018,0.02877432995136084,0.04661195978611832,0.0644495896208758,False,False,True,True,True
2025-06-08 16:00:00,PRD-A,75.0,1252.0,0.05990415335463259,0.02873874717146388,0.04661195978611832,0.06448517240077276,False,False,True,False,True
2025-06-09 00:00:00,PRD-A,57.0,1287.0,0.04428904428904429,0.02898345359000508,0.04661195978611832,0.06424046598223156,False,False,False,False,False
2025-06-09 08:00:00,PRD-A,52.0,1288.0,0.040372670807453416,0.02899029828302028,0.04661195978611832,0.06423362128921636,False,False,False,False,False
2025-06-09 16:00:00,PRD-A,71.0,1167.0,0.060839760068551844,0.028099277065222843,0.04661195978611832,0.06512464250701379,False,False,False,False,False
2025-06-16 00:00:00,PRD-A,49.0,1295.0,0.03783783783783784,0.029037988929336636,0.04661195978611832,0.0641859306429,False,False,False,False,False
2025-06-16 08:00:00,PRD-A,30.0,1297.0,0.02313030069390902,0.029051543864524867,0.04661195978611832,0.06417237570771177,True,False,False,False,True
2025-06-16 16:00:00,PRD-A,35.0,1291.0,0.027110766847405113,0.029010784623800058,0.04661195978611832,0.06421313494843658,True,True,True,False,True
2025-06-17 00:00:00,PRD-A,36.0,1315.0,0.02737642585551331,0.029172143340491917,0.04661195978611832,0.06405177623174471,True,True,True,False,True
2025-06-17 08:00:00,PRD-A,43.0,1308.0,0.03287461773700306,0.02912553943410883,0.04661195978611832,0.0640983801381278,False,True,True,False,True
2025-06-17 16:00:00,PRD-A,54.0,1258.0,0.04292527821939587,0.028781421038834357,0.04661195978611832,0.06444249853340228,False,True,True,False,True
2025-06-24 00:00:00,PRD-A,32.0,1236.0,0.025889967637540454,0.028623434926263666,0.04661195978611832,0.06460048464597297,True,True,True,False,True
2025-06-24 08:00:00,PRD-A,31.0,1301.0,0.02382782475019216,0.029078559905017766,0.04661195978611832,0.06414535966721888,True,True,True,True,True
2025-06-24 16:00:00,PRD-A,92.0,1330.0,0.06917293233082707,0.02927076703289004,0.04661195978611832,0.0639531525393466,True,True,False,False,True
2025-06-25 00:00:00,PRD-A,33.0,1270.0,0.025984251968503937,0.028865859739475253,0.04661195978611832,0.06435805983276138,True,True,False,False,True
2025-06-25 08:00:00,PRD-A,36.0,1319.0,0.027293404094010616,0.02919860741711216,0.04661195978611832,0.06402531215512447,True,True,True,False,True
2025-06-25 16:00:00,PRD-A,44.0,1260.0,0.03492063492063492,0.028795577880087565,0.04661195978611832,0.06442834169214907,False,True,True,False,True
2024-01-03 00:00:00,PRD-A,37.0,1233.0,0.030008110300081103,0.028601564371244333,0.04661195978611832,0.0646223552009923,False,True,True,False,True
2024-01-03 08:00:00,PRD-A,45.0,1324.0,0.033987915407854986,0.029231518715419347,0.04661195978611832,0.06399240085681729,False,True,True,False,True
2024-01-03 16:00:00,PRD-A,62.0,1260.0,0.049206349206349205,0.028795577880087565,0.04661195978611832,0.06442834169214907,False,True,True,False,True
2024-01-04 00:00:00,PRD-A,60.0,1291.0,0.046475600309837335,0.029010784623800058,0.04661195978611832,0.06421313494843658,False,False,False,False,False
2024-01-04 08:00:00,PRD-A,31.0,1270.0,0.024409448818897637,0.028865859739475253,0.04661195978611832,0.06435805983276138,True,False,False,False,True
2024-01-04 16:00:00,PRD-A,68.0,1245.0,0.05461847389558233,0.028688571621249864,0.04661195978611832,0.06453534795098677,False,False,False,False,False
2024-01-11 00:00:00,PRD-A,34.0,853.0,0.03985932004689332,0.024958351780816006,0.04661195978611832,0.06826556779142062,False,False,False,False,False
2024-01-11 08:00:00,PRD-A,24.0,1317.0,0.018223234624145785,0.029185390449464325,0.04661195978611832,0.0640385291227723,True,False,False,False,True
2024-01-11 16:00:00,PRD-A,43.0,1273.0,0.03377847604084839,0.02888678263931889,0.04661195978611832,0.06433713693291775,False,True,False,False,True
2024-01-12 00:00:00,PRD-A,39.0,1312.0,0.02972560975609756,0.029152215910895826,0.04661195978611832,0.06407170366134081,False,True,False,False,True
2024-01-12 08:00:00,PRD-A,64.0,1349.0,0.04744255003706449,0.029393321167522732,0.04661195978611832,0.0638305984047139,False,True,False,False,True
2024-01-12 16:00:00,PRD-A,65.0,1306.0,0.04977029096477795,0.029112155260429453,0.04661195978611832,0.06411176431180718,False,False,False,False,False
2024-01-19 00:00:00,PRD-A,81.0,1189.0,0.06812447434819176,0.028271346290919486,0.04661195978611832,0.06495257328131715,True,False,False,False,True
2024-01-19 08:00:00,PRD-A,67.0,1165.0,0.05751072961373391,0.028083393164642374,0.04661195978611832,0.06514052640759427,False,False,False,False,False
2024-01-19 16:00:00,PRD-A,130.0,1184.0,0.1097972972972973,0.028232661131938275,0.04661195978611832,0.06499125844029836,True,True,False,False,True
2024-01-20 00:00:00,PRD-A,63.0,847.0,0.0743801652892562,0.024881791937946297,0.04661195978611832,0.06834212763429034,True,True,True,False,True
2024-01-20 08:00:00,PRD-A,39.0,1302.0,0.029953917050691243,0.02908529445486524,0.04661195978611832,0.0641386251173714,False,True,True,False,True
2024-01-20 16:00:00,PRD-A,56.0,1269.0,0.04412923561859732,0.028858868957227873,0.04661195978611832,0.06436505061500876,False,False,False,False,False
2024-01-27 00:00:00,PRD-A,63.0,1236.0,0.050970873786407765,0.028623434926263666,0.04661195978611832,0.06460048464597297,False,False,False,False,False
2024-01-27 08:00:00,PRD-A,49.0,1237.0,0.039611964430072755,0.028630707424988164,0.04661195978611832,0.06459321214724847,False,False,False,False,False
2024-01-27 16:00:00,PRD-A,58.0,1236.0,0.04692556634304207,0.028623434926263666,0.04661195978611832,0.06460048464597297,False,False,False,False,False
2024-01-28 00:00:00,PRD-A,66.0,1296.0,0.05092592592592592,0.029044770319076596,0.04661195978611832,0.06417914925316004,False,False,False,False,False
2024-01-28 08:00:00,PRD-A,57.0,1218.0,0.046798029556650245,0.02849100228054388,0.04661195978611832,0.06473291729169275,False,False,False,False,False
2024-01-28 16:00:00,PRD-A,83.0,1258.0,0.06597774244833068,0.028781421038834357,0.04661195978611832,0.06444249853340228,True,False,False,False,True
2024-02-04 00:00:00,PRD-A,49.0,1154.0,0.04246100519930676,0.027995294879778164,0.04661195978611832,0.06522862469245846,False,False,False,False,False
2024-02-04 08:00:00,PRD-A,55.0,1248.0,0.044070512820512824,0.028710127116919948,0.04661195978611832,0.06451379245531669,False,False,False,False,False
2024-02-04 16:00:00,PRD-A,81.0,1204.0,0.06727574750830564,0.028385952371482608,0.04661195978611832,0.06483796720075402,True,False,False,False,True
2024-02-05 00:00:00,PRD-A,73.0,1228.0,0.059446254071661236,0.028564935504009105,0.04661195978611832,0.06465898406822754,False,True,False,False,True
2024-02-05 08:00:00,PRD-A,61.0,1281.0,0.047619047619047616,0.028942217261858208,0.04661195978611832,0.06428170231037843,False,True,False,False,True
2024-02-05 16:00:00,PRD-A,77.0,1149.0,0.0670147954743255,0.02795483261751326,0.04661195978611832,0.06526908695472337,True,True,False,False,True
2024-02-12 00:00:00,PRD-A,76.0,1196.0,0.06354515050167224,0.028325097419471798,0.04661195978611832,0.06489882215276484,False,True,True,False,True
2024-02-12 08:00:00,PRD-A,77.0,1249.0,0.06164931945556445,0.028717295018175947,0.04661195978611832,0.06450662455406068,False,True,True,False,True
2024-02-12 16:00:00,PRD-A,84.0,1209.0,0.06947890818858561,0.028423679605923506,0.04661195978611832,0.06480023996631312,True,True,True,False,True
2024-02-13 00:00:00,PRD-A,70.0,1240.0,0.056451612903225805,0.028652472112038196,0.04661195978611832,0.06457144746019844,False,True,True,True,True
2024-02-13 08:00:00,PRD-A,94.0,1240.0,0.07580645161290323,0.028652472112038196,0.04661195978611832,0.06457144746019844,True,True,True,True,True
2024-02-13 16:00:00,PRD-A,127.0,1192.0,0.10654362416107382,0.02829444046187821,0.04661195978611832,0.06492947911035843,True,True,True,True,True
2024-02-20 00:00:00,PRD-A,57.0,1169.0,0.04875962360992301,0.02811512018555829,0.04661195978611832,0.06510879938667835,False,True,True,True,True
2024-02-20 08:00:00,PRD-A,56.0,920.0,0.06086956521739131,0.025761728713497696,0.04661195978611832,0.06746219085873895,False,True,True,True,True
2024-02-20 16:00:00,PRD-A,44.0,1314.0,0.0334855403348554,0.02916550844717765,0.04661195978611832,0.06405841112505899,False,False,False,False,False
2024-02-21 00:00:00,PRD-A,68.0,1340.0,0.050746268656716415,0.029335594148602144,0.04661195978611832,0.06388832542363448,False,False,False,False,False
2024-02-21 08:00:00,PRD-A,33.0,1314.0,0.02511415525114155,0.02916550844717765,0.04661195978611832,0.06405841112505899,True,True,False,False,True
2024-02-21 16:00:00,PRD-A,60.0,1302.0,0.04608294930875576,0.02908529445486524,0.04661195978611832,0.0641386251173714,False,False,False,False,False
2024-02-28 00:00:00,PRD-A,91.0,1185.0,0.07679324894514768,0.02824041774703544,0.04661195978611832,0.0649835018252012,True,False,False,False,True
2024-02-28 08:00:00,PRD-A,88.0,1217.0,0.07230895645028759,0.028483558880145532,0.04661195978611832,0.0647403606920911,True,True,False,False,True
2024-02-28 16:00:00,PRD-A,100.0,837.0,0.11947431302270012,0.024752367518719044,0.04661195978611832,0.0684715520535176,True,True,False,False,True
2024-02-29 00:00:00,PRD-A,44.0,1277.0,0.03445575567736883,0.028914565065716817,0.04661195978611832,0.06430935450651981,False,True,False,False,True
2024-02-29 08:00:00,PRD-A,39.0,1287.0,0.030303030303030304,0.02898345359000508,0.04661195978611832,0.06424046598223156,False,True,False,False,True
2024-02-29 16:00:00,PRD-A,44.0,1225.0,0.035918367346938776,0.028542850620018257,0.04661195978611832,0.06468106895221838,False,True,False,False,True
2024-03-07 00:00:00,PRD-A,129.0,1144.0,0.11276223776223776,0.027914105375927208,0.04661195978611832,0.06530981419630943,True,False,False,False,True
2024-03-07 08:00:00,PRD-A,146.0,1203.0,0.12136325852036575,0.028378378713389416,0.04661195978611832,0.06484554085884722,True,True,False,False,True
2024-03-07 16:00:00,PRD-A,176.0,1152.0,0.1527777777777778,0.027979141588317175,0.04661195978611832,0.06524477798391946,True,True,False,False,True
2024-03-08 00:00:00,PRD-A,186.0,1226.0,0.15171288743882544,0.028550221254290294,0.04661195978611832,0.06467369831794634,True,True,True,False,True
2024-03-08 08:00:00,PRD-A,147.0,1129.0,0.13020372010628875,0.027790304501996415,0.04661195978611832,0.06543361507024022,True,True,True,False,True
2024-03-08 16:00:00,PRD-A,225.0,1121.0,0.20071364852809992,0.027723263665393866,0.04661195978611832,0.06550065590684277,True,True,True,False,True
2024-03-15 00:00:00,PRD-A,49.0,1194.0,0.04103852596314908,0.028309788197563544,0.04661195978611832,0.06491413137467308,False,True,True,False,True
2024-03-15 08:00:00,PRD-A,34.0,1309.0,0.025974025974025976,0.02913222001519391,0.04661195978611832,0.06409169955704272,True,False,False,False,True
2024-03-15 16:00:00,PRD-A,58.0,1260.0,0.046031746031746035,0.028795577880087565,0.04661195978611832,0.06442834169214907,False,False,False,False,False
2024-03-16 00:00:00,PRD-A,48.0,1259.0,0.03812549642573471,0.02878850367615343,0.04661195978611832,0.0644354158960832,False,False,False,False,False
2024-03-16 08:00:00,PRD-A,60.0,1281.0,0.0468384074941452,0.028942217261858208,0.04661195978611832,0.06428170231037843,False,False,False,False,False
2024-03-16 16:00:00,PRD-A,70.0,1237.0,0.056588520614389654,0.028630707424988164,0.04661195978611832,0.06459321214724847,False,False,False,False,False
2024-03-23 00:00:00,PRD-A,44.0,1216.0,0.03618421052631579,0.028476106299807707,0.04661195978611832,0.06474781327242893,False,False,False,False,False
2024-03-23 08:00:00,PRD-A,42.0,1255.0,0.03346613545816733,0.028760122358638653,0.04661195978611832,0.06446379721359799,False,False,False,False,False
2024-03-23 16:00:00,PRD-A,75.0,1219.0,0.06152584085315833,0.028498436519833407,0.04661195978611832,0.06472548305240322,False,False,False,False,False
2024-03-24 00:00:00,PRD-A,49.0,1233.0,0.039740470397404706,0.028601564371244333,0.04661195978611832,0.0646223552009923,False,False,False,False,False
2024-03-24 08:00:00,PRD-A,55.0,1273.0,0.04320502749410841,0.02888678263931889,0.04661195978611832,0.06433713693291775,False,False,False,False,False
2024-03-24 16:00:00,PRD-A,81.0,1250.0,0.0648,0.02872445431622922,0.04661195978611832,0.06449946525600742,True,False,False,False,True
2024-03-31 00:00:00,PRD-A,46.0,1256.0,0.03662420382165605,0.028767230396916643,0.04661195978611832,0.06445668917531999,False,False,False,False,False
2024-03-31 08:00:00,PRD-A,31.0,1247.0,0.024859663191659984,0.028702950595216888,0.04661195978611832,0.06452096897701975,True,False,False,False,True
2024-03-31 16:00:00,PRD-A,72.0,1261.0,0.057097541633624106,0.028802643667359712,0.04661195978611832,0.06442127590487692,False,False,False,False,False
2024-04-01 00:00:00,PRD-A,46.0,1235.0,0.03724696356275304,0.028616153596331857,0.04661195978611832,0.06460776597590479,False,False,False,False,False
2024-04-01 08:00:00,PRD-A,69.0,1269.0,0.054373522458628844,0.028858868957227873,0.04661195978611832,0.06436505061500876,False,False,False,False,False
2024-04-01 16:00:00,PRD-A,79.0,1242.0,0.06360708534621579,0.028666938073043637,0.04661195978611832,0.064556981499193,False,False,False,False,False
2024-04-08 00:00:00,PRD-A,39.0,1192.0,0.03271812080536913,0.02829444046187821,0.04661195978611832,0.06492947911035843,False,False,False,False,False
2024-04-08 08:00:00,PRD-A,42.0,1256.0,0.03343949044585987,0.028767230396916643,0.04661195978611832,0.06445668917531999,False,True,False,False,True
2024-04-08 16:00:00,PRD-A,76.0,1233.0,0.06163828061638281,0.028601564371244333,0.04661195978611832,0.0646223552009923,False,True,False,False,True
2024-04-09 00:00:00,PRD-A,43.0,1311.0,0.03279938977879481,0.029145558239014123,0.04661195978611832,0.0640783613332225,False,True,False,False,True
2024-04-09 08:00:00,PRD-A,49.0,1270.0,0.03858267716535433,0.028865859739475253,0.04661195978611832,0.06435805983276138,False,False,True,False,True
2024-04-09 16:00:00,PRD-A,72.0,1247.0,0.057738572574178026,0.028702950595216888,0.04661195978611832,0.06452096897701975,False,False,False,False,False
2024-04-16 00:00:00,PRD-A,43.0,1249.0,0.0344275420336269,0.028717295018175947,0.04661195978611832,0.06450662455406068,False,False,False,False,False
2024-04-16 08:00:00,PRD-A,53.0,1327.0,0.039939713639788994,0.029251176147990915,0.04661195978611832,0.06397274342424572,False,False,True,False,True
2024-04-16 16:00:00,PRD-A,73.0,1260.0,0.05793650793650794,0.028795577880087565,0.04661195978611832,0.06442834169214907,False,False,False,False,False
2024-04-17 00:00:00,PRD-A,53.0,1313.0,0.04036557501904037,0.02915886597545822,0.04661195978611832,0.06406505359677842,False,False,False,False,False
2024-04-17 08:00:00,PRD-A,45.0,1229.0,0.03661513425549227,0.02857227915610649,0.04661195978611832,0.06465164041613014,False,False,True,False,True
2024-04-17 16:00:00,PRD-A,71.0,1274.0,0.05572998430141287,0.028893740510890924,0.04661195978611832,0.06433017906134571,False,False,False,False,False
2024-04-24 00:00:00,PRD-A,72.0,1268.0,0.056782334384858045,0.028851869906757307,0.04661195978611832,0.06437204966547933,False,False,False,False,False
2024-04-24 08:00:00,PRD-A,64.0,1227.0,0.05215973920130399,0.028557582876170096,0.04661195978611832,0.06466633669606654,False,False,False,False,False
2024-04-24 16:00:00,PRD-A,93.0,1250.0,0.0744,0.02872445431622922,0.04661195978611832,0.06449946525600742,True,False,False,False,True
2024-04-25 00:00:00,PRD-A,62.0,1272.0,0.04874213836477988,0.02887981656432141,0.04661195978611832,0.06434410300791522,False,False,False,False,False
2024-04-25 08:00:00,PRD-A,68.0,1249.0,0.0544435548438751,0.028717295018175947,0.04661195978611832,0.06450662455406068,False,False,False,False,False
2024-04-25 16:00:00,PRD-A,120.0,1229.0,0.09764035801464606,0.02857227915610649,0.04661195978611832,0.06465164041613014,True,False,False,False,True
2024-05-02 00:00:00,PRD-A,45.0,1185.0,0.0379746835443038,0.02824041774703544,0.04661195978611832,0.0649835018252012,False,False,False,False,False
2024-05-02 08:00:00,PRD-A,69.0,1239.0,0.05569007263922518,0.028645226000113714,0.04661195978611832,0.06457869357212292,False,False,False,False,False
2024-05-02 16:00:00,PRD-A,82.0,1206.0,0.06799336650082918,0.02840107141797897,0.04661195978611832,0.06482284815425766,True,False,True,False,True
2024-05-03 00:00:00,PRD-A,69.0,1239.0,0.05569007263922518,0.028645226000113714,0.04661195978611832,0.06457869357212292,False,False,True,False,True
2024-05-03 08:00:00,PRD-A,84.0,1211.0,0.06936416184971098,0.02843870503614624,0.04661195978611832,0.0647852145360904,True,True,True,False,True
2024-05-03 16:00:00,PRD-A,119.0,1182.0,0.10067681895093063,0.028217118381884333,0.04661195978611832,0.0650068011903523,True,True,True,False,True
2024-05-10 00:00:00,PRD-A,32.0,1227.0,0.026079869600651995,0.028557582876170096,0.04661195978611832,0.06466633669606654,True,True,True,False,True
2024-05-10 08:00:00,PRD-A,53.0,1292.0,0.04102167182662539,0.02901759754263951,0.04661195978611832,0.06420632202959713,False,False,False,False,False
2024-05-10 16:00:00,PRD-A,58.0,1241.0,0.046736502820306204,0.028659709463802596,0.04661195978611832,0.06456421010843404,False,False,False,False,False
2024-05-11 00:00:00,PRD-A,44.0,1238.0,0.035541195476575124,0.028637971110342574,0.04661195978611832,0.06458594846189405,False,False,False,False,False
2024-05-11 08:00:00,PRD-A,55.0,1329.0,0.04138449962377728,0.02926424410892295,0.04661195978611832,0.06395967546331369,False,False,False,False,False
2024-05-11 16:00:00,PRD-A,60.0,1274.0,0.04709576138147567,0.028893740510890924,0.04661195978611832,0.06433017906134571,False,False,False,False,False
2024-05-18 00:00:00,PRD-A,99.0,1244.0,0.07958199356913183,0.028681369134254363,0.04661195978611832,0.06454255043798227,True,False,False,False,True
2024-05-18 08:00:00,PRD-A,102.0,1231.0,0.08285946385052803,0.028586939606012857,0.04661195978611832,0.06463697996622378,True,True,False,False,True
2024-05-18 16:00:00,PRD-A,136.0,1202.0,0.11314475873544093,0.028370795605940472,0.04661195978611832,0.06485312396629617,True,True,False,False,True
2024-05-19 00:00:00,PRD-A,107.0,1290.0,0.08294573643410853,0.029003963784496437,0.04661195978611832,0.0642199557877402,True,True,True,False,True
2024-05-19 08:00:00,PRD-A,105.0,1266.0,0.08293838862559241,0.028837846935856143,0.04661195978611832,0.06438607263638049,True,True,True,False,True
2024-05-19 16:00:00,PRD-A,168.0,1224.0,0.13725490196078433,0.028535470954950078,0.04661195978611832,0.06468844861728656,True,True,True,False,True
2024-05-26 00:00:00,PRD-A,58.0,1279.0,0.04534792806880375,0.028928407378918386,0.04661195978611832,0.06429551219331825,False,True,True,False,True
2024-05-26 08:00:00,PRD-A,57.0,1259.0,0.04527402700555997,0.02878850367615343,0.04661195978611832,0.0644354158960832,False,False,False,False,False
2024-05-26 16:00:00,PRD-A,83.0,1185.0,0.070042194092827,0.02824041774703544,0.04661195978611832,0.0649835018252012,True,False,False,False,True
2024-05-27 00:00:00,PRD-A,52.0,1285.0,0.04046692607003891,0.028969740241998852,0.04661195978611832,0.06425417933023778,False,False,False,False,False
2024-05-27 08:00:00,PRD-A,63.0,1272.0,0.049528301886792456,0.02887981656432141,0.04661195978611832,0.06434410300791522,False,False,False,False,False
2024-05-27 16:00:00,PRD-A,75.0,1204.0,0.06229235880398671,0.028385952371482608,0.04661195978611832,0.06483796720075402,False,False,False,False,False
2024-06-03 00:00:00,PRD-A,63.0,1240.0,0.050806451612903224,0.028652472112038196,0.04661195978611832,0.06457144746019844,False,False,False,False,False
2024-06-03 08:00:00,PRD-A,66.0,1233.0,0.0535279805352798,0.028601564371244333,0.04661195978611832,0.0646223552009923,False,False,False,False,False
2024-06-03 16:00:00,PRD-A,80.0,1187.0,0.06739679865206402,0.02825590156102866,0.04661195978611832,0.06496801801120797,True,False,False,False,True
2024-06-04 00:00:00,PRD-A,82.0,1259.0,0.06513105639396347,0.02878850367615343,0.04661195978611832,0.0644354158960832,True,True,True,False,True
2024-06-04 08:00:00,PRD-A,68.0,1250.0,0.0544,0.02872445431622922,0.04661195978611832,0.06449946525600742,False,True,True,False,True
2024-06-04 16:00:00,PRD-A,95.0,1116.0,0.08512544802867383,0.02768099756618067,0.04661195978611832,0.06554292200605596,True,True,True,True,True
2024-06-11 00:00:00,PRD-A,59.0,937.0,0.06296691568836713,0.02595173746237427,0.04661195978611832,0.06727218210986237,False,True,True,True,True
2024-06-11 08:00:00,PRD-A,26.0,1296.0,0.020061728395061727,0.029044770319076596,0.04661195978611832,0.06417914925316004,True,True,True,False,True
2024-06-11 16:00:00,PRD-A,55.0,1291.0,0.042602633617350893,0.029010784623800058,0.04661195978611832,0.06421313494843658,False,False,False,False,False
2024-06-12 00:00:00,PRD-A,49.0,1327.0,0.03692539562923888,0.029251176147990915,0.04661195978611832,0.06397274342424572,False,False,False,False,False
2024-06-12 08:00:00,PRD-A,32.0,1055.0,0.03033175355450237,0.027141394690656243,0.04661195978611832,0.0660825248815804,False,False,False,False,False
2024-06-12 16:00:00,PRD-A,56.0,1338.0,0.04185351270553064,0.02932268688820066,0.04661195978611832,0.06390123268403597,False,False,False,False,False
2024-06-19 00:00:00,PRD-A,59.0,1165.0,0.050643776824034335,0.028083393164642374,0.04661195978611832,0.06514052640759427,False,False,False,False,False
2024-06-19 08:00:00,PRD-A,61.0,1263.0,0.04829770387965162,0.028816750058578096,0.04661195978611832,0.06440716951365855,False,False,False,False,False
2024-06-19 16:00:00,PRD-A,95.0,1222.0,0.07774140752864157,0.02852068445854619,0.04661195978611832,0.06470323511369044,True,False,False,False,True
2024-06-20 00:00:00,PRD-A,81.0,1278.0,0.06338028169014084,0.02892149028402948,0.04661195978611832,0.06430242928820715,False,True,False,False,True
2024-06-20 08:00:00,PRD-A,67.0,1228.0,0.05456026058631922,0.028564935504009105,0.04661195978611832,0.06465898406822754,False,True,False,False,True
2024-06-20 16:00:00,PRD-A,97.0,1200.0,0.08083333333333333,0.02835560096425526,0.04661195978611832,0.06486831860798137,True,True,True,False,True
2024-06-27 00:00:00,PRD-A,55.0,1197.0,0.04594820384294068,0.02833273763804913,0.04661195978611832,0.0648911819341875,False,False,True,False,True
2024-06-27 08:00:00,PRD-A,69.0,1281.0,0.053864168618266976,0.028942217261858208,0.04661195978611832,0.06428170231037843,False,False,True,False,True
2024-06-27 16:00:00,PRD-A,69.0,1198.0,0.05759599332220367,0.028340368288412136,0.04661195978611832,0.0648835512838245,False,False,True,False,True
2024-06-28 00:00:00,PRD-A,79.0,1252.0,0.06309904153354633,0.02873874717146388,0.04661195978611832,0.06448517240077276,False,False,True,False,True
2024-06-28 08:00:00,PRD-A,71.0,1264.0,0.05617088607594937,0.02882379069573896,0.04661195978611832,0.06440012887649768,False,False,True,False,True
2024-06-28 16:00:00,PRD-A,97.0,1175.0,0.0825531914893617,0.028162406601904322,0.04661195978611832,0.06506151297033232,True,True,True,False,True
2024-07-05 00:00:00,PRD-A,73.0,1124.0,0.06494661921708185,0.02774848784239923,0.04661195978611832,0.06547543172983741,False,True,True,False,True
2024-07-05 08:00:00,PRD-A,87.0,1273.0,0.06834249803613511,0.02888678263931889,0.04661195978611832,0.06433713693291775,True,True,True,False,True
2024-07-05 16:00:00,PRD-A,101.0,1121.0,0.09009812667261374,0.027723263665393866,0.04661195978611832,0.06550065590684277,True,True,True,True,True
2024-07-06 00:00:00,PRD-A,82.0,1224.0,0.06699346405228758,0.028535470954950078,0.04661195978611832,0.06468844861728656,True,True,True,True,True
2024-07-06 08:00:00,PRD-A,86.0,1204.0,0.07142857142857142,0.028385952371482608,0.04661195978611832,0.06483796720075402,True,True,True,True,True
2024-07-06 16:00:00,PRD-A,118.0,1181.0,0.09991532599491956,0.028209332205279894,0.04661195978611832,0.06501458736695674,True,True,True,True,True
2024-07-13 00:00:00,PRD-A,70.0,1197.0,0.05847953216374269,0.02833273763804913,0.04661195978611832,0.0648911819341875,False,True,True,True,True
2024-07-13 08:00:00,PRD-A,70.0,1214.0,0.057660626029654036,0.02846117352371969,0.04661195978611832,0.06476274604851695,False,False,True,True,True
2024-07-13 16:00:00,PRD-A,102.0,1173.0,0.08695652173913043,0.028146684781254868,0.04661195978611832,0.06507723479098176,True,False,True,True,True
2024-07-14 00:00:00,PRD-A,75.0,1240.0,0.06048387096774194,0.028652472112038196,0.04661195978611832,0.06457144746019844,False,True,True,True,True
2024-07-14 08:00:00,PRD-A,81.0,1221.0,0.06633906633906633,0.0285132775901386,0.04661195978611832,0.06471064198209803,True,True,True,True,True
2024-07-14 16:00:00,PRD-A,95.0,1149.0,0.08268059181897303,0.02795483261751326,0.04661195978611832,0.06526908695472337,True,True,True,True,True
2024-07-21 00:00:00,PRD-A,70.0,1282.0,0.054602184087363496,0.0289491100815175,0.04661195978611832,0.06427480949071913,False,True,True,True,True
2024-07-21 08:00:00,PRD-A,60.0,1282.0,0.046801872074883,0.0289491100815175,0.04661195978611832,0.06427480949071913,False,False,True,True,True
2024-07-21 16:00:00,PRD-A,60.0,1265.0,0.04743083003952569,0.028830822982667422,0.04661195978611832,0.06439309658956921,False,False,False,True,True
2024-07-22 00:00:00,PRD-A,50.0,1311.0,0.03813882532418002,0.029145558239014123,0.04661195978611832,0.0640783613332225,False,False,False,False,False
2024-07-22 08:00:00,PRD-A,62.0,1272.0,0.04874213836477988,0.02887981656432141,0.04661195978611832,0.06434410300791522,False,False,False,False,False
2024-07-22 16:00:00,PRD-A,121.0,1247.0,0.09703287890938252,0.028702950595216888,0.04661195978611832,0.06452096897701975,True,False,False,False,True
2024-07-29 00:00:00,PRD-A,95.0,1286.0,0.07387247278382582,0.02897660091484009,0.04661195978611832,0.06424731865739655,True,True,False,False,True
2024-07-29 08:00:00,PRD-A,46.0,1312.0,0.0350609756097561,0.029152215910895826,0.04661195978611832,0.06407170366134081,False,True,False,False,True
2024-07-29 16:00:00,PRD-A,82.0,1294.0,0.0633693972179289,0.029031199680152796,0.04661195978611832,0.06419271989208383,False,True,False,False,True
2024-07-30 00:00:00,PRD-A,35.0,1301.0,0.026902382782475018,0.029078559905017766,0.04661195978611832,0.06414535966721888,True,False,False,False,True
2024-07-30 08:00:00,PRD-A,38.0,1316.0,0.028875379939209727,0.029178770669800437,0.04661195978611832,0.0640451489024362,True,True,False,False,True
2024-07-30 16:00:00,PRD-A,55.0,1288.0,0.042701863354037264,0.02899029828302028,0.04661195978611832,0.06423362128921636,False,True,False,False,True
2024-08-06 00:00:00,PRD-A,41.0,1206.0,0.03399668325041459,0.02840107141797897,0.04661195978611832,0.06482284815425766,False,True,False,False,True
2024-08-06 08:00:00,PRD-A,71.0,1345.0,0.05278810408921933,0.029367736252046358,0.04661195978611832,0.06385618332019027,False,False,False,False,False
2024-08-06 16:00:00,PRD-A,59.0,1249.0,0.04723779023218575,0.028717295018175947,0.04661195978611832,0.06450662455406068,False,False,False,False,False
2024-08-07 00:00:00,PRD-A,46.0,1292.0,0.03560371517027864,0.02901759754263951,0.04661195978611832,0.06420632202959713,False,False,False,False,False
2024-08-07 08:00:00,PRD-A,36.0,1263.0,0.028503562945368172,0.028816750058578096,0.04661195978611832,0.06440716951365855,True,False,False,False,True
2024-08-07 16:00:00,PRD-A,60.0,1236.0,0.04854368932038835,0.028623434926263666,0.04661195978611832,0.06460048464597297,False,False,False,False,False
2024-08-14 00:00:00,PRD-A,44.0,1250.0,0.0352,0.02872445431622922,0.04661195978611832,0.06449946525600742,False,False,False,False,False
2024-08-14 08:00:00,PRD-A,45.0,1304.0,0.03450920245398773,0.029098740306734087,0.04661195978611832,0.06412517926550254,False,False,True,False,True
2024-08-14 16:00:00,PRD-A,53.0,1232.0,0.04301948051948052,0.028594256440160525,0.04661195978611832,0.0646296631320761,False,False,False,False,False
2024-08-15 00:00:00,PRD-A,85.0,1353.0,0.06282335550628233,0.029418792540371046,0.04661195978611832,0.06380512703186558,False,False,False,False,False
2024-08-15 08:00:00,PRD-A,55.0,1293.0,0.042536736272235115,0.02902440255633187,0.04661195978611832,0.06419951701590476,False,False,False,False,False
2024-08-15 16:00:00,PRD-A,82.0,1216.0,0.06743421052631579,0.028476106299807707,0.04661195978611832,0.06474781327242893,True,True,False,False,True
2024-08-22 00:00:00,PRD-A,60.0,1243.0,0.04827031375703942,0.028674157957348373,0.04661195978611832,0.06454976161488826,False,False,False,False,False
2024-08-22 08:00:00,PRD-A,36.0,1310.0,0.02748091603053435,0.02913889294529809,0.04661195978611832,0.06408502662693855,True,False,False,False,True
2024-08-22 16:00:00,PRD-A,80.0,1248.0,0.0641025641025641,0.028710127116919948,0.04661195978611832,0.06451379245531669,False,False,False,False,False
2024-08-23 00:00:00,PRD-A,52.0,1018.0,0.05108055009823183,0.026790716272665688,0.04661195978611832,0.06643320329957095,False,False,False,False,False
2024-08-23 08:00:00,PRD-A,34.0,1272.0,0.026729559748427674,0.02887981656432141,0.04661195978611832,0.06434410300791522,True,False,False,False,True
2024-08-23 16:00:00,PRD-A,44.0,1267.0,0.03472770323599053,0.028844862571752207,0.04661195978611832,0.06437905700048444,False,True,False,False,True
2024-08-30 00:00:00,PRD-A,53.0,1291.0,0.041053446940356314,0.029010784623800058,0.04661195978611832,0.06421313494843658,False,True,False,False,True
2024-08-30 08:00:00,PRD-A,43.0,1301.0,0.033051498847040735,0.029078559905017766,0.04661195978611832,0.06414535966721888,False,True,False,False,True
2024-08-30 16:00:00,PRD-A,44.0,1235.0,0.03562753036437247,0.028616153596331857,0.04661195978611832,0.06460776597590479,False,False,True,False,True
2024-08-31 00:00:00,PRD-A,36.0,1258.0,0.028616852146263912,0.028781421038834357,0.04661195978611832,0.06444249853340228,True,True,True,False,True
2024-08-31 08:00:00,PRD-A,47.0,1306.0,0.03598774885145482,0.029112155260429453,0.04661195978611832,0.06411176431180718,False,False,True,False,True
2024-08-31 16:00:00,PRD-A,46.0,1247.0,0.03688853247794707,0.028702950595216888,0.04661195978611832,0.06452096897701975,False,False,True,True,True
2024-09-07 00:00:00,PRD-A,47.0,1236.0,0.03802588996763754,0.028623434926263666,0.04661195978611832,0.06460048464597297,False,False,True,True,True
2024-09-07 08:00:00,PRD-A,36.0,1251.0,0.02877697841726619,0.02873160502827586,0.04661195978611832,0.06449231454396077,False,False,True,True,True
2024-09-07 16:00:00,PRD-A,74.0,1289.0,0.057408844065166796,0.028997135009369977,0.04661195978611832,0.06422678456286665,False,False,True,False,True
2024-09-08 00:00:00,PRD-A,50.0,1257.0,0.03977724741447892,0.02877432995136084,0.04661195978611832,0.0644495896208758,False,False,True,False,True
2024-09-08 08:00:00,PRD-A,45.0,1298.0,0.03466872110939907,0.029058309580792793,0.04661195978611832,0.06416560999144384,False,False,True,False,True
2024-09-08 16:00:00,PRD-A,64.0,917.0,0.0697928026172301,0.025727650405157853,0.04661195978611832,0.06749626916707878,True,False,False,False,True
2024-09-15 00:00:00,PRD-A,53.0,1196.0,0.04431438127090301,0.028325097419471798,0.04661195978611832,0.06489882215276484,False,False,False,False,False
2024-09-15 08:00:00,PRD-A,64.0,1274.0,0.05023547880690738,0.028893740510890924,0.04661195978611832,0.06433017906134571,False,False,False,False,False
2024-09-15 16:00:00,PRD-A,91.0,1231.0,0.07392363931762795,0.028586939606012857,0.04661195978611832,0.06463697996622378,True,False,False,False,True
2024-09-16 00:00:00,PRD-A,66.0,1216.0,0.054276315789473686,0.028476106299807707,0.04661195978611832,0.06474781327242893,False,False,False,False,False
2024-09-16 08:00:00,PRD-A,71.0,1200.0,0.059166666666666666,0.02835560096425526,0.04661195978611832,0.06486831860798137,False,True,False,False,True
2024-09-16 16:00:00,PRD-A,97.0,1182.0,0.08206429780033841,0.028217118381884333,0.04661195978611832,0.0650068011903523,True,True,True,False,True
2024-09-23 00:00:00,PRD-A,38.0,1253.0,0.030327214684756583,0.028745880762893368,0.04661195978611832,0.06447803880934327,False,True,True,False,True
2024-09-23 08:00:00,PRD-A,64.0,1331.0,0.04808414725770098,0.029277282604321702,0.04661195978611832,0.06394663696791493,False,False,False,False,False
2024-09-23 16:00:00,PRD-A,42.0,1131.0,0.03713527851458886,0.02780695347056565,0.04661195978611832,0.06541696610167098,False,False,False,False,False
2024-09-24 00:00:00,PRD-A,37.0,1264.0,0.029272151898734177,0.02882379069573896,0.04661195978611832,0.06440012887649768,False,False,False,False,False
2024-09-24 08:00:00,PRD-A,44.0,1319.0,0.03335860500379075,0.02919860741711216,0.04661195978611832,0.06402531215512447,False,True,True,False,True
2024-09-24 16:00:00,PRD-A,67.0,1238.0,0.05411954765751212,0.028637971110342574,0.04661195978611832,0.06458594846189405,False,True,False,False,True
2024-10-01 00:00:00,PRD-A,87.0,1258.0,0.06915739268680444,0.028781421038834357,0.04661195978611832,0.06444249853340228,True,False,False,False,True
2024-10-01 08:00:00,PRD-A,89.0,1221.0,0.0728910728910729,0.0285132775901386,0.04661195978611832,0.06471064198209803,True,True,False,False,True
2024-10-01 16:00:00,PRD-A,142.0,1219.0,0.11648892534864644,0.028498436519833407,0.04661195978611832,0.06472548305240322,True,True,True,False,True
2024-10-02 00:00:00,PRD-A,110.0,1259.0,0.08737092930897537,0.02878850367615343,0.04661195978611832,0.0644354158960832,True,True,True,False,True
2024-10-02 08:00:00,PRD-A,94.0,1196.0,0.07859531772575251,0.028325097419471798,0.04661195978611832,0.06489882215276484,True,True,True,False,True
2024-10-02 16:00:00,PRD-A,159.0,1197.0,0.13283208020050125,0.02833273763804913,0.04661195978611832,0.0648911819341875,True,True,True,False,True
2024-10-09 00:00:00,PRD-A,54.0,1220.0,0.04426229508196721,0.028505861616790716,0.04661195978611832,0.06471805795544591,False,True,True,False,True
2024-10-09 08:00:00,PRD-A,67.0,1257.0,0.053301511535401754,0.02877432995136084,0.04661195978611832,0.0644495896208758,False,False,True,False,True
2024-10-09 16:00:00,PRD-A,85.0,1213.0,0.07007419620774938,0.028453693290036226,0.04661195978611832,0.06477022628220042,True,False,True,False,True
2024-10-10 00:00:00,PRD-A,74.0,1229.0,0.060211554109031735,0.02857227915610649,0.04661195978611832,0.06465164041613014,False,True,True,False,True
2024-10-10 08:00:00,PRD-A,70.0,1221.0,0.05733005733005733,0.0285132775901386,0.04661195978611832,0.06471064198209803,False,True,True,False,True
2024-10-10 16:00:00,PRD-A,97.0,1178.0,0.08234295415959253,0.02818591421797196,0.04661195978611832,0.06503800535426468,True,True,True,False,True
2024-10-17 00:00:00,PRD-A,55.0,1281.0,0.0429352068696331,0.028942217261858208,0.04661195978611832,0.06428170231037843,False,False,True,False,True
2024-10-17 08:00:00,PRD-A,45.0,1334.0,0.03373313343328336,0.02929678534124693,0.04661195978611832,0.06392713423098971,False,False,False,False,False
2024-10-17 16:00:00,PRD-A,45.0,1224.0,0.03676470588235294,0.028535470954950078,0.04661195978611832,0.06468844861728656,False,False,False,False,False
2024-10-18 00:00:00,PRD-A,33.0,1327.0,0.024868123587038434,0.029251176147990915,0.04661195978611832,0.06397274342424572,True,True,False,False,True
2024-10-18 08:00:00,PRD-A,30.0,1311.0,0.02288329519450801,0.029145558239014123,0.04661195978611832,0.0640783613332225,True,True,True,False,True
2024-10-18 16:00:00,PRD-A,53.0,1232.0,0.04301948051948052,0.028594256440160525,0.04661195978611832,0.0646296631320761,False,True,True,False,True
2024-10-25 00:00:00,PRD-A,77.0,1179.0,0.06530958439355386,0.028193730144333424,0.04661195978611832,0.06503018942790321,True,False,False,False,True
2024-10-25 08:00:00,PRD-A,94.0,1216.0,0.07730263157894737,0.028476106299807707,0.04661195978611832,0.06474781327242893,True,True,False,False,True
2024-10-25 16:00:00,PRD-A,93.0,871.0,0.10677382319173363,0.02518326552096392,0.04661195978611832,0.06804065405127271,True,True,False,False,True
2024-10-26 00:00:00,PRD-A,38.0,1330.0,0.02857142857142857,0.02927076703289004,0.04661195978611832,0.0639531525393466,True,True,False,False,True
2024-10-26 08:00:00,PRD-A,30.0,1291.0,0.023237800154918668,0.029010784623800058,0.04661195978611832,0.06421313494843658,True,True,False,False,True
2024-10-26 16:00:00,PRD-A,68.0,1262.0,0.05388272583201268,0.028809701054646444,0.04661195978611832,0.06441421851759019,False,True,False,False,True
2024-11-02 00:00:00,PRD-A,48.0,1267.0,0.037884767166535126,0.028844862571752207,0.04661195978611832,0.06437905700048444,False,False,False,False,False
2024-11-02 08:00:00,PRD-A,47.0,1289.0,0.03646237393328161,0.028997135009369977,0.04661195978611832,0.06422678456286665,False,False,True,False,True
2024-11-02 16:00:00,PRD-A,76.0,1242.0,0.061191626409017714,0.028666938073043637,0.04661195978611832,0.064556981499193,False,False,False,False,False
2024-11-03 00:00:00,PRD-A,54.0,1310.0,0.04122137404580153,0.02913889294529809,0.04661195978611832,0.06408502662693855,False,False,False,False,False
2024-11-03 08:00:00,PRD-A,58.0,1269.0,0.045705279747832936,0.028858868957227873,0.04661195978611832,0.06436505061500876,False,False,False,False,False
2024-11-03 16:00:00,PRD-A,84.0,1217.0,0.06902218570254724,0.028483558880145532,0.04661195978611832,0.0647403606920911,True,False,False,False,True
2024-11-10 00:00:00,PRD-A,60.0,1327.0,0.0452147701582517,0.029251176147990915,0.04661195978611832,0.06397274342424572,False,False,False,False,False
2024-11-10 08:00:00,PRD-A,34.0,1327.0,0.02562170308967596,0.029251176147990915,0.04661195978611832,0.06397274342424572,True,False,False,False,True
2024-11-10 16:00:00,PRD-A,43.0,1276.0,0.03369905956112853,0.028907631708067708,0.04661195978611832,0.06431628786416893,False,True,False,False,True
2024-11-11 00:00:00,PRD-A,29.0,1283.0,0.02260327357755261,0.028955994840970098,0.04661195978611832,0.06426792473126654,True,True,False,False,True
2024-11-11 08:00:00,PRD-A,35.0,1329.0,0.02633559066967645,0.02926424410892295,0.04661195978611832,0.06395967546331369,True,True,True,False,True
2024-11-11 16:00:00,PRD-A,48.0,1253.0,0.03830806065442937,0.028745880762893368,0.04661195978611832,0.06447803880934327,False,True,True,False,True
2024-11-18 00:00:00,PRD-A,90.0,1131.0,0.07957559681697612,0.02780695347056565,0.04661195978611832,0.06541696610167098,True,False,True,False,True
2024-11-18 08:00:00,PRD-A,71.0,1193.0,0.05951383067896061,0.028302119154030435,0.04661195978611832,0.0649218004182062,False,True,False,False,True
2024-11-18 16:00:00,PRD-A,128.0,1132.0,0.11307420494699646,0.0278152614039579,0.04661195978611832,0.06540865816827873,True,True,False,False,True
2024-11-19 00:00:00,PRD-A,97.0,1207.0,0.08036454018227009,0.02840861684542869,0.04661195978611832,0.06481530272680794,True,True,True,False,True
2024-11-19 08:00:00,PRD-A,80.0,952.0,0.08403361344537816,0.026115148061329262,0.04661195978611832,0.06710877151090737,True,True,True,False,True
2024-11-19 16:00:00,PRD-A,52.0,1208.0,0.04304635761589404,0.028416152901616153,0.04661195978611832,0.06480776667062048,False,True,True,False,True
2024-11-26 00:00:00,PRD-A,25.0,1268.0,0.01971608832807571,0.028851869906757307,0.04661195978611832,0.06437204966547933,True,False,False,False,True
2024-11-26 08:00:00,PRD-A,47.0,1224.0,0.03839869281045752,0.028535470954950078,0.04661195978611832,0.06468844861728656,False,False,False,False,False
2024-11-26 16:00:00,PRD-A,66.0,1257.0,0.05250596658711217,0.02877432995136084,0.04661195978611832,0.0644495896208758,False,False,False,False,False
2024-11-27 00:00:00,PRD-A,37.0,1282.0,0.028861154446177848,0.0289491100815175,0.04661195978611832,0.06427480949071913,True,False,False,False,True
2024-11-27 08:00:00,PRD-A,45.0,1274.0,0.03532182103610675,0.028893740510890924,0.04661195978611832,0.06433017906134571,False,False,True,False,True
2024-11-27 16:00:00,PRD-A,70.0,1262.0,0.0554675118858954,0.028809701054646444,0.04661195978611832,0.06441421851759019,False,False,False,False,False
2024-12-04 00:00:00,PRD-A,40.0,1274.0,0.03139717425431711,0.028893740510890924,0.04661195978611832,0.06433017906134571,False,False,False,False,False
2024-12-04 08:00:00,PRD-A,39.0,1049.0,0.037178265014299335,0.027085790869417644,0.04661195978611832,0.06613812870281899,False,False,True,False,True
2024-12-04 16:00:00,PRD-A,35.0,1327.0,0.02637528259231349,0.029251176147990915,0.04661195978611832,0.06397274342424572,True,True,True,False,True
2024-12-05 00:00:00,PRD-A,50.0,1343.0,0.03723008190618019,0.029354900951769774,0.04661195978611832,0.06386901862046686,False,False,True,False,True
2024-12-05 08:00:00,PRD-A,56.0,1351.0,0.04145077720207254,0.029406070994238524,0.04661195978611832,0.0638178485779981,False,False,True,False,True
2024-12-05 16:00:00,PRD-A,40.0,1321.0,0.03028009084027252,0.02921179435756391,0.04661195978611832,0.06401212521467273,False,False,True,False,True
2024-12-12 00:00:00,PRD-A,120.0,1186.0,0.10118043844856661,0.028248164549842067,0.04661195978611832,0.06497575502239457,True,False,False,False,True
2024-12-12 08:00:00,PRD-A,114.0,1198.0,0.09515859766277128,0.028340368288412136,0.04661195978611832,0.0648835512838245,True,True,False,False,True
2024-12-12 16:00:00,PRD-A,136.0,1184.0,0.11486486486486487,0.028232661131938275,0.04661195978611832,0.06499125844029836,True,True,False,False,True
2024-12-13 00:00:00,PRD-A,136.0,1183.0,0.11496196111580727,0.028224894683818915,0.04661195978611832,0.06499902488841772,True,True,True,False,True
2024-12-13 08:00:00,PRD-A,144.0,1097.0,0.13126709206927986,0.027517759563261687,0.04661195978611832,0.06570616000897495,True,True,True,False,True
2024-12-13 16:00:00,PRD-A,86.0,1289.0,0.06671838634600466,0.028997135009369977,0.04661195978611832,0.06422678456286665,True,True,True,False,True
2024-12-20 00:00:00,PRD-A,81.0,1155.0,0.07012987012987013,0.028003355787238268,0.04661195978611832,0.06522056378499837,True,True,True,False,True
2024-12-20 08:00:00,PRD-A,69.0,1241.0,0.055600322320709106,0.028659709463802596,0.04661195978611832,0.06456421010843404,False,True,True,True,True
2024-12-20 16:00:00,PRD-A,87.0,876.0,0.09931506849315068,0.02524450798476781,0.04661195978611832,0.06797941158746883,True,True,True,True,True
2024-12-21 00:00:00,PRD-A,40.0,1328.0,0.030120481927710843,0.02925771381858166,0.04661195978611832,0.06396620575365497,False,False,True,False,True
2024-12-21 08:00:00,PRD-A,37.0,1315.0,0.028136882129277566,0.029172143340491917,0.04661195978611832,0.06405177623174471,True,True,False,False,True
2024-12-21 16:00:00,PRD-A,69.0,1275.0,0.05411764705882353,0.028900690195125808,0.04661195978611832,0.06432322937711082,False,True,False,False,True
2024-12-28 00:00:00,PRD-A,47.0,1226.0,0.03833605220228385,0.028550221254290294,0.04661195978611832,0.06467369831794634,False,False,False,False,False
2024-12-28 08:00:00,PRD-A,55.0,1285.0,0.042801556420233464,0.028969740241998852,0.04661195978611832,0.06425417933023778,False,False,False,False,False
2024-12-28 16:00:00,PRD-A,80.0,1236.0,0.06472491909385113,0.028623434926263666,0.04661195978611832,0.06460048464597297,True,False,False,False,True
2024-12-29 00:00:00,PRD-A,64.0,1267.0,0.050513022888713496,0.028844862571752207,0.04661195978611832,0.06437905700048444,False,False,False,False,False
2024-12-29 08:00:00,PRD-A,66.0,1234.0,0.05348460291734198,0.028608863417304935,0.04661195978611832,0.0646150561549317,False,False,False,False,False
2024-12-29 16:00:00,PRD-A,89.0,1236.0,0.07200647249190939,0.028623434926263666,0.04661195978611832,0.06460048464597297,True,False,False,False,True
2025-01-05 00:00:00,PRD-A,56.0,1176.0,0.047619047619047616,0.02817025246795515,0.04661195978611832,0.06505366710428148,False,False,False,False,False
2025-01-05 08:00:00,PRD-A,44.0,1219.0,0.03609515996718622,0.028498436519833407,0.04661195978611832,0.06472548305240322,False,False,False,False,False
2025-01-05 16:00:00,PRD-A,85.0,1216.0,0.06990131578947369,0.028476106299807707,0.04661195978611832,0.06474781327242893,True,False,False,False,True
2025-01-06 00:00:00,PRD-A,64.0,1228.0,0.05211726384364821,0.028564935504009105,0.04661195978611832,0.06465898406822754,False,False,False,False,False
2025-01-06 08:00:00,PRD-A,82.0,1236.0,0.06634304207119741,0.028623434926263666,0.04661195978611832,0.06460048464597297,True,True,False,False,True
2025-01-06 16:00:00,PRD-A,112.0,1208.0,0.09271523178807947,0.028416152901616153,0.04661195978611832,0.06480776667062048,True,True,False,False,True
2025-01-13 00:00:00,PRD-A,64.0,1177.0,0.05437553101104503,0.028178088332901273,0.04661195978611832,0.06504583123933536,False,True,True,False,True
2025-01-13 08:00:00,PRD-A,60.0,1215.0,0.04938271604938271,0.028468644520645535,0.04661195978611832,0.0647552750515911,False,False,False,False,False
2025-01-13 16:00:00,PRD-A,111.0,1183.0,0.09382924767540152,0.028224894683818915,0.04661195978611832,0.06499902488841772,True,False,True,False,True
2025-01-14 00:00:00,PRD-A,88.0,1272.0,0.06918238993710692,0.02887981656432141,0.04661195978611832,0.06434410300791522,True,True,True,True,True
2025-01-14 08:00:00,PRD-A,75.0,1200.0,0.0625,0.02835560096425526,0.04661195978611832,0.06486831860798137,False,True,True,True,True
2025-01-14 16:00:00,PRD-A,97.0,1146.0,0.08464223385689354,0.02793042825499673,0.04661195978611832,0.06529349131723991,True,True,True,True,True
2025-01-21 00:00:00,PRD-A,62.0,1159.0,0.05349439171699741,0.028035495023659564,0.04661195978611832,0.06518842454857707,False,True,True,True,True
2025-01-21 08:00:00,PRD-A,64.0,1075.0,0.059534883720930236,0.027323366581020168,0.04661195978611832,0.06590055299121647,False,True,True,True,True
2025-01-21 16:00:00,PRD-A,43.0,1282.0,0.033541341653666144,0.0289491100815175,0.04661195978611832,0.06427480949071913,False,False,True,False,True
2025-01-22 00:00:00,PRD-A,68.0,1328.0,0.05120481927710843,0.02925771381858166,0.04661195978611832,0.06396620575365497,False,False,False,False,False
2025-01-22 08:00:00,PRD-A,44.0,1308.0,0.03363914373088685,0.02912553943410883,0.04661195978611832,0.0640983801381278,False,True,False,False,True
2025-01-22 16:00:00,PRD-A,91.0,1362.0,0.06681350954478708,0.029475692312242147,0.04661195978611832,0.06374822725999449,True,False,False,False,True
2025-01-29 00:00:00,PRD-A,81.0,1135.0,0.07136563876651983,0.027840119292350217,0.04661195978611832,0.06538380027988641,True,True,False,False,True
2025-01-29 08:00:00,PRD-A,85.0,1195.0,0.07112970711297072,0.028317447612667156,0.04661195978611832,0.06490647195956947,True,True,False,False,True
2025-01-29 16:00:00,PRD-A,128.0,1060.0,0.12075471698113208,0.027187370115137322,0.04661195978611832,0.06603654945709932,True,True,True,False,True
2025-01-30 00:00:00,PRD-A,31.0,1316.0,0.023556231003039513,0.029178770669800437,0.04661195978611832,0.0640451489024362,True,True,True,False,True
2025-01-30 08:00:00,PRD-A,33.0,1297.0,0.025443330763299923,0.029051543864524867,0.04661195978611832,0.06417237570771177,True,True,False,False,True
2025-01-30 16:00:00,PRD-A,53.0,1215.0,0.043621399176954734,0.028468644520645535,0.04661195978611832,0.0647552750515911,False,True,False,False,True
2025-02-06 00:00:00,PRD-A,57.0,1227.0,0.04645476772616137,0.028557582876170096,0.04661195978611832,0.06466633669606654,False,False,False,False,False
2025-02-06 08:00:00,PRD-A,55.0,1242.0,0.04428341384863124,0.028666938073043637,0.04661195978611832,0.064556981499193,False,False,False,False,False
2025-02-06 16:00:00,PRD-A,71.0,1228.0,0.05781758957654723,0.028564935504009105,0.04661195978611832,0.06465898406822754,False,False,False,False,False
2025-02-07 00:00:00,PRD-A,62.0,1237.0,0.050121261115602264,0.028630707424988164,0.04661195978611832,0.06459321214724847,False,False,False,False,False
2025-02-07 08:00:00,PRD-A,49.0,1250.0,0.0392,0.02872445431622922,0.04661195978611832,0.06449946525600742,False,False,False,False,False
2025-02-07 16:00:00,PRD-A,100.0,1203.0,0.0831255195344971,0.028378378713389416,0.04661195978611832,0.06484554085884722,True,False,False,False,True
2025-02-14 00:00:00,PRD-A,69.0,1195.0,0.05774058577405858,0.028317447612667156,0.04661195978611832,0.06490647195956947,False,False,False,False,False
2025-02-14 08:00:00,PRD-A,64.0,1294.0,0.04945904173106646,0.029031199680152796,0.04661195978611832,0.06419271989208383,False,False,False,False,False
2025-02-14 16:00:00,PRD-A,105.0,1235.0,0.08502024291497975,0.028616153596331857,0.04661195978611832,0.06460776597590479,True,False,False,False,True
2025-02-15 00:00:00,PRD-A,78.0,1242.0,0.06280193236714976,0.028666938073043637,0.04661195978611832,0.064556981499193,False,True,True,False,True
2025-02-15 08:00:00,PRD-A,70.0,1270.0,0.05511811023622047,0.028865859739475253,0.04661195978611832,0.06435805983276138,False,True,True,False,True
2025-02-15 16:00:00,PRD-A,103.0,1182.0,0.08714043993231811,0.028217118381884333,0.04661195978611832,0.0650068011903523,True,True,True,False,True
2025-02-22 00:00:00,PRD-A,96.0,1155.0,0.08311688311688312,0.028003355787238268,0.04661195978611832,0.06522056378499837,True,True,True,True,True
2025-02-22 08:00:00,PRD-A,118.0,1283.0,0.09197194076383476,0.028955994840970098,0.04661195978611832,0.06426792473126654,True,True,True,True,True
2025-02-22 16:00:00,PRD-A,146.0,1125.0,0.12977777777777777,0.02775687347159499,0.04661195978611832,0.06546704610064165,True,True,True,True,True
2025-02-23 00:00:00,PRD-A,111.0,1231.0,0.0901705930138099,0.028586939606012857,0.04661195978611832,0.06463697996622378,True,True,True,True,True
2025-02-23 08:00:00,PRD-A,113.0,1234.0,0.09157212317666126,0.028608863417304935,0.04661195978611832,0.0646150561549317,True,True,True,True,True
2025-02-23 16:00:00,PRD-A,169.0,1175.0,0.14382978723404255,0.028162406601904322,0.04661195978611832,0.06506151297033232,True,True,True,True,True
2025-03-02 00:00:00,PRD-A,63.0,1228.0,0.05130293159609121,0.028564935504009105,0.04661195978611832,0.06465898406822754,False,True,True,True,True
2025-03-02 08:00:00,PRD-A,67.0,1236.0,0.054207119741100325,0.028623434926263666,0.04661195978611832,0.06460048464597297,False,False,True,True,True
2025-03-02 16:00:00,PRD-A,83.0,1186.0,0.0699831365935919,0.028248164549842067,0.04661195978611832,0.06497575502239457,True,False,True,True,True
2025-03-03 00:00:00,PRD-A,54.0,932.0,0.05793991416309013,0.025896392540491406,0.04661195978611832,0.06732752703174523,False,False,True,True,True
2025-03-03 08:00:00,PRD-A,55.0,1339.0,0.041075429424943986,0.029329144133205684,0.04661195978611832,0.06389477543903095,False,False,False,False,False
2025-03-03 16:00:00,PRD-A,53.0,1286.0,0.04121306376360809,0.02897660091484009,0.04661195978611832,0.06424731865739655,False,False,False,False,False
2025-03-10 00:00:00,PRD-A,28.0,1270.0,0.02204724409448819,0.028865859739475253,0.04661195978611832,0.06435805983276138,True,False,False,False,True
2025-03-10 08:00:00,PRD-A,41.0,1271.0,0.03225806451612903,0.028872842269765883,0.04661195978611832,0.06435107730247075,False,True,False,False,True
2025-03-10 16:00:00,PRD-A,50.0,1278.0,0.03912363067292645,0.02892149028402948,0.04661195978611832,0.06430242928820715,False,True,False,False,True
2025-03-11 00:00:00,PRD-A,39.0,1309.0,0.029793735676088617,0.02913222001519391,0.04661195978611832,0.06409169955704272,False,True,True,False,True
2025-03-11 08:00:00,PRD-A,58.0,1330.0,0.04360902255639098,0.02927076703289004,0.04661195978611832,0.0639531525393466,False,False,True,False,True
2025-03-11 16:00:00,PRD-A,66.0,1253.0,0.052673583399840386,0.028745880762893368,0.04661195978611832,0.06447803880934327,False,False,False,False,False
2025-03-18 00:00:00,PRD-A,42.0,1268.0,0.033123028391167195,0.028851869906757307,0.04661195978611832,0.06437204966547933,False,False,False,False,False
2025-03-18 08:00:00,PRD-A,44.0,1261.0,0.034892942109436956,0.028802643667359712,0.04661195978611832,0.06442127590487692,False,False,False,False,False
2025-03-18 16:00:00,PRD-A,49.0,898.0,0.05456570155902005,0.025507870395746233,0.04661195978611832,0.0677160491764904,False,False,False,False,False
2025-03-19 00:00:00,PRD-A,21.0,1302.0,0.016129032258064516,0.02908529445486524,0.04661195978611832,0.0641386251173714,True,False,False,False,True
2025-03-19 08:00:00,PRD-A,36.0,1315.0,0.02737642585551331,0.029172143340491917,0.04661195978611832,0.06405177623174471,True,True,True,False,True
2025-03-19 16:00:00,PRD-A,38.0,1281.0,0.02966432474629196,0.028942217261858208,0.04661195978611832,0.06428170231037843,False,True,True,False,True
2025-03-26 00:00:00,PRD-A,61.0,1145.0,0.05327510917030567,0.027922272161383484,0.04661195978611832,0.06530164741085315,False,True,False,False,True
2025-03-26 08:00:00,PRD-A,82.0,1221.0,0.06715806715806716,0.0285132775901386,0.04661195978611832,0.06471064198209803,True,False,False,False,True
2025-03-26 16:00:00,PRD-A,108.0,1195.0,0.09037656903765691,0.028317447612667156,0.04661195978611832,0.06490647195956947,True,True,False,False,True
2025-03-27 00:00:00,PRD-A,77.0,1223.0,0.06295993458708095,0.028528082240629197,0.04661195978611832,0.06469583733160744,False,True,True,False,True
2025-03-27 08:00:00,PRD-A,79.0,1224.0,0.06454248366013073,0.028535470954950078,0.04661195978611832,0.06468844861728656,False,True,True,False,True
2025-03-27 16:00:00,PRD-A,102.0,1058.0,0.09640831758034027,0.027169019057977997,0.04661195978611832,0.06605490051425864,True,True,True,False,True
2025-04-03 00:00:00,PRD-A,79.0,1159.0,0.06816220880069025,0.028035495023659564,0.04661195978611832,0.06518842454857707,True,True,True,False,True
2025-04-03 08:00:00,PRD-A,88.0,1249.0,0.07045636509207366,0.028717295018175947,0.04661195978611832,0.06450662455406068,True,True,True,True,True
2025-04-03 16:00:00,PRD-A,123.0,1185.0,0.10379746835443038,0.02824041774703544,0.04661195978611832,0.0649835018252012,True,True,True,True,True
2025-04-04 00:00:00,PRD-A,91.0,1187.0,0.07666385846672283,0.02825590156102866,0.04661195978611832,0.06496801801120797,True,True,True,True,True
2025-04-04 08:00:00,PRD-A,95.0,1214.0,0.07825370675453047,0.02846117352371969,0.04661195978611832,0.06476274604851695,True,True,True,True,True
2025-04-04 16:00:00,PRD-A,107.0,1116.0,0.09587813620071685,0.02768099756618067,0.04661195978611832,0.06554292200605596,True,True,True,True,True
2025-04-11 00:00:00,PRD-A,62.0,1197.0,0.05179615705931495,0.02833273763804913,0.04661195978611832,0.0648911819341875,False,True,True,True,True
2025-04-11 08:00:00,PRD-A,49.0,1076.0,0.04553903345724907,0.027332331765425037,0.04661195978611832,0.06589158780681159,False,False,False,False,False
2025-04-11 16:00:00,PRD-A,49.0,1277.0,0.03837118245888802,0.028914565065716817,0.04661195978611832,0.06430935450651981,False,False,False,False,False
2025-04-12 00:00:00,PRD-A,39.0,1305.0,0.029885057471264367,0.02910545163845376,0.04661195978611832,0.06411846793378287,False,False,False,False,False
2025-04-12 08:00:00,PRD-A,42.0,1284.0,0.03271028037383177,0.028962871555912602,0.04661195978611832,0.06426104801632404,False,True,False,False,True
2025-04-12 16:00:00,PRD-A,59.0,1244.0,0.04742765273311897,0.028681369134254363,0.04661195978611832,0.06454255043798227,False,True,False,False,True
2025-04-19 00:00:00,PRD-A,49.0,1163.0,0.04213241616509028,0.028067468308568662,0.04661195978611832,0.06515645126366798,False,False,False,False,False
2025-04-19 08:00:00,PRD-A,43.0,1295.0,0.033204633204633204,0.029037988929336636,0.04661195978611832,0.0641859306429,False,False,False,False,False
2025-04-19 16:00:00,PRD-A,75.0,1181.0,0.06350550381033022,0.028209332205279894,0.04661195978611832,0.06501458736695674,False,False,False,False,False
2025-04-20 00:00:00,PRD-A,51.0,1258.0,0.04054054054054054,0.028781421038834357,0.04661195978611832,0.06444249853340228,False,False,False,False,False
2025-04-20 08:00:00,PRD-A,57.0,1264.0,0.04509493670886076,0.02882379069573896,0.04661195978611832,0.06440012887649768,False,False,False,False,False
2025-04-20 16:00:00,PRD-A,82.0,1149.0,0.07136640557006092,0.02795483261751326,0.04661195978611832,0.06526908695472337,True,False,False,False,True
2025-04-27 00:00:00,PRD-A,57.0,1286.0,0.04432348367029549,0.02897660091484009,0.04661195978611832,0.06424731865739655,False,False,False,False,False
2025-04-27 08:00:00,PRD-A,62.0,1294.0,0.04791344667697063,0.029031199680152796,0.04661195978611832,0.06419271989208383,False,False,False,False,False
2025-04-27 16:00:00,PRD-A,53.0,1119.0,0.04736371760500447,0.027706391222439966,0.04661195978611832,0.06551752834979667,False,False,False,False,False
2025-04-28 00:00:00,PRD-A,39.0,1328.0,0.029367469879518073,0.02925771381858166,0.04661195978611832,0.06396620575365497,False,False,False,False,False
2025-04-28 08:00:00,PRD-A,24.0,1316.0,0.0182370820668693,0.029178770669800437,0.04661195978611832,0.0640451489024362,True,True,False,False,True
2025-04-28 16:00:00,PRD-A,50.0,1250.0,0.04,0.02872445431622922,0.04661195978611832,0.06449946525600742,False,True,False,False,True
2025-05-05 00:00:00,PRD-A,77.0,1308.0,0.058868501529051986,0.02912553943410883,0.04661195978611832,0.0640983801381278,False,False,False,False,False
2025-05-05 08:00:00,PRD-A,35.0,1270.0,0.027559055118110236,0.028865859739475253,0.04661195978611832,0.06435805983276138,True,False,True,False,True
2025-05-05 16:00:00,PRD-A,78.0,1305.0,0.059770114942528735,0.02910545163845376,0.04661195978611832,0.06411846793378287,False,True,False,False,True
2025-05-06 00:00:00,PRD-A,54.0,1320.0,0.04090909090909091,0.02920520463362816,0.04661195978611832,0.06401871493860847,False,False,False,False,False
2025-05-06 08:00:00,PRD-A,116.0,1341.0,0.08650260999254288,0.02934203694787058,0.04661195978611832,0.06388188262436606,True,True,False,False,True
2025-05-06 16:00:00,PRD-A,87.0,1160.0,0.075,0.028043503846951586,0.04661195978611832,0.06518041572528505,True,True,False,False,True
2025-05-13 00:00:00,PRD-A,74.0,1177.0,0.06287170773152082,0.028178088332901273,0.04661195978611832,0.06504583123933536,False,True,True,False,True
2025-05-13 08:00:00,PRD-A,80.0,1171.0,0.06831767719897523,0.02813092269984891,0.04661195978611832,0.06509299687238773,True,True,True,False,True
2025-05-13 16:00:00,PRD-A,127.0,1164.0,0.109106529209622,0.028075435867036348,0.04661195978611832,0.0651484837052003,True,True,True,False,True
2025-05-14 00:00:00,PRD-A,88.0,1175.0,0.0748936170212766,0.028162406601904322,0.04661195978611832,0.06506151297033232,True,True,True,False,True
2025-05-14 08:00:00,PRD-A,72.0,839.0,0.08581644815256258,0.02477843740547494,0.04661195978611832,0.06844548216676169,True,True,True,False,True
2025-05-14 16:00:00,PRD-A,42.0,1236.0,0.03398058252427184,0.028623434926263666,0.04661195978611832,0.06460048464597297,False,True,True,False,True
2025-05-21 00:00:00,PRD-A,49.0,1227.0,0.03993480032599837,0.028557582876170096,0.04661195978611832,0.06466633669606654,False,False,False,False,False
2025-05-21 08:00:00,PRD-A,58.0,1284.0,0.045171339563862926,0.028962871555912602,0.04661195978611832,0.06426104801632404,False,False,False,False,False
2025-05-21 16:00:00,PRD-A,79.0,1247.0,0.06335204490777867,0.028702950595216888,0.04661195978611832,0.06452096897701975,False,False,False,False,False
2025-05-22 00:00:00,PRD-A,78.0,1263.0,0.06175771971496437,0.028816750058578096,0.04661195978611832,0.06440716951365855,False,True,False,False,True
2025-05-22 08:00:00,PRD-A,61.0,1246.0,0.048956661316211875,0.028695765435773988,0.04661195978611832,0.06452815413646265,False,True,False,False,True
2025-05-22 16:00:00,PRD-A,85.0,1234.0,0.06888168557536467,0.028608863417304935,0.04661195978611832,0.0646150561549317,True,True,False,False,True
2025-05-29 00:00:00,PRD-A,64.0,1210.0,0.05289256198347107,0.0284311969776768,0.04661195978611832,0.06479272259455984,False,False,True,False,True
2025-05-29 08:00:00,PRD-A,44.0,1193.0,0.036881810561609385,0.028302119154030435,0.04661195978611832,0.0649218004182062,False,False,False,False,False
2025-05-29 16:00:00,PRD-A,84.0,1154.0,0.07279029462738301,0.027995294879778164,0.04661195978611832,0.06522862469245846,True,False,False,False,True
2025-05-30 00:00:00,PRD-A,75.0,1153.0,0.06504770164787511,0.027987223487720498,0.04661195978611832,0.06523669608451614,False,True,True,False,True
2025-05-30 08:00:00,PRD-A,66.0,1247.0,0.05292702485966319,0.028702950595216888,0.04661195978611832,0.06452096897701975,False,True,True,False,True
2025-05-30 16:00:00,PRD-A,84.0,1233.0,0.0681265206812652,0.028601564371244333,0.04661195978611832,0.0646223552009923,True,True,True,False,True
2025-06-06 00:00:00,PRD-A,59.0,1229.0,0.04800650935720097,0.02857227915610649,0.04661195978611832,0.06465164041613014,False,False,True,False,True
2025-06-06 08:00:00,PRD-A,51.0,1143.0,0.04461942257217848,0.02790592787524752,0.04661195978611832,0.06531799169698911,False,False,False,False,False
2025-06-06 16:00:00,PRD-A,94.0,1223.0,0.07686017988552739,0.028528082240629197,0.04661195978611832,0.06469583733160744,True,False,False,False,True
2025-06-07 00:00:00,PRD-A,76.0,1233.0,0.06163828061638281,0.028601564371244333,0.04661195978611832,0.0646223552009923,False,True,False,False,True
2025-06-07 08:00:00,PRD-A,54.0,828.0,0.06521739130434782,0.024633886476019395,0.04661195978611832,0.06859003309621724,False,True,False,False,True
2025-06-07 16:00:00,PRD-A,50.0,1318.0,0.03793626707132018,0.029192002693806576,0.04661195978611832,0.06403191687843006,False,True,False,False,True
2025-06-14 00:00:00,PRD-A,41.0,1251.0,0.032773780975219824,0.02873160502827586,0.04661195978611832,0.06449231454396077,False,False,False,False,False
2025-06-14 08:00:00,PRD-A,76.0,1331.0,0.05709992486851991,0.029277282604321702,0.04661195978611832,0.06394663696791493,False,False,False,False,False
2025-06-14 16:00:00,PRD-A,81.0,1237.0,0.06548100242522231,0.028630707424988164,0.04661195978611832,0.06459321214724847,True,False,False,False,True
2025-06-15 00:00:00,PRD-A,60.0,1273.0,0.04713275726630008,0.02888678263931889,0.04661195978611832,0.06433713693291775,False,False,False,False,False
2025-06-15 08:00:00,PRD-A,50.0,1232.0,0.040584415584415584,0.028594256440160525,0.04661195978611832,0.0646296631320761,False,False,False,False,False
2025-06-15 16:00:00,PRD-A,84.0,1232.0,0.06818181818181818,0.028594256440160525,0.04661195978611832,0.0646296631320761,True,False,False,False,True
2025-06-22 00:00:00,PRD-A,47.0,1245.0,0.03775100401606426,0.028688571621249864,0.04661195978611832,0.06453534795098677,False,False,False,False,False
2025-06-22 08:00:00,PRD-A,53.0,1288.0,0.04114906832298137,0.02899029828302028,0.04661195978611832,0.06423362128921636,False,False,False,False,False
2025-06-22 16:00:00,PRD-A,64.0,869.0,0.07364787111622555,0.025158620666050742,0.04661195978611832,0.0680652989061859,True,False,False,False,True
2025-06-23 00:00:00,PRD-A,54.0,1354.0,0.03988183161004431,0.029425142740863088,0.04661195978611832,0.06379877683137355,False,False,False,False,False
2025-06-23 08:00:00,PRD-A,34.0,1307.0,0.026013771996939557,0.029118851187411022,0.04661195978611832,0.06410506838482562,True,False,False,False,True
2025-06-23 16:00:00,PRD-A,60.0,1266.0,0.04739336492890995,0.028837846935856143,0.04661195978611832,0.06438607263638049,False,False,False,False,False
2025-06-30 00:00:00,PRD-A,86.0,1137.0,0.07563764291996482,0.027856636533114605,0.04661195978611832,0.06536728303912204,True,False,False,False,True
2025-06-30 08:00:00,PRD-A,67.0,1239.0,0.05407586763518967,0.028645226000113714,0.04661195978611832,0.06457869357212292,False,False,False,False,False
2025-06-30 16:00:00,PRD-A,125.0,1210.0,0.10330578512396695,0.0284311969776768,0.04661195978611832,0.06479272259455984,True,True,False,False,True
