timestamp,product_id,value,moving_range,i_lcl,i_cl,i_ucl,mr_lcl,mr_cl,mr_ucl,rule_1_beyond_3sigma,rule_2_two_of_three_beyond_2sigma,rule_3_four_of_five_beyond_1sigma,rule_4_eight_same_side,any_signal,mr_rule_1
2024-01-01 00:00:00,PRD-A,0.9942477393949841,,0.8523794717071191,1.297434156718313,1.7424888417295068,0.0,0.16734056156420887,0.5467016146302703,False,False,False,False,False,False
2024-01-01 08:00:00,PRD-A,1.116883417539136,0.12263567814415188,0.8523794717071191,1.297434156718313,1.7424888417295068,0.0,0.16734056156420887,0.5467016146302703,False,False,False,False,False,False
2024-01-01 16:00:00,PRD-A,1.1728017374348263,0.055918319895690294,0.8523794717071191,1.297434156718313,1.7424888417295068,0.0,0.16734056156420887,0.5467016146302703,False,False,False,False,False,False
2024-01-02 00:00:00,PRD-A,1.1222861916378446,0.0505155457969817,0.8523794717071191,1.297434156718313,1.7424888417295068,0.0,0.16734056156420887,0.5467016146302703,False,False,False,False,False,False
2024-01-02 08:00:00,PRD-A,0.9655819742771463,0.15670421736069828,0.8523794717071191,1.297434156718313,1.7424888417295068,0.0,0.16734056156420887,0.5467016146302703,False,False,True,False,True,False
2024-01-02 16:00:00,PRD-A,1.0520838511906916,0.08650187691354527,0.8523794717071191,1.297434156718313,1.7424888417295068,0.0,0.16734056156420887,0.5467016146302703,False,False,True,False,True,False
2024-01-09 00:00:00,PRD-A,1.3977069889276252,0.34562313773693365,0.8523794717071191,1.297434156718313,1.7424888417295068,0.0,0.16734056156420887,0.5467016146302703,False,False,False,False,False,False
2024-01-09 08:00:00,PRD-A,1.3123257898382688,0.08538119908935649,0.8523794717071191,1.297434156718313,1.7424888417295068,0.0,0.16734056156420887,0.5467016146302703,False,False,False,False,False,False
2024-01-09 16:00:00,PRD-A,1.543032559321694,0.23070676948342528,0.8523794717071191,1.297434156718313,1.7424888417295068,0.0,0.16734056156420887,0.5467016146302703,False,False,False,False,False,False
2024-01-10 00:00:00,PRD-A,1.3704003856877642,0.1726321736339298,0.8523794717071191,1.297434156718313,1.7424888417295068,0.0,0.16734056156420887,0.5467016146302703,False,False,False,False,False,False
2024-01-10 08:00:00,PRD-A,1.3865575971876154,0.016157211499851165,0.8523794717071191,1.297434156718313,1.7424888417295068,0.0,0.16734056156420887,0.5467016146302703,False,False,False,False,False,False
2024-01-10 16:00:00,PRD-A,1.4129698620999562,0.026412264912340833,0.8523794717071191,1.297434156718313,1.7424888417295068,0.0,0.16734056156420887,0.5467016146302703,False,False,False,False,False,False
2024-01-17 00:00:00,PRD-A,1.24927522901213,0.16369463308782617,0.8523794717071191,1.297434156718313,1.7424888417295068,0.0,0.16734056156420887,0.5467016146302703,False,False,False,False,False,False
2024-01-17 08:00:00,PRD-A,1.2198317625719697,0.029443466440160382,0.8523794717071191,1.297434156718313,1.7424888417295068,0.0,0.16734056156420887,0.5467016146302703,False,False,False,False,False,False
2024-01-17 16:00:00,PRD-A,1.3132781611363304,0.09344639856436077,0.8523794717071191,1.297434156718313,1.7424888417295068,0.0,0.16734056156420887,0.5467016146302703,False,False,False,False,False,False
2024-01-18 00:00:00,PRD-A,1.1123983514105489,0.20087980972578157,0.8523794717071191,1.297434156718313,1.7424888417295068,0.0,0.16734056156420887,0.5467016146302703,False,False,False,False,False,False
2024-01-18 08:00:00,PRD-A,1.2486995022754614,0.13630115086491257,0.8523794717071191,1.297434156718313,1.7424888417295068,0.0,0.16734056156420887,0.5467016146302703,False,False,False,False,False,False
2024-01-18 16:00:00,PRD-A,1.5325071573291789,0.2838076550537174,0.8523794717071191,1.297434156718313,1.7424888417295068,0.0,0.16734056156420887,0.5467016146302703,False,False,False,False,False,False
2024-01-25 00:00:00,PRD-A,1.256857875590706,0.2756492817384728,0.8523794717071191,1.297434156718313,1.7424888417295068,0.0,0.16734056156420887,0.5467016146302703,False,False,False,False,False,False
2024-01-25 08:00:00,PRD-A,1.3121437379595153,0.05528586236880928,0.8523794717071191,1.297434156718313,1.7424888417295068,0.0,0.16734056156420887,0.5467016146302703,False,False,False,False,False,False
2024-01-25 16:00:00,PRD-A,1.446870823572967,0.1347270856134517,0.8523794717071191,1.297434156718313,1.7424888417295068,0.0,0.16734056156420887,0.5467016146302703,False,False,False,False,False,False
2024-01-26 00:00:00,PRD-A,1.3425364913604843,0.10433433221248278,0.8523794717071191,1.297434156718313,1.7424888417295068,0.0,0.16734056156420887,0.5467016146302703,False,False,False,False,False,False
2024-01-26 08:00:00,PRD-A,1.2084110887034007,0.1341254026570835,0.8523794717071191,1.297434156718313,1.7424888417295068,0.0,0.16734056156420887,0.5467016146302703,False,False,False,False,False,False
2024-01-26 16:00:00,PRD-A,1.3692424581473852,0.16083136944398446,0.8523794717071191,1.297434156718313,1.7424888417295068,0.0,0.16734056156420887,0.5467016146302703,False,False,False,False,False,False
2024-02-02 00:00:00,PRD-A,1.1051094631958307,0.2641329949515545,0.8523794717071191,1.297434156718313,1.7424888417295068,0.0,0.16734056156420887,0.5467016146302703,False,False,False,False,False,False
2024-02-02 08:00:00,PRD-A,1.0860461164050532,0.01906334679077748,0.8523794717071191,1.297434156718313,1.7424888417295068,0.0,0.16734056156420887,0.5467016146302703,False,False,False,False,False,False
2024-02-02 16:00:00,PRD-A,1.2688877829838339,0.18284166657878065,0.8523794717071191,1.297434156718313,1.7424888417295068,0.0,0.16734056156420887,0.5467016146302703,False,False,False,False,False,False
2024-02-03 00:00:00,PRD-A,1.366909977579665,0.09802219459583106,0.8523794717071191,1.297434156718313,1.7424888417295068,0.0,0.16734056156420887,0.5467016146302703,False,False,False,False,False,False
2024-02-03 08:00:00,PRD-A,1.0036208926976984,0.36328908488196654,0.8523794717071191,1.297434156718313,1.7424888417295068,0.0,0.16734056156420887,0.5467016146302703,False,False,False,False,False,False
2024-02-03 16:00:00,PRD-A,1.2562807626963337,0.2526598699986353,0.8523794717071191,1.297434156718313,1.7424888417295068,0.0,0.16734056156420887,0.5467016146302703,False,False,False,False,False,False
2024-02-10 00:00:00,PRD-A,1.389306067544757,0.13302530484842334,0.8523794717071191,1.297434156718313,1.7424888417295068,0.0,0.16734056156420887,0.5467016146302703,False,False,False,False,False,False
2024-02-10 08:00:00,PRD-A,1.3645398061459584,0.024766261398798672,0.8523794717071191,1.297434156718313,1.7424888417295068,0.0,0.16734056156420887,0.5467016146302703,False,False,False,False,False,False
2024-02-10 16:00:00,PRD-A,1.4497447315062728,0.08520492536031443,0.8523794717071191,1.297434156718313,1.7424888417295068,0.0,0.16734056156420887,0.5467016146302703,False,False,False,False,False,False
2024-02-11 00:00:00,PRD-A,1.3150064306082425,0.1347383008980303,0.8523794717071191,1.297434156718313,1.7424888417295068,0.0,0.16734056156420887,0.5467016146302703,False,False,False,False,False,False
2024-02-11 08:00:00,PRD-A,1.375803261995544,0.06079683138730152,0.8523794717071191,1.297434156718313,1.7424888417295068,0.0,0.16734056156420887,0.5467016146302703,False,False,False,False,False,False
2024-02-11 16:00:00,PRD-A,1.5609855507042802,0.1851822887087362,0.8523794717071191,1.297434156718313,1.7424888417295068,0.0,0.16734056156420887,0.5467016146302703,False,False,False,False,False,False
2024-02-18 00:00:00,PRD-A,1.2291122307998301,0.3318733199044501,0.8523794717071191,1.297434156718313,1.7424888417295068,0.0,0.16734056156420887,0.5467016146302703,False,False,False,False,False,False
2024-02-18 08:00:00,PRD-A,1.2459365438662076,0.01682431306637744,0.8523794717071191,1.297434156718313,1.7424888417295068,0.0,0.16734056156420887,0.5467016146302703,False,False,False,False,False,False
2024-02-18 16:00:00,PRD-A,1.1705682545156388,0.07536828935056872,0.8523794717071191,1.297434156718313,1.7424888417295068,0.0,0.16734056156420887,0.5467016146302703,False,False,False,False,False,False
2024-02-19 00:00:00,PRD-A,1.0960394816147612,0.07452877290087767,0.8523794717071191,1.297434156718313,1.7424888417295068,0.0,0.16734056156420887,0.5467016146302703,False,False,False,False,False,False
2024-02-19 08:00:00,PRD-A,1.1313984860046649,0.03535900438990369,0.8523794717071191,1.297434156718313,1.7424888417295068,0.0,0.16734056156420887,0.5467016146302703,False,False,False,False,False,False
2024-02-19 16:00:00,PRD-A,1.291530752746875,0.16013226674221004,0.8523794717071191,1.297434156718313,1.7424888417295068,0.0,0.16734056156420887,0.5467016146302703,False,False,False,False,False,False
2024-02-26 00:00:00,PRD-A,1.6971812319221806,0.4056504791753057,0.8523794717071191,1.297434156718313,1.7424888417295068,0.0,0.16734056156420887,0.5467016146302703,False,False,False,False,False,False
2024-02-26 08:00:00,PRD-A,1.572785253485168,0.12439597843701256,0.8523794717071191,1.297434156718313,1.7424888417295068,0.0,0.16734056156420887,0.5467016146302703,False,False,False,False,False,False
2024-02-26 16:00:00,PRD-A,1.7665419669801958,0.19375671349502777,0.8523794717071191,1.297434156718313,1.7424888417295068,0.0,0.16734056156420887,0.5467016146302703,True,True,False,False,True,False
2024-02-27 00:00:00,PRD-A,1.6568623666236315,0.10967960035656432,0.8523794717071191,1.297434156718313,1.7424888417295068,0.0,0.16734056156420887,0.5467016146302703,False,True,True,False,True,False
2024-02-27 08:00:00,PRD-A,1.5437895034178353,0.11307286320579624,0.8523794717071191,1.297434156718313,1.7424888417295068,0.0,0.16734056156420887,0.5467016146302703,False,True,True,False,True,False
2024-02-27 16:00:00,PRD-A,1.8002936021734863,0.25650409875565106,0.8523794717071191,1.297434156718313,1.7424888417295068,0.0,0.16734056156420887,0.5467016146302703,True,True,True,False,True,False
2024-03-05 00:00:00,PRD-A,1.0863763371790642,0.7139172649944221,0.8523794717071191,1.297434156718313,1.7424888417295068,0.0,0.16734056156420887,0.5467016146302703,False,False,True,False,True,True
2024-03-05 08:00:00,PRD-A,1.1909236973558004,0.10454736017673616,0.8523794717071191,1.297434156718313,1.7424888417295068,0.0,0.16734056156420887,0.5467016146302703,False,False,False,False,False,False
2024-03-05 16:00:00,PRD-A,1.3672828966652326,0.17635919930943222,0.8523794717071191,1.297434156718313,1.7424888417295068,0.0,0.16734056156420887,0.5467016146302703,False,False,False,False,False,False
2024-03-06 00:00:00,PRD-A,1.2661788152882547,0.1011040813769779,0.8523794717071191,1.297434156718313,1.7424888417295068,0.0,0.16734056156420887,0.5467016146302703,False,False,False,False,False,False
2024-03-06 08:00:00,PRD-A,1.1785954822226918,0.08758333306556287,0.8523794717071191,1.297434156718313,1.7424888417295068,0.0,0.16734056156420887,0.5467016146302703,False,False,False,False,False,False
2024-03-06 16:00:00,PRD-A,1.6375823567741434,0.4589868745514516,0.8523794717071191,1.297434156718313,1.7424888417295068,0.0,0.16734056156420887,0.5467016146302703,False,False,False,False,False,False
2024-03-13 00:00:00,PRD-A,1.3339160195113615,0.3036663372627819,0.8523794717071191,1.297434156718313,1.7424888417295068,0.0,0.16734056156420887,0.5467016146302703,False,False,False,False,False,False
2024-03-13 08:00:00,PRD-A,1.3589169241418442,0.025000904630482657,0.8523794717071191,1.297434156718313,1.7424888417295068,0.0,0.16734056156420887,0.5467016146302703,False,False,False,False,False,False
2024-03-13 16:00:00,PRD-A,1.5409105929084825,0.18199366876663836,0.8523794717071191,1.297434156718313,1.7424888417295068,0.0,0.16734056156420887,0.5467016146302703,False,False,False,False,False,False
2024-03-14 00:00:00,PRD-A,1.2066053916439305,0.334305201264552,0.8523794717071191,1.297434156718313,1.7424888417295068,0.0,0.16734056156420887,0.5467016146302703,False,False,False,False,False,False
2024-03-14 08:00:00,PRD-A,1.456170484152458,0.24956509250852754,0.8523794717071191,1.297434156718313,1.7424888417295068,0.0,0.16734056156420887,0.5467016146302703,False,False,False,False,False,False
2024-03-14 16:00:00,PRD-A,1.5059142572372417,0.049743773084783616,0.8523794717071191,1.297434156718313,1.7424888417295068,0.0,0.16734056156420887,0.5467016146302703,False,False,False,False,False,False
2024-03-21 00:00:00,PRD-A,0.9779395328035845,0.5279747244336572,0.8523794717071191,1.297434156718313,1.7424888417295068,0.0,0.16734056156420887,0.5467016146302703,False,False,False,False,False,False
2024-03-21 08:00:00,PRD-A,1.121885456187126,0.14394592338354162,0.8523794717071191,1.297434156718313,1.7424888417295068,0.0,0.16734056156420887,0.5467016146302703,False,False,False,False,False,False
2024-03-21 16:00:00,PRD-A,1.3459183785641755,0.22403292237704941,0.8523794717071191,1.297434156718313,1.7424888417295068,0.0,0.16734056156420887,0.5467016146302703,False,False,False,False,False,False
2024-03-22 00:00:00,PRD-A,1.2123820772889804,0.1335363012751951,0.8523794717071191,1.297434156718313,1.7424888417295068,0.0,0.16734056156420887,0.5467016146302703,False,False,False,False,False,False
2024-03-22 08:00:00,PRD-A,1.3453191455852747,0.13293706829629426,0.8523794717071191,1.297434156718313,1.7424888417295068,0.0,0.16734056156420887,0.5467016146302703,False,False,False,False,False,False
2024-03-22 16:00:00,PRD-A,1.3975537726209015,0.05223462703562687,0.8523794717071191,1.297434156718313,1.7424888417295068,0.0,0.16734056156420887,0.5467016146302703,False,False,False,False,False,False
2024-03-29 00:00:00,PRD-A,1.1563123101453812,0.24124146247552036,0.8523794717071191,1.297434156718313,1.7424888417295068,0.0,0.16734056156420887,0.5467016146302703,False,False,False,False,False,False
2024-03-29 08:00:00,PRD-A,1.2828142577845065,0.12650194763912537,0.8523794717071191,1.297434156718313,1.7424888417295068,0.0,0.16734056156420887,0.5467016146302703,False,False,False,False,False,False
2024-03-29 16:00:00,PRD-A,1.2903157234640443,0.0075014656795378,0.8523794717071191,1.297434156718313,1.7424888417295068,0.0,0.16734056156420887,0.5467016146302703,False,False,False,False,False,False
2024-03-30 00:00:00,PRD-A,1.2730274846484468,0.01728823881559749,0.8523794717071191,1.297434156718313,1.7424888417295068,0.0,0.16734056156420887,0.5467016146302703,False,False,False,False,False,False
2024-03-30 08:00:00,PRD-A,1.2050817099855733,0.06794577466287355,0.8523794717071191,1.297434156718313,1.7424888417295068,0.0,0.16734056156420887,0.5467016146302703,False,False,False,False,False,False
2024-03-30 16:00:00,PRD-A,1.4245266912703247,0.21944498128475143,0.8523794717071191,1.297434156718313,1.7424888417295068,0.0,0.16734056156420887,0.5467016146302703,False,False,False,False,False,False
2024-04-06 00:00:00,PRD-A,1.4453508169753329,0.020824125705008134,0.8523794717071191,1.297434156718313,1.7424888417295068,0.0,0.16734056156420887,0.5467016146302703,False,False,False,False,False,False
2024-04-06 08:00:00,PRD-A,1.5678535895603787,0.12250277258504583,0.8523794717071191,1.297434156718313,1.7424888417295068,0.0,0.16734056156420887,0.5467016146302703,False,False,False,False,False,False
2024-04-06 16:00:00,PRD-A,1.5637482555123812,0.004105334047997511,0.8523794717071191,1.297434156718313,1.7424888417295068,0.0,0.16734056156420887,0.5467016146302703,False,False,False,False,False,False
2024-04-07 00:00:00,PRD-A,1.4941100242787655,0.06963823123361568,0.8523794717071191,1.297434156718313,1.7424888417295068,0.0,0.16734056156420887,0.5467016146302703,False,False,False,False,False,False
2024-04-07 08:00:00,PRD-A,1.6276492913254645,0.13353926704669905,0.8523794717071191,1.297434156718313,1.7424888417295068,0.0,0.16734056156420887,0.5467016146302703,False,False,True,False,True,False
2024-04-07 16:00:00,PRD-A,1.651373948410218,0.023724657084753353,0.8523794717071191,1.297434156718313,1.7424888417295068,0.0,0.16734056156420887,0.5467016146302703,False,True,True,False,True,False
2024-04-14 00:00:00,PRD-A,0.9663357363056148,0.6850382121046031,0.8523794717071191,1.297434156718313,1.7424888417295068,0.0,0.16734056156420887,0.5467016146302703,False,True,True,False,True,True
2024-04-14 08:00:00,PRD-A,1.1076684933564565,0.1413327570508417,0.8523794717071191,1.297434156718313,1.7424888417295068,0.0,0.16734056156420887,0.5467016146302703,False,False,False,False,False,False
2024-04-14 16:00:00,PRD-A,1.3571160663575252,0.2494475730010688,0.8523794717071191,1.297434156718313,1.7424888417295068,0.0,0.16734056156420887,0.5467016146302703,False,False,False,False,False,False
2024-04-15 00:00:00,PRD-A,1.3199290562366504,0.037187010120874886,0.8523794717071191,1.297434156718313,1.7424888417295068,0.0,0.16734056156420887,0.5467016146302703,False,False,False,False,False,False
2024-04-15 08:00:00,PRD-A,1.003522730451218,0.3164063257854324,0.8523794717071191,1.297434156718313,1.7424888417295068,0.0,0.16734056156420887,0.5467016146302703,False,False,False,False,False,False
2024-04-15 16:00:00,PRD-A,1.4782035737342292,0.4746808432830112,0.8523794717071191,1.297434156718313,1.7424888417295068,0.0,0.16734056156420887,0.5467016146302703,False,False,False,False,False,False
2024-04-22 00:00:00,PRD-A,1.2872728434085612,0.19093073032566799,0.8523794717071191,1.297434156718313,1.7424888417295068,0.0,0.16734056156420887,0.5467016146302703,False,False,False,False,False,False
2024-04-22 08:00:00,PRD-A,1.1520506013340877,0.13522224207447353,0.8523794717071191,1.297434156718313,1.7424888417295068,0.0,0.16734056156420887,0.5467016146302703,False,False,False,False,False,False
2024-04-22 16:00:00,PRD-A,1.3707268116638953,0.21867621032980766,0.8523794717071191,1.297434156718313,1.7424888417295068,0.0,0.16734056156420887,0.5467016146302703,False,False,False,False,False,False
2024-04-23 00:00:00,PRD-A,1.0885743242505468,0.28215248741334853,0.8523794717071191,1.297434156718313,1.7424888417295068,0.0,0.16734056156420887,0.5467016146302703,False,False,False,False,False,False
2024-04-23 08:00:00,PRD-A,1.276582603956822,0.1880082797062752,0.8523794717071191,1.297434156718313,1.7424888417295068,0.0,0.16734056156420887,0.5467016146302703,False,False,False,False,False,False
2024-04-23 16:00:00,PRD-A,1.5623388671611413,0.28575626320431935,0.8523794717071191,1.297434156718313,1.7424888417295068,0.0,0.16734056156420887,0.5467016146302703,False,False,False,False,False,False
2024-04-30 00:00:00,PRD-A,1.440164375441804,0.12217449171933725,0.8523794717071191,1.297434156718313,1.7424888417295068,0.0,0.16734056156420887,0.5467016146302703,False,False,False,False,False,False
2024-04-30 08:00:00,PRD-A,1.5111190001152595,0.07095462467345537,0.8523794717071191,1.297434156718313,1.7424888417295068,0.0,0.16734056156420887,0.5467016146302703,False,False,False,False,False,False
2024-04-30 16:00:00,PRD-A,1.6065486634579103,0.0954296633426508,0.8523794717071191,1.297434156718313,1.7424888417295068,0.0,0.16734056156420887,0.5467016146302703,False,False,False,False,False,False
2024-05-01 00:00:00,PRD-A,1.330354162699511,0.27619450075839924,0.8523794717071191,1.297434156718313,1.7424888417295068,0.0,0.16734056156420887,0.5467016146302703,False,False,False,False,False,False
2024-05-01 08:00:00,PRD-A,1.1481866686469195,0.18216749405259147,0.8523794717071191,1.297434156718313,1.7424888417295068,0.0,0.16734056156420887,0.5467016146302703,False,False,False,False,False,False
2024-05-01 16:00:00,PRD-A,1.1350845100889737,0.013102158557945831,0.8523794717071191,1.297434156718313,1.7424888417295068,0.0,0.16734056156420887,0.5467016146302703,False,False,False,False,False,False
2024-05-08 00:00:00,PRD-A,1.0446507186483425,0.09043379144063124,0.8523794717071191,1.297434156718313,1.7424888417295068,0.0,0.16734056156420887,0.5467016146302703,False,False,False,False,False,False
2024-05-08 08:00:00,PRD-A,1.0052086147223054,0.039442103926037086,0.8523794717071191,1.297434156718313,1.7424888417295068,0.0,0.16734056156420887,0.5467016146302703,False,False,True,False,True,False
2024-05-08 16:00:00,PRD-A,1.3764471942891456,0.37123857956684025,0.8523794717071191,1.297434156718313,1.7424888417295068,0.0,0.16734056156420887,0.5467016146302703,False,False,True,False,True,False
2024-05-09 00:00:00,PRD-A,1.105561559228612,0.27088563506053354,0.8523794717071191,1.297434156718313,1.7424888417295068,0.0,0.16734056156420887,0.5467016146302703,False,False,True,False,True,False
2024-05-09 08:00:00,PRD-A,1.3075557274825254,0.20199416825391325,0.8523794717071191,1.297434156718313,1.7424888417295068,0.0,0.16734056156420887,0.5467016146302703,False,False,False,False,False,False
2024-05-09 16:00:00,PRD-A,1.5256790072523607,0.21812327976983537,0.8523794717071191,1.297434156718313,1.7424888417295068,0.0,0.16734056156420887,0.5467016146302703,False,False,False,False,False,False
2024-05-16 00:00:00,PRD-A,1.0961981164390784,0.42948089081328233,0.8523794717071191,1.297434156718313,1.7424888417295068,0.0,0.16734056156420887,0.5467016146302703,False,False,False,False,False,False
2024-05-16 08:00:00,PRD-A,1.0681972317476942,0.028000884691384176,0.8523794717071191,1.297434156718313,1.7424888417295068,0.0,0.16734056156420887,0.5467016146302703,False,False,False,False,False,False
2024-05-16 16:00:00,PRD-A,1.2847366697644238,0.2165394380167296,0.8523794717071191,1.297434156718313,1.7424888417295068,0.0,0.16734056156420887,0.5467016146302703,False,False,False,False,False,False
2024-05-17 00:00:00,PRD-A,1.0432322491268444,0.24150442063757938,0.8523794717071191,1.297434156718313,1.7424888417295068,0.0,0.16734056156420887,0.5467016146302703,False,False,False,False,False,False
2024-05-17 08:00:00,PRD-A,1.2984721332693772,0.25523988414253274,0.8523794717071191,1.297434156718313,1.7424888417295068,0.0,0.16734056156420887,0.5467016146302703,False,False,False,False,False,False
2024-05-17 16:00:00,PRD-A,1.0327391180395384,0.2657330152298387,0.8523794717071191,1.297434156718313,1.7424888417295068,0.0,0.16734056156420887,0.5467016146302703,False,False,False,False,False,False
2024-05-24 00:00:00,PRD-A,1.5658230328975404,0.533083914858002,0.8523794717071191,1.297434156718313,1.7424888417295068,0.0,0.16734056156420887,0.5467016146302703,False,False,False,False,False,False
2024-05-24 08:00:00,PRD-A,1.6359464970816031,0.07012346418406268,0.8523794717071191,1.297434156718313,1.7424888417295068,0.0,0.16734056156420887,0.5467016146302703,False,False,False,False,False,False
2024-05-24 16:00:00,PRD-A,1.6461987038337216,0.010252206752118465,0.8523794717071191,1.297434156718313,1.7424888417295068,0.0,0.16734056156420887,0.5467016146302703,False,True,False,False,True,False
2024-05-25 00:00:00,PRD-A,1.0156123169333022,0.6305863869004193,0.8523794717071191,1.297434156718313,1.7424888417295068,0.0,0.16734056156420887,0.5467016146302703,False,True,False,False,True,True
2024-05-25 08:00:00,PRD-A,1.0812319149220924,0.06561959798879013,0.8523794717071191,1.297434156718313,1.7424888417295068,0.0,0.16734056156420887,0.5467016146302703,False,False,False,False,False,False
2024-05-25 16:00:00,PRD-A,1.1710654740648676,0.08983355914277524,0.8523794717071191,1.297434156718313,1.7424888417295068,0.0,0.16734056156420887,0.5467016146302703,False,False,False,False,False,False
2024-06-01 00:00:00,PRD-A,1.3217300572238937,0.1506645831590261,0.8523794717071191,1.297434156718313,1.7424888417295068,0.0,0.16734056156420887,0.5467016146302703,False,False,False,False,False,False
2024-06-01 08:00:00,PRD-A,1.319198083568503,0.002531973655390596,0.8523794717071191,1.297434156718313,1.7424888417295068,0.0,0.16734056156420887,0.5467016146302703,False,False,False,False,False,False
2024-06-01 16:00:00,PRD-A,1.4076802790237464,0.08848219545524327,0.8523794717071191,1.297434156718313,1.7424888417295068,0.0,0.16734056156420887,0.5467016146302703,False,False,False,False,False,False
2024-06-02 00:00:00,PRD-A,1.1930752581991453,0.2146050208246011,0.8523794717071191,1.297434156718313,1.7424888417295068,0.0,0.16734056156420887,0.5467016146302703,False,False,False,False,False,False
2024-06-02 08:00:00,PRD-A,1.2106640257596908,0.017588767560545504,0.8523794717071191,1.297434156718313,1.7424888417295068,0.0,0.16734056156420887,0.5467016146302703,False,False,False,False,False,False
2024-06-02 16:00:00,PRD-A,1.5975302362927406,0.3868662105330498,0.8523794717071191,1.297434156718313,1.7424888417295068,0.0,0.16734056156420887,0.5467016146302703,False,False,False,False,False,False
2024-06-09 00:00:00,PRD-A,0.9850116427363863,0.6125185935563543,0.8523794717071191,1.297434156718313,1.7424888417295068,0.0,0.16734056156420887,0.5467016146302703,False,False,False,False,False,True
2024-06-09 08:00:00,PRD-A,1.306501463481437,0.3214898207450506,0.8523794717071191,1.297434156718313,1.7424888417295068,0.0,0.16734056156420887,0.5467016146302703,False,False,False,False,False,False
2024-06-09 16:00:00,PRD-A,1.2908545187438605,0.01564694473757644,0.8523794717071191,1.297434156718313,1.7424888417295068,0.0,0.16734056156420887,0.5467016146302703,False,False,False,False,False,False
2024-06-10 00:00:00,PRD-A,1.27444585425707,0.01640866448679046,0.8523794717071191,1.297434156718313,1.7424888417295068,0.0,0.16734056156420887,0.5467016146302703,False,False,False,False,False,False
2024-06-10 08:00:00,PRD-A,1.2745124960880756,6.664183100557608e-05,0.8523794717071191,1.297434156718313,1.7424888417295068,0.0,0.16734056156420887,0.5467016146302703,False,False,False,False,False,False
2024-06-10 16:00:00,PRD-A,1.4134603645635953,0.13894786847551965,0.8523794717071191,1.297434156718313,1.7424888417295068,0.0,0.16734056156420887,0.5467016146302703,False,False,False,False,False,False
2024-06-17 00:00:00,PRD-A,1.2659917950451522,0.147468569518443,0.8523794717071191,1.297434156718313,1.7424888417295068,0.0,0.16734056156420887,0.5467016146302703,False,False,False,False,False,False
2024-06-17 08:00:00,PRD-A,1.3847914710298008,0.11879967598464858,0.8523794717071191,1.297434156718313,1.7424888417295068,0.0,0.16734056156420887,0.5467016146302703,False,False,False,False,False,False
2024-06-17 16:00:00,PRD-A,1.5112601895658306,0.1264687185360298,0.8523794717071191,1.297434156718313,1.7424888417295068,0.0,0.16734056156420887,0.5467016146302703,False,False,False,False,False,False
2024-06-18 00:00:00,PRD-A,1.4494111999737547,0.061848989592075965,0.8523794717071191,1.297434156718313,1.7424888417295068,0.0,0.16734056156420887,0.5467016146302703,False,False,False,False,False,False
2024-06-18 08:00:00,PRD-A,1.2692119530630182,0.18019924691073652,0.8523794717071191,1.297434156718313,1.7424888417295068,0.0,0.16734056156420887,0.5467016146302703,False,False,False,False,False,False
2024-06-18 16:00:00,PRD-A,1.4403444989449055,0.1711325458818873,0.8523794717071191,1.297434156718313,1.7424888417295068,0.0,0.16734056156420887,0.5467016146302703,False,False,False,False,False,False
2024-06-25 00:00:00,PRD-A,1.467064218082681,0.02671971913777549,0.8523794717071191,1.297434156718313,1.7424888417295068,0.0,0.16734056156420887,0.5467016146302703,False,False,False,False,False,False
2024-06-25 08:00:00,PRD-A,1.4527733306755735,0.014290887407107489,0.8523794717071191,1.297434156718313,1.7424888417295068,0.0,0.16734056156420887,0.5467016146302703,False,False,False,False,False,False
2024-06-25 16:00:00,PRD-A,1.4168519944024849,0.03592133627308858,0.8523794717071191,1.297434156718313,1.7424888417295068,0.0,0.16734056156420887,0.5467016146302703,False,False,False,False,False,False
2024-06-26 00:00:00,PRD-A,1.4154681081091738,0.0013838862933110985,0.8523794717071191,1.297434156718313,1.7424888417295068,0.0,0.16734056156420887,0.5467016146302703,False,False,False,False,False,False
2024-06-26 08:00:00,PRD-A,1.2964704349368943,0.1189976731722795,0.8523794717071191,1.297434156718313,1.7424888417295068,0.0,0.16734056156420887,0.5467016146302703,False,False,False,False,False,False
2024-06-26 16:00:00,PRD-A,1.477896736300113,0.1814263013632187,0.8523794717071191,1.297434156718313,1.7424888417295068,0.0,0.16734056156420887,0.5467016146302703,False,False,False,False,False,False
2024-07-03 00:00:00,PRD-A,1.2437996482243077,0.23409708807580532,0.8523794717071191,1.297434156718313,1.7424888417295068,0.0,0.16734056156420887,0.5467016146302703,False,False,False,False,False,False
2024-07-03 08:00:00,PRD-A,1.2715529801486114,0.027753331924303737,0.8523794717071191,1.297434156718313,1.7424888417295068,0.0,0.16734056156420887,0.5467016146302703,False,False,False,False,False,False
2024-07-03 16:00:00,PRD-A,1.3380082776610336,0.06645529751242218,0.8523794717071191,1.297434156718313,1.7424888417295068,0.0,0.16734056156420887,0.5467016146302703,False,False,False,False,False,False
2024-07-04 00:00:00,PRD-A,1.1272167909869553,0.21079148667407832,0.8523794717071191,1.297434156718313,1.7424888417295068,0.0,0.16734056156420887,0.5467016146302703,False,False,False,False,False,False
2024-07-04 08:00:00,PRD-A,1.2128572599807037,0.08564046899374844,0.8523794717071191,1.297434156718313,1.7424888417295068,0.0,0.16734056156420887,0.5467016146302703,False,False,False,False,False,False
2024-07-04 16:00:00,PRD-A,1.456607727034427,0.24375046705372339,0.8523794717071191,1.297434156718313,1.7424888417295068,0.0,0.16734056156420887,0.5467016146302703,False,False,False,False,False,False
2024-07-11 00:00:00,PRD-A,0.9726287820624784,0.4839789449719487,0.8523794717071191,1.297434156718313,1.7424888417295068,0.0,0.16734056156420887,0.5467016146302703,False,False,False,False,False,False
2024-07-11 08:00:00,PRD-A,1.0913596790513858,0.11873089698890738,0.8523794717071191,1.297434156718313,1.7424888417295068,0.0,0.16734056156420887,0.5467016146302703,False,False,False,False,False,False
2024-07-11 16:00:00,PRD-A,1.2040381411622947,0.11267846211090893,0.8523794717071191,1.297434156718313,1.7424888417295068,0.0,0.16734056156420887,0.5467016146302703,False,False,False,False,False,False
2024-07-12 00:00:00,PRD-A,1.0454329125854547,0.15860522857684,0.8523794717071191,1.297434156718313,1.7424888417295068,0.0,0.16734056156420887,0.5467016146302703,False,False,False,False,False,False
2024-07-12 08:00:00,PRD-A,1.1609719862025667,0.11553907361711202,0.8523794717071191,1.297434156718313,1.7424888417295068,0.0,0.16734056156420887,0.5467016146302703,False,False,False,False,False,False
2024-07-12 16:00:00,PRD-A,1.3041938039692174,0.14322181776665066,0.8523794717071191,1.297434156718313,1.7424888417295068,0.0,0.16734056156420887,0.5467016146302703,False,False,False,False,False,False
2024-07-19 00:00:00,PRD-A,1.5326305745540105,0.22843677058479317,0.8523794717071191,1.297434156718313,1.7424888417295068,0.0,0.16734056156420887,0.5467016146302703,False,False,False,False,False,False
2024-07-19 08:00:00,PRD-A,1.564758157702037,0.03212758314802655,0.8523794717071191,1.297434156718313,1.7424888417295068,0.0,0.16734056156420887,0.5467016146302703,False,False,False,False,False,False
2024-07-19 16:00:00,PRD-A,1.183667121457401,0.38109103624463603,0.8523794717071191,1.297434156718313,1.7424888417295068,0.0,0.16734056156420887,0.5467016146302703,False,False,False,False,False,False
2024-07-20 00:00:00,PRD-A,1.289720947056456,0.10605382559905485,0.8523794717071191,1.297434156718313,1.7424888417295068,0.0,0.16734056156420887,0.5467016146302703,False,False,False,False,False,False
2024-07-20 08:00:00,PRD-A,1.0454953351969238,0.24422561185953207,0.8523794717071191,1.297434156718313,1.7424888417295068,0.0,0.16734056156420887,0.5467016146302703,False,False,False,False,False,False
2024-07-20 16:00:00,PRD-A,1.1119497494057362,0.06645441420881237,0.8523794717071191,1.297434156718313,1.7424888417295068,0.0,0.16734056156420887,0.5467016146302703,False,False,False,False,False,False
2024-07-27 00:00:00,PRD-A,1.3992540964124682,0.287304347006732,0.8523794717071191,1.297434156718313,1.7424888417295068,0.0,0.16734056156420887,0.5467016146302703,False,False,False,False,False,False
2024-07-27 08:00:00,PRD-A,1.2449548720462822,0.15429922436618604,0.8523794717071191,1.297434156718313,1.7424888417295068,0.0,0.16734056156420887,0.5467016146302703,False,False,False,False,False,False
2024-07-27 16:00:00,PRD-A,1.4615813005917229,0.21662642854544067,0.8523794717071191,1.297434156718313,1.7424888417295068,0.0,0.16734056156420887,0.5467016146302703,False,False,False,False,False,False
2024-07-28 00:00:00,PRD-A,1.112685269213051,0.34889603137867176,0.8523794717071191,1.297434156718313,1.7424888417295068,0.0,0.16734056156420887,0.5467016146302703,False,False,False,False,False,False
2024-07-28 08:00:00,PRD-A,1.2185908137653683,0.10590554455231715,0.8523794717071191,1.297434156718313,1.7424888417295068,0.0,0.16734056156420887,0.5467016146302703,False,False,False,False,False,False
2024-07-28 16:00:00,PRD-A,1.3019752821345558,0.08338446836918756,0.8523794717071191,1.297434156718313,1.7424888417295068,0.0,0.16734056156420887,0.5467016146302703,False,False,False,False,False,False
2024-08-04 00:00:00,PRD-A,1.265131601732432,0.03684368040212371,0.8523794717071191,1.297434156718313,1.7424888417295068,0.0,0.16734056156420887,0.5467016146302703,False,False,False,False,False,False
2024-08-04 08:00:00,PRD-A,1.130731107056914,0.13440049467551818,0.8523794717071191,1.297434156718313,1.7424888417295068,0.0,0.16734056156420887,0.5467016146302703,False,False,False,False,False,False
2024-08-04 16:00:00,PRD-A,1.5742389624628332,0.4435078554059193,0.8523794717071191,1.297434156718313,1.7424888417295068,0.0,0.16734056156420887,0.5467016146302703,False,False,False,False,False,False
2024-08-05 00:00:00,PRD-A,1.2798834312799956,0.29435553118283764,0.8523794717071191,1.297434156718313,1.7424888417295068,0.0,0.16734056156420887,0.5467016146302703,False,False,False,False,False,False
2024-08-05 08:00:00,PRD-A,1.3150935595530586,0.035210128273063024,0.8523794717071191,1.297434156718313,1.7424888417295068,0.0,0.16734056156420887,0.5467016146302703,False,False,False,False,False,False
2024-08-05 16:00:00,PRD-A,1.5584354782716787,0.2433419187186201,0.8523794717071191,1.297434156718313,1.7424888417295068,0.0,0.16734056156420887,0.5467016146302703,False,False,False,False,False,False
2024-08-12 00:00:00,PRD-A,1.3812898995892138,0.17714557868246494,0.8523794717071191,1.297434156718313,1.7424888417295068,0.0,0.16734056156420887,0.5467016146302703,False,False,False,False,False,False
2024-08-12 08:00:00,PRD-A,0.9590135847212881,0.4222763148679257,0.8523794717071191,1.297434156718313,1.7424888417295068,0.0,0.16734056156420887,0.5467016146302703,False,False,False,False,False,False
2024-08-12 16:00:00,PRD-A,1.066083884826002,0.10707030010471386,0.8523794717071191,1.297434156718313,1.7424888417295068,0.0,0.16734056156420887,0.5467016146302703,False,False,False,False,False,False
2024-08-13 00:00:00,PRD-A,0.946593905212427,0.11948997961357488,0.8523794717071191,1.297434156718313,1.7424888417295068,0.0,0.16734056156420887,0.5467016146302703,False,True,False,False,True,False
2024-08-13 08:00:00,PRD-A,1.2019634453979622,0.25536954018553515,0.8523794717071191,1.297434156718313,1.7424888417295068,0.0,0.16734056156420887,0.5467016146302703,False,False,False,False,False,False
2024-08-13 16:00:00,PRD-A,1.2969728137525414,0.09500936835457918,0.8523794717071191,1.297434156718313,1.7424888417295068,0.0,0.16734056156420887,0.5467016146302703,False,False,False,False,False,False
2024-08-20 00:00:00,PRD-A,1.5891404114005308,0.2921675976479894,0.8523794717071191,1.297434156718313,1.7424888417295068,0.0,0.16734056156420887,0.5467016146302703,False,False,False,False,False,False
2024-08-20 08:00:00,PRD-A,1.4907190374584522,0.0984213739420785,0.8523794717071191,1.297434156718313,1.7424888417295068,0.0,0.16734056156420887,0.5467016146302703,False,False,False,False,False,False
2024-08-20 16:00:00,PRD-A,1.595871835087448,0.10515279762899565,0.8523794717071191,1.297434156718313,1.7424888417295068,0.0,0.16734056156420887,0.5467016146302703,False,False,False,False,False,False
2024-08-21 00:00:00,PRD-A,1.5522491405859504,0.04362269450149747,0.8523794717071191,1.297434156718313,1.7424888417295068,0.0,0.16734056156420887,0.5467016146302703,False,False,True,False,True,False
2024-08-21 08:00:00,PRD-A,0.998620277824104,0.5536288627618464,0.8523794717071191,1.297434156718313,1.7424888417295068,0.0,0.16734056156420887,0.5467016146302703,False,False,True,False,True,True
2024-08-21 16:00:00,PRD-A,1.2736892739277719,0.27506899610366786,0.8523794717071191,1.297434156718313,1.7424888417295068,0.0,0.16734056156420887,0.5467016146302703,False,False,False,False,False,False
2024-08-28 00:00:00,PRD-A,1.1155897157873111,0.15809955814046073,0.8523794717071191,1.297434156718313,1.7424888417295068,0.0,0.16734056156420887,0.5467016146302703,False,False,False,False,False,False
2024-08-28 08:00:00,PRD-A,1.283360025664582,0.16777030987727093,0.8523794717071191,1.297434156718313,1.7424888417295068,0.0,0.16734056156420887,0.5467016146302703,False,False,False,False,False,False
2024-08-28 16:00:00,PRD-A,1.3712542515267399,0.08789422586215778,0.8523794717071191,1.297434156718313,1.7424888417295068,0.0,0.16734056156420887,0.5467016146302703,False,False,False,False,False,False
2024-08-29 00:00:00,PRD-A,1.4968531505594056,0.12559889903266575,0.8523794717071191,1.297434156718313,1.7424888417295068,0.0,0.16734056156420887,0.5467016146302703,False,False,False,False,False,False
2024-08-29 08:00:00,PRD-A,1.1054386127272235,0.39141453783218205,0.8523794717071191,1.297434156718313,1.7424888417295068,0.0,0.16734056156420887,0.5467016146302703,False,False,False,False,False,False
2024-08-29 16:00:00,PRD-A,1.3503849155231378,0.24494630279591423,0.8523794717071191,1.297434156718313,1.7424888417295068,0.0,0.16734056156420887,0.5467016146302703,False,False,False,False,False,False
2024-09-05 00:00:00,PRD-A,1.2606056607393727,0.08977925478376503,0.8523794717071191,1.297434156718313,1.7424888417295068,0.0,0.16734056156420887,0.5467016146302703,False,False,False,False,False,False
2024-09-05 08:00:00,PRD-A,1.3195530744540929,0.05894741371472012,0.8523794717071191,1.297434156718313,1.7424888417295068,0.0,0.16734056156420887,0.5467016146302703,False,False,False,False,False,False
2024-09-05 16:00:00,PRD-A,1.3540054727174322,0.034452398263339346,0.8523794717071191,1.297434156718313,1.7424888417295068,0.0,0.16734056156420887,0.5467016146302703,False,False,False,False,False,False
2024-09-06 00:00:00,PRD-A,1.2946492241870229,0.05935624853040933,0.8523794717071191,1.297434156718313,1.7424888417295068,0.0,0.16734056156420887,0.5467016146302703,False,False,False,False,False,False
2024-09-06 08:00:00,PRD-A,1.0572830631559467,0.23736616103107622,0.8523794717071191,1.297434156718313,1.7424888417295068,0.0,0.16734056156420887,0.5467016146302703,False,False,False,False,False,False
2024-09-06 16:00:00,PRD-A,1.1890803935141139,0.1317973303581672,0.8523794717071191,1.297434156718313,1.7424888417295068,0.0,0.16734056156420887,0.5467016146302703,False,False,False,False,False,False
2024-09-13 00:00:00,PRD-A,1.2767330646441035,0.08765267112998965,0.8523794717071191,1.297434156718313,1.7424888417295068,0.0,0.16734056156420887,0.5467016146302703,False,False,False,False,False,False
2024-09-13 08:00:00,PRD-A,1.1668915743466064,0.10984149029749712,0.8523794717071191,1.297434156718313,1.7424888417295068,0.0,0.16734056156420887,0.5467016146302703,False,False,False,False,False,False
2024-09-13 16:00:00,PRD-A,1.3077036273799783,0.14081205303337185,0.8523794717071191,1.297434156718313,1.7424888417295068,0.0,0.16734056156420887,0.5467016146302703,False,False,False,False,False,False
2024-09-14 00:00:00,PRD-A,1.1785709217499414,0.12913270563003687,0.8523794717071191,1.297434156718313,1.7424888417295068,0.0,0.16734056156420887,0.5467016146302703,False,False,False,False,False,False
2024-09-14 08:00:00,PRD-A,1.2542737922537777,0.07570287050383628,0.8523794717071191,1.297434156718313,1.7424888417295068,0.0,0.16734056156420887,0.5467016146302703,False,False,False,False,False,False
2024-09-14 16:00:00,PRD-A,1.3981385289316335,0.14386473667785582,0.8523794717071191,1.297434156718313,1.7424888417295068,0.0,0.16734056156420887,0.5467016146302703,False,False,False,False,False,False
2024-09-21 00:00:00,PRD-A,1.4209679117572322,0.022829382825598765,0.8523794717071191,1.297434156718313,1.7424888417295068,0.0,0.16734056156420887,0.5467016146302703,False,False,False,False,False,False
2024-09-21 08:00:00,PRD-A,1.4063711720176568,0.014596739739575426,0.8523794717071191,1.297434156718313,1.7424888417295068,0.0,0.16734056156420887,0.5467016146302703,False,False,False,False,False,False
2024-09-21 16:00:00,PRD-A,1.5402979026902568,0.13392673067259997,0.8523794717071191,1.297434156718313,1.7424888417295068,0.0,0.16734056156420887,0.5467016146302703,False,False,False,False,False,False
2024-09-22 00:00:00,PRD-A,1.2917541962357324,0.2485437064545244,0.8523794717071191,1.297434156718313,1.7424888417295068,0.0,0.16734056156420887,0.5467016146302703,False,False,False,False,False,False
2024-09-22 08:00:00,PRD-A,1.5839622527941182,0.2922080565583858,0.8523794717071191,1.297434156718313,1.7424888417295068,0.0,0.16734056156420887,0.5467016146302703,False,False,False,False,False,False
2024-09-22 16:00:00,PRD-A,1.6103381787835278,0.026375925989409632,0.8523794717071191,1.297434156718313,1.7424888417295068,0.0,0.16734056156420887,0.5467016146302703,False,False,False,False,False,False
2024-09-29 00:00:00,PRD-A,1.3935323552323737,0.21680582355115408,0.8523794717071191,1.297434156718313,1.7424888417295068,0.0,0.16734056156420887,0.5467016146302703,False,False,False,False,False,False
2024-09-29 08:00:00,PRD-A,1.3523570966944813,0.04117525853789239,0.8523794717071191,1.297434156718313,1.7424888417295068,0.0,0.16734056156420887,0.5467016146302703,False,False,False,False,False,False
2024-09-29 16:00:00,PRD-A,1.443402705989594,0.09104560929511263,0.8523794717071191,1.297434156718313,1.7424888417295068,0.0,0.16734056156420887,0.5467016146302703,False,False,False,False,False,False
2024-09-30 00:00:00,PRD-A,1.3388571666923907,0.10454553929720323,0.8523794717071191,1.297434156718313,1.7424888417295068,0.0,0.16734056156420887,0.5467016146302703,False,False,False,False,False,False
2024-09-30 08:00:00,PRD-A,1.3827652243664663,0.043908057674075573,0.8523794717071191,1.297434156718313,1.7424888417295068,0.0,0.16734056156420887,0.5467016146302703,False,False,False,False,False,False
2024-09-30 16:00:00,PRD-A,1.5165452753663016,0.13378005099983525,0.8523794717071191,1.297434156718313,1.7424888417295068,0.0,0.16734056156420887,0.5467016146302703,False,False,False,True,True,False
2024-10-07 00:00:00,PRD-A,1.0614237067556354,0.4551215686106662,0.8523794717071191,1.297434156718313,1.7424888417295068,0.0,0.16734056156420887,0.5467016146302703,False,False,False,False,False,False
2024-10-07 08:00:00,PRD-A,1.1457988920134035,0.0843751852577681,0.8523794717071191,1.297434156718313,1.7424888417295068,0.0,0.16734056156420887,0.5467016146302703,False,False,False,False,False,False
2024-10-07 16:00:00,PRD-A,1.4547395157544332,0.3089406237410297,0.8523794717071191,1.297434156718313,1.7424888417295068,0.0,0.16734056156420887,0.5467016146302703,False,False,False,False,False,False
2024-10-08 00:00:00,PRD-A,1.063437630571547,0.3913018851828862,0.8523794717071191,1.297434156718313,1.7424888417295068,0.0,0.16734056156420887,0.5467016146302703,False,False,False,False,False,False
2024-10-08 08:00:00,PRD-A,1.1685469698769295,0.10510933930538258,0.8523794717071191,1.297434156718313,1.7424888417295068,0.0,0.16734056156420887,0.5467016146302703,False,False,False,False,False,False
2024-10-08 16:00:00,PRD-A,1.3404212309450243,0.17187426106809478,0.8523794717071191,1.297434156718313,1.7424888417295068,0.0,0.16734056156420887,0.5467016146302703,False,False,False,False,False,False
2024-10-15 00:00:00,PRD-A,1.0010211526844652,0.33940007826055907,0.8523794717071191,1.297434156718313,1.7424888417295068,0.0,0.16734056156420887,0.5467016146302703,False,False,False,False,False,False
2024-10-15 08:00:00,PRD-A,0.9708191618318361,0.03020199085262909,0.8523794717071191,1.297434156718313,1.7424888417295068,0.0,0.16734056156420887,0.5467016146302703,False,False,False,False,False,False
2024-10-15 16:00:00,PRD-A,1.2539275173870519,0.28310835555521574,0.8523794717071191,1.297434156718313,1.7424888417295068,0.0,0.16734056156420887,0.5467016146302703,False,False,False,False,False,False
2024-10-16 00:00:00,PRD-A,1.2816300196547992,0.027702502267747287,0.8523794717071191,1.297434156718313,1.7424888417295068,0.0,0.16734056156420887,0.5467016146302703,False,False,False,False,False,False
2024-10-16 08:00:00,PRD-A,1.1354209923725713,0.14620902728222784,0.8523794717071191,1.297434156718313,1.7424888417295068,0.0,0.16734056156420887,0.5467016146302703,False,False,False,False,False,False
2024-10-16 16:00:00,PRD-A,1.1719312512400881,0.0365102588675168,0.8523794717071191,1.297434156718313,1.7424888417295068,0.0,0.16734056156420887,0.5467016146302703,False,False,False,False,False,False
2024-10-23 00:00:00,PRD-A,1.20316282937608,0.031231578135991978,0.8523794717071191,1.297434156718313,1.7424888417295068,0.0,0.16734056156420887,0.5467016146302703,False,False,False,False,False,False
2024-10-23 08:00:00,PRD-A,1.0892030332859204,0.11395979609015972,0.8523794717071191,1.297434156718313,1.7424888417295068,0.0,0.16734056156420887,0.5467016146302703,False,False,False,True,True,False
2024-10-23 16:00:00,PRD-A,1.4393340348269654,0.35013100154104504,0.8523794717071191,1.297434156718313,1.7424888417295068,0.0,0.16734056156420887,0.5467016146302703,False,False,False,False,False,False
2024-10-24 00:00:00,PRD-A,0.9810303923568686,0.4583036424700968,0.8523794717071191,1.297434156718313,1.7424888417295068,0.0,0.16734056156420887,0.5467016146302703,False,False,False,False,False,False
2024-10-24 08:00:00,PRD-A,1.1889298547783398,0.20789946242147117,0.8523794717071191,1.297434156718313,1.7424888417295068,0.0,0.16734056156420887,0.5467016146302703,False,False,False,False,False,False
2024-10-24 16:00:00,PRD-A,1.3327699875052577,0.14384013272691787,0.8523794717071191,1.297434156718313,1.7424888417295068,0.0,0.16734056156420887,0.5467016146302703,False,False,False,False,False,False
2024-10-31 00:00:00,PRD-A,1.0540531090828416,0.2787168784224161,0.8523794717071191,1.297434156718313,1.7424888417295068,0.0,0.16734056156420887,0.5467016146302703,False,False,False,False,False,False
2024-10-31 08:00:00,PRD-A,1.000066469908515,0.053986639174326445,0.8523794717071191,1.297434156718313,1.7424888417295068,0.0,0.16734056156420887,0.5467016146302703,False,False,False,False,False,False
2024-10-31 16:00:00,PRD-A,1.1674949049665826,0.16742843505806748,0.8523794717071191,1.297434156718313,1.7424888417295068,0.0,0.16734056156420887,0.5467016146302703,False,False,False,False,False,False
2024-11-01 00:00:00,PRD-A,1.0243335143405212,0.14316139062606137,0.8523794717071191,1.297434156718313,1.7424888417295068,0.0,0.16734056156420887,0.5467016146302703,False,False,False,False,False,False
2024-11-01 08:00:00,PRD-A,1.1278452317023784,0.10351171736185716,0.8523794717071191,1.297434156718313,1.7424888417295068,0.0,0.16734056156420887,0.5467016146302703,False,False,True,False,True,False
2024-11-01 16:00:00,PRD-A,1.1408280550539414,0.012982823351562978,0.8523794717071191,1.297434156718313,1.7424888417295068,0.0,0.16734056156420887,0.5467016146302703,False,False,True,False,True,False
2024-11-08 00:00:00,PRD-A,1.4770004730521353,0.336172417998194,0.8523794717071191,1.297434156718313,1.7424888417295068,0.0,0.16734056156420887,0.5467016146302703,False,False,False,False,False,False
2024-11-08 08:00:00,PRD-A,1.4429181914740077,0.03408228157812765,0.8523794717071191,1.297434156718313,1.7424888417295068,0.0,0.16734056156420887,0.5467016146302703,False,False,False,False,False,False
2024-11-08 16:00:00,PRD-A,1.58235368193095,0.13943549045694237,0.8523794717071191,1.297434156718313,1.7424888417295068,0.0,0.16734056156420887,0.5467016146302703,False,False,False,False,False,False
2024-11-09 00:00:00,PRD-A,1.4780341226579594,0.10431955927299064,0.8523794717071191,1.297434156718313,1.7424888417295068,0.0,0.16734056156420887,0.5467016146302703,False,False,False,False,False,False
2024-11-09 08:00:00,PRD-A,1.5250948353147864,0.047060712656826986,0.8523794717071191,1.297434156718313,1.7424888417295068,0.0,0.16734056156420887,0.5467016146302703,False,False,True,False,True,False
2024-11-09 16:00:00,PRD-A,1.771339627334943,0.2462447920201567,0.8523794717071191,1.297434156718313,1.7424888417295068,0.0,0.16734056156420887,0.5467016146302703,True,False,True,False,True,False
2024-11-16 00:00:00,PRD-A,1.1131083800045976,0.6582312473303455,0.8523794717071191,1.297434156718313,1.7424888417295068,0.0,0.16734056156420887,0.5467016146302703,False,False,True,False,True,True
2024-11-16 08:00:00,PRD-A,1.4927713135636358,0.37966293355903824,0.8523794717071191,1.297434156718313,1.7424888417295068,0.0,0.16734056156420887,0.5467016146302703,False,False,True,False,True,False
2024-11-16 16:00:00,PRD-A,1.4052440024481592,0.08752731111547662,0.8523794717071191,1.297434156718313,1.7424888417295068,0.0,0.16734056156420887,0.5467016146302703,False,False,False,False,False,False
2024-11-17 00:00:00,PRD-A,1.2865518052958687,0.11869219715229051,0.8523794717071191,1.297434156718313,1.7424888417295068,0.0,0.16734056156420887,0.5467016146302703,False,False,False,False,False,False
2024-11-17 08:00:00,PRD-A,1.4128644154564969,0.12631261016062822,0.8523794717071191,1.297434156718313,1.7424888417295068,0.0,0.16734056156420887,0.5467016146302703,False,False,False,False,False,False
2024-11-17 16:00:00,PRD-A,1.6581778249202315,0.2453134094637346,0.8523794717071191,1.297434156718313,1.7424888417295068,0.0,0.16734056156420887,0.5467016146302703,False,False,False,False,False,False
2024-11-24 00:00:00,PRD-A,1.4043284780834397,0.2538493468367917,0.8523794717071191,1.297434156718313,1.7424888417295068,0.0,0.16734056156420887,0.5467016146302703,False,False,False,False,False,False
2024-11-24 08:00:00,PRD-A,1.3515750352616795,0.0527534428217602,0.8523794717071191,1.297434156718313,1.7424888417295068,0.0,0.16734056156420887,0.5467016146302703,False,False,False,False,False,False
2024-11-24 16:00:00,PRD-A,1.4081760620627628,0.056601026801083254,0.8523794717071191,1.297434156718313,1.7424888417295068,0.0,0.16734056156420887,0.5467016146302703,False,False,False,False,False,False
2024-11-25 00:00:00,PRD-A,1.2392689578238203,0.1689071042389425,0.8523794717071191,1.297434156718313,1.7424888417295068,0.0,0.16734056156420887,0.5467016146302703,False,False,False,False,False,False
2024-11-25 08:00:00,PRD-A,1.306793040861281,0.0675240830374606,0.8523794717071191,1.297434156718313,1.7424888417295068,0.0,0.16734056156420887,0.5467016146302703,False,False,False,False,False,False
2024-11-25 16:00:00,PRD-A,1.6724807452461334,0.36568770438485254,0.8523794717071191,1.297434156718313,1.7424888417295068,0.0,0.16734056156420887,0.5467016146302703,False,False,False,False,False,False
2024-12-02 00:00:00,PRD-A,1.067250941604388,0.6052298036417454,0.8523794717071191,1.297434156718313,1.7424888417295068,0.0,0.16734056156420887,0.5467016146302703,False,False,False,False,False,True
2024-12-02 08:00:00,PRD-A,1.0916551990475643,0.024404257443176203,0.8523794717071191,1.297434156718313,1.7424888417295068,0.0,0.16734056156420887,0.5467016146302703,False,False,False,False,False,False
2024-12-02 16:00:00,PRD-A,1.3416974727441173,0.2500422736965531,0.8523794717071191,1.297434156718313,1.7424888417295068,0.0,0.16734056156420887,0.5467016146302703,False,False,False,False,False,False
2024-12-03 00:00:00,PRD-A,1.335143395449272,0.006554077294845362,0.8523794717071191,1.297434156718313,1.7424888417295068,0.0,0.16734056156420887,0.5467016146302703,False,False,False,False,False,False
2024-12-03 08:00:00,PRD-A,1.0131075351470815,0.32203586030219045,0.8523794717071191,1.297434156718313,1.7424888417295068,0.0,0.16734056156420887,0.5467016146302703,False,False,False,False,False,False
2024-12-03 16:00:00,PRD-A,1.2158304268444642,0.20272289169738267,0.8523794717071191,1.297434156718313,1.7424888417295068,0.0,0.16734056156420887,0.5467016146302703,False,False,False,False,False,False
2024-12-10 00:00:00,PRD-A,1.5033507649474571,0.28752033810299293,0.8523794717071191,1.297434156718313,1.7424888417295068,0.0,0.16734056156420887,0.5467016146302703,False,False,False,False,False,False
2024-12-10 08:00:00,PRD-A,1.5021901793866699,0.0011605855607872417,0.8523794717071191,1.297434156718313,1.7424888417295068,0.0,0.16734056156420887,0.5467016146302703,False,False,False,False,False,False
2024-12-10 16:00:00,PRD-A,1.7205435443196,0.21835336493293012,0.8523794717071191,1.297434156718313,1.7424888417295068,0.0,0.16734056156420887,0.5467016146302703,False,False,False,False,False,False
2024-12-11 00:00:00,PRD-A,1.57418500182904,0.14635854249056002,0.8523794717071191,1.297434156718313,1.7424888417295068,0.0,0.16734056156420887,0.5467016146302703,False,False,True,False,True,False
2024-12-11 08:00:00,PRD-A,1.7433616417401372,0.16917663991109722,0.8523794717071191,1.297434156718313,1.7424888417295068,0.0,0.16734056156420887,0.5467016146302703,True,True,True,False,True,False
2024-12-11 16:00:00,PRD-A,1.963630613466459,0.22026897172632176,0.8523794717071191,1.297434156718313,1.7424888417295068,0.0,0.16734056156420887,0.5467016146302703,True,True,True,False,True,False
2024-12-18 00:00:00,PRD-A,1.335657352356785,0.627973261109674,0.8523794717071191,1.297434156718313,1.7424888417295068,0.0,0.16734056156420887,0.5467016146302703,False,True,True,False,True,True
2024-12-18 08:00:00,PRD-A,1.5401859023677003,0.2045285500109153,0.8523794717071191,1.297434156718313,1.7424888417295068,0.0,0.16734056156420887,0.5467016146302703,False,False,True,True,True,False
2024-12-18 16:00:00,PRD-A,1.4927779523528657,0.047407950014834555,0.8523794717071191,1.297434156718313,1.7424888417295068,0.0,0.16734056156420887,0.5467016146302703,False,False,True,True,True,False
2024-12-19 00:00:00,PRD-A,1.6712831695726318,0.1785052172197661,0.8523794717071191,1.297434156718313,1.7424888417295068,0.0,0.16734056156420887,0.5467016146302703,False,False,True,True,True,False
2024-12-19 08:00:00,PRD-A,1.6350668426049357,0.036216326967696055,0.8523794717071191,1.297434156718313,1.7424888417295068,0.0,0.16734056156420887,0.5467016146302703,False,True,True,True,True,False
2024-12-19 16:00:00,PRD-A,1.6555583625182613,0.02049151991332554,0.8523794717071191,1.297434156718313,1.7424888417295068,0.0,0.16734056156420887,0.5467016146302703,False,True,True,True,True,False
2024-12-26 00:00:00,PRD-A,1.310066062691734,0.3454922998265273,0.8523794717071191,1.297434156718313,1.7424888417295068,0.0,0.16734056156420887,0.5467016146302703,False,True,True,True,True,False
2024-12-26 08:00:00,PRD-A,1.0779443368498027,0.23212172584193125,0.8523794717071191,1.297434156718313,1.7424888417295068,0.0,0.16734056156420887,0.5467016146302703,False,False,False,False,False,False
2024-12-26 16:00:00,PRD-A,1.190486029605225,0.11254169275542236,0.8523794717071191,1.297434156718313,1.7424888417295068,0.0,0.16734056156420887,0.5467016146302703,False,False,False,False,False,False
2024-12-27 00:00:00,PRD-A,1.2767809709418685,0.0862949413366434,0.8523794717071191,1.297434156718313,1.7424888417295068,0.0,0.16734056156420887,0.5467016146302703,False,False,False,False,False,False
2024-12-27 08:00:00,PRD-A,1.083908080770325,0.19287289017154352,0.8523794717071191,1.297434156718313,1.7424888417295068,0.0,0.16734056156420887,0.5467016146302703,False,False,False,False,False,False
2024-12-27 16:00:00,PRD-A,1.2999172416685199,0.21600916089819489,0.8523794717071191,1.297434156718313,1.7424888417295068,0.0,0.16734056156420887,0.5467016146302703,False,False,False,False,False,False
2025-01-03 00:00:00,PRD-A,1.4606551961841663,0.16073795451564643,0.8523794717071191,1.297434156718313,1.7424888417295068,0.0,0.16734056156420887,0.5467016146302703,False,False,False,False,False,False
2025-01-03 08:00:00,PRD-A,1.2681325548577267,0.1925226413264396,0.8523794717071191,1.297434156718313,1.7424888417295068,0.0,0.16734056156420887,0.5467016146302703,False,False,False,False,False,False
2025-01-03 16:00:00,PRD-A,1.434018847150745,0.1658862922930182,0.8523794717071191,1.297434156718313,1.7424888417295068,0.0,0.16734056156420887,0.5467016146302703,False,False,False,False,False,False
2025-01-04 00:00:00,PRD-A,1.153824354812342,0.280194492338403,0.8523794717071191,1.297434156718313,1.7424888417295068,0.0,0.16734056156420887,0.5467016146302703,False,False,False,False,False,False
2025-01-04 08:00:00,PRD-A,1.2866324545581103,0.13280809974576835,0.8523794717071191,1.297434156718313,1.7424888417295068,0.0,0.16734056156420887,0.5467016146302703,False,False,False,False,False,False
2025-01-04 16:00:00,PRD-A,1.580034132143041,0.29340167758493063,0.8523794717071191,1.297434156718313,1.7424888417295068,0.0,0.16734056156420887,0.5467016146302703,False,False,False,False,False,False
2025-01-11 00:00:00,PRD-A,1.3240057670262104,0.25602836511683047,0.8523794717071191,1.297434156718313,1.7424888417295068,0.0,0.16734056156420887,0.5467016146302703,False,False,False,False,False,False
2025-01-11 08:00:00,PRD-A,1.2443109288118492,0.07969483821436119,0.8523794717071191,1.297434156718313,1.7424888417295068,0.0,0.16734056156420887,0.5467016146302703,False,False,False,False,False,False
2025-01-11 16:00:00,PRD-A,1.4150575893652542,0.17074666055340493,0.8523794717071191,1.297434156718313,1.7424888417295068,0.0,0.16734056156420887,0.5467016146302703,False,False,False,False,False,False
2025-01-12 00:00:00,PRD-A,1.367865870847289,0.04719171851796511,0.8523794717071191,1.297434156718313,1.7424888417295068,0.0,0.16734056156420887,0.5467016146302703,False,False,False,False,False,False
2025-01-12 08:00:00,PRD-A,1.3851810913031095,0.017315220455820457,0.8523794717071191,1.297434156718313,1.7424888417295068,0.0,0.16734056156420887,0.5467016146302703,False,False,False,False,False,False
2025-01-12 16:00:00,PRD-A,1.4371885723357758,0.05200748103266628,0.8523794717071191,1.297434156718313,1.7424888417295068,0.0,0.16734056156420887,0.5467016146302703,False,False,False,False,False,False
2025-01-19 00:00:00,PRD-A,1.3068340719186002,0.13035450041717556,0.8523794717071191,1.297434156718313,1.7424888417295068,0.0,0.16734056156420887,0.5467016146302703,False,False,False,False,False,False
2025-01-19 08:00:00,PRD-A,1.2644075295285884,0.04242654239001187,0.8523794717071191,1.297434156718313,1.7424888417295068,0.0,0.16734056156420887,0.5467016146302703,False,False,False,False,False,False
2025-01-19 16:00:00,PRD-A,1.3598485314375788,0.09544100190899041,0.8523794717071191,1.297434156718313,1.7424888417295068,0.0,0.16734056156420887,0.5467016146302703,False,False,False,False,False,False
2025-01-20 00:00:00,PRD-A,1.3531246247136326,0.0067239067239461825,0.8523794717071191,1.297434156718313,1.7424888417295068,0.0,0.16734056156420887,0.5467016146302703,False,False,False,False,False,False
2025-01-20 08:00:00,PRD-A,1.4824381162209272,0.12931349150729465,0.8523794717071191,1.297434156718313,1.7424888417295068,0.0,0.16734056156420887,0.5467016146302703,False,False,False,False,False,False
2025-01-20 16:00:00,PRD-A,1.3794475424130526,0.10299057380787469,0.8523794717071191,1.297434156718313,1.7424888417295068,0.0,0.16734056156420887,0.5467016146302703,False,False,False,False,False,False
2025-01-27 00:00:00,PRD-A,1.4183337010853743,0.0388861586723217,0.8523794717071191,1.297434156718313,1.7424888417295068,0.0,0.16734056156420887,0.5467016146302703,False,False,False,False,False,False
2025-01-27 08:00:00,PRD-A,1.4714637860944155,0.05313008500904126,0.8523794717071191,1.297434156718313,1.7424888417295068,0.0,0.16734056156420887,0.5467016146302703,False,False,False,False,False,False
2025-01-27 16:00:00,PRD-A,1.602455859455806,0.13099207336139052,0.8523794717071191,1.297434156718313,1.7424888417295068,0.0,0.16734056156420887,0.5467016146302703,False,False,False,False,False,False
2025-01-28 00:00:00,PRD-A,1.4351407965523357,0.1673150629034703,0.8523794717071191,1.297434156718313,1.7424888417295068,0.0,0.16734056156420887,0.5467016146302703,False,False,False,True,True,False
2025-01-28 08:00:00,PRD-A,1.513741714346046,0.07860091779371037,0.8523794717071191,1.297434156718313,1.7424888417295068,0.0,0.16734056156420887,0.5467016146302703,False,False,False,True,True,False
2025-01-28 16:00:00,PRD-A,1.0712348569745442,0.44250685737150186,0.8523794717071191,1.297434156718313,1.7424888417295068,0.0,0.16734056156420887,0.5467016146302703,False,False,False,False,False,False
2025-02-04 00:00:00,PRD-A,1.4680264998735655,0.39679164289902125,0.8523794717071191,1.297434156718313,1.7424888417295068,0.0,0.16734056156420887,0.5467016146302703,False,False,False,False,False,False
2025-02-04 08:00:00,PRD-A,1.0966061563228546,0.37142034355071085,0.8523794717071191,1.297434156718313,1.7424888417295068,0.0,0.16734056156420887,0.5467016146302703,False,False,False,False,False,False
2025-02-04 16:00:00,PRD-A,1.5284713006966428,0.4318651443737882,0.8523794717071191,1.297434156718313,1.7424888417295068,0.0,0.16734056156420887,0.5467016146302703,False,False,False,False,False,False
2025-02-05 00:00:00,PRD-A,0.8366188870703029,0.69185241362634,0.8523794717071191,1.297434156718313,1.7424888417295068,0.0,0.16734056156420887,0.5467016146302703,True,False,False,False,True,True
2025-02-05 08:00:00,PRD-A,1.0274939927552462,0.19087510568494337,0.8523794717071191,1.297434156718313,1.7424888417295068,0.0,0.16734056156420887,0.5467016146302703,False,False,False,False,False,False
2025-02-05 16:00:00,PRD-A,1.0622716153036706,0.034777622548424425,0.8523794717071191,1.297434156718313,1.7424888417295068,0.0,0.16734056156420887,0.5467016146302703,False,False,True,False,True,False
2025-02-12 00:00:00,PRD-A,1.5561265600402092,0.49385494473653857,0.8523794717071191,1.297434156718313,1.7424888417295068,0.0,0.16734056156420887,0.5467016146302703,False,False,False,False,False,False
2025-02-12 08:00:00,PRD-A,1.5795039524487393,0.023377392408530095,0.8523794717071191,1.297434156718313,1.7424888417295068,0.0,0.16734056156420887,0.5467016146302703,False,False,False,False,False,False
2025-02-12 16:00:00,PRD-A,1.667361003390766,0.08785705094202667,0.8523794717071191,1.297434156718313,1.7424888417295068,0.0,0.16734056156420887,0.5467016146302703,False,False,False,False,False,False
2025-02-13 00:00:00,PRD-A,1.4505945556936808,0.2167664476970852,0.8523794717071191,1.297434156718313,1.7424888417295068,0.0,0.16734056156420887,0.5467016146302703,False,False,True,False,True,False
2025-02-13 08:00:00,PRD-A,1.4879953048456023,0.037400749151921486,0.8523794717071191,1.297434156718313,1.7424888417295068,0.0,0.16734056156420887,0.5467016146302703,False,False,True,False,True,False
2025-02-13 16:00:00,PRD-A,1.595922835341507,0.10792753049590464,0.8523794717071191,1.297434156718313,1.7424888417295068,0.0,0.16734056156420887,0.5467016146302703,False,False,True,False,True,False
2025-02-20 00:00:00,PRD-A,1.4675445532198585,0.12837828212164837,0.8523794717071191,1.297434156718313,1.7424888417295068,0.0,0.16734056156420887,0.5467016146302703,False,False,True,False,True,False
2025-02-20 08:00:00,PRD-A,1.54386874239851,0.07632418917865147,0.8523794717071191,1.297434156718313,1.7424888417295068,0.0,0.16734056156420887,0.5467016146302703,False,False,True,True,True,False
2025-02-20 16:00:00,PRD-A,1.709858847606573,0.165990105208063,0.8523794717071191,1.297434156718313,1.7424888417295068,0.0,0.16734056156420887,0.5467016146302703,False,False,True,True,True,False
2025-02-21 00:00:00,PRD-A,1.6294420315137184,0.08041681609285467,0.8523794717071191,1.297434156718313,1.7424888417295068,0.0,0.16734056156420887,0.5467016146302703,False,True,True,True,True,False
2025-02-21 08:00:00,PRD-A,1.694788856240505,0.06534682472678655,0.8523794717071191,1.297434156718313,1.7424888417295068,0.0,0.16734056156420887,0.5467016146302703,False,True,True,True,True,False
2025-02-21 16:00:00,PRD-A,1.379002350391071,0.3157865058494338,0.8523794717071191,1.297434156718313,1.7424888417295068,0.0,0.16734056156420887,0.5467016146302703,False,True,True,True,True,False
2025-02-28 00:00:00,PRD-A,1.1246985435645511,0.25430380682652,0.8523794717071191,1.297434156718313,1.7424888417295068,0.0,0.16734056156420887,0.5467016146302703,False,False,False,False,False,False
2025-02-28 08:00:00,PRD-A,1.2452312200114863,0.12053267644693522,0.8523794717071191,1.297434156718313,1.7424888417295068,0.0,0.16734056156420887,0.5467016146302703,False,False,False,False,False,False
2025-02-28 16:00:00,PRD-A,1.219202744024345,0.02602847598714142,0.8523794717071191,1.297434156718313,1.7424888417295068,0.0,0.16734056156420887,0.5467016146302703,False,False,False,False,False,False
2025-03-01 00:00:00,PRD-A,1.0662272493643772,0.15297549465996774,0.8523794717071191,1.297434156718313,1.7424888417295068,0.0,0.16734056156420887,0.5467016146302703,False,False,False,False,False,False
2025-03-01 08:00:00,PRD-A,0.9819205088515819,0.0843067405127953,0.8523794717071191,1.297434156718313,1.7424888417295068,0.0,0.16734056156420887,0.5467016146302703,False,False,False,False,False,False
2025-03-01 16:00:00,PRD-A,1.2565403004085507,0.2746197915569688,0.8523794717071191,1.297434156718313,1.7424888417295068,0.0,0.16734056156420887,0.5467016146302703,False,False,False,False,False,False
2025-03-08 00:00:00,PRD-A,1.5493162420436455,0.2927759416350948,0.8523794717071191,1.297434156718313,1.7424888417295068,0.0,0.16734056156420887,0.5467016146302703,False,False,False,False,False,False
2025-03-08 08:00:00,PRD-A,1.4955343085579977,0.05378193348564775,0.8523794717071191,1.297434156718313,1.7424888417295068,0.0,0.16734056156420887,0.5467016146302703,False,False,False,False,False,False
2025-03-08 16:00:00,PRD-A,1.607544440512619,0.11201013195462117,0.8523794717071191,1.297434156718313,1.7424888417295068,0.0,0.16734056156420887,0.5467016146302703,False,False,False,False,False,False
2025-03-09 00:00:00,PRD-A,1.58223547993478,0.025308960577838935,0.8523794717071191,1.297434156718313,1.7424888417295068,0.0,0.16734056156420887,0.5467016146302703,False,False,True,False,True,False
2025-03-09 08:00:00,PRD-A,1.7134935990619526,0.13125811912717267,0.8523794717071191,1.297434156718313,1.7424888417295068,0.0,0.16734056156420887,0.5467016146302703,False,True,True,False,True,False
2025-03-09 16:00:00,PRD-A,1.7169452665505207,0.0034516674885680665,0.8523794717071191,1.297434156718313,1.7424888417295068,0.0,0.16734056156420887,0.5467016146302703,False,True,True,False,True,False
2025-03-16 00:00:00,PRD-A,1.373920487669482,0.34302477888103877,0.8523794717071191,1.297434156718313,1.7424888417295068,0.0,0.16734056156420887,0.5467016146302703,False,True,True,False,True,False
2025-03-16 08:00:00,PRD-A,1.5879766554065728,0.2140561677370909,0.8523794717071191,1.297434156718313,1.7424888417295068,0.0,0.16734056156420887,0.5467016146302703,False,False,True,True,True,False
2025-03-16 16:00:00,PRD-A,1.2492904621311534,0.3386861932754195,0.8523794717071191,1.297434156718313,1.7424888417295068,0.0,0.16734056156420887,0.5467016146302703,False,False,False,False,False,False
2025-03-17 00:00:00,PRD-A,1.1562645472212938,0.09302591490985956,0.8523794717071191,1.297434156718313,1.7424888417295068,0.0,0.16734056156420887,0.5467016146302703,False,False,False,False,False,False
2025-03-17 08:00:00,PRD-A,1.1554109903507739,0.0008535568705199115,0.8523794717071191,1.297434156718313,1.7424888417295068,0.0,0.16734056156420887,0.5467016146302703,False,False,False,False,False,False
2025-03-17 16:00:00,PRD-A,1.4041540530408274,0.24874306269005353,0.8523794717071191,1.297434156718313,1.7424888417295068,0.0,0.16734056156420887,0.5467016146302703,False,False,False,False,False,False
2025-03-24 00:00:00,PRD-A,1.0295479337120645,0.37460611932876287,0.8523794717071191,1.297434156718313,1.7424888417295068,0.0,0.16734056156420887,0.5467016146302703,False,False,False,False,False,False
2025-03-24 08:00:00,PRD-A,1.0272102832474126,0.0023376504646519525,0.8523794717071191,1.297434156718313,1.7424888417295068,0.0,0.16734056156420887,0.5467016146302703,False,False,False,False,False,False
2025-03-24 16:00:00,PRD-A,1.3147051173253699,0.2874948340779573,0.8523794717071191,1.297434156718313,1.7424888417295068,0.0,0.16734056156420887,0.5467016146302703,False,False,False,False,False,False
2025-03-25 00:00:00,PRD-A,1.0998361686046527,0.21486894872071716,0.8523794717071191,1.297434156718313,1.7424888417295068,0.0,0.16734056156420887,0.5467016146302703,False,False,False,False,False,False
2025-03-25 08:00:00,PRD-A,1.2205152378349167,0.12067906923026395,0.8523794717071191,1.297434156718313,1.7424888417295068,0.0,0.16734056156420887,0.5467016146302703,False,False,False,False,False,False
2025-03-25 16:00:00,PRD-A,1.3795052908881014,0.1589900530531847,0.8523794717071191,1.297434156718313,1.7424888417295068,0.0,0.16734056156420887,0.5467016146302703,False,False,False,False,False,False
2025-04-01 00:00:00,PRD-A,0.9928501586041727,0.38665513228392867,0.8523794717071191,1.297434156718313,1.7424888417295068,0.0,0.16734056156420887,0.5467016146302703,False,False,False,False,False,False
2025-04-01 08:00:00,PRD-A,1.1684835943485348,0.17563343574436208,0.8523794717071191,1.297434156718313,1.7424888417295068,0.0,0.16734056156420887,0.5467016146302703,False,False,False,False,False,False
2025-04-01 16:00:00,PRD-A,1.2700786857727357,0.10159509142420098,0.8523794717071191,1.297434156718313,1.7424888417295068,0.0,0.16734056156420887,0.5467016146302703,False,False,False,False,False,False
2025-04-02 00:00:00,PRD-A,1.2319786110422384,0.03810007473049737,0.8523794717071191,1.297434156718313,1.7424888417295068,0.0,0.16734056156420887,0.5467016146302703,False,False,False,False,False,False
2025-04-02 08:00:00,PRD-A,1.2324419061072573,0.0004632950650189649,0.8523794717071191,1.297434156718313,1.7424888417295068,0.0,0.16734056156420887,0.5467016146302703,False,False,False,False,False,False
2025-04-02 16:00:00,PRD-A,1.1649672591961968,0.06747464691106053,0.8523794717071191,1.297434156718313,1.7424888417295068,0.0,0.16734056156420887,0.5467016146302703,False,False,False,False,False,False
2025-04-09 00:00:00,PRD-A,1.202087741117004,0.03712048192080708,0.8523794717071191,1.297434156718313,1.7424888417295068,0.0,0.16734056156420887,0.5467016146302703,False,False,False,False,False,False
2025-04-09 08:00:00,PRD-A,1.363718996859725,0.16163125574272108,0.8523794717071191,1.297434156718313,1.7424888417295068,0.0,0.16734056156420887,0.5467016146302703,False,False,False,False,False,False
2025-04-09 16:00:00,PRD-A,1.1063448257500252,0.25737417110969973,0.8523794717071191,1.297434156718313,1.7424888417295068,0.0,0.16734056156420887,0.5467016146302703,False,False,False,False,False,False
2025-04-10 00:00:00,PRD-A,1.1787801721203428,0.07243534637031757,0.8523794717071191,1.297434156718313,1.7424888417295068,0.0,0.16734056156420887,0.5467016146302703,False,False,False,False,False,False
2025-04-10 08:00:00,PRD-A,1.1419919101122908,0.036788262008051964,0.8523794717071191,1.297434156718313,1.7424888417295068,0.0,0.16734056156420887,0.5467016146302703,False,False,False,False,False,False
2025-04-10 16:00:00,PRD-A,1.537351317633186,0.39535940752089527,0.8523794717071191,1.297434156718313,1.7424888417295068,0.0,0.16734056156420887,0.5467016146302703,False,False,False,False,False,False
2025-04-17 00:00:00,PRD-A,1.0582930405354456,0.4790582770977405,0.8523794717071191,1.297434156718313,1.7424888417295068,0.0,0.16734056156420887,0.5467016146302703,False,False,False,False,False,False
2025-04-17 08:00:00,PRD-A,1.0171540217483999,0.041139018787045734,0.8523794717071191,1.297434156718313,1.7424888417295068,0.0,0.16734056156420887,0.5467016146302703,False,False,False,False,False,False
2025-04-17 16:00:00,PRD-A,1.1589818605220095,0.1418278387736096,0.8523794717071191,1.297434156718313,1.7424888417295068,0.0,0.16734056156420887,0.5467016146302703,False,False,False,False,False,False
2025-04-18 00:00:00,PRD-A,1.2522752938993542,0.09329343337734475,0.8523794717071191,1.297434156718313,1.7424888417295068,0.0,0.16734056156420887,0.5467016146302703,False,False,False,False,False,False
2025-04-18 08:00:00,PRD-A,1.1905870454371352,0.061688248462218986,0.8523794717071191,1.297434156718313,1.7424888417295068,0.0,0.16734056156420887,0.5467016146302703,False,False,False,False,False,False
2025-04-18 16:00:00,PRD-A,1.2775766746862327,0.08698962924909748,0.8523794717071191,1.297434156718313,1.7424888417295068,0.0,0.16734056156420887,0.5467016146302703,False,False,False,False,False,False
2025-04-25 00:00:00,PRD-A,1.1217530604292063,0.1558236142570264,0.8523794717071191,1.297434156718313,1.7424888417295068,0.0,0.16734056156420887,0.5467016146302703,False,False,False,False,False,False
2025-04-25 08:00:00,PRD-A,1.0481434952570838,0.07360956517212247,0.8523794717071191,1.297434156718313,1.7424888417295068,0.0,0.16734056156420887,0.5467016146302703,False,False,False,True,True,False
2025-04-25 16:00:00,PRD-A,1.135683821196797,0.08754032593971317,0.8523794717071191,1.297434156718313,1.7424888417295068,0.0,0.16734056156420887,0.5467016146302703,False,False,False,True,True,False
2025-04-26 00:00:00,PRD-A,0.6627920696921222,0.4728917515046748,0.8523794717071191,1.297434156718313,1.7424888417295068,0.0,0.16734056156420887,0.5467016146302703,True,False,True,True,True,False
2025-04-26 08:00:00,PRD-A,1.0382782575870306,0.3754861878949084,0.8523794717071191,1.297434156718313,1.7424888417295068,0.0,0.16734056156420887,0.5467016146302703,False,False,True,True,True,False
2025-04-26 16:00:00,PRD-A,1.0610268918969477,0.022748634309917026,0.8523794717071191,1.297434156718313,1.7424888417295068,0.0,0.16734056156420887,0.5467016146302703,False,False,True,True,True,False
2025-05-03 00:00:00,PRD-A,1.0815091844994833,0.020482292602535646,0.8523794717071191,1.297434156718313,1.7424888417295068,0.0,0.16734056156420887,0.5467016146302703,False,False,True,True,True,False
2025-05-03 08:00:00,PRD-A,1.048575307071408,0.03293387742807541,0.8523794717071191,1.297434156718313,1.7424888417295068,0.0,0.16734056156420887,0.5467016146302703,False,False,True,True,True,False
2025-05-03 16:00:00,PRD-A,1.2224871560508934,0.17391184897948553,0.8523794717071191,1.297434156718313,1.7424888417295068,0.0,0.16734056156420887,0.5467016146302703,False,False,True,True,True,False
2025-05-04 00:00:00,PRD-A,0.9714644820027825,0.25102267404811096,0.8523794717071191,1.297434156718313,1.7424888417295068,0.0,0.16734056156420887,0.5467016146302703,False,False,True,True,True,False
2025-05-04 08:00:00,PRD-A,0.8442117190072245,0.127252762995558,0.8523794717071191,1.297434156718313,1.7424888417295068,0.0,0.16734056156420887,0.5467016146302703,True,True,True,True,True,False
2025-05-04 16:00:00,PRD-A,1.3276788001302176,0.4834670811229931,0.8523794717071191,1.297434156718313,1.7424888417295068,0.0,0.16734056156420887,0.5467016146302703,False,True,False,False,True,False
2025-05-11 00:00:00,PRD-A,1.5764910468078195,0.24881224667760193,0.8523794717071191,1.297434156718313,1.7424888417295068,0.0,0.16734056156420887,0.5467016146302703,False,False,False,False,False,False
2025-05-11 08:00:00,PRD-A,1.5182989875714124,0.058192059236407134,0.8523794717071191,1.297434156718313,1.7424888417295068,0.0,0.16734056156420887,0.5467016146302703,False,False,False,False,False,False
2025-05-11 16:00:00,PRD-A,1.7440147749400248,0.22571578736861242,0.8523794717071191,1.297434156718313,1.7424888417295068,0.0,0.16734056156420887,0.5467016146302703,True,False,False,False,True,False
2025-05-12 00:00:00,PRD-A,1.363839295774676,0.38017547916534866,0.8523794717071191,1.297434156718313,1.7424888417295068,0.0,0.16734056156420887,0.5467016146302703,False,False,False,False,False,False
2025-05-12 08:00:00,PRD-A,1.1909148756946948,0.17292442007998132,0.8523794717071191,1.297434156718313,1.7424888417295068,0.0,0.16734056156420887,0.5467016146302703,False,False,False,False,False,False
2025-05-12 16:00:00,PRD-A,1.32519026850358,0.13427539280888512,0.8523794717071191,1.297434156718313,1.7424888417295068,0.0,0.16734056156420887,0.5467016146302703,False,False,False,False,False,False
2025-05-19 00:00:00,PRD-A,1.069693725228606,0.25549654327497384,0.8523794717071191,1.297434156718313,1.7424888417295068,0.0,0.16734056156420887,0.5467016146302703,False,False,False,False,False,False
2025-05-19 08:00:00,PRD-A,1.2485137704526623,0.17882004522405626,0.8523794717071191,1.297434156718313,1.7424888417295068,0.0,0.16734056156420887,0.5467016146302703,False,False,False,False,False,False
2025-05-19 16:00:00,PRD-A,1.4298900314667091,0.1813762610140468,0.8523794717071191,1.297434156718313,1.7424888417295068,0.0,0.16734056156420887,0.5467016146302703,False,False,False,False,False,False
2025-05-20 00:00:00,PRD-A,1.2591229415606175,0.17076708990609157,0.8523794717071191,1.297434156718313,1.7424888417295068,0.0,0.16734056156420887,0.5467016146302703,False,False,False,False,False,False
2025-05-20 08:00:00,PRD-A,1.1095213625344833,0.14960157902613425,0.8523794717071191,1.297434156718313,1.7424888417295068,0.0,0.16734056156420887,0.5467016146302703,False,False,False,False,False,False
2025-05-20 16:00:00,PRD-A,1.4830952376466962,0.37357387511221285,0.8523794717071191,1.297434156718313,1.7424888417295068,0.0,0.16734056156420887,0.5467016146302703,False,False,False,False,False,False
2025-05-27 00:00:00,PRD-A,1.2775015468790027,0.2055936907676934,0.8523794717071191,1.297434156718313,1.7424888417295068,0.0,0.16734056156420887,0.5467016146302703,False,False,False,False,False,False
2025-05-27 08:00:00,PRD-A,1.5181429965137974,0.2406414496347946,0.8523794717071191,1.297434156718313,1.7424888417295068,0.0,0.16734056156420887,0.5467016146302703,False,False,False,False,False,False
2025-05-27 16:00:00,PRD-A,1.4725977433678845,0.045545253145912845,0.8523794717071191,1.297434156718313,1.7424888417295068,0.0,0.16734056156420887,0.5467016146302703,False,False,False,False,False,False
2025-05-28 00:00:00,PRD-A,1.4663977295188713,0.006200013849013253,0.8523794717071191,1.297434156718313,1.7424888417295068,0.0,0.16734056156420887,0.5467016146302703,False,False,True,False,True,False
2025-05-28 08:00:00,PRD-A,1.2623342727193003,0.20406345679957094,0.8523794717071191,1.297434156718313,1.7424888417295068,0.0,0.16734056156420887,0.5467016146302703,False,False,False,False,False,False
2025-05-28 16:00:00,PRD-A,1.5843555136870153,0.322021240967715,0.8523794717071191,1.297434156718313,1.7424888417295068,0.0,0.16734056156420887,0.5467016146302703,False,False,True,False,True,False
2025-06-04 00:00:00,PRD-A,1.5937547505367573,0.009399236849741976,0.8523794717071191,1.297434156718313,1.7424888417295068,0.0,0.16734056156420887,0.5467016146302703,False,False,True,False,True,False
2025-06-04 08:00:00,PRD-A,1.1325495691482315,0.46120518138852584,0.8523794717071191,1.297434156718313,1.7424888417295068,0.0,0.16734056156420887,0.5467016146302703,False,False,False,False,False,False
2025-06-04 16:00:00,PRD-A,1.1252342113378921,0.007315357810339318,0.8523794717071191,1.297434156718313,1.7424888417295068,0.0,0.16734056156420887,0.5467016146302703,False,False,False,False,False,False
2025-06-05 00:00:00,PRD-A,1.0704447690243866,0.054789442313505576,0.8523794717071191,1.297434156718313,1.7424888417295068,0.0,0.16734056156420887,0.5467016146302703,False,False,False,False,False,False
2025-06-05 08:00:00,PRD-A,0.8956328209503526,0.174811948074034,0.8523794717071191,1.297434156718313,1.7424888417295068,0.0,0.16734056156420887,0.5467016146302703,False,False,True,False,True,False
2025-06-05 16:00:00,PRD-A,1.1204934151773995,0.22486059422704696,0.8523794717071191,1.297434156718313,1.7424888417295068,0.0,0.16734056156420887,0.5467016146302703,False,False,True,False,True,False
2025-06-12 00:00:00,PRD-A,1.4641950996379698,0.34370168446057026,0.8523794717071191,1.297434156718313,1.7424888417295068,0.0,0.16734056156420887,0.5467016146302703,False,False,True,False,True,False
2025-06-12 08:00:00,PRD-A,1.27668034717586,0.1875147524621097,0.8523794717071191,1.297434156718313,1.7424888417295068,0.0,0.16734056156420887,0.5467016146302703,False,False,False,False,False,False
2025-06-12 16:00:00,PRD-A,1.698021972745729,0.421341625569869,0.8523794717071191,1.297434156718313,1.7424888417295068,0.0,0.16734056156420887,0.5467016146302703,False,False,False,False,False,False
2025-06-13 00:00:00,PRD-A,1.4490206109382018,0.2490013618075273,0.8523794717071191,1.297434156718313,1.7424888417295068,0.0,0.16734056156420887,0.5467016146302703,False,False,False,False,False,False
2025-06-13 08:00:00,PRD-A,1.063729905454204,0.3852907054839978,0.8523794717071191,1.297434156718313,1.7424888417295068,0.0,0.16734056156420887,0.5467016146302703,False,False,False,False,False,False
2025-06-13 16:00:00,PRD-A,1.2849783757251132,0.22124847027090921,0.8523794717071191,1.297434156718313,1.7424888417295068,0.0,0.16734056156420887,0.5467016146302703,False,False,False,False,False,False
2025-06-20 00:00:00,PRD-A,1.1740214871855252,0.11095688853958796,0.8523794717071191,1.297434156718313,1.7424888417295068,0.0,0.16734056156420887,0.5467016146302703,False,False,False,False,False,False
2025-06-20 08:00:00,PRD-A,1.1138161189227922,0.06020536826273304,0.8523794717071191,1.297434156718313,1.7424888417295068,0.0,0.16734056156420887,0.5467016146302703,False,False,False,False,False,False
2025-06-20 16:00:00,PRD-A,1.2853590363414988,0.17154291741870664,0.8523794717071191,1.297434156718313,1.7424888417295068,0.0,0.16734056156420887,0.5467016146302703,False,False,False,False,False,False
2025-06-21 00:00:00,PRD-A,1.1992139544174967,0.08614508192400216,0.8523794717071191,1.297434156718313,1.7424888417295068,0.0,0.16734056156420887,0.5467016146302703,False,False,False,False,False,False
2025-06-21 08:00:00,PRD-A,1.1162259641663503,0.08298799025114634,0.8523794717071191,1.297434156718313,1.7424888417295068,0.0,0.16734056156420887,0.5467016146302703,False,False,False,False,False,False
2025-06-21 16:00:00,PRD-A,1.4865275197588281,0.3703015555924778,0.8523794717071191,1.297434156718313,1.7424888417295068,0.0,0.16734056156420887,0.5467016146302703,False,False,False,False,False,False
2025-06-28 00:00:00,PRD-A,1.064927179675965,0.4216003400828632,0.8523794717071191,1.297434156718313,1.7424888417295068,0.0,0.16734056156420887,0.5467016146302703,False,False,False,False,False,False
2025-06-28 08:00:00,PRD-A,1.0464786659279568,0.018448513748008155,0.8523794717071191,1.297434156718313,1.7424888417295068,0.0,0.16734056156420887,0.5467016146302703,False,False,False,False,False,False
2025-06-28 16:00:00,PRD-A,1.2722447849817369,0.22576611905378008,0.8523794717071191,1.297434156718313,1.7424888417295068,0.0,0.16734056156420887,0.5467016146302703,False,False,False,False,False,False
2025-06-29 00:00:00,PRD-A,1.1636141667693938,0.1086306182123431,0.8523794717071191,1.297434156718313,1.7424888417295068,0.0,0.16734056156420887,0.5467016146302703,False,False,False,False,False,False
2025-06-29 08:00:00,PRD-A,1.1297085520535612,0.03390561471583253,0.8523794717071191,1.297434156718313,1.7424888417295068,0.0,0.16734056156420887,0.5467016146302703,False,False,False,False,False,False
2025-06-29 16:00:00,PRD-A,1.4438004889898814,0.3140919369363202,0.8523794717071191,1.297434156718313,1.7424888417295068,0.0,0.16734056156420887,0.5467016146302703,False,False,False,False,False,False
2024-01-07 00:00:00,PRD-A,1.375849032069472,0.06795145692040938,0.8523794717071191,1.297434156718313,1.7424888417295068,0.0,0.16734056156420887,0.5467016146302703,False,False,False,False,False,False
2024-01-07 08:00:00,PRD-A,1.3304382042808418,0.04541082778863026,0.8523794717071191,1.297434156718313,1.7424888417295068,0.0,0.16734056156420887,0.5467016146302703,False,False,False,False,False,False
2024-01-07 16:00:00,PRD-A,1.5522493228602277,0.22181111857938585,0.8523794717071191,1.297434156718313,1.7424888417295068,0.0,0.16734056156420887,0.5467016146302703,False,False,False,False,False,False
2024-01-08 00:00:00,PRD-A,1.5407867361709502,0.011462586689277465,0.8523794717071191,1.297434156718313,1.7424888417295068,0.0,0.16734056156420887,0.5467016146302703,False,False,False,False,False,False
2024-01-08 08:00:00,PRD-A,1.3285003476925628,0.21228638847838743,0.8523794717071191,1.297434156718313,1.7424888417295068,0.0,0.16734056156420887,0.5467016146302703,False,False,False,False,False,False
2024-01-08 16:00:00,PRD-A,1.7647323195893865,0.4362319718968237,0.8523794717071191,1.297434156718313,1.7424888417295068,0.0,0.16734056156420887,0.5467016146302703,True,False,False,False,True,False
2024-01-15 00:00:00,PRD-A,1.3569290423800033,0.40780327720938314,0.8523794717071191,1.297434156718313,1.7424888417295068,0.0,0.16734056156420887,0.5467016146302703,False,False,False,True,True,False
2024-01-15 08:00:00,PRD-A,1.38115605914939,0.024227016769386767,0.8523794717071191,1.297434156718313,1.7424888417295068,0.0,0.16734056156420887,0.5467016146302703,False,False,False,True,True,False
2024-01-15 16:00:00,PRD-A,1.4314705228725813,0.05031446372319115,0.8523794717071191,1.297434156718313,1.7424888417295068,0.0,0.16734056156420887,0.5467016146302703,False,False,False,True,True,False
2024-01-16 00:00:00,PRD-A,1.3343841074286562,0.09708641544392504,0.8523794717071191,1.297434156718313,1.7424888417295068,0.0,0.16734056156420887,0.5467016146302703,False,False,False,True,True,False
2024-01-16 08:00:00,PRD-A,1.3332694607405624,0.001114646688093801,0.8523794717071191,1.297434156718313,1.7424888417295068,0.0,0.16734056156420887,0.5467016146302703,False,False,False,True,True,False
2024-01-16 16:00:00,PRD-A,1.3929896726708173,0.059720211930254896,0.8523794717071191,1.297434156718313,1.7424888417295068,0.0,0.16734056156420887,0.5467016146302703,False,False,False,True,True,False
2024-01-23 00:00:00,PRD-A,1.139060043332523,0.2539296293382942,0.8523794717071191,1.297434156718313,1.7424888417295068,0.0,0.16734056156420887,0.5467016146302703,False,False,False,False,False,False
2024-01-23 08:00:00,PRD-A,1.3058310129790756,0.16677096964655247,0.8523794717071191,1.297434156718313,1.7424888417295068,0.0,0.16734056156420887,0.5467016146302703,False,False,False,False,False,False
2024-01-23 16:00:00,PRD-A,1.55358266530743,0.2477516523283545,0.8523794717071191,1.297434156718313,1.7424888417295068,0.0,0.16734056156420887,0.5467016146302703,False,False,False,False,False,False
2024-01-24 00:00:00,PRD-A,1.2975275061871314,0.25605515912029864,0.8523794717071191,1.297434156718313,1.7424888417295068,0.0,0.16734056156420887,0.5467016146302703,False,False,False,False,False,False
2024-01-24 08:00:00,PRD-A,1.23558138776874,0.06194611841839137,0.8523794717071191,1.297434156718313,1.7424888417295068,0.0,0.16734056156420887,0.5467016146302703,False,False,False,False,False,False
2024-01-24 16:00:00,PRD-A,1.5106690914077647,0.2750877036390247,0.8523794717071191,1.297434156718313,1.7424888417295068,0.0,0.16734056156420887,0.5467016146302703,False,False,False,False,False,False
2024-01-31 00:00:00,PRD-A,1.2914561317326418,0.2192129596751229,0.8523794717071191,1.297434156718313,1.7424888417295068,0.0,0.16734056156420887,0.5467016146302703,False,False,False,False,False,False
2024-01-31 08:00:00,PRD-A,1.3045717706178561,0.013115638885214276,0.8523794717071191,1.297434156718313,1.7424888417295068,0.0,0.16734056156420887,0.5467016146302703,False,False,False,False,False,False
2024-01-31 16:00:00,PRD-A,1.5467342780464428,0.2421625074285867,0.8523794717071191,1.297434156718313,1.7424888417295068,0.0,0.16734056156420887,0.5467016146302703,False,False,False,False,False,False
2024-02-01 00:00:00,PRD-A,1.4034025341480445,0.1433317438983983,0.8523794717071191,1.297434156718313,1.7424888417295068,0.0,0.16734056156420887,0.5467016146302703,False,False,False,False,False,False
2024-02-01 08:00:00,PRD-A,1.5547387388914315,0.15133620474338705,0.8523794717071191,1.297434156718313,1.7424888417295068,0.0,0.16734056156420887,0.5467016146302703,False,False,False,False,False,False
2024-02-01 16:00:00,PRD-A,1.461176496472448,0.09356224241898348,0.8523794717071191,1.297434156718313,1.7424888417295068,0.0,0.16734056156420887,0.5467016146302703,False,False,False,False,False,False
2024-02-08 00:00:00,PRD-A,1.4102487692517323,0.05092772722071581,0.8523794717071191,1.297434156718313,1.7424888417295068,0.0,0.16734056156420887,0.5467016146302703,False,False,False,False,False,False
2024-02-08 08:00:00,PRD-A,1.3258196727779463,0.08442909647378594,0.8523794717071191,1.297434156718313,1.7424888417295068,0.0,0.16734056156420887,0.5467016146302703,False,False,False,False,False,False
2024-02-08 16:00:00,PRD-A,1.4065220567726373,0.08070238399469098,0.8523794717071191,1.297434156718313,1.7424888417295068,0.0,0.16734056156420887,0.5467016146302703,False,False,False,True,True,False
2024-02-09 00:00:00,PRD-A,1.4198350350895725,0.013312978316935231,0.8523794717071191,1.297434156718313,1.7424888417295068,0.0,0.16734056156420887,0.5467016146302703,False,False,False,True,True,False
2024-02-09 08:00:00,PRD-A,1.3138429726733254,0.10599206241624715,0.8523794717071191,1.297434156718313,1.7424888417295068,0.0,0.16734056156420887,0.5467016146302703,False,False,False,True,True,False
2024-02-09 16:00:00,PRD-A,1.5821425539672278,0.2682995812939024,0.8523794717071191,1.297434156718313,1.7424888417295068,0.0,0.16734056156420887,0.5467016146302703,False,False,False,True,True,False
2024-02-16 00:00:00,PRD-A,1.583019062439678,0.0008765084724502437,0.8523794717071191,1.297434156718313,1.7424888417295068,0.0,0.16734056156420887,0.5467016146302703,False,False,False,True,True,False
2024-02-16 08:00:00,PRD-A,1.2991637932624467,0.28385526917723136,0.8523794717071191,1.297434156718313,1.7424888417295068,0.0,0.16734056156420887,0.5467016146302703,False,False,False,True,True,False
2024-02-16 16:00:00,PRD-A,1.6195136449204184,0.3203498516579717,0.8523794717071191,1.297434156718313,1.7424888417295068,0.0,0.16734056156420887,0.5467016146302703,False,False,False,True,True,False
2024-02-17 00:00:00,PRD-A,1.450126373981114,0.16938727093930428,0.8523794717071191,1.297434156718313,1.7424888417295068,0.0,0.16734056156420887,0.5467016146302703,False,False,True,True,True,False
2024-02-17 08:00:00,PRD-A,1.473121210282503,0.022994836301388988,0.8523794717071191,1.297434156718313,1.7424888417295068,0.0,0.16734056156420887,0.5467016146302703,False,False,True,True,True,False
2024-02-17 16:00:00,PRD-A,1.488827735057657,0.015706524775153996,0.8523794717071191,1.297434156718313,1.7424888417295068,0.0,0.16734056156420887,0.5467016146302703,False,False,True,True,True,False
2024-02-24 00:00:00,PRD-A,1.062042711639227,0.42678502341843005,0.8523794717071191,1.297434156718313,1.7424888417295068,0.0,0.16734056156420887,0.5467016146302703,False,False,True,False,True,False
2024-02-24 08:00:00,PRD-A,0.90381467993452,0.158228031704707,0.8523794717071191,1.297434156718313,1.7424888417295068,0.0,0.16734056156420887,0.5467016146302703,False,False,False,False,False,False
2024-02-24 16:00:00,PRD-A,1.0914522087053071,0.1876375287707871,0.8523794717071191,1.297434156718313,1.7424888417295068,0.0,0.16734056156420887,0.5467016146302703,False,False,False,False,False,False
2024-02-25 00:00:00,PRD-A,1.1914055900719769,0.09995338136666976,0.8523794717071191,1.297434156718313,1.7424888417295068,0.0,0.16734056156420887,0.5467016146302703,False,False,False,False,False,False
2024-02-25 08:00:00,PRD-A,0.9401120790500619,0.251293511021915,0.8523794717071191,1.297434156718313,1.7424888417295068,0.0,0.16734056156420887,0.5467016146302703,False,False,True,False,True,False
2024-02-25 16:00:00,PRD-A,1.1915856228330295,0.2514735437829676,0.8523794717071191,1.297434156718313,1.7424888417295068,0.0,0.16734056156420887,0.5467016146302703,False,False,False,False,False,False
2024-03-03 00:00:00,PRD-A,0.8348332839627325,0.356752338870297,0.8523794717071191,1.297434156718313,1.7424888417295068,0.0,0.16734056156420887,0.5467016146302703,True,True,False,False,True,False
2024-03-03 08:00:00,PRD-A,1.1999403568413485,0.365107072878616,0.8523794717071191,1.297434156718313,1.7424888417295068,0.0,0.16734056156420887,0.5467016146302703,False,False,False,True,True,False
2024-03-03 16:00:00,PRD-A,1.1750729738165453,0.02486738302480318,0.8523794717071191,1.297434156718313,1.7424888417295068,0.0,0.16734056156420887,0.5467016146302703,False,False,False,True,True,False
2024-03-04 00:00:00,PRD-A,1.0766119387099393,0.09846103510660598,0.8523794717071191,1.297434156718313,1.7424888417295068,0.0,0.16734056156420887,0.5467016146302703,False,False,False,True,True,False
2024-03-04 08:00:00,PRD-A,0.9712638880207812,0.10534805068915809,0.8523794717071191,1.297434156718313,1.7424888417295068,0.0,0.16734056156420887,0.5467016146302703,False,False,False,True,True,False
2024-03-04 16:00:00,PRD-A,1.0594159017975948,0.08815201377681359,0.8523794717071191,1.297434156718313,1.7424888417295068,0.0,0.16734056156420887,0.5467016146302703,False,False,False,True,True,False
2024-03-11 00:00:00,PRD-A,1.1648110373113,0.10539513551370527,0.8523794717071191,1.297434156718313,1.7424888417295068,0.0,0.16734056156420887,0.5467016146302703,False,False,False,True,True,False
2024-03-11 08:00:00,PRD-A,1.0520105916792335,0.11280044563206659,0.8523794717071191,1.297434156718313,1.7424888417295068,0.0,0.16734056156420887,0.5467016146302703,False,False,True,True,True,False
2024-03-11 16:00:00,PRD-A,1.168317804185196,0.11630721250596254,0.8523794717071191,1.297434156718313,1.7424888417295068,0.0,0.16734056156420887,0.5467016146302703,False,False,False,True,True,False
2024-03-12 00:00:00,PRD-A,0.9243363536012712,0.24398145058392484,0.8523794717071191,1.297434156718313,1.7424888417295068,0.0,0.16734056156420887,0.5467016146302703,False,False,False,True,True,False
2024-03-12 08:00:00,PRD-A,1.0537017386045668,0.12936538500329564,0.8523794717071191,1.297434156718313,1.7424888417295068,0.0,0.16734056156420887,0.5467016146302703,False,False,False,True,True,False
2024-03-12 16:00:00,PRD-A,1.2237302757153434,0.1700285371107766,0.8523794717071191,1.297434156718313,1.7424888417295068,0.0,0.16734056156420887,0.5467016146302703,False,False,False,True,True,False
2024-03-19 00:00:00,PRD-A,1.6669390361254766,0.44320876041013313,0.8523794717071191,1.297434156718313,1.7424888417295068,0.0,0.16734056156420887,0.5467016146302703,False,False,False,False,False,False
2024-03-19 08:00:00,PRD-A,1.6592747019037606,0.007664334221715974,0.8523794717071191,1.297434156718313,1.7424888417295068,0.0,0.16734056156420887,0.5467016146302703,False,True,False,False,True,False
2024-03-19 16:00:00,PRD-A,1.7283466760935544,0.06907197418979383,0.8523794717071191,1.297434156718313,1.7424888417295068,0.0,0.16734056156420887,0.5467016146302703,False,True,False,False,True,False
2024-03-20 00:00:00,PRD-A,1.68125711286017,0.04708956323338431,0.8523794717071191,1.297434156718313,1.7424888417295068,0.0,0.16734056156420887,0.5467016146302703,False,True,True,False,True,False
2024-03-20 08:00:00,PRD-A,1.6378780849627246,0.04337902789744552,0.8523794717071191,1.297434156718313,1.7424888417295068,0.0,0.16734056156420887,0.5467016146302703,False,True,True,False,True,False
2024-03-20 16:00:00,PRD-A,1.7175675918974664,0.07968950693474186,0.8523794717071191,1.297434156718313,1.7424888417295068,0.0,0.16734056156420887,0.5467016146302703,False,True,True,False,True,False
2024-03-27 00:00:00,PRD-A,1.3699553636147306,0.34761222828273586,0.8523794717071191,1.297434156718313,1.7424888417295068,0.0,0.16734056156420887,0.5467016146302703,False,True,True,False,True,False
2024-03-27 08:00:00,PRD-A,1.3105853825137173,0.059369981101013325,0.8523794717071191,1.297434156718313,1.7424888417295068,0.0,0.16734056156420887,0.5467016146302703,False,False,False,True,True,False
2024-03-27 16:00:00,PRD-A,1.6446986526445002,0.33411327013078296,0.8523794717071191,1.297434156718313,1.7424888417295068,0.0,0.16734056156420887,0.5467016146302703,False,False,False,True,True,False
2024-03-28 00:00:00,PRD-A,0.9933469364365457,0.6513517162079545,0.8523794717071191,1.297434156718313,1.7424888417295068,0.0,0.16734056156420887,0.5467016146302703,False,False,False,False,False,True
2024-03-28 08:00:00,PRD-A,1.110151022095165,0.11680408565861922,0.8523794717071191,1.297434156718313,1.7424888417295068,0.0,0.16734056156420887,0.5467016146302703,False,False,False,False,False,False
2024-03-28 16:00:00,PRD-A,0.9987013259492548,0.11144969614591016,0.8523794717071191,1.297434156718313,1.7424888417295068,0.0,0.16734056156420887,0.5467016146302703,False,True,False,False,True,False
2024-04-04 00:00:00,PRD-A,1.0676779151869467,0.0689765892376919,0.8523794717071191,1.297434156718313,1.7424888417295068,0.0,0.16734056156420887,0.5467016146302703,False,False,True,False,True,False
2024-04-04 08:00:00,PRD-A,1.3763880888166349,0.3087101736296882,0.8523794717071191,1.297434156718313,1.7424888417295068,0.0,0.16734056156420887,0.5467016146302703,False,False,True,False,True,False
2024-04-04 16:00:00,PRD-A,1.1779094235140768,0.1984786653025581,0.8523794717071191,1.297434156718313,1.7424888417295068,0.0,0.16734056156420887,0.5467016146302703,False,False,False,False,False,False
2024-04-05 00:00:00,PRD-A,1.2999129552841906,0.1220035317701138,0.8523794717071191,1.297434156718313,1.7424888417295068,0.0,0.16734056156420887,0.5467016146302703,False,False,False,False,False,False
2024-04-05 08:00:00,PRD-A,1.2763192135796675,0.023593741704523108,0.8523794717071191,1.297434156718313,1.7424888417295068,0.0,0.16734056156420887,0.5467016146302703,False,False,False,False,False,False
2024-04-05 16:00:00,PRD-A,1.3350876727096452,0.058768459129977746,0.8523794717071191,1.297434156718313,1.7424888417295068,0.0,0.16734056156420887,0.5467016146302703,False,False,False,False,False,False
2024-04-12 00:00:00,PRD-A,1.3370276990961498,0.0019400263865045897,0.8523794717071191,1.297434156718313,1.7424888417295068,0.0,0.16734056156420887,0.5467016146302703,False,False,False,False,False,False
2024-04-12 08:00:00,PRD-A,1.1449060295647009,0.19212166953144894,0.8523794717071191,1.297434156718313,1.7424888417295068,0.0,0.16734056156420887,0.5467016146302703,False,False,False,False,False,False
2024-04-12 16:00:00,PRD-A,1.3232125755305812,0.17830654596588036,0.8523794717071191,1.297434156718313,1.7424888417295068,0.0,0.16734056156420887,0.5467016146302703,False,False,False,False,False,False
2024-04-13 00:00:00,PRD-A,1.3316929962345418,0.0084804207039606,0.8523794717071191,1.297434156718313,1.7424888417295068,0.0,0.16734056156420887,0.5467016146302703,False,False,False,False,False,False
2024-04-13 08:00:00,PRD-A,1.307711512123809,0.023981484110732865,0.8523794717071191,1.297434156718313,1.7424888417295068,0.0,0.16734056156420887,0.5467016146302703,False,False,False,False,False,False
2024-04-13 16:00:00,PRD-A,1.628606172303861,0.32089466018005197,0.8523794717071191,1.297434156718313,1.7424888417295068,0.0,0.16734056156420887,0.5467016146302703,False,False,False,False,False,False
2024-04-20 00:00:00,PRD-A,1.310346959641043,0.31825921266281787,0.8523794717071191,1.297434156718313,1.7424888417295068,0.0,0.16734056156420887,0.5467016146302703,False,False,False,False,False,False
2024-04-20 08:00:00,PRD-A,0.9384728189869666,0.37187414065407653,0.8523794717071191,1.297434156718313,1.7424888417295068,0.0,0.16734056156420887,0.5467016146302703,False,False,False,False,False,False
2024-04-20 16:00:00,PRD-A,1.383806767159935,0.44533394817296845,0.8523794717071191,1.297434156718313,1.7424888417295068,0.0,0.16734056156420887,0.5467016146302703,False,False,False,False,False,False
2024-04-21 00:00:00,PRD-A,1.22533010878397,0.15847665837596492,0.8523794717071191,1.297434156718313,1.7424888417295068,0.0,0.16734056156420887,0.5467016146302703,False,False,False,False,False,False
2024-04-21 08:00:00,PRD-A,1.402368630165421,0.17703852138145093,0.8523794717071191,1.297434156718313,1.7424888417295068,0.0,0.16734056156420887,0.5467016146302703,False,False,False,False,False,False
2024-04-21 16:00:00,PRD-A,1.3600685911314137,0.042300039034007364,0.8523794717071191,1.297434156718313,1.7424888417295068,0.0,0.16734056156420887,0.5467016146302703,False,False,False,False,False,False
2024-04-28 00:00:00,PRD-A,1.2178523418892482,0.14221624924216547,0.8523794717071191,1.297434156718313,1.7424888417295068,0.0,0.16734056156420887,0.5467016146302703,False,False,False,False,False,False
2024-04-28 08:00:00,PRD-A,1.3694946612044943,0.15164231931524608,0.8523794717071191,1.297434156718313,1.7424888417295068,0.0,0.16734056156420887,0.5467016146302703,False,False,False,False,False,False
2024-04-28 16:00:00,PRD-A,1.4617941459911996,0.09229948478670535,0.8523794717071191,1.297434156718313,1.7424888417295068,0.0,0.16734056156420887,0.5467016146302703,False,False,False,False,False,False
2024-04-29 00:00:00,PRD-A,1.5295111196303133,0.06771697363911366,0.8523794717071191,1.297434156718313,1.7424888417295068,0.0,0.16734056156420887,0.5467016146302703,False,False,False,False,False,False
2024-04-29 08:00:00,PRD-A,1.3456811835605076,0.1838299360698057,0.8523794717071191,1.297434156718313,1.7424888417295068,0.0,0.16734056156420887,0.5467016146302703,False,False,False,False,False,False
2024-04-29 16:00:00,PRD-A,1.6346331327204786,0.288951949159971,0.8523794717071191,1.297434156718313,1.7424888417295068,0.0,0.16734056156420887,0.5467016146302703,False,False,False,False,False,False
2024-05-06 00:00:00,PRD-A,1.2834971440914122,0.35113598862906636,0.8523794717071191,1.297434156718313,1.7424888417295068,0.0,0.16734056156420887,0.5467016146302703,False,False,False,False,False,False
2024-05-06 08:00:00,PRD-A,1.319826536925508,0.03632939283409575,0.8523794717071191,1.297434156718313,1.7424888417295068,0.0,0.16734056156420887,0.5467016146302703,False,False,False,False,False,False
2024-05-06 16:00:00,PRD-A,1.5674381477205537,0.24761161079504568,0.8523794717071191,1.297434156718313,1.7424888417295068,0.0,0.16734056156420887,0.5467016146302703,False,False,False,False,False,False
2024-05-07 00:00:00,PRD-A,1.3879945566582093,0.17944359106234442,0.8523794717071191,1.297434156718313,1.7424888417295068,0.0,0.16734056156420887,0.5467016146302703,False,False,False,False,False,False
2024-05-07 08:00:00,PRD-A,1.3559532930975506,0.03204126356065862,0.8523794717071191,1.297434156718313,1.7424888417295068,0.0,0.16734056156420887,0.5467016146302703,False,False,False,False,False,False
2024-05-07 16:00:00,PRD-A,1.493184947791098,0.13723165469354726,0.8523794717071191,1.297434156718313,1.7424888417295068,0.0,0.16734056156420887,0.5467016146302703,False,False,False,False,False,False
2024-05-14 00:00:00,PRD-A,1.414875386544689,0.07830956124640887,0.8523794717071191,1.297434156718313,1.7424888417295068,0.0,0.16734056156420887,0.5467016146302703,False,False,False,False,False,False
2024-05-14 08:00:00,PRD-A,1.6740127595544114,0.2591373730097224,0.8523794717071191,1.297434156718313,1.7424888417295068,0.0,0.16734056156420887,0.5467016146302703,False,False,False,False,False,False
2024-05-14 16:00:00,PRD-A,1.567832621325417,0.10618013822899441,0.8523794717071191,1.297434156718313,1.7424888417295068,0.0,0.16734056156420887,0.5467016146302703,False,False,False,True,True,False
2024-05-15 00:00:00,PRD-A,1.5567060808594946,0.01112654046592243,0.8523794717071191,1.297434156718313,1.7424888417295068,0.0,0.16734056156420887,0.5467016146302703,False,False,True,True,True,False
2024-05-15 08:00:00,PRD-A,1.4921544441672845,0.06455163669221009,0.8523794717071191,1.297434156718313,1.7424888417295068,0.0,0.16734056156420887,0.5467016146302703,False,False,True,True,True,False
2024-05-15 16:00:00,PRD-A,1.674890711337198,0.18273626716991354,0.8523794717071191,1.297434156718313,1.7424888417295068,0.0,0.16734056156420887,0.5467016146302703,False,False,True,True,True,False
2024-05-22 00:00:00,PRD-A,1.535779207854914,0.13911150348228407,0.8523794717071191,1.297434156718313,1.7424888417295068,0.0,0.16734056156420887,0.5467016146302703,False,False,True,True,True,False
2024-05-22 08:00:00,PRD-A,1.5282999979466012,0.007479209908312745,0.8523794717071191,1.297434156718313,1.7424888417295068,0.0,0.16734056156420887,0.5467016146302703,False,False,True,True,True,False
2024-05-22 16:00:00,PRD-A,1.1578034235347459,0.37049657441185535,0.8523794717071191,1.297434156718313,1.7424888417295068,0.0,0.16734056156420887,0.5467016146302703,False,False,True,False,True,False
2024-05-23 00:00:00,PRD-A,1.1524184960532706,0.005384927481475232,0.8523794717071191,1.297434156718313,1.7424888417295068,0.0,0.16734056156420887,0.5467016146302703,False,False,False,False,False,False
2024-05-23 08:00:00,PRD-A,0.9680272092724037,0.18439128678086691,0.8523794717071191,1.297434156718313,1.7424888417295068,0.0,0.16734056156420887,0.5467016146302703,False,False,False,False,False,False
2024-05-23 16:00:00,PRD-A,1.2504059837784853,0.2823787745060816,0.8523794717071191,1.297434156718313,1.7424888417295068,0.0,0.16734056156420887,0.5467016146302703,False,False,False,False,False,False
2024-05-30 00:00:00,PRD-A,1.2264429412195237,0.023963042558961645,0.8523794717071191,1.297434156718313,1.7424888417295068,0.0,0.16734056156420887,0.5467016146302703,False,False,False,False,False,False
2024-05-30 08:00:00,PRD-A,1.1980240853727773,0.028418855846746416,0.8523794717071191,1.297434156718313,1.7424888417295068,0.0,0.16734056156420887,0.5467016146302703,False,False,False,False,False,False
2024-05-30 16:00:00,PRD-A,1.2713530926832661,0.07332900731048886,0.8523794717071191,1.297434156718313,1.7424888417295068,0.0,0.16734056156420887,0.5467016146302703,False,False,False,False,False,False
2024-05-31 00:00:00,PRD-A,1.2280284561812538,0.04332463650201235,0.8523794717071191,1.297434156718313,1.7424888417295068,0.0,0.16734056156420887,0.5467016146302703,False,False,False,True,True,False
2024-05-31 08:00:00,PRD-A,1.3445545594194226,0.11652610323816881,0.8523794717071191,1.297434156718313,1.7424888417295068,0.0,0.16734056156420887,0.5467016146302703,False,False,False,False,False,False
2024-05-31 16:00:00,PRD-A,1.5363990891874217,0.19184452976799915,0.8523794717071191,1.297434156718313,1.7424888417295068,0.0,0.16734056156420887,0.5467016146302703,False,False,False,False,False,False
2024-06-07 00:00:00,PRD-A,1.0786443123725913,0.45775477681483046,0.8523794717071191,1.297434156718313,1.7424888417295068,0.0,0.16734056156420887,0.5467016146302703,False,False,False,False,False,False
2024-06-07 08:00:00,PRD-A,1.2832452999058517,0.2046009875332604,0.8523794717071191,1.297434156718313,1.7424888417295068,0.0,0.16734056156420887,0.5467016146302703,False,False,False,False,False,False
2024-06-07 16:00:00,PRD-A,1.296075814488867,0.012830514583015429,0.8523794717071191,1.297434156718313,1.7424888417295068,0.0,0.16734056156420887,0.5467016146302703,False,False,False,False,False,False
2024-06-08 00:00:00,PRD-A,1.2194796821074025,0.07659613238146457,0.8523794717071191,1.297434156718313,1.7424888417295068,0.0,0.16734056156420887,0.5467016146302703,False,False,False,False,False,False
2024-06-08 08:00:00,PRD-A,1.3608178297628704,0.14133814765546782,0.8523794717071191,1.297434156718313,1.7424888417295068,0.0,0.16734056156420887,0.5467016146302703,False,False,False,False,False,False
2024-06-08 16:00:00,PRD-A,1.3170582951724388,0.04375953459043158,0.8523794717071191,1.297434156718313,1.7424888417295068,0.0,0.16734056156420887,0.5467016146302703,False,False,False,False,False,False
2024-06-15 00:00:00,PRD-A,1.3240068900081023,0.0069485948356635685,0.8523794717071191,1.297434156718313,1.7424888417295068,0.0,0.16734056156420887,0.5467016146302703,False,False,False,False,False,False
2024-06-15 08:00:00,PRD-A,1.5021983432842263,0.17819145327612396,0.8523794717071191,1.297434156718313,1.7424888417295068,0.0,0.16734056156420887,0.5467016146302703,False,False,False,False,False,False
2024-06-15 16:00:00,PRD-A,1.591553856834419,0.08935551355019267,0.8523794717071191,1.297434156718313,1.7424888417295068,0.0,0.16734056156420887,0.5467016146302703,False,False,False,False,False,False
2024-06-16 00:00:00,PRD-A,1.2729672227134607,0.3185866341209582,0.8523794717071191,1.297434156718313,1.7424888417295068,0.0,0.16734056156420887,0.5467016146302703,False,False,False,False,False,False
2024-06-16 08:00:00,PRD-A,1.4710745287433815,0.19810730602992077,0.8523794717071191,1.297434156718313,1.7424888417295068,0.0,0.16734056156420887,0.5467016146302703,False,False,False,False,False,False
2024-06-16 16:00:00,PRD-A,1.2237238246996058,0.24735070404377568,0.8523794717071191,1.297434156718313,1.7424888417295068,0.0,0.16734056156420887,0.5467016146302703,False,False,False,False,False,False
2024-06-23 00:00:00,PRD-A,1.1218401269921223,0.10188369770748351,0.8523794717071191,1.297434156718313,1.7424888417295068,0.0,0.16734056156420887,0.5467016146302703,False,False,False,False,False,False
2024-06-23 08:00:00,PRD-A,1.1534278217358516,0.031587694743729244,0.8523794717071191,1.297434156718313,1.7424888417295068,0.0,0.16734056156420887,0.5467016146302703,False,False,False,False,False,False
2024-06-23 16:00:00,PRD-A,1.5356191580799008,0.3821913363440492,0.8523794717071191,1.297434156718313,1.7424888417295068,0.0,0.16734056156420887,0.5467016146302703,False,False,False,False,False,False
2024-06-24 00:00:00,PRD-A,1.2699469796518141,0.26567217842808666,0.8523794717071191,1.297434156718313,1.7424888417295068,0.0,0.16734056156420887,0.5467016146302703,False,False,False,False,False,False
2024-06-24 08:00:00,PRD-A,1.4175515831887804,0.14760460353696625,0.8523794717071191,1.297434156718313,1.7424888417295068,0.0,0.16734056156420887,0.5467016146302703,False,False,False,False,False,False
2024-06-24 16:00:00,PRD-A,1.49005387857561,0.07250229538682951,0.8523794717071191,1.297434156718313,1.7424888417295068,0.0,0.16734056156420887,0.5467016146302703,False,False,False,False,False,False
2024-07-01 00:00:00,PRD-A,1.0621381154997052,0.42791576307590473,0.8523794717071191,1.297434156718313,1.7424888417295068,0.0,0.16734056156420887,0.5467016146302703,False,False,False,False,False,False
2024-07-01 08:00:00,PRD-A,1.2965842679802184,0.23444615248051326,0.8523794717071191,1.297434156718313,1.7424888417295068,0.0,0.16734056156420887,0.5467016146302703,False,False,False,False,False,False
2024-07-01 16:00:00,PRD-A,1.350521821594149,0.0539375536139306,0.8523794717071191,1.297434156718313,1.7424888417295068,0.0,0.16734056156420887,0.5467016146302703,False,False,False,False,False,False
2024-07-02 00:00:00,PRD-A,1.2925296985274553,0.05799212306669377,0.8523794717071191,1.297434156718313,1.7424888417295068,0.0,0.16734056156420887,0.5467016146302703,False,False,False,False,False,False
2024-07-02 08:00:00,PRD-A,1.260734617419692,0.03179508110776319,0.8523794717071191,1.297434156718313,1.7424888417295068,0.0,0.16734056156420887,0.5467016146302703,False,False,False,False,False,False
2024-07-02 16:00:00,PRD-A,1.6427769525811162,0.38204233516142416,0.8523794717071191,1.297434156718313,1.7424888417295068,0.0,0.16734056156420887,0.5467016146302703,False,False,False,False,False,False
2024-07-09 00:00:00,PRD-A,1.239514453745605,0.40326249883551113,0.8523794717071191,1.297434156718313,1.7424888417295068,0.0,0.16734056156420887,0.5467016146302703,False,False,False,False,False,False
2024-07-09 08:00:00,PRD-A,1.088135538350512,0.15137891539509307,0.8523794717071191,1.297434156718313,1.7424888417295068,0.0,0.16734056156420887,0.5467016146302703,False,False,False,False,False,False
2024-07-09 16:00:00,PRD-A,1.3178366713273926,0.22970113297688055,0.8523794717071191,1.297434156718313,1.7424888417295068,0.0,0.16734056156420887,0.5467016146302703,False,False,False,False,False,False
2024-07-10 00:00:00,PRD-A,1.1350217383025678,0.18281493302482477,0.8523794717071191,1.297434156718313,1.7424888417295068,0.0,0.16734056156420887,0.5467016146302703,False,False,False,False,False,False
2024-07-10 08:00:00,PRD-A,1.177186377827816,0.04216463952524818,0.8523794717071191,1.297434156718313,1.7424888417295068,0.0,0.16734056156420887,0.5467016146302703,False,False,False,False,False,False
2024-07-10 16:00:00,PRD-A,1.4871216592014351,0.30993528137361914,0.8523794717071191,1.297434156718313,1.7424888417295068,0.0,0.16734056156420887,0.5467016146302703,False,False,False,False,False,False
2024-07-17 00:00:00,PRD-A,1.3426458374493317,0.14447582175210338,0.8523794717071191,1.297434156718313,1.7424888417295068,0.0,0.16734056156420887,0.5467016146302703,False,False,False,False,False,False
2024-07-17 08:00:00,PRD-A,1.3004252429670573,0.04222059448227444,0.8523794717071191,1.297434156718313,1.7424888417295068,0.0,0.16734056156420887,0.5467016146302703,False,False,False,False,False,False
2024-07-17 16:00:00,PRD-A,1.5835373821448928,0.2831121391778355,0.8523794717071191,1.297434156718313,1.7424888417295068,0.0,0.16734056156420887,0.5467016146302703,False,False,False,False,False,False
2024-07-18 00:00:00,PRD-A,1.327528839815938,0.25600854232895487,0.8523794717071191,1.297434156718313,1.7424888417295068,0.0,0.16734056156420887,0.5467016146302703,False,False,False,False,False,False
2024-07-18 08:00:00,PRD-A,1.3103837057506809,0.017145134065257084,0.8523794717071191,1.297434156718313,1.7424888417295068,0.0,0.16734056156420887,0.5467016146302703,False,False,False,False,False,False
2024-07-18 16:00:00,PRD-A,1.635911189452882,0.3255274837022011,0.8523794717071191,1.297434156718313,1.7424888417295068,0.0,0.16734056156420887,0.5467016146302703,False,False,False,False,False,False
2024-07-25 00:00:00,PRD-A,1.5189511793337198,0.11696001011916213,0.8523794717071191,1.297434156718313,1.7424888417295068,0.0,0.16734056156420887,0.5467016146302703,False,False,False,True,True,False
2024-07-25 08:00:00,PRD-A,1.4754054359071969,0.043545743426522954,0.8523794717071191,1.297434156718313,1.7424888417295068,0.0,0.16734056156420887,0.5467016146302703,False,False,False,True,True,False
2024-07-25 16:00:00,PRD-A,1.7362714889126118,0.260866053005415,0.8523794717071191,1.297434156718313,1.7424888417295068,0.0,0.16734056156420887,0.5467016146302703,False,False,True,True,True,False
2024-07-26 00:00:00,PRD-A,1.560649149610419,0.17562233930219295,0.8523794717071191,1.297434156718313,1.7424888417295068,0.0,0.16734056156420887,0.5467016146302703,False,False,True,True,True,False
2024-07-26 08:00:00,PRD-A,1.7037051319524696,0.14305598234205075,0.8523794717071191,1.297434156718313,1.7424888417295068,0.0,0.16734056156420887,0.5467016146302703,False,True,True,True,True,False
2024-07-26 16:00:00,PRD-A,1.7855509622982666,0.08184583034579695,0.8523794717071191,1.297434156718313,1.7424888417295068,0.0,0.16734056156420887,0.5467016146302703,True,True,True,True,True,False
2024-08-02 00:00:00,PRD-A,1.3979476029459377,0.3876033593523289,0.8523794717071191,1.297434156718313,1.7424888417295068,0.0,0.16734056156420887,0.5467016146302703,False,True,True,True,True,False
2024-08-02 08:00:00,PRD-A,1.3037841368060528,0.09416346613988491,0.8523794717071191,1.297434156718313,1.7424888417295068,0.0,0.16734056156420887,0.5467016146302703,False,False,False,True,True,False
2024-08-02 16:00:00,PRD-A,1.5969333065629363,0.29314916975688354,0.8523794717071191,1.297434156718313,1.7424888417295068,0.0,0.16734056156420887,0.5467016146302703,False,False,False,True,True,False
2024-08-03 00:00:00,PRD-A,1.3765217990408734,0.22041150752206295,0.8523794717071191,1.297434156718313,1.7424888417295068,0.0,0.16734056156420887,0.5467016146302703,False,False,False,True,True,False
2024-08-03 08:00:00,PRD-A,1.4872850617217908,0.11076326268091741,0.8523794717071191,1.297434156718313,1.7424888417295068,0.0,0.16734056156420887,0.5467016146302703,False,False,False,True,True,False
2024-08-03 16:00:00,PRD-A,1.7678785027223387,0.28059344100054795,0.8523794717071191,1.297434156718313,1.7424888417295068,0.0,0.16734056156420887,0.5467016146302703,True,False,False,True,True,False
2024-08-10 00:00:00,PRD-A,1.3415416292906523,0.42633687343168636,0.8523794717071191,1.297434156718313,1.7424888417295068,0.0,0.16734056156420887,0.5467016146302703,False,False,False,True,True,False
2024-08-10 08:00:00,PRD-A,1.31349852755713,0.028043101733522313,0.8523794717071191,1.297434156718313,1.7424888417295068,0.0,0.16734056156420887,0.5467016146302703,False,False,False,True,True,False
2024-08-10 16:00:00,PRD-A,1.3106985858490434,0.0027999417080866174,0.8523794717071191,1.297434156718313,1.7424888417295068,0.0,0.16734056156420887,0.5467016146302703,False,False,False,True,True,False
2024-08-11 00:00:00,PRD-A,0.914049256588211,0.3966493292608324,0.8523794717071191,1.297434156718313,1.7424888417295068,0.0,0.16734056156420887,0.5467016146302703,False,False,False,False,False,False
2024-08-11 08:00:00,PRD-A,1.0783577099890256,0.16430845340081457,0.8523794717071191,1.297434156718313,1.7424888417295068,0.0,0.16734056156420887,0.5467016146302703,False,False,False,False,False,False
2024-08-11 16:00:00,PRD-A,1.3459086428432467,0.26755093285422116,0.8523794717071191,1.297434156718313,1.7424888417295068,0.0,0.16734056156420887,0.5467016146302703,False,False,False,False,False,False
2024-08-18 00:00:00,PRD-A,1.0132264517234828,0.33268219111976394,0.8523794717071191,1.297434156718313,1.7424888417295068,0.0,0.16734056156420887,0.5467016146302703,False,False,False,False,False,False
2024-08-18 08:00:00,PRD-A,1.3312811667028417,0.3180547149793589,0.8523794717071191,1.297434156718313,1.7424888417295068,0.0,0.16734056156420887,0.5467016146302703,False,False,False,False,False,False
2024-08-18 16:00:00,PRD-A,1.2777788331601576,0.05350233354268408,0.8523794717071191,1.297434156718313,1.7424888417295068,0.0,0.16734056156420887,0.5467016146302703,False,False,False,False,False,False
2024-08-19 00:00:00,PRD-A,1.1312681143863803,0.1465107187737773,0.8523794717071191,1.297434156718313,1.7424888417295068,0.0,0.16734056156420887,0.5467016146302703,False,False,False,False,False,False
2024-08-19 08:00:00,PRD-A,0.9668160761149346,0.16445203827144572,0.8523794717071191,1.297434156718313,1.7424888417295068,0.0,0.16734056156420887,0.5467016146302703,False,False,False,False,False,False
2024-08-19 16:00:00,PRD-A,1.4323589014089144,0.46554282529397983,0.8523794717071191,1.297434156718313,1.7424888417295068,0.0,0.16734056156420887,0.5467016146302703,False,False,False,False,False,False
2024-08-26 00:00:00,PRD-A,1.2264099344588093,0.20594896695010512,0.8523794717071191,1.297434156718313,1.7424888417295068,0.0,0.16734056156420887,0.5467016146302703,False,False,False,False,False,False
2024-08-26 08:00:00,PRD-A,1.1972307027371596,0.029179231721649712,0.8523794717071191,1.297434156718313,1.7424888417295068,0.0,0.16734056156420887,0.5467016146302703,False,False,False,False,False,False
2024-08-26 16:00:00,PRD-A,1.429666045625973,0.2324353428888135,0.8523794717071191,1.297434156718313,1.7424888417295068,0.0,0.16734056156420887,0.5467016146302703,False,False,False,False,False,False
2024-08-27 00:00:00,PRD-A,1.0213210736116412,0.40834497201433195,0.8523794717071191,1.297434156718313,1.7424888417295068,0.0,0.16734056156420887,0.5467016146302703,False,False,False,False,False,False
2024-08-27 08:00:00,PRD-A,1.1383114339992324,0.11699036038759125,0.8523794717071191,1.297434156718313,1.7424888417295068,0.0,0.16734056156420887,0.5467016146302703,False,False,False,False,False,False
2024-08-27 16:00:00,PRD-A,1.2901689078227931,0.15185747382356074,0.8523794717071191,1.297434156718313,1.7424888417295068,0.0,0.16734056156420887,0.5467016146302703,False,False,False,False,False,False
2024-09-03 00:00:00,PRD-A,1.1670728989400687,0.12309600888272443,0.8523794717071191,1.297434156718313,1.7424888417295068,0.0,0.16734056156420887,0.5467016146302703,False,False,False,False,False,False
2024-09-03 08:00:00,PRD-A,1.1222278903389644,0.0448450086011043,0.8523794717071191,1.297434156718313,1.7424888417295068,0.0,0.16734056156420887,0.5467016146302703,False,False,False,False,False,False
2024-09-03 16:00:00,PRD-A,1.2480559427155433,0.1258280523765789,0.8523794717071191,1.297434156718313,1.7424888417295068,0.0,0.16734056156420887,0.5467016146302703,False,False,False,False,False,False
2024-09-04 00:00:00,PRD-A,0.9661261185526558,0.2819298241628875,0.8523794717071191,1.297434156718313,1.7424888417295068,0.0,0.16734056156420887,0.5467016146302703,False,False,False,False,False,False
2024-09-04 08:00:00,PRD-A,1.1814601515193135,0.21533403296665765,0.8523794717071191,1.297434156718313,1.7424888417295068,0.0,0.16734056156420887,0.5467016146302703,False,False,False,True,True,False
2024-09-04 16:00:00,PRD-A,1.2784726461248752,0.09701249460556172,0.8523794717071191,1.297434156718313,1.7424888417295068,0.0,0.16734056156420887,0.5467016146302703,False,False,False,True,True,False
2024-09-11 00:00:00,PRD-A,1.6304592810986664,0.35198663497379123,0.8523794717071191,1.297434156718313,1.7424888417295068,0.0,0.16734056156420887,0.5467016146302703,False,False,False,False,False,False
2024-09-11 08:00:00,PRD-A,1.6497309214078115,0.019271640309145077,0.8523794717071191,1.297434156718313,1.7424888417295068,0.0,0.16734056156420887,0.5467016146302703,False,True,False,False,True,False
2024-09-11 16:00:00,PRD-A,1.5431160763359135,0.106614845071898,0.8523794717071191,1.297434156718313,1.7424888417295068,0.0,0.16734056156420887,0.5467016146302703,False,True,False,False,True,False
2024-09-12 00:00:00,PRD-A,1.2836931500093978,0.25942292632651576,0.8523794717071191,1.297434156718313,1.7424888417295068,0.0,0.16734056156420887,0.5467016146302703,False,False,False,False,False,False
2024-09-12 08:00:00,PRD-A,1.1357159280520854,0.14797722195731233,0.8523794717071191,1.297434156718313,1.7424888417295068,0.0,0.16734056156420887,0.5467016146302703,False,False,False,False,False,False
2024-09-12 16:00:00,PRD-A,1.3797559025397406,0.24403997448765513,0.8523794717071191,1.297434156718313,1.7424888417295068,0.0,0.16734056156420887,0.5467016146302703,False,False,False,False,False,False
2024-09-19 00:00:00,PRD-A,1.1583129770392955,0.2214429255004451,0.8523794717071191,1.297434156718313,1.7424888417295068,0.0,0.16734056156420887,0.5467016146302703,False,False,False,False,False,False
2024-09-19 08:00:00,PRD-A,1.2108717119126318,0.05255873487333629,0.8523794717071191,1.297434156718313,1.7424888417295068,0.0,0.16734056156420887,0.5467016146302703,False,False,False,False,False,False
2024-09-19 16:00:00,PRD-A,1.324979266606621,0.11410755469398914,0.8523794717071191,1.297434156718313,1.7424888417295068,0.0,0.16734056156420887,0.5467016146302703,False,False,False,False,False,False
2024-09-20 00:00:00,PRD-A,1.2430865290533206,0.08189273755330029,0.8523794717071191,1.297434156718313,1.7424888417295068,0.0,0.16734056156420887,0.5467016146302703,False,False,False,False,False,False
2024-09-20 08:00:00,PRD-A,1.5147111935408946,0.27162466448757394,0.8523794717071191,1.297434156718313,1.7424888417295068,0.0,0.16734056156420887,0.5467016146302703,False,False,False,False,False,False
2024-09-20 16:00:00,PRD-A,1.2417138571439692,0.27299733639692536,0.8523794717071191,1.297434156718313,1.7424888417295068,0.0,0.16734056156420887,0.5467016146302703,False,False,False,False,False,False
2024-09-27 00:00:00,PRD-A,1.351044117130499,0.10933025998652979,0.8523794717071191,1.297434156718313,1.7424888417295068,0.0,0.16734056156420887,0.5467016146302703,False,False,False,False,False,False
2024-09-27 08:00:00,PRD-A,1.3468078668814079,0.004236250249091134,0.8523794717071191,1.297434156718313,1.7424888417295068,0.0,0.16734056156420887,0.5467016146302703,False,False,False,False,False,False
2024-09-27 16:00:00,PRD-A,1.650449201295364,0.30364133441395613,0.8523794717071191,1.297434156718313,1.7424888417295068,0.0,0.16734056156420887,0.5467016146302703,False,False,False,False,False,False
2024-09-28 00:00:00,PRD-A,1.4808687751199243,0.16958042617543967,0.8523794717071191,1.297434156718313,1.7424888417295068,0.0,0.16734056156420887,0.5467016146302703,False,False,False,False,False,False
2024-09-28 08:00:00,PRD-A,1.4578153622303023,0.023053412889622038,0.8523794717071191,1.297434156718313,1.7424888417295068,0.0,0.16734056156420887,0.5467016146302703,False,False,False,False,False,False
2024-09-28 16:00:00,PRD-A,1.6672474155518737,0.20943205332157144,0.8523794717071191,1.297434156718313,1.7424888417295068,0.0,0.16734056156420887,0.5467016146302703,False,False,True,False,True,False
2024-10-05 00:00:00,PRD-A,1.4348105810840424,0.23243683446783137,0.8523794717071191,1.297434156718313,1.7424888417295068,0.0,0.16734056156420887,0.5467016146302703,False,False,True,False,True,False
2024-10-05 08:00:00,PRD-A,1.2119229796012474,0.22288760148279496,0.8523794717071191,1.297434156718313,1.7424888417295068,0.0,0.16734056156420887,0.5467016146302703,False,False,False,False,False,False
2024-10-05 16:00:00,PRD-A,1.5041949506935934,0.29227197109234604,0.8523794717071191,1.297434156718313,1.7424888417295068,0.0,0.16734056156420887,0.5467016146302703,False,False,False,False,False,False
2024-10-06 00:00:00,PRD-A,1.4010306304123166,0.10316432028127687,0.8523794717071191,1.297434156718313,1.7424888417295068,0.0,0.16734056156420887,0.5467016146302703,False,False,False,False,False,False
2024-10-06 08:00:00,PRD-A,1.5748177945509565,0.17378716413863993,0.8523794717071191,1.297434156718313,1.7424888417295068,0.0,0.16734056156420887,0.5467016146302703,False,False,False,False,False,False
2024-10-06 16:00:00,PRD-A,1.440756708340778,0.13406108621017854,0.8523794717071191,1.297434156718313,1.7424888417295068,0.0,0.16734056156420887,0.5467016146302703,False,False,False,False,False,False
2024-10-13 00:00:00,PRD-A,1.2881105344143011,0.15264617392647684,0.8523794717071191,1.297434156718313,1.7424888417295068,0.0,0.16734056156420887,0.5467016146302703,False,False,False,False,False,False
2024-10-13 08:00:00,PRD-A,1.449142374571892,0.16103184015759098,0.8523794717071191,1.297434156718313,1.7424888417295068,0.0,0.16734056156420887,0.5467016146302703,False,False,False,False,False,False
2024-10-13 16:00:00,PRD-A,1.5441714400918847,0.09502906551999257,0.8523794717071191,1.297434156718313,1.7424888417295068,0.0,0.16734056156420887,0.5467016146302703,False,False,False,False,False,False
2024-10-14 00:00:00,PRD-A,1.442056348838732,0.10211509125315277,0.8523794717071191,1.297434156718313,1.7424888417295068,0.0,0.16734056156420887,0.5467016146302703,False,False,False,False,False,False
2024-10-14 08:00:00,PRD-A,1.3911888164539263,0.05086753238480557,0.8523794717071191,1.297434156718313,1.7424888417295068,0.0,0.16734056156420887,0.5467016146302703,False,False,False,False,False,False
2024-10-14 16:00:00,PRD-A,1.5693024191725282,0.17811360271860188,0.8523794717071191,1.297434156718313,1.7424888417295068,0.0,0.16734056156420887,0.5467016146302703,False,False,False,False,False,False
2024-10-21 00:00:00,PRD-A,1.0094507570942015,0.5598516620783267,0.8523794717071191,1.297434156718313,1.7424888417295068,0.0,0.16734056156420887,0.5467016146302703,False,False,False,False,False,True
2024-10-21 08:00:00,PRD-A,1.2385467863458377,0.2290960292516362,0.8523794717071191,1.297434156718313,1.7424888417295068,0.0,0.16734056156420887,0.5467016146302703,False,False,False,False,False,False
2024-10-21 16:00:00,PRD-A,1.282720719091956,0.04417393274611836,0.8523794717071191,1.297434156718313,1.7424888417295068,0.0,0.16734056156420887,0.5467016146302703,False,False,False,False,False,False
2024-10-22 00:00:00,PRD-A,1.0487486930153072,0.2339720260766489,0.8523794717071191,1.297434156718313,1.7424888417295068,0.0,0.16734056156420887,0.5467016146302703,False,False,False,False,False,False
2024-10-22 08:00:00,PRD-A,1.1544788898838336,0.10573019686852647,0.8523794717071191,1.297434156718313,1.7424888417295068,0.0,0.16734056156420887,0.5467016146302703,False,False,False,False,False,False
2024-10-22 16:00:00,PRD-A,1.3840984992020349,0.22961960931820125,0.8523794717071191,1.297434156718313,1.7424888417295068,0.0,0.16734056156420887,0.5467016146302703,False,False,False,False,False,False
2024-10-29 00:00:00,PRD-A,1.6538674618467586,0.2697689626447237,0.8523794717071191,1.297434156718313,1.7424888417295068,0.0,0.16734056156420887,0.5467016146302703,False,False,False,False,False,False
2024-10-29 08:00:00,PRD-A,1.5194234958516903,0.13444396599506825,0.8523794717071191,1.297434156718313,1.7424888417295068,0.0,0.16734056156420887,0.5467016146302703,False,False,False,False,False,False
2024-10-29 16:00:00,PRD-A,1.9012239012077015,0.3818004053560111,0.8523794717071191,1.297434156718313,1.7424888417295068,0.0,0.16734056156420887,0.5467016146302703,True,True,False,False,True,False
2024-10-30 00:00:00,PRD-A,1.613846469343841,0.28737743186386044,0.8523794717071191,1.297434156718313,1.7424888417295068,0.0,0.16734056156420887,0.5467016146302703,False,True,True,False,True,False
2024-10-30 08:00:00,PRD-A,1.7636088096760536,0.14976234033221258,0.8523794717071191,1.297434156718313,1.7424888417295068,0.0,0.16734056156420887,0.5467016146302703,True,True,True,False,True,False
2024-10-30 16:00:00,PRD-A,1.2026024016137506,0.561006408062303,0.8523794717071191,1.297434156718313,1.7424888417295068,0.0,0.16734056156420887,0.5467016146302703,False,True,True,False,True,True
2024-11-06 00:00:00,PRD-A,1.652962665938676,0.4503602643249254,0.8523794717071191,1.297434156718313,1.7424888417295068,0.0,0.16734056156420887,0.5467016146302703,False,True,True,False,True,False
2024-11-06 08:00:00,PRD-A,1.1299780001186617,0.5229846658200143,0.8523794717071191,1.297434156718313,1.7424888417295068,0.0,0.16734056156420887,0.5467016146302703,False,False,False,False,False,False
2024-11-06 16:00:00,PRD-A,1.2486477813737817,0.11866978125512007,0.8523794717071191,1.297434156718313,1.7424888417295068,0.0,0.16734056156420887,0.5467016146302703,False,False,False,False,False,False
2024-11-07 00:00:00,PRD-A,1.1496358582584774,0.09901192311530438,0.8523794717071191,1.297434156718313,1.7424888417295068,0.0,0.16734056156420887,0.5467016146302703,False,False,False,False,False,False
2024-11-07 08:00:00,PRD-A,1.0346747546514354,0.11496110360704193,0.8523794717071191,1.297434156718313,1.7424888417295068,0.0,0.16734056156420887,0.5467016146302703,False,False,False,False,False,False
2024-11-07 16:00:00,PRD-A,1.2773363686129353,0.24266161396149988,0.8523794717071191,1.297434156718313,1.7424888417295068,0.0,0.16734056156420887,0.5467016146302703,False,False,False,False,False,False
2024-11-14 00:00:00,PRD-A,1.7100103218499092,0.4326739532369739,0.8523794717071191,1.297434156718313,1.7424888417295068,0.0,0.16734056156420887,0.5467016146302703,False,False,False,False,False,False
2024-11-14 08:00:00,PRD-A,1.7820161633006197,0.07200584145071054,0.8523794717071191,1.297434156718313,1.7424888417295068,0.0,0.16734056156420887,0.5467016146302703,True,True,False,False,True,False
2024-11-14 16:00:00,PRD-A,2.001538958692787,0.21952279539216724,0.8523794717071191,1.297434156718313,1.7424888417295068,0.0,0.16734056156420887,0.5467016146302703,True,True,False,False,True,False
2024-11-15 00:00:00,PRD-A,1.17501065317258,0.8265283055202071,0.8523794717071191,1.297434156718313,1.7424888417295068,0.0,0.16734056156420887,0.5467016146302703,False,True,False,False,True,True
2024-11-15 08:00:00,PRD-A,1.1856670432824934,0.010656390109913483,0.8523794717071191,1.297434156718313,1.7424888417295068,0.0,0.16734056156420887,0.5467016146302703,False,False,False,False,False,False
2024-11-15 16:00:00,PRD-A,1.3085407433721088,0.1228737000896154,0.8523794717071191,1.297434156718313,1.7424888417295068,0.0,0.16734056156420887,0.5467016146302703,False,False,False,False,False,False
2024-11-22 00:00:00,PRD-A,1.7257799149467594,0.4172391715746506,0.8523794717071191,1.297434156718313,1.7424888417295068,0.0,0.16734056156420887,0.5467016146302703,False,False,False,False,False,False
2024-11-22 08:00:00,PRD-A,0.765840171287097,0.9599397436596624,0.8523794717071191,1.297434156718313,1.7424888417295068,0.0,0.16734056156420887,0.5467016146302703,True,False,False,False,True,True
2024-11-22 16:00:00,PRD-A,1.2386502704734825,0.4728100991863855,0.8523794717071191,1.297434156718313,1.7424888417295068,0.0,0.16734056156420887,0.5467016146302703,False,False,False,False,False,False
2024-11-23 00:00:00,PRD-A,1.0100864924678574,0.2285637780056251,0.8523794717071191,1.297434156718313,1.7424888417295068,0.0,0.16734056156420887,0.5467016146302703,False,False,False,False,False,False
2024-11-23 08:00:00,PRD-A,1.0151615201461246,0.005075027678267174,0.8523794717071191,1.297434156718313,1.7424888417295068,0.0,0.16734056156420887,0.5467016146302703,False,False,False,False,False,False
2024-11-23 16:00:00,PRD-A,1.370793909475082,0.35563238932895747,0.8523794717071191,1.297434156718313,1.7424888417295068,0.0,0.16734056156420887,0.5467016146302703,False,False,False,False,False,False
2024-11-30 00:00:00,PRD-A,1.0579048001323113,0.3128891093427708,0.8523794717071191,1.297434156718313,1.7424888417295068,0.0,0.16734056156420887,0.5467016146302703,False,False,False,False,False,False
2024-11-30 08:00:00,PRD-A,1.3838532573336857,0.32594845720137444,0.8523794717071191,1.297434156718313,1.7424888417295068,0.0,0.16734056156420887,0.5467016146302703,False,False,False,False,False,False
2024-11-30 16:00:00,PRD-A,1.345236724633345,0.03861653270034071,0.8523794717071191,1.297434156718313,1.7424888417295068,0.0,0.16734056156420887,0.5467016146302703,False,False,False,False,False,False
2024-12-01 00:00:00,PRD-A,1.2953276805992793,0.04990904403406571,0.8523794717071191,1.297434156718313,1.7424888417295068,0.0,0.16734056156420887,0.5467016146302703,False,False,False,False,False,False
2024-12-01 08:00:00,PRD-A,1.3431930483515249,0.04786536775224559,0.8523794717071191,1.297434156718313,1.7424888417295068,0.0,0.16734056156420887,0.5467016146302703,False,False,False,False,False,False
2024-12-01 16:00:00,PRD-A,1.4224300386223885,0.07923699027086362,0.8523794717071191,1.297434156718313,1.7424888417295068,0.0,0.16734056156420887,0.5467016146302703,False,False,False,False,False,False
2024-12-08 00:00:00,PRD-A,0.9878771088984081,0.4345529297239804,0.8523794717071191,1.297434156718313,1.7424888417295068,0.0,0.16734056156420887,0.5467016146302703,False,False,False,False,False,False
2024-12-08 08:00:00,PRD-A,1.0311385500047836,0.04326144110637553,0.8523794717071191,1.297434156718313,1.7424888417295068,0.0,0.16734056156420887,0.5467016146302703,False,False,False,False,False,False
2024-12-08 16:00:00,PRD-A,1.179762946083294,0.1486243960785103,0.8523794717071191,1.297434156718313,1.7424888417295068,0.0,0.16734056156420887,0.5467016146302703,False,False,False,False,False,False
2024-12-09 00:00:00,PRD-A,1.1802333240977496,0.0004703780144557079,0.8523794717071191,1.297434156718313,1.7424888417295068,0.0,0.16734056156420887,0.5467016146302703,False,False,False,False,False,False
2024-12-09 08:00:00,PRD-A,1.0486875533796398,0.1315457707181098,0.8523794717071191,1.297434156718313,1.7424888417295068,0.0,0.16734056156420887,0.5467016146302703,False,False,False,False,False,False
2024-12-09 16:00:00,PRD-A,1.1299024371730502,0.08121488379341035,0.8523794717071191,1.297434156718313,1.7424888417295068,0.0,0.16734056156420887,0.5467016146302703,False,False,False,False,False,False
2024-12-16 00:00:00,PRD-A,0.9919194568997677,0.13798298027328249,0.8523794717071191,1.297434156718313,1.7424888417295068,0.0,0.16734056156420887,0.5467016146302703,False,False,False,False,False,False
2024-12-16 08:00:00,PRD-A,1.1733008248322145,0.18138136793244686,0.8523794717071191,1.297434156718313,1.7424888417295068,0.0,0.16734056156420887,0.5467016146302703,False,False,False,True,True,False
2024-12-16 16:00:00,PRD-A,1.1615117638457642,0.011789060986450384,0.8523794717071191,1.297434156718313,1.7424888417295068,0.0,0.16734056156420887,0.5467016146302703,False,False,False,True,True,False
2024-12-17 00:00:00,PRD-A,1.4871087679701966,0.3255970041244325,0.8523794717071191,1.297434156718313,1.7424888417295068,0.0,0.16734056156420887,0.5467016146302703,False,False,False,False,False,False
2024-12-17 08:00:00,PRD-A,1.0918100458452356,0.3952987221249611,0.8523794717071191,1.297434156718313,1.7424888417295068,0.0,0.16734056156420887,0.5467016146302703,False,False,False,False,False,False
2024-12-17 16:00:00,PRD-A,1.5072648947029184,0.4154548488576828,0.8523794717071191,1.297434156718313,1.7424888417295068,0.0,0.16734056156420887,0.5467016146302703,False,False,False,False,False,False
2024-12-24 00:00:00,PRD-A,0.979179208623084,0.5280856860798343,0.8523794717071191,1.297434156718313,1.7424888417295068,0.0,0.16734056156420887,0.5467016146302703,False,False,False,False,False,False
2024-12-24 08:00:00,PRD-A,1.1032523523089195,0.12407314368583544,0.8523794717071191,1.297434156718313,1.7424888417295068,0.0,0.16734056156420887,0.5467016146302703,False,False,False,False,False,False
2024-12-24 16:00:00,PRD-A,1.2727703659866598,0.16951801367774033,0.8523794717071191,1.297434156718313,1.7424888417295068,0.0,0.16734056156420887,0.5467016146302703,False,False,False,False,False,False
2024-12-25 00:00:00,PRD-A,1.366850763566919,0.0940803975802591,0.8523794717071191,1.297434156718313,1.7424888417295068,0.0,0.16734056156420887,0.5467016146302703,False,False,False,False,False,False
2024-12-25 08:00:00,PRD-A,1.1154726801208088,0.2513780834461101,0.8523794717071191,1.297434156718313,1.7424888417295068,0.0,0.16734056156420887,0.5467016146302703,False,False,False,False,False,False
2024-12-25 16:00:00,PRD-A,1.2799460998890615,0.1644734197682527,0.8523794717071191,1.297434156718313,1.7424888417295068,0.0,0.16734056156420887,0.5467016146302703,False,False,False,False,False,False
2025-01-01 00:00:00,PRD-A,1.6219816802408387,0.34203558035177717,0.8523794717071191,1.297434156718313,1.7424888417295068,0.0,0.16734056156420887,0.5467016146302703,False,False,False,False,False,False
2025-01-01 08:00:00,PRD-A,1.6825017292923485,0.06052004905150987,0.8523794717071191,1.297434156718313,1.7424888417295068,0.0,0.16734056156420887,0.5467016146302703,False,True,False,False,True,False
2025-01-01 16:00:00,PRD-A,1.757506633894334,0.07500490460198539,0.8523794717071191,1.297434156718313,1.7424888417295068,0.0,0.16734056156420887,0.5467016146302703,True,True,False,False,True,False
2025-01-02 00:00:00,PRD-A,1.7163616816681668,0.0411449522261671,0.8523794717071191,1.297434156718313,1.7424888417295068,0.0,0.16734056156420887,0.5467016146302703,False,True,True,False,True,False
2025-01-02 08:00:00,PRD-A,1.671096809735998,0.04526487193216888,0.8523794717071191,1.297434156718313,1.7424888417295068,0.0,0.16734056156420887,0.5467016146302703,False,True,True,False,True,False
2025-01-02 16:00:00,PRD-A,1.6934345840997267,0.022337774363728746,0.8523794717071191,1.297434156718313,1.7424888417295068,0.0,0.16734056156420887,0.5467016146302703,False,True,True,False,True,False
2025-01-09 00:00:00,PRD-A,1.5305292561025226,0.16290532799720414,0.8523794717071191,1.297434156718313,1.7424888417295068,0.0,0.16734056156420887,0.5467016146302703,False,True,True,False,True,False
2025-01-09 08:00:00,PRD-A,1.5694387767075126,0.03890952060499009,0.8523794717071191,1.297434156718313,1.7424888417295068,0.0,0.16734056156420887,0.5467016146302703,False,False,True,True,True,False
2025-01-09 16:00:00,PRD-A,1.1811925385812758,0.3882462381262368,0.8523794717071191,1.297434156718313,1.7424888417295068,0.0,0.16734056156420887,0.5467016146302703,False,False,True,False,True,False
2025-01-10 00:00:00,PRD-A,1.1174283122299646,0.06376422635131118,0.8523794717071191,1.297434156718313,1.7424888417295068,0.0,0.16734056156420887,0.5467016146302703,False,False,False,False,False,False
2025-01-10 08:00:00,PRD-A,1.2418492707306725,0.12442095850070789,0.8523794717071191,1.297434156718313,1.7424888417295068,0.0,0.16734056156420887,0.5467016146302703,False,False,False,False,False,False
2025-01-10 16:00:00,PRD-A,1.2767408388379153,0.03489156810724281,0.8523794717071191,1.297434156718313,1.7424888417295068,0.0,0.16734056156420887,0.5467016146302703,False,False,False,False,False,False
2025-01-17 00:00:00,PRD-A,1.2517782980365646,0.02496254080135074,0.8523794717071191,1.297434156718313,1.7424888417295068,0.0,0.16734056156420887,0.5467016146302703,False,False,False,False,False,False
2025-01-17 08:00:00,PRD-A,1.384581419961167,0.13280312192460242,0.8523794717071191,1.297434156718313,1.7424888417295068,0.0,0.16734056156420887,0.5467016146302703,False,False,False,False,False,False
2025-01-17 16:00:00,PRD-A,1.3809889797054478,0.0035924402557192536,0.8523794717071191,1.297434156718313,1.7424888417295068,0.0,0.16734056156420887,0.5467016146302703,False,False,False,False,False,False
2025-01-18 00:00:00,PRD-A,1.1345974903768514,0.24639148932859634,0.8523794717071191,1.297434156718313,1.7424888417295068,0.0,0.16734056156420887,0.5467016146302703,False,False,False,False,False,False
2025-01-18 08:00:00,PRD-A,1.2520267839306503,0.11742929355379883,0.8523794717071191,1.297434156718313,1.7424888417295068,0.0,0.16734056156420887,0.5467016146302703,False,False,False,False,False,False
2025-01-18 16:00:00,PRD-A,1.422332164580455,0.17030538064980472,0.8523794717071191,1.297434156718313,1.7424888417295068,0.0,0.16734056156420887,0.5467016146302703,False,False,False,False,False,False
2025-01-25 00:00:00,PRD-A,1.305891164684147,0.11644099989630807,0.8523794717071191,1.297434156718313,1.7424888417295068,0.0,0.16734056156420887,0.5467016146302703,False,False,False,False,False,False
2025-01-25 08:00:00,PRD-A,1.1711717807406605,0.13471938394348637,0.8523794717071191,1.297434156718313,1.7424888417295068,0.0,0.16734056156420887,0.5467016146302703,False,False,False,False,False,False
2025-01-25 16:00:00,PRD-A,1.330970252012164,0.15979847127150348,0.8523794717071191,1.297434156718313,1.7424888417295068,0.0,0.16734056156420887,0.5467016146302703,False,False,False,False,False,False
2025-01-26 00:00:00,PRD-A,1.2045271977530345,0.1264430542591295,0.8523794717071191,1.297434156718313,1.7424888417295068,0.0,0.16734056156420887,0.5467016146302703,False,False,False,False,False,False
2025-01-26 08:00:00,PRD-A,1.2719251495010162,0.06739795174798169,0.8523794717071191,1.297434156718313,1.7424888417295068,0.0,0.16734056156420887,0.5467016146302703,False,False,False,False,False,False
2025-01-26 16:00:00,PRD-A,1.4346176273892157,0.16269247788819952,0.8523794717071191,1.297434156718313,1.7424888417295068,0.0,0.16734056156420887,0.5467016146302703,False,False,False,False,False,False
2025-02-02 00:00:00,PRD-A,0.9859241214985652,0.4486935058906505,0.8523794717071191,1.297434156718313,1.7424888417295068,0.0,0.16734056156420887,0.5467016146302703,False,False,False,False,False,False
2025-02-02 08:00:00,PRD-A,0.8363413135359461,0.14958280796261914,0.8523794717071191,1.297434156718313,1.7424888417295068,0.0,0.16734056156420887,0.5467016146302703,True,True,False,False,True,False
2025-02-02 16:00:00,PRD-A,1.2002895995964245,0.36394828606047835,0.8523794717071191,1.297434156718313,1.7424888417295068,0.0,0.16734056156420887,0.5467016146302703,False,True,False,False,True,False
2025-02-03 00:00:00,PRD-A,1.0974798710748817,0.1028097285215428,0.8523794717071191,1.297434156718313,1.7424888417295068,0.0,0.16734056156420887,0.5467016146302703,False,False,False,False,False,False
2025-02-03 08:00:00,PRD-A,0.9373938146661989,0.1600860564086828,0.8523794717071191,1.297434156718313,1.7424888417295068,0.0,0.16734056156420887,0.5467016146302703,False,False,True,False,True,False
2025-02-03 16:00:00,PRD-A,1.3261646959584996,0.38877088129230075,0.8523794717071191,1.297434156718313,1.7424888417295068,0.0,0.16734056156420887,0.5467016146302703,False,False,False,False,False,False
2025-02-10 00:00:00,PRD-A,1.4188850183106354,0.09272032235213579,0.8523794717071191,1.297434156718313,1.7424888417295068,0.0,0.16734056156420887,0.5467016146302703,False,False,False,False,False,False
2025-02-10 08:00:00,PRD-A,1.3693829469911365,0.04950207131949891,0.8523794717071191,1.297434156718313,1.7424888417295068,0.0,0.16734056156420887,0.5467016146302703,False,False,False,False,False,False
2025-02-10 16:00:00,PRD-A,1.555594816465774,0.18621186947463753,0.8523794717071191,1.297434156718313,1.7424888417295068,0.0,0.16734056156420887,0.5467016146302703,False,False,False,False,False,False
2025-02-11 00:00:00,PRD-A,1.2018456210015909,0.35374919546418315,0.8523794717071191,1.297434156718313,1.7424888417295068,0.0,0.16734056156420887,0.5467016146302703,False,False,False,False,False,False
2025-02-11 08:00:00,PRD-A,1.0553012149370895,0.14654440606450136,0.8523794717071191,1.297434156718313,1.7424888417295068,0.0,0.16734056156420887,0.5467016146302703,False,False,False,False,False,False
2025-02-11 16:00:00,PRD-A,1.1446193888114493,0.08931817387435981,0.8523794717071191,1.297434156718313,1.7424888417295068,0.0,0.16734056156420887,0.5467016146302703,False,False,False,False,False,False
2025-02-18 00:00:00,PRD-A,1.1326796428926005,0.011939745918848832,0.8523794717071191,1.297434156718313,1.7424888417295068,0.0,0.16734056156420887,0.5467016146302703,False,False,False,False,False,False
2025-02-18 08:00:00,PRD-A,1.095139514871096,0.037540128021504415,0.8523794717071191,1.297434156718313,1.7424888417295068,0.0,0.16734056156420887,0.5467016146302703,False,False,True,False,True,False
2025-02-18 16:00:00,PRD-A,1.3082951772963054,0.21315566242520934,0.8523794717071191,1.297434156718313,1.7424888417295068,0.0,0.16734056156420887,0.5467016146302703,False,False,True,False,True,False
2025-02-19 00:00:00,PRD-A,1.2253608916739718,0.08293428562233363,0.8523794717071191,1.297434156718313,1.7424888417295068,0.0,0.16734056156420887,0.5467016146302703,False,False,False,False,False,False
2025-02-19 08:00:00,PRD-A,1.2661257105957546,0.04076481892178285,0.8523794717071191,1.297434156718313,1.7424888417295068,0.0,0.16734056156420887,0.5467016146302703,False,False,False,False,False,False
2025-02-19 16:00:00,PRD-A,1.3640068742371299,0.09788116364137522,0.8523794717071191,1.297434156718313,1.7424888417295068,0.0,0.16734056156420887,0.5467016146302703,False,False,False,False,False,False
2025-02-26 00:00:00,PRD-A,1.3579463701494043,0.006060504087725516,0.8523794717071191,1.297434156718313,1.7424888417295068,0.0,0.16734056156420887,0.5467016146302703,False,False,False,False,False,False
2025-02-26 08:00:00,PRD-A,1.2869736187429448,0.07097275140645953,0.8523794717071191,1.297434156718313,1.7424888417295068,0.0,0.16734056156420887,0.5467016146302703,False,False,False,False,False,False
2025-02-26 16:00:00,PRD-A,1.5453901017102118,0.25841648296726705,0.8523794717071191,1.297434156718313,1.7424888417295068,0.0,0.16734056156420887,0.5467016146302703,False,False,False,False,False,False
2025-02-27 00:00:00,PRD-A,1.2863047174753237,0.25908538423488814,0.8523794717071191,1.297434156718313,1.7424888417295068,0.0,0.16734056156420887,0.5467016146302703,False,False,False,False,False,False
2025-02-27 08:00:00,PRD-A,1.523575358030945,0.2372706405556213,0.8523794717071191,1.297434156718313,1.7424888417295068,0.0,0.16734056156420887,0.5467016146302703,False,False,False,False,False,False
2025-02-27 16:00:00,PRD-A,1.4149817187939886,0.10859363923695642,0.8523794717071191,1.297434156718313,1.7424888417295068,0.0,0.16734056156420887,0.5467016146302703,False,False,False,False,False,False
2025-03-06 00:00:00,PRD-A,1.0850785857645124,0.32990313302947616,0.8523794717071191,1.297434156718313,1.7424888417295068,0.0,0.16734056156420887,0.5467016146302703,False,False,False,False,False,False
2025-03-06 08:00:00,PRD-A,1.2067051914903373,0.12162660572582484,0.8523794717071191,1.297434156718313,1.7424888417295068,0.0,0.16734056156420887,0.5467016146302703,False,False,False,False,False,False
2025-03-06 16:00:00,PRD-A,1.152163105847474,0.054542085642863336,0.8523794717071191,1.297434156718313,1.7424888417295068,0.0,0.16734056156420887,0.5467016146302703,False,False,False,False,False,False
2025-03-07 00:00:00,PRD-A,1.2102553400118268,0.05809223416435283,0.8523794717071191,1.297434156718313,1.7424888417295068,0.0,0.16734056156420887,0.5467016146302703,False,False,False,False,False,False
2025-03-07 08:00:00,PRD-A,0.9953041123341748,0.21495122767765196,0.8523794717071191,1.297434156718313,1.7424888417295068,0.0,0.16734056156420887,0.5467016146302703,False,False,False,False,False,False
2025-03-07 16:00:00,PRD-A,1.3555720254008077,0.36026791306663286,0.8523794717071191,1.297434156718313,1.7424888417295068,0.0,0.16734056156420887,0.5467016146302703,False,False,False,False,False,False
2025-03-14 00:00:00,PRD-A,1.3045100981566844,0.051061927244123284,0.8523794717071191,1.297434156718313,1.7424888417295068,0.0,0.16734056156420887,0.5467016146302703,False,False,False,False,False,False
2025-03-14 08:00:00,PRD-A,1.0292175776183496,0.27529252053833475,0.8523794717071191,1.297434156718313,1.7424888417295068,0.0,0.16734056156420887,0.5467016146302703,False,False,False,False,False,False
2025-03-14 16:00:00,PRD-A,1.3459207116616794,0.3167031340433297,0.8523794717071191,1.297434156718313,1.7424888417295068,0.0,0.16734056156420887,0.5467016146302703,False,False,False,False,False,False
2025-03-15 00:00:00,PRD-A,1.1921835055443908,0.15373720611728858,0.8523794717071191,1.297434156718313,1.7424888417295068,0.0,0.16734056156420887,0.5467016146302703,False,False,False,False,False,False
2025-03-15 08:00:00,PRD-A,1.4062713600414196,0.21408785449702883,0.8523794717071191,1.297434156718313,1.7424888417295068,0.0,0.16734056156420887,0.5467016146302703,False,False,False,False,False,False
2025-03-15 16:00:00,PRD-A,1.5514354531808778,0.14516409313945822,0.8523794717071191,1.297434156718313,1.7424888417295068,0.0,0.16734056156420887,0.5467016146302703,False,False,False,False,False,False
2025-03-22 00:00:00,PRD-A,1.1798997546400345,0.37153569854084334,0.8523794717071191,1.297434156718313,1.7424888417295068,0.0,0.16734056156420887,0.5467016146302703,False,False,False,False,False,False
2025-03-22 08:00:00,PRD-A,1.2795297900651146,0.09963003542508009,0.8523794717071191,1.297434156718313,1.7424888417295068,0.0,0.16734056156420887,0.5467016146302703,False,False,False,False,False,False
2025-03-22 16:00:00,PRD-A,1.4087297447484928,0.1291999546833782,0.8523794717071191,1.297434156718313,1.7424888417295068,0.0,0.16734056156420887,0.5467016146302703,False,False,False,False,False,False
2025-03-23 00:00:00,PRD-A,1.2775810582223375,0.1311486865261553,0.8523794717071191,1.297434156718313,1.7424888417295068,0.0,0.16734056156420887,0.5467016146302703,False,False,False,False,False,False
2025-03-23 08:00:00,PRD-A,1.4704469742263766,0.19286591600403913,0.8523794717071191,1.297434156718313,1.7424888417295068,0.0,0.16734056156420887,0.5467016146302703,False,False,False,False,False,False
2025-03-23 16:00:00,PRD-A,1.4267803882070775,0.04366658601929907,0.8523794717071191,1.297434156718313,1.7424888417295068,0.0,0.16734056156420887,0.5467016146302703,False,False,False,False,False,False
2025-03-30 00:00:00,PRD-A,1.3370029394013834,0.08977744880569416,0.8523794717071191,1.297434156718313,1.7424888417295068,0.0,0.16734056156420887,0.5467016146302703,False,False,False,False,False,False
2025-03-30 08:00:00,PRD-A,1.1024422668439873,0.2345606725573961,0.8523794717071191,1.297434156718313,1.7424888417295068,0.0,0.16734056156420887,0.5467016146302703,False,False,False,False,False,False
2025-03-30 16:00:00,PRD-A,1.5749032882147889,0.4724610213708016,0.8523794717071191,1.297434156718313,1.7424888417295068,0.0,0.16734056156420887,0.5467016146302703,False,False,False,False,False,False
2025-03-31 00:00:00,PRD-A,1.486258910499543,0.08864437771524591,0.8523794717071191,1.297434156718313,1.7424888417295068,0.0,0.16734056156420887,0.5467016146302703,False,False,False,False,False,False
2025-03-31 08:00:00,PRD-A,1.5314512183217568,0.04519230782221384,0.8523794717071191,1.297434156718313,1.7424888417295068,0.0,0.16734056156420887,0.5467016146302703,False,False,False,False,False,False
2025-03-31 16:00:00,PRD-A,1.76070152976015,0.22925031143839325,0.8523794717071191,1.297434156718313,1.7424888417295068,0.0,0.16734056156420887,0.5467016146302703,True,False,True,False,True,False
2025-04-07 00:00:00,PRD-A,1.3748351249771242,0.3858664047830258,0.8523794717071191,1.297434156718313,1.7424888417295068,0.0,0.16734056156420887,0.5467016146302703,False,False,True,False,True,False
2025-04-07 08:00:00,PRD-A,1.244645848040808,0.1301892769363162,0.8523794717071191,1.297434156718313,1.7424888417295068,0.0,0.16734056156420887,0.5467016146302703,False,False,False,False,False,False
2025-04-07 16:00:00,PRD-A,1.1676542739961657,0.0769915740446423,0.8523794717071191,1.297434156718313,1.7424888417295068,0.0,0.16734056156420887,0.5467016146302703,False,False,False,False,False,False
2025-04-08 00:00:00,PRD-A,1.0897265696496334,0.07792770434653229,0.8523794717071191,1.297434156718313,1.7424888417295068,0.0,0.16734056156420887,0.5467016146302703,False,False,False,False,False,False
2025-04-08 08:00:00,PRD-A,1.1166497681483945,0.026923198498761014,0.8523794717071191,1.297434156718313,1.7424888417295068,0.0,0.16734056156420887,0.5467016146302703,False,False,False,False,False,False
2025-04-08 16:00:00,PRD-A,1.0504929160739356,0.06615685207445887,0.8523794717071191,1.297434156718313,1.7424888417295068,0.0,0.16734056156420887,0.5467016146302703,False,False,False,False,False,False
2025-04-15 00:00:00,PRD-A,1.2736461049796957,0.22315318890576008,0.8523794717071191,1.297434156718313,1.7424888417295068,0.0,0.16734056156420887,0.5467016146302703,False,False,False,False,False,False
2025-04-15 08:00:00,PRD-A,1.2447929715869053,0.028853133392790387,0.8523794717071191,1.297434156718313,1.7424888417295068,0.0,0.16734056156420887,0.5467016146302703,False,False,False,False,False,False
2025-04-15 16:00:00,PRD-A,1.2342419585871818,0.010551012999723497,0.8523794717071191,1.297434156718313,1.7424888417295068,0.0,0.16734056156420887,0.5467016146302703,False,False,False,True,True,False
2025-04-16 00:00:00,PRD-A,1.2766879921007726,0.042446033513590775,0.8523794717071191,1.297434156718313,1.7424888417295068,0.0,0.16734056156420887,0.5467016146302703,False,False,False,True,True,False
2025-04-16 08:00:00,PRD-A,1.1070532388226115,0.16963475327816102,0.8523794717071191,1.297434156718313,1.7424888417295068,0.0,0.16734056156420887,0.5467016146302703,False,False,False,True,True,False
2025-04-16 16:00:00,PRD-A,1.3564112586494927,0.24935801982688122,0.8523794717071191,1.297434156718313,1.7424888417295068,0.0,0.16734056156420887,0.5467016146302703,False,False,False,False,False,False
2025-04-23 00:00:00,PRD-A,1.08906950487037,0.2673417537791227,0.8523794717071191,1.297434156718313,1.7424888417295068,0.0,0.16734056156420887,0.5467016146302703,False,False,False,False,False,False
2025-04-23 08:00:00,PRD-A,1.077956641702944,0.01111286316742599,0.8523794717071191,1.297434156718313,1.7424888417295068,0.0,0.16734056156420887,0.5467016146302703,False,False,False,False,False,False
2025-04-23 16:00:00,PRD-A,1.535677809178865,0.45772116747592095,0.8523794717071191,1.297434156718313,1.7424888417295068,0.0,0.16734056156420887,0.5467016146302703,False,False,False,False,False,False
2025-04-24 00:00:00,PRD-A,1.1685217544080506,0.36715605477081437,0.8523794717071191,1.297434156718313,1.7424888417295068,0.0,0.16734056156420887,0.5467016146302703,False,False,False,False,False,False
2025-04-24 08:00:00,PRD-A,1.1794309886254104,0.010909234217359787,0.8523794717071191,1.297434156718313,1.7424888417295068,0.0,0.16734056156420887,0.5467016146302703,False,False,False,False,False,False
2025-04-24 16:00:00,PRD-A,1.4563453240107507,0.27691433538534027,0.8523794717071191,1.297434156718313,1.7424888417295068,0.0,0.16734056156420887,0.5467016146302703,False,False,False,False,False,False
2025-05-01 00:00:00,PRD-A,1.1934505011143786,0.2628948228963721,0.8523794717071191,1.297434156718313,1.7424888417295068,0.0,0.16734056156420887,0.5467016146302703,False,False,False,False,False,False
2025-05-01 08:00:00,PRD-A,1.010533507390882,0.18291699372349646,0.8523794717071191,1.297434156718313,1.7424888417295068,0.0,0.16734056156420887,0.5467016146302703,False,False,False,False,False,False
2025-05-01 16:00:00,PRD-A,1.281188502224753,0.2706549948338708,0.8523794717071191,1.297434156718313,1.7424888417295068,0.0,0.16734056156420887,0.5467016146302703,False,False,False,False,False,False
2025-05-02 00:00:00,PRD-A,1.1744761289513947,0.10671237327335814,0.8523794717071191,1.297434156718313,1.7424888417295068,0.0,0.16734056156420887,0.5467016146302703,False,False,False,False,False,False
2025-05-02 08:00:00,PRD-A,1.2102503950698524,0.03577426611845769,0.8523794717071191,1.297434156718313,1.7424888417295068,0.0,0.16734056156420887,0.5467016146302703,False,False,False,False,False,False
2025-05-02 16:00:00,PRD-A,1.2478710814988185,0.0376206864289661,0.8523794717071191,1.297434156718313,1.7424888417295068,0.0,0.16734056156420887,0.5467016146302703,False,False,False,False,False,False
2025-05-09 00:00:00,PRD-A,1.381138977677656,0.1332678961788374,0.8523794717071191,1.297434156718313,1.7424888417295068,0.0,0.16734056156420887,0.5467016146302703,False,False,False,False,False,False
2025-05-09 08:00:00,PRD-A,1.4473605747933405,0.06622159711568454,0.8523794717071191,1.297434156718313,1.7424888417295068,0.0,0.16734056156420887,0.5467016146302703,False,False,False,False,False,False
2025-05-09 16:00:00,PRD-A,1.4413683118844216,0.005992262908918855,0.8523794717071191,1.297434156718313,1.7424888417295068,0.0,0.16734056156420887,0.5467016146302703,False,False,False,False,False,False
2025-05-10 00:00:00,PRD-A,1.411122257818697,0.03024605406572456,0.8523794717071191,1.297434156718313,1.7424888417295068,0.0,0.16734056156420887,0.5467016146302703,False,False,False,False,False,False
2025-05-10 08:00:00,PRD-A,1.050332953253505,0.360789304565192,0.8523794717071191,1.297434156718313,1.7424888417295068,0.0,0.16734056156420887,0.5467016146302703,False,False,False,False,False,False
2025-05-10 16:00:00,PRD-A,1.0805695041911678,0.030236550937662754,0.8523794717071191,1.297434156718313,1.7424888417295068,0.0,0.16734056156420887,0.5467016146302703,False,False,False,False,False,False
2025-05-17 00:00:00,PRD-A,1.3474798612150365,0.26691035702386867,0.8523794717071191,1.297434156718313,1.7424888417295068,0.0,0.16734056156420887,0.5467016146302703,False,False,False,False,False,False
2025-05-17 08:00:00,PRD-A,1.4000479068852651,0.05256804567022866,0.8523794717071191,1.297434156718313,1.7424888417295068,0.0,0.16734056156420887,0.5467016146302703,False,False,False,False,False,False
2025-05-17 16:00:00,PRD-A,1.5843761741168967,0.18432826723163154,0.8523794717071191,1.297434156718313,1.7424888417295068,0.0,0.16734056156420887,0.5467016146302703,False,False,False,False,False,False
2025-05-18 00:00:00,PRD-A,1.5416240400878194,0.04275213402907729,0.8523794717071191,1.297434156718313,1.7424888417295068,0.0,0.16734056156420887,0.5467016146302703,False,False,False,False,False,False
2025-05-18 08:00:00,PRD-A,1.5408512822790297,0.0007727578087897147,0.8523794717071191,1.297434156718313,1.7424888417295068,0.0,0.16734056156420887,0.5467016146302703,False,False,False,False,False,False
2025-05-18 16:00:00,PRD-A,1.7368573501085762,0.19600606782954655,0.8523794717071191,1.297434156718313,1.7424888417295068,0.0,0.16734056156420887,0.5467016146302703,False,False,True,False,True,False
2025-05-25 00:00:00,PRD-A,1.2371088566305366,0.4997484934780396,0.8523794717071191,1.297434156718313,1.7424888417295068,0.0,0.16734056156420887,0.5467016146302703,False,False,True,False,True,False
2025-05-25 08:00:00,PRD-A,1.4527575164242539,0.21564865979371728,0.8523794717071191,1.297434156718313,1.7424888417295068,0.0,0.16734056156420887,0.5467016146302703,False,False,True,False,True,False
2025-05-25 16:00:00,PRD-A,1.6649915256520578,0.2122340092278039,0.8523794717071191,1.297434156718313,1.7424888417295068,0.0,0.16734056156420887,0.5467016146302703,False,False,True,False,True,False
2025-05-26 00:00:00,PRD-A,1.4591136549845056,0.20587787066755214,0.8523794717071191,1.297434156718313,1.7424888417295068,0.0,0.16734056156420887,0.5467016146302703,False,False,True,False,True,False
2025-05-26 08:00:00,PRD-A,1.6368890141474906,0.17777535916298493,0.8523794717071191,1.297434156718313,1.7424888417295068,0.0,0.16734056156420887,0.5467016146302703,False,True,True,False,True,False
2025-05-26 16:00:00,PRD-A,1.594884946065282,0.04200406808220847,0.8523794717071191,1.297434156718313,1.7424888417295068,0.0,0.16734056156420887,0.5467016146302703,False,True,True,False,True,False
2025-06-02 00:00:00,PRD-A,1.408282626460476,0.1866023196048061,0.8523794717071191,1.297434156718313,1.7424888417295068,0.0,0.16734056156420887,0.5467016146302703,False,True,True,False,True,False
2025-06-02 08:00:00,PRD-A,1.4283604794239935,0.020077852963517495,0.8523794717071191,1.297434156718313,1.7424888417295068,0.0,0.16734056156420887,0.5467016146302703,False,False,False,False,False,False
2025-06-02 16:00:00,PRD-A,1.4597556718507185,0.03139519242672506,0.8523794717071191,1.297434156718313,1.7424888417295068,0.0,0.16734056156420887,0.5467016146302703,False,False,False,True,True,False
2025-06-03 00:00:00,PRD-A,1.5366036904573035,0.07684801860658497,0.8523794717071191,1.297434156718313,1.7424888417295068,0.0,0.16734056156420887,0.5467016146302703,False,False,False,True,True,False
2025-06-03 08:00:00,PRD-A,1.50296314659166,0.033640543865643524,0.8523794717071191,1.297434156718313,1.7424888417295068,0.0,0.16734056156420887,0.5467016146302703,False,False,False,True,True,False
2025-06-03 16:00:00,PRD-A,1.8000577874781827,0.2970946408865227,0.8523794717071191,1.297434156718313,1.7424888417295068,0.0,0.16734056156420887,0.5467016146302703,True,False,True,True,True,False
2025-06-10 00:00:00,PRD-A,1.3309331899531383,0.46912459752504443,0.8523794717071191,1.297434156718313,1.7424888417295068,0.0,0.16734056156420887,0.5467016146302703,False,False,True,True,True,False
2025-06-10 08:00:00,PRD-A,1.0709423186635283,0.25999087128960996,0.8523794717071191,1.297434156718313,1.7424888417295068,0.0,0.16734056156420887,0.5467016146302703,False,False,False,False,False,False
2025-06-10 16:00:00,PRD-A,1.3915276063527893,0.320585287689261,0.8523794717071191,1.297434156718313,1.7424888417295068,0.0,0.16734056156420887,0.5467016146302703,False,False,False,False,False,False
2025-06-11 00:00:00,PRD-A,1.2101718087779019,0.1813557975748874,0.8523794717071191,1.297434156718313,1.7424888417295068,0.0,0.16734056156420887,0.5467016146302703,False,False,False,False,False,False
2025-06-11 08:00:00,PRD-A,1.3945021024810094,0.1843302937031075,0.8523794717071191,1.297434156718313,1.7424888417295068,0.0,0.16734056156420887,0.5467016146302703,False,False,False,False,False,False
2025-06-11 16:00:00,PRD-A,1.1970171952324289,0.19748490724858048,0.8523794717071191,1.297434156718313,1.7424888417295068,0.0,0.16734056156420887,0.5467016146302703,False,False,False,False,False,False
2025-06-18 00:00:00,PRD-A,1.4550749728926147,0.2580577776601858,0.8523794717071191,1.297434156718313,1.7424888417295068,0.0,0.16734056156420887,0.5467016146302703,False,False,False,False,False,False
2025-06-18 08:00:00,PRD-A,1.222513544583455,0.2325614283091597,0.8523794717071191,1.297434156718313,1.7424888417295068,0.0,0.16734056156420887,0.5467016146302703,False,False,False,False,False,False
2025-06-18 16:00:00,PRD-A,1.3988661837472605,0.1763526391638055,0.8523794717071191,1.297434156718313,1.7424888417295068,0.0,0.16734056156420887,0.5467016146302703,False,False,False,False,False,False
2025-06-19 00:00:00,PRD-A,1.5631436546651938,0.16427747091793332,0.8523794717071191,1.297434156718313,1.7424888417295068,0.0,0.16734056156420887,0.5467016146302703,False,False,False,False,False,False
2025-06-19 08:00:00,PRD-A,1.3361093027269386,0.22703435193825516,0.8523794717071191,1.297434156718313,1.7424888417295068,0.0,0.16734056156420887,0.5467016146302703,False,False,False,False,False,False
2025-06-19 16:00:00,PRD-A,1.4676361042537305,0.13152680152679186,0.8523794717071191,1.297434156718313,1.7424888417295068,0.0,0.16734056156420887,0.5467016146302703,False,False,False,False,False,False
2025-06-26 00:00:00,PRD-A,1.2082341000788424,0.2594020041748881,0.8523794717071191,1.297434156718313,1.7424888417295068,0.0,0.16734056156420887,0.5467016146302703,False,False,False,False,False,False
2025-06-26 08:00:00,PRD-A,1.250722058748047,0.04248795866920463,0.8523794717071191,1.297434156718313,1.7424888417295068,0.0,0.16734056156420887,0.5467016146302703,False,False,False,False,False,False
2025-06-26 16:00:00,PRD-A,1.352104870768853,0.10138281202080601,0.8523794717071191,1.297434156718313,1.7424888417295068,0.0,0.16734056156420887,0.5467016146302703,False,False,False,False,False,False
2025-06-27 00:00:00,PRD-A,1.2769753194002351,0.07512955136861788,0.8523794717071191,1.297434156718313,1.7424888417295068,0.0,0.16734056156420887,0.5467016146302703,False,False,False,False,False,False
2025-06-27 08:00:00,PRD-A,1.477071790195975,0.20009647079573978,0.8523794717071191,1.297434156718313,1.7424888417295068,0.0,0.16734056156420887,0.5467016146302703,False,False,False,False,False,False
2025-06-27 16:00:00,PRD-A,1.5531388774739014,0.07606708727792655,0.8523794717071191,1.297434156718313,1.7424888417295068,0.0,0.16734056156420887,0.5467016146302703,False,False,False,False,False,False
2024-01-05 00:00:00,PRD-A,0.9743131549709999,0.5788257225029015,0.8523794717071191,1.297434156718313,1.7424888417295068,0.0,0.16734056156420887,0.5467016146302703,False,False,False,False,False,True
2024-01-05 08:00:00,PRD-A,0.9395853874726603,0.03472776749833961,0.8523794717071191,1.297434156718313,1.7424888417295068,0.0,0.16734056156420887,0.5467016146302703,False,True,False,False,True,False
2024-01-05 16:00:00,PRD-A,1.0804079753432048,0.14082258787054447,0.8523794717071191,1.297434156718313,1.7424888417295068,0.0,0.16734056156420887,0.5467016146302703,False,True,False,False,True,False
2024-01-06 00:00:00,PRD-A,1.114108056661818,0.03370008131861324,0.8523794717071191,1.297434156718313,1.7424888417295068,0.0,0.16734056156420887,0.5467016146302703,False,False,True,False,True,False
2024-01-06 08:00:00,PRD-A,1.2460478088237275,0.13193975216190945,0.8523794717071191,1.297434156718313,1.7424888417295068,0.0,0.16734056156420887,0.5467016146302703,False,False,True,False,True,False
2024-01-06 16:00:00,PRD-A,1.1222879011432485,0.12375990768047895,0.8523794717071191,1.297434156718313,1.7424888417295068,0.0,0.16734056156420887,0.5467016146302703,False,False,True,False,True,False
2024-01-13 00:00:00,PRD-A,1.1115411462722717,0.01074675487097676,0.8523794717071191,1.297434156718313,1.7424888417295068,0.0,0.16734056156420887,0.5467016146302703,False,False,True,False,True,False
2024-01-13 08:00:00,PRD-A,1.2911972006584629,0.17965605438619114,0.8523794717071191,1.297434156718313,1.7424888417295068,0.0,0.16734056156420887,0.5467016146302703,False,False,False,True,True,False
2024-01-13 16:00:00,PRD-A,1.4026195334404405,0.11142233278197766,0.8523794717071191,1.297434156718313,1.7424888417295068,0.0,0.16734056156420887,0.5467016146302703,False,False,False,False,False,False
2024-01-14 00:00:00,PRD-A,1.4327472888546717,0.030127755414231183,0.8523794717071191,1.297434156718313,1.7424888417295068,0.0,0.16734056156420887,0.5467016146302703,False,False,False,False,False,False
2024-01-14 08:00:00,PRD-A,1.5103290038167971,0.0775817149621254,0.8523794717071191,1.297434156718313,1.7424888417295068,0.0,0.16734056156420887,0.5467016146302703,False,False,False,False,False,False
2024-01-14 16:00:00,PRD-A,1.6951533008789337,0.18482429706213654,0.8523794717071191,1.297434156718313,1.7424888417295068,0.0,0.16734056156420887,0.5467016146302703,False,False,False,False,False,False
2024-01-21 00:00:00,PRD-A,1.1721470079181053,0.5230062929608283,0.8523794717071191,1.297434156718313,1.7424888417295068,0.0,0.16734056156420887,0.5467016146302703,False,False,False,False,False,False
2024-01-21 08:00:00,PRD-A,1.4468990074816686,0.2747519995635632,0.8523794717071191,1.297434156718313,1.7424888417295068,0.0,0.16734056156420887,0.5467016146302703,False,False,False,False,False,False
2024-01-21 16:00:00,PRD-A,1.5334505933293365,0.08655158584766798,0.8523794717071191,1.297434156718313,1.7424888417295068,0.0,0.16734056156420887,0.5467016146302703,False,False,True,False,True,False
2024-01-22 00:00:00,PRD-A,1.4165050237693293,0.11694556956000723,0.8523794717071191,1.297434156718313,1.7424888417295068,0.0,0.16734056156420887,0.5467016146302703,False,False,False,False,False,False
2024-01-22 08:00:00,PRD-A,1.0237458365112042,0.3927591872581251,0.8523794717071191,1.297434156718313,1.7424888417295068,0.0,0.16734056156420887,0.5467016146302703,False,False,False,False,False,False
2024-01-22 16:00:00,PRD-A,1.2314761420687441,0.2077303055575399,0.8523794717071191,1.297434156718313,1.7424888417295068,0.0,0.16734056156420887,0.5467016146302703,False,False,False,False,False,False
2024-01-29 00:00:00,PRD-A,1.1257235974492965,0.10575254461944761,0.8523794717071191,1.297434156718313,1.7424888417295068,0.0,0.16734056156420887,0.5467016146302703,False,False,False,False,False,False
2024-01-29 08:00:00,PRD-A,1.103392363827215,0.02233123362208156,0.8523794717071191,1.297434156718313,1.7424888417295068,0.0,0.16734056156420887,0.5467016146302703,False,False,False,False,False,False
2024-01-29 16:00:00,PRD-A,1.1893278240587943,0.08593546023157939,0.8523794717071191,1.297434156718313,1.7424888417295068,0.0,0.16734056156420887,0.5467016146302703,False,False,False,False,False,False
2024-01-30 00:00:00,PRD-A,1.4119598977927126,0.22263207373391825,0.8523794717071191,1.297434156718313,1.7424888417295068,0.0,0.16734056156420887,0.5467016146302703,False,False,False,False,False,False
2024-01-30 08:00:00,PRD-A,1.0719929101744363,0.33996698761827626,0.8523794717071191,1.297434156718313,1.7424888417295068,0.0,0.16734056156420887,0.5467016146302703,False,False,False,False,False,False
2024-01-30 16:00:00,PRD-A,1.2313217733035977,0.1593288631291614,0.8523794717071191,1.297434156718313,1.7424888417295068,0.0,0.16734056156420887,0.5467016146302703,False,False,False,False,False,False
2024-02-06 00:00:00,PRD-A,1.3342781672472752,0.1029563939436775,0.8523794717071191,1.297434156718313,1.7424888417295068,0.0,0.16734056156420887,0.5467016146302703,False,False,False,False,False,False
2024-02-06 08:00:00,PRD-A,1.5146743234273976,0.1803961561801224,0.8523794717071191,1.297434156718313,1.7424888417295068,0.0,0.16734056156420887,0.5467016146302703,False,False,False,False,False,False
2024-02-06 16:00:00,PRD-A,1.363826178120169,0.15084814530722856,0.8523794717071191,1.297434156718313,1.7424888417295068,0.0,0.16734056156420887,0.5467016146302703,False,False,False,False,False,False
2024-02-07 00:00:00,PRD-A,1.5408259852305397,0.17699980711037067,0.8523794717071191,1.297434156718313,1.7424888417295068,0.0,0.16734056156420887,0.5467016146302703,False,False,False,False,False,False
2024-02-07 08:00:00,PRD-A,1.383782970992515,0.1570430142380248,0.8523794717071191,1.297434156718313,1.7424888417295068,0.0,0.16734056156420887,0.5467016146302703,False,False,False,False,False,False
2024-02-07 16:00:00,PRD-A,1.5098805740017907,0.12609760300927575,0.8523794717071191,1.297434156718313,1.7424888417295068,0.0,0.16734056156420887,0.5467016146302703,False,False,False,False,False,False
2024-02-14 00:00:00,PRD-A,1.163280083670874,0.34660049033091656,0.8523794717071191,1.297434156718313,1.7424888417295068,0.0,0.16734056156420887,0.5467016146302703,False,False,False,False,False,False
2024-02-14 08:00:00,PRD-A,1.0898211001042288,0.07345898356664526,0.8523794717071191,1.297434156718313,1.7424888417295068,0.0,0.16734056156420887,0.5467016146302703,False,False,False,False,False,False
2024-02-14 16:00:00,PRD-A,1.4020246506708198,0.312203550566591,0.8523794717071191,1.297434156718313,1.7424888417295068,0.0,0.16734056156420887,0.5467016146302703,False,False,False,False,False,False
2024-02-15 00:00:00,PRD-A,1.2089978247177042,0.1930268259531156,0.8523794717071191,1.297434156718313,1.7424888417295068,0.0,0.16734056156420887,0.5467016146302703,False,False,False,False,False,False
2024-02-15 08:00:00,PRD-A,1.2306988468738131,0.021701022156108918,0.8523794717071191,1.297434156718313,1.7424888417295068,0.0,0.16734056156420887,0.5467016146302703,False,False,False,False,False,False
2024-02-15 16:00:00,PRD-A,1.6470662884936758,0.4163674416198626,0.8523794717071191,1.297434156718313,1.7424888417295068,0.0,0.16734056156420887,0.5467016146302703,False,False,False,False,False,False
2024-02-22 00:00:00,PRD-A,1.361380194034148,0.28568609445952786,0.8523794717071191,1.297434156718313,1.7424888417295068,0.0,0.16734056156420887,0.5467016146302703,False,False,False,False,False,False
2024-02-22 08:00:00,PRD-A,1.0959413544003467,0.2654388396338012,0.8523794717071191,1.297434156718313,1.7424888417295068,0.0,0.16734056156420887,0.5467016146302703,False,False,False,False,False,False
2024-02-22 16:00:00,PRD-A,1.3615666569703657,0.26562530257001904,0.8523794717071191,1.297434156718313,1.7424888417295068,0.0,0.16734056156420887,0.5467016146302703,False,False,False,False,False,False
2024-02-23 00:00:00,PRD-A,1.5632105818356834,0.20164392486531768,0.8523794717071191,1.297434156718313,1.7424888417295068,0.0,0.16734056156420887,0.5467016146302703,False,False,False,False,False,False
2024-02-23 08:00:00,PRD-A,1.3638277396743612,0.19938284216132218,0.8523794717071191,1.297434156718313,1.7424888417295068,0.0,0.16734056156420887,0.5467016146302703,False,False,False,False,False,False
2024-02-23 16:00:00,PRD-A,1.642776262621693,0.27894852294733186,0.8523794717071191,1.297434156718313,1.7424888417295068,0.0,0.16734056156420887,0.5467016146302703,False,False,False,False,False,False
2024-03-01 00:00:00,PRD-A,1.2537981194598693,0.3889781431618238,0.8523794717071191,1.297434156718313,1.7424888417295068,0.0,0.16734056156420887,0.5467016146302703,False,False,False,False,False,False
2024-03-01 08:00:00,PRD-A,1.1139361792682112,0.1398619401916581,0.8523794717071191,1.297434156718313,1.7424888417295068,0.0,0.16734056156420887,0.5467016146302703,False,False,False,False,False,False
2024-03-01 16:00:00,PRD-A,1.1896022388011178,0.07566605953290662,0.8523794717071191,1.297434156718313,1.7424888417295068,0.0,0.16734056156420887,0.5467016146302703,False,False,False,False,False,False
2024-03-02 00:00:00,PRD-A,1.095709547093861,0.09389269170725689,0.8523794717071191,1.297434156718313,1.7424888417295068,0.0,0.16734056156420887,0.5467016146302703,False,False,False,False,False,False
2024-03-02 08:00:00,PRD-A,1.281832087251228,0.18612254015736718,0.8523794717071191,1.297434156718313,1.7424888417295068,0.0,0.16734056156420887,0.5467016146302703,False,False,False,False,False,False
2024-03-02 16:00:00,PRD-A,1.5147623451868586,0.2329302579356305,0.8523794717071191,1.297434156718313,1.7424888417295068,0.0,0.16734056156420887,0.5467016146302703,False,False,False,False,False,False
2024-03-09 00:00:00,PRD-A,1.2382234962962246,0.27653884889063396,0.8523794717071191,1.297434156718313,1.7424888417295068,0.0,0.16734056156420887,0.5467016146302703,False,False,False,False,False,False
2024-03-09 08:00:00,PRD-A,1.1897326055563548,0.048490890739869785,0.8523794717071191,1.297434156718313,1.7424888417295068,0.0,0.16734056156420887,0.5467016146302703,False,False,False,False,False,False
2024-03-09 16:00:00,PRD-A,1.2888127789146924,0.09908017335833752,0.8523794717071191,1.297434156718313,1.7424888417295068,0.0,0.16734056156420887,0.5467016146302703,False,False,False,False,False,False
2024-03-10 00:00:00,PRD-A,1.330854723786279,0.04204194487158652,0.8523794717071191,1.297434156718313,1.7424888417295068,0.0,0.16734056156420887,0.5467016146302703,False,False,False,False,False,False
2024-03-10 08:00:00,PRD-A,1.2382783732738019,0.09257635051247703,0.8523794717071191,1.297434156718313,1.7424888417295068,0.0,0.16734056156420887,0.5467016146302703,False,False,False,False,False,False
2024-03-10 16:00:00,PRD-A,1.3311823259978017,0.09290395272399987,0.8523794717071191,1.297434156718313,1.7424888417295068,0.0,0.16734056156420887,0.5467016146302703,False,False,False,False,False,False
2024-03-17 00:00:00,PRD-A,1.353544315371072,0.022361989373270275,0.8523794717071191,1.297434156718313,1.7424888417295068,0.0,0.16734056156420887,0.5467016146302703,False,False,False,False,False,False
2024-03-17 08:00:00,PRD-A,1.4911020183238433,0.13755770295277125,0.8523794717071191,1.297434156718313,1.7424888417295068,0.0,0.16734056156420887,0.5467016146302703,False,False,False,False,False,False
2024-03-17 16:00:00,PRD-A,1.532854479188366,0.04175246086452278,0.8523794717071191,1.297434156718313,1.7424888417295068,0.0,0.16734056156420887,0.5467016146302703,False,False,False,False,False,False
2024-03-18 00:00:00,PRD-A,1.3542289923820403,0.17862548680632573,0.8523794717071191,1.297434156718313,1.7424888417295068,0.0,0.16734056156420887,0.5467016146302703,False,False,False,False,False,False
2024-03-18 08:00:00,PRD-A,1.345873671730332,0.008355320651708409,0.8523794717071191,1.297434156718313,1.7424888417295068,0.0,0.16734056156420887,0.5467016146302703,False,False,False,False,False,False
2024-03-18 16:00:00,PRD-A,1.5577829434709403,0.21190927174060836,0.8523794717071191,1.297434156718313,1.7424888417295068,0.0,0.16734056156420887,0.5467016146302703,False,False,False,False,False,False
2024-03-25 00:00:00,PRD-A,1.3841926241783302,0.17359031929261004,0.8523794717071191,1.297434156718313,1.7424888417295068,0.0,0.16734056156420887,0.5467016146302703,False,False,False,True,True,False
2024-03-25 08:00:00,PRD-A,1.4706945686109227,0.08650194443259251,0.8523794717071191,1.297434156718313,1.7424888417295068,0.0,0.16734056156420887,0.5467016146302703,False,False,False,True,True,False
2024-03-25 16:00:00,PRD-A,1.4155530111273393,0.0551415574835834,0.8523794717071191,1.297434156718313,1.7424888417295068,0.0,0.16734056156420887,0.5467016146302703,False,False,False,True,True,False
2024-03-26 00:00:00,PRD-A,1.357429023929488,0.05812398719785139,0.8523794717071191,1.297434156718313,1.7424888417295068,0.0,0.16734056156420887,0.5467016146302703,False,False,False,True,True,False
2024-03-26 08:00:00,PRD-A,1.5070650359436628,0.14963601201417487,0.8523794717071191,1.297434156718313,1.7424888417295068,0.0,0.16734056156420887,0.5467016146302703,False,False,False,True,True,False
2024-03-26 16:00:00,PRD-A,1.5044374979918453,0.0026275379518174713,0.8523794717071191,1.297434156718313,1.7424888417295068,0.0,0.16734056156420887,0.5467016146302703,False,False,False,True,True,False
2024-04-02 00:00:00,PRD-A,1.1135359999526582,0.39090149803918717,0.8523794717071191,1.297434156718313,1.7424888417295068,0.0,0.16734056156420887,0.5467016146302703,False,False,False,False,False,False
2024-04-02 08:00:00,PRD-A,1.1445709321432824,0.031034932190624254,0.8523794717071191,1.297434156718313,1.7424888417295068,0.0,0.16734056156420887,0.5467016146302703,False,False,False,False,False,False
2024-04-02 16:00:00,PRD-A,1.3711674060717043,0.22659647392842186,0.8523794717071191,1.297434156718313,1.7424888417295068,0.0,0.16734056156420887,0.5467016146302703,False,False,False,False,False,False
2024-04-03 00:00:00,PRD-A,1.343434459652872,0.027732946418832283,0.8523794717071191,1.297434156718313,1.7424888417295068,0.0,0.16734056156420887,0.5467016146302703,False,False,False,False,False,False
2024-04-03 08:00:00,PRD-A,1.190667254295778,0.1527672053570941,0.8523794717071191,1.297434156718313,1.7424888417295068,0.0,0.16734056156420887,0.5467016146302703,False,False,False,False,False,False
2024-04-03 16:00:00,PRD-A,1.2236397783338022,0.03297252403802431,0.8523794717071191,1.297434156718313,1.7424888417295068,0.0,0.16734056156420887,0.5467016146302703,False,False,False,False,False,False
2024-04-10 00:00:00,PRD-A,1.2645831128043532,0.040943334470550985,0.8523794717071191,1.297434156718313,1.7424888417295068,0.0,0.16734056156420887,0.5467016146302703,False,False,False,False,False,False
2024-04-10 08:00:00,PRD-A,1.4276260703230226,0.16304295751866937,0.8523794717071191,1.297434156718313,1.7424888417295068,0.0,0.16734056156420887,0.5467016146302703,False,False,False,False,False,False
2024-04-10 16:00:00,PRD-A,1.2514599887296582,0.17616608159336433,0.8523794717071191,1.297434156718313,1.7424888417295068,0.0,0.16734056156420887,0.5467016146302703,False,False,False,False,False,False
2024-04-11 00:00:00,PRD-A,1.112166941602985,0.13929304712667334,0.8523794717071191,1.297434156718313,1.7424888417295068,0.0,0.16734056156420887,0.5467016146302703,False,False,False,False,False,False
2024-04-11 08:00:00,PRD-A,0.9546399117800736,0.15752702982291134,0.8523794717071191,1.297434156718313,1.7424888417295068,0.0,0.16734056156420887,0.5467016146302703,False,False,False,False,False,False
2024-04-11 16:00:00,PRD-A,1.1975619053109643,0.24292199353089072,0.8523794717071191,1.297434156718313,1.7424888417295068,0.0,0.16734056156420887,0.5467016146302703,False,False,False,False,False,False
2024-04-18 00:00:00,PRD-A,1.1353146500978888,0.0622472552130755,0.8523794717071191,1.297434156718313,1.7424888417295068,0.0,0.16734056156420887,0.5467016146302703,False,False,False,False,False,False
2024-04-18 08:00:00,PRD-A,1.2683340130220122,0.13301936292412342,0.8523794717071191,1.297434156718313,1.7424888417295068,0.0,0.16734056156420887,0.5467016146302703,False,False,False,False,False,False
2024-04-18 16:00:00,PRD-A,1.3794805997166513,0.11114658669463906,0.8523794717071191,1.297434156718313,1.7424888417295068,0.0,0.16734056156420887,0.5467016146302703,False,False,False,False,False,False
2024-04-19 00:00:00,PRD-A,1.246387081230615,0.13309351848603623,0.8523794717071191,1.297434156718313,1.7424888417295068,0.0,0.16734056156420887,0.5467016146302703,False,False,False,False,False,False
2024-04-19 08:00:00,PRD-A,1.2028986937229629,0.04348838750765216,0.8523794717071191,1.297434156718313,1.7424888417295068,0.0,0.16734056156420887,0.5467016146302703,False,False,False,False,False,False
2024-04-19 16:00:00,PRD-A,1.436240287882264,0.2333415941593011,0.8523794717071191,1.297434156718313,1.7424888417295068,0.0,0.16734056156420887,0.5467016146302703,False,False,False,False,False,False
2024-04-26 00:00:00,PRD-A,1.3127489055869621,0.12349138229530188,0.8523794717071191,1.297434156718313,1.7424888417295068,0.0,0.16734056156420887,0.5467016146302703,False,False,False,False,False,False
2024-04-26 08:00:00,PRD-A,1.0635526549964314,0.24919625059053074,0.8523794717071191,1.297434156718313,1.7424888417295068,0.0,0.16734056156420887,0.5467016146302703,False,False,False,False,False,False
2024-04-26 16:00:00,PRD-A,1.277440364149672,0.21388770915324073,0.8523794717071191,1.297434156718313,1.7424888417295068,0.0,0.16734056156420887,0.5467016146302703,False,False,False,False,False,False
2024-04-27 00:00:00,PRD-A,1.1314412184391136,0.1459991457105585,0.8523794717071191,1.297434156718313,1.7424888417295068,0.0,0.16734056156420887,0.5467016146302703,False,False,False,False,False,False
2024-04-27 08:00:00,PRD-A,1.2986047303230792,0.1671635118839656,0.8523794717071191,1.297434156718313,1.7424888417295068,0.0,0.16734056156420887,0.5467016146302703,False,False,False,False,False,False
2024-04-27 16:00:00,PRD-A,1.3415179007420976,0.04291317041901843,0.8523794717071191,1.297434156718313,1.7424888417295068,0.0,0.16734056156420887,0.5467016146302703,False,False,False,False,False,False
2024-05-04 00:00:00,PRD-A,1.0203740986000995,0.3211438021419981,0.8523794717071191,1.297434156718313,1.7424888417295068,0.0,0.16734056156420887,0.5467016146302703,False,False,False,False,False,False
2024-05-04 08:00:00,PRD-A,1.1337219239467589,0.11334782534665933,0.8523794717071191,1.297434156718313,1.7424888417295068,0.0,0.16734056156420887,0.5467016146302703,False,False,False,False,False,False
2024-05-04 16:00:00,PRD-A,1.266708630922635,0.1329867069758761,0.8523794717071191,1.297434156718313,1.7424888417295068,0.0,0.16734056156420887,0.5467016146302703,False,False,False,False,False,False
2024-05-05 00:00:00,PRD-A,1.145033991700605,0.12167463922203003,0.8523794717071191,1.297434156718313,1.7424888417295068,0.0,0.16734056156420887,0.5467016146302703,False,False,False,False,False,False
2024-05-05 08:00:00,PRD-A,1.1796413652162931,0.03460737351568821,0.8523794717071191,1.297434156718313,1.7424888417295068,0.0,0.16734056156420887,0.5467016146302703,False,False,False,False,False,False
2024-05-05 16:00:00,PRD-A,1.272442366703908,0.09280100148761483,0.8523794717071191,1.297434156718313,1.7424888417295068,0.0,0.16734056156420887,0.5467016146302703,False,False,False,False,False,False
2024-05-12 00:00:00,PRD-A,1.122420934857984,0.15002143184592387,0.8523794717071191,1.297434156718313,1.7424888417295068,0.0,0.16734056156420887,0.5467016146302703,False,False,False,False,False,False
2024-05-12 08:00:00,PRD-A,1.3060316699619665,0.1836107351039824,0.8523794717071191,1.297434156718313,1.7424888417295068,0.0,0.16734056156420887,0.5467016146302703,False,False,False,False,False,False
2024-05-12 16:00:00,PRD-A,1.28648572671738,0.019545943244586583,0.8523794717071191,1.297434156718313,1.7424888417295068,0.0,0.16734056156420887,0.5467016146302703,False,False,False,False,False,False
2024-05-13 00:00:00,PRD-A,1.3981298792356693,0.11164415251828941,0.8523794717071191,1.297434156718313,1.7424888417295068,0.0,0.16734056156420887,0.5467016146302703,False,False,False,False,False,False
2024-05-13 08:00:00,PRD-A,1.2955700717286325,0.10255980750703686,0.8523794717071191,1.297434156718313,1.7424888417295068,0.0,0.16734056156420887,0.5467016146302703,False,False,False,False,False,False
2024-05-13 16:00:00,PRD-A,1.5509164704568348,0.2553463987282023,0.8523794717071191,1.297434156718313,1.7424888417295068,0.0,0.16734056156420887,0.5467016146302703,False,False,False,False,False,False
2024-05-20 00:00:00,PRD-A,1.1079601213279724,0.4429563491288624,0.8523794717071191,1.297434156718313,1.7424888417295068,0.0,0.16734056156420887,0.5467016146302703,False,False,False,False,False,False
2024-05-20 08:00:00,PRD-A,1.2273205117171202,0.11936039038914781,0.8523794717071191,1.297434156718313,1.7424888417295068,0.0,0.16734056156420887,0.5467016146302703,False,False,False,False,False,False
2024-05-20 16:00:00,PRD-A,1.3319707411017805,0.10465022938466029,0.8523794717071191,1.297434156718313,1.7424888417295068,0.0,0.16734056156420887,0.5467016146302703,False,False,False,False,False,False
2024-05-21 00:00:00,PRD-A,1.2867516897695703,0.04521905133221016,0.8523794717071191,1.297434156718313,1.7424888417295068,0.0,0.16734056156420887,0.5467016146302703,False,False,False,False,False,False
2024-05-21 08:00:00,PRD-A,1.1648468689389864,0.12190482083058396,0.8523794717071191,1.297434156718313,1.7424888417295068,0.0,0.16734056156420887,0.5467016146302703,False,False,False,False,False,False
2024-05-21 16:00:00,PRD-A,1.515521068671324,0.3506741997323377,0.8523794717071191,1.297434156718313,1.7424888417295068,0.0,0.16734056156420887,0.5467016146302703,False,False,False,False,False,False
2024-05-28 00:00:00,PRD-A,1.3760610261726942,0.13946004249862987,0.8523794717071191,1.297434156718313,1.7424888417295068,0.0,0.16734056156420887,0.5467016146302703,False,False,False,False,False,False
2024-05-28 08:00:00,PRD-A,1.1941528988272716,0.1819081273454226,0.8523794717071191,1.297434156718313,1.7424888417295068,0.0,0.16734056156420887,0.5467016146302703,False,False,False,False,False,False
2024-05-28 16:00:00,PRD-A,1.4334255748292573,0.23927267600198565,0.8523794717071191,1.297434156718313,1.7424888417295068,0.0,0.16734056156420887,0.5467016146302703,False,False,False,False,False,False
2024-05-29 00:00:00,PRD-A,1.2491676049650347,0.1842579698642226,0.8523794717071191,1.297434156718313,1.7424888417295068,0.0,0.16734056156420887,0.5467016146302703,False,False,False,False,False,False
2024-05-29 08:00:00,PRD-A,1.6333356880473795,0.38416808308234485,0.8523794717071191,1.297434156718313,1.7424888417295068,0.0,0.16734056156420887,0.5467016146302703,False,False,False,False,False,False
2024-05-29 16:00:00,PRD-A,1.5780577783406842,0.05527790970669533,0.8523794717071191,1.297434156718313,1.7424888417295068,0.0,0.16734056156420887,0.5467016146302703,False,False,False,False,False,False
2024-06-05 00:00:00,PRD-A,1.224939890957011,0.3531178873836731,0.8523794717071191,1.297434156718313,1.7424888417295068,0.0,0.16734056156420887,0.5467016146302703,False,False,False,False,False,False
2024-06-05 08:00:00,PRD-A,1.4715820384587621,0.24664214750175106,0.8523794717071191,1.297434156718313,1.7424888417295068,0.0,0.16734056156420887,0.5467016146302703,False,False,False,False,False,False
2024-06-05 16:00:00,PRD-A,1.351255783050596,0.1203262554081661,0.8523794717071191,1.297434156718313,1.7424888417295068,0.0,0.16734056156420887,0.5467016146302703,False,False,False,False,False,False
2024-06-06 00:00:00,PRD-A,1.2263913545686387,0.12486442848195733,0.8523794717071191,1.297434156718313,1.7424888417295068,0.0,0.16734056156420887,0.5467016146302703,False,False,False,False,False,False
2024-06-06 08:00:00,PRD-A,1.065625878703654,0.16076547586498457,0.8523794717071191,1.297434156718313,1.7424888417295068,0.0,0.16734056156420887,0.5467016146302703,False,False,False,False,False,False
2024-06-06 16:00:00,PRD-A,1.289652726787094,0.22402684808343998,0.8523794717071191,1.297434156718313,1.7424888417295068,0.0,0.16734056156420887,0.5467016146302703,False,False,False,False,False,False
2024-06-13 00:00:00,PRD-A,1.3481200589843962,0.05846733219730216,0.8523794717071191,1.297434156718313,1.7424888417295068,0.0,0.16734056156420887,0.5467016146302703,False,False,False,False,False,False
2024-06-13 08:00:00,PRD-A,1.1348542560426613,0.21326580294173492,0.8523794717071191,1.297434156718313,1.7424888417295068,0.0,0.16734056156420887,0.5467016146302703,False,False,False,False,False,False
2024-06-13 16:00:00,PRD-A,1.1093192105833103,0.025535045459351036,0.8523794717071191,1.297434156718313,1.7424888417295068,0.0,0.16734056156420887,0.5467016146302703,False,False,False,False,False,False
2024-06-14 00:00:00,PRD-A,1.1912871941920633,0.08196798360875301,0.8523794717071191,1.297434156718313,1.7424888417295068,0.0,0.16734056156420887,0.5467016146302703,False,False,False,False,False,False
2024-06-14 08:00:00,PRD-A,1.2721044554456433,0.08081726125358002,0.8523794717071191,1.297434156718313,1.7424888417295068,0.0,0.16734056156420887,0.5467016146302703,False,False,False,False,False,False
2024-06-14 16:00:00,PRD-A,1.1656055615497838,0.10649889389585954,0.8523794717071191,1.297434156718313,1.7424888417295068,0.0,0.16734056156420887,0.5467016146302703,False,False,False,False,False,False
2024-06-21 00:00:00,PRD-A,1.0748875468893309,0.09071801466045293,0.8523794717071191,1.297434156718313,1.7424888417295068,0.0,0.16734056156420887,0.5467016146302703,False,False,False,False,False,False
2024-06-21 08:00:00,PRD-A,1.1728384338859819,0.097950886996651,0.8523794717071191,1.297434156718313,1.7424888417295068,0.0,0.16734056156420887,0.5467016146302703,False,False,False,False,False,False
2024-06-21 16:00:00,PRD-A,1.2322877194473332,0.05944928556135132,0.8523794717071191,1.297434156718313,1.7424888417295068,0.0,0.16734056156420887,0.5467016146302703,False,False,False,True,True,False
2024-06-22 00:00:00,PRD-A,1.4055067117775075,0.17321899233017435,0.8523794717071191,1.297434156718313,1.7424888417295068,0.0,0.16734056156420887,0.5467016146302703,False,False,False,False,False,False
2024-06-22 08:00:00,PRD-A,1.3608649588640565,0.04464175291345107,0.8523794717071191,1.297434156718313,1.7424888417295068,0.0,0.16734056156420887,0.5467016146302703,False,False,False,False,False,False
2024-06-22 16:00:00,PRD-A,1.3978858250384485,0.03702086617439204,0.8523794717071191,1.297434156718313,1.7424888417295068,0.0,0.16734056156420887,0.5467016146302703,False,False,False,False,False,False
2024-06-29 00:00:00,PRD-A,1.0914357932490528,0.30645003178939567,0.8523794717071191,1.297434156718313,1.7424888417295068,0.0,0.16734056156420887,0.5467016146302703,False,False,False,False,False,False
2024-06-29 08:00:00,PRD-A,1.1718511486675676,0.08041535541851474,0.8523794717071191,1.297434156718313,1.7424888417295068,0.0,0.16734056156420887,0.5467016146302703,False,False,False,False,False,False
2024-06-29 16:00:00,PRD-A,1.1349764778866622,0.03687467078090534,0.8523794717071191,1.297434156718313,1.7424888417295068,0.0,0.16734056156420887,0.5467016146302703,False,False,False,False,False,False
2024-06-30 00:00:00,PRD-A,1.1856131774408507,0.05063669955418848,0.8523794717071191,1.297434156718313,1.7424888417295068,0.0,0.16734056156420887,0.5467016146302703,False,False,False,False,False,False
2024-06-30 08:00:00,PRD-A,1.0360470769292829,0.14956610051156782,0.8523794717071191,1.297434156718313,1.7424888417295068,0.0,0.16734056156420887,0.5467016146302703,False,False,False,False,False,False
2024-06-30 16:00:00,PRD-A,1.2992310928489794,0.26318401591969653,0.8523794717071191,1.297434156718313,1.7424888417295068,0.0,0.16734056156420887,0.5467016146302703,False,False,False,False,False,False
2024-07-07 00:00:00,PRD-A,1.6188021270790975,0.3195710342301181,0.8523794717071191,1.297434156718313,1.7424888417295068,0.0,0.16734056156420887,0.5467016146302703,False,False,False,False,False,False
2024-07-07 08:00:00,PRD-A,0.9949851918695449,0.6238169352095526,0.8523794717071191,1.297434156718313,1.7424888417295068,0.0,0.16734056156420887,0.5467016146302703,False,False,False,False,False,True
2024-07-07 16:00:00,PRD-A,1.2275881878977404,0.23260299602819545,0.8523794717071191,1.297434156718313,1.7424888417295068,0.0,0.16734056156420887,0.5467016146302703,False,False,False,False,False,False
2024-07-08 00:00:00,PRD-A,1.0850384877440185,0.14254970015372193,0.8523794717071191,1.297434156718313,1.7424888417295068,0.0,0.16734056156420887,0.5467016146302703,False,False,False,False,False,False
2024-07-08 08:00:00,PRD-A,1.137526343777293,0.05248785603327444,0.8523794717071191,1.297434156718313,1.7424888417295068,0.0,0.16734056156420887,0.5467016146302703,False,False,False,False,False,False
2024-07-08 16:00:00,PRD-A,1.404328610149165,0.2668022663718721,0.8523794717071191,1.297434156718313,1.7424888417295068,0.0,0.16734056156420887,0.5467016146302703,False,False,False,False,False,False
2024-07-15 00:00:00,PRD-A,1.3018204562605709,0.10250815388859413,0.8523794717071191,1.297434156718313,1.7424888417295068,0.0,0.16734056156420887,0.5467016146302703,False,False,False,False,False,False
2024-07-15 08:00:00,PRD-A,1.0511402805530574,0.25068017570751344,0.8523794717071191,1.297434156718313,1.7424888417295068,0.0,0.16734056156420887,0.5467016146302703,False,False,False,False,False,False
2024-07-15 16:00:00,PRD-A,1.1861468952878855,0.1350066147348281,0.8523794717071191,1.297434156718313,1.7424888417295068,0.0,0.16734056156420887,0.5467016146302703,False,False,False,False,False,False
2024-07-16 00:00:00,PRD-A,1.2076700606498734,0.02152316536198784,0.8523794717071191,1.297434156718313,1.7424888417295068,0.0,0.16734056156420887,0.5467016146302703,False,False,False,False,False,False
2024-07-16 08:00:00,PRD-A,1.2970026475901306,0.08933258694025725,0.8523794717071191,1.297434156718313,1.7424888417295068,0.0,0.16734056156420887,0.5467016146302703,False,False,False,False,False,False
2024-07-16 16:00:00,PRD-A,1.5138539623868303,0.21685131479669972,0.8523794717071191,1.297434156718313,1.7424888417295068,0.0,0.16734056156420887,0.5467016146302703,False,False,False,False,False,False
2024-07-23 00:00:00,PRD-A,1.211947299817176,0.30190666256965426,0.8523794717071191,1.297434156718313,1.7424888417295068,0.0,0.16734056156420887,0.5467016146302703,False,False,False,False,False,False
2024-07-23 08:00:00,PRD-A,1.2793965761624828,0.06744927634530673,0.8523794717071191,1.297434156718313,1.7424888417295068,0.0,0.16734056156420887,0.5467016146302703,False,False,False,False,False,False
2024-07-23 16:00:00,PRD-A,1.0746508320802546,0.20474574408222823,0.8523794717071191,1.297434156718313,1.7424888417295068,0.0,0.16734056156420887,0.5467016146302703,False,False,False,False,False,False
2024-07-24 00:00:00,PRD-A,0.997922228742282,0.0767286033379726,0.8523794717071191,1.297434156718313,1.7424888417295068,0.0,0.16734056156420887,0.5467016146302703,False,False,False,False,False,False
2024-07-24 08:00:00,PRD-A,1.2553142457721835,0.25739201702990155,0.8523794717071191,1.297434156718313,1.7424888417295068,0.0,0.16734056156420887,0.5467016146302703,False,False,False,False,False,False
2024-07-24 16:00:00,PRD-A,1.4100183358350786,0.1547040900628951,0.8523794717071191,1.297434156718313,1.7424888417295068,0.0,0.16734056156420887,0.5467016146302703,False,False,False,False,False,False
2024-07-31 00:00:00,PRD-A,1.2112492752137871,0.19876906062129152,0.8523794717071191,1.297434156718313,1.7424888417295068,0.0,0.16734056156420887,0.5467016146302703,False,False,False,False,False,False
2024-07-31 08:00:00,PRD-A,1.2127004495089222,0.0014511742951350826,0.8523794717071191,1.297434156718313,1.7424888417295068,0.0,0.16734056156420887,0.5467016146302703,False,False,False,False,False,False
2024-07-31 16:00:00,PRD-A,1.318650849629328,0.10595040012040591,0.8523794717071191,1.297434156718313,1.7424888417295068,0.0,0.16734056156420887,0.5467016146302703,False,False,False,False,False,False
2024-08-01 00:00:00,PRD-A,1.2169210572207156,0.10172979240861246,0.8523794717071191,1.297434156718313,1.7424888417295068,0.0,0.16734056156420887,0.5467016146302703,False,False,False,False,False,False
2024-08-01 08:00:00,PRD-A,1.1952253900887455,0.02169566713197013,0.8523794717071191,1.297434156718313,1.7424888417295068,0.0,0.16734056156420887,0.5467016146302703,False,False,False,False,False,False
2024-08-01 16:00:00,PRD-A,1.3006690890200912,0.10544369893134564,0.8523794717071191,1.297434156718313,1.7424888417295068,0.0,0.16734056156420887,0.5467016146302703,False,False,False,False,False,False
2024-08-08 00:00:00,PRD-A,1.0769591626324468,0.2237099263876443,0.8523794717071191,1.297434156718313,1.7424888417295068,0.0,0.16734056156420887,0.5467016146302703,False,False,False,False,False,False
2024-08-08 08:00:00,PRD-A,0.9889918599708066,0.08796730266164021,0.8523794717071191,1.297434156718313,1.7424888417295068,0.0,0.16734056156420887,0.5467016146302703,False,False,False,False,False,False
2024-08-08 16:00:00,PRD-A,1.243688365693236,0.2546965057224294,0.8523794717071191,1.297434156718313,1.7424888417295068,0.0,0.16734056156420887,0.5467016146302703,False,False,False,False,False,False
2024-08-09 00:00:00,PRD-A,0.9050272884248789,0.33866107726835715,0.8523794717071191,1.297434156718313,1.7424888417295068,0.0,0.16734056156420887,0.5467016146302703,False,True,False,False,True,False
2024-08-09 08:00:00,PRD-A,0.9687570331674089,0.06372974474253001,0.8523794717071191,1.297434156718313,1.7424888417295068,0.0,0.16734056156420887,0.5467016146302703,False,True,True,False,True,False
2024-08-09 16:00:00,PRD-A,1.4079994106653477,0.4392423774979388,0.8523794717071191,1.297434156718313,1.7424888417295068,0.0,0.16734056156420887,0.5467016146302703,False,True,False,False,True,False
2024-08-16 00:00:00,PRD-A,1.338381474943291,0.06961793572205677,0.8523794717071191,1.297434156718313,1.7424888417295068,0.0,0.16734056156420887,0.5467016146302703,False,False,False,False,False,False
2024-08-16 08:00:00,PRD-A,1.4182211367358633,0.07983966179257229,0.8523794717071191,1.297434156718313,1.7424888417295068,0.0,0.16734056156420887,0.5467016146302703,False,False,False,False,False,False
2024-08-16 16:00:00,PRD-A,1.3815646309062393,0.036656505829623987,0.8523794717071191,1.297434156718313,1.7424888417295068,0.0,0.16734056156420887,0.5467016146302703,False,False,False,False,False,False
2024-08-17 00:00:00,PRD-A,1.5269209207676584,0.14535628986141913,0.8523794717071191,1.297434156718313,1.7424888417295068,0.0,0.16734056156420887,0.5467016146302703,False,False,False,False,False,False
2024-08-17 08:00:00,PRD-A,1.0666439502657183,0.46027697050194005,0.8523794717071191,1.297434156718313,1.7424888417295068,0.0,0.16734056156420887,0.5467016146302703,False,False,False,False,False,False
2024-08-17 16:00:00,PRD-A,1.1577746384091017,0.09113068814338332,0.8523794717071191,1.297434156718313,1.7424888417295068,0.0,0.16734056156420887,0.5467016146302703,False,False,False,False,False,False
2024-08-24 00:00:00,PRD-A,1.2198245449541658,0.06204990654506415,0.8523794717071191,1.297434156718313,1.7424888417295068,0.0,0.16734056156420887,0.5467016146302703,False,False,False,False,False,False
2024-08-24 08:00:00,PRD-A,1.0357013491996756,0.1841231957544902,0.8523794717071191,1.297434156718313,1.7424888417295068,0.0,0.16734056156420887,0.5467016146302703,False,False,False,False,False,False
2024-08-24 16:00:00,PRD-A,1.3540361550035513,0.31833480580387574,0.8523794717071191,1.297434156718313,1.7424888417295068,0.0,0.16734056156420887,0.5467016146302703,False,False,False,False,False,False
2024-08-25 00:00:00,PRD-A,1.3984854162086733,0.04444926120512194,0.8523794717071191,1.297434156718313,1.7424888417295068,0.0,0.16734056156420887,0.5467016146302703,False,False,False,False,False,False
2024-08-25 08:00:00,PRD-A,1.4002387160924727,0.001753299883799464,0.8523794717071191,1.297434156718313,1.7424888417295068,0.0,0.16734056156420887,0.5467016146302703,False,False,False,False,False,False
2024-08-25 16:00:00,PRD-A,1.4795649123518237,0.079326196259351,0.8523794717071191,1.297434156718313,1.7424888417295068,0.0,0.16734056156420887,0.5467016146302703,False,False,False,False,False,False
2024-09-01 00:00:00,PRD-A,1.3535645572379222,0.1260003551139015,0.8523794717071191,1.297434156718313,1.7424888417295068,0.0,0.16734056156420887,0.5467016146302703,False,False,False,False,False,False
2024-09-01 08:00:00,PRD-A,1.121068750233208,0.23249580700471428,0.8523794717071191,1.297434156718313,1.7424888417295068,0.0,0.16734056156420887,0.5467016146302703,False,False,False,False,False,False
2024-09-01 16:00:00,PRD-A,1.3838446864423133,0.26277593620910533,0.8523794717071191,1.297434156718313,1.7424888417295068,0.0,0.16734056156420887,0.5467016146302703,False,False,False,False,False,False
2024-09-02 00:00:00,PRD-A,1.3221604348835012,0.061684251558812075,0.8523794717071191,1.297434156718313,1.7424888417295068,0.0,0.16734056156420887,0.5467016146302703,False,False,False,False,False,False
2024-09-02 08:00:00,PRD-A,1.2802074479155012,0.04195298696799998,0.8523794717071191,1.297434156718313,1.7424888417295068,0.0,0.16734056156420887,0.5467016146302703,False,False,False,False,False,False
2024-09-02 16:00:00,PRD-A,1.341892407916173,0.061684960000671696,0.8523794717071191,1.297434156718313,1.7424888417295068,0.0,0.16734056156420887,0.5467016146302703,False,False,False,False,False,False
2024-09-09 00:00:00,PRD-A,1.3478253287380366,0.005932920821863696,0.8523794717071191,1.297434156718313,1.7424888417295068,0.0,0.16734056156420887,0.5467016146302703,False,False,False,False,False,False
2024-09-09 08:00:00,PRD-A,1.3593160945768938,0.01149076583885722,0.8523794717071191,1.297434156718313,1.7424888417295068,0.0,0.16734056156420887,0.5467016146302703,False,False,False,False,False,False
2024-09-09 16:00:00,PRD-A,1.4964977675677837,0.1371816729908899,0.8523794717071191,1.297434156718313,1.7424888417295068,0.0,0.16734056156420887,0.5467016146302703,False,False,False,False,False,False
2024-09-10 00:00:00,PRD-A,1.289062611180121,0.20743515638766263,0.8523794717071191,1.297434156718313,1.7424888417295068,0.0,0.16734056156420887,0.5467016146302703,False,False,False,False,False,False
2024-09-10 08:00:00,PRD-A,1.4496490205899368,0.16058640940981572,0.8523794717071191,1.297434156718313,1.7424888417295068,0.0,0.16734056156420887,0.5467016146302703,False,False,False,False,False,False
2024-09-10 16:00:00,PRD-A,1.5868013275858268,0.13715230699588998,0.8523794717071191,1.297434156718313,1.7424888417295068,0.0,0.16734056156420887,0.5467016146302703,False,False,False,False,False,False
2024-09-17 00:00:00,PRD-A,1.28343009167274,0.3033712359130869,0.8523794717071191,1.297434156718313,1.7424888417295068,0.0,0.16734056156420887,0.5467016146302703,False,False,False,False,False,False
2024-09-17 08:00:00,PRD-A,1.3103711862626808,0.026941094589940873,0.8523794717071191,1.297434156718313,1.7424888417295068,0.0,0.16734056156420887,0.5467016146302703,False,False,False,False,False,False
2024-09-17 16:00:00,PRD-A,1.587839631154087,0.2774684448914062,0.8523794717071191,1.297434156718313,1.7424888417295068,0.0,0.16734056156420887,0.5467016146302703,False,False,False,False,False,False
2024-09-18 00:00:00,PRD-A,1.1701216538361334,0.41771797731795357,0.8523794717071191,1.297434156718313,1.7424888417295068,0.0,0.16734056156420887,0.5467016146302703,False,False,False,False,False,False
2024-09-18 08:00:00,PRD-A,1.1975050641572211,0.02738341032108771,0.8523794717071191,1.297434156718313,1.7424888417295068,0.0,0.16734056156420887,0.5467016146302703,False,False,False,False,False,False
2024-09-18 16:00:00,PRD-A,1.74580980857531,0.5483047444180889,0.8523794717071191,1.297434156718313,1.7424888417295068,0.0,0.16734056156420887,0.5467016146302703,True,False,False,False,True,True
2024-09-25 00:00:00,PRD-A,1.1571617182682454,0.5886480903070646,0.8523794717071191,1.297434156718313,1.7424888417295068,0.0,0.16734056156420887,0.5467016146302703,False,False,False,False,False,True
2024-09-25 08:00:00,PRD-A,1.0074255902087108,0.14973612805953462,0.8523794717071191,1.297434156718313,1.7424888417295068,0.0,0.16734056156420887,0.5467016146302703,False,False,False,False,False,False
2024-09-25 16:00:00,PRD-A,1.3719387772011225,0.36451318699241164,0.8523794717071191,1.297434156718313,1.7424888417295068,0.0,0.16734056156420887,0.5467016146302703,False,False,False,False,False,False
2024-09-26 00:00:00,PRD-A,1.005161740779371,0.3667770364217515,0.8523794717071191,1.297434156718313,1.7424888417295068,0.0,0.16734056156420887,0.5467016146302703,False,False,False,False,False,False
2024-09-26 08:00:00,PRD-A,1.2879079817245014,0.28274624094513046,0.8523794717071191,1.297434156718313,1.7424888417295068,0.0,0.16734056156420887,0.5467016146302703,False,False,False,False,False,False
2024-09-26 16:00:00,PRD-A,1.4169811213874184,0.129073139662917,0.8523794717071191,1.297434156718313,1.7424888417295068,0.0,0.16734056156420887,0.5467016146302703,False,False,False,False,False,False
2024-10-03 00:00:00,PRD-A,1.2533531139668026,0.16362800742061578,0.8523794717071191,1.297434156718313,1.7424888417295068,0.0,0.16734056156420887,0.5467016146302703,False,False,False,False,False,False
2024-10-03 08:00:00,PRD-A,1.4075550877247718,0.15420197375796918,0.8523794717071191,1.297434156718313,1.7424888417295068,0.0,0.16734056156420887,0.5467016146302703,False,False,False,False,False,False
2024-10-03 16:00:00,PRD-A,1.4679905171772185,0.06043542945244673,0.8523794717071191,1.297434156718313,1.7424888417295068,0.0,0.16734056156420887,0.5467016146302703,False,False,False,False,False,False
2024-10-04 00:00:00,PRD-A,1.5356504275206508,0.06765991034343233,0.8523794717071191,1.297434156718313,1.7424888417295068,0.0,0.16734056156420887,0.5467016146302703,False,False,False,False,False,False
2024-10-04 08:00:00,PRD-A,1.3920437836905952,0.1436066438300556,0.8523794717071191,1.297434156718313,1.7424888417295068,0.0,0.16734056156420887,0.5467016146302703,False,False,False,False,False,False
2024-10-04 16:00:00,PRD-A,1.6543239042762226,0.26228012058562733,0.8523794717071191,1.297434156718313,1.7424888417295068,0.0,0.16734056156420887,0.5467016146302703,False,False,False,False,False,False
2024-10-11 00:00:00,PRD-A,1.1909784803603685,0.4633454239158541,0.8523794717071191,1.297434156718313,1.7424888417295068,0.0,0.16734056156420887,0.5467016146302703,False,False,False,False,False,False
2024-10-11 08:00:00,PRD-A,1.3160470124347587,0.12506853207439028,0.8523794717071191,1.297434156718313,1.7424888417295068,0.0,0.16734056156420887,0.5467016146302703,False,False,False,False,False,False
2024-10-11 16:00:00,PRD-A,1.6290605411479784,0.31301352871321964,0.8523794717071191,1.297434156718313,1.7424888417295068,0.0,0.16734056156420887,0.5467016146302703,False,False,False,False,False,False
2024-10-12 00:00:00,PRD-A,1.2994784380872177,0.32958210306076063,0.8523794717071191,1.297434156718313,1.7424888417295068,0.0,0.16734056156420887,0.5467016146302703,False,False,False,False,False,False
2024-10-12 08:00:00,PRD-A,1.2669563282114278,0.03252210987578996,0.8523794717071191,1.297434156718313,1.7424888417295068,0.0,0.16734056156420887,0.5467016146302703,False,False,False,False,False,False
2024-10-12 16:00:00,PRD-A,1.565752390141854,0.2987960619304262,0.8523794717071191,1.297434156718313,1.7424888417295068,0.0,0.16734056156420887,0.5467016146302703,False,False,False,False,False,False
2024-10-19 00:00:00,PRD-A,1.010117551579932,0.5556348385619219,0.8523794717071191,1.297434156718313,1.7424888417295068,0.0,0.16734056156420887,0.5467016146302703,False,False,False,False,False,True
2024-10-19 08:00:00,PRD-A,0.9287514766315488,0.08136607494838333,0.8523794717071191,1.297434156718313,1.7424888417295068,0.0,0.16734056156420887,0.5467016146302703,False,False,False,False,False,False
2024-10-19 16:00:00,PRD-A,1.0570773080138134,0.1283258313822646,0.8523794717071191,1.297434156718313,1.7424888417295068,0.0,0.16734056156420887,0.5467016146302703,False,False,False,False,False,False
2024-10-20 00:00:00,PRD-A,0.8941177824349615,0.16295952557885185,0.8523794717071191,1.297434156718313,1.7424888417295068,0.0,0.16734056156420887,0.5467016146302703,False,True,True,False,True,False
2024-10-20 08:00:00,PRD-A,1.082791467103639,0.1886736846686774,0.8523794717071191,1.297434156718313,1.7424888417295068,0.0,0.16734056156420887,0.5467016146302703,False,False,True,False,True,False
2024-10-20 16:00:00,PRD-A,1.0758959251050972,0.006895541998541699,0.8523794717071191,1.297434156718313,1.7424888417295068,0.0,0.16734056156420887,0.5467016146302703,False,False,True,False,True,False
2024-10-27 00:00:00,PRD-A,0.8402417849278857,0.23565414017721154,0.8523794717071191,1.297434156718313,1.7424888417295068,0.0,0.16734056156420887,0.5467016146302703,True,False,True,False,True,False
2024-10-27 08:00:00,PRD-A,1.0273403180795262,0.1870985331516405,0.8523794717071191,1.297434156718313,1.7424888417295068,0.0,0.16734056156420887,0.5467016146302703,False,False,True,True,True,False
2024-10-27 16:00:00,PRD-A,1.2729675006952073,0.24562718261568106,0.8523794717071191,1.297434156718313,1.7424888417295068,0.0,0.16734056156420887,0.5467016146302703,False,False,True,True,True,False
2024-10-28 00:00:00,PRD-A,1.0878773832009858,0.18509011749422144,0.8523794717071191,1.297434156718313,1.7424888417295068,0.0,0.16734056156420887,0.5467016146302703,False,False,True,True,True,False
2024-10-28 08:00:00,PRD-A,1.0687374186702623,0.01913996453072353,0.8523794717071191,1.297434156718313,1.7424888417295068,0.0,0.16734056156420887,0.5467016146302703,False,False,True,True,True,False
2024-10-28 16:00:00,PRD-A,1.309770739373114,0.24103332070285166,0.8523794717071191,1.297434156718313,1.7424888417295068,0.0,0.16734056156420887,0.5467016146302703,False,False,False,False,False,False
2024-11-04 00:00:00,PRD-A,1.5911392356667347,0.2813684962936207,0.8523794717071191,1.297434156718313,1.7424888417295068,0.0,0.16734056156420887,0.5467016146302703,False,False,False,False,False,False
2024-11-04 08:00:00,PRD-A,1.0329408768887007,0.5581983587780339,0.8523794717071191,1.297434156718313,1.7424888417295068,0.0,0.16734056156420887,0.5467016146302703,False,False,False,False,False,True
2024-11-04 16:00:00,PRD-A,1.2751483973381728,0.24220752044947202,0.8523794717071191,1.297434156718313,1.7424888417295068,0.0,0.16734056156420887,0.5467016146302703,False,False,False,False,False,False
2024-11-05 00:00:00,PRD-A,0.9495475000037147,0.3256008973344581,0.8523794717071191,1.297434156718313,1.7424888417295068,0.0,0.16734056156420887,0.5467016146302703,False,False,False,False,False,False
2024-11-05 08:00:00,PRD-A,1.057107847037662,0.10756034703394735,0.8523794717071191,1.297434156718313,1.7424888417295068,0.0,0.16734056156420887,0.5467016146302703,False,False,False,False,False,False
2024-11-05 16:00:00,PRD-A,1.1514130013821346,0.09430515434447262,0.8523794717071191,1.297434156718313,1.7424888417295068,0.0,0.16734056156420887,0.5467016146302703,False,False,False,False,False,False
2024-11-12 00:00:00,PRD-A,1.207161258239124,0.055748256856989364,0.8523794717071191,1.297434156718313,1.7424888417295068,0.0,0.16734056156420887,0.5467016146302703,False,False,False,False,False,False
2024-11-12 08:00:00,PRD-A,1.0933017575801425,0.11385950065898154,0.8523794717071191,1.297434156718313,1.7424888417295068,0.0,0.16734056156420887,0.5467016146302703,False,False,False,False,False,False
2024-11-12 16:00:00,PRD-A,1.3385746773447216,0.2452729197645791,0.8523794717071191,1.297434156718313,1.7424888417295068,0.0,0.16734056156420887,0.5467016146302703,False,False,False,False,False,False
2024-11-13 00:00:00,PRD-A,1.0546058009560138,0.2839688763887078,0.8523794717071191,1.297434156718313,1.7424888417295068,0.0,0.16734056156420887,0.5467016146302703,False,False,False,False,False,False
2024-11-13 08:00:00,PRD-A,1.1265913161963297,0.07198551524031593,0.8523794717071191,1.297434156718313,1.7424888417295068,0.0,0.16734056156420887,0.5467016146302703,False,False,False,False,False,False
2024-11-13 16:00:00,PRD-A,1.39052244932351,0.2639311331271803,0.8523794717071191,1.297434156718313,1.7424888417295068,0.0,0.16734056156420887,0.5467016146302703,False,False,False,False,False,False
2024-11-20 00:00:00,PRD-A,1.2435259028353438,0.14699654648816618,0.8523794717071191,1.297434156718313,1.7424888417295068,0.0,0.16734056156420887,0.5467016146302703,False,False,False,False,False,False
2024-11-20 08:00:00,PRD-A,1.2188373190330162,0.024688583802327635,0.8523794717071191,1.297434156718313,1.7424888417295068,0.0,0.16734056156420887,0.5467016146302703,False,False,False,False,False,False
2024-11-20 16:00:00,PRD-A,1.4944745908323167,0.27563727179930053,0.8523794717071191,1.297434156718313,1.7424888417295068,0.0,0.16734056156420887,0.5467016146302703,False,False,False,False,False,False
2024-11-21 00:00:00,PRD-A,1.4253874075164525,0.06908718331586416,0.8523794717071191,1.297434156718313,1.7424888417295068,0.0,0.16734056156420887,0.5467016146302703,False,False,False,False,False,False
2024-11-21 08:00:00,PRD-A,1.423041098983828,0.002346308532624519,0.8523794717071191,1.297434156718313,1.7424888417295068,0.0,0.16734056156420887,0.5467016146302703,False,False,False,False,False,False
2024-11-21 16:00:00,PRD-A,1.2377016987949971,0.18533940018883088,0.8523794717071191,1.297434156718313,1.7424888417295068,0.0,0.16734056156420887,0.5467016146302703,False,False,False,False,False,False
2024-11-28 00:00:00,PRD-A,1.1558443638173423,0.0818573349776548,0.8523794717071191,1.297434156718313,1.7424888417295068,0.0,0.16734056156420887,0.5467016146302703,False,False,False,False,False,False
2024-11-28 08:00:00,PRD-A,1.156829002160636,0.0009846383432936534,0.8523794717071191,1.297434156718313,1.7424888417295068,0.0,0.16734056156420887,0.5467016146302703,False,False,False,False,False,False
2024-11-28 16:00:00,PRD-A,1.1867502875079818,0.02992128534734584,0.8523794717071191,1.297434156718313,1.7424888417295068,0.0,0.16734056156420887,0.5467016146302703,False,False,False,False,False,False
2024-11-29 00:00:00,PRD-A,1.31599820175042,0.1292479142424381,0.8523794717071191,1.297434156718313,1.7424888417295068,0.0,0.16734056156420887,0.5467016146302703,False,False,False,False,False,False
2024-11-29 08:00:00,PRD-A,1.1492746504530245,0.16672355129739547,0.8523794717071191,1.297434156718313,1.7424888417295068,0.0,0.16734056156420887,0.5467016146302703,False,False,False,False,False,False
2024-11-29 16:00:00,PRD-A,1.4119649176593392,0.2626902672063147,0.8523794717071191,1.297434156718313,1.7424888417295068,0.0,0.16734056156420887,0.5467016146302703,False,False,False,False,False,False
2024-12-06 00:00:00,PRD-A,1.1387217902662898,0.27324312739304935,0.8523794717071191,1.297434156718313,1.7424888417295068,0.0,0.16734056156420887,0.5467016146302703,False,False,False,False,False,False
2024-12-06 08:00:00,PRD-A,1.3203019788665673,0.18158018860027747,0.8523794717071191,1.297434156718313,1.7424888417295068,0.0,0.16734056156420887,0.5467016146302703,False,False,False,False,False,False
2024-12-06 16:00:00,PRD-A,1.520941979556593,0.20064000069002574,0.8523794717071191,1.297434156718313,1.7424888417295068,0.0,0.16734056156420887,0.5467016146302703,False,False,False,False,False,False
2024-12-07 00:00:00,PRD-A,1.326055992601353,0.19488598695523995,0.8523794717071191,1.297434156718313,1.7424888417295068,0.0,0.16734056156420887,0.5467016146302703,False,False,False,False,False,False
2024-12-07 08:00:00,PRD-A,1.3415699622247217,0.015513969623368595,0.8523794717071191,1.297434156718313,1.7424888417295068,0.0,0.16734056156420887,0.5467016146302703,False,False,False,False,False,False
2024-12-07 16:00:00,PRD-A,1.5115855767011468,0.1700156144764251,0.8523794717071191,1.297434156718313,1.7424888417295068,0.0,0.16734056156420887,0.5467016146302703,False,False,False,False,False,False
2024-12-14 00:00:00,PRD-A,1.3018198162856913,0.20976576041545547,0.8523794717071191,1.297434156718313,1.7424888417295068,0.0,0.16734056156420887,0.5467016146302703,False,False,False,False,False,False
2024-12-14 08:00:00,PRD-A,1.4909204638736817,0.1891006475879904,0.8523794717071191,1.297434156718313,1.7424888417295068,0.0,0.16734056156420887,0.5467016146302703,False,False,False,False,False,False
2024-12-14 16:00:00,PRD-A,1.6164112419963252,0.12549077812264353,0.8523794717071191,1.297434156718313,1.7424888417295068,0.0,0.16734056156420887,0.5467016146302703,False,False,False,True,True,False
2024-12-15 00:00:00,PRD-A,1.5270206225628598,0.08939061943346549,0.8523794717071191,1.297434156718313,1.7424888417295068,0.0,0.16734056156420887,0.5467016146302703,False,False,True,True,True,False
2024-12-15 08:00:00,PRD-A,1.6379641097332773,0.11094348717041758,0.8523794717071191,1.297434156718313,1.7424888417295068,0.0,0.16734056156420887,0.5467016146302703,False,True,True,True,True,False
2024-12-15 16:00:00,PRD-A,1.5738374255400773,0.0641266841932,0.8523794717071191,1.297434156718313,1.7424888417295068,0.0,0.16734056156420887,0.5467016146302703,False,False,True,True,True,False
2024-12-22 00:00:00,PRD-A,1.3677053613586705,0.20613206418140684,0.8523794717071191,1.297434156718313,1.7424888417295068,0.0,0.16734056156420887,0.5467016146302703,False,False,True,True,True,False
2024-12-22 08:00:00,PRD-A,1.3054646711190132,0.06224069023965728,0.8523794717071191,1.297434156718313,1.7424888417295068,0.0,0.16734056156420887,0.5467016146302703,False,False,False,True,True,False
2024-12-22 16:00:00,PRD-A,1.5845962160916365,0.27913154497262327,0.8523794717071191,1.297434156718313,1.7424888417295068,0.0,0.16734056156420887,0.5467016146302703,False,False,False,True,True,False
2024-12-23 00:00:00,PRD-A,1.447580095686243,0.13701612040539346,0.8523794717071191,1.297434156718313,1.7424888417295068,0.0,0.16734056156420887,0.5467016146302703,False,False,False,True,True,False
2024-12-23 08:00:00,PRD-A,1.5372151474877622,0.0896350518015192,0.8523794717071191,1.297434156718313,1.7424888417295068,0.0,0.16734056156420887,0.5467016146302703,False,False,False,True,True,False
2024-12-23 16:00:00,PRD-A,1.6600408085001876,0.12282566101242542,0.8523794717071191,1.297434156718313,1.7424888417295068,0.0,0.16734056156420887,0.5467016146302703,False,False,True,True,True,False
2024-12-30 00:00:00,PRD-A,1.556950395836752,0.10309041266343555,0.8523794717071191,1.297434156718313,1.7424888417295068,0.0,0.16734056156420887,0.5467016146302703,False,False,True,True,True,False
2024-12-30 08:00:00,PRD-A,1.3059832414796433,0.2509671543571088,0.8523794717071191,1.297434156718313,1.7424888417295068,0.0,0.16734056156420887,0.5467016146302703,False,False,True,True,True,False
2024-12-30 16:00:00,PRD-A,1.5581734484698977,0.2521902069902544,0.8523794717071191,1.297434156718313,1.7424888417295068,0.0,0.16734056156420887,0.5467016146302703,False,False,True,True,True,False
2024-12-31 00:00:00,PRD-A,1.6496859950764393,0.09151254660654162,0.8523794717071191,1.297434156718313,1.7424888417295068,0.0,0.16734056156420887,0.5467016146302703,False,False,True,True,True,False
2024-12-31 08:00:00,PRD-A,1.6223213763131141,0.027364618763325188,0.8523794717071191,1.297434156718313,1.7424888417295068,0.0,0.16734056156420887,0.5467016146302703,False,True,True,True,True,False
2024-12-31 16:00:00,PRD-A,1.6203705410166922,0.0019508352964219267,0.8523794717071191,1.297434156718313,1.7424888417295068,0.0,0.16734056156420887,0.5467016146302703,False,True,True,True,True,False
2025-01-07 00:00:00,PRD-A,1.2409640215583768,0.3794065194583154,0.8523794717071191,1.297434156718313,1.7424888417295068,0.0,0.16734056156420887,0.5467016146302703,False,True,True,False,True,False
2025-01-07 08:00:00,PRD-A,1.4217606908183336,0.18079666925995674,0.8523794717071191,1.297434156718313,1.7424888417295068,0.0,0.16734056156420887,0.5467016146302703,False,False,False,False,False,False
2025-01-07 16:00:00,PRD-A,1.484369765700164,0.06260907488183043,0.8523794717071191,1.297434156718313,1.7424888417295068,0.0,0.16734056156420887,0.5467016146302703,False,False,False,False,False,False
2025-01-08 00:00:00,PRD-A,1.3448663649582937,0.1395034007418703,0.8523794717071191,1.297434156718313,1.7424888417295068,0.0,0.16734056156420887,0.5467016146302703,False,False,False,False,False,False
2025-01-08 08:00:00,PRD-A,1.6326728332503653,0.28780646829207157,0.8523794717071191,1.297434156718313,1.7424888417295068,0.0,0.16734056156420887,0.5467016146302703,False,False,False,False,False,False
2025-01-08 16:00:00,PRD-A,1.5764790766506804,0.05619375659968484,0.8523794717071191,1.297434156718313,1.7424888417295068,0.0,0.16734056156420887,0.5467016146302703,False,False,False,False,False,False
2025-01-15 00:00:00,PRD-A,1.2607111754883795,0.3157679011623009,0.8523794717071191,1.297434156718313,1.7424888417295068,0.0,0.16734056156420887,0.5467016146302703,False,False,False,False,False,False
2025-01-15 08:00:00,PRD-A,1.3998561444015454,0.13914496891316586,0.8523794717071191,1.297434156718313,1.7424888417295068,0.0,0.16734056156420887,0.5467016146302703,False,False,False,False,False,False
2025-01-15 16:00:00,PRD-A,1.1452703732575724,0.25458577114397296,0.8523794717071191,1.297434156718313,1.7424888417295068,0.0,0.16734056156420887,0.5467016146302703,False,False,False,False,False,False
2025-01-16 00:00:00,PRD-A,1.0377946555727482,0.10747571768482422,0.8523794717071191,1.297434156718313,1.7424888417295068,0.0,0.16734056156420887,0.5467016146302703,False,False,False,False,False,False
2025-01-16 08:00:00,PRD-A,1.115133553994987,0.07733889842223873,0.8523794717071191,1.297434156718313,1.7424888417295068,0.0,0.16734056156420887,0.5467016146302703,False,False,False,False,False,False
2025-01-16 16:00:00,PRD-A,1.2782265329612106,0.16309297896622366,0.8523794717071191,1.297434156718313,1.7424888417295068,0.0,0.16734056156420887,0.5467016146302703,False,False,False,False,False,False
2025-01-23 00:00:00,PRD-A,0.8752468761434453,0.40297965681776526,0.8523794717071191,1.297434156718313,1.7424888417295068,0.0,0.16734056156420887,0.5467016146302703,False,False,True,False,True,False
2025-01-23 08:00:00,PRD-A,1.007349908649075,0.1321030325056296,0.8523794717071191,1.297434156718313,1.7424888417295068,0.0,0.16734056156420887,0.5467016146302703,False,False,True,False,True,False
2025-01-23 16:00:00,PRD-A,1.142271742987321,0.13492183433824612,0.8523794717071191,1.297434156718313,1.7424888417295068,0.0,0.16734056156420887,0.5467016146302703,False,False,True,False,True,False
2025-01-24 00:00:00,PRD-A,0.9291320812315842,0.21313966175573684,0.8523794717071191,1.297434156718313,1.7424888417295068,0.0,0.16734056156420887,0.5467016146302703,False,False,True,True,True,False
2025-01-24 08:00:00,PRD-A,0.9547247423190052,0.025592661087420976,0.8523794717071191,1.297434156718313,1.7424888417295068,0.0,0.16734056156420887,0.5467016146302703,False,True,True,True,True,False
2025-01-24 16:00:00,PRD-A,1.1195658410771845,0.16484109875817932,0.8523794717071191,1.297434156718313,1.7424888417295068,0.0,0.16734056156420887,0.5467016146302703,False,True,True,True,True,False
2025-01-31 00:00:00,PRD-A,1.2154947809116567,0.09592893983447226,0.8523794717071191,1.297434156718313,1.7424888417295068,0.0,0.16734056156420887,0.5467016146302703,False,False,True,True,True,False
2025-01-31 08:00:00,PRD-A,1.2267021729132959,0.011207392001639116,0.8523794717071191,1.297434156718313,1.7424888417295068,0.0,0.16734056156420887,0.5467016146302703,False,False,False,True,True,False
2025-01-31 16:00:00,PRD-A,1.3384748612369315,0.11177268832363563,0.8523794717071191,1.297434156718313,1.7424888417295068,0.0,0.16734056156420887,0.5467016146302703,False,False,False,False,False,False
2025-02-01 00:00:00,PRD-A,1.221478901369812,0.11699595986711953,0.8523794717071191,1.297434156718313,1.7424888417295068,0.0,0.16734056156420887,0.5467016146302703,False,False,False,False,False,False
2025-02-01 08:00:00,PRD-A,1.090059198895967,0.13141970247384505,0.8523794717071191,1.297434156718313,1.7424888417295068,0.0,0.16734056156420887,0.5467016146302703,False,False,False,False,False,False
2025-02-01 16:00:00,PRD-A,1.5500844048889202,0.46002520599295327,0.8523794717071191,1.297434156718313,1.7424888417295068,0.0,0.16734056156420887,0.5467016146302703,False,False,False,False,False,False
2025-02-08 00:00:00,PRD-A,1.158254620408179,0.39182978448074124,0.8523794717071191,1.297434156718313,1.7424888417295068,0.0,0.16734056156420887,0.5467016146302703,False,False,False,False,False,False
2025-02-08 08:00:00,PRD-A,1.3125234314213685,0.15426881101318957,0.8523794717071191,1.297434156718313,1.7424888417295068,0.0,0.16734056156420887,0.5467016146302703,False,False,False,False,False,False
2025-02-08 16:00:00,PRD-A,1.412467836400234,0.09994440497886559,0.8523794717071191,1.297434156718313,1.7424888417295068,0.0,0.16734056156420887,0.5467016146302703,False,False,False,False,False,False
2025-02-09 00:00:00,PRD-A,1.444437957708921,0.03197012130868693,0.8523794717071191,1.297434156718313,1.7424888417295068,0.0,0.16734056156420887,0.5467016146302703,False,False,False,False,False,False
2025-02-09 08:00:00,PRD-A,1.4258265718659346,0.018611385842986383,0.8523794717071191,1.297434156718313,1.7424888417295068,0.0,0.16734056156420887,0.5467016146302703,False,False,False,False,False,False
2025-02-09 16:00:00,PRD-A,1.5145446457679,0.08871807390196529,0.8523794717071191,1.297434156718313,1.7424888417295068,0.0,0.16734056156420887,0.5467016146302703,False,False,False,False,False,False
2025-02-16 00:00:00,PRD-A,1.015741914926878,0.4988027308410219,0.8523794717071191,1.297434156718313,1.7424888417295068,0.0,0.16734056156420887,0.5467016146302703,False,False,False,False,False,False
2025-02-16 08:00:00,PRD-A,1.0811450789636763,0.06540316403679824,0.8523794717071191,1.297434156718313,1.7424888417295068,0.0,0.16734056156420887,0.5467016146302703,False,False,False,False,False,False
2025-02-16 16:00:00,PRD-A,1.2524020961601983,0.17125701719652198,0.8523794717071191,1.297434156718313,1.7424888417295068,0.0,0.16734056156420887,0.5467016146302703,False,False,False,False,False,False
2025-02-17 00:00:00,PRD-A,1.2283116741408528,0.024090422019345414,0.8523794717071191,1.297434156718313,1.7424888417295068,0.0,0.16734056156420887,0.5467016146302703,False,False,False,False,False,False
2025-02-17 08:00:00,PRD-A,1.176075118733263,0.05223655540758987,0.8523794717071191,1.297434156718313,1.7424888417295068,0.0,0.16734056156420887,0.5467016146302703,False,False,False,False,False,False
2025-02-17 16:00:00,PRD-A,1.32620487864308,0.15012975990981703,0.8523794717071191,1.297434156718313,1.7424888417295068,0.0,0.16734056156420887,0.5467016146302703,False,False,False,False,False,False
2025-02-24 00:00:00,PRD-A,0.9371393560674041,0.38906552257567595,0.8523794717071191,1.297434156718313,1.7424888417295068,0.0,0.16734056156420887,0.5467016146302703,False,False,False,False,False,False
2025-02-24 08:00:00,PRD-A,1.1381861231474326,0.20104676708002855,0.8523794717071191,1.297434156718313,1.7424888417295068,0.0,0.16734056156420887,0.5467016146302703,False,False,False,False,False,False
2025-02-24 16:00:00,PRD-A,1.139987272659147,0.001801149511714284,0.8523794717071191,1.297434156718313,1.7424888417295068,0.0,0.16734056156420887,0.5467016146302703,False,False,False,False,False,False
2025-02-25 00:00:00,PRD-A,1.1303123575614635,0.009674915097683368,0.8523794717071191,1.297434156718313,1.7424888417295068,0.0,0.16734056156420887,0.5467016146302703,False,False,True,False,True,False
2025-02-25 08:00:00,PRD-A,1.0119998261171887,0.11831253144427478,0.8523794717071191,1.297434156718313,1.7424888417295068,0.0,0.16734056156420887,0.5467016146302703,False,False,True,False,True,False
2025-02-25 16:00:00,PRD-A,1.0101293041546846,0.0018705219625041458,0.8523794717071191,1.297434156718313,1.7424888417295068,0.0,0.16734056156420887,0.5467016146302703,False,False,True,False,True,False
2025-03-04 00:00:00,PRD-A,1.3544930649789502,0.34436376082426556,0.8523794717071191,1.297434156718313,1.7424888417295068,0.0,0.16734056156420887,0.5467016146302703,False,False,True,False,True,False
2025-03-04 08:00:00,PRD-A,1.4491118070546254,0.09461874207567522,0.8523794717071191,1.297434156718313,1.7424888417295068,0.0,0.16734056156420887,0.5467016146302703,False,False,False,False,False,False
2025-03-04 16:00:00,PRD-A,1.560262882505942,0.11115107545131653,0.8523794717071191,1.297434156718313,1.7424888417295068,0.0,0.16734056156420887,0.5467016146302703,False,False,False,False,False,False
2025-03-05 00:00:00,PRD-A,1.5141044993149173,0.04615838319102461,0.8523794717071191,1.297434156718313,1.7424888417295068,0.0,0.16734056156420887,0.5467016146302703,False,False,False,False,False,False
2025-03-05 08:00:00,PRD-A,1.2750539728226244,0.23905052649229286,0.8523794717071191,1.297434156718313,1.7424888417295068,0.0,0.16734056156420887,0.5467016146302703,False,False,False,False,False,False
2025-03-05 16:00:00,PRD-A,1.1994977196658818,0.07555625315674264,0.8523794717071191,1.297434156718313,1.7424888417295068,0.0,0.16734056156420887,0.5467016146302703,False,False,False,False,False,False
2025-03-12 00:00:00,PRD-A,1.117297313430573,0.08220040623530878,0.8523794717071191,1.297434156718313,1.7424888417295068,0.0,0.16734056156420887,0.5467016146302703,False,False,False,False,False,False
2025-03-12 08:00:00,PRD-A,1.250664950095231,0.1333676366646579,0.8523794717071191,1.297434156718313,1.7424888417295068,0.0,0.16734056156420887,0.5467016146302703,False,False,False,False,False,False
2025-03-12 16:00:00,PRD-A,1.434974208168248,0.184309258073017,0.8523794717071191,1.297434156718313,1.7424888417295068,0.0,0.16734056156420887,0.5467016146302703,False,False,False,False,False,False
2025-03-13 00:00:00,PRD-A,1.2425767427613348,0.19239746540691316,0.8523794717071191,1.297434156718313,1.7424888417295068,0.0,0.16734056156420887,0.5467016146302703,False,False,False,False,False,False
2025-03-13 08:00:00,PRD-A,1.3675412632205857,0.12496452045925088,0.8523794717071191,1.297434156718313,1.7424888417295068,0.0,0.16734056156420887,0.5467016146302703,False,False,False,False,False,False
2025-03-13 16:00:00,PRD-A,1.3907179153073779,0.023176652086792204,0.8523794717071191,1.297434156718313,1.7424888417295068,0.0,0.16734056156420887,0.5467016146302703,False,False,False,False,False,False
2025-03-20 00:00:00,PRD-A,1.574600141648496,0.18388222634111817,0.8523794717071191,1.297434156718313,1.7424888417295068,0.0,0.16734056156420887,0.5467016146302703,False,False,False,False,False,False
2025-03-20 08:00:00,PRD-A,1.5780973245841297,0.0034971829356336137,0.8523794717071191,1.297434156718313,1.7424888417295068,0.0,0.16734056156420887,0.5467016146302703,False,False,False,False,False,False
2025-03-20 16:00:00,PRD-A,1.8503800410609554,0.2722827164768258,0.8523794717071191,1.297434156718313,1.7424888417295068,0.0,0.16734056156420887,0.5467016146302703,True,False,False,False,True,False
2025-03-21 00:00:00,PRD-A,1.674197184925627,0.17618285613532847,0.8523794717071191,1.297434156718313,1.7424888417295068,0.0,0.16734056156420887,0.5467016146302703,False,True,True,False,True,False
2025-03-21 08:00:00,PRD-A,1.1639195495110704,0.5102776354145566,0.8523794717071191,1.297434156718313,1.7424888417295068,0.0,0.16734056156420887,0.5467016146302703,False,True,True,False,True,False
2025-03-21 16:00:00,PRD-A,1.2351035038025615,0.07118395429149116,0.8523794717071191,1.297434156718313,1.7424888417295068,0.0,0.16734056156420887,0.5467016146302703,False,False,False,False,False,False
2025-03-28 00:00:00,PRD-A,1.2130049966027374,0.02209850719982409,0.8523794717071191,1.297434156718313,1.7424888417295068,0.0,0.16734056156420887,0.5467016146302703,False,False,False,False,False,False
2025-03-28 08:00:00,PRD-A,1.2290354742245575,0.016030477621820083,0.8523794717071191,1.297434156718313,1.7424888417295068,0.0,0.16734056156420887,0.5467016146302703,False,False,False,False,False,False
2025-03-28 16:00:00,PRD-A,1.5526945842512379,0.32365911002668035,0.8523794717071191,1.297434156718313,1.7424888417295068,0.0,0.16734056156420887,0.5467016146302703,False,False,False,False,False,False
2025-03-29 00:00:00,PRD-A,1.4549019092362676,0.09779267501497024,0.8523794717071191,1.297434156718313,1.7424888417295068,0.0,0.16734056156420887,0.5467016146302703,False,False,False,False,False,False
2025-03-29 08:00:00,PRD-A,1.3104725393598504,0.1444293698764172,0.8523794717071191,1.297434156718313,1.7424888417295068,0.0,0.16734056156420887,0.5467016146302703,False,False,False,False,False,False
2025-03-29 16:00:00,PRD-A,1.5574590209725894,0.24698648161273895,0.8523794717071191,1.297434156718313,1.7424888417295068,0.0,0.16734056156420887,0.5467016146302703,False,False,False,False,False,False
2025-04-05 00:00:00,PRD-A,0.9960852503382066,0.5613737706343828,0.8523794717071191,1.297434156718313,1.7424888417295068,0.0,0.16734056156420887,0.5467016146302703,False,False,False,False,False,True
2025-04-05 08:00:00,PRD-A,1.132352921560797,0.13626767122259043,0.8523794717071191,1.297434156718313,1.7424888417295068,0.0,0.16734056156420887,0.5467016146302703,False,False,False,False,False,False
2025-04-05 16:00:00,PRD-A,1.2768586900866061,0.1445057685258091,0.8523794717071191,1.297434156718313,1.7424888417295068,0.0,0.16734056156420887,0.5467016146302703,False,False,False,False,False,False
2025-04-06 00:00:00,PRD-A,1.1095520679503477,0.16730662213625846,0.8523794717071191,1.297434156718313,1.7424888417295068,0.0,0.16734056156420887,0.5467016146302703,False,False,False,False,False,False
2025-04-06 08:00:00,PRD-A,1.1106068634642565,0.0010547955139088572,0.8523794717071191,1.297434156718313,1.7424888417295068,0.0,0.16734056156420887,0.5467016146302703,False,False,True,False,True,False
2025-04-06 16:00:00,PRD-A,1.2587031932721036,0.14809632980784704,0.8523794717071191,1.297434156718313,1.7424888417295068,0.0,0.16734056156420887,0.5467016146302703,False,False,False,False,False,False
2025-04-13 00:00:00,PRD-A,0.9952077705639678,0.26349542270813575,0.8523794717071191,1.297434156718313,1.7424888417295068,0.0,0.16734056156420887,0.5467016146302703,False,False,False,False,False,False
2025-04-13 08:00:00,PRD-A,1.1617628934597797,0.16655512289581187,0.8523794717071191,1.297434156718313,1.7424888417295068,0.0,0.16734056156420887,0.5467016146302703,False,False,False,True,True,False
2025-04-13 16:00:00,PRD-A,1.2551914528495531,0.09342855938977346,0.8523794717071191,1.297434156718313,1.7424888417295068,0.0,0.16734056156420887,0.5467016146302703,False,False,False,True,True,False
2025-04-14 00:00:00,PRD-A,1.3189500117026889,0.06375855885313575,0.8523794717071191,1.297434156718313,1.7424888417295068,0.0,0.16734056156420887,0.5467016146302703,False,False,False,False,False,False
2025-04-14 08:00:00,PRD-A,1.3679579698087097,0.049007958106020766,0.8523794717071191,1.297434156718313,1.7424888417295068,0.0,0.16734056156420887,0.5467016146302703,False,False,False,False,False,False
2025-04-14 16:00:00,PRD-A,1.3733171094991414,0.00535913969043178,0.8523794717071191,1.297434156718313,1.7424888417295068,0.0,0.16734056156420887,0.5467016146302703,False,False,False,False,False,False
2025-04-21 00:00:00,PRD-A,0.9451025253834274,0.428214584115714,0.8523794717071191,1.297434156718313,1.7424888417295068,0.0,0.16734056156420887,0.5467016146302703,False,False,False,False,False,False
2025-04-21 08:00:00,PRD-A,1.120638682232914,0.17553615684948654,0.8523794717071191,1.297434156718313,1.7424888417295068,0.0,0.16734056156420887,0.5467016146302703,False,False,False,False,False,False
2025-04-21 16:00:00,PRD-A,1.0809426565108744,0.03969602572203956,0.8523794717071191,1.297434156718313,1.7424888417295068,0.0,0.16734056156420887,0.5467016146302703,False,False,False,False,False,False
2025-04-22 00:00:00,PRD-A,1.202880757805847,0.12193810129497251,0.8523794717071191,1.297434156718313,1.7424888417295068,0.0,0.16734056156420887,0.5467016146302703,False,False,False,False,False,False
2025-04-22 08:00:00,PRD-A,1.1121213296604542,0.09075942814539273,0.8523794717071191,1.297434156718313,1.7424888417295068,0.0,0.16734056156420887,0.5467016146302703,False,False,True,False,True,False
2025-04-22 16:00:00,PRD-A,1.3412468208270076,0.22912549116655345,0.8523794717071191,1.297434156718313,1.7424888417295068,0.0,0.16734056156420887,0.5467016146302703,False,False,False,False,False,False
2025-04-29 00:00:00,PRD-A,1.4725386352571892,0.13129181443018156,0.8523794717071191,1.297434156718313,1.7424888417295068,0.0,0.16734056156420887,0.5467016146302703,False,False,False,False,False,False
2025-04-29 08:00:00,PRD-A,1.0664243891099294,0.40611424614725977,0.8523794717071191,1.297434156718313,1.7424888417295068,0.0,0.16734056156420887,0.5467016146302703,False,False,False,False,False,False
2025-04-29 16:00:00,PRD-A,1.3139284361241765,0.2475040470142471,0.8523794717071191,1.297434156718313,1.7424888417295068,0.0,0.16734056156420887,0.5467016146302703,False,False,False,False,False,False
2025-04-30 00:00:00,PRD-A,1.1924254998285442,0.12150293629563236,0.8523794717071191,1.297434156718313,1.7424888417295068,0.0,0.16734056156420887,0.5467016146302703,False,False,False,False,False,False
2025-04-30 08:00:00,PRD-A,1.1499864532403916,0.04243904658815256,0.8523794717071191,1.297434156718313,1.7424888417295068,0.0,0.16734056156420887,0.5467016146302703,False,False,False,False,False,False
2025-04-30 16:00:00,PRD-A,1.3492786243634387,0.1992921711230471,0.8523794717071191,1.297434156718313,1.7424888417295068,0.0,0.16734056156420887,0.5467016146302703,False,False,False,False,False,False
2025-05-07 00:00:00,PRD-A,1.463350383698664,0.1140717593352254,0.8523794717071191,1.297434156718313,1.7424888417295068,0.0,0.16734056156420887,0.5467016146302703,False,False,False,False,False,False
2025-05-07 08:00:00,PRD-A,1.5175035669439103,0.054153183245246206,0.8523794717071191,1.297434156718313,1.7424888417295068,0.0,0.16734056156420887,0.5467016146302703,False,False,False,False,False,False
2025-05-07 16:00:00,PRD-A,1.283428777582012,0.2340747893618984,0.8523794717071191,1.297434156718313,1.7424888417295068,0.0,0.16734056156420887,0.5467016146302703,False,False,False,False,False,False
2025-05-08 00:00:00,PRD-A,1.091752289826985,0.191676487755027,0.8523794717071191,1.297434156718313,1.7424888417295068,0.0,0.16734056156420887,0.5467016146302703,False,False,False,False,False,False
2025-05-08 08:00:00,PRD-A,1.0667518516258603,0.02500043820112463,0.8523794717071191,1.297434156718313,1.7424888417295068,0.0,0.16734056156420887,0.5467016146302703,False,False,False,False,False,False
2025-05-08 16:00:00,PRD-A,1.4203938499297133,0.353641998303853,0.8523794717071191,1.297434156718313,1.7424888417295068,0.0,0.16734056156420887,0.5467016146302703,False,False,False,False,False,False
2025-05-15 00:00:00,PRD-A,1.2799733480558777,0.1404205018738356,0.8523794717071191,1.297434156718313,1.7424888417295068,0.0,0.16734056156420887,0.5467016146302703,False,False,False,False,False,False
2025-05-15 08:00:00,PRD-A,1.1977404980551065,0.08223285000077118,0.8523794717071191,1.297434156718313,1.7424888417295068,0.0,0.16734056156420887,0.5467016146302703,False,False,False,False,False,False
2025-05-15 16:00:00,PRD-A,1.2279259999134384,0.03018550185833191,0.8523794717071191,1.297434156718313,1.7424888417295068,0.0,0.16734056156420887,0.5467016146302703,False,False,False,False,False,False
2025-05-16 00:00:00,PRD-A,1.3722126102648096,0.14428661035137114,0.8523794717071191,1.297434156718313,1.7424888417295068,0.0,0.16734056156420887,0.5467016146302703,False,False,False,False,False,False
2025-05-16 08:00:00,PRD-A,1.285442124008402,0.0867704862564076,0.8523794717071191,1.297434156718313,1.7424888417295068,0.0,0.16734056156420887,0.5467016146302703,False,False,False,False,False,False
2025-05-16 16:00:00,PRD-A,1.3335987297660643,0.04815660575766234,0.8523794717071191,1.297434156718313,1.7424888417295068,0.0,0.16734056156420887,0.5467016146302703,False,False,False,False,False,False
2025-05-23 00:00:00,PRD-A,1.260611596729737,0.0729871330363272,0.8523794717071191,1.297434156718313,1.7424888417295068,0.0,0.16734056156420887,0.5467016146302703,False,False,False,False,False,False
2025-05-23 08:00:00,PRD-A,1.1945079629181996,0.0661036338115375,0.8523794717071191,1.297434156718313,1.7424888417295068,0.0,0.16734056156420887,0.5467016146302703,False,False,False,False,False,False
2025-05-23 16:00:00,PRD-A,1.2536791671024354,0.059171204184235826,0.8523794717071191,1.297434156718313,1.7424888417295068,0.0,0.16734056156420887,0.5467016146302703,False,False,False,False,False,False
2025-05-24 00:00:00,PRD-A,1.364964330663969,0.1112851635615335,0.8523794717071191,1.297434156718313,1.7424888417295068,0.0,0.16734056156420887,0.5467016146302703,False,False,False,False,False,False
2025-05-24 08:00:00,PRD-A,1.2280788494366826,0.1368854812272864,0.8523794717071191,1.297434156718313,1.7424888417295068,0.0,0.16734056156420887,0.5467016146302703,False,False,False,False,False,False
2025-05-24 16:00:00,PRD-A,1.633250483889562,0.4051716344528795,0.8523794717071191,1.297434156718313,1.7424888417295068,0.0,0.16734056156420887,0.5467016146302703,False,False,False,False,False,False
2025-05-31 00:00:00,PRD-A,1.0703349125998012,0.5629155712897609,0.8523794717071191,1.297434156718313,1.7424888417295068,0.0,0.16734056156420887,0.5467016146302703,False,False,False,False,False,True
2025-05-31 08:00:00,PRD-A,1.0440246909187856,0.0263102216810156,0.8523794717071191,1.297434156718313,1.7424888417295068,0.0,0.16734056156420887,0.5467016146302703,False,False,False,False,False,False
2025-05-31 16:00:00,PRD-A,1.3089713151504867,0.2649466242317011,0.8523794717071191,1.297434156718313,1.7424888417295068,0.0,0.16734056156420887,0.5467016146302703,False,False,False,False,False,False
2025-06-01 00:00:00,PRD-A,1.146278307432206,0.16269300771828066,0.8523794717071191,1.297434156718313,1.7424888417295068,0.0,0.16734056156420887,0.5467016146302703,False,False,False,False,False,False
2025-06-01 08:00:00,PRD-A,1.2218161034795565,0.07553779604735045,0.8523794717071191,1.297434156718313,1.7424888417295068,0.0,0.16734056156420887,0.5467016146302703,False,False,False,False,False,False
2025-06-01 16:00:00,PRD-A,1.2414280662937796,0.01961196281422306,0.8523794717071191,1.297434156718313,1.7424888417295068,0.0,0.16734056156420887,0.5467016146302703,False,False,False,False,False,False
2025-06-08 00:00:00,PRD-A,1.327045040853887,0.08561697456010742,0.8523794717071191,1.297434156718313,1.7424888417295068,0.0,0.16734056156420887,0.5467016146302703,False,False,False,False,False,False
2025-06-08 08:00:00,PRD-A,1.4643367257574795,0.13729168490359256,0.8523794717071191,1.297434156718313,1.7424888417295068,0.0,0.16734056156420887,0.5467016146302703,False,False,False,False,False,False
2025-06-08 16:00:00,PRD-A,1.4345747983609196,0.029761927396559917,0.8523794717071191,1.297434156718313,1.7424888417295068,0.0,0.16734056156420887,0.5467016146302703,False,False,False,False,False,False
2025-06-09 00:00:00,PRD-A,1.2737400814317237,0.16083471692919593,0.8523794717071191,1.297434156718313,1.7424888417295068,0.0,0.16734056156420887,0.5467016146302703,False,False,False,False,False,False
2025-06-09 08:00:00,PRD-A,1.3711937464979669,0.0974536650662432,0.8523794717071191,1.297434156718313,1.7424888417295068,0.0,0.16734056156420887,0.5467016146302703,False,False,False,False,False,False
2025-06-09 16:00:00,PRD-A,1.4382572920807504,0.06706354558278349,0.8523794717071191,1.297434156718313,1.7424888417295068,0.0,0.16734056156420887,0.5467016146302703,False,False,False,False,False,False
2025-06-16 00:00:00,PRD-A,1.2211575718261887,0.2170997202545617,0.8523794717071191,1.297434156718313,1.7424888417295068,0.0,0.16734056156420887,0.5467016146302703,False,False,False,False,False,False
2025-06-16 08:00:00,PRD-A,1.3431868359341663,0.12202926410797765,0.8523794717071191,1.297434156718313,1.7424888417295068,0.0,0.16734056156420887,0.5467016146302703,False,False,False,False,False,False
2025-06-16 16:00:00,PRD-A,1.6463255725205381,0.3031387365863718,0.8523794717071191,1.297434156718313,1.7424888417295068,0.0,0.16734056156420887,0.5467016146302703,False,False,False,False,False,False
2025-06-17 00:00:00,PRD-A,0.8450413486190583,0.8012842239014798,0.8523794717071191,1.297434156718313,1.7424888417295068,0.0,0.16734056156420887,0.5467016146302703,True,False,False,False,True,True
2025-06-17 08:00:00,PRD-A,1.0650931287075869,0.22005178008852855,0.8523794717071191,1.297434156718313,1.7424888417295068,0.0,0.16734056156420887,0.5467016146302703,False,False,False,False,False,False
2025-06-17 16:00:00,PRD-A,1.1214633205845932,0.056370191877006315,0.8523794717071191,1.297434156718313,1.7424888417295068,0.0,0.16734056156420887,0.5467016146302703,False,False,False,False,False,False
2025-06-24 00:00:00,PRD-A,1.6283077115722753,0.5068443909876821,0.8523794717071191,1.297434156718313,1.7424888417295068,0.0,0.16734056156420887,0.5467016146302703,False,False,False,False,False,False
2025-06-24 08:00:00,PRD-A,1.5790685360217482,0.04923917555052704,0.8523794717071191,1.297434156718313,1.7424888417295068,0.0,0.16734056156420887,0.5467016146302703,False,False,False,False,False,False
2025-06-24 16:00:00,PRD-A,1.6107062776615164,0.03163774163976818,0.8523794717071191,1.297434156718313,1.7424888417295068,0.0,0.16734056156420887,0.5467016146302703,False,True,False,False,True,False
2025-06-25 00:00:00,PRD-A,1.5532335344717114,0.057472743189805,0.8523794717071191,1.297434156718313,1.7424888417295068,0.0,0.16734056156420887,0.5467016146302703,False,False,True,False,True,False
2025-06-25 08:00:00,PRD-A,1.6472660981905243,0.09403256371881286,0.8523794717071191,1.297434156718313,1.7424888417295068,0.0,0.16734056156420887,0.5467016146302703,False,True,True,False,True,False
2025-06-25 16:00:00,PRD-A,1.7049405738433692,0.05767447565284489,0.8523794717071191,1.297434156718313,1.7424888417295068,0.0,0.16734056156420887,0.5467016146302703,False,True,True,False,True,False
2024-01-03 00:00:00,PRD-A,0.8194738302921114,0.8854667435512578,0.8523794717071191,1.297434156718313,1.7424888417295068,0.0,0.16734056156420887,0.5467016146302703,True,True,True,False,True,True
2024-01-03 08:00:00,PRD-A,1.06604748165123,0.24657365135911857,0.8523794717071191,1.297434156718313,1.7424888417295068,0.0,0.16734056156420887,0.5467016146302703,False,False,False,False,False,False
2024-01-03 16:00:00,PRD-A,1.2222524123679557,0.1562049307167257,0.8523794717071191,1.297434156718313,1.7424888417295068,0.0,0.16734056156420887,0.5467016146302703,False,False,False,False,False,False
2024-01-04 00:00:00,PRD-A,1.021937959007822,0.20031445336013376,0.8523794717071191,1.297434156718313,1.7424888417295068,0.0,0.16734056156420887,0.5467016146302703,False,False,False,False,False,False
2024-01-04 08:00:00,PRD-A,1.1440246855300564,0.12208672652223451,0.8523794717071191,1.297434156718313,1.7424888417295068,0.0,0.16734056156420887,0.5467016146302703,False,False,True,False,True,False
2024-01-04 16:00:00,PRD-A,1.2307531169969748,0.08672843146691833,0.8523794717071191,1.297434156718313,1.7424888417295068,0.0,0.16734056156420887,0.5467016146302703,False,False,False,False,False,False
2024-01-11 00:00:00,PRD-A,1.135650060787697,0.09510305620927784,0.8523794717071191,1.297434156718313,1.7424888417295068,0.0,0.16734056156420887,0.5467016146302703,False,False,False,False,False,False
2024-01-11 08:00:00,PRD-A,1.1555194169192875,0.019869356131590576,0.8523794717071191,1.297434156718313,1.7424888417295068,0.0,0.16734056156420887,0.5467016146302703,False,False,False,True,True,False
2024-01-11 16:00:00,PRD-A,1.2807353349340271,0.12521591801473964,0.8523794717071191,1.297434156718313,1.7424888417295068,0.0,0.16734056156420887,0.5467016146302703,False,False,False,True,True,False
2024-01-12 00:00:00,PRD-A,1.1750401010793088,0.10569523385471835,0.8523794717071191,1.297434156718313,1.7424888417295068,0.0,0.16734056156420887,0.5467016146302703,False,False,False,True,True,False
2024-01-12 08:00:00,PRD-A,1.2351288120331356,0.06008871095382684,0.8523794717071191,1.297434156718313,1.7424888417295068,0.0,0.16734056156420887,0.5467016146302703,False,False,False,True,True,False
2024-01-12 16:00:00,PRD-A,1.468455070621581,0.23332625858844547,0.8523794717071191,1.297434156718313,1.7424888417295068,0.0,0.16734056156420887,0.5467016146302703,False,False,False,False,False,False
2024-01-19 00:00:00,PRD-A,1.0786964046694478,0.38975866595213327,0.8523794717071191,1.297434156718313,1.7424888417295068,0.0,0.16734056156420887,0.5467016146302703,False,False,False,False,False,False
2024-01-19 08:00:00,PRD-A,1.1733318212491617,0.09463541657971386,0.8523794717071191,1.297434156718313,1.7424888417295068,0.0,0.16734056156420887,0.5467016146302703,False,False,False,False,False,False
2024-01-19 16:00:00,PRD-A,1.1260138282539307,0.047317992995230984,0.8523794717071191,1.297434156718313,1.7424888417295068,0.0,0.16734056156420887,0.5467016146302703,False,False,False,False,False,False
2024-01-20 00:00:00,PRD-A,1.1564729589822809,0.03045913072835016,0.8523794717071191,1.297434156718313,1.7424888417295068,0.0,0.16734056156420887,0.5467016146302703,False,False,False,False,False,False
2024-01-20 08:00:00,PRD-A,0.9927700342435435,0.16370292473873738,0.8523794717071191,1.297434156718313,1.7424888417295068,0.0,0.16734056156420887,0.5467016146302703,False,False,False,False,False,False
2024-01-20 16:00:00,PRD-A,1.2774983273293377,0.28472829308579417,0.8523794717071191,1.297434156718313,1.7424888417295068,0.0,0.16734056156420887,0.5467016146302703,False,False,False,False,False,False
2024-01-27 00:00:00,PRD-A,1.2388350297384345,0.038663297590903145,0.8523794717071191,1.297434156718313,1.7424888417295068,0.0,0.16734056156420887,0.5467016146302703,False,False,False,False,False,False
2024-01-27 08:00:00,PRD-A,1.2318903723553773,0.006944657383057162,0.8523794717071191,1.297434156718313,1.7424888417295068,0.0,0.16734056156420887,0.5467016146302703,False,False,False,True,True,False
2024-01-27 16:00:00,PRD-A,1.4682819436965384,0.23639157134116107,0.8523794717071191,1.297434156718313,1.7424888417295068,0.0,0.16734056156420887,0.5467016146302703,False,False,False,False,False,False
2024-01-28 00:00:00,PRD-A,1.4025392903021214,0.06574265339441698,0.8523794717071191,1.297434156718313,1.7424888417295068,0.0,0.16734056156420887,0.5467016146302703,False,False,False,False,False,False
2024-01-28 08:00:00,PRD-A,1.2751121721415766,0.12742711816054486,0.8523794717071191,1.297434156718313,1.7424888417295068,0.0,0.16734056156420887,0.5467016146302703,False,False,False,False,False,False
2024-01-28 16:00:00,PRD-A,1.3985796208636017,0.12346744872202509,0.8523794717071191,1.297434156718313,1.7424888417295068,0.0,0.16734056156420887,0.5467016146302703,False,False,False,False,False,False
2024-02-04 00:00:00,PRD-A,1.3999174456168537,0.0013378247532520593,0.8523794717071191,1.297434156718313,1.7424888417295068,0.0,0.16734056156420887,0.5467016146302703,False,False,False,False,False,False
2024-02-04 08:00:00,PRD-A,1.397634131160883,0.002283314455970631,0.8523794717071191,1.297434156718313,1.7424888417295068,0.0,0.16734056156420887,0.5467016146302703,False,False,False,False,False,False
2024-02-04 16:00:00,PRD-A,1.4010240113747663,0.0033898802138832007,0.8523794717071191,1.297434156718313,1.7424888417295068,0.0,0.16734056156420887,0.5467016146302703,False,False,False,False,False,False
2024-02-05 00:00:00,PRD-A,1.5176157721643937,0.11659176078962741,0.8523794717071191,1.297434156718313,1.7424888417295068,0.0,0.16734056156420887,0.5467016146302703,False,False,False,False,False,False
2024-02-05 08:00:00,PRD-A,1.5632682718358581,0.04565249967146445,0.8523794717071191,1.297434156718313,1.7424888417295068,0.0,0.16734056156420887,0.5467016146302703,False,False,False,False,False,False
2024-02-05 16:00:00,PRD-A,1.4364728383919214,0.12679543344393673,0.8523794717071191,1.297434156718313,1.7424888417295068,0.0,0.16734056156420887,0.5467016146302703,False,False,False,False,False,False
2024-02-12 00:00:00,PRD-A,0.9940779284837865,0.4423949099081349,0.8523794717071191,1.297434156718313,1.7424888417295068,0.0,0.16734056156420887,0.5467016146302703,False,False,False,False,False,False
2024-02-12 08:00:00,PRD-A,1.1102758248999776,0.11619789641619105,0.8523794717071191,1.297434156718313,1.7424888417295068,0.0,0.16734056156420887,0.5467016146302703,False,False,False,False,False,False
2024-02-12 16:00:00,PRD-A,1.0872560641035423,0.023019760796435307,0.8523794717071191,1.297434156718313,1.7424888417295068,0.0,0.16734056156420887,0.5467016146302703,False,False,False,False,False,False
2024-02-13 00:00:00,PRD-A,1.046253645274369,0.041002418829173326,0.8523794717071191,1.297434156718313,1.7424888417295068,0.0,0.16734056156420887,0.5467016146302703,False,False,True,False,True,False
2024-02-13 08:00:00,PRD-A,1.352186415180967,0.3059327699065981,0.8523794717071191,1.297434156718313,1.7424888417295068,0.0,0.16734056156420887,0.5467016146302703,False,False,True,False,True,False
2024-02-13 16:00:00,PRD-A,1.348804338017132,0.0033820771638350955,0.8523794717071191,1.297434156718313,1.7424888417295068,0.0,0.16734056156420887,0.5467016146302703,False,False,False,False,False,False
2024-02-20 00:00:00,PRD-A,1.2040970043099675,0.1447073337071645,0.8523794717071191,1.297434156718313,1.7424888417295068,0.0,0.16734056156420887,0.5467016146302703,False,False,False,False,False,False
2024-02-20 08:00:00,PRD-A,1.1477901216465296,0.05630688266343786,0.8523794717071191,1.297434156718313,1.7424888417295068,0.0,0.16734056156420887,0.5467016146302703,False,False,False,False,False,False
2024-02-20 16:00:00,PRD-A,1.4014191302919459,0.25362900864541627,0.8523794717071191,1.297434156718313,1.7424888417295068,0.0,0.16734056156420887,0.5467016146302703,False,False,False,False,False,False
2024-02-21 00:00:00,PRD-A,1.2323583126651405,0.16906081762680536,0.8523794717071191,1.297434156718313,1.7424888417295068,0.0,0.16734056156420887,0.5467016146302703,False,False,False,False,False,False
2024-02-21 08:00:00,PRD-A,1.3738559358030349,0.14149762313789438,0.8523794717071191,1.297434156718313,1.7424888417295068,0.0,0.16734056156420887,0.5467016146302703,False,False,False,False,False,False
2024-02-21 16:00:00,PRD-A,1.3196433044457458,0.05421263135728904,0.8523794717071191,1.297434156718313,1.7424888417295068,0.0,0.16734056156420887,0.5467016146302703,False,False,False,False,False,False
2024-02-28 00:00:00,PRD-A,1.1504668776007296,0.16917642684501621,0.8523794717071191,1.297434156718313,1.7424888417295068,0.0,0.16734056156420887,0.5467016146302703,False,False,False,False,False,False
2024-02-28 08:00:00,PRD-A,1.2022292507571104,0.05176237315638077,0.8523794717071191,1.297434156718313,1.7424888417295068,0.0,0.16734056156420887,0.5467016146302703,False,False,False,False,False,False
2024-02-28 16:00:00,PRD-A,1.4194413112164723,0.21721206045936192,0.8523794717071191,1.297434156718313,1.7424888417295068,0.0,0.16734056156420887,0.5467016146302703,False,False,False,False,False,False
2024-02-29 00:00:00,PRD-A,1.1900482359760742,0.2293930752403981,0.8523794717071191,1.297434156718313,1.7424888417295068,0.0,0.16734056156420887,0.5467016146302703,False,False,False,False,False,False
2024-02-29 08:00:00,PRD-A,1.2852592737199706,0.09521103774389639,0.8523794717071191,1.297434156718313,1.7424888417295068,0.0,0.16734056156420887,0.5467016146302703,False,False,False,False,False,False
2024-02-29 16:00:00,PRD-A,1.4706285596723379,0.18536928595236724,0.8523794717071191,1.297434156718313,1.7424888417295068,0.0,0.16734056156420887,0.5467016146302703,False,False,False,False,False,False
2024-03-07 00:00:00,PRD-A,1.3847101968566984,0.08591836281563947,0.8523794717071191,1.297434156718313,1.7424888417295068,0.0,0.16734056156420887,0.5467016146302703,False,False,False,False,False,False
2024-03-07 08:00:00,PRD-A,1.4130215470890124,0.028311350232314014,0.8523794717071191,1.297434156718313,1.7424888417295068,0.0,0.16734056156420887,0.5467016146302703,False,False,False,False,False,False
2024-03-07 16:00:00,PRD-A,1.4294954940811508,0.016473946992138444,0.8523794717071191,1.297434156718313,1.7424888417295068,0.0,0.16734056156420887,0.5467016146302703,False,False,False,False,False,False
2024-03-08 00:00:00,PRD-A,0.9462238929228864,0.4832716011582644,0.8523794717071191,1.297434156718313,1.7424888417295068,0.0,0.16734056156420887,0.5467016146302703,False,False,False,False,False,False
2024-03-08 08:00:00,PRD-A,1.1412048435603352,0.1949809506374488,0.8523794717071191,1.297434156718313,1.7424888417295068,0.0,0.16734056156420887,0.5467016146302703,False,False,False,False,False,False
2024-03-08 16:00:00,PRD-A,1.0433426847692764,0.09786215879105886,0.8523794717071191,1.297434156718313,1.7424888417295068,0.0,0.16734056156420887,0.5467016146302703,False,False,False,False,False,False
2024-03-15 00:00:00,PRD-A,1.5936679200484138,0.5503252352791375,0.8523794717071191,1.297434156718313,1.7424888417295068,0.0,0.16734056156420887,0.5467016146302703,False,False,False,False,False,True
2024-03-15 08:00:00,PRD-A,1.4348874961610703,0.1587804238873436,0.8523794717071191,1.297434156718313,1.7424888417295068,0.0,0.16734056156420887,0.5467016146302703,False,False,False,False,False,False
2024-03-15 16:00:00,PRD-A,1.203140855282265,0.23174664087880514,0.8523794717071191,1.297434156718313,1.7424888417295068,0.0,0.16734056156420887,0.5467016146302703,False,False,False,False,False,False
2024-03-16 00:00:00,PRD-A,1.0715406493058608,0.13160020597640432,0.8523794717071191,1.297434156718313,1.7424888417295068,0.0,0.16734056156420887,0.5467016146302703,False,False,False,False,False,False
2024-03-16 08:00:00,PRD-A,1.2292111086735535,0.15767045936769275,0.8523794717071191,1.297434156718313,1.7424888417295068,0.0,0.16734056156420887,0.5467016146302703,False,False,False,False,False,False
2024-03-16 16:00:00,PRD-A,1.2257450801452547,0.0034660285282988035,0.8523794717071191,1.297434156718313,1.7424888417295068,0.0,0.16734056156420887,0.5467016146302703,False,False,False,False,False,False
2024-03-23 00:00:00,PRD-A,0.9240511541670614,0.30169392597819333,0.8523794717071191,1.297434156718313,1.7424888417295068,0.0,0.16734056156420887,0.5467016146302703,False,False,False,False,False,False
2024-03-23 08:00:00,PRD-A,1.0644117466516863,0.14036059248462485,0.8523794717071191,1.297434156718313,1.7424888417295068,0.0,0.16734056156420887,0.5467016146302703,False,False,False,False,False,False
2024-03-23 16:00:00,PRD-A,1.2713154915226692,0.20690374487098295,0.8523794717071191,1.297434156718313,1.7424888417295068,0.0,0.16734056156420887,0.5467016146302703,False,False,False,False,False,False
2024-03-24 00:00:00,PRD-A,1.0472790138641903,0.2240364776584789,0.8523794717071191,1.297434156718313,1.7424888417295068,0.0,0.16734056156420887,0.5467016146302703,False,False,False,True,True,False
2024-03-24 08:00:00,PRD-A,1.1690629218318893,0.121783907967699,0.8523794717071191,1.297434156718313,1.7424888417295068,0.0,0.16734056156420887,0.5467016146302703,False,False,False,True,True,False
2024-03-24 16:00:00,PRD-A,1.2317150292755896,0.06265210744370031,0.8523794717071191,1.297434156718313,1.7424888417295068,0.0,0.16734056156420887,0.5467016146302703,False,False,False,True,True,False
2024-03-31 00:00:00,PRD-A,1.0061108478969492,0.22560418137864047,0.8523794717071191,1.297434156718313,1.7424888417295068,0.0,0.16734056156420887,0.5467016146302703,False,False,False,True,True,False
2024-03-31 08:00:00,PRD-A,1.1538495373220945,0.14773868942514534,0.8523794717071191,1.297434156718313,1.7424888417295068,0.0,0.16734056156420887,0.5467016146302703,False,False,False,True,True,False
2024-03-31 16:00:00,PRD-A,1.2695484621645847,0.11569892484249023,0.8523794717071191,1.297434156718313,1.7424888417295068,0.0,0.16734056156420887,0.5467016146302703,False,False,False,True,True,False
2024-04-01 00:00:00,PRD-A,0.9235224412549229,0.34602602090966184,0.8523794717071191,1.297434156718313,1.7424888417295068,0.0,0.16734056156420887,0.5467016146302703,False,False,False,True,True,False
2024-04-01 08:00:00,PRD-A,0.9865751917394714,0.0630527504845485,0.8523794717071191,1.297434156718313,1.7424888417295068,0.0,0.16734056156420887,0.5467016146302703,False,True,False,True,True,False
2024-04-01 16:00:00,PRD-A,1.0600172427339465,0.0734420509944751,0.8523794717071191,1.297434156718313,1.7424888417295068,0.0,0.16734056156420887,0.5467016146302703,False,True,False,True,True,False
2024-04-08 00:00:00,PRD-A,1.4986520083002899,0.4386347655663434,0.8523794717071191,1.297434156718313,1.7424888417295068,0.0,0.16734056156420887,0.5467016146302703,False,False,False,False,False,False
2024-04-08 08:00:00,PRD-A,1.2636668376419498,0.23498517065834013,0.8523794717071191,1.297434156718313,1.7424888417295068,0.0,0.16734056156420887,0.5467016146302703,False,False,False,False,False,False
2024-04-08 16:00:00,PRD-A,1.4795283845290172,0.2158615468870675,0.8523794717071191,1.297434156718313,1.7424888417295068,0.0,0.16734056156420887,0.5467016146302703,False,False,False,False,False,False
2024-04-09 00:00:00,PRD-A,1.4627460804297054,0.016782304099311807,0.8523794717071191,1.297434156718313,1.7424888417295068,0.0,0.16734056156420887,0.5467016146302703,False,False,False,False,False,False
2024-04-09 08:00:00,PRD-A,1.5200668561637745,0.05732077573406902,0.8523794717071191,1.297434156718313,1.7424888417295068,0.0,0.16734056156420887,0.5467016146302703,False,False,True,False,True,False
2024-04-09 16:00:00,PRD-A,1.5864236714773525,0.06635681531357807,0.8523794717071191,1.297434156718313,1.7424888417295068,0.0,0.16734056156420887,0.5467016146302703,False,False,True,False,True,False
2024-04-16 00:00:00,PRD-A,1.3880145903852688,0.19840908109208377,0.8523794717071191,1.297434156718313,1.7424888417295068,0.0,0.16734056156420887,0.5467016146302703,False,False,True,False,True,False
2024-04-16 08:00:00,PRD-A,1.3332977671948105,0.05471682319045823,0.8523794717071191,1.297434156718313,1.7424888417295068,0.0,0.16734056156420887,0.5467016146302703,False,False,False,False,False,False
2024-04-16 16:00:00,PRD-A,1.570794376670089,0.2374966094752784,0.8523794717071191,1.297434156718313,1.7424888417295068,0.0,0.16734056156420887,0.5467016146302703,False,False,False,False,False,False
2024-04-17 00:00:00,PRD-A,1.5752213135475823,0.004426936877493404,0.8523794717071191,1.297434156718313,1.7424888417295068,0.0,0.16734056156420887,0.5467016146302703,False,False,False,True,True,False
2024-04-17 08:00:00,PRD-A,1.4201343521079792,0.1550869614396031,0.8523794717071191,1.297434156718313,1.7424888417295068,0.0,0.16734056156420887,0.5467016146302703,False,False,False,True,True,False
2024-04-17 16:00:00,PRD-A,1.6175878504136485,0.19745349830566927,0.8523794717071191,1.297434156718313,1.7424888417295068,0.0,0.16734056156420887,0.5467016146302703,False,False,False,True,True,False
2024-04-24 00:00:00,PRD-A,1.1197909715223802,0.49779687889126834,0.8523794717071191,1.297434156718313,1.7424888417295068,0.0,0.16734056156420887,0.5467016146302703,False,False,False,False,False,False
2024-04-24 08:00:00,PRD-A,1.2126101566718548,0.09281918514947463,0.8523794717071191,1.297434156718313,1.7424888417295068,0.0,0.16734056156420887,0.5467016146302703,False,False,False,False,False,False
2024-04-24 16:00:00,PRD-A,1.11446227629547,0.09814788037638489,0.8523794717071191,1.297434156718313,1.7424888417295068,0.0,0.16734056156420887,0.5467016146302703,False,False,False,False,False,False
2024-04-25 00:00:00,PRD-A,1.1916774761097904,0.07721519981432046,0.8523794717071191,1.297434156718313,1.7424888417295068,0.0,0.16734056156420887,0.5467016146302703,False,False,False,False,False,False
2024-04-25 08:00:00,PRD-A,1.0343673805248488,0.15731009558494158,0.8523794717071191,1.297434156718313,1.7424888417295068,0.0,0.16734056156420887,0.5467016146302703,False,False,False,False,False,False
2024-04-25 16:00:00,PRD-A,1.2065905849036123,0.17222320437876348,0.8523794717071191,1.297434156718313,1.7424888417295068,0.0,0.16734056156420887,0.5467016146302703,False,False,False,False,False,False
2024-05-02 00:00:00,PRD-A,1.0431594073024222,0.16343117760119008,0.8523794717071191,1.297434156718313,1.7424888417295068,0.0,0.16734056156420887,0.5467016146302703,False,False,False,False,False,False
2024-05-02 08:00:00,PRD-A,1.0627516477933685,0.019592240490946322,0.8523794717071191,1.297434156718313,1.7424888417295068,0.0,0.16734056156420887,0.5467016146302703,False,False,False,True,True,False
2024-05-02 16:00:00,PRD-A,1.1043778522120886,0.041626204418720114,0.8523794717071191,1.297434156718313,1.7424888417295068,0.0,0.16734056156420887,0.5467016146302703,False,False,True,True,True,False
2024-05-03 00:00:00,PRD-A,1.2273061682226398,0.12292831601055121,0.8523794717071191,1.297434156718313,1.7424888417295068,0.0,0.16734056156420887,0.5467016146302703,False,False,False,True,True,False
2024-05-03 08:00:00,PRD-A,1.1332724474504907,0.09403372077214911,0.8523794717071191,1.297434156718313,1.7424888417295068,0.0,0.16734056156420887,0.5467016146302703,False,False,True,True,True,False
2024-05-03 16:00:00,PRD-A,1.2950900091977762,0.16181756174728545,0.8523794717071191,1.297434156718313,1.7424888417295068,0.0,0.16734056156420887,0.5467016146302703,False,False,False,True,True,False
2024-05-10 00:00:00,PRD-A,1.1749351751382546,0.12015483405952154,0.8523794717071191,1.297434156718313,1.7424888417295068,0.0,0.16734056156420887,0.5467016146302703,False,False,False,True,True,False
2024-05-10 08:00:00,PRD-A,1.3172223234692622,0.14228714833100753,0.8523794717071191,1.297434156718313,1.7424888417295068,0.0,0.16734056156420887,0.5467016146302703,False,False,False,False,False,False
2024-05-10 16:00:00,PRD-A,1.5019202676386265,0.18469794416936436,0.8523794717071191,1.297434156718313,1.7424888417295068,0.0,0.16734056156420887,0.5467016146302703,False,False,False,False,False,False
2024-05-11 00:00:00,PRD-A,0.99143554918506,0.5104847184535665,0.8523794717071191,1.297434156718313,1.7424888417295068,0.0,0.16734056156420887,0.5467016146302703,False,False,False,False,False,False
2024-05-11 08:00:00,PRD-A,1.1199959889226516,0.12856043973759157,0.8523794717071191,1.297434156718313,1.7424888417295068,0.0,0.16734056156420887,0.5467016146302703,False,False,False,False,False,False
2024-05-11 16:00:00,PRD-A,1.3424529798052842,0.2224569908826326,0.8523794717071191,1.297434156718313,1.7424888417295068,0.0,0.16734056156420887,0.5467016146302703,False,False,False,False,False,False
2024-05-18 00:00:00,PRD-A,1.6676764460590847,0.3252234662538005,0.8523794717071191,1.297434156718313,1.7424888417295068,0.0,0.16734056156420887,0.5467016146302703,False,False,False,False,False,False
2024-05-18 08:00:00,PRD-A,1.3733709523718238,0.2943054936872609,0.8523794717071191,1.297434156718313,1.7424888417295068,0.0,0.16734056156420887,0.5467016146302703,False,False,False,False,False,False
2024-05-18 16:00:00,PRD-A,1.7589571838781044,0.3855862315062806,0.8523794717071191,1.297434156718313,1.7424888417295068,0.0,0.16734056156420887,0.5467016146302703,True,True,False,False,True,False
2024-05-19 00:00:00,PRD-A,1.087606575425736,0.6713506084523684,0.8523794717071191,1.297434156718313,1.7424888417295068,0.0,0.16734056156420887,0.5467016146302703,False,False,False,False,False,True
2024-05-19 08:00:00,PRD-A,0.9351244741510849,0.15248210127465112,0.8523794717071191,1.297434156718313,1.7424888417295068,0.0,0.16734056156420887,0.5467016146302703,False,False,False,False,False,False
2024-05-19 16:00:00,PRD-A,1.2565423060522816,0.32141783190119666,0.8523794717071191,1.297434156718313,1.7424888417295068,0.0,0.16734056156420887,0.5467016146302703,False,False,False,False,False,False
2024-05-26 00:00:00,PRD-A,1.4554126894574662,0.1988703834051846,0.8523794717071191,1.297434156718313,1.7424888417295068,0.0,0.16734056156420887,0.5467016146302703,False,False,False,False,False,False
2024-05-26 08:00:00,PRD-A,1.644794727809499,0.18938203835203282,0.8523794717071191,1.297434156718313,1.7424888417295068,0.0,0.16734056156420887,0.5467016146302703,False,False,False,False,False,False
2024-05-26 16:00:00,PRD-A,1.6002934138570535,0.0445013139524455,0.8523794717071191,1.297434156718313,1.7424888417295068,0.0,0.16734056156420887,0.5467016146302703,False,True,False,False,True,False
2024-05-27 00:00:00,PRD-A,1.2010140257462436,0.3992793881108099,0.8523794717071191,1.297434156718313,1.7424888417295068,0.0,0.16734056156420887,0.5467016146302703,False,True,False,False,True,False
2024-05-27 08:00:00,PRD-A,1.3219138975204872,0.12089987177424355,0.8523794717071191,1.297434156718313,1.7424888417295068,0.0,0.16734056156420887,0.5467016146302703,False,False,False,False,False,False
2024-05-27 16:00:00,PRD-A,1.3852009962861769,0.06328709876568972,0.8523794717071191,1.297434156718313,1.7424888417295068,0.0,0.16734056156420887,0.5467016146302703,False,False,False,False,False,False
2024-06-03 00:00:00,PRD-A,0.9977910881895646,0.38740990809661224,0.8523794717071191,1.297434156718313,1.7424888417295068,0.0,0.16734056156420887,0.5467016146302703,False,False,False,False,False,False
2024-06-03 08:00:00,PRD-A,0.9904353153496989,0.007355772839865771,0.8523794717071191,1.297434156718313,1.7424888417295068,0.0,0.16734056156420887,0.5467016146302703,False,True,False,False,True,False
2024-06-03 16:00:00,PRD-A,1.1546366229707299,0.16420130762103102,0.8523794717071191,1.297434156718313,1.7424888417295068,0.0,0.16734056156420887,0.5467016146302703,False,True,False,False,True,False
2024-06-04 00:00:00,PRD-A,1.0612444520277677,0.09339217094296215,0.8523794717071191,1.297434156718313,1.7424888417295068,0.0,0.16734056156420887,0.5467016146302703,False,False,False,False,False,False
2024-06-04 08:00:00,PRD-A,1.0033049453505105,0.057939506677257224,0.8523794717071191,1.297434156718313,1.7424888417295068,0.0,0.16734056156420887,0.5467016146302703,False,False,True,False,True,False
2024-06-04 16:00:00,PRD-A,1.4575761480564564,0.4542712027059459,0.8523794717071191,1.297434156718313,1.7424888417295068,0.0,0.16734056156420887,0.5467016146302703,False,False,False,False,False,False
2024-06-11 00:00:00,PRD-A,1.0537822825427736,0.4037938655136828,0.8523794717071191,1.297434156718313,1.7424888417295068,0.0,0.16734056156420887,0.5467016146302703,False,False,False,False,False,False
2024-06-11 08:00:00,PRD-A,1.3891697688123454,0.3353874862695718,0.8523794717071191,1.297434156718313,1.7424888417295068,0.0,0.16734056156420887,0.5467016146302703,False,False,False,False,False,False
2024-06-11 16:00:00,PRD-A,1.217088563648122,0.17208120516422354,0.8523794717071191,1.297434156718313,1.7424888417295068,0.0,0.16734056156420887,0.5467016146302703,False,False,False,False,False,False
2024-06-12 00:00:00,PRD-A,1.168277952572813,0.04881061107530882,0.8523794717071191,1.297434156718313,1.7424888417295068,0.0,0.16734056156420887,0.5467016146302703,False,False,False,False,False,False
2024-06-12 08:00:00,PRD-A,1.2312204612482374,0.06294250867542428,0.8523794717071191,1.297434156718313,1.7424888417295068,0.0,0.16734056156420887,0.5467016146302703,False,False,False,False,False,False
2024-06-12 16:00:00,PRD-A,1.3482099560991418,0.11698949485090449,0.8523794717071191,1.297434156718313,1.7424888417295068,0.0,0.16734056156420887,0.5467016146302703,False,False,False,False,False,False
2024-06-19 00:00:00,PRD-A,0.9184153985161001,0.42979455758304175,0.8523794717071191,1.297434156718313,1.7424888417295068,0.0,0.16734056156420887,0.5467016146302703,False,False,False,False,False,False
2024-06-19 08:00:00,PRD-A,1.2674057639026501,0.34899036538655004,0.8523794717071191,1.297434156718313,1.7424888417295068,0.0,0.16734056156420887,0.5467016146302703,False,False,False,False,False,False
2024-06-19 16:00:00,PRD-A,1.1786615051696039,0.08874425873304626,0.8523794717071191,1.297434156718313,1.7424888417295068,0.0,0.16734056156420887,0.5467016146302703,False,False,False,False,False,False
2024-06-20 00:00:00,PRD-A,1.1239435290207536,0.05471797614885032,0.8523794717071191,1.297434156718313,1.7424888417295068,0.0,0.16734056156420887,0.5467016146302703,False,False,False,False,False,False
2024-06-20 08:00:00,PRD-A,1.2202203009849624,0.09627677196420881,0.8523794717071191,1.297434156718313,1.7424888417295068,0.0,0.16734056156420887,0.5467016146302703,False,False,False,False,False,False
2024-06-20 16:00:00,PRD-A,1.2823138807404253,0.062093579755462924,0.8523794717071191,1.297434156718313,1.7424888417295068,0.0,0.16734056156420887,0.5467016146302703,False,False,False,False,False,False
2024-06-27 00:00:00,PRD-A,1.6063044502799229,0.32399056953949756,0.8523794717071191,1.297434156718313,1.7424888417295068,0.0,0.16734056156420887,0.5467016146302703,False,False,False,False,False,False
2024-06-27 08:00:00,PRD-A,1.1417160915458455,0.46458835873407733,0.8523794717071191,1.297434156718313,1.7424888417295068,0.0,0.16734056156420887,0.5467016146302703,False,False,False,False,False,False
2024-06-27 16:00:00,PRD-A,1.2185327572906377,0.07681666574479218,0.8523794717071191,1.297434156718313,1.7424888417295068,0.0,0.16734056156420887,0.5467016146302703,False,False,False,False,False,False
2024-06-28 00:00:00,PRD-A,1.110137572968877,0.10839518432176076,0.8523794717071191,1.297434156718313,1.7424888417295068,0.0,0.16734056156420887,0.5467016146302703,False,False,False,False,False,False
2024-06-28 08:00:00,PRD-A,1.1744047899353982,0.06426721696652127,0.8523794717071191,1.297434156718313,1.7424888417295068,0.0,0.16734056156420887,0.5467016146302703,False,False,False,False,False,False
2024-06-28 16:00:00,PRD-A,1.3617790862461223,0.1873742963107241,0.8523794717071191,1.297434156718313,1.7424888417295068,0.0,0.16734056156420887,0.5467016146302703,False,False,False,False,False,False
2024-07-05 00:00:00,PRD-A,1.5395812093892265,0.17780212314310417,0.8523794717071191,1.297434156718313,1.7424888417295068,0.0,0.16734056156420887,0.5467016146302703,False,False,False,False,False,False
2024-07-05 08:00:00,PRD-A,1.1998794855939403,0.3397017237952862,0.8523794717071191,1.297434156718313,1.7424888417295068,0.0,0.16734056156420887,0.5467016146302703,False,False,False,False,False,False
2024-07-05 16:00:00,PRD-A,1.730187813441371,0.5303083278474308,0.8523794717071191,1.297434156718313,1.7424888417295068,0.0,0.16734056156420887,0.5467016146302703,False,False,False,False,False,False
2024-07-06 00:00:00,PRD-A,1.4350749889393892,0.29511282450198184,0.8523794717071191,1.297434156718313,1.7424888417295068,0.0,0.16734056156420887,0.5467016146302703,False,False,False,False,False,False
2024-07-06 08:00:00,PRD-A,1.4631669332443544,0.0280919443049652,0.8523794717071191,1.297434156718313,1.7424888417295068,0.0,0.16734056156420887,0.5467016146302703,False,False,False,False,False,False
2024-07-06 16:00:00,PRD-A,1.647423751229269,0.18425681798491467,0.8523794717071191,1.297434156718313,1.7424888417295068,0.0,0.16734056156420887,0.5467016146302703,False,False,False,False,False,False
2024-07-13 00:00:00,PRD-A,1.2536417319819155,0.39378201924735357,0.8523794717071191,1.297434156718313,1.7424888417295068,0.0,0.16734056156420887,0.5467016146302703,False,False,False,False,False,False
2024-07-13 08:00:00,PRD-A,1.3359110253730138,0.08226929339109823,0.8523794717071191,1.297434156718313,1.7424888417295068,0.0,0.16734056156420887,0.5467016146302703,False,False,False,False,False,False
2024-07-13 16:00:00,PRD-A,1.5067226530351632,0.1708116276621494,0.8523794717071191,1.297434156718313,1.7424888417295068,0.0,0.16734056156420887,0.5467016146302703,False,False,False,False,False,False
2024-07-14 00:00:00,PRD-A,1.5142009801502545,0.007478327115091332,0.8523794717071191,1.297434156718313,1.7424888417295068,0.0,0.16734056156420887,0.5467016146302703,False,False,False,False,False,False
2024-07-14 08:00:00,PRD-A,1.389153090012758,0.1250478901374965,0.8523794717071191,1.297434156718313,1.7424888417295068,0.0,0.16734056156420887,0.5467016146302703,False,False,False,False,False,False
2024-07-14 16:00:00,PRD-A,1.493659862951407,0.10450677293864907,0.8523794717071191,1.297434156718313,1.7424888417295068,0.0,0.16734056156420887,0.5467016146302703,False,False,False,False,False,False
2024-07-21 00:00:00,PRD-A,1.322793153055618,0.170866709895789,0.8523794717071191,1.297434156718313,1.7424888417295068,0.0,0.16734056156420887,0.5467016146302703,False,False,False,False,False,False
2024-07-21 08:00:00,PRD-A,1.277406269493995,0.045386883561623126,0.8523794717071191,1.297434156718313,1.7424888417295068,0.0,0.16734056156420887,0.5467016146302703,False,False,False,False,False,False
2024-07-21 16:00:00,PRD-A,1.6603040722671767,0.38289780277318175,0.8523794717071191,1.297434156718313,1.7424888417295068,0.0,0.16734056156420887,0.5467016146302703,False,False,False,False,False,False
2024-07-22 00:00:00,PRD-A,1.1593033630107712,0.5010007092564055,0.8523794717071191,1.297434156718313,1.7424888417295068,0.0,0.16734056156420887,0.5467016146302703,False,False,False,False,False,False
2024-07-22 08:00:00,PRD-A,1.4801369098598303,0.32083354684905907,0.8523794717071191,1.297434156718313,1.7424888417295068,0.0,0.16734056156420887,0.5467016146302703,False,False,False,False,False,False
2024-07-22 16:00:00,PRD-A,1.5469359169007975,0.0667990070409672,0.8523794717071191,1.297434156718313,1.7424888417295068,0.0,0.16734056156420887,0.5467016146302703,False,False,False,False,False,False
2024-07-29 00:00:00,PRD-A,1.1974352476848422,0.34950066921595524,0.8523794717071191,1.297434156718313,1.7424888417295068,0.0,0.16734056156420887,0.5467016146302703,False,False,False,False,False,False
2024-07-29 08:00:00,PRD-A,1.274813412177038,0.07737816449219581,0.8523794717071191,1.297434156718313,1.7424888417295068,0.0,0.16734056156420887,0.5467016146302703,False,False,False,False,False,False
2024-07-29 16:00:00,PRD-A,1.3601104562188557,0.0852970440418177,0.8523794717071191,1.297434156718313,1.7424888417295068,0.0,0.16734056156420887,0.5467016146302703,False,False,False,False,False,False
2024-07-30 00:00:00,PRD-A,1.1846410463006283,0.17546940991822746,0.8523794717071191,1.297434156718313,1.7424888417295068,0.0,0.16734056156420887,0.5467016146302703,False,False,False,False,False,False
2024-07-30 08:00:00,PRD-A,1.2929069922328298,0.10826594593220151,0.8523794717071191,1.297434156718313,1.7424888417295068,0.0,0.16734056156420887,0.5467016146302703,False,False,False,False,False,False
2024-07-30 16:00:00,PRD-A,1.577144290403775,0.2842372981709451,0.8523794717071191,1.297434156718313,1.7424888417295068,0.0,0.16734056156420887,0.5467016146302703,False,False,False,False,False,False
2024-08-06 00:00:00,PRD-A,1.462685310597162,0.1144589798066129,0.8523794717071191,1.297434156718313,1.7424888417295068,0.0,0.16734056156420887,0.5467016146302703,False,False,False,False,False,False
2024-08-06 08:00:00,PRD-A,1.295443814747451,0.16724149584971104,0.8523794717071191,1.297434156718313,1.7424888417295068,0.0,0.16734056156420887,0.5467016146302703,False,False,False,False,False,False
2024-08-06 16:00:00,PRD-A,1.5535999492351584,0.25815613448770747,0.8523794717071191,1.297434156718313,1.7424888417295068,0.0,0.16734056156420887,0.5467016146302703,False,False,False,False,False,False
2024-08-07 00:00:00,PRD-A,1.2254885216107974,0.3281114276243611,0.8523794717071191,1.297434156718313,1.7424888417295068,0.0,0.16734056156420887,0.5467016146302703,False,False,False,False,False,False
2024-08-07 08:00:00,PRD-A,1.109627931544369,0.11586059006642846,0.8523794717071191,1.297434156718313,1.7424888417295068,0.0,0.16734056156420887,0.5467016146302703,False,False,False,False,False,False
2024-08-07 16:00:00,PRD-A,1.1948509940107526,0.08522306246638367,0.8523794717071191,1.297434156718313,1.7424888417295068,0.0,0.16734056156420887,0.5467016146302703,False,False,False,False,False,False
2024-08-14 00:00:00,PRD-A,1.464499745696776,0.26964875168602354,0.8523794717071191,1.297434156718313,1.7424888417295068,0.0,0.16734056156420887,0.5467016146302703,False,False,False,False,False,False
2024-08-14 08:00:00,PRD-A,1.6035167338159462,0.13901698811917007,0.8523794717071191,1.297434156718313,1.7424888417295068,0.0,0.16734056156420887,0.5467016146302703,False,False,False,False,False,False
2024-08-14 16:00:00,PRD-A,1.7564901647981275,0.1529734309821813,0.8523794717071191,1.297434156718313,1.7424888417295068,0.0,0.16734056156420887,0.5467016146302703,True,True,False,False,True,False
2024-08-15 00:00:00,PRD-A,1.5356318924865473,0.22085827231158017,0.8523794717071191,1.297434156718313,1.7424888417295068,0.0,0.16734056156420887,0.5467016146302703,False,True,True,False,True,False
2024-08-15 08:00:00,PRD-A,1.5463733263925976,0.010741433906050313,0.8523794717071191,1.297434156718313,1.7424888417295068,0.0,0.16734056156420887,0.5467016146302703,False,False,True,False,True,False
2024-08-15 16:00:00,PRD-A,1.7058120959498126,0.15943876955721503,0.8523794717071191,1.297434156718313,1.7424888417295068,0.0,0.16734056156420887,0.5467016146302703,False,False,True,False,True,False
2024-08-22 00:00:00,PRD-A,1.1222955453282726,0.5835165506215401,0.8523794717071191,1.297434156718313,1.7424888417295068,0.0,0.16734056156420887,0.5467016146302703,False,False,True,False,True,True
2024-08-22 08:00:00,PRD-A,1.272671122042408,0.15037557671413548,0.8523794717071191,1.297434156718313,1.7424888417295068,0.0,0.16734056156420887,0.5467016146302703,False,False,False,False,False,False
2024-08-22 16:00:00,PRD-A,1.4207415247684934,0.1480704027260853,0.8523794717071191,1.297434156718313,1.7424888417295068,0.0,0.16734056156420887,0.5467016146302703,False,False,False,False,False,False
2024-08-23 00:00:00,PRD-A,1.097450091738428,0.32329143303006536,0.8523794717071191,1.297434156718313,1.7424888417295068,0.0,0.16734056156420887,0.5467016146302703,False,False,False,False,False,False
2024-08-23 08:00:00,PRD-A,1.163006809576779,0.06555671783835093,0.8523794717071191,1.297434156718313,1.7424888417295068,0.0,0.16734056156420887,0.5467016146302703,False,False,False,False,False,False
2024-08-23 16:00:00,PRD-A,1.243161095939047,0.08015428636226796,0.8523794717071191,1.297434156718313,1.7424888417295068,0.0,0.16734056156420887,0.5467016146302703,False,False,False,False,False,False
2024-08-30 00:00:00,PRD-A,1.1438138614897062,0.09934723444934068,0.8523794717071191,1.297434156718313,1.7424888417295068,0.0,0.16734056156420887,0.5467016146302703,False,False,False,False,False,False
2024-08-30 08:00:00,PRD-A,1.2011882571277503,0.05737439563804414,0.8523794717071191,1.297434156718313,1.7424888417295068,0.0,0.16734056156420887,0.5467016146302703,False,False,False,False,False,False
2024-08-30 16:00:00,PRD-A,1.2165376865962485,0.015349429468498155,0.8523794717071191,1.297434156718313,1.7424888417295068,0.0,0.16734056156420887,0.5467016146302703,False,False,False,False,False,False
2024-08-31 00:00:00,PRD-A,1.3756846661162556,0.15914697952000711,0.8523794717071191,1.297434156718313,1.7424888417295068,0.0,0.16734056156420887,0.5467016146302703,False,False,False,False,False,False
2024-08-31 08:00:00,PRD-A,1.0183936448179667,0.35729102129828894,0.8523794717071191,1.297434156718313,1.7424888417295068,0.0,0.16734056156420887,0.5467016146302703,False,False,False,False,False,False
2024-08-31 16:00:00,PRD-A,1.2120823729606471,0.19368872814268046,0.8523794717071191,1.297434156718313,1.7424888417295068,0.0,0.16734056156420887,0.5467016146302703,False,False,False,False,False,False
2024-09-07 00:00:00,PRD-A,1.1834788726382648,0.028603500322382347,0.8523794717071191,1.297434156718313,1.7424888417295068,0.0,0.16734056156420887,0.5467016146302703,False,False,False,False,False,False
2024-09-07 08:00:00,PRD-A,1.1901705315213653,0.006691658883100526,0.8523794717071191,1.297434156718313,1.7424888417295068,0.0,0.16734056156420887,0.5467016146302703,False,False,False,False,False,False
2024-09-07 16:00:00,PRD-A,1.41558781013914,0.2254172786177746,0.8523794717071191,1.297434156718313,1.7424888417295068,0.0,0.16734056156420887,0.5467016146302703,False,False,False,False,False,False
2024-09-08 00:00:00,PRD-A,1.202216140864499,0.21337166927464102,0.8523794717071191,1.297434156718313,1.7424888417295068,0.0,0.16734056156420887,0.5467016146302703,False,False,False,False,False,False
2024-09-08 08:00:00,PRD-A,1.2500742925895725,0.04785815172507357,0.8523794717071191,1.297434156718313,1.7424888417295068,0.0,0.16734056156420887,0.5467016146302703,False,False,False,False,False,False
2024-09-08 16:00:00,PRD-A,1.0429140557090204,0.20716023688055207,0.8523794717071191,1.297434156718313,1.7424888417295068,0.0,0.16734056156420887,0.5467016146302703,False,False,False,False,False,False
2024-09-15 00:00:00,PRD-A,1.0290722676695365,0.013841788039483882,0.8523794717071191,1.297434156718313,1.7424888417295068,0.0,0.16734056156420887,0.5467016146302703,False,False,False,False,False,False
2024-09-15 08:00:00,PRD-A,1.1509035196867243,0.12183125201718781,0.8523794717071191,1.297434156718313,1.7424888417295068,0.0,0.16734056156420887,0.5467016146302703,False,False,False,False,False,False
2024-09-15 16:00:00,PRD-A,1.3428450939643721,0.1919415742776478,0.8523794717071191,1.297434156718313,1.7424888417295068,0.0,0.16734056156420887,0.5467016146302703,False,False,False,False,False,False
2024-09-16 00:00:00,PRD-A,1.1154736233097624,0.22737147065460972,0.8523794717071191,1.297434156718313,1.7424888417295068,0.0,0.16734056156420887,0.5467016146302703,False,False,False,False,False,False
2024-09-16 08:00:00,PRD-A,1.231014042204501,0.11554041889473865,0.8523794717071191,1.297434156718313,1.7424888417295068,0.0,0.16734056156420887,0.5467016146302703,False,False,False,False,False,False
2024-09-16 16:00:00,PRD-A,1.2678557167638278,0.03684167455932674,0.8523794717071191,1.297434156718313,1.7424888417295068,0.0,0.16734056156420887,0.5467016146302703,False,False,False,False,False,False
2024-09-23 00:00:00,PRD-A,1.0024855233201468,0.26537019344368096,0.8523794717071191,1.297434156718313,1.7424888417295068,0.0,0.16734056156420887,0.5467016146302703,False,False,False,False,False,False
2024-09-23 08:00:00,PRD-A,1.2459205318480462,0.24343500852789934,0.8523794717071191,1.297434156718313,1.7424888417295068,0.0,0.16734056156420887,0.5467016146302703,False,False,False,False,False,False
2024-09-23 16:00:00,PRD-A,1.3432277132790063,0.09730718143096007,0.8523794717071191,1.297434156718313,1.7424888417295068,0.0,0.16734056156420887,0.5467016146302703,False,False,False,False,False,False
2024-09-24 00:00:00,PRD-A,1.036494205799196,0.3067335074798103,0.8523794717071191,1.297434156718313,1.7424888417295068,0.0,0.16734056156420887,0.5467016146302703,False,False,False,False,False,False
2024-09-24 08:00:00,PRD-A,1.2561418250858758,0.21964761928667986,0.8523794717071191,1.297434156718313,1.7424888417295068,0.0,0.16734056156420887,0.5467016146302703,False,False,False,False,False,False
2024-09-24 16:00:00,PRD-A,1.2254942973830143,0.0306475277028615,0.8523794717071191,1.297434156718313,1.7424888417295068,0.0,0.16734056156420887,0.5467016146302703,False,False,False,False,False,False
2024-10-01 00:00:00,PRD-A,0.907299861678384,0.31819443570463035,0.8523794717071191,1.297434156718313,1.7424888417295068,0.0,0.16734056156420887,0.5467016146302703,False,False,False,False,False,False
2024-10-01 08:00:00,PRD-A,0.778912888873587,0.12838697280479694,0.8523794717071191,1.297434156718313,1.7424888417295068,0.0,0.16734056156420887,0.5467016146302703,True,True,False,False,True,False
2024-10-01 16:00:00,PRD-A,1.1287401504036634,0.34982726153007637,0.8523794717071191,1.297434156718313,1.7424888417295068,0.0,0.16734056156420887,0.5467016146302703,False,True,False,False,True,False
2024-10-02 00:00:00,PRD-A,1.0524764775506346,0.07626367285302882,0.8523794717071191,1.297434156718313,1.7424888417295068,0.0,0.16734056156420887,0.5467016146302703,False,False,True,False,True,False
2024-10-02 08:00:00,PRD-A,1.0689397995787884,0.016463322028153815,0.8523794717071191,1.297434156718313,1.7424888417295068,0.0,0.16734056156420887,0.5467016146302703,False,False,True,True,True,False
2024-10-02 16:00:00,PRD-A,1.2965851834067839,0.22764538382799548,0.8523794717071191,1.297434156718313,1.7424888417295068,0.0,0.16734056156420887,0.5467016146302703,False,False,True,True,True,False
2024-10-09 00:00:00,PRD-A,1.5397312774330938,0.24314609402630993,0.8523794717071191,1.297434156718313,1.7424888417295068,0.0,0.16734056156420887,0.5467016146302703,False,False,False,False,False,False
2024-10-09 08:00:00,PRD-A,0.9161321882616225,0.6235990891714713,0.8523794717071191,1.297434156718313,1.7424888417295068,0.0,0.16734056156420887,0.5467016146302703,False,False,False,False,False,True
2024-10-09 16:00:00,PRD-A,1.3966028762649207,0.4804706880032983,0.8523794717071191,1.297434156718313,1.7424888417295068,0.0,0.16734056156420887,0.5467016146302703,False,False,False,False,False,False
2024-10-10 00:00:00,PRD-A,1.2309974282782634,0.16560544798665733,0.8523794717071191,1.297434156718313,1.7424888417295068,0.0,0.16734056156420887,0.5467016146302703,False,False,False,False,False,False
2024-10-10 08:00:00,PRD-A,0.9786531066524689,0.25234432162579457,0.8523794717071191,1.297434156718313,1.7424888417295068,0.0,0.16734056156420887,0.5467016146302703,False,False,False,False,False,False
2024-10-10 16:00:00,PRD-A,1.1631644942915322,0.18451138763906338,0.8523794717071191,1.297434156718313,1.7424888417295068,0.0,0.16734056156420887,0.5467016146302703,False,False,False,False,False,False
2024-10-17 00:00:00,PRD-A,1.1193406678830151,0.04382382640851712,0.8523794717071191,1.297434156718313,1.7424888417295068,0.0,0.16734056156420887,0.5467016146302703,False,False,False,False,False,False
2024-10-17 08:00:00,PRD-A,1.2934868274285471,0.17414615954553203,0.8523794717071191,1.297434156718313,1.7424888417295068,0.0,0.16734056156420887,0.5467016146302703,False,False,False,False,False,False
2024-10-17 16:00:00,PRD-A,1.286754349156403,0.006732478272144071,0.8523794717071191,1.297434156718313,1.7424888417295068,0.0,0.16734056156420887,0.5467016146302703,False,False,False,False,False,False
2024-10-18 00:00:00,PRD-A,1.2935714270430432,0.006817077886640099,0.8523794717071191,1.297434156718313,1.7424888417295068,0.0,0.16734056156420887,0.5467016146302703,False,False,False,False,False,False
2024-10-18 08:00:00,PRD-A,1.1042138769356553,0.18935755010738786,0.8523794717071191,1.297434156718313,1.7424888417295068,0.0,0.16734056156420887,0.5467016146302703,False,False,False,True,True,False
2024-10-18 16:00:00,PRD-A,1.2987976779073729,0.19458380097171757,0.8523794717071191,1.297434156718313,1.7424888417295068,0.0,0.16734056156420887,0.5467016146302703,False,False,False,False,False,False
2024-10-25 00:00:00,PRD-A,1.1188554493197307,0.1799422285876422,0.8523794717071191,1.297434156718313,1.7424888417295068,0.0,0.16734056156420887,0.5467016146302703,False,False,False,False,False,False
2024-10-25 08:00:00,PRD-A,1.2529995752191192,0.1341441258993885,0.8523794717071191,1.297434156718313,1.7424888417295068,0.0,0.16734056156420887,0.5467016146302703,False,False,False,False,False,False
2024-10-25 16:00:00,PRD-A,1.409815616087115,0.15681604086799572,0.8523794717071191,1.297434156718313,1.7424888417295068,0.0,0.16734056156420887,0.5467016146302703,False,False,False,False,False,False
2024-10-26 00:00:00,PRD-A,0.9941099803844937,0.4157056357026212,0.8523794717071191,1.297434156718313,1.7424888417295068,0.0,0.16734056156420887,0.5467016146302703,False,False,False,False,False,False
2024-10-26 08:00:00,PRD-A,1.1947035920892008,0.20059361170470713,0.8523794717071191,1.297434156718313,1.7424888417295068,0.0,0.16734056156420887,0.5467016146302703,False,False,False,False,False,False
2024-10-26 16:00:00,PRD-A,1.0979805951279433,0.09672299696125752,0.8523794717071191,1.297434156718313,1.7424888417295068,0.0,0.16734056156420887,0.5467016146302703,False,False,False,False,False,False
2024-11-02 00:00:00,PRD-A,1.0513303345485305,0.046650260579412794,0.8523794717071191,1.297434156718313,1.7424888417295068,0.0,0.16734056156420887,0.5467016146302703,False,False,False,False,False,False
2024-11-02 08:00:00,PRD-A,1.252233198544828,0.20090286399629753,0.8523794717071191,1.297434156718313,1.7424888417295068,0.0,0.16734056156420887,0.5467016146302703,False,False,False,False,False,False
2024-11-02 16:00:00,PRD-A,1.3395752148362234,0.08734201629139537,0.8523794717071191,1.297434156718313,1.7424888417295068,0.0,0.16734056156420887,0.5467016146302703,False,False,False,False,False,False
2024-11-03 00:00:00,PRD-A,1.270196022407245,0.06937919242897839,0.8523794717071191,1.297434156718313,1.7424888417295068,0.0,0.16734056156420887,0.5467016146302703,False,False,False,False,False,False
2024-11-03 08:00:00,PRD-A,1.2280789288430627,0.04211709356418236,0.8523794717071191,1.297434156718313,1.7424888417295068,0.0,0.16734056156420887,0.5467016146302703,False,False,False,False,False,False
2024-11-03 16:00:00,PRD-A,1.476917101107389,0.24883817226432625,0.8523794717071191,1.297434156718313,1.7424888417295068,0.0,0.16734056156420887,0.5467016146302703,False,False,False,False,False,False
2024-11-10 00:00:00,PRD-A,1.186669308623867,0.29024779248352184,0.8523794717071191,1.297434156718313,1.7424888417295068,0.0,0.16734056156420887,0.5467016146302703,False,False,False,False,False,False
2024-11-10 08:00:00,PRD-A,1.2898559011008,0.10318659247693285,0.8523794717071191,1.297434156718313,1.7424888417295068,0.0,0.16734056156420887,0.5467016146302703,False,False,False,False,False,False
2024-11-10 16:00:00,PRD-A,1.1377964579656512,0.15205944313514874,0.8523794717071191,1.297434156718313,1.7424888417295068,0.0,0.16734056156420887,0.5467016146302703,False,False,False,False,False,False
2024-11-11 00:00:00,PRD-A,1.0521100986927552,0.08568635927289603,0.8523794717071191,1.297434156718313,1.7424888417295068,0.0,0.16734056156420887,0.5467016146302703,False,False,False,False,False,False
2024-11-11 08:00:00,PRD-A,1.1605295525371204,0.10841945384436524,0.8523794717071191,1.297434156718313,1.7424888417295068,0.0,0.16734056156420887,0.5467016146302703,False,False,False,False,False,False
2024-11-11 16:00:00,PRD-A,1.1322649158279596,0.028264636709160795,0.8523794717071191,1.297434156718313,1.7424888417295068,0.0,0.16734056156420887,0.5467016146302703,False,False,False,False,False,False
2024-11-18 00:00:00,PRD-A,1.3286474415911427,0.19638252576318305,0.8523794717071191,1.297434156718313,1.7424888417295068,0.0,0.16734056156420887,0.5467016146302703,False,False,False,False,False,False
2024-11-18 08:00:00,PRD-A,1.0656543907899154,0.26299305080122726,0.8523794717071191,1.297434156718313,1.7424888417295068,0.0,0.16734056156420887,0.5467016146302703,False,False,False,False,False,False
2024-11-18 16:00:00,PRD-A,1.4314858469909484,0.36583145620103297,0.8523794717071191,1.297434156718313,1.7424888417295068,0.0,0.16734056156420887,0.5467016146302703,False,False,False,False,False,False
2024-11-19 00:00:00,PRD-A,1.311938838631186,0.11954700835976229,0.8523794717071191,1.297434156718313,1.7424888417295068,0.0,0.16734056156420887,0.5467016146302703,False,False,False,False,False,False
2024-11-19 08:00:00,PRD-A,1.022215791878749,0.2897230467524372,0.8523794717071191,1.297434156718313,1.7424888417295068,0.0,0.16734056156420887,0.5467016146302703,False,False,False,False,False,False
2024-11-19 16:00:00,PRD-A,1.3360120994795046,0.3137963076007557,0.8523794717071191,1.297434156718313,1.7424888417295068,0.0,0.16734056156420887,0.5467016146302703,False,False,False,False,False,False
2024-11-26 00:00:00,PRD-A,1.5972865082252012,0.26127440874569663,0.8523794717071191,1.297434156718313,1.7424888417295068,0.0,0.16734056156420887,0.5467016146302703,False,False,False,False,False,False
2024-11-26 08:00:00,PRD-A,0.9539107309254211,0.6433757772997801,0.8523794717071191,1.297434156718313,1.7424888417295068,0.0,0.16734056156420887,0.5467016146302703,False,False,False,False,False,True
2024-11-26 16:00:00,PRD-A,1.3207780496028874,0.36686731867746625,0.8523794717071191,1.297434156718313,1.7424888417295068,0.0,0.16734056156420887,0.5467016146302703,False,False,False,False,False,False
2024-11-27 00:00:00,PRD-A,1.110985895766975,0.20979215383591243,0.8523794717071191,1.297434156718313,1.7424888417295068,0.0,0.16734056156420887,0.5467016146302703,False,False,False,False,False,False
2024-11-27 08:00:00,PRD-A,1.27963243744407,0.16864654167709503,0.8523794717071191,1.297434156718313,1.7424888417295068,0.0,0.16734056156420887,0.5467016146302703,False,False,False,False,False,False
2024-11-27 16:00:00,PRD-A,1.2450619743963685,0.034570463047701505,0.8523794717071191,1.297434156718313,1.7424888417295068,0.0,0.16734056156420887,0.5467016146302703,False,False,False,False,False,False
2024-12-04 00:00:00,PRD-A,1.3236016091467624,0.07853963475039394,0.8523794717071191,1.297434156718313,1.7424888417295068,0.0,0.16734056156420887,0.5467016146302703,False,False,False,False,False,False
2024-12-04 08:00:00,PRD-A,1.3289215034247115,0.0053198942779491,0.8523794717071191,1.297434156718313,1.7424888417295068,0.0,0.16734056156420887,0.5467016146302703,False,False,False,False,False,False
2024-12-04 16:00:00,PRD-A,1.355469655249503,0.02654815182479142,0.8523794717071191,1.297434156718313,1.7424888417295068,0.0,0.16734056156420887,0.5467016146302703,False,False,False,False,False,False
2024-12-05 00:00:00,PRD-A,1.2876989273714565,0.06777072787804639,0.8523794717071191,1.297434156718313,1.7424888417295068,0.0,0.16734056156420887,0.5467016146302703,False,False,False,False,False,False
2024-12-05 08:00:00,PRD-A,1.3819201828310859,0.09422125545962934,0.8523794717071191,1.297434156718313,1.7424888417295068,0.0,0.16734056156420887,0.5467016146302703,False,False,False,False,False,False
2024-12-05 16:00:00,PRD-A,1.5473385915399573,0.16541840870887148,0.8523794717071191,1.297434156718313,1.7424888417295068,0.0,0.16734056156420887,0.5467016146302703,False,False,False,False,False,False
2024-12-12 00:00:00,PRD-A,1.2908912406187976,0.2564473509211598,0.8523794717071191,1.297434156718313,1.7424888417295068,0.0,0.16734056156420887,0.5467016146302703,False,False,False,False,False,False
2024-12-12 08:00:00,PRD-A,1.1713819243869685,0.11950931623182903,0.8523794717071191,1.297434156718313,1.7424888417295068,0.0,0.16734056156420887,0.5467016146302703,False,False,False,False,False,False
2024-12-12 16:00:00,PRD-A,1.4089421504715205,0.23756022608455196,0.8523794717071191,1.297434156718313,1.7424888417295068,0.0,0.16734056156420887,0.5467016146302703,False,False,False,False,False,False
2024-12-13 00:00:00,PRD-A,1.098351777886878,0.3105903725846424,0.8523794717071191,1.297434156718313,1.7424888417295068,0.0,0.16734056156420887,0.5467016146302703,False,False,False,False,False,False
2024-12-13 08:00:00,PRD-A,1.5722258069119581,0.47387402902508,0.8523794717071191,1.297434156718313,1.7424888417295068,0.0,0.16734056156420887,0.5467016146302703,False,False,False,False,False,False
2024-12-13 16:00:00,PRD-A,1.3399992189268035,0.2322265879851546,0.8523794717071191,1.297434156718313,1.7424888417295068,0.0,0.16734056156420887,0.5467016146302703,False,False,False,False,False,False
2024-12-20 00:00:00,PRD-A,1.4184026040060211,0.07840338507921762,0.8523794717071191,1.297434156718313,1.7424888417295068,0.0,0.16734056156420887,0.5467016146302703,False,False,False,False,False,False
2024-12-20 08:00:00,PRD-A,1.236621127444602,0.1817814765614192,0.8523794717071191,1.297434156718313,1.7424888417295068,0.0,0.16734056156420887,0.5467016146302703,False,False,False,False,False,False
2024-12-20 16:00:00,PRD-A,1.445330878340195,0.20870975089559307,0.8523794717071191,1.297434156718313,1.7424888417295068,0.0,0.16734056156420887,0.5467016146302703,False,False,False,False,False,False
2024-12-21 00:00:00,PRD-A,1.586238294370397,0.14090741603020196,0.8523794717071191,1.297434156718313,1.7424888417295068,0.0,0.16734056156420887,0.5467016146302703,False,False,False,False,False,False
2024-12-21 08:00:00,PRD-A,1.2811734221786892,0.30506487219170775,0.8523794717071191,1.297434156718313,1.7424888417295068,0.0,0.16734056156420887,0.5467016146302703,False,False,False,False,False,False
2024-12-21 16:00:00,PRD-A,1.7984133136255778,0.5172398914468885,0.8523794717071191,1.297434156718313,1.7424888417295068,0.0,0.16734056156420887,0.5467016146302703,True,False,False,False,True,False
2024-12-28 00:00:00,PRD-A,1.0886272847576828,0.709786028867895,0.8523794717071191,1.297434156718313,1.7424888417295068,0.0,0.16734056156420887,0.5467016146302703,False,False,False,False,False,True
2024-12-28 08:00:00,PRD-A,1.0119912784056886,0.07663600635199419,0.8523794717071191,1.297434156718313,1.7424888417295068,0.0,0.16734056156420887,0.5467016146302703,False,False,False,False,False,False
2024-12-28 16:00:00,PRD-A,1.256756841270187,0.24476556286449846,0.8523794717071191,1.297434156718313,1.7424888417295068,0.0,0.16734056156420887,0.5467016146302703,False,False,False,False,False,False
2024-12-29 00:00:00,PRD-A,1.0082128327821915,0.24854400848799552,0.8523794717071191,1.297434156718313,1.7424888417295068,0.0,0.16734056156420887,0.5467016146302703,False,False,False,False,False,False
2024-12-29 08:00:00,PRD-A,1.0672948541067477,0.0590820213245562,0.8523794717071191,1.297434156718313,1.7424888417295068,0.0,0.16734056156420887,0.5467016146302703,False,False,True,False,True,False
2024-12-29 16:00:00,PRD-A,1.353537675121105,0.2862428210143573,0.8523794717071191,1.297434156718313,1.7424888417295068,0.0,0.16734056156420887,0.5467016146302703,False,False,False,False,False,False
2025-01-05 00:00:00,PRD-A,1.2833304182658545,0.07020725685525053,0.8523794717071191,1.297434156718313,1.7424888417295068,0.0,0.16734056156420887,0.5467016146302703,False,False,False,False,False,False
2025-01-05 08:00:00,PRD-A,1.0224475661053656,0.2608828521604889,0.8523794717071191,1.297434156718313,1.7424888417295068,0.0,0.16734056156420887,0.5467016146302703,False,False,False,False,False,False
2025-01-05 16:00:00,PRD-A,1.5343923298782052,0.5119447637728396,0.8523794717071191,1.297434156718313,1.7424888417295068,0.0,0.16734056156420887,0.5467016146302703,False,False,False,False,False,False
2025-01-06 00:00:00,PRD-A,1.3900766383662946,0.1443156915119106,0.8523794717071191,1.297434156718313,1.7424888417295068,0.0,0.16734056156420887,0.5467016146302703,False,False,False,False,False,False
2025-01-06 08:00:00,PRD-A,1.322167059442149,0.06790957892414551,0.8523794717071191,1.297434156718313,1.7424888417295068,0.0,0.16734056156420887,0.5467016146302703,False,False,False,False,False,False
2025-01-06 16:00:00,PRD-A,1.3306251241370903,0.008458064694941259,0.8523794717071191,1.297434156718313,1.7424888417295068,0.0,0.16734056156420887,0.5467016146302703,False,False,False,False,False,False
2025-01-13 00:00:00,PRD-A,1.2136732987297836,0.11695182540730675,0.8523794717071191,1.297434156718313,1.7424888417295068,0.0,0.16734056156420887,0.5467016146302703,False,False,False,False,False,False
2025-01-13 08:00:00,PRD-A,1.2151395462444747,0.0014662475146911547,0.8523794717071191,1.297434156718313,1.7424888417295068,0.0,0.16734056156420887,0.5467016146302703,False,False,False,False,False,False
2025-01-13 16:00:00,PRD-A,1.356783442820961,0.14164389657648635,0.8523794717071191,1.297434156718313,1.7424888417295068,0.0,0.16734056156420887,0.5467016146302703,False,False,False,False,False,False
2025-01-14 00:00:00,PRD-A,1.3037327169818926,0.05305072583906845,0.8523794717071191,1.297434156718313,1.7424888417295068,0.0,0.16734056156420887,0.5467016146302703,False,False,False,False,False,False
2025-01-14 08:00:00,PRD-A,1.2626768200705185,0.04105589691137412,0.8523794717071191,1.297434156718313,1.7424888417295068,0.0,0.16734056156420887,0.5467016146302703,False,False,False,False,False,False
2025-01-14 16:00:00,PRD-A,1.3745464931065494,0.1118696730360309,0.8523794717071191,1.297434156718313,1.7424888417295068,0.0,0.16734056156420887,0.5467016146302703,False,False,False,False,False,False
2025-01-21 00:00:00,PRD-A,0.9725993663184647,0.40194712678808475,0.8523794717071191,1.297434156718313,1.7424888417295068,0.0,0.16734056156420887,0.5467016146302703,False,False,False,False,False,False
2025-01-21 08:00:00,PRD-A,1.3342582376207088,0.36165887130224417,0.8523794717071191,1.297434156718313,1.7424888417295068,0.0,0.16734056156420887,0.5467016146302703,False,False,False,False,False,False
2025-01-21 16:00:00,PRD-A,1.4357337497131593,0.10147551209245043,0.8523794717071191,1.297434156718313,1.7424888417295068,0.0,0.16734056156420887,0.5467016146302703,False,False,False,False,False,False
2025-01-22 00:00:00,PRD-A,1.3121653657725258,0.12356838394063341,0.8523794717071191,1.297434156718313,1.7424888417295068,0.0,0.16734056156420887,0.5467016146302703,False,False,False,False,False,False
2025-01-22 08:00:00,PRD-A,1.3129389576215484,0.0007735918490225924,0.8523794717071191,1.297434156718313,1.7424888417295068,0.0,0.16734056156420887,0.5467016146302703,False,False,False,False,False,False
2025-01-22 16:00:00,PRD-A,1.2929870932750758,0.01995186434647267,0.8523794717071191,1.297434156718313,1.7424888417295068,0.0,0.16734056156420887,0.5467016146302703,False,False,False,False,False,False
2025-01-29 00:00:00,PRD-A,1.3026052329978157,0.009618139722739949,0.8523794717071191,1.297434156718313,1.7424888417295068,0.0,0.16734056156420887,0.5467016146302703,False,False,False,False,False,False
2025-01-29 08:00:00,PRD-A,1.299776883497009,0.0028283495008067927,0.8523794717071191,1.297434156718313,1.7424888417295068,0.0,0.16734056156420887,0.5467016146302703,False,False,False,False,False,False
2025-01-29 16:00:00,PRD-A,1.3997392078912687,0.09996232439425978,0.8523794717071191,1.297434156718313,1.7424888417295068,0.0,0.16734056156420887,0.5467016146302703,False,False,False,False,False,False
2025-01-30 00:00:00,PRD-A,1.3176773351941626,0.08206187269710608,0.8523794717071191,1.297434156718313,1.7424888417295068,0.0,0.16734056156420887,0.5467016146302703,False,False,False,False,False,False
2025-01-30 08:00:00,PRD-A,1.3693643733236005,0.05168703812943787,0.8523794717071191,1.297434156718313,1.7424888417295068,0.0,0.16734056156420887,0.5467016146302703,False,False,False,False,False,False
2025-01-30 16:00:00,PRD-A,1.377252225078827,0.00788785175522655,0.8523794717071191,1.297434156718313,1.7424888417295068,0.0,0.16734056156420887,0.5467016146302703,False,False,False,False,False,False
2025-02-06 00:00:00,PRD-A,1.573641713820936,0.19638948874210893,0.8523794717071191,1.297434156718313,1.7424888417295068,0.0,0.16734056156420887,0.5467016146302703,False,False,False,False,False,False
2025-02-06 08:00:00,PRD-A,1.1492265438478833,0.42441516997305273,0.8523794717071191,1.297434156718313,1.7424888417295068,0.0,0.16734056156420887,0.5467016146302703,False,False,False,False,False,False
2025-02-06 16:00:00,PRD-A,1.3060145618294536,0.15678801798157038,0.8523794717071191,1.297434156718313,1.7424888417295068,0.0,0.16734056156420887,0.5467016146302703,False,False,False,False,False,False
2025-02-07 00:00:00,PRD-A,1.1128835586605361,0.19313100316891751,0.8523794717071191,1.297434156718313,1.7424888417295068,0.0,0.16734056156420887,0.5467016146302703,False,False,False,False,False,False
2025-02-07 08:00:00,PRD-A,1.0925454374235062,0.020338121237029938,0.8523794717071191,1.297434156718313,1.7424888417295068,0.0,0.16734056156420887,0.5467016146302703,False,False,False,False,False,False
2025-02-07 16:00:00,PRD-A,1.2679194958069446,0.17537405838343845,0.8523794717071191,1.297434156718313,1.7424888417295068,0.0,0.16734056156420887,0.5467016146302703,False,False,False,False,False,False
2025-02-14 00:00:00,PRD-A,1.4089669271649634,0.14104743135801878,0.8523794717071191,1.297434156718313,1.7424888417295068,0.0,0.16734056156420887,0.5467016146302703,False,False,False,False,False,False
2025-02-14 08:00:00,PRD-A,1.2897359490017433,0.11923097816322015,0.8523794717071191,1.297434156718313,1.7424888417295068,0.0,0.16734056156420887,0.5467016146302703,False,False,False,False,False,False
2025-02-14 16:00:00,PRD-A,1.4525369356095525,0.16280098660780928,0.8523794717071191,1.297434156718313,1.7424888417295068,0.0,0.16734056156420887,0.5467016146302703,False,False,False,False,False,False
2025-02-15 00:00:00,PRD-A,1.273615159367316,0.1789217762422366,0.8523794717071191,1.297434156718313,1.7424888417295068,0.0,0.16734056156420887,0.5467016146302703,False,False,False,False,False,False
2025-02-15 08:00:00,PRD-A,1.4584407847476786,0.18482562538036262,0.8523794717071191,1.297434156718313,1.7424888417295068,0.0,0.16734056156420887,0.5467016146302703,False,False,False,False,False,False
2025-02-15 16:00:00,PRD-A,1.48586964265868,0.02742885791100136,0.8523794717071191,1.297434156718313,1.7424888417295068,0.0,0.16734056156420887,0.5467016146302703,False,False,False,False,False,False
2025-02-22 00:00:00,PRD-A,1.3218410679270791,0.16402857473160082,0.8523794717071191,1.297434156718313,1.7424888417295068,0.0,0.16734056156420887,0.5467016146302703,False,False,False,False,False,False
2025-02-22 08:00:00,PRD-A,1.2890763328299837,0.03276473509709543,0.8523794717071191,1.297434156718313,1.7424888417295068,0.0,0.16734056156420887,0.5467016146302703,False,False,False,False,False,False
2025-02-22 16:00:00,PRD-A,1.7373645100722515,0.44828817724226777,0.8523794717071191,1.297434156718313,1.7424888417295068,0.0,0.16734056156420887,0.5467016146302703,False,False,False,False,False,False
2025-02-23 00:00:00,PRD-A,1.6089815848556557,0.12838292521659578,0.8523794717071191,1.297434156718313,1.7424888417295068,0.0,0.16734056156420887,0.5467016146302703,False,True,False,False,True,False
2025-02-23 08:00:00,PRD-A,1.4082267271021434,0.20075485775351232,0.8523794717071191,1.297434156718313,1.7424888417295068,0.0,0.16734056156420887,0.5467016146302703,False,True,False,False,True,False
2025-02-23 16:00:00,PRD-A,1.3929593685789716,0.015267358523171737,0.8523794717071191,1.297434156718313,1.7424888417295068,0.0,0.16734056156420887,0.5467016146302703,False,False,False,False,False,False
2025-03-02 00:00:00,PRD-A,1.1511355208450755,0.2418238477338961,0.8523794717071191,1.297434156718313,1.7424888417295068,0.0,0.16734056156420887,0.5467016146302703,False,False,False,False,False,False
2025-03-02 08:00:00,PRD-A,1.0987048447361412,0.05243067610893437,0.8523794717071191,1.297434156718313,1.7424888417295068,0.0,0.16734056156420887,0.5467016146302703,False,False,False,False,False,False
2025-03-02 16:00:00,PRD-A,1.3349209752127278,0.23621613047658663,0.8523794717071191,1.297434156718313,1.7424888417295068,0.0,0.16734056156420887,0.5467016146302703,False,False,False,False,False,False
2025-03-03 00:00:00,PRD-A,1.0211931961042664,0.3137277791084614,0.8523794717071191,1.297434156718313,1.7424888417295068,0.0,0.16734056156420887,0.5467016146302703,False,False,False,False,False,False
2025-03-03 08:00:00,PRD-A,1.2515486950816614,0.23035549897739505,0.8523794717071191,1.297434156718313,1.7424888417295068,0.0,0.16734056156420887,0.5467016146302703,False,False,False,False,False,False
2025-03-03 16:00:00,PRD-A,1.3317661997105241,0.08021750462886268,0.8523794717071191,1.297434156718313,1.7424888417295068,0.0,0.16734056156420887,0.5467016146302703,False,False,False,False,False,False
2025-03-10 00:00:00,PRD-A,1.0416495818960965,0.29011661781442766,0.8523794717071191,1.297434156718313,1.7424888417295068,0.0,0.16734056156420887,0.5467016146302703,False,False,False,False,False,False
2025-03-10 08:00:00,PRD-A,1.2511368294819947,0.2094872475858982,0.8523794717071191,1.297434156718313,1.7424888417295068,0.0,0.16734056156420887,0.5467016146302703,False,False,False,False,False,False
2025-03-10 16:00:00,PRD-A,1.2336279460246935,0.017508883457301172,0.8523794717071191,1.297434156718313,1.7424888417295068,0.0,0.16734056156420887,0.5467016146302703,False,False,False,False,False,False
2025-03-11 00:00:00,PRD-A,1.2507275167417309,0.017099570717037382,0.8523794717071191,1.297434156718313,1.7424888417295068,0.0,0.16734056156420887,0.5467016146302703,False,False,False,False,False,False
2025-03-11 08:00:00,PRD-A,1.177795157959926,0.07293235878180493,0.8523794717071191,1.297434156718313,1.7424888417295068,0.0,0.16734056156420887,0.5467016146302703,False,False,False,False,False,False
2025-03-11 16:00:00,PRD-A,1.227909452735196,0.05011429477526996,0.8523794717071191,1.297434156718313,1.7424888417295068,0.0,0.16734056156420887,0.5467016146302703,False,False,False,False,False,False
2025-03-18 00:00:00,PRD-A,1.1589725052510513,0.06893694748414458,0.8523794717071191,1.297434156718313,1.7424888417295068,0.0,0.16734056156420887,0.5467016146302703,False,False,False,False,False,False
2025-03-18 08:00:00,PRD-A,1.2759947165024403,0.11702221125138901,0.8523794717071191,1.297434156718313,1.7424888417295068,0.0,0.16734056156420887,0.5467016146302703,False,False,False,True,True,False
2025-03-18 16:00:00,PRD-A,1.3072934367108395,0.03129872020839919,0.8523794717071191,1.297434156718313,1.7424888417295068,0.0,0.16734056156420887,0.5467016146302703,False,False,False,False,False,False
2025-03-19 00:00:00,PRD-A,1.1833344218563655,0.12395901485447403,0.8523794717071191,1.297434156718313,1.7424888417295068,0.0,0.16734056156420887,0.5467016146302703,False,False,False,False,False,False
2025-03-19 08:00:00,PRD-A,1.3130045962261265,0.12967017436976103,0.8523794717071191,1.297434156718313,1.7424888417295068,0.0,0.16734056156420887,0.5467016146302703,False,False,False,False,False,False
2025-03-19 16:00:00,PRD-A,1.250618216031968,0.06238638019415843,0.8523794717071191,1.297434156718313,1.7424888417295068,0.0,0.16734056156420887,0.5467016146302703,False,False,False,False,False,False
2025-03-26 00:00:00,PRD-A,1.4347478846160953,0.18412966858412716,0.8523794717071191,1.297434156718313,1.7424888417295068,0.0,0.16734056156420887,0.5467016146302703,False,False,False,False,False,False
2025-03-26 08:00:00,PRD-A,1.4956446780388148,0.060896793422719586,0.8523794717071191,1.297434156718313,1.7424888417295068,0.0,0.16734056156420887,0.5467016146302703,False,False,False,False,False,False
2025-03-26 16:00:00,PRD-A,1.319986282530087,0.17565839550872786,0.8523794717071191,1.297434156718313,1.7424888417295068,0.0,0.16734056156420887,0.5467016146302703,False,False,False,False,False,False
2025-03-27 00:00:00,PRD-A,1.6354614006216268,0.31547511809153983,0.8523794717071191,1.297434156718313,1.7424888417295068,0.0,0.16734056156420887,0.5467016146302703,False,False,False,False,False,False
2025-03-27 08:00:00,PRD-A,1.5275973708266173,0.10786402979500953,0.8523794717071191,1.297434156718313,1.7424888417295068,0.0,0.16734056156420887,0.5467016146302703,False,False,False,False,False,False
2025-03-27 16:00:00,PRD-A,1.719991506003181,0.19239413517656367,0.8523794717071191,1.297434156718313,1.7424888417295068,0.0,0.16734056156420887,0.5467016146302703,False,True,True,False,True,False
2025-04-03 00:00:00,PRD-A,1.1055359360922479,0.6144555699109331,0.8523794717071191,1.297434156718313,1.7424888417295068,0.0,0.16734056156420887,0.5467016146302703,False,False,False,False,False,True
2025-04-03 08:00:00,PRD-A,1.2515090532074709,0.14597311711522298,0.8523794717071191,1.297434156718313,1.7424888417295068,0.0,0.16734056156420887,0.5467016146302703,False,False,False,False,False,False
2025-04-03 16:00:00,PRD-A,1.3618908437929873,0.11038179058551645,0.8523794717071191,1.297434156718313,1.7424888417295068,0.0,0.16734056156420887,0.5467016146302703,False,False,False,False,False,False
2025-04-04 00:00:00,PRD-A,1.2723874367079564,0.0895034070850309,0.8523794717071191,1.297434156718313,1.7424888417295068,0.0,0.16734056156420887,0.5467016146302703,False,False,False,False,False,False
2025-04-04 08:00:00,PRD-A,0.9361999017492142,0.3361875349587422,0.8523794717071191,1.297434156718313,1.7424888417295068,0.0,0.16734056156420887,0.5467016146302703,False,False,False,False,False,False
2025-04-04 16:00:00,PRD-A,1.2001789683292046,0.2639790665799904,0.8523794717071191,1.297434156718313,1.7424888417295068,0.0,0.16734056156420887,0.5467016146302703,False,False,False,False,False,False
2025-04-11 00:00:00,PRD-A,0.8517762391568604,0.34840272917234416,0.8523794717071191,1.297434156718313,1.7424888417295068,0.0,0.16734056156420887,0.5467016146302703,True,True,False,False,True,False
2025-04-11 08:00:00,PRD-A,0.9907365107679065,0.13896027161104607,0.8523794717071191,1.297434156718313,1.7424888417295068,0.0,0.16734056156420887,0.5467016146302703,False,True,False,False,True,False
2025-04-11 16:00:00,PRD-A,1.308236338392891,0.3174998276249845,0.8523794717071191,1.297434156718313,1.7424888417295068,0.0,0.16734056156420887,0.5467016146302703,False,True,False,False,True,False
2025-04-12 00:00:00,PRD-A,1.1289849711136797,0.17925136727921132,0.8523794717071191,1.297434156718313,1.7424888417295068,0.0,0.16734056156420887,0.5467016146302703,False,False,False,False,False,False
2025-04-12 08:00:00,PRD-A,1.2599808542473803,0.13099588313370059,0.8523794717071191,1.297434156718313,1.7424888417295068,0.0,0.16734056156420887,0.5467016146302703,False,False,False,False,False,False
2025-04-12 16:00:00,PRD-A,1.3059365755798322,0.04595572133245196,0.8523794717071191,1.297434156718313,1.7424888417295068,0.0,0.16734056156420887,0.5467016146302703,False,False,False,False,False,False
2025-04-19 00:00:00,PRD-A,1.0775871437233584,0.22834943185647383,0.8523794717071191,1.297434156718313,1.7424888417295068,0.0,0.16734056156420887,0.5467016146302703,False,False,False,False,False,False
2025-04-19 08:00:00,PRD-A,1.1233948642462008,0.04580772052284243,0.8523794717071191,1.297434156718313,1.7424888417295068,0.0,0.16734056156420887,0.5467016146302703,False,False,False,False,False,False
2025-04-19 16:00:00,PRD-A,1.0964746491464157,0.02692021509978515,0.8523794717071191,1.297434156718313,1.7424888417295068,0.0,0.16734056156420887,0.5467016146302703,False,False,False,False,False,False
2025-04-20 00:00:00,PRD-A,1.2026151555965305,0.10614050645011486,0.8523794717071191,1.297434156718313,1.7424888417295068,0.0,0.16734056156420887,0.5467016146302703,False,False,False,False,False,False
2025-04-20 08:00:00,PRD-A,0.990343387888128,0.2122717677084025,0.8523794717071191,1.297434156718313,1.7424888417295068,0.0,0.16734056156420887,0.5467016146302703,False,False,True,False,True,False
2025-04-20 16:00:00,PRD-A,1.447540432454821,0.45719704456669286,0.8523794717071191,1.297434156718313,1.7424888417295068,0.0,0.16734056156420887,0.5467016146302703,False,False,False,False,False,False
2025-04-27 00:00:00,PRD-A,1.239933234182795,0.20760719827202578,0.8523794717071191,1.297434156718313,1.7424888417295068,0.0,0.16734056156420887,0.5467016146302703,False,False,False,False,False,False
2025-04-27 08:00:00,PRD-A,1.2995311556042581,0.05959792142146303,0.8523794717071191,1.297434156718313,1.7424888417295068,0.0,0.16734056156420887,0.5467016146302703,False,False,False,False,False,False
2025-04-27 16:00:00,PRD-A,1.3976567488921192,0.09812559328786108,0.8523794717071191,1.297434156718313,1.7424888417295068,0.0,0.16734056156420887,0.5467016146302703,False,False,False,False,False,False
2025-04-28 00:00:00,PRD-A,1.3694904155646128,0.0281663333275064,0.8523794717071191,1.297434156718313,1.7424888417295068,0.0,0.16734056156420887,0.5467016146302703,False,False,False,False,False,False
2025-04-28 08:00:00,PRD-A,1.260260408847033,0.10923000671757976,0.8523794717071191,1.297434156718313,1.7424888417295068,0.0,0.16734056156420887,0.5467016146302703,False,False,False,False,False,False
2025-04-28 16:00:00,PRD-A,1.351956003968132,0.09169559512109893,0.8523794717071191,1.297434156718313,1.7424888417295068,0.0,0.16734056156420887,0.5467016146302703,False,False,False,False,False,False
2025-05-05 00:00:00,PRD-A,1.312591631083913,0.03936437288421901,0.8523794717071191,1.297434156718313,1.7424888417295068,0.0,0.16734056156420887,0.5467016146302703,False,False,False,False,False,False
2025-05-05 08:00:00,PRD-A,1.497008248533073,0.18441661744915994,0.8523794717071191,1.297434156718313,1.7424888417295068,0.0,0.16734056156420887,0.5467016146302703,False,False,False,False,False,False
2025-05-05 16:00:00,PRD-A,1.636020698702837,0.13901245016976405,0.8523794717071191,1.297434156718313,1.7424888417295068,0.0,0.16734056156420887,0.5467016146302703,False,False,False,False,False,False
2025-05-06 00:00:00,PRD-A,1.5092768077784717,0.12674389092436522,0.8523794717071191,1.297434156718313,1.7424888417295068,0.0,0.16734056156420887,0.5467016146302703,False,False,False,False,False,False
2025-05-06 08:00:00,PRD-A,1.4571337579410024,0.05214304983746931,0.8523794717071191,1.297434156718313,1.7424888417295068,0.0,0.16734056156420887,0.5467016146302703,False,False,True,False,True,False
2025-05-06 16:00:00,PRD-A,1.2087842935304414,0.24834946441056105,0.8523794717071191,1.297434156718313,1.7424888417295068,0.0,0.16734056156420887,0.5467016146302703,False,False,True,False,True,False
2025-05-13 00:00:00,PRD-A,0.9793269000533857,0.22945739347705563,0.8523794717071191,1.297434156718313,1.7424888417295068,0.0,0.16734056156420887,0.5467016146302703,False,False,False,False,False,False
2025-05-13 08:00:00,PRD-A,1.2342953555171472,0.25496845546376146,0.8523794717071191,1.297434156718313,1.7424888417295068,0.0,0.16734056156420887,0.5467016146302703,False,False,False,False,False,False
2025-05-13 16:00:00,PRD-A,1.3939438674310616,0.15964851191391438,0.8523794717071191,1.297434156718313,1.7424888417295068,0.0,0.16734056156420887,0.5467016146302703,False,False,False,False,False,False
2025-05-14 00:00:00,PRD-A,1.2538631605287838,0.1400807069022778,0.8523794717071191,1.297434156718313,1.7424888417295068,0.0,0.16734056156420887,0.5467016146302703,False,False,False,False,False,False
2025-05-14 08:00:00,PRD-A,1.2671975816365353,0.013334421107751515,0.8523794717071191,1.297434156718313,1.7424888417295068,0.0,0.16734056156420887,0.5467016146302703,False,False,False,False,False,False
2025-05-14 16:00:00,PRD-A,1.2965148755209877,0.029317293884452367,0.8523794717071191,1.297434156718313,1.7424888417295068,0.0,0.16734056156420887,0.5467016146302703,False,False,False,False,False,False
2025-05-21 00:00:00,PRD-A,1.356664314609771,0.06014943908878334,0.8523794717071191,1.297434156718313,1.7424888417295068,0.0,0.16734056156420887,0.5467016146302703,False,False,False,False,False,False
2025-05-21 08:00:00,PRD-A,1.2904473877242455,0.0662169268855255,0.8523794717071191,1.297434156718313,1.7424888417295068,0.0,0.16734056156420887,0.5467016146302703,False,False,False,False,False,False
2025-05-21 16:00:00,PRD-A,1.328731289069627,0.03828390134538151,0.8523794717071191,1.297434156718313,1.7424888417295068,0.0,0.16734056156420887,0.5467016146302703,False,False,False,False,False,False
2025-05-22 00:00:00,PRD-A,1.226662685466339,0.10206860360328807,0.8523794717071191,1.297434156718313,1.7424888417295068,0.0,0.16734056156420887,0.5467016146302703,False,False,False,False,False,False
2025-05-22 08:00:00,PRD-A,1.0137997208054643,0.21286296466087462,0.8523794717071191,1.297434156718313,1.7424888417295068,0.0,0.16734056156420887,0.5467016146302703,False,False,False,False,False,False
2025-05-22 16:00:00,PRD-A,1.1344465946932174,0.12064687388775308,0.8523794717071191,1.297434156718313,1.7424888417295068,0.0,0.16734056156420887,0.5467016146302703,False,False,False,False,False,False
2025-05-29 00:00:00,PRD-A,1.0793330247918673,0.05511356990135008,0.8523794717071191,1.297434156718313,1.7424888417295068,0.0,0.16734056156420887,0.5467016146302703,False,False,False,False,False,False
2025-05-29 08:00:00,PRD-A,1.2877906447106329,0.20845761991876555,0.8523794717071191,1.297434156718313,1.7424888417295068,0.0,0.16734056156420887,0.5467016146302703,False,False,False,False,False,False
2025-05-29 16:00:00,PRD-A,1.333245810489657,0.04545516577902409,0.8523794717071191,1.297434156718313,1.7424888417295068,0.0,0.16734056156420887,0.5467016146302703,False,False,False,False,False,False
2025-05-30 00:00:00,PRD-A,1.3304910116724225,0.002754798817234505,0.8523794717071191,1.297434156718313,1.7424888417295068,0.0,0.16734056156420887,0.5467016146302703,False,False,False,False,False,False
2025-05-30 08:00:00,PRD-A,1.1546305377627877,0.17586047390963477,0.8523794717071191,1.297434156718313,1.7424888417295068,0.0,0.16734056156420887,0.5467016146302703,False,False,False,False,False,False
2025-05-30 16:00:00,PRD-A,1.4821932615098967,0.32756272374710904,0.8523794717071191,1.297434156718313,1.7424888417295068,0.0,0.16734056156420887,0.5467016146302703,False,False,False,False,False,False
2025-06-06 00:00:00,PRD-A,1.6227957989352675,0.14060253742537077,0.8523794717071191,1.297434156718313,1.7424888417295068,0.0,0.16734056156420887,0.5467016146302703,False,False,False,False,False,False
2025-06-06 08:00:00,PRD-A,1.5742508911476285,0.04854490778763898,0.8523794717071191,1.297434156718313,1.7424888417295068,0.0,0.16734056156420887,0.5467016146302703,False,False,False,False,False,False
2025-06-06 16:00:00,PRD-A,1.4653269607580257,0.1089239303896028,0.8523794717071191,1.297434156718313,1.7424888417295068,0.0,0.16734056156420887,0.5467016146302703,False,False,True,False,True,False
2025-06-07 00:00:00,PRD-A,1.4337244970621508,0.03160246369587494,0.8523794717071191,1.297434156718313,1.7424888417295068,0.0,0.16734056156420887,0.5467016146302703,False,False,True,False,True,False
2025-06-07 08:00:00,PRD-A,1.5220221523619368,0.08829765529978606,0.8523794717071191,1.297434156718313,1.7424888417295068,0.0,0.16734056156420887,0.5467016146302703,False,False,True,False,True,False
2025-06-07 16:00:00,PRD-A,1.8090454147488575,0.28702326238692066,0.8523794717071191,1.297434156718313,1.7424888417295068,0.0,0.16734056156420887,0.5467016146302703,True,False,True,False,True,False
2025-06-14 00:00:00,PRD-A,1.1425747666518025,0.666470648097055,0.8523794717071191,1.297434156718313,1.7424888417295068,0.0,0.16734056156420887,0.5467016146302703,False,False,False,False,False,True
2025-06-14 08:00:00,PRD-A,1.265896824731684,0.1233220580798815,0.8523794717071191,1.297434156718313,1.7424888417295068,0.0,0.16734056156420887,0.5467016146302703,False,False,False,False,False,False
2025-06-14 16:00:00,PRD-A,1.230443616290759,0.03545320844092492,0.8523794717071191,1.297434156718313,1.7424888417295068,0.0,0.16734056156420887,0.5467016146302703,False,False,False,False,False,False
2025-06-15 00:00:00,PRD-A,1.3065369455548315,0.07609332926407242,0.8523794717071191,1.297434156718313,1.7424888417295068,0.0,0.16734056156420887,0.5467016146302703,False,False,False,False,False,False
2025-06-15 08:00:00,PRD-A,1.1146498761551433,0.19188706939968814,0.8523794717071191,1.297434156718313,1.7424888417295068,0.0,0.16734056156420887,0.5467016146302703,False,False,False,False,False,False
2025-06-15 16:00:00,PRD-A,1.3331687794571372,0.21851890330199386,0.8523794717071191,1.297434156718313,1.7424888417295068,0.0,0.16734056156420887,0.5467016146302703,False,False,False,False,False,False
2025-06-22 00:00:00,PRD-A,1.1683138510752515,0.16485492838188565,0.8523794717071191,1.297434156718313,1.7424888417295068,0.0,0.16734056156420887,0.5467016146302703,False,False,False,False,False,False
2025-06-22 08:00:00,PRD-A,1.2555217873855031,0.08720793631025159,0.8523794717071191,1.297434156718313,1.7424888417295068,0.0,0.16734056156420887,0.5467016146302703,False,False,False,False,False,False
2025-06-22 16:00:00,PRD-A,1.169645945419239,0.08587584196626419,0.8523794717071191,1.297434156718313,1.7424888417295068,0.0,0.16734056156420887,0.5467016146302703,False,False,False,False,False,False
2025-06-23 00:00:00,PRD-A,1.0353267382923925,0.13431920712684642,0.8523794717071191,1.297434156718313,1.7424888417295068,0.0,0.16734056156420887,0.5467016146302703,False,False,False,False,False,False
2025-06-23 08:00:00,PRD-A,1.1298552179379913,0.09452847964559874,0.8523794717071191,1.297434156718313,1.7424888417295068,0.0,0.16734056156420887,0.5467016146302703,False,False,False,False,False,False
2025-06-23 16:00:00,PRD-A,1.0517494400524567,0.07810577788553452,0.8523794717071191,1.297434156718313,1.7424888417295068,0.0,0.16734056156420887,0.5467016146302703,False,False,False,False,False,False
2025-06-30 00:00:00,PRD-A,1.6052964992825491,0.5535470592300924,0.8523794717071191,1.297434156718313,1.7424888417295068,0.0,0.16734056156420887,0.5467016146302703,False,False,False,False,False,True
2025-06-30 08:00:00,PRD-A,1.3947898373779735,0.21050666190457568,0.8523794717071191,1.297434156718313,1.7424888417295068,0.0,0.16734056156420887,0.5467016146302703,False,False,False,False,False,False
2025-06-30 16:00:00,PRD-A,1.571233678723539,0.17644384134556557,0.8523794717071191,1.297434156718313,1.7424888417295068,0.0,0.16734056156420887,0.5467016146302703,False,False,False,False,False,False
2024-01-01 00:00:00,PRD-A,1.2908232293903035,0.28041044933323556,0.8523794717071191,1.297434156718313,1.7424888417295068,0.0,0.16734056156420887,0.5467016146302703,False,False,False,False,False,False
2024-01-01 08:00:00,PRD-A,0.9911628014530154,0.2996604279372881,0.8523794717071191,1.297434156718313,1.7424888417295068,0.0,0.16734056156420887,0.5467016146302703,False,False,False,False,False,False
2024-01-01 16:00:00,PRD-A,1.2021647071626043,0.21100190570958888,0.8523794717071191,1.297434156718313,1.7424888417295068,0.0,0.16734056156420887,0.5467016146302703,False,False,False,False,False,False
2024-01-02 00:00:00,PRD-A,1.15215254279949,0.050012164363114175,0.8523794717071191,1.297434156718313,1.7424888417295068,0.0,0.16734056156420887,0.5467016146302703,False,False,False,False,False,False
2024-01-02 08:00:00,PRD-A,0.9787710533667693,0.1733814894327208,0.8523794717071191,1.297434156718313,1.7424888417295068,0.0,0.16734056156420887,0.5467016146302703,False,False,False,False,False,False
2024-01-02 16:00:00,PRD-A,1.0256120840965557,0.046841030729786404,0.8523794717071191,1.297434156718313,1.7424888417295068,0.0,0.16734056156420887,0.5467016146302703,False,False,False,False,False,False
2024-01-09 00:00:00,PRD-A,1.2328776003420132,0.20726551624545753,0.8523794717071191,1.297434156718313,1.7424888417295068,0.0,0.16734056156420887,0.5467016146302703,False,False,False,False,False,False
2024-01-09 08:00:00,PRD-A,1.3167304127966117,0.08385281245459852,0.8523794717071191,1.297434156718313,1.7424888417295068,0.0,0.16734056156420887,0.5467016146302703,False,False,False,False,False,False
2024-01-09 16:00:00,PRD-A,1.338167555799243,0.02143714300263122,0.8523794717071191,1.297434156718313,1.7424888417295068,0.0,0.16734056156420887,0.5467016146302703,False,False,False,False,False,False
2024-01-10 00:00:00,PRD-A,1.421482242339012,0.08331468653976914,0.8523794717071191,1.297434156718313,1.7424888417295068,0.0,0.16734056156420887,0.5467016146302703,False,False,False,False,False,False
2024-01-10 08:00:00,PRD-A,1.4609294761949392,0.03944723385592708,0.8523794717071191,1.297434156718313,1.7424888417295068,0.0,0.16734056156420887,0.5467016146302703,False,False,False,False,False,False
2024-01-10 16:00:00,PRD-A,1.452502704133987,0.008426772060952104,0.8523794717071191,1.297434156718313,1.7424888417295068,0.0,0.16734056156420887,0.5467016146302703,False,False,False,False,False,False
2024-01-17 00:00:00,PRD-A,1.4022085414332914,0.050294162700695644,0.8523794717071191,1.297434156718313,1.7424888417295068,0.0,0.16734056156420887,0.5467016146302703,False,False,False,False,False,False
2024-01-17 08:00:00,PRD-A,1.1616690687458116,0.24053947268747988,0.8523794717071191,1.297434156718313,1.7424888417295068,0.0,0.16734056156420887,0.5467016146302703,False,False,False,False,False,False
2024-01-17 16:00:00,PRD-A,1.1451533008092218,0.01651576793658971,0.8523794717071191,1.297434156718313,1.7424888417295068,0.0,0.16734056156420887,0.5467016146302703,False,False,False,False,False,False
2024-01-18 00:00:00,PRD-A,0.9521324720850124,0.19302082872420945,0.8523794717071191,1.297434156718313,1.7424888417295068,0.0,0.16734056156420887,0.5467016146302703,False,False,False,False,False,False
2024-01-18 08:00:00,PRD-A,0.9712926221947137,0.01916015010970129,0.8523794717071191,1.297434156718313,1.7424888417295068,0.0,0.16734056156420887,0.5467016146302703,False,True,False,False,True,False
2024-01-18 16:00:00,PRD-A,1.0436606218916664,0.07236799969695273,0.8523794717071191,1.297434156718313,1.7424888417295068,0.0,0.16734056156420887,0.5467016146302703,False,True,True,False,True,False
2024-01-25 00:00:00,PRD-A,1.350054131666983,0.30639350977531654,0.8523794717071191,1.297434156718313,1.7424888417295068,0.0,0.16734056156420887,0.5467016146302703,False,False,True,False,True,False
2024-01-25 08:00:00,PRD-A,1.474982467316994,0.12492833565001105,0.8523794717071191,1.297434156718313,1.7424888417295068,0.0,0.16734056156420887,0.5467016146302703,False,False,False,False,False,False
2024-01-25 16:00:00,PRD-A,1.8945704461004786,0.41958797878348464,0.8523794717071191,1.297434156718313,1.7424888417295068,0.0,0.16734056156420887,0.5467016146302703,True,False,False,False,True,False
2024-01-26 00:00:00,PRD-A,1.6726918495040648,0.22187859659641385,0.8523794717071191,1.297434156718313,1.7424888417295068,0.0,0.16734056156420887,0.5467016146302703,False,True,False,False,True,False
2024-01-26 08:00:00,PRD-A,1.3680608930085727,0.3046309564954921,0.8523794717071191,1.297434156718313,1.7424888417295068,0.0,0.16734056156420887,0.5467016146302703,False,True,False,False,True,False
2024-01-26 16:00:00,PRD-A,1.652527976140187,0.2844670831316143,0.8523794717071191,1.297434156718313,1.7424888417295068,0.0,0.16734056156420887,0.5467016146302703,False,True,True,False,True,False
2024-02-02 00:00:00,PRD-A,1.4336752574868967,0.21885271865329026,0.8523794717071191,1.297434156718313,1.7424888417295068,0.0,0.16734056156420887,0.5467016146302703,False,False,False,False,False,False
2024-02-02 08:00:00,PRD-A,1.4234411300243661,0.010234127462530607,0.8523794717071191,1.297434156718313,1.7424888417295068,0.0,0.16734056156420887,0.5467016146302703,False,False,False,True,True,False
2024-02-02 16:00:00,PRD-A,1.8168813860412663,0.39344025601690014,0.8523794717071191,1.297434156718313,1.7424888417295068,0.0,0.16734056156420887,0.5467016146302703,True,False,False,True,True,False
2024-02-03 00:00:00,PRD-A,1.6720504337220201,0.14483095231924614,0.8523794717071191,1.297434156718313,1.7424888417295068,0.0,0.16734056156420887,0.5467016146302703,False,True,False,True,True,False
2024-02-03 08:00:00,PRD-A,1.7181825609245702,0.04613212720255011,0.8523794717071191,1.297434156718313,1.7424888417295068,0.0,0.16734056156420887,0.5467016146302703,False,True,False,True,True,False
2024-02-03 16:00:00,PRD-A,1.8252317392594661,0.10704917833489591,0.8523794717071191,1.297434156718313,1.7424888417295068,0.0,0.16734056156420887,0.5467016146302703,True,True,True,True,True,False
2024-02-10 00:00:00,PRD-A,1.0690320036928278,0.7561997355666383,0.8523794717071191,1.297434156718313,1.7424888417295068,0.0,0.16734056156420887,0.5467016146302703,False,True,True,False,True,True
2024-02-10 08:00:00,PRD-A,1.1279927376714531,0.058960733978625335,0.8523794717071191,1.297434156718313,1.7424888417295068,0.0,0.16734056156420887,0.5467016146302703,False,False,False,False,False,False
2024-02-10 16:00:00,PRD-A,1.3168528248662994,0.18886008719484626,0.8523794717071191,1.297434156718313,1.7424888417295068,0.0,0.16734056156420887,0.5467016146302703,False,False,False,False,False,False
2024-02-11 00:00:00,PRD-A,1.0169545438118421,0.29989828105445726,0.8523794717071191,1.297434156718313,1.7424888417295068,0.0,0.16734056156420887,0.5467016146302703,False,False,False,False,False,False
2024-02-11 08:00:00,PRD-A,1.2562982625971766,0.23934371878533445,0.8523794717071191,1.297434156718313,1.7424888417295068,0.0,0.16734056156420887,0.5467016146302703,False,False,False,False,False,False
2024-02-11 16:00:00,PRD-A,1.4644338152145266,0.20813555261735006,0.8523794717071191,1.297434156718313,1.7424888417295068,0.0,0.16734056156420887,0.5467016146302703,False,False,False,False,False,False
2024-02-18 00:00:00,PRD-A,1.131461937093175,0.33297187812135154,0.8523794717071191,1.297434156718313,1.7424888417295068,0.0,0.16734056156420887,0.5467016146302703,False,False,False,False,False,False
2024-02-18 08:00:00,PRD-A,1.2038693309623538,0.07240739386917872,0.8523794717071191,1.297434156718313,1.7424888417295068,0.0,0.16734056156420887,0.5467016146302703,False,False,False,False,False,False
2024-02-18 16:00:00,PRD-A,1.655062649333824,0.45119331837147025,0.8523794717071191,1.297434156718313,1.7424888417295068,0.0,0.16734056156420887,0.5467016146302703,False,False,False,False,False,False
2024-02-19 00:00:00,PRD-A,1.2489604610354152,0.40610218829840883,0.8523794717071191,1.297434156718313,1.7424888417295068,0.0,0.16734056156420887,0.5467016146302703,False,False,False,False,False,False
2024-02-19 08:00:00,PRD-A,1.4336559726280942,0.18469551159267894,0.8523794717071191,1.297434156718313,1.7424888417295068,0.0,0.16734056156420887,0.5467016146302703,False,False,False,False,False,False
2024-02-19 16:00:00,PRD-A,1.568898639706688,0.13524266707859378,0.8523794717071191,1.297434156718313,1.7424888417295068,0.0,0.16734056156420887,0.5467016146302703,False,False,False,False,False,False
2024-02-26 00:00:00,PRD-A,1.1892241302599829,0.3796745094467051,0.8523794717071191,1.297434156718313,1.7424888417295068,0.0,0.16734056156420887,0.5467016146302703,False,False,False,False,False,False
2024-02-26 08:00:00,PRD-A,1.3017774090089644,0.11255327874898158,0.8523794717071191,1.297434156718313,1.7424888417295068,0.0,0.16734056156420887,0.5467016146302703,False,False,False,False,False,False
2024-02-26 16:00:00,PRD-A,1.1104988093056927,0.19127859970327177,0.8523794717071191,1.297434156718313,1.7424888417295068,0.0,0.16734056156420887,0.5467016146302703,False,False,False,False,False,False
2024-02-27 00:00:00,PRD-A,1.3805389985237937,0.270040189218101,0.8523794717071191,1.297434156718313,1.7424888417295068,0.0,0.16734056156420887,0.5467016146302703,False,False,False,False,False,False
2024-02-27 08:00:00,PRD-A,1.0995415286327492,0.28099746989104446,0.8523794717071191,1.297434156718313,1.7424888417295068,0.0,0.16734056156420887,0.5467016146302703,False,False,False,False,False,False
2024-02-27 16:00:00,PRD-A,1.3547775530449067,0.2552360244121574,0.8523794717071191,1.297434156718313,1.7424888417295068,0.0,0.16734056156420887,0.5467016146302703,False,False,False,False,False,False
2024-03-05 00:00:00,PRD-A,0.9043986245454354,0.45037892849947125,0.8523794717071191,1.297434156718313,1.7424888417295068,0.0,0.16734056156420887,0.5467016146302703,False,False,False,False,False,False
2024-03-05 08:00:00,PRD-A,1.1067884846649354,0.2023898601195,0.8523794717071191,1.297434156718313,1.7424888417295068,0.0,0.16734056156420887,0.5467016146302703,False,False,False,False,False,False
2024-03-05 16:00:00,PRD-A,1.0586515254519522,0.04813695921298322,0.8523794717071191,1.297434156718313,1.7424888417295068,0.0,0.16734056156420887,0.5467016146302703,False,False,True,False,True,False
2024-03-06 00:00:00,PRD-A,1.2567897544583542,0.198138229006402,0.8523794717071191,1.297434156718313,1.7424888417295068,0.0,0.16734056156420887,0.5467016146302703,False,False,False,False,False,False
2024-03-06 08:00:00,PRD-A,1.2023757743081598,0.054413980150194385,0.8523794717071191,1.297434156718313,1.7424888417295068,0.0,0.16734056156420887,0.5467016146302703,False,False,False,False,False,False
2024-03-06 16:00:00,PRD-A,1.327223664470492,0.12484789016233222,0.8523794717071191,1.297434156718313,1.7424888417295068,0.0,0.16734056156420887,0.5467016146302703,False,False,False,False,False,False
2024-03-13 00:00:00,PRD-A,1.3283183385069786,0.0010946740364865537,0.8523794717071191,1.297434156718313,1.7424888417295068,0.0,0.16734056156420887,0.5467016146302703,False,False,False,False,False,False
2024-03-13 08:00:00,PRD-A,1.357328392629018,0.029010054122039497,0.8523794717071191,1.297434156718313,1.7424888417295068,0.0,0.16734056156420887,0.5467016146302703,False,False,False,False,False,False
2024-03-13 16:00:00,PRD-A,1.4475864047893054,0.09025801216028739,0.8523794717071191,1.297434156718313,1.7424888417295068,0.0,0.16734056156420887,0.5467016146302703,False,False,False,False,False,False
2024-03-14 00:00:00,PRD-A,1.4096601093161094,0.03792629547319604,0.8523794717071191,1.297434156718313,1.7424888417295068,0.0,0.16734056156420887,0.5467016146302703,False,False,False,False,False,False
2024-03-14 08:00:00,PRD-A,1.4498992050082633,0.04023909569215389,0.8523794717071191,1.297434156718313,1.7424888417295068,0.0,0.16734056156420887,0.5467016146302703,False,False,False,False,False,False
2024-03-14 16:00:00,PRD-A,1.5211373876137189,0.07123818260545556,0.8523794717071191,1.297434156718313,1.7424888417295068,0.0,0.16734056156420887,0.5467016146302703,False,False,False,False,False,False
2024-03-21 00:00:00,PRD-A,1.2942484921333397,0.22688889548037916,0.8523794717071191,1.297434156718313,1.7424888417295068,0.0,0.16734056156420887,0.5467016146302703,False,False,False,False,False,False
2024-03-21 08:00:00,PRD-A,1.0894335894598757,0.20481490267346403,0.8523794717071191,1.297434156718313,1.7424888417295068,0.0,0.16734056156420887,0.5467016146302703,False,False,False,False,False,False
2024-03-21 16:00:00,PRD-A,1.5173961931419313,0.42796260368205563,0.8523794717071191,1.297434156718313,1.7424888417295068,0.0,0.16734056156420887,0.5467016146302703,False,False,False,False,False,False
2024-03-22 00:00:00,PRD-A,1.1148390383055677,0.40255715483636356,0.8523794717071191,1.297434156718313,1.7424888417295068,0.0,0.16734056156420887,0.5467016146302703,False,False,False,False,False,False
2024-03-22 08:00:00,PRD-A,1.2612140264483862,0.14637498814281846,0.8523794717071191,1.297434156718313,1.7424888417295068,0.0,0.16734056156420887,0.5467016146302703,False,False,False,False,False,False
2024-03-22 16:00:00,PRD-A,1.3905022754388818,0.12928824899049562,0.8523794717071191,1.297434156718313,1.7424888417295068,0.0,0.16734056156420887,0.5467016146302703,False,False,False,False,False,False
2024-03-29 00:00:00,PRD-A,1.2074339012226813,0.18306837421620048,0.8523794717071191,1.297434156718313,1.7424888417295068,0.0,0.16734056156420887,0.5467016146302703,False,False,False,False,False,False
2024-03-29 08:00:00,PRD-A,1.392806558806252,0.18537265758357058,0.8523794717071191,1.297434156718313,1.7424888417295068,0.0,0.16734056156420887,0.5467016146302703,False,False,False,False,False,False
2024-03-29 16:00:00,PRD-A,1.654272844925234,0.26146628611898204,0.8523794717071191,1.297434156718313,1.7424888417295068,0.0,0.16734056156420887,0.5467016146302703,False,False,False,False,False,False
2024-03-30 00:00:00,PRD-A,1.3861460551246356,0.26812678980059834,0.8523794717071191,1.297434156718313,1.7424888417295068,0.0,0.16734056156420887,0.5467016146302703,False,False,False,False,False,False
2024-03-30 08:00:00,PRD-A,1.4267201736417356,0.04057411851710002,0.8523794717071191,1.297434156718313,1.7424888417295068,0.0,0.16734056156420887,0.5467016146302703,False,False,False,False,False,False
2024-03-30 16:00:00,PRD-A,1.4659699274411417,0.039249753799406095,0.8523794717071191,1.297434156718313,1.7424888417295068,0.0,0.16734056156420887,0.5467016146302703,False,False,False,False,False,False
2024-04-06 00:00:00,PRD-A,1.1993304999901724,0.26663942745096936,0.8523794717071191,1.297434156718313,1.7424888417295068,0.0,0.16734056156420887,0.5467016146302703,False,False,False,False,False,False
2024-04-06 08:00:00,PRD-A,1.1256708431821845,0.07365965680798792,0.8523794717071191,1.297434156718313,1.7424888417295068,0.0,0.16734056156420887,0.5467016146302703,False,False,False,False,False,False
2024-04-06 16:00:00,PRD-A,1.33879459777759,0.21312375459540545,0.8523794717071191,1.297434156718313,1.7424888417295068,0.0,0.16734056156420887,0.5467016146302703,False,False,False,False,False,False
2024-04-07 00:00:00,PRD-A,1.1961930745906852,0.14260152318690467,0.8523794717071191,1.297434156718313,1.7424888417295068,0.0,0.16734056156420887,0.5467016146302703,False,False,False,False,False,False
2024-04-07 08:00:00,PRD-A,1.2778975228563965,0.08170444826571122,0.8523794717071191,1.297434156718313,1.7424888417295068,0.0,0.16734056156420887,0.5467016146302703,False,False,False,False,False,False
2024-04-07 16:00:00,PRD-A,1.2468251657092049,0.031072357147191587,0.8523794717071191,1.297434156718313,1.7424888417295068,0.0,0.16734056156420887,0.5467016146302703,False,False,False,False,False,False
2024-04-14 00:00:00,PRD-A,1.3702485246413687,0.12342335893216383,0.8523794717071191,1.297434156718313,1.7424888417295068,0.0,0.16734056156420887,0.5467016146302703,False,False,False,False,False,False
2024-04-14 08:00:00,PRD-A,1.3345575078608256,0.035691016780543094,0.8523794717071191,1.297434156718313,1.7424888417295068,0.0,0.16734056156420887,0.5467016146302703,False,False,False,False,False,False
2024-04-14 16:00:00,PRD-A,1.4563886530815335,0.12183114522070793,0.8523794717071191,1.297434156718313,1.7424888417295068,0.0,0.16734056156420887,0.5467016146302703,False,False,False,False,False,False
2024-04-15 00:00:00,PRD-A,1.4271993471093178,0.029189305972215696,0.8523794717071191,1.297434156718313,1.7424888417295068,0.0,0.16734056156420887,0.5467016146302703,False,False,False,False,False,False
2024-04-15 08:00:00,PRD-A,1.5160642541796068,0.08886490707028893,0.8523794717071191,1.297434156718313,1.7424888417295068,0.0,0.16734056156420887,0.5467016146302703,False,False,False,False,False,False
2024-04-15 16:00:00,PRD-A,1.5876021911830238,0.07153793700341704,0.8523794717071191,1.297434156718313,1.7424888417295068,0.0,0.16734056156420887,0.5467016146302703,False,False,False,False,False,False
2024-04-22 00:00:00,PRD-A,1.3830650428762308,0.20453714830679304,0.8523794717071191,1.297434156718313,1.7424888417295068,0.0,0.16734056156420887,0.5467016146302703,False,False,False,False,False,False
2024-04-22 08:00:00,PRD-A,1.2022101309387794,0.1808549119374514,0.8523794717071191,1.297434156718313,1.7424888417295068,0.0,0.16734056156420887,0.5467016146302703,False,False,False,False,False,False
2024-04-22 16:00:00,PRD-A,1.1947230833923075,0.007487047546471892,0.8523794717071191,1.297434156718313,1.7424888417295068,0.0,0.16734056156420887,0.5467016146302703,False,False,False,False,False,False
2024-04-23 00:00:00,PRD-A,0.9567736671424346,0.23794941624987287,0.8523794717071191,1.297434156718313,1.7424888417295068,0.0,0.16734056156420887,0.5467016146302703,False,False,False,False,False,False
2024-04-23 08:00:00,PRD-A,1.0120076020239022,0.05523393488146755,0.8523794717071191,1.297434156718313,1.7424888417295068,0.0,0.16734056156420887,0.5467016146302703,False,False,False,False,False,False
2024-04-23 16:00:00,PRD-A,1.311259875097985,0.29925227307408275,0.8523794717071191,1.297434156718313,1.7424888417295068,0.0,0.16734056156420887,0.5467016146302703,False,False,False,False,False,False
2024-04-30 00:00:00,PRD-A,1.0627513223593048,0.2485085527386801,0.8523794717071191,1.297434156718313,1.7424888417295068,0.0,0.16734056156420887,0.5467016146302703,False,False,False,False,False,False
2024-04-30 08:00:00,PRD-A,0.9389880904487544,0.12376323191055039,0.8523794717071191,1.297434156718313,1.7424888417295068,0.0,0.16734056156420887,0.5467016146302703,False,False,True,False,True,False
2024-04-30 16:00:00,PRD-A,1.304383103584027,0.36539501313527256,0.8523794717071191,1.297434156718313,1.7424888417295068,0.0,0.16734056156420887,0.5467016146302703,False,False,False,False,False,False
2024-05-01 00:00:00,PRD-A,1.2847235139543924,0.019659589629634544,0.8523794717071191,1.297434156718313,1.7424888417295068,0.0,0.16734056156420887,0.5467016146302703,False,False,False,False,False,False
2024-05-01 08:00:00,PRD-A,1.2678136715073594,0.016909842447033085,0.8523794717071191,1.297434156718313,1.7424888417295068,0.0,0.16734056156420887,0.5467016146302703,False,False,False,False,False,False
2024-05-01 16:00:00,PRD-A,1.4460509862723998,0.17823731476504046,0.8523794717071191,1.297434156718313,1.7424888417295068,0.0,0.16734056156420887,0.5467016146302703,False,False,False,False,False,False
2024-05-08 00:00:00,PRD-A,1.1871421318949136,0.25890885437748623,0.8523794717071191,1.297434156718313,1.7424888417295068,0.0,0.16734056156420887,0.5467016146302703,False,False,False,False,False,False
2024-05-08 08:00:00,PRD-A,1.2568715709607539,0.06972943906584028,0.8523794717071191,1.297434156718313,1.7424888417295068,0.0,0.16734056156420887,0.5467016146302703,False,False,False,False,False,False
2024-05-08 16:00:00,PRD-A,1.1872671976750804,0.06960437328567348,0.8523794717071191,1.297434156718313,1.7424888417295068,0.0,0.16734056156420887,0.5467016146302703,False,False,False,False,False,False
2024-05-09 00:00:00,PRD-A,1.2172107970695087,0.029943599394428366,0.8523794717071191,1.297434156718313,1.7424888417295068,0.0,0.16734056156420887,0.5467016146302703,False,False,False,False,False,False
2024-05-09 08:00:00,PRD-A,1.3015436664459845,0.08433286937647577,0.8523794717071191,1.297434156718313,1.7424888417295068,0.0,0.16734056156420887,0.5467016146302703,False,False,False,False,False,False
2024-05-09 16:00:00,PRD-A,1.4551519662198062,0.15360829977382173,0.8523794717071191,1.297434156718313,1.7424888417295068,0.0,0.16734056156420887,0.5467016146302703,False,False,False,False,False,False
2024-05-16 00:00:00,PRD-A,1.3813687948380773,0.07378317138172896,0.8523794717071191,1.297434156718313,1.7424888417295068,0.0,0.16734056156420887,0.5467016146302703,False,False,False,False,False,False
2024-05-16 08:00:00,PRD-A,1.2215311861327154,0.1598376087053619,0.8523794717071191,1.297434156718313,1.7424888417295068,0.0,0.16734056156420887,0.5467016146302703,False,False,False,False,False,False
2024-05-16 16:00:00,PRD-A,1.4998503596308523,0.27831917349813695,0.8523794717071191,1.297434156718313,1.7424888417295068,0.0,0.16734056156420887,0.5467016146302703,False,False,False,False,False,False
2024-05-17 00:00:00,PRD-A,1.2546966204089027,0.2451537392219496,0.8523794717071191,1.297434156718313,1.7424888417295068,0.0,0.16734056156420887,0.5467016146302703,False,False,False,False,False,False
2024-05-17 08:00:00,PRD-A,1.1128275250576947,0.14186909535120806,0.8523794717071191,1.297434156718313,1.7424888417295068,0.0,0.16734056156420887,0.5467016146302703,False,False,False,False,False,False
2024-05-17 16:00:00,PRD-A,1.6645459250973371,0.5517184000396425,0.8523794717071191,1.297434156718313,1.7424888417295068,0.0,0.16734056156420887,0.5467016146302703,False,False,False,False,False,True
2024-05-24 00:00:00,PRD-A,1.3827627691404967,0.28178315595684045,0.8523794717071191,1.297434156718313,1.7424888417295068,0.0,0.16734056156420887,0.5467016146302703,False,False,False,False,False,False
2024-05-24 08:00:00,PRD-A,1.3429612189730193,0.03980155016747733,0.8523794717071191,1.297434156718313,1.7424888417295068,0.0,0.16734056156420887,0.5467016146302703,False,False,False,False,False,False
2024-05-24 16:00:00,PRD-A,1.5431427360350354,0.20018151706201603,0.8523794717071191,1.297434156718313,1.7424888417295068,0.0,0.16734056156420887,0.5467016146302703,False,False,False,False,False,False
2024-05-25 00:00:00,PRD-A,1.5201980537686022,0.022944682266433203,0.8523794717071191,1.297434156718313,1.7424888417295068,0.0,0.16734056156420887,0.5467016146302703,False,False,False,False,False,False
2024-05-25 08:00:00,PRD-A,0.9101645641446403,0.6100334896239619,0.8523794717071191,1.297434156718313,1.7424888417295068,0.0,0.16734056156420887,0.5467016146302703,False,False,False,False,False,True
2024-05-25 16:00:00,PRD-A,1.09490171119332,0.1847371470486796,0.8523794717071191,1.297434156718313,1.7424888417295068,0.0,0.16734056156420887,0.5467016146302703,False,False,False,False,False,False
2024-06-01 00:00:00,PRD-A,1.3209007938949104,0.22599908270159053,0.8523794717071191,1.297434156718313,1.7424888417295068,0.0,0.16734056156420887,0.5467016146302703,False,False,False,False,False,False
2024-06-01 08:00:00,PRD-A,1.5482186542129215,0.22731786031801104,0.8523794717071191,1.297434156718313,1.7424888417295068,0.0,0.16734056156420887,0.5467016146302703,False,False,False,False,False,False
2024-06-01 16:00:00,PRD-A,1.656902430081512,0.10868377586859057,0.8523794717071191,1.297434156718313,1.7424888417295068,0.0,0.16734056156420887,0.5467016146302703,False,False,False,False,False,False
2024-06-02 00:00:00,PRD-A,1.2496032790996245,0.4072991509818875,0.8523794717071191,1.297434156718313,1.7424888417295068,0.0,0.16734056156420887,0.5467016146302703,False,False,False,False,False,False
2024-06-02 08:00:00,PRD-A,1.4361130472221963,0.1865097681225718,0.8523794717071191,1.297434156718313,1.7424888417295068,0.0,0.16734056156420887,0.5467016146302703,False,False,False,False,False,False
2024-06-02 16:00:00,PRD-A,1.4980458126016147,0.061932765379418386,0.8523794717071191,1.297434156718313,1.7424888417295068,0.0,0.16734056156420887,0.5467016146302703,False,False,False,False,False,False
2024-06-09 00:00:00,PRD-A,1.3436464502223375,0.1543993623792772,0.8523794717071191,1.297434156718313,1.7424888417295068,0.0,0.16734056156420887,0.5467016146302703,False,False,False,False,False,False
2024-06-09 08:00:00,PRD-A,1.3513236322473696,0.007677182025032092,0.8523794717071191,1.297434156718313,1.7424888417295068,0.0,0.16734056156420887,0.5467016146302703,False,False,False,False,False,False
2024-06-09 16:00:00,PRD-A,1.551137762921625,0.19981413067425535,0.8523794717071191,1.297434156718313,1.7424888417295068,0.0,0.16734056156420887,0.5467016146302703,False,False,False,False,False,False
2024-06-10 00:00:00,PRD-A,1.305470690295797,0.24566707262582788,0.8523794717071191,1.297434156718313,1.7424888417295068,0.0,0.16734056156420887,0.5467016146302703,False,False,False,False,False,False
2024-06-10 08:00:00,PRD-A,1.3706090069140693,0.06513831661827219,0.8523794717071191,1.297434156718313,1.7424888417295068,0.0,0.16734056156420887,0.5467016146302703,False,False,False,False,False,False
2024-06-10 16:00:00,PRD-A,1.5510411807023847,0.18043217378831544,0.8523794717071191,1.297434156718313,1.7424888417295068,0.0,0.16734056156420887,0.5467016146302703,False,False,False,True,True,False
2024-06-17 00:00:00,PRD-A,1.3325005756058317,0.21854060509655304,0.8523794717071191,1.297434156718313,1.7424888417295068,0.0,0.16734056156420887,0.5467016146302703,False,False,False,True,True,False
2024-06-17 08:00:00,PRD-A,1.318313760110909,0.014186815494922733,0.8523794717071191,1.297434156718313,1.7424888417295068,0.0,0.16734056156420887,0.5467016146302703,False,False,False,True,True,False
2024-06-17 16:00:00,PRD-A,1.5842618030306967,0.2659480429197878,0.8523794717071191,1.297434156718313,1.7424888417295068,0.0,0.16734056156420887,0.5467016146302703,False,False,False,True,True,False
2024-06-18 00:00:00,PRD-A,1.135797240175959,0.4484645628547377,0.8523794717071191,1.297434156718313,1.7424888417295068,0.0,0.16734056156420887,0.5467016146302703,False,False,False,False,False,False
2024-06-18 08:00:00,PRD-A,1.367569029699682,0.23177178952372302,0.8523794717071191,1.297434156718313,1.7424888417295068,0.0,0.16734056156420887,0.5467016146302703,False,False,False,False,False,False
2024-06-18 16:00:00,PRD-A,1.6204542421439525,0.2528852124442704,0.8523794717071191,1.297434156718313,1.7424888417295068,0.0,0.16734056156420887,0.5467016146302703,False,False,False,False,False,False
2024-06-25 00:00:00,PRD-A,1.3440485683425938,0.2764056738013587,0.8523794717071191,1.297434156718313,1.7424888417295068,0.0,0.16734056156420887,0.5467016146302703,False,False,False,False,False,False
2024-06-25 08:00:00,PRD-A,1.3494100435370595,0.005361475194465726,0.8523794717071191,1.297434156718313,1.7424888417295068,0.0,0.16734056156420887,0.5467016146302703,False,False,False,False,False,False
2024-06-25 16:00:00,PRD-A,1.4293532467747299,0.07994320323767035,0.8523794717071191,1.297434156718313,1.7424888417295068,0.0,0.16734056156420887,0.5467016146302703,False,False,False,False,False,False
2024-06-26 00:00:00,PRD-A,1.5164106550714789,0.08705740829674902,0.8523794717071191,1.297434156718313,1.7424888417295068,0.0,0.16734056156420887,0.5467016146302703,False,False,False,False,False,False
2024-06-26 08:00:00,PRD-A,1.5225794466596043,0.006168791588125444,0.8523794717071191,1.297434156718313,1.7424888417295068,0.0,0.16734056156420887,0.5467016146302703,False,False,False,False,False,False
2024-06-26 16:00:00,PRD-A,1.6563199825550252,0.1337405358954209,0.8523794717071191,1.297434156718313,1.7424888417295068,0.0,0.16734056156420887,0.5467016146302703,False,False,False,True,True,False
2024-07-03 00:00:00,PRD-A,1.2318449344128273,0.42447504814219794,0.8523794717071191,1.297434156718313,1.7424888417295068,0.0,0.16734056156420887,0.5467016146302703,False,False,False,False,False,False
2024-07-03 08:00:00,PRD-A,1.2855581733592127,0.053713238946385466,0.8523794717071191,1.297434156718313,1.7424888417295068,0.0,0.16734056156420887,0.5467016146302703,False,False,False,False,False,False
2024-07-03 16:00:00,PRD-A,1.69098781863296,0.40542964527374736,0.8523794717071191,1.297434156718313,1.7424888417295068,0.0,0.16734056156420887,0.5467016146302703,False,False,False,False,False,False
2024-07-04 00:00:00,PRD-A,1.2644874932299182,0.42650032540304195,0.8523794717071191,1.297434156718313,1.7424888417295068,0.0,0.16734056156420887,0.5467016146302703,False,False,False,False,False,False
2024-07-04 08:00:00,PRD-A,1.4662917149617156,0.20180422173179746,0.8523794717071191,1.297434156718313,1.7424888417295068,0.0,0.16734056156420887,0.5467016146302703,False,False,False,False,False,False
2024-07-04 16:00:00,PRD-A,1.516220575338903,0.04992886037718747,0.8523794717071191,1.297434156718313,1.7424888417295068,0.0,0.16734056156420887,0.5467016146302703,False,False,False,False,False,False
2024-07-11 00:00:00,PRD-A,1.4563385269752889,0.059882048363614215,0.8523794717071191,1.297434156718313,1.7424888417295068,0.0,0.16734056156420887,0.5467016146302703,False,False,True,False,True,False
2024-07-11 08:00:00,PRD-A,1.3563182311080348,0.10002029586725403,0.8523794717071191,1.297434156718313,1.7424888417295068,0.0,0.16734056156420887,0.5467016146302703,False,False,False,False,False,False
2024-07-11 16:00:00,PRD-A,1.6497504614163598,0.293432230308325,0.8523794717071191,1.297434156718313,1.7424888417295068,0.0,0.16734056156420887,0.5467016146302703,False,False,True,False,True,False
2024-07-12 00:00:00,PRD-A,1.5006309603236665,0.14911950109269334,0.8523794717071191,1.297434156718313,1.7424888417295068,0.0,0.16734056156420887,0.5467016146302703,False,False,True,False,True,False
2024-07-12 08:00:00,PRD-A,1.4164522585109545,0.08417870181271203,0.8523794717071191,1.297434156718313,1.7424888417295068,0.0,0.16734056156420887,0.5467016146302703,False,False,False,False,False,False
2024-07-12 16:00:00,PRD-A,1.6684662192910054,0.2520139607800509,0.8523794717071191,1.297434156718313,1.7424888417295068,0.0,0.16734056156420887,0.5467016146302703,False,False,False,True,True,False
2024-07-19 00:00:00,PRD-A,1.4848220414871987,0.1836441778038067,0.8523794717071191,1.297434156718313,1.7424888417295068,0.0,0.16734056156420887,0.5467016146302703,False,False,True,True,True,False
2024-07-19 08:00:00,PRD-A,1.4768120412431582,0.008010000244040416,0.8523794717071191,1.297434156718313,1.7424888417295068,0.0,0.16734056156420887,0.5467016146302703,False,False,True,True,True,False
2024-07-19 16:00:00,PRD-A,1.4608679463383183,0.015944094904839945,0.8523794717071191,1.297434156718313,1.7424888417295068,0.0,0.16734056156420887,0.5467016146302703,False,False,True,True,True,False
2024-07-20 00:00:00,PRD-A,1.438378912543287,0.0224890337950312,0.8523794717071191,1.297434156718313,1.7424888417295068,0.0,0.16734056156420887,0.5467016146302703,False,False,True,True,True,False
2024-07-20 08:00:00,PRD-A,1.3513349140492987,0.08704399849398836,0.8523794717071191,1.297434156718313,1.7424888417295068,0.0,0.16734056156420887,0.5467016146302703,False,False,False,True,True,False
2024-07-20 16:00:00,PRD-A,1.6925469723843858,0.34121205833508705,0.8523794717071191,1.297434156718313,1.7424888417295068,0.0,0.16734056156420887,0.5467016146302703,False,False,False,True,True,False
2024-07-27 00:00:00,PRD-A,1.4050984023928261,0.28744856999155965,0.8523794717071191,1.297434156718313,1.7424888417295068,0.0,0.16734056156420887,0.5467016146302703,False,False,False,True,True,False
2024-07-27 08:00:00,PRD-A,1.3937267032202623,0.011371699172563865,0.8523794717071191,1.297434156718313,1.7424888417295068,0.0,0.16734056156420887,0.5467016146302703,False,False,False,True,True,False
2024-07-27 16:00:00,PRD-A,1.5062837324058038,0.11255702918554156,0.8523794717071191,1.297434156718313,1.7424888417295068,0.0,0.16734056156420887,0.5467016146302703,False,False,False,True,True,False
2024-07-28 00:00:00,PRD-A,1.4116868644959184,0.09459686790988542,0.8523794717071191,1.297434156718313,1.7424888417295068,0.0,0.16734056156420887,0.5467016146302703,False,False,False,True,True,False
2024-07-28 08:00:00,PRD-A,1.5889043215307952,0.1772174570348768,0.8523794717071191,1.297434156718313,1.7424888417295068,0.0,0.16734056156420887,0.5467016146302703,False,False,False,True,True,False
2024-07-28 16:00:00,PRD-A,1.649057029599199,0.06015270806840389,0.8523794717071191,1.297434156718313,1.7424888417295068,0.0,0.16734056156420887,0.5467016146302703,False,False,False,True,True,False
2024-08-04 00:00:00,PRD-A,1.4368875796639629,0.21216944993523623,0.8523794717071191,1.297434156718313,1.7424888417295068,0.0,0.16734056156420887,0.5467016146302703,False,False,False,True,True,False
2024-08-04 08:00:00,PRD-A,1.439278529128023,0.0023909494640601547,0.8523794717071191,1.297434156718313,1.7424888417295068,0.0,0.16734056156420887,0.5467016146302703,False,False,False,True,True,False
2024-08-04 16:00:00,PRD-A,1.5361395337895072,0.09686100466148417,0.8523794717071191,1.297434156718313,1.7424888417295068,0.0,0.16734056156420887,0.5467016146302703,False,False,False,True,True,False
2024-08-05 00:00:00,PRD-A,1.2275285251551076,0.3086110086343996,0.8523794717071191,1.297434156718313,1.7424888417295068,0.0,0.16734056156420887,0.5467016146302703,False,False,False,False,False,False
2024-08-05 08:00:00,PRD-A,1.3924391532547096,0.164910628099602,0.8523794717071191,1.297434156718313,1.7424888417295068,0.0,0.16734056156420887,0.5467016146302703,False,False,False,False,False,False
2024-08-05 16:00:00,PRD-A,1.5063287300789738,0.11388957682426426,0.8523794717071191,1.297434156718313,1.7424888417295068,0.0,0.16734056156420887,0.5467016146302703,False,False,False,False,False,False
2024-08-12 00:00:00,PRD-A,1.342347571324586,0.1639811587543878,0.8523794717071191,1.297434156718313,1.7424888417295068,0.0,0.16734056156420887,0.5467016146302703,False,False,False,False,False,False
2024-08-12 08:00:00,PRD-A,1.4618391700215798,0.11949159869699377,0.8523794717071191,1.297434156718313,1.7424888417295068,0.0,0.16734056156420887,0.5467016146302703,False,False,False,False,False,False
2024-08-12 16:00:00,PRD-A,1.3847049472496087,0.07713422277197113,0.8523794717071191,1.297434156718313,1.7424888417295068,0.0,0.16734056156420887,0.5467016146302703,False,False,False,False,False,False
2024-08-13 00:00:00,PRD-A,1.4165907582088055,0.03188581095919685,0.8523794717071191,1.297434156718313,1.7424888417295068,0.0,0.16734056156420887,0.5467016146302703,False,False,False,False,False,False
2024-08-13 08:00:00,PRD-A,1.4688759240397364,0.0522851658309309,0.8523794717071191,1.297434156718313,1.7424888417295068,0.0,0.16734056156420887,0.5467016146302703,False,False,False,False,False,False
2024-08-13 16:00:00,PRD-A,1.7956496999955722,0.3267737759558358,0.8523794717071191,1.297434156718313,1.7424888417295068,0.0,0.16734056156420887,0.5467016146302703,True,False,False,True,True,False
2024-08-20 00:00:00,PRD-A,1.2057083742194221,0.5899413257761501,0.8523794717071191,1.297434156718313,1.7424888417295068,0.0,0.16734056156420887,0.5467016146302703,False,False,False,False,False,True
2024-08-20 08:00:00,PRD-A,1.0992903365550197,0.10641803766440239,0.8523794717071191,1.297434156718313,1.7424888417295068,0.0,0.16734056156420887,0.5467016146302703,False,False,False,False,False,False
2024-08-20 16:00:00,PRD-A,1.241123848484036,0.14183351192901616,0.8523794717071191,1.297434156718313,1.7424888417295068,0.0,0.16734056156420887,0.5467016146302703,False,False,False,False,False,False
2024-08-21 00:00:00,PRD-A,0.9824897714630895,0.25863407702094643,0.8523794717071191,1.297434156718313,1.7424888417295068,0.0,0.16734056156420887,0.5467016146302703,False,False,False,False,False,False
2024-08-21 08:00:00,PRD-A,1.0836394158488123,0.10114964438572283,0.8523794717071191,1.297434156718313,1.7424888417295068,0.0,0.16734056156420887,0.5467016146302703,False,False,False,False,False,False
2024-08-21 16:00:00,PRD-A,1.230615551401842,0.14697613555302969,0.8523794717071191,1.297434156718313,1.7424888417295068,0.0,0.16734056156420887,0.5467016146302703,False,False,False,False,False,False
2024-08-28 00:00:00,PRD-A,1.116419396837672,0.11419615456416987,0.8523794717071191,1.297434156718313,1.7424888417295068,0.0,0.16734056156420887,0.5467016146302703,False,False,False,False,False,False
2024-08-28 08:00:00,PRD-A,1.1438182576235962,0.02739886078592413,0.8523794717071191,1.297434156718313,1.7424888417295068,0.0,0.16734056156420887,0.5467016146302703,False,False,True,True,True,False
2024-08-28 16:00:00,PRD-A,1.4282535831814425,0.28443532555784623,0.8523794717071191,1.297434156718313,1.7424888417295068,0.0,0.16734056156420887,0.5467016146302703,False,False,False,False,False,False
2024-08-29 00:00:00,PRD-A,1.264623050906131,0.16363053227531155,0.8523794717071191,1.297434156718313,1.7424888417295068,0.0,0.16734056156420887,0.5467016146302703,False,False,False,False,False,False
2024-08-29 08:00:00,PRD-A,1.287090370048711,0.022467319142580155,0.8523794717071191,1.297434156718313,1.7424888417295068,0.0,0.16734056156420887,0.5467016146302703,False,False,False,False,False,False
2024-08-29 16:00:00,PRD-A,1.335247922911134,0.04815755286242296,0.8523794717071191,1.297434156718313,1.7424888417295068,0.0,0.16734056156420887,0.5467016146302703,False,False,False,False,False,False
2024-09-05 00:00:00,PRD-A,1.230171306005009,0.10507661690612502,0.8523794717071191,1.297434156718313,1.7424888417295068,0.0,0.16734056156420887,0.5467016146302703,False,False,False,False,False,False
2024-09-05 08:00:00,PRD-A,1.3585647275981532,0.12839342159314415,0.8523794717071191,1.297434156718313,1.7424888417295068,0.0,0.16734056156420887,0.5467016146302703,False,False,False,False,False,False
2024-09-05 16:00:00,PRD-A,1.654683843759758,0.2961191161616048,0.8523794717071191,1.297434156718313,1.7424888417295068,0.0,0.16734056156420887,0.5467016146302703,False,False,False,False,False,False
2024-09-06 00:00:00,PRD-A,1.2750355167455554,0.3796483270142026,0.8523794717071191,1.297434156718313,1.7424888417295068,0.0,0.16734056156420887,0.5467016146302703,False,False,False,False,False,False
2024-09-06 08:00:00,PRD-A,1.468990615441335,0.19395509869577965,0.8523794717071191,1.297434156718313,1.7424888417295068,0.0,0.16734056156420887,0.5467016146302703,False,False,False,False,False,False
2024-09-06 16:00:00,PRD-A,1.096650982554676,0.37233963288665906,0.8523794717071191,1.297434156718313,1.7424888417295068,0.0,0.16734056156420887,0.5467016146302703,False,False,False,False,False,False
2024-09-13 00:00:00,PRD-A,1.3625671123111534,0.2659161297564774,0.8523794717071191,1.297434156718313,1.7424888417295068,0.0,0.16734056156420887,0.5467016146302703,False,False,False,False,False,False
2024-09-13 08:00:00,PRD-A,1.6042480961367538,0.24168098382560044,0.8523794717071191,1.297434156718313,1.7424888417295068,0.0,0.16734056156420887,0.5467016146302703,False,False,False,False,False,False
2024-09-13 16:00:00,PRD-A,1.6724823545574357,0.06823425842068187,0.8523794717071191,1.297434156718313,1.7424888417295068,0.0,0.16734056156420887,0.5467016146302703,False,True,False,False,True,False
2024-09-14 00:00:00,PRD-A,1.5936780823163539,0.07880427224108177,0.8523794717071191,1.297434156718313,1.7424888417295068,0.0,0.16734056156420887,0.5467016146302703,False,True,False,False,True,False
2024-09-14 08:00:00,PRD-A,1.0987819425066012,0.49489613980975267,0.8523794717071191,1.297434156718313,1.7424888417295068,0.0,0.16734056156420887,0.5467016146302703,False,False,False,False,False,False
2024-09-14 16:00:00,PRD-A,1.3801954628860766,0.2814135203794754,0.8523794717071191,1.297434156718313,1.7424888417295068,0.0,0.16734056156420887,0.5467016146302703,False,False,False,False,False,False
2024-09-21 00:00:00,PRD-A,0.8484503989631937,0.5317450639228829,0.8523794717071191,1.297434156718313,1.7424888417295068,0.0,0.16734056156420887,0.5467016146302703,True,False,False,False,True,False
2024-09-21 08:00:00,PRD-A,1.024422073094128,0.17597167413093429,0.8523794717071191,1.297434156718313,1.7424888417295068,0.0,0.16734056156420887,0.5467016146302703,False,False,False,False,False,False
2024-09-21 16:00:00,PRD-A,1.1568163373031022,0.13239426420897416,0.8523794717071191,1.297434156718313,1.7424888417295068,0.0,0.16734056156420887,0.5467016146302703,False,False,False,False,False,False
2024-09-22 00:00:00,PRD-A,1.0206532584216736,0.13616307888142853,0.8523794717071191,1.297434156718313,1.7424888417295068,0.0,0.16734056156420887,0.5467016146302703,False,False,False,False,False,False
2024-09-22 08:00:00,PRD-A,1.177818291518314,0.15716503309664032,0.8523794717071191,1.297434156718313,1.7424888417295068,0.0,0.16734056156420887,0.5467016146302703,False,False,False,False,False,False
2024-09-22 16:00:00,PRD-A,1.1910406494597612,0.013222357941447216,0.8523794717071191,1.297434156718313,1.7424888417295068,0.0,0.16734056156420887,0.5467016146302703,False,False,False,False,False,False
2024-09-29 00:00:00,PRD-A,1.3662569307578052,0.175216281298044,0.8523794717071191,1.297434156718313,1.7424888417295068,0.0,0.16734056156420887,0.5467016146302703,False,False,False,False,False,False
2024-09-29 08:00:00,PRD-A,0.9766069700890657,0.38964996066873947,0.8523794717071191,1.297434156718313,1.7424888417295068,0.0,0.16734056156420887,0.5467016146302703,False,False,False,False,False,False
2024-09-29 16:00:00,PRD-A,1.2795463619761593,0.3029393918870936,0.8523794717071191,1.297434156718313,1.7424888417295068,0.0,0.16734056156420887,0.5467016146302703,False,False,False,False,False,False
2024-09-30 00:00:00,PRD-A,1.0937129310105493,0.18583343096561,0.8523794717071191,1.297434156718313,1.7424888417295068,0.0,0.16734056156420887,0.5467016146302703,False,False,False,False,False,False
2024-09-30 08:00:00,PRD-A,0.9898181292476771,0.10389480176287225,0.8523794717071191,1.297434156718313,1.7424888417295068,0.0,0.16734056156420887,0.5467016146302703,False,False,False,False,False,False
2024-09-30 16:00:00,PRD-A,1.123316265323251,0.13349813607557381,0.8523794717071191,1.297434156718313,1.7424888417295068,0.0,0.16734056156420887,0.5467016146302703,False,False,True,False,True,False
2024-10-07 00:00:00,PRD-A,1.2013650358767711,0.07804877055352022,0.8523794717071191,1.297434156718313,1.7424888417295068,0.0,0.16734056156420887,0.5467016146302703,False,False,False,False,False,False
2024-10-07 08:00:00,PRD-A,1.0885361045085984,0.11282893136817274,0.8523794717071191,1.297434156718313,1.7424888417295068,0.0,0.16734056156420887,0.5467016146302703,False,False,True,False,True,False
2024-10-07 16:00:00,PRD-A,1.4982948965132756,0.40975879200467724,0.8523794717071191,1.297434156718313,1.7424888417295068,0.0,0.16734056156420887,0.5467016146302703,False,False,False,False,False,False
2024-10-08 00:00:00,PRD-A,1.2559610187805414,0.24233387773273418,0.8523794717071191,1.297434156718313,1.7424888417295068,0.0,0.16734056156420887,0.5467016146302703,False,False,False,False,False,False
2024-10-08 08:00:00,PRD-A,1.2200076659304397,0.035953352850101705,0.8523794717071191,1.297434156718313,1.7424888417295068,0.0,0.16734056156420887,0.5467016146302703,False,False,False,False,False,False
2024-10-08 16:00:00,PRD-A,1.4142205675153305,0.1942129015848908,0.8523794717071191,1.297434156718313,1.7424888417295068,0.0,0.16734056156420887,0.5467016146302703,False,False,False,False,False,False
2024-10-15 00:00:00,PRD-A,1.2233017465082903,0.19091882100704027,0.8523794717071191,1.297434156718313,1.7424888417295068,0.0,0.16734056156420887,0.5467016146302703,False,False,False,False,False,False
2024-10-15 08:00:00,PRD-A,1.1473322845408538,0.07596946196743648,0.8523794717071191,1.297434156718313,1.7424888417295068,0.0,0.16734056156420887,0.5467016146302703,False,False,False,False,False,False
2024-10-15 16:00:00,PRD-A,1.1265584245797284,0.02077385996112535,0.8523794717071191,1.297434156718313,1.7424888417295068,0.0,0.16734056156420887,0.5467016146302703,False,False,False,False,False,False
2024-10-16 00:00:00,PRD-A,1.3520849752697799,0.22552655069005145,0.8523794717071191,1.297434156718313,1.7424888417295068,0.0,0.16734056156420887,0.5467016146302703,False,False,False,False,False,False
2024-10-16 08:00:00,PRD-A,1.0754316665734267,0.2766533086963532,0.8523794717071191,1.297434156718313,1.7424888417295068,0.0,0.16734056156420887,0.5467016146302703,False,False,False,False,False,False
2024-10-16 16:00:00,PRD-A,0.9994174368178731,0.07601422975555361,0.8523794717071191,1.297434156718313,1.7424888417295068,0.0,0.16734056156420887,0.5467016146302703,False,False,True,False,True,False
2024-10-23 00:00:00,PRD-A,1.4303680586482943,0.4309506218304212,0.8523794717071191,1.297434156718313,1.7424888417295068,0.0,0.16734056156420887,0.5467016146302703,False,False,False,False,False,False
2024-10-23 08:00:00,PRD-A,1.4558550559891743,0.025486997340880002,0.8523794717071191,1.297434156718313,1.7424888417295068,0.0,0.16734056156420887,0.5467016146302703,False,False,False,False,False,False
2024-10-23 16:00:00,PRD-A,1.6270170907341286,0.17116203474495428,0.8523794717071191,1.297434156718313,1.7424888417295068,0.0,0.16734056156420887,0.5467016146302703,False,False,False,False,False,False
2024-10-24 00:00:00,PRD-A,1.393080708487795,0.23393638224633362,0.8523794717071191,1.297434156718313,1.7424888417295068,0.0,0.16734056156420887,0.5467016146302703,False,False,False,False,False,False
2024-10-24 08:00:00,PRD-A,1.5178418116499643,0.12476110316216937,0.8523794717071191,1.297434156718313,1.7424888417295068,0.0,0.16734056156420887,0.5467016146302703,False,False,False,False,False,False
2024-10-24 16:00:00,PRD-A,1.6333875067958934,0.11554569514592905,0.8523794717071191,1.297434156718313,1.7424888417295068,0.0,0.16734056156420887,0.5467016146302703,False,False,True,False,True,False
2024-10-31 00:00:00,PRD-A,1.1091542552524751,0.5242332515434183,0.8523794717071191,1.297434156718313,1.7424888417295068,0.0,0.16734056156420887,0.5467016146302703,False,False,False,False,False,False
2024-10-31 08:00:00,PRD-A,1.1427658785726797,0.03361162332020462,0.8523794717071191,1.297434156718313,1.7424888417295068,0.0,0.16734056156420887,0.5467016146302703,False,False,False,False,False,False
2024-10-31 16:00:00,PRD-A,1.276669047130213,0.13390316855753315,0.8523794717071191,1.297434156718313,1.7424888417295068,0.0,0.16734056156420887,0.5467016146302703,False,False,False,False,False,False
2024-11-01 00:00:00,PRD-A,0.9710728295785849,0.305596217551628,0.8523794717071191,1.297434156718313,1.7424888417295068,0.0,0.16734056156420887,0.5467016146302703,False,False,False,False,False,False
2024-11-01 08:00:00,PRD-A,1.3944643672040904,0.4233915376255055,0.8523794717071191,1.297434156718313,1.7424888417295068,0.0,0.16734056156420887,0.5467016146302703,False,False,False,False,False,False
2024-11-01 16:00:00,PRD-A,1.4498167294840338,0.055352362279943446,0.8523794717071191,1.297434156718313,1.7424888417295068,0.0,0.16734056156420887,0.5467016146302703,False,False,False,False,False,False
2024-11-08 00:00:00,PRD-A,1.2063274582338661,0.24348927125016773,0.8523794717071191,1.297434156718313,1.7424888417295068,0.0,0.16734056156420887,0.5467016146302703,False,False,False,False,False,False
2024-11-08 08:00:00,PRD-A,1.176892077440657,0.029435380793209065,0.8523794717071191,1.297434156718313,1.7424888417295068,0.0,0.16734056156420887,0.5467016146302703,False,False,False,False,False,False
2024-11-08 16:00:00,PRD-A,1.226118147581013,0.04922607014035596,0.8523794717071191,1.297434156718313,1.7424888417295068,0.0,0.16734056156420887,0.5467016146302703,False,False,False,False,False,False
2024-11-09 00:00:00,PRD-A,0.9927418666485875,0.23337628093242546,0.8523794717071191,1.297434156718313,1.7424888417295068,0.0,0.16734056156420887,0.5467016146302703,False,False,False,False,False,False
2024-11-09 08:00:00,PRD-A,1.2516988164118086,0.25895694976322103,0.8523794717071191,1.297434156718313,1.7424888417295068,0.0,0.16734056156420887,0.5467016146302703,False,False,False,False,False,False
2024-11-09 16:00:00,PRD-A,1.2919148730925631,0.040216056680754564,0.8523794717071191,1.297434156718313,1.7424888417295068,0.0,0.16734056156420887,0.5467016146302703,False,False,False,False,False,False
2024-11-16 00:00:00,PRD-A,1.336029536413148,0.04411466332058489,0.8523794717071191,1.297434156718313,1.7424888417295068,0.0,0.16734056156420887,0.5467016146302703,False,False,False,False,False,False
2024-11-16 08:00:00,PRD-A,1.3455348824013733,0.009505345988225278,0.8523794717071191,1.297434156718313,1.7424888417295068,0.0,0.16734056156420887,0.5467016146302703,False,False,False,False,False,False
2024-11-16 16:00:00,PRD-A,1.5336855857819225,0.18815070338054918,0.8523794717071191,1.297434156718313,1.7424888417295068,0.0,0.16734056156420887,0.5467016146302703,False,False,False,False,False,False
2024-11-17 00:00:00,PRD-A,1.3390262503142627,0.1946593354676598,0.8523794717071191,1.297434156718313,1.7424888417295068,0.0,0.16734056156420887,0.5467016146302703,False,False,False,False,False,False
2024-11-17 08:00:00,PRD-A,1.3939703507148211,0.054944100400558415,0.8523794717071191,1.297434156718313,1.7424888417295068,0.0,0.16734056156420887,0.5467016146302703,False,False,False,False,False,False
2024-11-17 16:00:00,PRD-A,1.6179175696333303,0.22394721891850922,0.8523794717071191,1.297434156718313,1.7424888417295068,0.0,0.16734056156420887,0.5467016146302703,False,False,False,False,False,False
2024-11-24 00:00:00,PRD-A,1.1276962720685528,0.4902212975647775,0.8523794717071191,1.297434156718313,1.7424888417295068,0.0,0.16734056156420887,0.5467016146302703,False,False,False,False,False,False
2024-11-24 08:00:00,PRD-A,0.949529896598896,0.17816637546965686,0.8523794717071191,1.297434156718313,1.7424888417295068,0.0,0.16734056156420887,0.5467016146302703,False,False,False,False,False,False
2024-11-24 16:00:00,PRD-A,1.141499110884892,0.191969214285996,0.8523794717071191,1.297434156718313,1.7424888417295068,0.0,0.16734056156420887,0.5467016146302703,False,False,False,False,False,False
2024-11-25 00:00:00,PRD-A,1.0232263825671672,0.11827272831772473,0.8523794717071191,1.297434156718313,1.7424888417295068,0.0,0.16734056156420887,0.5467016146302703,False,False,True,False,True,False
2024-11-25 08:00:00,PRD-A,1.1647183601446924,0.14149197757752519,0.8523794717071191,1.297434156718313,1.7424888417295068,0.0,0.16734056156420887,0.5467016146302703,False,False,True,False,True,False
2024-11-25 16:00:00,PRD-A,1.3548422359303112,0.19012387578561873,0.8523794717071191,1.297434156718313,1.7424888417295068,0.0,0.16734056156420887,0.5467016146302703,False,False,False,False,False,False
2024-12-02 00:00:00,PRD-A,1.2238865473571983,0.1309556885731129,0.8523794717071191,1.297434156718313,1.7424888417295068,0.0,0.16734056156420887,0.5467016146302703,False,False,False,False,False,False
2024-12-02 08:00:00,PRD-A,1.170816296476411,0.053070250880787206,0.8523794717071191,1.297434156718313,1.7424888417295068,0.0,0.16734056156420887,0.5467016146302703,False,False,False,False,False,False
2024-12-02 16:00:00,PRD-A,1.451686508211496,0.280870211735085,0.8523794717071191,1.297434156718313,1.7424888417295068,0.0,0.16734056156420887,0.5467016146302703,False,False,False,False,False,False
2024-12-03 00:00:00,PRD-A,1.317390047868858,0.13429646034263798,0.8523794717071191,1.297434156718313,1.7424888417295068,0.0,0.16734056156420887,0.5467016146302703,False,False,False,False,False,False
2024-12-03 08:00:00,PRD-A,1.206359360186933,0.11103068768192514,0.8523794717071191,1.297434156718313,1.7424888417295068,0.0,0.16734056156420887,0.5467016146302703,False,False,False,False,False,False
2024-12-03 16:00:00,PRD-A,1.460958063278214,0.2545987030912811,0.8523794717071191,1.297434156718313,1.7424888417295068,0.0,0.16734056156420887,0.5467016146302703,False,False,False,False,False,False
2024-12-10 00:00:00,PRD-A,1.2662203563018557,0.19473770697635828,0.8523794717071191,1.297434156718313,1.7424888417295068,0.0,0.16734056156420887,0.5467016146302703,False,False,False,False,False,False
2024-12-10 08:00:00,PRD-A,1.1331595598900532,0.13306079641180246,0.8523794717071191,1.297434156718313,1.7424888417295068,0.0,0.16734056156420887,0.5467016146302703,False,False,False,False,False,False
2024-12-10 16:00:00,PRD-A,1.3203341533964867,0.1871745935064335,0.8523794717071191,1.297434156718313,1.7424888417295068,0.0,0.16734056156420887,0.5467016146302703,False,False,False,False,False,False
2024-12-11 00:00:00,PRD-A,1.1992096982511424,0.12112445514534431,0.8523794717071191,1.297434156718313,1.7424888417295068,0.0,0.16734056156420887,0.5467016146302703,False,False,False,False,False,False
2024-12-11 08:00:00,PRD-A,1.3906527362380139,0.19144303798687146,0.8523794717071191,1.297434156718313,1.7424888417295068,0.0,0.16734056156420887,0.5467016146302703,False,False,False,False,False,False
2024-12-11 16:00:00,PRD-A,1.3094246574588022,0.08122807877921168,0.8523794717071191,1.297434156718313,1.7424888417295068,0.0,0.16734056156420887,0.5467016146302703,False,False,False,False,False,False
2024-12-18 00:00:00,PRD-A,1.2981753608602669,0.011249296598535352,0.8523794717071191,1.297434156718313,1.7424888417295068,0.0,0.16734056156420887,0.5467016146302703,False,False,False,False,False,False
2024-12-18 08:00:00,PRD-A,1.2177575175874622,0.08041784327280466,0.8523794717071191,1.297434156718313,1.7424888417295068,0.0,0.16734056156420887,0.5467016146302703,False,False,False,False,False,False
2024-12-18 16:00:00,PRD-A,1.342853760128897,0.1250962425414348,0.8523794717071191,1.297434156718313,1.7424888417295068,0.0,0.16734056156420887,0.5467016146302703,False,False,False,False,False,False
2024-12-19 00:00:00,PRD-A,1.0803840307403323,0.2624697293885647,0.8523794717071191,1.297434156718313,1.7424888417295068,0.0,0.16734056156420887,0.5467016146302703,False,False,False,False,False,False
2024-12-19 08:00:00,PRD-A,1.2884740675816297,0.20809003684129745,0.8523794717071191,1.297434156718313,1.7424888417295068,0.0,0.16734056156420887,0.5467016146302703,False,False,False,False,False,False
2024-12-19 16:00:00,PRD-A,1.3047881202957508,0.016314052714121008,0.8523794717071191,1.297434156718313,1.7424888417295068,0.0,0.16734056156420887,0.5467016146302703,False,False,False,False,False,False
2024-12-26 00:00:00,PRD-A,1.4658182302356366,0.16103010993988587,0.8523794717071191,1.297434156718313,1.7424888417295068,0.0,0.16734056156420887,0.5467016146302703,False,False,False,False,False,False
2024-12-26 08:00:00,PRD-A,1.4197740748316328,0.04604415540400386,0.8523794717071191,1.297434156718313,1.7424888417295068,0.0,0.16734056156420887,0.5467016146302703,False,False,False,False,False,False
2024-12-26 16:00:00,PRD-A,1.5255320423415688,0.10575796750993605,0.8523794717071191,1.297434156718313,1.7424888417295068,0.0,0.16734056156420887,0.5467016146302703,False,False,False,False,False,False
2024-12-27 00:00:00,PRD-A,1.4172191902338245,0.10831285210774433,0.8523794717071191,1.297434156718313,1.7424888417295068,0.0,0.16734056156420887,0.5467016146302703,False,False,False,False,False,False
2024-12-27 08:00:00,PRD-A,1.2987019600349763,0.11851723019884819,0.8523794717071191,1.297434156718313,1.7424888417295068,0.0,0.16734056156420887,0.5467016146302703,False,False,False,False,False,False
2024-12-27 16:00:00,PRD-A,1.4179483187177568,0.11924635868278055,0.8523794717071191,1.297434156718313,1.7424888417295068,0.0,0.16734056156420887,0.5467016146302703,False,False,False,False,False,False
2025-01-03 00:00:00,PRD-A,1.5617961459988565,0.14384782728109968,0.8523794717071191,1.297434156718313,1.7424888417295068,0.0,0.16734056156420887,0.5467016146302703,False,False,False,True,True,False
2025-01-03 08:00:00,PRD-A,1.415121661707246,0.14667448429161056,0.8523794717071191,1.297434156718313,1.7424888417295068,0.0,0.16734056156420887,0.5467016146302703,False,False,False,True,True,False
2025-01-03 16:00:00,PRD-A,1.4185204258456812,0.0033987641384352063,0.8523794717071191,1.297434156718313,1.7424888417295068,0.0,0.16734056156420887,0.5467016146302703,False,False,False,True,True,False
2025-01-04 00:00:00,PRD-A,1.5144604319008446,0.0959400060551634,0.8523794717071191,1.297434156718313,1.7424888417295068,0.0,0.16734056156420887,0.5467016146302703,False,False,False,True,True,False
2025-01-04 08:00:00,PRD-A,1.7120898919461511,0.19762946004530657,0.8523794717071191,1.297434156718313,1.7424888417295068,0.0,0.16734056156420887,0.5467016146302703,False,False,False,True,True,False
2025-01-04 16:00:00,PRD-A,1.5110121244524999,0.20107776749365125,0.8523794717071191,1.297434156718313,1.7424888417295068,0.0,0.16734056156420887,0.5467016146302703,False,False,False,True,True,False
2025-01-11 00:00:00,PRD-A,1.3917234681328154,0.11928865631968444,0.8523794717071191,1.297434156718313,1.7424888417295068,0.0,0.16734056156420887,0.5467016146302703,False,False,False,True,True,False
2025-01-11 08:00:00,PRD-A,1.3555216671442318,0.03620180098858361,0.8523794717071191,1.297434156718313,1.7424888417295068,0.0,0.16734056156420887,0.5467016146302703,False,False,False,True,True,False
2025-01-11 16:00:00,PRD-A,1.5476882722582805,0.1921666051140487,0.8523794717071191,1.297434156718313,1.7424888417295068,0.0,0.16734056156420887,0.5467016146302703,False,False,False,True,True,False
2025-01-12 00:00:00,PRD-A,1.6635222992651486,0.11583402700686807,0.8523794717071191,1.297434156718313,1.7424888417295068,0.0,0.16734056156420887,0.5467016146302703,False,False,False,True,True,False
2025-01-12 08:00:00,PRD-A,1.3429366495197783,0.3205856497453703,0.8523794717071191,1.297434156718313,1.7424888417295068,0.0,0.16734056156420887,0.5467016146302703,False,False,False,True,True,False
2025-01-12 16:00:00,PRD-A,1.7506970698599384,0.40776042034016013,0.8523794717071191,1.297434156718313,1.7424888417295068,0.0,0.16734056156420887,0.5467016146302703,True,True,False,True,True,False
2025-01-19 00:00:00,PRD-A,1.2835111898817788,0.46718587997815963,0.8523794717071191,1.297434156718313,1.7424888417295068,0.0,0.16734056156420887,0.5467016146302703,False,False,False,False,False,False
2025-01-19 08:00:00,PRD-A,1.0565237914824892,0.2269873983992896,0.8523794717071191,1.297434156718313,1.7424888417295068,0.0,0.16734056156420887,0.5467016146302703,False,False,False,False,False,False
2025-01-19 16:00:00,PRD-A,1.40505472639956,0.3485309349170709,0.8523794717071191,1.297434156718313,1.7424888417295068,0.0,0.16734056156420887,0.5467016146302703,False,False,False,False,False,False
2025-01-20 00:00:00,PRD-A,1.1238588095363562,0.2811959168632039,0.8523794717071191,1.297434156718313,1.7424888417295068,0.0,0.16734056156420887,0.5467016146302703,False,False,False,False,False,False
2025-01-20 08:00:00,PRD-A,1.4125992447950388,0.28874043525868265,0.8523794717071191,1.297434156718313,1.7424888417295068,0.0,0.16734056156420887,0.5467016146302703,False,False,False,False,False,False
2025-01-20 16:00:00,PRD-A,1.429824327236751,0.01722508244171217,0.8523794717071191,1.297434156718313,1.7424888417295068,0.0,0.16734056156420887,0.5467016146302703,False,False,False,False,False,False
2025-01-27 00:00:00,PRD-A,1.0302032939330992,0.39962103330365184,0.8523794717071191,1.297434156718313,1.7424888417295068,0.0,0.16734056156420887,0.5467016146302703,False,False,False,False,False,False
2025-01-27 08:00:00,PRD-A,1.2229740774860474,0.1927707835529482,0.8523794717071191,1.297434156718313,1.7424888417295068,0.0,0.16734056156420887,0.5467016146302703,False,False,False,False,False,False
2025-01-27 16:00:00,PRD-A,1.1767641784174576,0.046209899068589744,0.8523794717071191,1.297434156718313,1.7424888417295068,0.0,0.16734056156420887,0.5467016146302703,False,False,False,False,False,False
2025-01-28 00:00:00,PRD-A,1.2422604196891187,0.0654962412716611,0.8523794717071191,1.297434156718313,1.7424888417295068,0.0,0.16734056156420887,0.5467016146302703,False,False,False,False,False,False
2025-01-28 08:00:00,PRD-A,1.0993777958772324,0.14288262381188632,0.8523794717071191,1.297434156718313,1.7424888417295068,0.0,0.16734056156420887,0.5467016146302703,False,False,False,False,False,False
2025-01-28 16:00:00,PRD-A,1.522144449864532,0.4227666539872996,0.8523794717071191,1.297434156718313,1.7424888417295068,0.0,0.16734056156420887,0.5467016146302703,False,False,False,False,False,False
2025-02-04 00:00:00,PRD-A,1.0583925726344645,0.4637518772300675,0.8523794717071191,1.297434156718313,1.7424888417295068,0.0,0.16734056156420887,0.5467016146302703,False,False,False,False,False,False
2025-02-04 08:00:00,PRD-A,1.2178204678646558,0.1594278952301913,0.8523794717071191,1.297434156718313,1.7424888417295068,0.0,0.16734056156420887,0.5467016146302703,False,False,False,False,False,False
2025-02-04 16:00:00,PRD-A,1.3953050382736558,0.177484570409,0.8523794717071191,1.297434156718313,1.7424888417295068,0.0,0.16734056156420887,0.5467016146302703,False,False,False,False,False,False
2025-02-05 00:00:00,PRD-A,1.4030390253637692,0.0077339870901134145,0.8523794717071191,1.297434156718313,1.7424888417295068,0.0,0.16734056156420887,0.5467016146302703,False,False,False,False,False,False
2025-02-05 08:00:00,PRD-A,1.3155944549190357,0.08744457044473353,0.8523794717071191,1.297434156718313,1.7424888417295068,0.0,0.16734056156420887,0.5467016146302703,False,False,False,False,False,False
2025-02-05 16:00:00,PRD-A,1.3678923291790503,0.05229787426001464,0.8523794717071191,1.297434156718313,1.7424888417295068,0.0,0.16734056156420887,0.5467016146302703,False,False,False,False,False,False
2025-02-12 00:00:00,PRD-A,1.752882638253488,0.38499030907443754,0.8523794717071191,1.297434156718313,1.7424888417295068,0.0,0.16734056156420887,0.5467016146302703,True,False,False,False,True,False
2025-02-12 08:00:00,PRD-A,1.9116662867976928,0.1587836485442049,0.8523794717071191,1.297434156718313,1.7424888417295068,0.0,0.16734056156420887,0.5467016146302703,True,True,False,False,True,False
2025-02-12 16:00:00,PRD-A,1.760304849131073,0.1513614376666197,0.8523794717071191,1.297434156718313,1.7424888417295068,0.0,0.16734056156420887,0.5467016146302703,True,True,False,False,True,False
2025-02-13 00:00:00,PRD-A,1.6635524175297782,0.09675243160129487,0.8523794717071191,1.297434156718313,1.7424888417295068,0.0,0.16734056156420887,0.5467016146302703,False,True,True,True,True,False
2025-02-13 08:00:00,PRD-A,1.0956112604978103,0.5679411570319679,0.8523794717071191,1.297434156718313,1.7424888417295068,0.0,0.16734056156420887,0.5467016146302703,False,True,True,False,True,True
2025-02-13 16:00:00,PRD-A,1.169275647392166,0.07366438689435562,0.8523794717071191,1.297434156718313,1.7424888417295068,0.0,0.16734056156420887,0.5467016146302703,False,False,False,False,False,False
2025-02-20 00:00:00,PRD-A,1.3824508202622425,0.2131751728700766,0.8523794717071191,1.297434156718313,1.7424888417295068,0.0,0.16734056156420887,0.5467016146302703,False,False,False,False,False,False
2025-02-20 08:00:00,PRD-A,1.2462779387124692,0.13617288154977336,0.8523794717071191,1.297434156718313,1.7424888417295068,0.0,0.16734056156420887,0.5467016146302703,False,False,False,False,False,False
2025-02-20 16:00:00,PRD-A,1.379814106475619,0.13353616776314992,0.8523794717071191,1.297434156718313,1.7424888417295068,0.0,0.16734056156420887,0.5467016146302703,False,False,False,False,False,False
2025-02-21 00:00:00,PRD-A,1.3513063916947818,0.028507714780837246,0.8523794717071191,1.297434156718313,1.7424888417295068,0.0,0.16734056156420887,0.5467016146302703,False,False,False,False,False,False
2025-02-21 08:00:00,PRD-A,1.4760254062442684,0.12471901454948653,0.8523794717071191,1.297434156718313,1.7424888417295068,0.0,0.16734056156420887,0.5467016146302703,False,False,False,False,False,False
2025-02-21 16:00:00,PRD-A,1.4771882029070553,0.001162796662786958,0.8523794717071191,1.297434156718313,1.7424888417295068,0.0,0.16734056156420887,0.5467016146302703,False,False,False,False,False,False
2025-02-28 00:00:00,PRD-A,1.4813075088086287,0.004119305901573389,0.8523794717071191,1.297434156718313,1.7424888417295068,0.0,0.16734056156420887,0.5467016146302703,False,False,False,False,False,False
2025-02-28 08:00:00,PRD-A,1.1717162881321435,0.30959122067648526,0.8523794717071191,1.297434156718313,1.7424888417295068,0.0,0.16734056156420887,0.5467016146302703,False,False,False,False,False,False
2025-02-28 16:00:00,PRD-A,1.395954985095342,0.22423869696319865,0.8523794717071191,1.297434156718313,1.7424888417295068,0.0,0.16734056156420887,0.5467016146302703,False,False,False,False,False,False
2025-03-01 00:00:00,PRD-A,1.1724316084229567,0.22352337667238542,0.8523794717071191,1.297434156718313,1.7424888417295068,0.0,0.16734056156420887,0.5467016146302703,False,False,False,False,False,False
2025-03-01 08:00:00,PRD-A,1.3951024644608156,0.22267085603785897,0.8523794717071191,1.297434156718313,1.7424888417295068,0.0,0.16734056156420887,0.5467016146302703,False,False,False,False,False,False
2025-03-01 16:00:00,PRD-A,1.5277147085447602,0.13261224408394456,0.8523794717071191,1.297434156718313,1.7424888417295068,0.0,0.16734056156420887,0.5467016146302703,False,False,False,False,False,False
2025-03-08 00:00:00,PRD-A,1.6014566935875858,0.07374198504282559,0.8523794717071191,1.297434156718313,1.7424888417295068,0.0,0.16734056156420887,0.5467016146302703,False,False,False,False,False,False
2025-03-08 08:00:00,PRD-A,1.5441095037701933,0.05734718981739251,0.8523794717071191,1.297434156718313,1.7424888417295068,0.0,0.16734056156420887,0.5467016146302703,False,False,False,False,False,False
2025-03-08 16:00:00,PRD-A,1.320547889376516,0.2235616143936774,0.8523794717071191,1.297434156718313,1.7424888417295068,0.0,0.16734056156420887,0.5467016146302703,False,False,False,False,False,False
2025-03-09 00:00:00,PRD-A,1.0020748628356175,0.3184730265408984,0.8523794717071191,1.297434156718313,1.7424888417295068,0.0,0.16734056156420887,0.5467016146302703,False,False,False,False,False,False
2025-03-09 08:00:00,PRD-A,1.0524393207006106,0.050364457864993106,0.8523794717071191,1.297434156718313,1.7424888417295068,0.0,0.16734056156420887,0.5467016146302703,False,False,False,False,False,False
2025-03-09 16:00:00,PRD-A,1.5518063452912811,0.4993670245906705,0.8523794717071191,1.297434156718313,1.7424888417295068,0.0,0.16734056156420887,0.5467016146302703,False,False,False,False,False,False
2025-03-16 00:00:00,PRD-A,1.171674098529379,0.38013224676190216,0.8523794717071191,1.297434156718313,1.7424888417295068,0.0,0.16734056156420887,0.5467016146302703,False,False,False,False,False,False
2025-03-16 08:00:00,PRD-A,1.1076308559284351,0.06404324260094385,0.8523794717071191,1.297434156718313,1.7424888417295068,0.0,0.16734056156420887,0.5467016146302703,False,False,False,False,False,False
2025-03-16 16:00:00,PRD-A,1.234345659075979,0.1267148031475438,0.8523794717071191,1.297434156718313,1.7424888417295068,0.0,0.16734056156420887,0.5467016146302703,False,False,False,False,False,False
2025-03-17 00:00:00,PRD-A,1.2138953954103062,0.020450263665672708,0.8523794717071191,1.297434156718313,1.7424888417295068,0.0,0.16734056156420887,0.5467016146302703,False,False,False,False,False,False
2025-03-17 08:00:00,PRD-A,1.1687761489385724,0.04511924647173382,0.8523794717071191,1.297434156718313,1.7424888417295068,0.0,0.16734056156420887,0.5467016146302703,False,False,False,False,False,False
2025-03-17 16:00:00,PRD-A,1.4068500706308618,0.23807392169228936,0.8523794717071191,1.297434156718313,1.7424888417295068,0.0,0.16734056156420887,0.5467016146302703,False,False,False,False,False,False
2025-03-24 00:00:00,PRD-A,0.8982918971183154,0.5085581735125464,0.8523794717071191,1.297434156718313,1.7424888417295068,0.0,0.16734056156420887,0.5467016146302703,False,False,False,False,False,False
2025-03-24 08:00:00,PRD-A,1.3245039159816772,0.4262120188633618,0.8523794717071191,1.297434156718313,1.7424888417295068,0.0,0.16734056156420887,0.5467016146302703,False,False,False,False,False,False
2025-03-24 16:00:00,PRD-A,1.584438334795616,0.25993441881393875,0.8523794717071191,1.297434156718313,1.7424888417295068,0.0,0.16734056156420887,0.5467016146302703,False,False,False,False,False,False
2025-03-25 00:00:00,PRD-A,1.3617480436969425,0.22269029109867344,0.8523794717071191,1.297434156718313,1.7424888417295068,0.0,0.16734056156420887,0.5467016146302703,False,False,False,False,False,False
2025-03-25 08:00:00,PRD-A,1.1597190265798198,0.20202901711712262,0.8523794717071191,1.297434156718313,1.7424888417295068,0.0,0.16734056156420887,0.5467016146302703,False,False,False,False,False,False
2025-03-25 16:00:00,PRD-A,1.3584880772874675,0.1987690507076476,0.8523794717071191,1.297434156718313,1.7424888417295068,0.0,0.16734056156420887,0.5467016146302703,False,False,False,False,False,False
2025-04-01 00:00:00,PRD-A,1.198696896022105,0.15979118126536251,0.8523794717071191,1.297434156718313,1.7424888417295068,0.0,0.16734056156420887,0.5467016146302703,False,False,False,False,False,False
2025-04-01 08:00:00,PRD-A,1.291997037278753,0.0933001412566481,0.8523794717071191,1.297434156718313,1.7424888417295068,0.0,0.16734056156420887,0.5467016146302703,False,False,False,False,False,False
2025-04-01 16:00:00,PRD-A,1.3667823522790843,0.07478531500033125,0.8523794717071191,1.297434156718313,1.7424888417295068,0.0,0.16734056156420887,0.5467016146302703,False,False,False,False,False,False
2025-04-02 00:00:00,PRD-A,1.3072518432008813,0.05953050907820301,0.8523794717071191,1.297434156718313,1.7424888417295068,0.0,0.16734056156420887,0.5467016146302703,False,False,False,False,False,False
2025-04-02 08:00:00,PRD-A,1.4085778600677858,0.10132601686690457,0.8523794717071191,1.297434156718313,1.7424888417295068,0.0,0.16734056156420887,0.5467016146302703,False,False,False,False,False,False
2025-04-02 16:00:00,PRD-A,1.5999613916471287,0.19138353157934285,0.8523794717071191,1.297434156718313,1.7424888417295068,0.0,0.16734056156420887,0.5467016146302703,False,False,False,False,False,False
2025-04-09 00:00:00,PRD-A,1.31372824458927,0.28623314705785874,0.8523794717071191,1.297434156718313,1.7424888417295068,0.0,0.16734056156420887,0.5467016146302703,False,False,False,False,False,False
2025-04-09 08:00:00,PRD-A,1.3331571829568318,0.019428938367561877,0.8523794717071191,1.297434156718313,1.7424888417295068,0.0,0.16734056156420887,0.5467016146302703,False,False,False,False,False,False
2025-04-09 16:00:00,PRD-A,1.5465450603447626,0.21338787738793075,0.8523794717071191,1.297434156718313,1.7424888417295068,0.0,0.16734056156420887,0.5467016146302703,False,False,False,False,False,False
2025-04-10 00:00:00,PRD-A,1.4294798992163325,0.11706516112843013,0.8523794717071191,1.297434156718313,1.7424888417295068,0.0,0.16734056156420887,0.5467016146302703,False,False,False,True,True,False
2025-04-10 08:00:00,PRD-A,1.3153937052496438,0.11408619396668862,0.8523794717071191,1.297434156718313,1.7424888417295068,0.0,0.16734056156420887,0.5467016146302703,False,False,False,True,True,False
2025-04-10 16:00:00,PRD-A,1.6503307422130697,0.3349370369634259,0.8523794717071191,1.297434156718313,1.7424888417295068,0.0,0.16734056156420887,0.5467016146302703,False,False,False,True,True,False
2025-04-17 00:00:00,PRD-A,1.072856826717837,0.5774739154952326,0.8523794717071191,1.297434156718313,1.7424888417295068,0.0,0.16734056156420887,0.5467016146302703,False,False,False,False,False,True
2025-04-17 08:00:00,PRD-A,1.0004686208742022,0.07238820584363492,0.8523794717071191,1.297434156718313,1.7424888417295068,0.0,0.16734056156420887,0.5467016146302703,False,False,False,False,False,False
2025-04-17 16:00:00,PRD-A,1.3404905834391971,0.34002196256499495,0.8523794717071191,1.297434156718313,1.7424888417295068,0.0,0.16734056156420887,0.5467016146302703,False,False,False,False,False,False
2025-04-18 00:00:00,PRD-A,1.056713188122845,0.28377739531635204,0.8523794717071191,1.297434156718313,1.7424888417295068,0.0,0.16734056156420887,0.5467016146302703,False,False,False,False,False,False
2025-04-18 08:00:00,PRD-A,1.2182679580011027,0.16155476987825756,0.8523794717071191,1.297434156718313,1.7424888417295068,0.0,0.16734056156420887,0.5467016146302703,False,False,False,False,False,False
2025-04-18 16:00:00,PRD-A,1.4162418360127385,0.1979738780116358,0.8523794717071191,1.297434156718313,1.7424888417295068,0.0,0.16734056156420887,0.5467016146302703,False,False,False,False,False,False
2025-04-25 00:00:00,PRD-A,0.9777830288481792,0.4384588071645592,0.8523794717071191,1.297434156718313,1.7424888417295068,0.0,0.16734056156420887,0.5467016146302703,False,False,False,False,False,False
2025-04-25 08:00:00,PRD-A,0.9872412321654338,0.009458203317254554,0.8523794717071191,1.297434156718313,1.7424888417295068,0.0,0.16734056156420887,0.5467016146302703,False,True,False,False,True,False
2025-04-25 16:00:00,PRD-A,1.360950651429542,0.37370941926410817,0.8523794717071191,1.297434156718313,1.7424888417295068,0.0,0.16734056156420887,0.5467016146302703,False,True,False,False,True,False
2025-04-26 00:00:00,PRD-A,1.0873693607387525,0.2735812906907895,0.8523794717071191,1.297434156718313,1.7424888417295068,0.0,0.16734056156420887,0.5467016146302703,False,False,False,False,False,False
2025-04-26 08:00:00,PRD-A,1.0527151694162997,0.03465419132245273,0.8523794717071191,1.297434156718313,1.7424888417295068,0.0,0.16734056156420887,0.5467016146302703,False,False,True,False,True,False
2025-04-26 16:00:00,PRD-A,1.3197818213764598,0.2670666519601601,0.8523794717071191,1.297434156718313,1.7424888417295068,0.0,0.16734056156420887,0.5467016146302703,False,False,False,False,False,False
2025-05-03 00:00:00,PRD-A,1.253061982548932,0.06671983882752786,0.8523794717071191,1.297434156718313,1.7424888417295068,0.0,0.16734056156420887,0.5467016146302703,False,False,False,False,False,False
2025-05-03 08:00:00,PRD-A,1.1595612370661945,0.09350074548273746,0.8523794717071191,1.297434156718313,1.7424888417295068,0.0,0.16734056156420887,0.5467016146302703,False,False,False,False,False,False
2025-05-03 16:00:00,PRD-A,1.2521844444164636,0.09262320735026908,0.8523794717071191,1.297434156718313,1.7424888417295068,0.0,0.16734056156420887,0.5467016146302703,False,False,False,False,False,False
2025-05-04 00:00:00,PRD-A,1.2391426711043914,0.013041773312072236,0.8523794717071191,1.297434156718313,1.7424888417295068,0.0,0.16734056156420887,0.5467016146302703,False,False,False,False,False,False
2025-05-04 08:00:00,PRD-A,1.2693745855852594,0.03023191448086804,0.8523794717071191,1.297434156718313,1.7424888417295068,0.0,0.16734056156420887,0.5467016146302703,False,False,False,False,False,False
2025-05-04 16:00:00,PRD-A,1.3716941836373984,0.10231959805213897,0.8523794717071191,1.297434156718313,1.7424888417295068,0.0,0.16734056156420887,0.5467016146302703,False,False,False,False,False,False
2025-05-11 00:00:00,PRD-A,1.151062646911358,0.2206315367260403,0.8523794717071191,1.297434156718313,1.7424888417295068,0.0,0.16734056156420887,0.5467016146302703,False,False,False,False,False,False
2025-05-11 08:00:00,PRD-A,1.2332004021475134,0.0821377552361553,0.8523794717071191,1.297434156718313,1.7424888417295068,0.0,0.16734056156420887,0.5467016146302703,False,False,False,False,False,False
2025-05-11 16:00:00,PRD-A,1.4591266205505995,0.22592621840308613,0.8523794717071191,1.297434156718313,1.7424888417295068,0.0,0.16734056156420887,0.5467016146302703,False,False,False,False,False,False
2025-05-12 00:00:00,PRD-A,1.3057440727820933,0.15338254776850624,0.8523794717071191,1.297434156718313,1.7424888417295068,0.0,0.16734056156420887,0.5467016146302703,False,False,False,False,False,False
2025-05-12 08:00:00,PRD-A,0.9424944914823222,0.36324958129977103,0.8523794717071191,1.297434156718313,1.7424888417295068,0.0,0.16734056156420887,0.5467016146302703,False,False,False,False,False,False
2025-05-12 16:00:00,PRD-A,1.1261702654067027,0.1836757739243805,0.8523794717071191,1.297434156718313,1.7424888417295068,0.0,0.16734056156420887,0.5467016146302703,False,False,False,False,False,False
2025-05-19 00:00:00,PRD-A,1.4684649305797541,0.3422946651730514,0.8523794717071191,1.297434156718313,1.7424888417295068,0.0,0.16734056156420887,0.5467016146302703,False,False,False,False,False,False
2025-05-19 08:00:00,PRD-A,1.4284542291335873,0.04001070144616681,0.8523794717071191,1.297434156718313,1.7424888417295068,0.0,0.16734056156420887,0.5467016146302703,False,False,False,False,False,False
2025-05-19 16:00:00,PRD-A,1.7374217477733251,0.3089675186397378,0.8523794717071191,1.297434156718313,1.7424888417295068,0.0,0.16734056156420887,0.5467016146302703,False,False,False,False,False,False
2025-05-20 00:00:00,PRD-A,1.6243088036949507,0.11311294407837447,0.8523794717071191,1.297434156718313,1.7424888417295068,0.0,0.16734056156420887,0.5467016146302703,False,True,False,False,True,False
2025-05-20 08:00:00,PRD-A,1.0008799830028616,0.623428820692089,0.8523794717071191,1.297434156718313,1.7424888417295068,0.0,0.16734056156420887,0.5467016146302703,False,True,False,False,True,True
2025-05-20 16:00:00,PRD-A,1.2053334001947813,0.20445341719191967,0.8523794717071191,1.297434156718313,1.7424888417295068,0.0,0.16734056156420887,0.5467016146302703,False,False,False,False,False,False
2025-05-27 00:00:00,PRD-A,1.7649175199634717,0.5595841197686904,0.8523794717071191,1.297434156718313,1.7424888417295068,0.0,0.16734056156420887,0.5467016146302703,True,False,False,False,True,True
2025-05-27 08:00:00,PRD-A,1.4953116578194539,0.2696058621440178,0.8523794717071191,1.297434156718313,1.7424888417295068,0.0,0.16734056156420887,0.5467016146302703,False,False,False,False,False,False
2025-05-27 16:00:00,PRD-A,1.8793624018983999,0.384050744078946,0.8523794717071191,1.297434156718313,1.7424888417295068,0.0,0.16734056156420887,0.5467016146302703,True,True,False,False,True,False
2025-05-28 00:00:00,PRD-A,0.9193997973580565,0.9599626045403433,0.8523794717071191,1.297434156718313,1.7424888417295068,0.0,0.16734056156420887,0.5467016146302703,False,False,False,False,False,True
2025-05-28 08:00:00,PRD-A,1.0779989092790896,0.15859911192103304,0.8523794717071191,1.297434156718313,1.7424888417295068,0.0,0.16734056156420887,0.5467016146302703,False,False,False,False,False,False
2025-05-28 16:00:00,PRD-A,1.3060707709723807,0.22807186169329108,0.8523794717071191,1.297434156718313,1.7424888417295068,0.0,0.16734056156420887,0.5467016146302703,False,False,False,False,False,False
2025-06-04 00:00:00,PRD-A,0.964519268276534,0.34155150269584666,0.8523794717071191,1.297434156718313,1.7424888417295068,0.0,0.16734056156420887,0.5467016146302703,False,False,False,False,False,False
2025-06-04 08:00:00,PRD-A,1.0596521997954529,0.09513293151891888,0.8523794717071191,1.297434156718313,1.7424888417295068,0.0,0.16734056156420887,0.5467016146302703,False,False,True,False,True,False
2025-06-04 16:00:00,PRD-A,1.2216472941126835,0.16199509431723058,0.8523794717071191,1.297434156718313,1.7424888417295068,0.0,0.16734056156420887,0.5467016146302703,False,False,False,False,False,False
2025-06-05 00:00:00,PRD-A,1.1589119532288485,0.06273534088383492,0.8523794717071191,1.297434156718313,1.7424888417295068,0.0,0.16734056156420887,0.5467016146302703,False,False,False,False,False,False
2025-06-05 08:00:00,PRD-A,1.3760081701523548,0.21709621692350622,0.8523794717071191,1.297434156718313,1.7424888417295068,0.0,0.16734056156420887,0.5467016146302703,False,False,False,False,False,False
2025-06-05 16:00:00,PRD-A,1.5629769186755194,0.18696874852316459,0.8523794717071191,1.297434156718313,1.7424888417295068,0.0,0.16734056156420887,0.5467016146302703,False,False,False,False,False,False
2025-06-12 00:00:00,PRD-A,0.9910869426059007,0.5718899760696187,0.8523794717071191,1.297434156718313,1.7424888417295068,0.0,0.16734056156420887,0.5467016146302703,False,False,False,False,False,True
2025-06-12 08:00:00,PRD-A,1.274120999718047,0.28303405711214624,0.8523794717071191,1.297434156718313,1.7424888417295068,0.0,0.16734056156420887,0.5467016146302703,False,False,False,False,False,False
2025-06-12 16:00:00,PRD-A,1.162162773950529,0.11195822576751802,0.8523794717071191,1.297434156718313,1.7424888417295068,0.0,0.16734056156420887,0.5467016146302703,False,False,False,False,False,False
2025-06-13 00:00:00,PRD-A,1.072039953355549,0.09012282059498,0.8523794717071191,1.297434156718313,1.7424888417295068,0.0,0.16734056156420887,0.5467016146302703,False,False,False,False,False,False
2025-06-13 08:00:00,PRD-A,1.2197653868799099,0.14772543352436096,0.8523794717071191,1.297434156718313,1.7424888417295068,0.0,0.16734056156420887,0.5467016146302703,False,False,False,False,False,False
2025-06-13 16:00:00,PRD-A,1.3139291086781215,0.09416372179821164,0.8523794717071191,1.297434156718313,1.7424888417295068,0.0,0.16734056156420887,0.5467016146302703,False,False,False,False,False,False
2025-06-20 00:00:00,PRD-A,1.1433576223626176,0.1705714863155039,0.8523794717071191,1.297434156718313,1.7424888417295068,0.0,0.16734056156420887,0.5467016146302703,False,False,False,False,False,False
2025-06-20 08:00:00,PRD-A,1.1814607119147735,0.03810308955215591,0.8523794717071191,1.297434156718313,1.7424888417295068,0.0,0.16734056156420887,0.5467016146302703,False,False,False,False,False,False
2025-06-20 16:00:00,PRD-A,1.3181374872621725,0.13667677534739897,0.8523794717071191,1.297434156718313,1.7424888417295068,0.0,0.16734056156420887,0.5467016146302703,False,False,False,False,False,False
2025-06-21 00:00:00,PRD-A,1.3612932655309962,0.043155778268823664,0.8523794717071191,1.297434156718313,1.7424888417295068,0.0,0.16734056156420887,0.5467016146302703,False,False,False,False,False,False
2025-06-21 08:00:00,PRD-A,1.1772101799389967,0.18408308559199948,0.8523794717071191,1.297434156718313,1.7424888417295068,0.0,0.16734056156420887,0.5467016146302703,False,False,False,False,False,False
2025-06-21 16:00:00,PRD-A,1.3268956924530546,0.14968551251405793,0.8523794717071191,1.297434156718313,1.7424888417295068,0.0,0.16734056156420887,0.5467016146302703,False,False,False,False,False,False
2025-06-28 00:00:00,PRD-A,1.476500183112823,0.14960449065976844,0.8523794717071191,1.297434156718313,1.7424888417295068,0.0,0.16734056156420887,0.5467016146302703,False,False,False,False,False,False
2025-06-28 08:00:00,PRD-A,1.325976027875023,0.15052415523780005,0.8523794717071191,1.297434156718313,1.7424888417295068,0.0,0.16734056156420887,0.5467016146302703,False,False,False,False,False,False
2025-06-28 16:00:00,PRD-A,1.5004910918817975,0.17451506400677452,0.8523794717071191,1.297434156718313,1.7424888417295068,0.0,0.16734056156420887,0.5467016146302703,False,False,False,False,False,False
2025-06-29 00:00:00,PRD-A,1.5758194132745922,0.07532832139279466,0.8523794717071191,1.297434156718313,1.7424888417295068,0.0,0.16734056156420887,0.5467016146302703,False,False,False,False,False,False
2025-06-29 08:00:00,PRD-A,1.69143074465885,0.11561133138425772,0.8523794717071191,1.297434156718313,1.7424888417295068,0.0,0.16734056156420887,0.5467016146302703,False,False,True,False,True,False
2025-06-29 16:00:00,PRD-A,1.443448468194333,0.24798227646451698,0.8523794717071191,1.297434156718313,1.7424888417295068,0.0,0.16734056156420887,0.5467016146302703,False,False,False,False,False,False
2024-01-07 00:00:00,PRD-A,1.4424394561180542,0.0010090120762786814,0.8523794717071191,1.297434156718313,1.7424888417295068,0.0,0.16734056156420887,0.5467016146302703,False,False,False,True,True,False
2024-01-07 08:00:00,PRD-A,1.3657264201994554,0.0767130359185988,0.8523794717071191,1.297434156718313,1.7424888417295068,0.0,0.16734056156420887,0.5467016146302703,False,False,False,True,True,False
2024-01-07 16:00:00,PRD-A,1.5435700475964966,0.17784362739704118,0.8523794717071191,1.297434156718313,1.7424888417295068,0.0,0.16734056156420887,0.5467016146302703,False,False,False,True,True,False
2024-01-08 00:00:00,PRD-A,1.478474392825399,0.06509565477109769,0.8523794717071191,1.297434156718313,1.7424888417295068,0.0,0.16734056156420887,0.5467016146302703,False,False,False,True,True,False
2024-01-08 08:00:00,PRD-A,1.5173836596270853,0.03890926680168638,0.8523794717071191,1.297434156718313,1.7424888417295068,0.0,0.16734056156420887,0.5467016146302703,False,False,False,True,True,False
2024-01-08 16:00:00,PRD-A,1.4890011509375827,0.02838250868950265,0.8523794717071191,1.297434156718313,1.7424888417295068,0.0,0.16734056156420887,0.5467016146302703,False,False,True,True,True,False
2024-01-15 00:00:00,PRD-A,1.3956943532988109,0.09330679763877181,0.8523794717071191,1.297434156718313,1.7424888417295068,0.0,0.16734056156420887,0.5467016146302703,False,False,True,True,True,False
2024-01-15 08:00:00,PRD-A,1.4071261726314253,0.01143181933261439,0.8523794717071191,1.297434156718313,1.7424888417295068,0.0,0.16734056156420887,0.5467016146302703,False,False,False,True,True,False
2024-01-15 16:00:00,PRD-A,1.6798504106119674,0.27272423798054213,0.8523794717071191,1.297434156718313,1.7424888417295068,0.0,0.16734056156420887,0.5467016146302703,False,False,False,True,True,False
2024-01-16 00:00:00,PRD-A,1.3436084527001577,0.33624195791180966,0.8523794717071191,1.297434156718313,1.7424888417295068,0.0,0.16734056156420887,0.5467016146302703,False,False,False,True,True,False
2024-01-16 08:00:00,PRD-A,1.3930829618499867,0.04947450914982898,0.8523794717071191,1.297434156718313,1.7424888417295068,0.0,0.16734056156420887,0.5467016146302703,False,False,False,True,True,False
2024-01-16 16:00:00,PRD-A,1.5388539170019142,0.1457709551519275,0.8523794717071191,1.297434156718313,1.7424888417295068,0.0,0.16734056156420887,0.5467016146302703,False,False,False,True,True,False
2024-01-23 00:00:00,PRD-A,1.0638788298737165,0.4749750871281977,0.8523794717071191,1.297434156718313,1.7424888417295068,0.0,0.16734056156420887,0.5467016146302703,False,False,False,False,False,False
2024-01-23 08:00:00,PRD-A,1.1801642687942795,0.11628543892056298,0.8523794717071191,1.297434156718313,1.7424888417295068,0.0,0.16734056156420887,0.5467016146302703,False,False,False,False,False,False
2024-01-23 16:00:00,PRD-A,1.0731408179616246,0.10702345083265485,0.8523794717071191,1.297434156718313,1.7424888417295068,0.0,0.16734056156420887,0.5467016146302703,False,False,False,False,False,False
2024-01-24 00:00:00,PRD-A,1.2349625366795856,0.16182171871796092,0.8523794717071191,1.297434156718313,1.7424888417295068,0.0,0.16734056156420887,0.5467016146302703,False,False,False,False,False,False
2024-01-24 08:00:00,PRD-A,1.2478690007041129,0.012906464024527331,0.8523794717071191,1.297434156718313,1.7424888417295068,0.0,0.16734056156420887,0.5467016146302703,False,False,False,False,False,False
2024-01-24 16:00:00,PRD-A,1.3858680253319067,0.1379990246277938,0.8523794717071191,1.297434156718313,1.7424888417295068,0.0,0.16734056156420887,0.5467016146302703,False,False,False,False,False,False
2024-01-31 00:00:00,PRD-A,1.8204717982832008,0.43460377295129415,0.8523794717071191,1.297434156718313,1.7424888417295068,0.0,0.16734056156420887,0.5467016146302703,True,False,False,False,True,False
2024-01-31 08:00:00,PRD-A,0.9971765680218434,0.8232952302613574,0.8523794717071191,1.297434156718313,1.7424888417295068,0.0,0.16734056156420887,0.5467016146302703,False,False,False,False,False,True
2024-01-31 16:00:00,PRD-A,1.1922052215595842,0.1950286535377408,0.8523794717071191,1.297434156718313,1.7424888417295068,0.0,0.16734056156420887,0.5467016146302703,False,False,False,False,False,False
2024-02-01 00:00:00,PRD-A,1.2076258236458548,0.015420602086270607,0.8523794717071191,1.297434156718313,1.7424888417295068,0.0,0.16734056156420887,0.5467016146302703,False,False,False,False,False,False
2024-02-01 08:00:00,PRD-A,1.215500894558051,0.007875070912196191,0.8523794717071191,1.297434156718313,1.7424888417295068,0.0,0.16734056156420887,0.5467016146302703,False,False,False,False,False,False
2024-02-01 16:00:00,PRD-A,1.174170561059843,0.04133033349820803,0.8523794717071191,1.297434156718313,1.7424888417295068,0.0,0.16734056156420887,0.5467016146302703,False,False,False,False,False,False
2024-02-08 00:00:00,PRD-A,1.397663313891188,0.22349275283134507,0.8523794717071191,1.297434156718313,1.7424888417295068,0.0,0.16734056156420887,0.5467016146302703,False,False,False,False,False,False
2024-02-08 08:00:00,PRD-A,1.2891889879098746,0.10847432598131346,0.8523794717071191,1.297434156718313,1.7424888417295068,0.0,0.16734056156420887,0.5467016146302703,False,False,False,False,False,False
2024-02-08 16:00:00,PRD-A,1.5939970640032493,0.3048080760933747,0.8523794717071191,1.297434156718313,1.7424888417295068,0.0,0.16734056156420887,0.5467016146302703,False,False,False,False,False,False
2024-02-09 00:00:00,PRD-A,1.2432657142452257,0.35073134975802356,0.8523794717071191,1.297434156718313,1.7424888417295068,0.0,0.16734056156420887,0.5467016146302703,False,False,False,False,False,False
2024-02-09 08:00:00,PRD-A,1.4129105613945108,0.16964484714928507,0.8523794717071191,1.297434156718313,1.7424888417295068,0.0,0.16734056156420887,0.5467016146302703,False,False,False,False,False,False
2024-02-09 16:00:00,PRD-A,1.5073580000195643,0.09444743862505356,0.8523794717071191,1.297434156718313,1.7424888417295068,0.0,0.16734056156420887,0.5467016146302703,False,False,False,False,False,False
2024-02-16 00:00:00,PRD-A,1.2309126775666586,0.27644532245290576,0.8523794717071191,1.297434156718313,1.7424888417295068,0.0,0.16734056156420887,0.5467016146302703,False,False,False,False,False,False
2024-02-16 08:00:00,PRD-A,1.3787442827867855,0.14783160522012695,0.8523794717071191,1.297434156718313,1.7424888417295068,0.0,0.16734056156420887,0.5467016146302703,False,False,False,False,False,False
2024-02-16 16:00:00,PRD-A,1.6815066111312529,0.30276232834446737,0.8523794717071191,1.297434156718313,1.7424888417295068,0.0,0.16734056156420887,0.5467016146302703,False,False,False,False,False,False
2024-02-17 00:00:00,PRD-A,1.4611247369159013,0.2203818742153516,0.8523794717071191,1.297434156718313,1.7424888417295068,0.0,0.16734056156420887,0.5467016146302703,False,False,False,False,False,False
2024-02-17 08:00:00,PRD-A,1.33415836145868,0.12696637545722123,0.8523794717071191,1.297434156718313,1.7424888417295068,0.0,0.16734056156420887,0.5467016146302703,False,False,False,False,False,False
2024-02-17 16:00:00,PRD-A,1.445050761577633,0.11089240011895285,0.8523794717071191,1.297434156718313,1.7424888417295068,0.0,0.16734056156420887,0.5467016146302703,False,False,False,False,False,False
2024-02-24 00:00:00,PRD-A,1.2408838420841524,0.20416691949348054,0.8523794717071191,1.297434156718313,1.7424888417295068,0.0,0.16734056156420887,0.5467016146302703,False,False,False,False,False,False
2024-02-24 08:00:00,PRD-A,1.2731379914817715,0.03225414939761917,0.8523794717071191,1.297434156718313,1.7424888417295068,0.0,0.16734056156420887,0.5467016146302703,False,False,False,False,False,False
2024-02-24 16:00:00,PRD-A,1.5339539127793953,0.26081592129762377,0.8523794717071191,1.297434156718313,1.7424888417295068,0.0,0.16734056156420887,0.5467016146302703,False,False,False,False,False,False
2024-02-25 00:00:00,PRD-A,1.3654780471604626,0.16847586561893269,0.8523794717071191,1.297434156718313,1.7424888417295068,0.0,0.16734056156420887,0.5467016146302703,False,False,False,False,False,False
2024-02-25 08:00:00,PRD-A,1.4151510667471325,0.04967301958666992,0.8523794717071191,1.297434156718313,1.7424888417295068,0.0,0.16734056156420887,0.5467016146302703,False,False,False,False,False,False
2024-02-25 16:00:00,PRD-A,1.702275295606997,0.28712422885986455,0.8523794717071191,1.297434156718313,1.7424888417295068,0.0,0.16734056156420887,0.5467016146302703,False,False,False,False,False,False
2024-03-03 00:00:00,PRD-A,0.9407214112669592,0.7615538843400379,0.8523794717071191,1.297434156718313,1.7424888417295068,0.0,0.16734056156420887,0.5467016146302703,False,False,False,False,False,True
2024-03-03 08:00:00,PRD-A,1.072690374226513,0.13196896295955385,0.8523794717071191,1.297434156718313,1.7424888417295068,0.0,0.16734056156420887,0.5467016146302703,False,False,False,False,False,False
2024-03-03 16:00:00,PRD-A,1.182164547731209,0.10947417350469602,0.8523794717071191,1.297434156718313,1.7424888417295068,0.0,0.16734056156420887,0.5467016146302703,False,False,False,False,False,False
2024-03-04 00:00:00,PRD-A,1.1901432317266019,0.00797868399539281,0.8523794717071191,1.297434156718313,1.7424888417295068,0.0,0.16734056156420887,0.5467016146302703,False,False,False,False,False,False
2024-03-04 08:00:00,PRD-A,1.1901857692081506,4.253748154869896e-05,0.8523794717071191,1.297434156718313,1.7424888417295068,0.0,0.16734056156420887,0.5467016146302703,False,False,False,False,False,False
2024-03-04 16:00:00,PRD-A,1.3113052508224858,0.12111948161433528,0.8523794717071191,1.297434156718313,1.7424888417295068,0.0,0.16734056156420887,0.5467016146302703,False,False,False,False,False,False
2024-03-11 00:00:00,PRD-A,0.9627377634366979,0.3485674873857879,0.8523794717071191,1.297434156718313,1.7424888417295068,0.0,0.16734056156420887,0.5467016146302703,False,False,False,False,False,False
2024-03-11 08:00:00,PRD-A,1.2275748025009015,0.2648370390642035,0.8523794717071191,1.297434156718313,1.7424888417295068,0.0,0.16734056156420887,0.5467016146302703,False,False,False,False,False,False
2024-03-11 16:00:00,PRD-A,1.208052769973762,0.019522032527139466,0.8523794717071191,1.297434156718313,1.7424888417295068,0.0,0.16734056156420887,0.5467016146302703,False,False,False,False,False,False
2024-03-12 00:00:00,PRD-A,1.149352459243579,0.05870031073018289,0.8523794717071191,1.297434156718313,1.7424888417295068,0.0,0.16734056156420887,0.5467016146302703,False,False,False,False,False,False
2024-03-12 08:00:00,PRD-A,1.1700064324500732,0.020653973206494092,0.8523794717071191,1.297434156718313,1.7424888417295068,0.0,0.16734056156420887,0.5467016146302703,False,False,False,False,False,False
2024-03-12 16:00:00,PRD-A,1.2368242122825164,0.06681777983244319,0.8523794717071191,1.297434156718313,1.7424888417295068,0.0,0.16734056156420887,0.5467016146302703,False,False,False,False,False,False
2024-03-19 00:00:00,PRD-A,1.1404108327603346,0.09641337952218176,0.8523794717071191,1.297434156718313,1.7424888417295068,0.0,0.16734056156420887,0.5467016146302703,False,False,False,False,False,False
2024-03-19 08:00:00,PRD-A,1.2061798875857785,0.06576905482544393,0.8523794717071191,1.297434156718313,1.7424888417295068,0.0,0.16734056156420887,0.5467016146302703,False,False,False,True,True,False
2024-03-19 16:00:00,PRD-A,1.092403529655247,0.11377635793053154,0.8523794717071191,1.297434156718313,1.7424888417295068,0.0,0.16734056156420887,0.5467016146302703,False,False,False,True,True,False
2024-03-20 00:00:00,PRD-A,1.0591167378650903,0.0332867917901567,0.8523794717071191,1.297434156718313,1.7424888417295068,0.0,0.16734056156420887,0.5467016146302703,False,False,False,True,True,False
2024-03-20 08:00:00,PRD-A,1.1816378115513486,0.12252107368625831,0.8523794717071191,1.297434156718313,1.7424888417295068,0.0,0.16734056156420887,0.5467016146302703,False,False,False,True,True,False
2024-03-20 16:00:00,PRD-A,1.3410218672286434,0.15938405567729474,0.8523794717071191,1.297434156718313,1.7424888417295068,0.0,0.16734056156420887,0.5467016146302703,False,False,False,False,False,False
2024-03-27 00:00:00,PRD-A,1.1303736615735862,0.21064820565505715,0.8523794717071191,1.297434156718313,1.7424888417295068,0.0,0.16734056156420887,0.5467016146302703,False,False,False,False,False,False
2024-03-27 08:00:00,PRD-A,1.3420742741356257,0.21170061256203954,0.8523794717071191,1.297434156718313,1.7424888417295068,0.0,0.16734056156420887,0.5467016146302703,False,False,False,False,False,False
2024-03-27 16:00:00,PRD-A,1.346096371622273,0.004022097486647169,0.8523794717071191,1.297434156718313,1.7424888417295068,0.0,0.16734056156420887,0.5467016146302703,False,False,False,False,False,False
2024-03-28 00:00:00,PRD-A,1.183205173674272,0.162891197948001,0.8523794717071191,1.297434156718313,1.7424888417295068,0.0,0.16734056156420887,0.5467016146302703,False,False,False,False,False,False
2024-03-28 08:00:00,PRD-A,1.3562789843119811,0.1730738106377092,0.8523794717071191,1.297434156718313,1.7424888417295068,0.0,0.16734056156420887,0.5467016146302703,False,False,False,False,False,False
2024-03-28 16:00:00,PRD-A,1.3666562512486848,0.01037726693670371,0.8523794717071191,1.297434156718313,1.7424888417295068,0.0,0.16734056156420887,0.5467016146302703,False,False,False,False,False,False
2024-04-04 00:00:00,PRD-A,1.278480996972787,0.08817525427589779,0.8523794717071191,1.297434156718313,1.7424888417295068,0.0,0.16734056156420887,0.5467016146302703,False,False,False,False,False,False
2024-04-04 08:00:00,PRD-A,1.3846347852397833,0.10615378826699629,0.8523794717071191,1.297434156718313,1.7424888417295068,0.0,0.16734056156420887,0.5467016146302703,False,False,False,False,False,False
2024-04-04 16:00:00,PRD-A,1.4248534133155575,0.04021862807577414,0.8523794717071191,1.297434156718313,1.7424888417295068,0.0,0.16734056156420887,0.5467016146302703,False,False,False,False,False,False
2024-04-05 00:00:00,PRD-A,1.5242824446973526,0.09942903138179515,0.8523794717071191,1.297434156718313,1.7424888417295068,0.0,0.16734056156420887,0.5467016146302703,False,False,False,False,False,False
2024-04-05 08:00:00,PRD-A,1.4948552065409246,0.029427238156428004,0.8523794717071191,1.297434156718313,1.7424888417295068,0.0,0.16734056156420887,0.5467016146302703,False,False,False,False,False,False
2024-04-05 16:00:00,PRD-A,1.5782573609063828,0.08340215436545817,0.8523794717071191,1.297434156718313,1.7424888417295068,0.0,0.16734056156420887,0.5467016146302703,False,False,False,False,False,False
2024-04-12 00:00:00,PRD-A,1.2355886055557244,0.34266875535065844,0.8523794717071191,1.297434156718313,1.7424888417295068,0.0,0.16734056156420887,0.5467016146302703,False,False,False,False,False,False
2024-04-12 08:00:00,PRD-A,1.1522185486969705,0.08337005685875387,0.8523794717071191,1.297434156718313,1.7424888417295068,0.0,0.16734056156420887,0.5467016146302703,False,False,False,False,False,False
2024-04-12 16:00:00,PRD-A,1.1801273047376188,0.027908756040648353,0.8523794717071191,1.297434156718313,1.7424888417295068,0.0,0.16734056156420887,0.5467016146302703,False,False,False,False,False,False
2024-04-13 00:00:00,PRD-A,1.109647486160514,0.07047981857710495,0.8523794717071191,1.297434156718313,1.7424888417295068,0.0,0.16734056156420887,0.5467016146302703,False,False,False,False,False,False
2024-04-13 08:00:00,PRD-A,0.9309775242804618,0.17866996188005213,0.8523794717071191,1.297434156718313,1.7424888417295068,0.0,0.16734056156420887,0.5467016146302703,False,False,False,False,False,False
2024-04-13 16:00:00,PRD-A,1.2762651389322728,0.345287614651811,0.8523794717071191,1.297434156718313,1.7424888417295068,0.0,0.16734056156420887,0.5467016146302703,False,False,False,False,False,False
2024-04-20 00:00:00,PRD-A,1.321716830572389,0.0454516916401162,0.8523794717071191,1.297434156718313,1.7424888417295068,0.0,0.16734056156420887,0.5467016146302703,False,False,False,False,False,False
2024-04-20 08:00:00,PRD-A,1.4282965339148384,0.10657970334244937,0.8523794717071191,1.297434156718313,1.7424888417295068,0.0,0.16734056156420887,0.5467016146302703,False,False,False,False,False,False
2024-04-20 16:00:00,PRD-A,1.6064608533661369,0.17816431945129851,0.8523794717071191,1.297434156718313,1.7424888417295068,0.0,0.16734056156420887,0.5467016146302703,False,False,False,False,False,False
2024-04-21 00:00:00,PRD-A,1.0482148321565383,0.5582460212095985,0.8523794717071191,1.297434156718313,1.7424888417295068,0.0,0.16734056156420887,0.5467016146302703,False,False,False,False,False,True
2024-04-21 08:00:00,PRD-A,1.115838736614897,0.06762390445835864,0.8523794717071191,1.297434156718313,1.7424888417295068,0.0,0.16734056156420887,0.5467016146302703,False,False,False,False,False,False
2024-04-21 16:00:00,PRD-A,1.2384138504060467,0.12257511379114971,0.8523794717071191,1.297434156718313,1.7424888417295068,0.0,0.16734056156420887,0.5467016146302703,False,False,False,False,False,False
2024-04-28 00:00:00,PRD-A,1.1054571501478563,0.1329567002581904,0.8523794717071191,1.297434156718313,1.7424888417295068,0.0,0.16734056156420887,0.5467016146302703,False,False,False,False,False,False
2024-04-28 08:00:00,PRD-A,1.2669811162404425,0.16152396609258624,0.8523794717071191,1.297434156718313,1.7424888417295068,0.0,0.16734056156420887,0.5467016146302703,False,False,False,False,False,False
2024-04-28 16:00:00,PRD-A,1.276917232879376,0.009936116638933568,0.8523794717071191,1.297434156718313,1.7424888417295068,0.0,0.16734056156420887,0.5467016146302703,False,False,False,False,False,False
2024-04-29 00:00:00,PRD-A,1.344804996522442,0.06788776364306592,0.8523794717071191,1.297434156718313,1.7424888417295068,0.0,0.16734056156420887,0.5467016146302703,False,False,False,False,False,False
2024-04-29 08:00:00,PRD-A,1.2239308600731067,0.12087413644933531,0.8523794717071191,1.297434156718313,1.7424888417295068,0.0,0.16734056156420887,0.5467016146302703,False,False,False,False,False,False
2024-04-29 16:00:00,PRD-A,1.324637110232331,0.10070625015922441,0.8523794717071191,1.297434156718313,1.7424888417295068,0.0,0.16734056156420887,0.5467016146302703,False,False,False,False,False,False
2024-05-06 00:00:00,PRD-A,1.4188088539697221,0.09417174373739101,0.8523794717071191,1.297434156718313,1.7424888417295068,0.0,0.16734056156420887,0.5467016146302703,False,False,False,False,False,False
2024-05-06 08:00:00,PRD-A,1.3638705497220132,0.05493830424770896,0.8523794717071191,1.297434156718313,1.7424888417295068,0.0,0.16734056156420887,0.5467016146302703,False,False,False,False,False,False
2024-05-06 16:00:00,PRD-A,1.4670156442527942,0.10314509453078102,0.8523794717071191,1.297434156718313,1.7424888417295068,0.0,0.16734056156420887,0.5467016146302703,False,False,False,False,False,False
2024-05-07 00:00:00,PRD-A,1.1224657318745388,0.3445499123782554,0.8523794717071191,1.297434156718313,1.7424888417295068,0.0,0.16734056156420887,0.5467016146302703,False,False,False,False,False,False
2024-05-07 08:00:00,PRD-A,1.0283572742406697,0.0941084576338691,0.8523794717071191,1.297434156718313,1.7424888417295068,0.0,0.16734056156420887,0.5467016146302703,False,False,False,False,False,False
2024-05-07 16:00:00,PRD-A,1.06626903828294,0.03791176404227037,0.8523794717071191,1.297434156718313,1.7424888417295068,0.0,0.16734056156420887,0.5467016146302703,False,False,False,False,False,False
2024-05-14 00:00:00,PRD-A,1.4409381330492215,0.3746690947662814,0.8523794717071191,1.297434156718313,1.7424888417295068,0.0,0.16734056156420887,0.5467016146302703,False,False,False,False,False,False
2024-05-14 08:00:00,PRD-A,1.5189682323442255,0.07803009929500404,0.8523794717071191,1.297434156718313,1.7424888417295068,0.0,0.16734056156420887,0.5467016146302703,False,False,False,False,False,False
2024-05-14 16:00:00,PRD-A,1.6080661542707881,0.08909792192656263,0.8523794717071191,1.297434156718313,1.7424888417295068,0.0,0.16734056156420887,0.5467016146302703,False,False,False,False,False,False
2024-05-15 00:00:00,PRD-A,1.6607805362571317,0.052714381986343595,0.8523794717071191,1.297434156718313,1.7424888417295068,0.0,0.16734056156420887,0.5467016146302703,False,True,False,False,True,False
2024-05-15 08:00:00,PRD-A,1.5361757400152267,0.12460479624190501,0.8523794717071191,1.297434156718313,1.7424888417295068,0.0,0.16734056156420887,0.5467016146302703,False,True,True,False,True,False
2024-05-15 16:00:00,PRD-A,1.600210535781899,0.06403479576667226,0.8523794717071191,1.297434156718313,1.7424888417295068,0.0,0.16734056156420887,0.5467016146302703,False,True,True,False,True,False
2024-05-22 00:00:00,PRD-A,1.0035211420297032,0.5966893937521958,0.8523794717071191,1.297434156718313,1.7424888417295068,0.0,0.16734056156420887,0.5467016146302703,False,False,True,False,True,True
2024-05-22 08:00:00,PRD-A,1.1686564286030798,0.16513528657337662,0.8523794717071191,1.297434156718313,1.7424888417295068,0.0,0.16734056156420887,0.5467016146302703,False,False,False,False,False,False
2024-05-22 16:00:00,PRD-A,1.4280318889546457,0.2593754603515659,0.8523794717071191,1.297434156718313,1.7424888417295068,0.0,0.16734056156420887,0.5467016146302703,False,False,False,False,False,False
2024-05-23 00:00:00,PRD-A,1.0345589255057364,0.39347296344890936,0.8523794717071191,1.297434156718313,1.7424888417295068,0.0,0.16734056156420887,0.5467016146302703,False,False,False,False,False,False
2024-05-23 08:00:00,PRD-A,1.2438440673441955,0.20928514183845914,0.8523794717071191,1.297434156718313,1.7424888417295068,0.0,0.16734056156420887,0.5467016146302703,False,False,False,False,False,False
2024-05-23 16:00:00,PRD-A,1.2134790281650998,0.03036503917909572,0.8523794717071191,1.297434156718313,1.7424888417295068,0.0,0.16734056156420887,0.5467016146302703,False,False,False,False,False,False
2024-05-30 00:00:00,PRD-A,0.974657881969044,0.23882114619605577,0.8523794717071191,1.297434156718313,1.7424888417295068,0.0,0.16734056156420887,0.5467016146302703,False,False,False,False,False,False
2024-05-30 08:00:00,PRD-A,1.1559456789383953,0.18128779696935127,0.8523794717071191,1.297434156718313,1.7424888417295068,0.0,0.16734056156420887,0.5467016146302703,False,False,False,False,False,False
2024-05-30 16:00:00,PRD-A,1.3209214564757068,0.16497577753731152,0.8523794717071191,1.297434156718313,1.7424888417295068,0.0,0.16734056156420887,0.5467016146302703,False,False,False,False,False,False
2024-05-31 00:00:00,PRD-A,1.2112262623441536,0.10969519413155315,0.8523794717071191,1.297434156718313,1.7424888417295068,0.0,0.16734056156420887,0.5467016146302703,False,False,False,False,False,False
2024-05-31 08:00:00,PRD-A,1.3312867368349734,0.1200604744908198,0.8523794717071191,1.297434156718313,1.7424888417295068,0.0,0.16734056156420887,0.5467016146302703,False,False,False,False,False,False
2024-05-31 16:00:00,PRD-A,1.2898013339100047,0.04148540292496872,0.8523794717071191,1.297434156718313,1.7424888417295068,0.0,0.16734056156420887,0.5467016146302703,False,False,False,False,False,False
2024-06-07 00:00:00,PRD-A,1.1873156615815215,0.10248567232848327,0.8523794717071191,1.297434156718313,1.7424888417295068,0.0,0.16734056156420887,0.5467016146302703,False,False,False,False,False,False
2024-06-07 08:00:00,PRD-A,1.3137576063770027,0.1264419447954812,0.8523794717071191,1.297434156718313,1.7424888417295068,0.0,0.16734056156420887,0.5467016146302703,False,False,False,False,False,False
2024-06-07 16:00:00,PRD-A,1.5402296818958163,0.22647207551881365,0.8523794717071191,1.297434156718313,1.7424888417295068,0.0,0.16734056156420887,0.5467016146302703,False,False,False,False,False,False
2024-06-08 00:00:00,PRD-A,1.4050907473885028,0.1351389345073135,0.8523794717071191,1.297434156718313,1.7424888417295068,0.0,0.16734056156420887,0.5467016146302703,False,False,False,False,False,False
2024-06-08 08:00:00,PRD-A,1.4932510928612388,0.08816034547273599,0.8523794717071191,1.297434156718313,1.7424888417295068,0.0,0.16734056156420887,0.5467016146302703,False,False,False,False,False,False
2024-06-08 16:00:00,PRD-A,1.506221006950311,0.012969914089072221,0.8523794717071191,1.297434156718313,1.7424888417295068,0.0,0.16734056156420887,0.5467016146302703,False,False,False,False,False,False
2024-06-15 00:00:00,PRD-A,0.9967948460493059,0.5094261609010051,0.8523794717071191,1.297434156718313,1.7424888417295068,0.0,0.16734056156420887,0.5467016146302703,False,False,False,False,False,False
2024-06-15 08:00:00,PRD-A,1.287808402687404,0.291013556638098,0.8523794717071191,1.297434156718313,1.7424888417295068,0.0,0.16734056156420887,0.5467016146302703,False,False,False,False,False,False
2024-06-15 16:00:00,PRD-A,1.3044169838845123,0.016608581197108396,0.8523794717071191,1.297434156718313,1.7424888417295068,0.0,0.16734056156420887,0.5467016146302703,False,False,False,False,False,False
2024-06-16 00:00:00,PRD-A,1.0887760069505594,0.2156409769339529,0.8523794717071191,1.297434156718313,1.7424888417295068,0.0,0.16734056156420887,0.5467016146302703,False,False,False,False,False,False
2024-06-16 08:00:00,PRD-A,1.1058383491486092,0.017062342198049807,0.8523794717071191,1.297434156718313,1.7424888417295068,0.0,0.16734056156420887,0.5467016146302703,False,False,False,False,False,False
2024-06-16 16:00:00,PRD-A,1.163026315895935,0.05718796674732585,0.8523794717071191,1.297434156718313,1.7424888417295068,0.0,0.16734056156420887,0.5467016146302703,False,False,False,False,False,False
2024-06-23 00:00:00,PRD-A,1.6474792866922954,0.4844529707963603,0.8523794717071191,1.297434156718313,1.7424888417295068,0.0,0.16734056156420887,0.5467016146302703,False,False,False,False,False,False
2024-06-23 08:00:00,PRD-A,1.5062545784505947,0.14122470824170064,0.8523794717071191,1.297434156718313,1.7424888417295068,0.0,0.16734056156420887,0.5467016146302703,False,False,False,False,False,False
2024-06-23 16:00:00,PRD-A,1.8700544038232678,0.3637998253726731,0.8523794717071191,1.297434156718313,1.7424888417295068,0.0,0.16734056156420887,0.5467016146302703,True,True,False,False,True,False
2024-06-24 00:00:00,PRD-A,1.4919609184356921,0.3780934853875757,0.8523794717071191,1.297434156718313,1.7424888417295068,0.0,0.16734056156420887,0.5467016146302703,False,False,True,False,True,False
2024-06-24 08:00:00,PRD-A,1.0381172043923403,0.4538437140433518,0.8523794717071191,1.297434156718313,1.7424888417295068,0.0,0.16734056156420887,0.5467016146302703,False,False,True,False,True,False
2024-06-24 16:00:00,PRD-A,1.3037535048329039,0.2656363004405635,0.8523794717071191,1.297434156718313,1.7424888417295068,0.0,0.16734056156420887,0.5467016146302703,False,False,False,False,False,False
2024-07-01 00:00:00,PRD-A,1.1991645569835232,0.10458894784938066,0.8523794717071191,1.297434156718313,1.7424888417295068,0.0,0.16734056156420887,0.5467016146302703,False,False,False,False,False,False
2024-07-01 08:00:00,PRD-A,1.3295196673904903,0.13035511040696712,0.8523794717071191,1.297434156718313,1.7424888417295068,0.0,0.16734056156420887,0.5467016146302703,False,False,False,False,False,False
2024-07-01 16:00:00,PRD-A,1.0878655641149368,0.24165410327555348,0.8523794717071191,1.297434156718313,1.7424888417295068,0.0,0.16734056156420887,0.5467016146302703,False,False,False,False,False,False
2024-07-02 00:00:00,PRD-A,1.2646448545821507,0.17677929046721386,0.8523794717071191,1.297434156718313,1.7424888417295068,0.0,0.16734056156420887,0.5467016146302703,False,False,False,False,False,False
2024-07-02 08:00:00,PRD-A,1.1798138543421306,0.0848310002400201,0.8523794717071191,1.297434156718313,1.7424888417295068,0.0,0.16734056156420887,0.5467016146302703,False,False,False,False,False,False
2024-07-02 16:00:00,PRD-A,1.5833281437024394,0.40351428936030875,0.8523794717071191,1.297434156718313,1.7424888417295068,0.0,0.16734056156420887,0.5467016146302703,False,False,False,False,False,False
2024-07-09 00:00:00,PRD-A,1.3070563174678131,0.2762718262346262,0.8523794717071191,1.297434156718313,1.7424888417295068,0.0,0.16734056156420887,0.5467016146302703,False,False,False,False,False,False
2024-07-09 08:00:00,PRD-A,1.3684324787416684,0.061376161273855256,0.8523794717071191,1.297434156718313,1.7424888417295068,0.0,0.16734056156420887,0.5467016146302703,False,False,False,False,False,False
2024-07-09 16:00:00,PRD-A,1.597670852687926,0.22923837394625757,0.8523794717071191,1.297434156718313,1.7424888417295068,0.0,0.16734056156420887,0.5467016146302703,False,False,False,False,False,False
2024-07-10 00:00:00,PRD-A,1.246211486791905,0.351459365896021,0.8523794717071191,1.297434156718313,1.7424888417295068,0.0,0.16734056156420887,0.5467016146302703,False,False,False,False,False,False
2024-07-10 08:00:00,PRD-A,1.379849807195631,0.13363832040372614,0.8523794717071191,1.297434156718313,1.7424888417295068,0.0,0.16734056156420887,0.5467016146302703,False,False,False,False,False,False
2024-07-10 16:00:00,PRD-A,1.0969402437534321,0.282909563442199,0.8523794717071191,1.297434156718313,1.7424888417295068,0.0,0.16734056156420887,0.5467016146302703,False,False,False,False,False,False
2024-07-17 00:00:00,PRD-A,1.1626575104538055,0.06571726670037337,0.8523794717071191,1.297434156718313,1.7424888417295068,0.0,0.16734056156420887,0.5467016146302703,False,False,False,False,False,False
2024-07-17 08:00:00,PRD-A,1.2651068280186157,0.10244931756481024,0.8523794717071191,1.297434156718313,1.7424888417295068,0.0,0.16734056156420887,0.5467016146302703,False,False,False,False,False,False
2024-07-17 16:00:00,PRD-A,1.0898733197520285,0.17523350826658723,0.8523794717071191,1.297434156718313,1.7424888417295068,0.0,0.16734056156420887,0.5467016146302703,False,False,False,False,False,False
2024-07-18 00:00:00,PRD-A,1.1283534037669358,0.03848008401490732,0.8523794717071191,1.297434156718313,1.7424888417295068,0.0,0.16734056156420887,0.5467016146302703,False,False,False,False,False,False
2024-07-18 08:00:00,PRD-A,1.0203188328169759,0.10803457094995994,0.8523794717071191,1.297434156718313,1.7424888417295068,0.0,0.16734056156420887,0.5467016146302703,False,False,False,False,False,False
2024-07-18 16:00:00,PRD-A,1.3694058369714297,0.3490870041544538,0.8523794717071191,1.297434156718313,1.7424888417295068,0.0,0.16734056156420887,0.5467016146302703,False,False,False,False,False,False
2024-07-25 00:00:00,PRD-A,1.104816677819595,0.2645891591518348,0.8523794717071191,1.297434156718313,1.7424888417295068,0.0,0.16734056156420887,0.5467016146302703,False,False,True,False,True,False
2024-07-25 08:00:00,PRD-A,1.35719525322745,0.25237857540785513,0.8523794717071191,1.297434156718313,1.7424888417295068,0.0,0.16734056156420887,0.5467016146302703,False,False,False,False,False,False
2024-07-25 16:00:00,PRD-A,1.0932849588569962,0.2639102943704539,0.8523794717071191,1.297434156718313,1.7424888417295068,0.0,0.16734056156420887,0.5467016146302703,False,False,False,False,False,False
2024-07-26 00:00:00,PRD-A,0.9591476146693356,0.13413734418766055,0.8523794717071191,1.297434156718313,1.7424888417295068,0.0,0.16734056156420887,0.5467016146302703,False,False,False,False,False,False
2024-07-26 08:00:00,PRD-A,1.1710164028948855,0.2118687882255499,0.8523794717071191,1.297434156718313,1.7424888417295068,0.0,0.16734056156420887,0.5467016146302703,False,False,False,False,False,False
2024-07-26 16:00:00,PRD-A,1.173199492856165,0.002183089961279583,0.8523794717071191,1.297434156718313,1.7424888417295068,0.0,0.16734056156420887,0.5467016146302703,False,False,False,False,False,False
2024-08-02 00:00:00,PRD-A,1.676966719463232,0.503767226607067,0.8523794717071191,1.297434156718313,1.7424888417295068,0.0,0.16734056156420887,0.5467016146302703,False,False,False,False,False,False
2024-08-02 08:00:00,PRD-A,1.577379209974326,0.09958750948890605,0.8523794717071191,1.297434156718313,1.7424888417295068,0.0,0.16734056156420887,0.5467016146302703,False,False,False,False,False,False
2024-08-02 16:00:00,PRD-A,1.776389030099955,0.19900982012562896,0.8523794717071191,1.297434156718313,1.7424888417295068,0.0,0.16734056156420887,0.5467016146302703,True,True,False,False,True,False
2024-08-03 00:00:00,PRD-A,1.0910957467430362,0.6852932833569187,0.8523794717071191,1.297434156718313,1.7424888417295068,0.0,0.16734056156420887,0.5467016146302703,False,False,False,False,False,True
2024-08-03 08:00:00,PRD-A,1.1596887297798228,0.06859298303678663,0.8523794717071191,1.297434156718313,1.7424888417295068,0.0,0.16734056156420887,0.5467016146302703,False,False,False,False,False,False
2024-08-03 16:00:00,PRD-A,1.3339485766267223,0.17425984684689944,0.8523794717071191,1.297434156718313,1.7424888417295068,0.0,0.16734056156420887,0.5467016146302703,False,False,False,False,False,False
2024-08-10 00:00:00,PRD-A,1.1236959856354194,0.2102525909913029,0.8523794717071191,1.297434156718313,1.7424888417295068,0.0,0.16734056156420887,0.5467016146302703,False,False,False,False,False,False
2024-08-10 08:00:00,PRD-A,1.1461977789410922,0.022501793305672813,0.8523794717071191,1.297434156718313,1.7424888417295068,0.0,0.16734056156420887,0.5467016146302703,False,False,False,False,False,False
2024-08-10 16:00:00,PRD-A,1.1874281251297387,0.041230346188646516,0.8523794717071191,1.297434156718313,1.7424888417295068,0.0,0.16734056156420887,0.5467016146302703,False,False,False,False,False,False
2024-08-11 00:00:00,PRD-A,1.0235166562730151,0.16391146885672359,0.8523794717071191,1.297434156718313,1.7424888417295068,0.0,0.16734056156420887,0.5467016146302703,False,False,False,False,False,False
2024-08-11 08:00:00,PRD-A,1.1104483136697323,0.08693165739671715,0.8523794717071191,1.297434156718313,1.7424888417295068,0.0,0.16734056156420887,0.5467016146302703,False,False,True,False,True,False
2024-08-11 16:00:00,PRD-A,1.2918858721816022,0.18143755851186993,0.8523794717071191,1.297434156718313,1.7424888417295068,0.0,0.16734056156420887,0.5467016146302703,False,False,False,False,False,False
2024-08-18 00:00:00,PRD-A,1.2385606780199727,0.05332519416162951,0.8523794717071191,1.297434156718313,1.7424888417295068,0.0,0.16734056156420887,0.5467016146302703,False,False,False,False,False,False
2024-08-18 08:00:00,PRD-A,1.4625679407821406,0.22400726276216787,0.8523794717071191,1.297434156718313,1.7424888417295068,0.0,0.16734056156420887,0.5467016146302703,False,False,False,False,False,False
2024-08-18 16:00:00,PRD-A,1.3840403766958103,0.07852756408633033,0.8523794717071191,1.297434156718313,1.7424888417295068,0.0,0.16734056156420887,0.5467016146302703,False,False,False,False,False,False
2024-08-19 00:00:00,PRD-A,1.562184969264643,0.17814459256883275,0.8523794717071191,1.297434156718313,1.7424888417295068,0.0,0.16734056156420887,0.5467016146302703,False,False,False,False,False,False
2024-08-19 08:00:00,PRD-A,1.3012401973279561,0.26094477193668686,0.8523794717071191,1.297434156718313,1.7424888417295068,0.0,0.16734056156420887,0.5467016146302703,False,False,False,False,False,False
2024-08-19 16:00:00,PRD-A,1.5366226990294436,0.23538250170148745,0.8523794717071191,1.297434156718313,1.7424888417295068,0.0,0.16734056156420887,0.5467016146302703,False,False,False,False,False,False
2024-08-26 00:00:00,PRD-A,1.2557475397215274,0.2808751593079162,0.8523794717071191,1.297434156718313,1.7424888417295068,0.0,0.16734056156420887,0.5467016146302703,False,False,False,False,False,False
2024-08-26 08:00:00,PRD-A,1.4457794166162765,0.1900318768947491,0.8523794717071191,1.297434156718313,1.7424888417295068,0.0,0.16734056156420887,0.5467016146302703,False,False,False,False,False,False
2024-08-26 16:00:00,PRD-A,1.396557320218355,0.04922209639792152,0.8523794717071191,1.297434156718313,1.7424888417295068,0.0,0.16734056156420887,0.5467016146302703,False,False,False,False,False,False
2024-08-27 00:00:00,PRD-A,1.4833631224403376,0.08680580222198264,0.8523794717071191,1.297434156718313,1.7424888417295068,0.0,0.16734056156420887,0.5467016146302703,False,False,False,False,False,False
2024-08-27 08:00:00,PRD-A,1.4375079458961395,0.04585517654419813,0.8523794717071191,1.297434156718313,1.7424888417295068,0.0,0.16734056156420887,0.5467016146302703,False,False,False,False,False,False
2024-08-27 16:00:00,PRD-A,1.5122117392865027,0.07470379339036315,0.8523794717071191,1.297434156718313,1.7424888417295068,0.0,0.16734056156420887,0.5467016146302703,False,False,False,False,False,False
2024-09-03 00:00:00,PRD-A,1.4391058666247674,0.0731058726617353,0.8523794717071191,1.297434156718313,1.7424888417295068,0.0,0.16734056156420887,0.5467016146302703,False,False,False,False,False,False
2024-09-03 08:00:00,PRD-A,1.474037753897382,0.03493188727261454,0.8523794717071191,1.297434156718313,1.7424888417295068,0.0,0.16734056156420887,0.5467016146302703,False,False,False,False,False,False
2024-09-03 16:00:00,PRD-A,1.4128644165536666,0.06117333734371533,0.8523794717071191,1.297434156718313,1.7424888417295068,0.0,0.16734056156420887,0.5467016146302703,False,False,False,True,True,False
2024-09-04 00:00:00,PRD-A,1.4547686961416588,0.041904279587992255,0.8523794717071191,1.297434156718313,1.7424888417295068,0.0,0.16734056156420887,0.5467016146302703,False,False,False,True,True,False
2024-09-04 08:00:00,PRD-A,1.645756744387059,0.19098804824540028,0.8523794717071191,1.297434156718313,1.7424888417295068,0.0,0.16734056156420887,0.5467016146302703,False,False,False,True,True,False
2024-09-04 16:00:00,PRD-A,1.578425934204542,0.06733081018251719,0.8523794717071191,1.297434156718313,1.7424888417295068,0.0,0.16734056156420887,0.5467016146302703,False,False,True,True,True,False
2024-09-11 00:00:00,PRD-A,1.08754996202031,0.49087597218423196,0.8523794717071191,1.297434156718313,1.7424888417295068,0.0,0.16734056156420887,0.5467016146302703,False,False,False,False,False,False
2024-09-11 08:00:00,PRD-A,0.8913612247302367,0.19618873729007325,0.8523794717071191,1.297434156718313,1.7424888417295068,0.0,0.16734056156420887,0.5467016146302703,False,False,False,False,False,False
2024-09-11 16:00:00,PRD-A,1.0979450425989414,0.20658381786870472,0.8523794717071191,1.297434156718313,1.7424888417295068,0.0,0.16734056156420887,0.5467016146302703,False,False,False,False,False,False
2024-09-12 00:00:00,PRD-A,1.1841654786848348,0.08622043608589336,0.8523794717071191,1.297434156718313,1.7424888417295068,0.0,0.16734056156420887,0.5467016146302703,False,False,False,False,False,False
2024-09-12 08:00:00,PRD-A,1.138768796955873,0.04539668172896172,0.8523794717071191,1.297434156718313,1.7424888417295068,0.0,0.16734056156420887,0.5467016146302703,False,False,True,False,True,False
2024-09-12 16:00:00,PRD-A,1.1958306348479562,0.05706183789208308,0.8523794717071191,1.297434156718313,1.7424888417295068,0.0,0.16734056156420887,0.5467016146302703,False,False,False,False,False,False
2024-09-19 00:00:00,PRD-A,1.1564536397598255,0.03937699508813064,0.8523794717071191,1.297434156718313,1.7424888417295068,0.0,0.16734056156420887,0.5467016146302703,False,False,False,False,False,False
2024-09-19 08:00:00,PRD-A,1.25995831333358,0.10350467357375459,0.8523794717071191,1.297434156718313,1.7424888417295068,0.0,0.16734056156420887,0.5467016146302703,False,False,False,True,True,False
2024-09-19 16:00:00,PRD-A,1.5100515636637912,0.2500932503302111,0.8523794717071191,1.297434156718313,1.7424888417295068,0.0,0.16734056156420887,0.5467016146302703,False,False,False,False,False,False
2024-09-20 00:00:00,PRD-A,1.3769326164090134,0.1331189472547778,0.8523794717071191,1.297434156718313,1.7424888417295068,0.0,0.16734056156420887,0.5467016146302703,False,False,False,False,False,False
2024-09-20 08:00:00,PRD-A,0.9111346406609597,0.4657979757480537,0.8523794717071191,1.297434156718313,1.7424888417295068,0.0,0.16734056156420887,0.5467016146302703,False,False,False,False,False,False
2024-09-20 16:00:00,PRD-A,1.2510039237872383,0.3398692831262786,0.8523794717071191,1.297434156718313,1.7424888417295068,0.0,0.16734056156420887,0.5467016146302703,False,False,False,False,False,False
2024-09-27 00:00:00,PRD-A,1.0674524490333568,0.18355147475388156,0.8523794717071191,1.297434156718313,1.7424888417295068,0.0,0.16734056156420887,0.5467016146302703,False,False,False,False,False,False
2024-09-27 08:00:00,PRD-A,1.1153390423688276,0.04788659333547085,0.8523794717071191,1.297434156718313,1.7424888417295068,0.0,0.16734056156420887,0.5467016146302703,False,False,False,False,False,False
2024-09-27 16:00:00,PRD-A,1.2603890289725037,0.14504998660367607,0.8523794717071191,1.297434156718313,1.7424888417295068,0.0,0.16734056156420887,0.5467016146302703,False,False,False,False,False,False
2024-09-28 00:00:00,PRD-A,1.383596675298272,0.1232076463257683,0.8523794717071191,1.297434156718313,1.7424888417295068,0.0,0.16734056156420887,0.5467016146302703,False,False,False,False,False,False
2024-09-28 08:00:00,PRD-A,0.9489479585558962,0.4346487167423758,0.8523794717071191,1.297434156718313,1.7424888417295068,0.0,0.16734056156420887,0.5467016146302703,False,False,False,False,False,False
2024-09-28 16:00:00,PRD-A,1.1106965563948485,0.16174859783895235,0.8523794717071191,1.297434156718313,1.7424888417295068,0.0,0.16734056156420887,0.5467016146302703,False,False,False,False,False,False
2024-10-05 00:00:00,PRD-A,1.032128932182728,0.07856762421212049,0.8523794717071191,1.297434156718313,1.7424888417295068,0.0,0.16734056156420887,0.5467016146302703,False,False,False,False,False,False
2024-10-05 08:00:00,PRD-A,1.1525397067273233,0.12041077454459526,0.8523794717071191,1.297434156718313,1.7424888417295068,0.0,0.16734056156420887,0.5467016146302703,False,False,False,False,False,False
2024-10-05 16:00:00,PRD-A,1.3311631758805709,0.17862346915324756,0.8523794717071191,1.297434156718313,1.7424888417295068,0.0,0.16734056156420887,0.5467016146302703,False,False,False,False,False,False
2024-10-06 00:00:00,PRD-A,1.0503312557799778,0.2808319201005931,0.8523794717071191,1.297434156718313,1.7424888417295068,0.0,0.16734056156420887,0.5467016146302703,False,False,False,False,False,False
2024-10-06 08:00:00,PRD-A,1.287469294084364,0.23713803830438618,0.8523794717071191,1.297434156718313,1.7424888417295068,0.0,0.16734056156420887,0.5467016146302703,False,False,False,False,False,False
2024-10-06 16:00:00,PRD-A,1.317302146804916,0.029832852720552028,0.8523794717071191,1.297434156718313,1.7424888417295068,0.0,0.16734056156420887,0.5467016146302703,False,False,False,False,False,False
2024-10-13 00:00:00,PRD-A,1.7117399820557742,0.3944378352508582,0.8523794717071191,1.297434156718313,1.7424888417295068,0.0,0.16734056156420887,0.5467016146302703,False,False,False,False,False,False
2024-10-13 08:00:00,PRD-A,0.8760093791155832,0.835730602940191,0.8523794717071191,1.297434156718313,1.7424888417295068,0.0,0.16734056156420887,0.5467016146302703,False,False,False,False,False,True
2024-10-13 16:00:00,PRD-A,1.2515049916374579,0.3754956125218747,0.8523794717071191,1.297434156718313,1.7424888417295068,0.0,0.16734056156420887,0.5467016146302703,False,False,False,False,False,False
2024-10-14 00:00:00,PRD-A,1.0391545887148943,0.21235040292256357,0.8523794717071191,1.297434156718313,1.7424888417295068,0.0,0.16734056156420887,0.5467016146302703,False,False,False,False,False,False
2024-10-14 08:00:00,PRD-A,1.1173403285644252,0.07818573984953092,0.8523794717071191,1.297434156718313,1.7424888417295068,0.0,0.16734056156420887,0.5467016146302703,False,False,False,False,False,False
2024-10-14 16:00:00,PRD-A,1.2803366562463383,0.16299632768191308,0.8523794717071191,1.297434156718313,1.7424888417295068,0.0,0.16734056156420887,0.5467016146302703,False,False,False,False,False,False
2024-10-21 00:00:00,PRD-A,0.9650519536977045,0.31528470254863383,0.8523794717071191,1.297434156718313,1.7424888417295068,0.0,0.16734056156420887,0.5467016146302703,False,False,False,False,False,False
2024-10-21 08:00:00,PRD-A,1.3559241773349773,0.3908722236372728,0.8523794717071191,1.297434156718313,1.7424888417295068,0.0,0.16734056156420887,0.5467016146302703,False,False,False,False,False,False
2024-10-21 16:00:00,PRD-A,1.2309212328860883,0.12500294444888893,0.8523794717071191,1.297434156718313,1.7424888417295068,0.0,0.16734056156420887,0.5467016146302703,False,False,False,False,False,False
2024-10-22 00:00:00,PRD-A,1.2018650108541171,0.029056222031971224,0.8523794717071191,1.297434156718313,1.7424888417295068,0.0,0.16734056156420887,0.5467016146302703,False,False,False,False,False,False
2024-10-22 08:00:00,PRD-A,1.1964737967247616,0.005391214129355504,0.8523794717071191,1.297434156718313,1.7424888417295068,0.0,0.16734056156420887,0.5467016146302703,False,False,False,False,False,False
2024-10-22 16:00:00,PRD-A,1.2862565168871327,0.0897827201623711,0.8523794717071191,1.297434156718313,1.7424888417295068,0.0,0.16734056156420887,0.5467016146302703,False,False,False,False,False,False
2024-10-29 00:00:00,PRD-A,1.0943185741952723,0.19193794269186037,0.8523794717071191,1.297434156718313,1.7424888417295068,0.0,0.16734056156420887,0.5467016146302703,False,False,False,False,False,False
2024-10-29 08:00:00,PRD-A,1.2692189167480892,0.17490034255281683,0.8523794717071191,1.297434156718313,1.7424888417295068,0.0,0.16734056156420887,0.5467016146302703,False,False,False,False,False,False
2024-10-29 16:00:00,PRD-A,1.326502194588903,0.057283277840813884,0.8523794717071191,1.297434156718313,1.7424888417295068,0.0,0.16734056156420887,0.5467016146302703,False,False,False,False,False,False
2024-10-30 00:00:00,PRD-A,1.2568733226189204,0.06962887196998269,0.8523794717071191,1.297434156718313,1.7424888417295068,0.0,0.16734056156420887,0.5467016146302703,False,False,False,False,False,False
2024-10-30 08:00:00,PRD-A,1.20445565599499,0.05241766662393044,0.8523794717071191,1.297434156718313,1.7424888417295068,0.0,0.16734056156420887,0.5467016146302703,False,False,False,False,False,False
2024-10-30 16:00:00,PRD-A,1.4281170893469755,0.22366143335198552,0.8523794717071191,1.297434156718313,1.7424888417295068,0.0,0.16734056156420887,0.5467016146302703,False,False,False,False,False,False
2024-11-06 00:00:00,PRD-A,1.060750095759792,0.3673669935871835,0.8523794717071191,1.297434156718313,1.7424888417295068,0.0,0.16734056156420887,0.5467016146302703,False,False,False,False,False,False
2024-11-06 08:00:00,PRD-A,1.3634057331102045,0.30265563735041257,0.8523794717071191,1.297434156718313,1.7424888417295068,0.0,0.16734056156420887,0.5467016146302703,False,False,False,False,False,False
2024-11-06 16:00:00,PRD-A,1.4603059859230199,0.09690025281281534,0.8523794717071191,1.297434156718313,1.7424888417295068,0.0,0.16734056156420887,0.5467016146302703,False,False,False,False,False,False
2024-11-07 00:00:00,PRD-A,1.6017188583887294,0.14141287246570955,0.8523794717071191,1.297434156718313,1.7424888417295068,0.0,0.16734056156420887,0.5467016146302703,False,False,False,False,False,False
2024-11-07 08:00:00,PRD-A,1.3931169929578302,0.2086018654308992,0.8523794717071191,1.297434156718313,1.7424888417295068,0.0,0.16734056156420887,0.5467016146302703,False,False,False,False,False,False
2024-11-07 16:00:00,PRD-A,1.4774277505623714,0.08431075760454121,0.8523794717071191,1.297434156718313,1.7424888417295068,0.0,0.16734056156420887,0.5467016146302703,False,False,False,False,False,False
2024-11-14 00:00:00,PRD-A,1.1850898814073227,0.29233786915504867,0.8523794717071191,1.297434156718313,1.7424888417295068,0.0,0.16734056156420887,0.5467016146302703,False,False,False,False,False,False
2024-11-14 08:00:00,PRD-A,1.3534776582937011,0.1683877768863784,0.8523794717071191,1.297434156718313,1.7424888417295068,0.0,0.16734056156420887,0.5467016146302703,False,False,False,False,False,False
2024-11-14 16:00:00,PRD-A,1.302545419032229,0.05093223926147217,0.8523794717071191,1.297434156718313,1.7424888417295068,0.0,0.16734056156420887,0.5467016146302703,False,False,False,False,False,False
2024-11-15 00:00:00,PRD-A,1.4629070618443087,0.16036164281207976,0.8523794717071191,1.297434156718313,1.7424888417295068,0.0,0.16734056156420887,0.5467016146302703,False,False,False,False,False,False
2024-11-15 08:00:00,PRD-A,1.2710055550488655,0.19190150679544327,0.8523794717071191,1.297434156718313,1.7424888417295068,0.0,0.16734056156420887,0.5467016146302703,False,False,False,False,False,False
2024-11-15 16:00:00,PRD-A,1.347301582686713,0.07629602763784749,0.8523794717071191,1.297434156718313,1.7424888417295068,0.0,0.16734056156420887,0.5467016146302703,False,False,False,False,False,False
2024-11-22 00:00:00,PRD-A,1.172644039127756,0.17465754355895702,0.8523794717071191,1.297434156718313,1.7424888417295068,0.0,0.16734056156420887,0.5467016146302703,False,False,False,False,False,False
2024-11-22 08:00:00,PRD-A,1.2804652093599196,0.10782117023216364,0.8523794717071191,1.297434156718313,1.7424888417295068,0.0,0.16734056156420887,0.5467016146302703,False,False,False,False,False,False
2024-11-22 16:00:00,PRD-A,1.516774865851368,0.23630965649144842,0.8523794717071191,1.297434156718313,1.7424888417295068,0.0,0.16734056156420887,0.5467016146302703,False,False,False,False,False,False
2024-11-23 00:00:00,PRD-A,1.5111335426450896,0.005641323206278415,0.8523794717071191,1.297434156718313,1.7424888417295068,0.0,0.16734056156420887,0.5467016146302703,False,False,False,False,False,False
2024-11-23 08:00:00,PRD-A,1.5370784439950407,0.02594490134995109,0.8523794717071191,1.297434156718313,1.7424888417295068,0.0,0.16734056156420887,0.5467016146302703,False,False,False,False,False,False
2024-11-23 16:00:00,PRD-A,1.5066156716202268,0.030462772374813873,0.8523794717071191,1.297434156718313,1.7424888417295068,0.0,0.16734056156420887,0.5467016146302703,False,False,True,False,True,False
2024-11-30 00:00:00,PRD-A,1.322463240156938,0.18415243146328875,0.8523794717071191,1.297434156718313,1.7424888417295068,0.0,0.16734056156420887,0.5467016146302703,False,False,True,False,True,False
2024-11-30 08:00:00,PRD-A,1.409381680045802,0.08691843988886405,0.8523794717071191,1.297434156718313,1.7424888417295068,0.0,0.16734056156420887,0.5467016146302703,False,False,False,False,False,False
2024-11-30 16:00:00,PRD-A,1.4994771368507864,0.09009545680498432,0.8523794717071191,1.297434156718313,1.7424888417295068,0.0,0.16734056156420887,0.5467016146302703,False,False,False,False,False,False
2024-12-01 00:00:00,PRD-A,1.0219706591620321,0.4775064776887543,0.8523794717071191,1.297434156718313,1.7424888417295068,0.0,0.16734056156420887,0.5467016146302703,False,False,False,False,False,False
2024-12-01 08:00:00,PRD-A,1.084060137926706,0.06208947876467397,0.8523794717071191,1.297434156718313,1.7424888417295068,0.0,0.16734056156420887,0.5467016146302703,False,False,False,False,False,False
2024-12-01 16:00:00,PRD-A,1.2137783680429601,0.12971823011625405,0.8523794717071191,1.297434156718313,1.7424888417295068,0.0,0.16734056156420887,0.5467016146302703,False,False,False,False,False,False
2024-12-08 00:00:00,PRD-A,1.5190973877607183,0.3053190197177582,0.8523794717071191,1.297434156718313,1.7424888417295068,0.0,0.16734056156420887,0.5467016146302703,False,False,False,False,False,False
2024-12-08 08:00:00,PRD-A,1.40747573214001,0.11162165562070836,0.8523794717071191,1.297434156718313,1.7424888417295068,0.0,0.16734056156420887,0.5467016146302703,False,False,False,False,False,False
2024-12-08 16:00:00,PRD-A,1.5980445872875688,0.19056885514755884,0.8523794717071191,1.297434156718313,1.7424888417295068,0.0,0.16734056156420887,0.5467016146302703,False,False,False,False,False,False
2024-12-09 00:00:00,PRD-A,1.7468365623533888,0.14879197506581998,0.8523794717071191,1.297434156718313,1.7424888417295068,0.0,0.16734056156420887,0.5467016146302703,True,True,False,False,True,False
2024-12-09 08:00:00,PRD-A,1.5254693353798483,0.2213672269735405,0.8523794717071191,1.297434156718313,1.7424888417295068,0.0,0.16734056156420887,0.5467016146302703,False,True,True,False,True,False
2024-12-09 16:00:00,PRD-A,1.823406794129708,0.2979374587498598,0.8523794717071191,1.297434156718313,1.7424888417295068,0.0,0.16734056156420887,0.5467016146302703,True,True,True,False,True,False
2024-12-16 00:00:00,PRD-A,1.2600843156667545,0.5633224784629536,0.8523794717071191,1.297434156718313,1.7424888417295068,0.0,0.16734056156420887,0.5467016146302703,False,False,True,False,True,True
2024-12-16 08:00:00,PRD-A,1.1094230858758511,0.15066122979090335,0.8523794717071191,1.297434156718313,1.7424888417295068,0.0,0.16734056156420887,0.5467016146302703,False,False,False,False,False,False
2024-12-16 16:00:00,PRD-A,1.238700250998346,0.12927716512249487,0.8523794717071191,1.297434156718313,1.7424888417295068,0.0,0.16734056156420887,0.5467016146302703,False,False,False,False,False,False
2024-12-17 00:00:00,PRD-A,1.0884082576332315,0.15029199336511456,0.8523794717071191,1.297434156718313,1.7424888417295068,0.0,0.16734056156420887,0.5467016146302703,False,False,False,False,False,False
2024-12-17 08:00:00,PRD-A,1.1085694365575167,0.02016117892428526,0.8523794717071191,1.297434156718313,1.7424888417295068,0.0,0.16734056156420887,0.5467016146302703,False,False,False,False,False,False
2024-12-17 16:00:00,PRD-A,1.5505158137350619,0.44194637717754515,0.8523794717071191,1.297434156718313,1.7424888417295068,0.0,0.16734056156420887,0.5467016146302703,False,False,False,False,False,False
2024-12-24 00:00:00,PRD-A,1.2240247257395773,0.32649108799548454,0.8523794717071191,1.297434156718313,1.7424888417295068,0.0,0.16734056156420887,0.5467016146302703,False,False,False,False,False,False
2024-12-24 08:00:00,PRD-A,1.2095264645315829,0.014498261207994467,0.8523794717071191,1.297434156718313,1.7424888417295068,0.0,0.16734056156420887,0.5467016146302703,False,False,False,False,False,False
2024-12-24 16:00:00,PRD-A,1.194559586857788,0.014966877673794787,0.8523794717071191,1.297434156718313,1.7424888417295068,0.0,0.16734056156420887,0.5467016146302703,False,False,False,False,False,False
2024-12-25 00:00:00,PRD-A,1.1919593589778816,0.002600227879906436,0.8523794717071191,1.297434156718313,1.7424888417295068,0.0,0.16734056156420887,0.5467016146302703,False,False,False,False,False,False
2024-12-25 08:00:00,PRD-A,1.3630463265967323,0.17108696761885067,0.8523794717071191,1.297434156718313,1.7424888417295068,0.0,0.16734056156420887,0.5467016146302703,False,False,False,False,False,False
2024-12-25 16:00:00,PRD-A,1.4421067265315908,0.07906039993485847,0.8523794717071191,1.297434156718313,1.7424888417295068,0.0,0.16734056156420887,0.5467016146302703,False,False,False,False,False,False
2025-01-01 00:00:00,PRD-A,1.3004234818466587,0.1416832446849321,0.8523794717071191,1.297434156718313,1.7424888417295068,0.0,0.16734056156420887,0.5467016146302703,False,False,False,False,False,False
2025-01-01 08:00:00,PRD-A,1.3993811386867294,0.09895765684007074,0.8523794717071191,1.297434156718313,1.7424888417295068,0.0,0.16734056156420887,0.5467016146302703,False,False,False,False,False,False
2025-01-01 16:00:00,PRD-A,1.4609458369835473,0.06156469829681788,0.8523794717071191,1.297434156718313,1.7424888417295068,0.0,0.16734056156420887,0.5467016146302703,False,False,False,False,False,False
2025-01-02 00:00:00,PRD-A,0.9215434452837192,0.5394023916998281,0.8523794717071191,1.297434156718313,1.7424888417295068,0.0,0.16734056156420887,0.5467016146302703,False,False,False,False,False,False
2025-01-02 08:00:00,PRD-A,1.0999362797698884,0.17839283448616916,0.8523794717071191,1.297434156718313,1.7424888417295068,0.0,0.16734056156420887,0.5467016146302703,False,False,False,False,False,False
2025-01-02 16:00:00,PRD-A,1.3061084234388722,0.20617214366898384,0.8523794717071191,1.297434156718313,1.7424888417295068,0.0,0.16734056156420887,0.5467016146302703,False,False,False,False,False,False
2025-01-09 00:00:00,PRD-A,1.3910509238408584,0.08494250040198614,0.8523794717071191,1.297434156718313,1.7424888417295068,0.0,0.16734056156420887,0.5467016146302703,False,False,False,False,False,False
2025-01-09 08:00:00,PRD-A,1.2907635210200128,0.10028740282084558,0.8523794717071191,1.297434156718313,1.7424888417295068,0.0,0.16734056156420887,0.5467016146302703,False,False,False,False,False,False
2025-01-09 16:00:00,PRD-A,1.399977829874467,0.10921430885445416,0.8523794717071191,1.297434156718313,1.7424888417295068,0.0,0.16734056156420887,0.5467016146302703,False,False,False,False,False,False
2025-01-10 00:00:00,PRD-A,1.285167629994061,0.11481019988040586,0.8523794717071191,1.297434156718313,1.7424888417295068,0.0,0.16734056156420887,0.5467016146302703,False,False,False,False,False,False
2025-01-10 08:00:00,PRD-A,1.4175882337822197,0.13242060378815856,0.8523794717071191,1.297434156718313,1.7424888417295068,0.0,0.16734056156420887,0.5467016146302703,False,False,False,False,False,False
2025-01-10 16:00:00,PRD-A,1.5403868174106021,0.12279858362838247,0.8523794717071191,1.297434156718313,1.7424888417295068,0.0,0.16734056156420887,0.5467016146302703,False,False,False,False,False,False
2025-01-17 00:00:00,PRD-A,1.329001228886953,0.21138558852364908,0.8523794717071191,1.297434156718313,1.7424888417295068,0.0,0.16734056156420887,0.5467016146302703,False,False,False,False,False,False
2025-01-17 08:00:00,PRD-A,1.1820990153553197,0.14690221353163335,0.8523794717071191,1.297434156718313,1.7424888417295068,0.0,0.16734056156420887,0.5467016146302703,False,False,False,False,False,False
2025-01-17 16:00:00,PRD-A,1.4115402594629871,0.22944124410766742,0.8523794717071191,1.297434156718313,1.7424888417295068,0.0,0.16734056156420887,0.5467016146302703,False,False,False,False,False,False
2025-01-18 00:00:00,PRD-A,1.328869210432634,0.08267104903035305,0.8523794717071191,1.297434156718313,1.7424888417295068,0.0,0.16734056156420887,0.5467016146302703,False,False,False,False,False,False
2025-01-18 08:00:00,PRD-A,1.269907478521063,0.05896173191157117,0.8523794717071191,1.297434156718313,1.7424888417295068,0.0,0.16734056156420887,0.5467016146302703,False,False,False,False,False,False
2025-01-18 16:00:00,PRD-A,1.4978214234489244,0.22791394492786154,0.8523794717071191,1.297434156718313,1.7424888417295068,0.0,0.16734056156420887,0.5467016146302703,False,False,False,False,False,False
2025-01-25 00:00:00,PRD-A,1.2274912697233362,0.2703301537255882,0.8523794717071191,1.297434156718313,1.7424888417295068,0.0,0.16734056156420887,0.5467016146302703,False,False,False,False,False,False
2025-01-25 08:00:00,PRD-A,1.3402334104108156,0.11274214068747934,0.8523794717071191,1.297434156718313,1.7424888417295068,0.0,0.16734056156420887,0.5467016146302703,False,False,False,False,False,False
2025-01-25 16:00:00,PRD-A,1.3042444759743572,0.03598893443645834,0.8523794717071191,1.297434156718313,1.7424888417295068,0.0,0.16734056156420887,0.5467016146302703,False,False,False,False,False,False
2025-01-26 00:00:00,PRD-A,1.0738325478020245,0.2304119281723327,0.8523794717071191,1.297434156718313,1.7424888417295068,0.0,0.16734056156420887,0.5467016146302703,False,False,False,False,False,False
2025-01-26 08:00:00,PRD-A,1.1565346537151466,0.0827021059131221,0.8523794717071191,1.297434156718313,1.7424888417295068,0.0,0.16734056156420887,0.5467016146302703,False,False,False,False,False,False
2025-01-26 16:00:00,PRD-A,1.4870952474481627,0.33056059373301605,0.8523794717071191,1.297434156718313,1.7424888417295068,0.0,0.16734056156420887,0.5467016146302703,False,False,False,False,False,False
2025-02-02 00:00:00,PRD-A,1.3472889515904332,0.13980629585772952,0.8523794717071191,1.297434156718313,1.7424888417295068,0.0,0.16734056156420887,0.5467016146302703,False,False,False,False,False,False
2025-02-02 08:00:00,PRD-A,1.2166232063976223,0.13066574519281082,0.8523794717071191,1.297434156718313,1.7424888417295068,0.0,0.16734056156420887,0.5467016146302703,False,False,False,False,False,False
2025-02-02 16:00:00,PRD-A,1.5346589646882998,0.31803575829067743,0.8523794717071191,1.297434156718313,1.7424888417295068,0.0,0.16734056156420887,0.5467016146302703,False,False,False,False,False,False
2025-02-03 00:00:00,PRD-A,1.3833427742558133,0.15131619043248645,0.8523794717071191,1.297434156718313,1.7424888417295068,0.0,0.16734056156420887,0.5467016146302703,False,False,False,False,False,False
2025-02-03 08:00:00,PRD-A,1.3343837065084394,0.04895906774737391,0.8523794717071191,1.297434156718313,1.7424888417295068,0.0,0.16734056156420887,0.5467016146302703,False,False,False,False,False,False
2025-02-03 16:00:00,PRD-A,1.0636053063693747,0.27077840013906473,0.8523794717071191,1.297434156718313,1.7424888417295068,0.0,0.16734056156420887,0.5467016146302703,False,False,False,False,False,False
2025-02-10 00:00:00,PRD-A,1.1030199658960205,0.0394146595266458,0.8523794717071191,1.297434156718313,1.7424888417295068,0.0,0.16734056156420887,0.5467016146302703,False,False,False,False,False,False
2025-02-10 08:00:00,PRD-A,1.1887768528562577,0.0857568869602372,0.8523794717071191,1.297434156718313,1.7424888417295068,0.0,0.16734056156420887,0.5467016146302703,False,False,False,False,False,False
2025-02-10 16:00:00,PRD-A,1.3112791412256815,0.12250228836942378,0.8523794717071191,1.297434156718313,1.7424888417295068,0.0,0.16734056156420887,0.5467016146302703,False,False,False,False,False,False
2025-02-11 00:00:00,PRD-A,1.1237458321631113,0.18753330906257015,0.8523794717071191,1.297434156718313,1.7424888417295068,0.0,0.16734056156420887,0.5467016146302703,False,False,False,False,False,False
2025-02-11 08:00:00,PRD-A,1.333703386029561,0.20995755386644976,0.8523794717071191,1.297434156718313,1.7424888417295068,0.0,0.16734056156420887,0.5467016146302703,False,False,False,False,False,False
2025-02-11 16:00:00,PRD-A,1.3607923027477542,0.027088916718193135,0.8523794717071191,1.297434156718313,1.7424888417295068,0.0,0.16734056156420887,0.5467016146302703,False,False,False,False,False,False
2025-02-18 00:00:00,PRD-A,0.9936137201274273,0.3671785826203269,0.8523794717071191,1.297434156718313,1.7424888417295068,0.0,0.16734056156420887,0.5467016146302703,False,False,False,False,False,False
2025-02-18 08:00:00,PRD-A,0.994550742532428,0.0009370224050007092,0.8523794717071191,1.297434156718313,1.7424888417295068,0.0,0.16734056156420887,0.5467016146302703,False,True,False,False,True,False
2025-02-18 16:00:00,PRD-A,1.2215215417648055,0.2269707992323775,0.8523794717071191,1.297434156718313,1.7424888417295068,0.0,0.16734056156420887,0.5467016146302703,False,True,False,False,True,False
2025-02-19 00:00:00,PRD-A,1.2323873598825277,0.010865818117722137,0.8523794717071191,1.297434156718313,1.7424888417295068,0.0,0.16734056156420887,0.5467016146302703,False,False,False,False,False,False
2025-02-19 08:00:00,PRD-A,1.112658227422486,0.11972913246004158,0.8523794717071191,1.297434156718313,1.7424888417295068,0.0,0.16734056156420887,0.5467016146302703,False,False,False,False,False,False
2025-02-19 16:00:00,PRD-A,1.373656171730426,0.26099794430794,0.8523794717071191,1.297434156718313,1.7424888417295068,0.0,0.16734056156420887,0.5467016146302703,False,False,False,False,False,False
2025-02-26 00:00:00,PRD-A,1.4093550753253878,0.03569890359496175,0.8523794717071191,1.297434156718313,1.7424888417295068,0.0,0.16734056156420887,0.5467016146302703,False,False,False,False,False,False
2025-02-26 08:00:00,PRD-A,1.2804991344103502,0.1288559409150376,0.8523794717071191,1.297434156718313,1.7424888417295068,0.0,0.16734056156420887,0.5467016146302703,False,False,False,False,False,False
2025-02-26 16:00:00,PRD-A,1.3305844650430423,0.05008533063269205,0.8523794717071191,1.297434156718313,1.7424888417295068,0.0,0.16734056156420887,0.5467016146302703,False,False,False,False,False,False
2025-02-27 00:00:00,PRD-A,1.1431341219956344,0.18745034304740793,0.8523794717071191,1.297434156718313,1.7424888417295068,0.0,0.16734056156420887,0.5467016146302703,False,False,False,False,False,False
2025-02-27 08:00:00,PRD-A,1.4053499603370871,0.2622158383414528,0.8523794717071191,1.297434156718313,1.7424888417295068,0.0,0.16734056156420887,0.5467016146302703,False,False,False,False,False,False
2025-02-27 16:00:00,PRD-A,1.4087207965113535,0.0033708361742663673,0.8523794717071191,1.297434156718313,1.7424888417295068,0.0,0.16734056156420887,0.5467016146302703,False,False,False,False,False,False
2025-03-06 00:00:00,PRD-A,1.437267583996743,0.028546787485389524,0.8523794717071191,1.297434156718313,1.7424888417295068,0.0,0.16734056156420887,0.5467016146302703,False,False,False,False,False,False
2025-03-06 08:00:00,PRD-A,1.2767673801784332,0.16050020381830987,0.8523794717071191,1.297434156718313,1.7424888417295068,0.0,0.16734056156420887,0.5467016146302703,False,False,False,False,False,False
2025-03-06 16:00:00,PRD-A,1.3748596970930909,0.0980923169146577,0.8523794717071191,1.297434156718313,1.7424888417295068,0.0,0.16734056156420887,0.5467016146302703,False,False,False,False,False,False
2025-03-07 00:00:00,PRD-A,1.3486980946783664,0.026161602414724427,0.8523794717071191,1.297434156718313,1.7424888417295068,0.0,0.16734056156420887,0.5467016146302703,False,False,False,False,False,False
2025-03-07 08:00:00,PRD-A,1.360720685858116,0.012022591179749575,0.8523794717071191,1.297434156718313,1.7424888417295068,0.0,0.16734056156420887,0.5467016146302703,False,False,False,False,False,False
2025-03-07 16:00:00,PRD-A,1.583837283130478,0.22311659727236188,0.8523794717071191,1.297434156718313,1.7424888417295068,0.0,0.16734056156420887,0.5467016146302703,False,False,False,False,False,False
2025-03-14 00:00:00,PRD-A,1.19671896454212,0.387118318588358,0.8523794717071191,1.297434156718313,1.7424888417295068,0.0,0.16734056156420887,0.5467016146302703,False,False,False,False,False,False
2025-03-14 08:00:00,PRD-A,1.2292103606362779,0.032491396094157965,0.8523794717071191,1.297434156718313,1.7424888417295068,0.0,0.16734056156420887,0.5467016146302703,False,False,False,False,False,False
2025-03-14 16:00:00,PRD-A,1.601706294302712,0.3724959336664342,0.8523794717071191,1.297434156718313,1.7424888417295068,0.0,0.16734056156420887,0.5467016146302703,False,False,False,False,False,False
2025-03-15 00:00:00,PRD-A,1.2887537134770812,0.3129525808256308,0.8523794717071191,1.297434156718313,1.7424888417295068,0.0,0.16734056156420887,0.5467016146302703,False,False,False,False,False,False
2025-03-15 08:00:00,PRD-A,1.4604203897291304,0.17166667625204912,0.8523794717071191,1.297434156718313,1.7424888417295068,0.0,0.16734056156420887,0.5467016146302703,False,False,False,False,False,False
2025-03-15 16:00:00,PRD-A,1.6405018918149052,0.1800815020857749,0.8523794717071191,1.297434156718313,1.7424888417295068,0.0,0.16734056156420887,0.5467016146302703,False,False,False,False,False,False
2025-03-22 00:00:00,PRD-A,1.4618989375820444,0.17860295423286088,0.8523794717071191,1.297434156718313,1.7424888417295068,0.0,0.16734056156420887,0.5467016146302703,False,False,True,False,True,False
2025-03-22 08:00:00,PRD-A,1.552480197526034,0.09058125994398969,0.8523794717071191,1.297434156718313,1.7424888417295068,0.0,0.16734056156420887,0.5467016146302703,False,False,True,False,True,False
2025-03-22 16:00:00,PRD-A,1.6169185972991216,0.06443839977308752,0.8523794717071191,1.297434156718313,1.7424888417295068,0.0,0.16734056156420887,0.5467016146302703,False,False,True,False,True,False
2025-03-23 00:00:00,PRD-A,1.4023959991848234,0.2145225981142982,0.8523794717071191,1.297434156718313,1.7424888417295068,0.0,0.16734056156420887,0.5467016146302703,False,False,True,False,True,False
2025-03-23 08:00:00,PRD-A,1.5854133571825844,0.18301735799776098,0.8523794717071191,1.297434156718313,1.7424888417295068,0.0,0.16734056156420887,0.5467016146302703,False,False,True,False,True,False
2025-03-23 16:00:00,PRD-A,1.5161777497230209,0.06923560745956348,0.8523794717071191,1.297434156718313,1.7424888417295068,0.0,0.16734056156420887,0.5467016146302703,False,False,True,True,True,False
2025-03-30 00:00:00,PRD-A,1.1041779886158316,0.4119997611071893,0.8523794717071191,1.297434156718313,1.7424888417295068,0.0,0.16734056156420887,0.5467016146302703,False,False,False,False,False,False
2025-03-30 08:00:00,PRD-A,0.9975611425400988,0.10661684607573285,0.8523794717071191,1.297434156718313,1.7424888417295068,0.0,0.16734056156420887,0.5467016146302703,False,False,False,False,False,False
2025-03-30 16:00:00,PRD-A,1.1696889295599346,0.1721277870198359,0.8523794717071191,1.297434156718313,1.7424888417295068,0.0,0.16734056156420887,0.5467016146302703,False,False,False,False,False,False
2025-03-31 00:00:00,PRD-A,1.1009375887934987,0.06875134076643596,0.8523794717071191,1.297434156718313,1.7424888417295068,0.0,0.16734056156420887,0.5467016146302703,False,False,False,False,False,False
2025-03-31 08:00:00,PRD-A,1.2218106799395372,0.1208730911460385,0.8523794717071191,1.297434156718313,1.7424888417295068,0.0,0.16734056156420887,0.5467016146302703,False,False,False,False,False,False
2025-03-31 16:00:00,PRD-A,1.2635642413756438,0.041753561436106645,0.8523794717071191,1.297434156718313,1.7424888417295068,0.0,0.16734056156420887,0.5467016146302703,False,False,False,False,False,False
2025-04-07 00:00:00,PRD-A,1.65774781362807,0.3941835722524263,0.8523794717071191,1.297434156718313,1.7424888417295068,0.0,0.16734056156420887,0.5467016146302703,False,False,False,False,False,False
2025-04-07 08:00:00,PRD-A,1.5289107838651232,0.12883702976294686,0.8523794717071191,1.297434156718313,1.7424888417295068,0.0,0.16734056156420887,0.5467016146302703,False,False,False,False,False,False
2025-04-07 16:00:00,PRD-A,1.279100390113527,0.2498103937515963,0.8523794717071191,1.297434156718313,1.7424888417295068,0.0,0.16734056156420887,0.5467016146302703,False,False,False,False,False,False
2025-04-08 00:00:00,PRD-A,1.2293946643676583,0.04970572574586862,0.8523794717071191,1.297434156718313,1.7424888417295068,0.0,0.16734056156420887,0.5467016146302703,False,False,False,False,False,False
2025-04-08 08:00:00,PRD-A,1.1191506608832158,0.11024400348444252,0.8523794717071191,1.297434156718313,1.7424888417295068,0.0,0.16734056156420887,0.5467016146302703,False,False,False,False,False,False
2025-04-08 16:00:00,PRD-A,1.3061404918888557,0.18698983100563993,0.8523794717071191,1.297434156718313,1.7424888417295068,0.0,0.16734056156420887,0.5467016146302703,False,False,False,False,False,False
2025-04-15 00:00:00,PRD-A,0.9815125206380573,0.32462797125079845,0.8523794717071191,1.297434156718313,1.7424888417295068,0.0,0.16734056156420887,0.5467016146302703,False,False,False,False,False,False
2025-04-15 08:00:00,PRD-A,0.9665922443669192,0.014920276271138122,0.8523794717071191,1.297434156718313,1.7424888417295068,0.0,0.16734056156420887,0.5467016146302703,False,True,False,False,True,False
2025-04-15 16:00:00,PRD-A,1.3471951658275179,0.3806029214605987,0.8523794717071191,1.297434156718313,1.7424888417295068,0.0,0.16734056156420887,0.5467016146302703,False,True,False,False,True,False
2025-04-16 00:00:00,PRD-A,1.5172821295120227,0.17008696368450482,0.8523794717071191,1.297434156718313,1.7424888417295068,0.0,0.16734056156420887,0.5467016146302703,False,False,False,False,False,False
2025-04-16 08:00:00,PRD-A,1.0488242010360838,0.4684579284759389,0.8523794717071191,1.297434156718313,1.7424888417295068,0.0,0.16734056156420887,0.5467016146302703,False,False,False,False,False,False
2025-04-16 16:00:00,PRD-A,1.2342155278279483,0.18539132679186454,0.8523794717071191,1.297434156718313,1.7424888417295068,0.0,0.16734056156420887,0.5467016146302703,False,False,False,False,False,False
2025-04-23 00:00:00,PRD-A,1.1789438434301405,0.05527168439780783,0.8523794717071191,1.297434156718313,1.7424888417295068,0.0,0.16734056156420887,0.5467016146302703,False,False,False,False,False,False
2025-04-23 08:00:00,PRD-A,1.190486455890297,0.011542612460156532,0.8523794717071191,1.297434156718313,1.7424888417295068,0.0,0.16734056156420887,0.5467016146302703,False,False,False,False,False,False
2025-04-23 16:00:00,PRD-A,1.2419622547436329,0.051475798853335863,0.8523794717071191,1.297434156718313,1.7424888417295068,0.0,0.16734056156420887,0.5467016146302703,False,False,False,False,False,False
2025-04-24 00:00:00,PRD-A,1.2187880473320059,0.023174207411627012,0.8523794717071191,1.297434156718313,1.7424888417295068,0.0,0.16734056156420887,0.5467016146302703,False,False,False,False,False,False
2025-04-24 08:00:00,PRD-A,1.15013460564804,0.06865344168396592,0.8523794717071191,1.297434156718313,1.7424888417295068,0.0,0.16734056156420887,0.5467016146302703,False,False,False,False,False,False
2025-04-24 16:00:00,PRD-A,0.9385533190799042,0.21158128656813568,0.8523794717071191,1.297434156718313,1.7424888417295068,0.0,0.16734056156420887,0.5467016146302703,False,False,False,True,True,False
2025-05-01 00:00:00,PRD-A,1.1695129813796015,0.23095966229969722,0.8523794717071191,1.297434156718313,1.7424888417295068,0.0,0.16734056156420887,0.5467016146302703,False,False,False,True,True,False
2025-05-01 08:00:00,PRD-A,1.2234879242991956,0.05397494291959415,0.8523794717071191,1.297434156718313,1.7424888417295068,0.0,0.16734056156420887,0.5467016146302703,False,False,False,True,True,False
2025-05-01 16:00:00,PRD-A,1.3941862409993224,0.1706983167001268,0.8523794717071191,1.297434156718313,1.7424888417295068,0.0,0.16734056156420887,0.5467016146302703,False,False,False,False,False,False
2025-05-02 00:00:00,PRD-A,0.8952583800405093,0.49892786095881314,0.8523794717071191,1.297434156718313,1.7424888417295068,0.0,0.16734056156420887,0.5467016146302703,False,False,False,False,False,False
2025-05-02 08:00:00,PRD-A,0.9914913687122948,0.09623298867178554,0.8523794717071191,1.297434156718313,1.7424888417295068,0.0,0.16734056156420887,0.5467016146302703,False,True,False,False,True,False
2025-05-02 16:00:00,PRD-A,1.2398722196074374,0.2483808508951426,0.8523794717071191,1.297434156718313,1.7424888417295068,0.0,0.16734056156420887,0.5467016146302703,False,True,False,False,True,False
2025-05-09 00:00:00,PRD-A,1.378569898631364,0.1386976790239265,0.8523794717071191,1.297434156718313,1.7424888417295068,0.0,0.16734056156420887,0.5467016146302703,False,False,False,False,False,False
2025-05-09 08:00:00,PRD-A,1.4995444579941064,0.12097455936274248,0.8523794717071191,1.297434156718313,1.7424888417295068,0.0,0.16734056156420887,0.5467016146302703,False,False,False,False,False,False
2025-05-09 16:00:00,PRD-A,1.7828601692549553,0.28331571126084887,0.8523794717071191,1.297434156718313,1.7424888417295068,0.0,0.16734056156420887,0.5467016146302703,True,False,False,False,True,False
2025-05-10 00:00:00,PRD-A,1.1551397433380024,0.6277204259169529,0.8523794717071191,1.297434156718313,1.7424888417295068,0.0,0.16734056156420887,0.5467016146302703,False,False,False,False,False,True
2025-05-10 08:00:00,PRD-A,1.016264560286926,0.13887518305107638,0.8523794717071191,1.297434156718313,1.7424888417295068,0.0,0.16734056156420887,0.5467016146302703,False,False,False,False,False,False
2025-05-10 16:00:00,PRD-A,1.2374698307785166,0.22120527049159056,0.8523794717071191,1.297434156718313,1.7424888417295068,0.0,0.16734056156420887,0.5467016146302703,False,False,False,False,False,False
2025-05-17 00:00:00,PRD-A,1.5270300109667534,0.2895601801882368,0.8523794717071191,1.297434156718313,1.7424888417295068,0.0,0.16734056156420887,0.5467016146302703,False,False,False,False,False,False
2025-05-17 08:00:00,PRD-A,1.504500655930889,0.022529355035864285,0.8523794717071191,1.297434156718313,1.7424888417295068,0.0,0.16734056156420887,0.5467016146302703,False,False,False,False,False,False
2025-05-17 16:00:00,PRD-A,1.6064119564642572,0.10191130053336805,0.8523794717071191,1.297434156718313,1.7424888417295068,0.0,0.16734056156420887,0.5467016146302703,False,False,False,False,False,False
2025-05-18 00:00:00,PRD-A,1.5753454954144632,0.031066461049793936,0.8523794717071191,1.297434156718313,1.7424888417295068,0.0,0.16734056156420887,0.5467016146302703,False,False,True,False,True,False
2025-05-18 08:00:00,PRD-A,1.6612278637014133,0.08588236828695006,0.8523794717071191,1.297434156718313,1.7424888417295068,0.0,0.16734056156420887,0.5467016146302703,False,True,True,False,True,False
2025-05-18 16:00:00,PRD-A,2.0250259887804987,0.3637981250790854,0.8523794717071191,1.297434156718313,1.7424888417295068,0.0,0.16734056156420887,0.5467016146302703,True,True,True,False,True,False
2025-05-25 00:00:00,PRD-A,1.6033098014065028,0.42171618737399585,0.8523794717071191,1.297434156718313,1.7424888417295068,0.0,0.16734056156420887,0.5467016146302703,False,True,True,False,True,False
2025-05-25 08:00:00,PRD-A,1.4055917737576338,0.19771802764886903,0.8523794717071191,1.297434156718313,1.7424888417295068,0.0,0.16734056156420887,0.5467016146302703,False,True,True,True,True,False
2025-05-25 16:00:00,PRD-A,1.395063392484284,0.010528381273349874,0.8523794717071191,1.297434156718313,1.7424888417295068,0.0,0.16734056156420887,0.5467016146302703,False,False,False,True,True,False
2025-05-26 00:00:00,PRD-A,1.5086665282677931,0.11360313578350922,0.8523794717071191,1.297434156718313,1.7424888417295068,0.0,0.16734056156420887,0.5467016146302703,False,False,False,True,True,False
2025-05-26 08:00:00,PRD-A,1.558943145278967,0.05027661701117392,0.8523794717071191,1.297434156718313,1.7424888417295068,0.0,0.16734056156420887,0.5467016146302703,False,False,False,True,True,False
2025-05-26 16:00:00,PRD-A,1.6903597006401523,0.13141655536118524,0.8523794717071191,1.297434156718313,1.7424888417295068,0.0,0.16734056156420887,0.5467016146302703,False,False,False,True,True,False
2025-06-02 00:00:00,PRD-A,1.3674383152797192,0.32292138536043313,0.8523794717071191,1.297434156718313,1.7424888417295068,0.0,0.16734056156420887,0.5467016146302703,False,False,False,True,True,False
2025-06-02 08:00:00,PRD-A,1.4599338647187214,0.09249554943900229,0.8523794717071191,1.297434156718313,1.7424888417295068,0.0,0.16734056156420887,0.5467016146302703,False,False,True,True,True,False
2025-06-02 16:00:00,PRD-A,1.6876121990075055,0.22767833428878403,0.8523794717071191,1.297434156718313,1.7424888417295068,0.0,0.16734056156420887,0.5467016146302703,False,False,True,True,True,False
2025-06-03 00:00:00,PRD-A,1.427589065797156,0.26002313321034953,0.8523794717071191,1.297434156718313,1.7424888417295068,0.0,0.16734056156420887,0.5467016146302703,False,False,False,True,True,False
2025-06-03 08:00:00,PRD-A,1.4627566422734548,0.03516757647629887,0.8523794717071191,1.297434156718313,1.7424888417295068,0.0,0.16734056156420887,0.5467016146302703,False,False,False,True,True,False
2025-06-03 16:00:00,PRD-A,1.5416242356421044,0.07886759336864957,0.8523794717071191,1.297434156718313,1.7424888417295068,0.0,0.16734056156420887,0.5467016146302703,False,False,True,True,True,False
2025-06-10 00:00:00,PRD-A,1.5105307593694952,0.031093476272609166,0.8523794717071191,1.297434156718313,1.7424888417295068,0.0,0.16734056156420887,0.5467016146302703,False,False,True,True,True,False
2025-06-10 08:00:00,PRD-A,1.49693311388789,0.013597645481605136,0.8523794717071191,1.297434156718313,1.7424888417295068,0.0,0.16734056156420887,0.5467016146302703,False,False,True,True,True,False
2025-06-10 16:00:00,PRD-A,1.4744720724792368,0.022461041408653237,0.8523794717071191,1.297434156718313,1.7424888417295068,0.0,0.16734056156420887,0.5467016146302703,False,False,True,True,True,False
2025-06-11 00:00:00,PRD-A,1.2969703227587162,0.17750174972052069,0.8523794717071191,1.297434156718313,1.7424888417295068,0.0,0.16734056156420887,0.5467016146302703,False,False,True,False,True,False
2025-06-11 08:00:00,PRD-A,1.3743381202445573,0.0773677974858411,0.8523794717071191,1.297434156718313,1.7424888417295068,0.0,0.16734056156420887,0.5467016146302703,False,False,False,False,False,False
2025-06-11 16:00:00,PRD-A,1.6553510814019705,0.28101296115741325,0.8523794717071191,1.297434156718313,1.7424888417295068,0.0,0.16734056156420887,0.5467016146302703,False,False,False,False,False,False
2025-06-18 00:00:00,PRD-A,1.4990507629253724,0.1563003184765981,0.8523794717071191,1.297434156718313,1.7424888417295068,0.0,0.16734056156420887,0.5467016146302703,False,False,False,False,False,False
2025-06-18 08:00:00,PRD-A,1.5157987071623473,0.0167479442369749,0.8523794717071191,1.297434156718313,1.7424888417295068,0.0,0.16734056156420887,0.5467016146302703,False,False,False,False,False,False
2025-06-18 16:00:00,PRD-A,1.7011319971905285,0.18533329002818122,0.8523794717071191,1.297434156718313,1.7424888417295068,0.0,0.16734056156420887,0.5467016146302703,False,False,True,False,True,False
2025-06-19 00:00:00,PRD-A,1.5307743660008721,0.1703576311896564,0.8523794717071191,1.297434156718313,1.7424888417295068,0.0,0.16734056156420887,0.5467016146302703,False,False,True,False,True,False
2025-06-19 08:00:00,PRD-A,1.5275120777092046,0.0032622882916675255,0.8523794717071191,1.297434156718313,1.7424888417295068,0.0,0.16734056156420887,0.5467016146302703,False,False,True,False,True,False
2025-06-19 16:00:00,PRD-A,1.5500374649654496,0.022525387256244978,0.8523794717071191,1.297434156718313,1.7424888417295068,0.0,0.16734056156420887,0.5467016146302703,False,False,True,True,True,False
2025-06-26 00:00:00,PRD-A,1.4956543562222662,0.05438310874318342,0.8523794717071191,1.297434156718313,1.7424888417295068,0.0,0.16734056156420887,0.5467016146302703,False,False,True,True,True,False
2025-06-26 08:00:00,PRD-A,1.3557492144300005,0.13990514179226565,0.8523794717071191,1.297434156718313,1.7424888417295068,0.0,0.16734056156420887,0.5467016146302703,False,False,True,True,True,False
2025-06-26 16:00:00,PRD-A,1.4201423574936658,0.06439314306366528,0.8523794717071191,1.297434156718313,1.7424888417295068,0.0,0.16734056156420887,0.5467016146302703,False,False,False,True,True,False
2025-06-27 00:00:00,PRD-A,1.5778162480688758,0.15767389057520997,0.8523794717071191,1.297434156718313,1.7424888417295068,0.0,0.16734056156420887,0.5467016146302703,False,False,False,True,True,False
2025-06-27 08:00:00,PRD-A,1.5243103146523098,0.053505933416565954,0.8523794717071191,1.297434156718313,1.7424888417295068,0.0,0.16734056156420887,0.5467016146302703,False,False,False,True,True,False
2025-06-27 16:00:00,PRD-A,1.1036688641395964,0.4206414505127134,0.8523794717071191,1.297434156718313,1.7424888417295068,0.0,0.16734056156420887,0.5467016146302703,False,False,False,False,False,False
2024-01-05 00:00:00,PRD-A,1.094775593392578,0.0088932707470184,0.8523794717071191,1.297434156718313,1.7424888417295068,0.0,0.16734056156420887,0.5467016146302703,False,False,False,False,False,False
2024-01-05 08:00:00,PRD-A,1.209658588109498,0.11488299471691987,0.8523794717071191,1.297434156718313,1.7424888417295068,0.0,0.16734056156420887,0.5467016146302703,False,False,False,False,False,False
2024-01-05 16:00:00,PRD-A,1.4076868564631266,0.19802826835362874,0.8523794717071191,1.297434156718313,1.7424888417295068,0.0,0.16734056156420887,0.5467016146302703,False,False,False,False,False,False
2024-01-06 00:00:00,PRD-A,1.1797082496776212,0.2279786067855054,0.8523794717071191,1.297434156718313,1.7424888417295068,0.0,0.16734056156420887,0.5467016146302703,False,False,False,False,False,False
2024-01-06 08:00:00,PRD-A,1.1760712025405309,0.0036370471370903434,0.8523794717071191,1.297434156718313,1.7424888417295068,0.0,0.16734056156420887,0.5467016146302703,False,False,False,False,False,False
2024-01-06 16:00:00,PRD-A,1.4272329709117226,0.25116176837119175,0.8523794717071191,1.297434156718313,1.7424888417295068,0.0,0.16734056156420887,0.5467016146302703,False,False,False,False,False,False
2024-01-13 00:00:00,PRD-A,1.157443949073419,0.26978902183830367,0.8523794717071191,1.297434156718313,1.7424888417295068,0.0,0.16734056156420887,0.5467016146302703,False,False,False,False,False,False
2024-01-13 08:00:00,PRD-A,1.1174593548653067,0.03998459420811229,0.8523794717071191,1.297434156718313,1.7424888417295068,0.0,0.16734056156420887,0.5467016146302703,False,False,False,False,False,False
2024-01-13 16:00:00,PRD-A,1.2076563435203038,0.09019698865499715,0.8523794717071191,1.297434156718313,1.7424888417295068,0.0,0.16734056156420887,0.5467016146302703,False,False,False,False,False,False
2024-01-14 00:00:00,PRD-A,1.4097429289283059,0.20208658540800206,0.8523794717071191,1.297434156718313,1.7424888417295068,0.0,0.16734056156420887,0.5467016146302703,False,False,False,False,False,False
2024-01-14 08:00:00,PRD-A,1.3317293864877202,0.07801354244058567,0.8523794717071191,1.297434156718313,1.7424888417295068,0.0,0.16734056156420887,0.5467016146302703,False,False,False,False,False,False
2024-01-14 16:00:00,PRD-A,1.4324306285902395,0.1007012421025193,0.8523794717071191,1.297434156718313,1.7424888417295068,0.0,0.16734056156420887,0.5467016146302703,False,False,False,False,False,False
2024-01-21 00:00:00,PRD-A,0.9572256195078191,0.47520500908242036,0.8523794717071191,1.297434156718313,1.7424888417295068,0.0,0.16734056156420887,0.5467016146302703,False,False,False,False,False,False
2024-01-21 08:00:00,PRD-A,1.10336901522818,0.14614339572036095,0.8523794717071191,1.297434156718313,1.7424888417295068,0.0,0.16734056156420887,0.5467016146302703,False,False,False,False,False,False
2024-01-21 16:00:00,PRD-A,1.1414818664749609,0.038112851246780766,0.8523794717071191,1.297434156718313,1.7424888417295068,0.0,0.16734056156420887,0.5467016146302703,False,False,False,False,False,False
2024-01-22 00:00:00,PRD-A,1.3715906764766843,0.23010881000172345,0.8523794717071191,1.297434156718313,1.7424888417295068,0.0,0.16734056156420887,0.5467016146302703,False,False,False,False,False,False
2024-01-22 08:00:00,PRD-A,1.3319275150015224,0.03966316147516191,0.8523794717071191,1.297434156718313,1.7424888417295068,0.0,0.16734056156420887,0.5467016146302703,False,False,False,False,False,False
2024-01-22 16:00:00,PRD-A,1.3340431254342517,0.0021156104327293423,0.8523794717071191,1.297434156718313,1.7424888417295068,0.0,0.16734056156420887,0.5467016146302703,False,False,False,False,False,False
2024-01-29 00:00:00,PRD-A,0.9922848090188813,0.34175831641537047,0.8523794717071191,1.297434156718313,1.7424888417295068,0.0,0.16734056156420887,0.5467016146302703,False,False,False,False,False,False
2024-01-29 08:00:00,PRD-A,0.9803459742889206,0.011938834729960712,0.8523794717071191,1.297434156718313,1.7424888417295068,0.0,0.16734056156420887,0.5467016146302703,False,True,False,False,True,False
2024-01-29 16:00:00,PRD-A,1.0075970859223105,0.02725111163338989,0.8523794717071191,1.297434156718313,1.7424888417295068,0.0,0.16734056156420887,0.5467016146302703,False,True,False,False,True,False
2024-01-30 00:00:00,PRD-A,1.0576337344528217,0.05003664853051126,0.8523794717071191,1.297434156718313,1.7424888417295068,0.0,0.16734056156420887,0.5467016146302703,False,False,True,False,True,False
2024-01-30 08:00:00,PRD-A,1.2441792011384658,0.1865454666856441,0.8523794717071191,1.297434156718313,1.7424888417295068,0.0,0.16734056156420887,0.5467016146302703,False,False,True,False,True,False
2024-01-30 16:00:00,PRD-A,1.0436128000903138,0.20056640104815204,0.8523794717071191,1.297434156718313,1.7424888417295068,0.0,0.16734056156420887,0.5467016146302703,False,False,True,False,True,False
2024-02-06 00:00:00,PRD-A,1.366639242520276,0.32302644242996226,0.8523794717071191,1.297434156718313,1.7424888417295068,0.0,0.16734056156420887,0.5467016146302703,False,False,False,False,False,False
2024-02-06 08:00:00,PRD-A,1.4493891729033204,0.08274993038304435,0.8523794717071191,1.297434156718313,1.7424888417295068,0.0,0.16734056156420887,0.5467016146302703,False,False,False,False,False,False
2024-02-06 16:00:00,PRD-A,1.5954244697010862,0.14603529679776583,0.8523794717071191,1.297434156718313,1.7424888417295068,0.0,0.16734056156420887,0.5467016146302703,False,False,False,False,False,False
2024-02-07 00:00:00,PRD-A,1.3583207978172207,0.2371036718838655,0.8523794717071191,1.297434156718313,1.7424888417295068,0.0,0.16734056156420887,0.5467016146302703,False,False,False,False,False,False
2024-02-07 08:00:00,PRD-A,1.003919712077111,0.35440108574010964,0.8523794717071191,1.297434156718313,1.7424888417295068,0.0,0.16734056156420887,0.5467016146302703,False,False,False,False,False,False
2024-02-07 16:00:00,PRD-A,1.317198462539448,0.3132787504623369,0.8523794717071191,1.297434156718313,1.7424888417295068,0.0,0.16734056156420887,0.5467016146302703,False,False,False,False,False,False
2024-02-14 00:00:00,PRD-A,0.9590642786719148,0.35813418386753315,0.8523794717071191,1.297434156718313,1.7424888417295068,0.0,0.16734056156420887,0.5467016146302703,False,False,False,False,False,False
2024-02-14 08:00:00,PRD-A,0.9215117035172528,0.03755257515466204,0.8523794717071191,1.297434156718313,1.7424888417295068,0.0,0.16734056156420887,0.5467016146302703,False,True,False,False,True,False
2024-02-14 16:00:00,PRD-A,1.2395930682563348,0.318081364739082,0.8523794717071191,1.297434156718313,1.7424888417295068,0.0,0.16734056156420887,0.5467016146302703,False,True,False,False,True,False
2024-02-15 00:00:00,PRD-A,1.1607880267848427,0.07880504147149203,0.8523794717071191,1.297434156718313,1.7424888417295068,0.0,0.16734056156420887,0.5467016146302703,False,False,False,False,False,False
2024-02-15 08:00:00,PRD-A,1.186376875305599,0.02558884852075627,0.8523794717071191,1.297434156718313,1.7424888417295068,0.0,0.16734056156420887,0.5467016146302703,False,False,False,False,False,False
2024-02-15 16:00:00,PRD-A,1.333877734545647,0.14750085924004797,0.8523794717071191,1.297434156718313,1.7424888417295068,0.0,0.16734056156420887,0.5467016146302703,False,False,False,False,False,False
2024-02-22 00:00:00,PRD-A,1.220139102326268,0.11373863221937897,0.8523794717071191,1.297434156718313,1.7424888417295068,0.0,0.16734056156420887,0.5467016146302703,False,False,False,False,False,False
2024-02-22 08:00:00,PRD-A,1.3014232921422073,0.08128418981593932,0.8523794717071191,1.297434156718313,1.7424888417295068,0.0,0.16734056156420887,0.5467016146302703,False,False,False,False,False,False
2024-02-22 16:00:00,PRD-A,1.1855532313996475,0.11587006074255979,0.8523794717071191,1.297434156718313,1.7424888417295068,0.0,0.16734056156420887,0.5467016146302703,False,False,False,False,False,False
2024-02-23 00:00:00,PRD-A,1.2338080840669057,0.04825485266725815,0.8523794717071191,1.297434156718313,1.7424888417295068,0.0,0.16734056156420887,0.5467016146302703,False,False,False,False,False,False
2024-02-23 08:00:00,PRD-A,1.2395098766097585,0.005701792542852857,0.8523794717071191,1.297434156718313,1.7424888417295068,0.0,0.16734056156420887,0.5467016146302703,False,False,False,False,False,False
2024-02-23 16:00:00,PRD-A,1.447608504303941,0.20809862769418253,0.8523794717071191,1.297434156718313,1.7424888417295068,0.0,0.16734056156420887,0.5467016146302703,False,False,False,False,False,False
2024-03-01 00:00:00,PRD-A,1.042933621396722,0.4046748829072191,0.8523794717071191,1.297434156718313,1.7424888417295068,0.0,0.16734056156420887,0.5467016146302703,False,False,False,False,False,False
2024-03-01 08:00:00,PRD-A,1.2212802894640986,0.17834666806737665,0.8523794717071191,1.297434156718313,1.7424888417295068,0.0,0.16734056156420887,0.5467016146302703,False,False,False,False,False,False
2024-03-01 16:00:00,PRD-A,1.170891398125513,0.050388891338585706,0.8523794717071191,1.297434156718313,1.7424888417295068,0.0,0.16734056156420887,0.5467016146302703,False,False,False,False,False,False
2024-03-02 00:00:00,PRD-A,1.164692288775845,0.006199109349667831,0.8523794717071191,1.297434156718313,1.7424888417295068,0.0,0.16734056156420887,0.5467016146302703,False,False,False,False,False,False
2024-03-02 08:00:00,PRD-A,1.041110383848383,0.12358190492746202,0.8523794717071191,1.297434156718313,1.7424888417295068,0.0,0.16734056156420887,0.5467016146302703,False,False,False,False,False,False
2024-03-02 16:00:00,PRD-A,1.4149369406509749,0.3738265568025918,0.8523794717071191,1.297434156718313,1.7424888417295068,0.0,0.16734056156420887,0.5467016146302703,False,False,False,False,False,False
2024-03-09 00:00:00,PRD-A,1.2246445945813347,0.19029234606964018,0.8523794717071191,1.297434156718313,1.7424888417295068,0.0,0.16734056156420887,0.5467016146302703,False,False,False,False,False,False
2024-03-09 08:00:00,PRD-A,1.1775028335198903,0.04714176106144441,0.8523794717071191,1.297434156718313,1.7424888417295068,0.0,0.16734056156420887,0.5467016146302703,False,False,False,False,False,False
2024-03-09 16:00:00,PRD-A,1.2713369612278465,0.09383412770795618,0.8523794717071191,1.297434156718313,1.7424888417295068,0.0,0.16734056156420887,0.5467016146302703,False,False,False,False,False,False
2024-03-10 00:00:00,PRD-A,1.416211382195184,0.1448744209673376,0.8523794717071191,1.297434156718313,1.7424888417295068,0.0,0.16734056156420887,0.5467016146302703,False,False,False,False,False,False
2024-03-10 08:00:00,PRD-A,1.3566242913284612,0.05958709086672287,0.8523794717071191,1.297434156718313,1.7424888417295068,0.0,0.16734056156420887,0.5467016146302703,False,False,False,False,False,False
2024-03-10 16:00:00,PRD-A,1.3559080834541684,0.0007162078742928291,0.8523794717071191,1.297434156718313,1.7424888417295068,0.0,0.16734056156420887,0.5467016146302703,False,False,False,False,False,False
2024-03-17 00:00:00,PRD-A,1.0274732645419429,0.3284348189122255,0.8523794717071191,1.297434156718313,1.7424888417295068,0.0,0.16734056156420887,0.5467016146302703,False,False,False,False,False,False
2024-03-17 08:00:00,PRD-A,0.9377632013110841,0.08971006323085873,0.8523794717071191,1.297434156718313,1.7424888417295068,0.0,0.16734056156420887,0.5467016146302703,False,False,False,False,False,False
2024-03-17 16:00:00,PRD-A,1.244413986186402,0.30665078487531794,0.8523794717071191,1.297434156718313,1.7424888417295068,0.0,0.16734056156420887,0.5467016146302703,False,False,False,False,False,False
2024-03-18 00:00:00,PRD-A,1.293333723987866,0.04891973780146386,0.8523794717071191,1.297434156718313,1.7424888417295068,0.0,0.16734056156420887,0.5467016146302703,False,False,False,False,False,False
2024-03-18 08:00:00,PRD-A,1.2476667448500163,0.04566697913784967,0.8523794717071191,1.297434156718313,1.7424888417295068,0.0,0.16734056156420887,0.5467016146302703,False,False,False,False,False,False
2024-03-18 16:00:00,PRD-A,1.4794139941082967,0.23174724925828039,0.8523794717071191,1.297434156718313,1.7424888417295068,0.0,0.16734056156420887,0.5467016146302703,False,False,False,False,False,False
2024-03-25 00:00:00,PRD-A,1.27259336835054,0.20682062575775673,0.8523794717071191,1.297434156718313,1.7424888417295068,0.0,0.16734056156420887,0.5467016146302703,False,False,False,False,False,False
2024-03-25 08:00:00,PRD-A,1.5061192851865703,0.2335259168360304,0.8523794717071191,1.297434156718313,1.7424888417295068,0.0,0.16734056156420887,0.5467016146302703,False,False,False,False,False,False
2024-03-25 16:00:00,PRD-A,1.214048104356675,0.29207118082989525,0.8523794717071191,1.297434156718313,1.7424888417295068,0.0,0.16734056156420887,0.5467016146302703,False,False,False,False,False,False
2024-03-26 00:00:00,PRD-A,1.1567312291646716,0.05731687519200346,0.8523794717071191,1.297434156718313,1.7424888417295068,0.0,0.16734056156420887,0.5467016146302703,False,False,False,False,False,False
2024-03-26 08:00:00,PRD-A,1.1906155781421046,0.033884348977432976,0.8523794717071191,1.297434156718313,1.7424888417295068,0.0,0.16734056156420887,0.5467016146302703,False,False,False,False,False,False
2024-03-26 16:00:00,PRD-A,0.9984906575068724,0.19212492063523223,0.8523794717071191,1.297434156718313,1.7424888417295068,0.0,0.16734056156420887,0.5467016146302703,False,False,False,False,False,False
2024-04-02 00:00:00,PRD-A,0.898613673361527,0.0998769841453454,0.8523794717071191,1.297434156718313,1.7424888417295068,0.0,0.16734056156420887,0.5467016146302703,False,True,False,False,True,False
2024-04-02 08:00:00,PRD-A,0.955193112486332,0.05657943912480501,0.8523794717071191,1.297434156718313,1.7424888417295068,0.0,0.16734056156420887,0.5467016146302703,False,True,False,False,True,False
2024-04-02 16:00:00,PRD-A,1.1750764515648375,0.21988333907850555,0.8523794717071191,1.297434156718313,1.7424888417295068,0.0,0.16734056156420887,0.5467016146302703,False,True,False,False,True,False
2024-04-03 00:00:00,PRD-A,1.2555531414123844,0.08047668984754686,0.8523794717071191,1.297434156718313,1.7424888417295068,0.0,0.16734056156420887,0.5467016146302703,False,False,False,True,True,False
2024-04-03 08:00:00,PRD-A,1.0600078293388,0.1955453120735844,0.8523794717071191,1.297434156718313,1.7424888417295068,0.0,0.16734056156420887,0.5467016146302703,False,False,False,True,True,False
2024-04-03 16:00:00,PRD-A,1.3396115682060448,0.27960373886724477,0.8523794717071191,1.297434156718313,1.7424888417295068,0.0,0.16734056156420887,0.5467016146302703,False,False,False,False,False,False
2024-04-10 00:00:00,PRD-A,1.1991368211821354,0.14047474702390939,0.8523794717071191,1.297434156718313,1.7424888417295068,0.0,0.16734056156420887,0.5467016146302703,False,False,False,False,False,False
2024-04-10 08:00:00,PRD-A,1.1309614461399937,0.06817537504214166,0.8523794717071191,1.297434156718313,1.7424888417295068,0.0,0.16734056156420887,0.5467016146302703,False,False,False,False,False,False
2024-04-10 16:00:00,PRD-A,1.142981571485352,0.012020125345358235,0.8523794717071191,1.297434156718313,1.7424888417295068,0.0,0.16734056156420887,0.5467016146302703,False,False,False,False,False,False
2024-04-11 00:00:00,PRD-A,1.0740808905789645,0.06890068090638746,0.8523794717071191,1.297434156718313,1.7424888417295068,0.0,0.16734056156420887,0.5467016146302703,False,False,False,False,False,False
2024-04-11 08:00:00,PRD-A,1.0336160988557557,0.040464791723208826,0.8523794717071191,1.297434156718313,1.7424888417295068,0.0,0.16734056156420887,0.5467016146302703,False,False,True,False,True,False
2024-04-11 16:00:00,PRD-A,0.9837430631387731,0.04987303571698254,0.8523794717071191,1.297434156718313,1.7424888417295068,0.0,0.16734056156420887,0.5467016146302703,False,False,True,False,True,False
2024-04-18 00:00:00,PRD-A,1.2359097659767395,0.2521667028379664,0.8523794717071191,1.297434156718313,1.7424888417295068,0.0,0.16734056156420887,0.5467016146302703,False,False,True,False,True,False
2024-04-18 08:00:00,PRD-A,1.3135437695706256,0.07763400359388606,0.8523794717071191,1.297434156718313,1.7424888417295068,0.0,0.16734056156420887,0.5467016146302703,False,False,False,False,False,False
2024-04-18 16:00:00,PRD-A,1.2875259558032575,0.026017813767368114,0.8523794717071191,1.297434156718313,1.7424888417295068,0.0,0.16734056156420887,0.5467016146302703,False,False,False,False,False,False
2024-04-19 00:00:00,PRD-A,1.014852924632236,0.2726730311710215,0.8523794717071191,1.297434156718313,1.7424888417295068,0.0,0.16734056156420887,0.5467016146302703,False,False,False,False,False,False
2024-04-19 08:00:00,PRD-A,0.8742323692167836,0.14062055541545238,0.8523794717071191,1.297434156718313,1.7424888417295068,0.0,0.16734056156420887,0.5467016146302703,False,False,False,False,False,False
2024-04-19 16:00:00,PRD-A,1.1323258188077867,0.2580934495910031,0.8523794717071191,1.297434156718313,1.7424888417295068,0.0,0.16734056156420887,0.5467016146302703,False,False,False,False,False,False
2024-04-26 00:00:00,PRD-A,1.2520662089601053,0.11974039015231863,0.8523794717071191,1.297434156718313,1.7424888417295068,0.0,0.16734056156420887,0.5467016146302703,False,False,False,False,False,False
2024-04-26 08:00:00,PRD-A,1.2918622011111836,0.03979599215107821,0.8523794717071191,1.297434156718313,1.7424888417295068,0.0,0.16734056156420887,0.5467016146302703,False,False,False,False,False,False
2024-04-26 16:00:00,PRD-A,1.1289928199540284,0.1628693811571551,0.8523794717071191,1.297434156718313,1.7424888417295068,0.0,0.16734056156420887,0.5467016146302703,False,False,False,False,False,False
2024-04-27 00:00:00,PRD-A,1.1362804467952055,0.007287626841177008,0.8523794717071191,1.297434156718313,1.7424888417295068,0.0,0.16734056156420887,0.5467016146302703,False,False,False,True,True,False
2024-04-27 08:00:00,PRD-A,1.1467808213590973,0.010500374563891857,0.8523794717071191,1.297434156718313,1.7424888417295068,0.0,0.16734056156420887,0.5467016146302703,False,False,False,True,True,False
2024-04-27 16:00:00,PRD-A,1.2883429645113949,0.14156214315229754,0.8523794717071191,1.297434156718313,1.7424888417295068,0.0,0.16734056156420887,0.5467016146302703,False,False,False,True,True,False
2024-05-04 00:00:00,PRD-A,1.3425670336800637,0.05422406916866884,0.8523794717071191,1.297434156718313,1.7424888417295068,0.0,0.16734056156420887,0.5467016146302703,False,False,False,False,False,False
2024-05-04 08:00:00,PRD-A,0.856499400767039,0.4860676329130247,0.8523794717071191,1.297434156718313,1.7424888417295068,0.0,0.16734056156420887,0.5467016146302703,False,False,False,False,False,False
2024-05-04 16:00:00,PRD-A,1.1479008434629463,0.2914014426959073,0.8523794717071191,1.297434156718313,1.7424888417295068,0.0,0.16734056156420887,0.5467016146302703,False,False,False,False,False,False
2024-05-05 00:00:00,PRD-A,0.9363360450177733,0.21156479844517295,0.8523794717071191,1.297434156718313,1.7424888417295068,0.0,0.16734056156420887,0.5467016146302703,False,True,False,False,True,False
2024-05-05 08:00:00,PRD-A,1.0468189153305874,0.11048287031281401,0.8523794717071191,1.297434156718313,1.7424888417295068,0.0,0.16734056156420887,0.5467016146302703,False,False,True,False,True,False
2024-05-05 16:00:00,PRD-A,1.269472091411469,0.22265317608088164,0.8523794717071191,1.297434156718313,1.7424888417295068,0.0,0.16734056156420887,0.5467016146302703,False,False,True,False,True,False
2024-05-12 00:00:00,PRD-A,0.9811958693274117,0.28827622208405734,0.8523794717071191,1.297434156718313,1.7424888417295068,0.0,0.16734056156420887,0.5467016146302703,False,False,True,False,True,False
2024-05-12 08:00:00,PRD-A,0.8343943451989376,0.14680152412847403,0.8523794717071191,1.297434156718313,1.7424888417295068,0.0,0.16734056156420887,0.5467016146302703,True,True,True,False,True,False
2024-05-12 16:00:00,PRD-A,1.007448761327348,0.17305441612841033,0.8523794717071191,1.297434156718313,1.7424888417295068,0.0,0.16734056156420887,0.5467016146302703,False,True,True,True,True,False
2024-05-13 00:00:00,PRD-A,1.000586465818137,0.006862295509211025,0.8523794717071191,1.297434156718313,1.7424888417295068,0.0,0.16734056156420887,0.5467016146302703,False,True,True,True,True,False
2024-05-13 08:00:00,PRD-A,1.0096263653274975,0.009039899509360572,0.8523794717071191,1.297434156718313,1.7424888417295068,0.0,0.16734056156420887,0.5467016146302703,False,False,True,True,True,False
2024-05-13 16:00:00,PRD-A,1.3671008759825145,0.357474510655017,0.8523794717071191,1.297434156718313,1.7424888417295068,0.0,0.16734056156420887,0.5467016146302703,False,False,True,False,True,False
2024-05-20 00:00:00,PRD-A,1.0441528306243646,0.3229480453581499,0.8523794717071191,1.297434156718313,1.7424888417295068,0.0,0.16734056156420887,0.5467016146302703,False,False,True,False,True,False
2024-05-20 08:00:00,PRD-A,1.1245187234443568,0.08036589281999218,0.8523794717071191,1.297434156718313,1.7424888417295068,0.0,0.16734056156420887,0.5467016146302703,False,False,True,False,True,False
2024-05-20 16:00:00,PRD-A,1.204495514783004,0.07997679133864732,0.8523794717071191,1.297434156718313,1.7424888417295068,0.0,0.16734056156420887,0.5467016146302703,False,False,False,False,False,False
2024-05-21 00:00:00,PRD-A,1.1195386458207728,0.08495686896223131,0.8523794717071191,1.297434156718313,1.7424888417295068,0.0,0.16734056156420887,0.5467016146302703,False,False,False,False,False,False
2024-05-21 08:00:00,PRD-A,1.1209376370781554,0.0013989912573826313,0.8523794717071191,1.297434156718313,1.7424888417295068,0.0,0.16734056156420887,0.5467016146302703,False,False,True,False,True,False
2024-05-21 16:00:00,PRD-A,1.3551354814712269,0.23419784439307145,0.8523794717071191,1.297434156718313,1.7424888417295068,0.0,0.16734056156420887,0.5467016146302703,False,False,False,False,False,False
2024-05-28 00:00:00,PRD-A,1.1512727863885666,0.2038626950826603,0.8523794717071191,1.297434156718313,1.7424888417295068,0.0,0.16734056156420887,0.5467016146302703,False,False,False,False,False,False
2024-05-28 08:00:00,PRD-A,1.1367197822094819,0.014553004179084672,0.8523794717071191,1.297434156718313,1.7424888417295068,0.0,0.16734056156420887,0.5467016146302703,False,False,False,False,False,False
2024-05-28 16:00:00,PRD-A,1.2975979004339742,0.16087811822449227,0.8523794717071191,1.297434156718313,1.7424888417295068,0.0,0.16734056156420887,0.5467016146302703,False,False,False,False,False,False
2024-05-29 00:00:00,PRD-A,1.2375817154812576,0.060016184952716545,0.8523794717071191,1.297434156718313,1.7424888417295068,0.0,0.16734056156420887,0.5467016146302703,False,False,False,False,False,False
2024-05-29 08:00:00,PRD-A,1.131515333865572,0.10606638161568571,0.8523794717071191,1.297434156718313,1.7424888417295068,0.0,0.16734056156420887,0.5467016146302703,False,False,False,False,False,False
2024-05-29 16:00:00,PRD-A,1.3588244663098943,0.22730913244432238,0.8523794717071191,1.297434156718313,1.7424888417295068,0.0,0.16734056156420887,0.5467016146302703,False,False,False,False,False,False
2024-06-05 00:00:00,PRD-A,1.2118632593939622,0.14696120691593206,0.8523794717071191,1.297434156718313,1.7424888417295068,0.0,0.16734056156420887,0.5467016146302703,False,False,False,False,False,False
2024-06-05 08:00:00,PRD-A,1.18159744723729,0.030265812156672123,0.8523794717071191,1.297434156718313,1.7424888417295068,0.0,0.16734056156420887,0.5467016146302703,False,False,False,False,False,False
2024-06-05 16:00:00,PRD-A,1.2649446324973586,0.08334718526006846,0.8523794717071191,1.297434156718313,1.7424888417295068,0.0,0.16734056156420887,0.5467016146302703,False,False,False,False,False,False
2024-06-06 00:00:00,PRD-A,1.1241244671602233,0.14082016533713526,0.8523794717071191,1.297434156718313,1.7424888417295068,0.0,0.16734056156420887,0.5467016146302703,False,False,False,False,False,False
2024-06-06 08:00:00,PRD-A,1.2660412110798838,0.14191674391966047,0.8523794717071191,1.297434156718313,1.7424888417295068,0.0,0.16734056156420887,0.5467016146302703,False,False,False,False,False,False
2024-06-06 16:00:00,PRD-A,0.9874245729605785,0.27861663811930526,0.8523794717071191,1.297434156718313,1.7424888417295068,0.0,0.16734056156420887,0.5467016146302703,False,False,False,False,False,False
2024-06-13 00:00:00,PRD-A,1.0552034398996202,0.06777886693904167,0.8523794717071191,1.297434156718313,1.7424888417295068,0.0,0.16734056156420887,0.5467016146302703,False,False,False,False,False,False
2024-06-13 08:00:00,PRD-A,0.912948284858653,0.1422551550409672,0.8523794717071191,1.297434156718313,1.7424888417295068,0.0,0.16734056156420887,0.5467016146302703,False,True,True,True,True,False
2024-06-13 16:00:00,PRD-A,1.1946948891833775,0.28174660432472454,0.8523794717071191,1.297434156718313,1.7424888417295068,0.0,0.16734056156420887,0.5467016146302703,False,False,False,True,True,False
2024-06-14 00:00:00,PRD-A,1.1475548176506347,0.0471400715327428,0.8523794717071191,1.297434156718313,1.7424888417295068,0.0,0.16734056156420887,0.5467016146302703,False,False,True,True,True,False
2024-06-14 08:00:00,PRD-A,1.163653680207507,0.016098862556872318,0.8523794717071191,1.297434156718313,1.7424888417295068,0.0,0.16734056156420887,0.5467016146302703,False,False,False,True,True,False
2024-06-14 16:00:00,PRD-A,1.1480142950566705,0.015639385150836516,0.8523794717071191,1.297434156718313,1.7424888417295068,0.0,0.16734056156420887,0.5467016146302703,False,False,False,True,True,False
2024-06-21 00:00:00,PRD-A,1.4314526446825515,0.283438349625881,0.8523794717071191,1.297434156718313,1.7424888417295068,0.0,0.16734056156420887,0.5467016146302703,False,False,False,False,False,False
2024-06-21 08:00:00,PRD-A,1.6652114137643588,0.23375876908180726,0.8523794717071191,1.297434156718313,1.7424888417295068,0.0,0.16734056156420887,0.5467016146302703,False,False,False,False,False,False
2024-06-21 16:00:00,PRD-A,1.7187516792366802,0.05354026547232138,0.8523794717071191,1.297434156718313,1.7424888417295068,0.0,0.16734056156420887,0.5467016146302703,False,True,False,False,True,False
2024-06-22 00:00:00,PRD-A,1.560753706519276,0.15799797271740412,0.8523794717071191,1.297434156718313,1.7424888417295068,0.0,0.16734056156420887,0.5467016146302703,False,True,False,False,True,False
2024-06-22 08:00:00,PRD-A,0.9075589559942153,0.6531947505250607,0.8523794717071191,1.297434156718313,1.7424888417295068,0.0,0.16734056156420887,0.5467016146302703,False,False,False,False,False,True
2024-06-22 16:00:00,PRD-A,1.1656970328241278,0.2581380768299125,0.8523794717071191,1.297434156718313,1.7424888417295068,0.0,0.16734056156420887,0.5467016146302703,False,False,False,False,False,False
2024-06-29 00:00:00,PRD-A,1.1665737789371966,0.0008767461130687604,0.8523794717071191,1.297434156718313,1.7424888417295068,0.0,0.16734056156420887,0.5467016146302703,False,False,False,False,False,False
2024-06-29 08:00:00,PRD-A,1.1609192634122112,0.005654515524985415,0.8523794717071191,1.297434156718313,1.7424888417295068,0.0,0.16734056156420887,0.5467016146302703,False,False,False,False,False,False
2024-06-29 16:00:00,PRD-A,1.3966339570926976,0.23571469368048636,0.8523794717071191,1.297434156718313,1.7424888417295068,0.0,0.16734056156420887,0.5467016146302703,False,False,False,False,False,False
2024-06-30 00:00:00,PRD-A,1.2603319491112086,0.13630200798148895,0.8523794717071191,1.297434156718313,1.7424888417295068,0.0,0.16734056156420887,0.5467016146302703,False,False,False,False,False,False
2024-06-30 08:00:00,PRD-A,1.1350405900441356,0.125291359067073,0.8523794717071191,1.297434156718313,1.7424888417295068,0.0,0.16734056156420887,0.5467016146302703,False,False,False,False,False,False
2024-06-30 16:00:00,PRD-A,1.2622097983508407,0.12716920830670508,0.8523794717071191,1.297434156718313,1.7424888417295068,0.0,0.16734056156420887,0.5467016146302703,False,False,False,False,False,False
2024-07-07 00:00:00,PRD-A,0.9396504894000646,0.3225593089507761,0.8523794717071191,1.297434156718313,1.7424888417295068,0.0,0.16734056156420887,0.5467016146302703,False,False,False,False,False,False
2024-07-07 08:00:00,PRD-A,1.0294741887128742,0.08982369931280965,0.8523794717071191,1.297434156718313,1.7424888417295068,0.0,0.16734056156420887,0.5467016146302703,False,False,False,False,False,False
2024-07-07 16:00:00,PRD-A,1.2055082490712579,0.17603406035838365,0.8523794717071191,1.297434156718313,1.7424888417295068,0.0,0.16734056156420887,0.5467016146302703,False,False,False,False,False,False
2024-07-08 00:00:00,PRD-A,1.1112496237646359,0.09425862530662199,0.8523794717071191,1.297434156718313,1.7424888417295068,0.0,0.16734056156420887,0.5467016146302703,False,False,False,False,False,False
2024-07-08 08:00:00,PRD-A,0.9402012616991402,0.17104836206549567,0.8523794717071191,1.297434156718313,1.7424888417295068,0.0,0.16734056156420887,0.5467016146302703,False,False,True,True,True,False
2024-07-08 16:00:00,PRD-A,1.0692249842407033,0.12902372254156314,0.8523794717071191,1.297434156718313,1.7424888417295068,0.0,0.16734056156420887,0.5467016146302703,False,False,True,True,True,False
2024-07-15 00:00:00,PRD-A,1.1549382414070217,0.08571325716631839,0.8523794717071191,1.297434156718313,1.7424888417295068,0.0,0.16734056156420887,0.5467016146302703,False,False,False,True,True,False
2024-07-15 08:00:00,PRD-A,1.1668477033153626,0.011909461908340857,0.8523794717071191,1.297434156718313,1.7424888417295068,0.0,0.16734056156420887,0.5467016146302703,False,False,False,True,True,False
2024-07-15 16:00:00,PRD-A,1.37552544740826,0.20867774409289752,0.8523794717071191,1.297434156718313,1.7424888417295068,0.0,0.16734056156420887,0.5467016146302703,False,False,False,False,False,False
2024-07-16 00:00:00,PRD-A,1.048893893396817,0.32663155401144306,0.8523794717071191,1.297434156718313,1.7424888417295068,0.0,0.16734056156420887,0.5467016146302703,False,False,False,False,False,False
2024-07-16 08:00:00,PRD-A,1.072725952232561,0.023832058835743908,0.8523794717071191,1.297434156718313,1.7424888417295068,0.0,0.16734056156420887,0.5467016146302703,False,False,False,False,False,False
2024-07-16 16:00:00,PRD-A,1.3166297464226928,0.24390379419013186,0.8523794717071191,1.297434156718313,1.7424888417295068,0.0,0.16734056156420887,0.5467016146302703,False,False,False,False,False,False
2024-07-23 00:00:00,PRD-A,1.3086518721760005,0.007977874246692274,0.8523794717071191,1.297434156718313,1.7424888417295068,0.0,0.16734056156420887,0.5467016146302703,False,False,False,False,False,False
2024-07-23 08:00:00,PRD-A,1.2503001119185175,0.05835176025748301,0.8523794717071191,1.297434156718313,1.7424888417295068,0.0,0.16734056156420887,0.5467016146302703,False,False,False,False,False,False
2024-07-23 16:00:00,PRD-A,1.2197301298796865,0.03056998203883099,0.8523794717071191,1.297434156718313,1.7424888417295068,0.0,0.16734056156420887,0.5467016146302703,False,False,False,False,False,False
2024-07-24 00:00:00,PRD-A,1.1944646205644858,0.025265509315200774,0.8523794717071191,1.297434156718313,1.7424888417295068,0.0,0.16734056156420887,0.5467016146302703,False,False,False,False,False,False
2024-07-24 08:00:00,PRD-A,1.4154927914744333,0.22102817090994753,0.8523794717071191,1.297434156718313,1.7424888417295068,0.0,0.16734056156420887,0.5467016146302703,False,False,False,False,False,False
2024-07-24 16:00:00,PRD-A,1.5467702992541452,0.13127750777971192,0.8523794717071191,1.297434156718313,1.7424888417295068,0.0,0.16734056156420887,0.5467016146302703,False,False,False,False,False,False
2024-07-31 00:00:00,PRD-A,1.5562327611469697,0.009462461892824514,0.8523794717071191,1.297434156718313,1.7424888417295068,0.0,0.16734056156420887,0.5467016146302703,False,False,False,False,False,False
2024-07-31 08:00:00,PRD-A,1.0906939801928555,0.4655387809541143,0.8523794717071191,1.297434156718313,1.7424888417295068,0.0,0.16734056156420887,0.5467016146302703,False,False,False,False,False,False
2024-07-31 16:00:00,PRD-A,1.3246040168558137,0.2339100366629583,0.8523794717071191,1.297434156718313,1.7424888417295068,0.0,0.16734056156420887,0.5467016146302703,False,False,False,False,False,False
2024-08-01 00:00:00,PRD-A,0.8548386552711742,0.46976536158463955,0.8523794717071191,1.297434156718313,1.7424888417295068,0.0,0.16734056156420887,0.5467016146302703,False,False,False,False,False,False
2024-08-01 08:00:00,PRD-A,0.9361612415843085,0.08132258631313427,0.8523794717071191,1.297434156718313,1.7424888417295068,0.0,0.16734056156420887,0.5467016146302703,False,True,False,False,True,False
2024-08-01 16:00:00,PRD-A,0.971240076767484,0.03507883518317556,0.8523794717071191,1.297434156718313,1.7424888417295068,0.0,0.16734056156420887,0.5467016146302703,False,True,True,False,True,False
2024-08-08 00:00:00,PRD-A,1.1010938206699201,0.1298537439024361,0.8523794717071191,1.297434156718313,1.7424888417295068,0.0,0.16734056156420887,0.5467016146302703,False,True,True,False,True,False
2024-08-08 08:00:00,PRD-A,1.2044374865539813,0.10334366588406119,0.8523794717071191,1.297434156718313,1.7424888417295068,0.0,0.16734056156420887,0.5467016146302703,False,False,True,False,True,False
2024-08-08 16:00:00,PRD-A,1.3482093882972117,0.1437719017432304,0.8523794717071191,1.297434156718313,1.7424888417295068,0.0,0.16734056156420887,0.5467016146302703,False,False,False,False,False,False
2024-08-09 00:00:00,PRD-A,1.077511859542799,0.27069752875441266,0.8523794717071191,1.297434156718313,1.7424888417295068,0.0,0.16734056156420887,0.5467016146302703,False,False,False,False,False,False
2024-08-09 08:00:00,PRD-A,1.15682631722124,0.07931445767844103,0.8523794717071191,1.297434156718313,1.7424888417295068,0.0,0.16734056156420887,0.5467016146302703,False,False,False,False,False,False
2024-08-09 16:00:00,PRD-A,1.2768143865730255,0.11998806935178541,0.8523794717071191,1.297434156718313,1.7424888417295068,0.0,0.16734056156420887,0.5467016146302703,False,False,False,False,False,False
2024-08-16 00:00:00,PRD-A,1.3116427431495024,0.03482835657647687,0.8523794717071191,1.297434156718313,1.7424888417295068,0.0,0.16734056156420887,0.5467016146302703,False,False,False,False,False,False
2024-08-16 08:00:00,PRD-A,1.2467001210949271,0.06494262205457524,0.8523794717071191,1.297434156718313,1.7424888417295068,0.0,0.16734056156420887,0.5467016146302703,False,False,False,False,False,False
2024-08-16 16:00:00,PRD-A,1.2528359056576526,0.006135784562725455,0.8523794717071191,1.297434156718313,1.7424888417295068,0.0,0.16734056156420887,0.5467016146302703,False,False,False,False,False,False
2024-08-17 00:00:00,PRD-A,1.3238280763666543,0.07099217070900177,0.8523794717071191,1.297434156718313,1.7424888417295068,0.0,0.16734056156420887,0.5467016146302703,False,False,False,False,False,False
2024-08-17 08:00:00,PRD-A,1.3022995404459237,0.021528535920730674,0.8523794717071191,1.297434156718313,1.7424888417295068,0.0,0.16734056156420887,0.5467016146302703,False,False,False,False,False,False
2024-08-17 16:00:00,PRD-A,1.51740107970897,0.21510153926304643,0.8523794717071191,1.297434156718313,1.7424888417295068,0.0,0.16734056156420887,0.5467016146302703,False,False,False,False,False,False
2024-08-24 00:00:00,PRD-A,1.2881498232086053,0.22925125650036482,0.8523794717071191,1.297434156718313,1.7424888417295068,0.0,0.16734056156420887,0.5467016146302703,False,False,False,False,False,False
2024-08-24 08:00:00,PRD-A,1.5480448116425427,0.25989498843393743,0.8523794717071191,1.297434156718313,1.7424888417295068,0.0,0.16734056156420887,0.5467016146302703,False,False,False,False,False,False
2024-08-24 16:00:00,PRD-A,1.552271744108003,0.0042269324654602425,0.8523794717071191,1.297434156718313,1.7424888417295068,0.0,0.16734056156420887,0.5467016146302703,False,False,False,False,False,False
2024-08-25 00:00:00,PRD-A,1.4408536749805627,0.11141806912744023,0.8523794717071191,1.297434156718313,1.7424888417295068,0.0,0.16734056156420887,0.5467016146302703,False,False,False,False,False,False
2024-08-25 08:00:00,PRD-A,0.9305650793080608,0.510288595672502,0.8523794717071191,1.297434156718313,1.7424888417295068,0.0,0.16734056156420887,0.5467016146302703,False,False,False,False,False,False
2024-08-25 16:00:00,PRD-A,0.9575030085804264,0.0269379292723656,0.8523794717071191,1.297434156718313,1.7424888417295068,0.0,0.16734056156420887,0.5467016146302703,False,True,False,False,True,False
2024-09-01 00:00:00,PRD-A,1.2706601445412262,0.31315713596079986,0.8523794717071191,1.297434156718313,1.7424888417295068,0.0,0.16734056156420887,0.5467016146302703,False,True,False,False,True,False
2024-09-01 08:00:00,PRD-A,1.127835840742129,0.14282430379909727,0.8523794717071191,1.297434156718313,1.7424888417295068,0.0,0.16734056156420887,0.5467016146302703,False,False,False,False,False,False
2024-09-01 16:00:00,PRD-A,1.3536934523608835,0.2258576116187545,0.8523794717071191,1.297434156718313,1.7424888417295068,0.0,0.16734056156420887,0.5467016146302703,False,False,False,False,False,False
2024-09-02 00:00:00,PRD-A,1.4578073317688534,0.1041138794079699,0.8523794717071191,1.297434156718313,1.7424888417295068,0.0,0.16734056156420887,0.5467016146302703,False,False,False,False,False,False
2024-09-02 08:00:00,PRD-A,1.3770257449711725,0.08078158679768088,0.8523794717071191,1.297434156718313,1.7424888417295068,0.0,0.16734056156420887,0.5467016146302703,False,False,False,False,False,False
2024-09-02 16:00:00,PRD-A,1.3079717534784434,0.06905399149272906,0.8523794717071191,1.297434156718313,1.7424888417295068,0.0,0.16734056156420887,0.5467016146302703,False,False,False,False,False,False
2024-09-09 00:00:00,PRD-A,1.4679560532648248,0.1599842997863814,0.8523794717071191,1.297434156718313,1.7424888417295068,0.0,0.16734056156420887,0.5467016146302703,False,False,False,False,False,False
2024-09-09 08:00:00,PRD-A,1.3572820392997063,0.11067401396511856,0.8523794717071191,1.297434156718313,1.7424888417295068,0.0,0.16734056156420887,0.5467016146302703,False,False,False,False,False,False
2024-09-09 16:00:00,PRD-A,1.3402508044263544,0.017031234873351897,0.8523794717071191,1.297434156718313,1.7424888417295068,0.0,0.16734056156420887,0.5467016146302703,False,False,False,False,False,False
2024-09-10 00:00:00,PRD-A,1.3203605715152862,0.019890232911068173,0.8523794717071191,1.297434156718313,1.7424888417295068,0.0,0.16734056156420887,0.5467016146302703,False,False,False,True,True,False
2024-09-10 08:00:00,PRD-A,1.6284135181621577,0.30805294664687155,0.8523794717071191,1.297434156718313,1.7424888417295068,0.0,0.16734056156420887,0.5467016146302703,False,False,False,True,True,False
2024-09-10 16:00:00,PRD-A,1.3939581431166808,0.23445537504547698,0.8523794717071191,1.297434156718313,1.7424888417295068,0.0,0.16734056156420887,0.5467016146302703,False,False,False,True,True,False
2024-09-17 00:00:00,PRD-A,1.1886905682212998,0.20526757489538094,0.8523794717071191,1.297434156718313,1.7424888417295068,0.0,0.16734056156420887,0.5467016146302703,False,False,False,False,False,False
2024-09-17 08:00:00,PRD-A,1.4537658977570245,0.26507532953572466,0.8523794717071191,1.297434156718313,1.7424888417295068,0.0,0.16734056156420887,0.5467016146302703,False,False,False,False,False,False
2024-09-17 16:00:00,PRD-A,1.420791719578263,0.03297417817876158,0.8523794717071191,1.297434156718313,1.7424888417295068,0.0,0.16734056156420887,0.5467016146302703,False,False,False,False,False,False
2024-09-18 00:00:00,PRD-A,1.35961143276759,0.061180286810673,0.8523794717071191,1.297434156718313,1.7424888417295068,0.0,0.16734056156420887,0.5467016146302703,False,False,False,False,False,False
2024-09-18 08:00:00,PRD-A,1.5440277609858142,0.1844163282182243,0.8523794717071191,1.297434156718313,1.7424888417295068,0.0,0.16734056156420887,0.5467016146302703,False,False,False,False,False,False
2024-09-18 16:00:00,PRD-A,1.5528524944108706,0.008824733425056408,0.8523794717071191,1.297434156718313,1.7424888417295068,0.0,0.16734056156420887,0.5467016146302703,False,False,False,False,False,False
2024-09-25 00:00:00,PRD-A,1.5777209274365205,0.024868433025649894,0.8523794717071191,1.297434156718313,1.7424888417295068,0.0,0.16734056156420887,0.5467016146302703,False,False,False,False,False,False
2024-09-25 08:00:00,PRD-A,1.4786029053485534,0.09911802208796705,0.8523794717071191,1.297434156718313,1.7424888417295068,0.0,0.16734056156420887,0.5467016146302703,False,False,True,False,True,False
2024-09-25 16:00:00,PRD-A,1.7204201864130038,0.24181728106445033,0.8523794717071191,1.297434156718313,1.7424888417295068,0.0,0.16734056156420887,0.5467016146302703,False,False,True,True,True,False
2024-09-26 00:00:00,PRD-A,1.5473565904015487,0.17306359601145505,0.8523794717071191,1.297434156718313,1.7424888417295068,0.0,0.16734056156420887,0.5467016146302703,False,False,True,True,True,False
2024-09-26 08:00:00,PRD-A,1.6013509605099352,0.05399437010838648,0.8523794717071191,1.297434156718313,1.7424888417295068,0.0,0.16734056156420887,0.5467016146302703,False,True,True,True,True,False
2024-09-26 16:00:00,PRD-A,1.493362543979649,0.10798841653028624,0.8523794717071191,1.297434156718313,1.7424888417295068,0.0,0.16734056156420887,0.5467016146302703,False,False,True,True,True,False
2024-10-03 00:00:00,PRD-A,1.2883795607686568,0.20498298321099218,0.8523794717071191,1.297434156718313,1.7424888417295068,0.0,0.16734056156420887,0.5467016146302703,False,False,True,False,True,False
2024-10-03 08:00:00,PRD-A,1.1074091576110283,0.18097040315762847,0.8523794717071191,1.297434156718313,1.7424888417295068,0.0,0.16734056156420887,0.5467016146302703,False,False,False,False,False,False
2024-10-03 16:00:00,PRD-A,1.1863059456903593,0.07889678807933098,0.8523794717071191,1.297434156718313,1.7424888417295068,0.0,0.16734056156420887,0.5467016146302703,False,False,False,False,False,False
2024-10-04 00:00:00,PRD-A,1.0200266710383221,0.16627927465203718,0.8523794717071191,1.297434156718313,1.7424888417295068,0.0,0.16734056156420887,0.5467016146302703,False,False,False,False,False,False
2024-10-04 08:00:00,PRD-A,0.9477998788932942,0.07222679214502792,0.8523794717071191,1.297434156718313,1.7424888417295068,0.0,0.16734056156420887,0.5467016146302703,False,False,False,False,False,False
2024-10-04 16:00:00,PRD-A,1.2294864315949556,0.28168655270166143,0.8523794717071191,1.297434156718313,1.7424888417295068,0.0,0.16734056156420887,0.5467016146302703,False,False,False,False,False,False
2024-10-11 00:00:00,PRD-A,1.5418413825981,0.3123549510031445,0.8523794717071191,1.297434156718313,1.7424888417295068,0.0,0.16734056156420887,0.5467016146302703,False,False,False,False,False,False
2024-10-11 08:00:00,PRD-A,1.538540121235574,0.0033012613625260645,0.8523794717071191,1.297434156718313,1.7424888417295068,0.0,0.16734056156420887,0.5467016146302703,False,False,False,False,False,False
2024-10-11 16:00:00,PRD-A,1.7663598131050393,0.22781969186946527,0.8523794717071191,1.297434156718313,1.7424888417295068,0.0,0.16734056156420887,0.5467016146302703,True,False,False,False,True,False
2024-10-12 00:00:00,PRD-A,1.4429661680937527,0.32339364501128665,0.8523794717071191,1.297434156718313,1.7424888417295068,0.0,0.16734056156420887,0.5467016146302703,False,False,False,False,False,False
2024-10-12 08:00:00,PRD-A,1.533907882887164,0.09094171479341129,0.8523794717071191,1.297434156718313,1.7424888417295068,0.0,0.16734056156420887,0.5467016146302703,False,False,True,False,True,False
2024-10-12 16:00:00,PRD-A,1.1412406660736405,0.39266721681352346,0.8523794717071191,1.297434156718313,1.7424888417295068,0.0,0.16734056156420887,0.5467016146302703,False,False,False,False,False,False
2024-10-19 00:00:00,PRD-A,1.1653179429346938,0.02407727686105332,0.8523794717071191,1.297434156718313,1.7424888417295068,0.0,0.16734056156420887,0.5467016146302703,False,False,False,False,False,False
2024-10-19 08:00:00,PRD-A,0.9091335072762887,0.2561844356584051,0.8523794717071191,1.297434156718313,1.7424888417295068,0.0,0.16734056156420887,0.5467016146302703,False,False,False,False,False,False
2024-10-19 16:00:00,PRD-A,1.2577860305901873,0.3486525233138986,0.8523794717071191,1.297434156718313,1.7424888417295068,0.0,0.16734056156420887,0.5467016146302703,False,False,False,False,False,False
2024-10-20 00:00:00,PRD-A,1.071576443208597,0.18620958738159032,0.8523794717071191,1.297434156718313,1.7424888417295068,0.0,0.16734056156420887,0.5467016146302703,False,False,False,False,False,False
2024-10-20 08:00:00,PRD-A,1.1937624757300187,0.12218603252142168,0.8523794717071191,1.297434156718313,1.7424888417295068,0.0,0.16734056156420887,0.5467016146302703,False,False,False,False,False,False
2024-10-20 16:00:00,PRD-A,1.405738410935103,0.2119759352050843,0.8523794717071191,1.297434156718313,1.7424888417295068,0.0,0.16734056156420887,0.5467016146302703,False,False,False,False,False,False
2024-10-27 00:00:00,PRD-A,1.502304776156162,0.0965663652210591,0.8523794717071191,1.297434156718313,1.7424888417295068,0.0,0.16734056156420887,0.5467016146302703,False,False,False,False,False,False
2024-10-27 08:00:00,PRD-A,1.6683212434788746,0.16601646732271247,0.8523794717071191,1.297434156718313,1.7424888417295068,0.0,0.16734056156420887,0.5467016146302703,False,False,False,False,False,False
2024-10-27 16:00:00,PRD-A,1.191400635672247,0.4769206078066275,0.8523794717071191,1.297434156718313,1.7424888417295068,0.0,0.16734056156420887,0.5467016146302703,False,False,False,False,False,False
2024-10-28 00:00:00,PRD-A,1.046992363659922,0.14440827201232498,0.8523794717071191,1.297434156718313,1.7424888417295068,0.0,0.16734056156420887,0.5467016146302703,False,False,False,False,False,False
2024-10-28 08:00:00,PRD-A,1.0823706696758342,0.035378306015912075,0.8523794717071191,1.297434156718313,1.7424888417295068,0.0,0.16734056156420887,0.5467016146302703,False,False,False,False,False,False
2024-10-28 16:00:00,PRD-A,1.243248754761769,0.16087808508593482,0.8523794717071191,1.297434156718313,1.7424888417295068,0.0,0.16734056156420887,0.5467016146302703,False,False,False,False,False,False
2024-11-04 00:00:00,PRD-A,0.9178734174218804,0.32537533733988855,0.8523794717071191,1.297434156718313,1.7424888417295068,0.0,0.16734056156420887,0.5467016146302703,False,False,False,False,False,False
2024-11-04 08:00:00,PRD-A,1.1955742012458603,0.2777007838239799,0.8523794717071191,1.297434156718313,1.7424888417295068,0.0,0.16734056156420887,0.5467016146302703,False,False,False,False,False,False
2024-11-04 16:00:00,PRD-A,1.1424010659122636,0.05317313533359669,0.8523794717071191,1.297434156718313,1.7424888417295068,0.0,0.16734056156420887,0.5467016146302703,False,False,False,False,False,False
2024-11-05 00:00:00,PRD-A,1.180798896286014,0.03839783037375044,0.8523794717071191,1.297434156718313,1.7424888417295068,0.0,0.16734056156420887,0.5467016146302703,False,False,False,True,True,False
2024-11-05 08:00:00,PRD-A,1.0687711435018574,0.11202775278415666,0.8523794717071191,1.297434156718313,1.7424888417295068,0.0,0.16734056156420887,0.5467016146302703,False,False,False,True,True,False
2024-11-05 16:00:00,PRD-A,1.3501419346357615,0.28137079113390406,0.8523794717071191,1.297434156718313,1.7424888417295068,0.0,0.16734056156420887,0.5467016146302703,False,False,False,False,False,False
2024-11-12 00:00:00,PRD-A,0.8753672434437739,0.47477469119198756,0.8523794717071191,1.297434156718313,1.7424888417295068,0.0,0.16734056156420887,0.5467016146302703,False,False,False,False,False,False
2024-11-12 08:00:00,PRD-A,0.8275707660713034,0.0477964773724705,0.8523794717071191,1.297434156718313,1.7424888417295068,0.0,0.16734056156420887,0.5467016146302703,True,True,False,False,True,False
2024-11-12 16:00:00,PRD-A,1.0783747337921885,0.2508039677208851,0.8523794717071191,1.297434156718313,1.7424888417295068,0.0,0.16734056156420887,0.5467016146302703,False,True,True,False,True,False
2024-11-13 00:00:00,PRD-A,1.214278002930333,0.13590326913814454,0.8523794717071191,1.297434156718313,1.7424888417295068,0.0,0.16734056156420887,0.5467016146302703,False,False,False,False,False,False
2024-11-13 08:00:00,PRD-A,0.9835698614806786,0.23070814144965446,0.8523794717071191,1.297434156718313,1.7424888417295068,0.0,0.16734056156420887,0.5467016146302703,False,False,True,False,True,False
2024-11-13 16:00:00,PRD-A,1.2864557020795107,0.30288584059883206,0.8523794717071191,1.297434156718313,1.7424888417295068,0.0,0.16734056156420887,0.5467016146302703,False,False,False,False,False,False
2024-11-20 00:00:00,PRD-A,1.472116608640394,0.1856609065608834,0.8523794717071191,1.297434156718313,1.7424888417295068,0.0,0.16734056156420887,0.5467016146302703,False,False,False,False,False,False
2024-11-20 08:00:00,PRD-A,1.5088597848669758,0.03674317622658174,0.8523794717071191,1.297434156718313,1.7424888417295068,0.0,0.16734056156420887,0.5467016146302703,False,False,False,False,False,False
2024-11-20 16:00:00,PRD-A,1.4729455879601447,0.035914196906831064,0.8523794717071191,1.297434156718313,1.7424888417295068,0.0,0.16734056156420887,0.5467016146302703,False,False,False,False,False,False
2024-11-21 00:00:00,PRD-A,1.2372686821371115,0.23567690582303324,0.8523794717071191,1.297434156718313,1.7424888417295068,0.0,0.16734056156420887,0.5467016146302703,False,False,False,False,False,False
2024-11-21 08:00:00,PRD-A,1.6232359312853097,0.38596724914819824,0.8523794717071191,1.297434156718313,1.7424888417295068,0.0,0.16734056156420887,0.5467016146302703,False,False,True,False,True,False
2024-11-21 16:00:00,PRD-A,1.5256303305502,0.09760560073510982,0.8523794717071191,1.297434156718313,1.7424888417295068,0.0,0.16734056156420887,0.5467016146302703,False,False,True,False,True,False
2024-11-28 00:00:00,PRD-A,1.2548697442203613,0.27076058632983857,0.8523794717071191,1.297434156718313,1.7424888417295068,0.0,0.16734056156420887,0.5467016146302703,False,False,False,False,False,False
2024-11-28 08:00:00,PRD-A,1.1980449021869068,0.0568248420334545,0.8523794717071191,1.297434156718313,1.7424888417295068,0.0,0.16734056156420887,0.5467016146302703,False,False,False,False,False,False
2024-11-28 16:00:00,PRD-A,1.0201996134069935,0.17784528877991335,0.8523794717071191,1.297434156718313,1.7424888417295068,0.0,0.16734056156420887,0.5467016146302703,False,False,False,False,False,False
2024-11-29 00:00:00,PRD-A,1.122609748267292,0.1024101348602986,0.8523794717071191,1.297434156718313,1.7424888417295068,0.0,0.16734056156420887,0.5467016146302703,False,False,False,False,False,False
2024-11-29 08:00:00,PRD-A,1.142088235814604,0.019478487547311962,0.8523794717071191,1.297434156718313,1.7424888417295068,0.0,0.16734056156420887,0.5467016146302703,False,False,False,False,False,False
2024-11-29 16:00:00,PRD-A,1.3684596626022771,0.22637142678767308,0.8523794717071191,1.297434156718313,1.7424888417295068,0.0,0.16734056156420887,0.5467016146302703,False,False,False,False,False,False
2024-12-06 00:00:00,PRD-A,1.4052929385310386,0.03683327592876151,0.8523794717071191,1.297434156718313,1.7424888417295068,0.0,0.16734056156420887,0.5467016146302703,False,False,False,False,False,False
2024-12-06 08:00:00,PRD-A,1.4347046804432677,0.02941174191222906,0.8523794717071191,1.297434156718313,1.7424888417295068,0.0,0.16734056156420887,0.5467016146302703,False,False,False,False,False,False
2024-12-06 16:00:00,PRD-A,1.5406934840758584,0.10598880363259067,0.8523794717071191,1.297434156718313,1.7424888417295068,0.0,0.16734056156420887,0.5467016146302703,False,False,False,False,False,False
2024-12-07 00:00:00,PRD-A,1.4742811834330352,0.06641230064282322,0.8523794717071191,1.297434156718313,1.7424888417295068,0.0,0.16734056156420887,0.5467016146302703,False,False,False,False,False,False
2024-12-07 08:00:00,PRD-A,1.456242176230256,0.018039007202779178,0.8523794717071191,1.297434156718313,1.7424888417295068,0.0,0.16734056156420887,0.5467016146302703,False,False,False,False,False,False
2024-12-07 16:00:00,PRD-A,1.5641191706481046,0.10787699441784859,0.8523794717071191,1.297434156718313,1.7424888417295068,0.0,0.16734056156420887,0.5467016146302703,False,False,True,False,True,False
2024-12-14 00:00:00,PRD-A,1.5138613591822123,0.050257811465892255,0.8523794717071191,1.297434156718313,1.7424888417295068,0.0,0.16734056156420887,0.5467016146302703,False,False,True,True,True,False
2024-12-14 08:00:00,PRD-A,1.3479473712897767,0.1659139878924356,0.8523794717071191,1.297434156718313,1.7424888417295068,0.0,0.16734056156420887,0.5467016146302703,False,False,True,True,True,False
2024-12-14 16:00:00,PRD-A,1.6709272009997431,0.3229798297099664,0.8523794717071191,1.297434156718313,1.7424888417295068,0.0,0.16734056156420887,0.5467016146302703,False,False,True,True,True,False
2024-12-15 00:00:00,PRD-A,1.4073561379881219,0.26357106301162125,0.8523794717071191,1.297434156718313,1.7424888417295068,0.0,0.16734056156420887,0.5467016146302703,False,False,False,True,True,False
2024-12-15 08:00:00,PRD-A,1.3761066936230413,0.031249444365080592,0.8523794717071191,1.297434156718313,1.7424888417295068,0.0,0.16734056156420887,0.5467016146302703,False,False,False,True,True,False
2024-12-15 16:00:00,PRD-A,1.8327196078758903,0.456612914252849,0.8523794717071191,1.297434156718313,1.7424888417295068,0.0,0.16734056156420887,0.5467016146302703,True,False,False,True,True,False
2024-12-22 00:00:00,PRD-A,1.3299266854590055,0.5027929224168848,0.8523794717071191,1.297434156718313,1.7424888417295068,0.0,0.16734056156420887,0.5467016146302703,False,False,False,True,True,False
2024-12-22 08:00:00,PRD-A,1.5944872161582622,0.26456053069925667,0.8523794717071191,1.297434156718313,1.7424888417295068,0.0,0.16734056156420887,0.5467016146302703,False,True,False,True,True,False
2024-12-22 16:00:00,PRD-A,1.6393709103657406,0.0448836942074784,0.8523794717071191,1.297434156718313,1.7424888417295068,0.0,0.16734056156420887,0.5467016146302703,False,True,False,True,True,False
2024-12-23 00:00:00,PRD-A,1.4700803174212065,0.16929059294453408,0.8523794717071191,1.297434156718313,1.7424888417295068,0.0,0.16734056156420887,0.5467016146302703,False,True,True,True,True,False
2024-12-23 08:00:00,PRD-A,1.4657870422810846,0.004293275140121899,0.8523794717071191,1.297434156718313,1.7424888417295068,0.0,0.16734056156420887,0.5467016146302703,False,False,True,True,True,False
2024-12-23 16:00:00,PRD-A,1.6569707175834754,0.19118367530239078,0.8523794717071191,1.297434156718313,1.7424888417295068,0.0,0.16734056156420887,0.5467016146302703,False,False,True,True,True,False
2024-12-30 00:00:00,PRD-A,1.4157191111713523,0.24125160641212307,0.8523794717071191,1.297434156718313,1.7424888417295068,0.0,0.16734056156420887,0.5467016146302703,False,False,True,True,True,False
2024-12-30 08:00:00,PRD-A,1.4581927956978193,0.04247368452646705,0.8523794717071191,1.297434156718313,1.7424888417295068,0.0,0.16734056156420887,0.5467016146302703,False,False,True,True,True,False
2024-12-30 16:00:00,PRD-A,1.6023555198501684,0.1441627241523491,0.8523794717071191,1.297434156718313,1.7424888417295068,0.0,0.16734056156420887,0.5467016146302703,False,False,True,True,True,False
2024-12-31 00:00:00,PRD-A,1.1348259271537782,0.4675295926963903,0.8523794717071191,1.297434156718313,1.7424888417295068,0.0,0.16734056156420887,0.5467016146302703,False,False,False,False,False,False
2024-12-31 08:00:00,PRD-A,1.0781577274859084,0.056668199667869734,0.8523794717071191,1.297434156718313,1.7424888417295068,0.0,0.16734056156420887,0.5467016146302703,False,False,False,False,False,False
2024-12-31 16:00:00,PRD-A,1.3009020857498121,0.2227443582639037,0.8523794717071191,1.297434156718313,1.7424888417295068,0.0,0.16734056156420887,0.5467016146302703,False,False,False,False,False,False
2025-01-07 00:00:00,PRD-A,1.1048109177780994,0.19609116797171278,0.8523794717071191,1.297434156718313,1.7424888417295068,0.0,0.16734056156420887,0.5467016146302703,False,False,False,False,False,False
2025-01-07 08:00:00,PRD-A,1.1467342490394834,0.041923331261384034,0.8523794717071191,1.297434156718313,1.7424888417295068,0.0,0.16734056156420887,0.5467016146302703,False,False,True,False,True,False
2025-01-07 16:00:00,PRD-A,1.3231510807380382,0.17641683169855482,0.8523794717071191,1.297434156718313,1.7424888417295068,0.0,0.16734056156420887,0.5467016146302703,False,False,False,False,False,False
2025-01-08 00:00:00,PRD-A,1.207756919142271,0.11539416159576721,0.8523794717071191,1.297434156718313,1.7424888417295068,0.0,0.16734056156420887,0.5467016146302703,False,False,False,False,False,False
2025-01-08 08:00:00,PRD-A,1.2759208503841495,0.06816393124187847,0.8523794717071191,1.297434156718313,1.7424888417295068,0.0,0.16734056156420887,0.5467016146302703,False,False,False,False,False,False
2025-01-08 16:00:00,PRD-A,1.1654288954571423,0.11049195492700714,0.8523794717071191,1.297434156718313,1.7424888417295068,0.0,0.16734056156420887,0.5467016146302703,False,False,False,False,False,False
2025-01-15 00:00:00,PRD-A,1.215242829509453,0.049813934052310715,0.8523794717071191,1.297434156718313,1.7424888417295068,0.0,0.16734056156420887,0.5467016146302703,False,False,False,False,False,False
2025-01-15 08:00:00,PRD-A,1.2212686985844885,0.006025869075035439,0.8523794717071191,1.297434156718313,1.7424888417295068,0.0,0.16734056156420887,0.5467016146302703,False,False,False,False,False,False
2025-01-15 16:00:00,PRD-A,1.3485985072338262,0.12732980864933774,0.8523794717071191,1.297434156718313,1.7424888417295068,0.0,0.16734056156420887,0.5467016146302703,False,False,False,False,False,False
2025-01-16 00:00:00,PRD-A,1.2866977208418482,0.06190078639197805,0.8523794717071191,1.297434156718313,1.7424888417295068,0.0,0.16734056156420887,0.5467016146302703,False,False,False,False,False,False
2025-01-16 08:00:00,PRD-A,1.2572805300626553,0.029417190779192914,0.8523794717071191,1.297434156718313,1.7424888417295068,0.0,0.16734056156420887,0.5467016146302703,False,False,False,False,False,False
2025-01-16 16:00:00,PRD-A,1.4016115743032578,0.1443310442406025,0.8523794717071191,1.297434156718313,1.7424888417295068,0.0,0.16734056156420887,0.5467016146302703,False,False,False,False,False,False
2025-01-23 00:00:00,PRD-A,1.191457758047005,0.21015381625625285,0.8523794717071191,1.297434156718313,1.7424888417295068,0.0,0.16734056156420887,0.5467016146302703,False,False,False,False,False,False
2025-01-23 08:00:00,PRD-A,1.3612288747485133,0.16977111670150835,0.8523794717071191,1.297434156718313,1.7424888417295068,0.0,0.16734056156420887,0.5467016146302703,False,False,False,False,False,False
2025-01-23 16:00:00,PRD-A,1.1265327889120602,0.23469608583645307,0.8523794717071191,1.297434156718313,1.7424888417295068,0.0,0.16734056156420887,0.5467016146302703,False,False,False,False,False,False
2025-01-24 00:00:00,PRD-A,1.1690888433007869,0.04255605438872667,0.8523794717071191,1.297434156718313,1.7424888417295068,0.0,0.16734056156420887,0.5467016146302703,False,False,False,False,False,False
2025-01-24 08:00:00,PRD-A,1.2540017218542148,0.08491287855342788,0.8523794717071191,1.297434156718313,1.7424888417295068,0.0,0.16734056156420887,0.5467016146302703,False,False,False,False,False,False
2025-01-24 16:00:00,PRD-A,1.2388563851306722,0.015145336723542568,0.8523794717071191,1.297434156718313,1.7424888417295068,0.0,0.16734056156420887,0.5467016146302703,False,False,False,False,False,False
2025-01-31 00:00:00,PRD-A,1.3296743992634514,0.09081801413277923,0.8523794717071191,1.297434156718313,1.7424888417295068,0.0,0.16734056156420887,0.5467016146302703,False,False,False,False,False,False
2025-01-31 08:00:00,PRD-A,1.367089660585016,0.037415261321564586,0.8523794717071191,1.297434156718313,1.7424888417295068,0.0,0.16734056156420887,0.5467016146302703,False,False,False,False,False,False
2025-01-31 16:00:00,PRD-A,1.4259752947346909,0.05888563414967485,0.8523794717071191,1.297434156718313,1.7424888417295068,0.0,0.16734056156420887,0.5467016146302703,False,False,False,False,False,False
2025-02-01 00:00:00,PRD-A,1.096968690737569,0.3290066039971218,0.8523794717071191,1.297434156718313,1.7424888417295068,0.0,0.16734056156420887,0.5467016146302703,False,False,False,False,False,False
2025-02-01 08:00:00,PRD-A,1.0945700814113286,0.002398609326240475,0.8523794717071191,1.297434156718313,1.7424888417295068,0.0,0.16734056156420887,0.5467016146302703,False,False,False,False,False,False
2025-02-01 16:00:00,PRD-A,1.348907990131065,0.2543379087197364,0.8523794717071191,1.297434156718313,1.7424888417295068,0.0,0.16734056156420887,0.5467016146302703,False,False,False,False,False,False
2025-02-08 00:00:00,PRD-A,1.0788049889192313,0.2701030012118337,0.8523794717071191,1.297434156718313,1.7424888417295068,0.0,0.16734056156420887,0.5467016146302703,False,False,False,False,False,False
2025-02-08 08:00:00,PRD-A,1.0319877758753742,0.04681721304385711,0.8523794717071191,1.297434156718313,1.7424888417295068,0.0,0.16734056156420887,0.5467016146302703,False,False,True,False,True,False
2025-02-08 16:00:00,PRD-A,1.3100797005757714,0.27809192470039723,0.8523794717071191,1.297434156718313,1.7424888417295068,0.0,0.16734056156420887,0.5467016146302703,False,False,False,False,False,False
2025-02-09 00:00:00,PRD-A,1.1150774719509846,0.19500222862478678,0.8523794717071191,1.297434156718313,1.7424888417295068,0.0,0.16734056156420887,0.5467016146302703,False,False,False,False,False,False
2025-02-09 08:00:00,PRD-A,1.2955226123027308,0.1804451403517462,0.8523794717071191,1.297434156718313,1.7424888417295068,0.0,0.16734056156420887,0.5467016146302703,False,False,False,False,False,False
2025-02-09 16:00:00,PRD-A,1.1639235157529322,0.13159909654979862,0.8523794717071191,1.297434156718313,1.7424888417295068,0.0,0.16734056156420887,0.5467016146302703,False,False,False,False,False,False
2025-02-16 00:00:00,PRD-A,1.1885576707347698,0.02463415498183763,0.8523794717071191,1.297434156718313,1.7424888417295068,0.0,0.16734056156420887,0.5467016146302703,False,False,False,False,False,False
2025-02-16 08:00:00,PRD-A,1.1405005117880698,0.04805715894670004,0.8523794717071191,1.297434156718313,1.7424888417295068,0.0,0.16734056156420887,0.5467016146302703,False,False,False,False,False,False
2025-02-16 16:00:00,PRD-A,1.0892550061973403,0.05124550559072949,0.8523794717071191,1.297434156718313,1.7424888417295068,0.0,0.16734056156420887,0.5467016146302703,False,False,False,False,False,False
2025-02-17 00:00:00,PRD-A,1.1221648540345135,0.03290984783717321,0.8523794717071191,1.297434156718313,1.7424888417295068,0.0,0.16734056156420887,0.5467016146302703,False,False,False,False,False,False
2025-02-17 08:00:00,PRD-A,1.2667573973587432,0.14459254332422966,0.8523794717071191,1.297434156718313,1.7424888417295068,0.0,0.16734056156420887,0.5467016146302703,False,False,False,True,True,False
2025-02-17 16:00:00,PRD-A,1.2401614039950817,0.026595993363661474,0.8523794717071191,1.297434156718313,1.7424888417295068,0.0,0.16734056156420887,0.5467016146302703,False,False,False,True,True,False
2025-02-24 00:00:00,PRD-A,1.269738461124362,0.029577057129280382,0.8523794717071191,1.297434156718313,1.7424888417295068,0.0,0.16734056156420887,0.5467016146302703,False,False,False,True,True,False
2025-02-24 08:00:00,PRD-A,1.358489510576061,0.08875104945169898,0.8523794717071191,1.297434156718313,1.7424888417295068,0.0,0.16734056156420887,0.5467016146302703,False,False,False,False,False,False
2025-02-24 16:00:00,PRD-A,1.3652643188981093,0.0067748083220482425,0.8523794717071191,1.297434156718313,1.7424888417295068,0.0,0.16734056156420887,0.5467016146302703,False,False,False,False,False,False
2025-02-25 00:00:00,PRD-A,1.0950756188993898,0.27018869999871953,0.8523794717071191,1.297434156718313,1.7424888417295068,0.0,0.16734056156420887,0.5467016146302703,False,False,False,False,False,False
2025-02-25 08:00:00,PRD-A,1.282232266921626,0.1871566480222362,0.8523794717071191,1.297434156718313,1.7424888417295068,0.0,0.16734056156420887,0.5467016146302703,False,False,False,False,False,False
2025-02-25 16:00:00,PRD-A,1.417264316837027,0.13503204991540096,0.8523794717071191,1.297434156718313,1.7424888417295068,0.0,0.16734056156420887,0.5467016146302703,False,False,False,False,False,False
2025-03-04 00:00:00,PRD-A,1.035545590122818,0.3817187267142088,0.8523794717071191,1.297434156718313,1.7424888417295068,0.0,0.16734056156420887,0.5467016146302703,False,False,False,False,False,False
2025-03-04 08:00:00,PRD-A,1.2100236886597813,0.17447809853696317,0.8523794717071191,1.297434156718313,1.7424888417295068,0.0,0.16734056156420887,0.5467016146302703,False,False,False,False,False,False
2025-03-04 16:00:00,PRD-A,1.112830152329577,0.09719353633020433,0.8523794717071191,1.297434156718313,1.7424888417295068,0.0,0.16734056156420887,0.5467016146302703,False,False,False,False,False,False
2025-03-05 00:00:00,PRD-A,0.9781467742123799,0.134683378117197,0.8523794717071191,1.297434156718313,1.7424888417295068,0.0,0.16734056156420887,0.5467016146302703,False,False,False,False,False,False
2025-03-05 08:00:00,PRD-A,1.1283811409196385,0.15023436670725854,0.8523794717071191,1.297434156718313,1.7424888417295068,0.0,0.16734056156420887,0.5467016146302703,False,False,True,False,True,False
2025-03-05 16:00:00,PRD-A,1.353653623430913,0.2252724825112744,0.8523794717071191,1.297434156718313,1.7424888417295068,0.0,0.16734056156420887,0.5467016146302703,False,False,False,False,False,False
2025-03-12 00:00:00,PRD-A,1.110727177804875,0.24292644562603782,0.8523794717071191,1.297434156718313,1.7424888417295068,0.0,0.16734056156420887,0.5467016146302703,False,False,True,False,True,False
2025-03-12 08:00:00,PRD-A,1.327896484739922,0.21716930693504688,0.8523794717071191,1.297434156718313,1.7424888417295068,0.0,0.16734056156420887,0.5467016146302703,False,False,False,False,False,False
2025-03-12 16:00:00,PRD-A,1.4863684985617964,0.15847201382187448,0.8523794717071191,1.297434156718313,1.7424888417295068,0.0,0.16734056156420887,0.5467016146302703,False,False,False,False,False,False
2025-03-13 00:00:00,PRD-A,1.0542653514956344,0.43210314706616204,0.8523794717071191,1.297434156718313,1.7424888417295068,0.0,0.16734056156420887,0.5467016146302703,False,False,False,False,False,False
2025-03-13 08:00:00,PRD-A,1.2930227543155393,0.23875740281990487,0.8523794717071191,1.297434156718313,1.7424888417295068,0.0,0.16734056156420887,0.5467016146302703,False,False,False,False,False,False
2025-03-13 16:00:00,PRD-A,1.4625071410519288,0.16948438673638955,0.8523794717071191,1.297434156718313,1.7424888417295068,0.0,0.16734056156420887,0.5467016146302703,False,False,False,False,False,False
2025-03-20 00:00:00,PRD-A,0.9915725390832818,0.470934601968647,0.8523794717071191,1.297434156718313,1.7424888417295068,0.0,0.16734056156420887,0.5467016146302703,False,False,False,False,False,False
2025-03-20 08:00:00,PRD-A,1.2105265644489442,0.21895402536566244,0.8523794717071191,1.297434156718313,1.7424888417295068,0.0,0.16734056156420887,0.5467016146302703,False,False,False,False,False,False
2025-03-20 16:00:00,PRD-A,1.120091502470283,0.09043506197866114,0.8523794717071191,1.297434156718313,1.7424888417295068,0.0,0.16734056156420887,0.5467016146302703,False,False,False,False,False,False
2025-03-21 00:00:00,PRD-A,1.109034753441223,0.011056749029060065,0.8523794717071191,1.297434156718313,1.7424888417295068,0.0,0.16734056156420887,0.5467016146302703,False,False,False,False,False,False
2025-03-21 08:00:00,PRD-A,1.108542760088837,0.0004919933523861442,0.8523794717071191,1.297434156718313,1.7424888417295068,0.0,0.16734056156420887,0.5467016146302703,False,False,True,False,True,False
2025-03-21 16:00:00,PRD-A,1.2692918502819521,0.16074909019311523,0.8523794717071191,1.297434156718313,1.7424888417295068,0.0,0.16734056156420887,0.5467016146302703,False,False,False,False,False,False
2025-03-28 00:00:00,PRD-A,1.1956212945916163,0.07367055569033587,0.8523794717071191,1.297434156718313,1.7424888417295068,0.0,0.16734056156420887,0.5467016146302703,False,False,False,False,False,False
2025-03-28 08:00:00,PRD-A,1.2489851717123062,0.053363877120689907,0.8523794717071191,1.297434156718313,1.7424888417295068,0.0,0.16734056156420887,0.5467016146302703,False,False,False,True,True,False
2025-03-28 16:00:00,PRD-A,1.4467070728651417,0.1977219011528355,0.8523794717071191,1.297434156718313,1.7424888417295068,0.0,0.16734056156420887,0.5467016146302703,False,False,False,False,False,False
2025-03-29 00:00:00,PRD-A,1.2447804982888808,0.20192657457626084,0.8523794717071191,1.297434156718313,1.7424888417295068,0.0,0.16734056156420887,0.5467016146302703,False,False,False,False,False,False
2025-03-29 08:00:00,PRD-A,0.8983681678384356,0.34641233045044517,0.8523794717071191,1.297434156718313,1.7424888417295068,0.0,0.16734056156420887,0.5467016146302703,False,False,False,False,False,False
2025-03-29 16:00:00,PRD-A,1.2375391435810412,0.3391709757426056,0.8523794717071191,1.297434156718313,1.7424888417295068,0.0,0.16734056156420887,0.5467016146302703,False,False,False,False,False,False
2025-04-05 00:00:00,PRD-A,1.2036002007896576,0.03393894279138365,0.8523794717071191,1.297434156718313,1.7424888417295068,0.0,0.16734056156420887,0.5467016146302703,False,False,False,False,False,False
2025-04-05 08:00:00,PRD-A,1.1945484114147487,0.009051789374908914,0.8523794717071191,1.297434156718313,1.7424888417295068,0.0,0.16734056156420887,0.5467016146302703,False,False,False,False,False,False
2025-04-05 16:00:00,PRD-A,1.4300147566045878,0.2354663451898391,0.8523794717071191,1.297434156718313,1.7424888417295068,0.0,0.16734056156420887,0.5467016146302703,False,False,False,False,False,False
2025-04-06 00:00:00,PRD-A,1.3069884143025772,0.1230263423020106,0.8523794717071191,1.297434156718313,1.7424888417295068,0.0,0.16734056156420887,0.5467016146302703,False,False,False,False,False,False
2025-04-06 08:00:00,PRD-A,1.2442359571193164,0.06275245718326072,0.8523794717071191,1.297434156718313,1.7424888417295068,0.0,0.16734056156420887,0.5467016146302703,False,False,False,False,False,False
2025-04-06 16:00:00,PRD-A,1.4405566300116939,0.19632067289237742,0.8523794717071191,1.297434156718313,1.7424888417295068,0.0,0.16734056156420887,0.5467016146302703,False,False,False,False,False,False
2025-04-13 00:00:00,PRD-A,1.273353559203221,0.16720307080847285,0.8523794717071191,1.297434156718313,1.7424888417295068,0.0,0.16734056156420887,0.5467016146302703,False,False,False,False,False,False
2025-04-13 08:00:00,PRD-A,1.2723868647193972,0.0009666944838238045,0.8523794717071191,1.297434156718313,1.7424888417295068,0.0,0.16734056156420887,0.5467016146302703,False,False,False,False,False,False
2025-04-13 16:00:00,PRD-A,1.4166716346575539,0.14428476993815664,0.8523794717071191,1.297434156718313,1.7424888417295068,0.0,0.16734056156420887,0.5467016146302703,False,False,False,False,False,False
2025-04-14 00:00:00,PRD-A,1.1915507468892916,0.22512088776826222,0.8523794717071191,1.297434156718313,1.7424888417295068,0.0,0.16734056156420887,0.5467016146302703,False,False,False,False,False,False
2025-04-14 08:00:00,PRD-A,1.4793250695191809,0.2877743226298892,0.8523794717071191,1.297434156718313,1.7424888417295068,0.0,0.16734056156420887,0.5467016146302703,False,False,False,False,False,False
2025-04-14 16:00:00,PRD-A,1.4124288535755372,0.0668962159436437,0.8523794717071191,1.297434156718313,1.7424888417295068,0.0,0.16734056156420887,0.5467016146302703,False,False,False,False,False,False
2025-04-21 00:00:00,PRD-A,1.4626246963089273,0.05019584273339017,0.8523794717071191,1.297434156718313,1.7424888417295068,0.0,0.16734056156420887,0.5467016146302703,False,False,False,False,False,False
2025-04-21 08:00:00,PRD-A,1.2797390118841392,0.18288568442478814,0.8523794717071191,1.297434156718313,1.7424888417295068,0.0,0.16734056156420887,0.5467016146302703,False,False,False,False,False,False
2025-04-21 16:00:00,PRD-A,1.522398839635144,0.2426598277510048,0.8523794717071191,1.297434156718313,1.7424888417295068,0.0,0.16734056156420887,0.5467016146302703,False,False,False,False,False,False
2025-04-22 00:00:00,PRD-A,1.5842369893681274,0.061838149732983405,0.8523794717071191,1.297434156718313,1.7424888417295068,0.0,0.16734056156420887,0.5467016146302703,False,False,False,False,False,False
2025-04-22 08:00:00,PRD-A,1.4870912691502065,0.0971457202179209,0.8523794717071191,1.297434156718313,1.7424888417295068,0.0,0.16734056156420887,0.5467016146302703,False,False,True,False,True,False
2025-04-22 16:00:00,PRD-A,1.5948466440512667,0.10775537490106024,0.8523794717071191,1.297434156718313,1.7424888417295068,0.0,0.16734056156420887,0.5467016146302703,False,False,True,False,True,False
2025-04-29 00:00:00,PRD-A,1.116284984017791,0.47856166003347567,0.8523794717071191,1.297434156718313,1.7424888417295068,0.0,0.16734056156420887,0.5467016146302703,False,False,True,False,True,False
2025-04-29 08:00:00,PRD-A,1.0997236691434857,0.016561314874305344,0.8523794717071191,1.297434156718313,1.7424888417295068,0.0,0.16734056156420887,0.5467016146302703,False,False,False,False,False,False
2025-04-29 16:00:00,PRD-A,1.2090556963104586,0.10933202716697288,0.8523794717071191,1.297434156718313,1.7424888417295068,0.0,0.16734056156420887,0.5467016146302703,False,False,False,False,False,False
2025-04-30 00:00:00,PRD-A,0.9871083975832442,0.22194729872721441,0.8523794717071191,1.297434156718313,1.7424888417295068,0.0,0.16734056156420887,0.5467016146302703,False,False,False,False,False,False
2025-04-30 08:00:00,PRD-A,1.3297795852978707,0.34267118771462646,0.8523794717071191,1.297434156718313,1.7424888417295068,0.0,0.16734056156420887,0.5467016146302703,False,False,False,False,False,False
2025-04-30 16:00:00,PRD-A,1.1242758935271422,0.20550369177072847,0.8523794717071191,1.297434156718313,1.7424888417295068,0.0,0.16734056156420887,0.5467016146302703,False,False,False,False,False,False
2025-05-07 00:00:00,PRD-A,1.1913539537986857,0.0670780602715435,0.8523794717071191,1.297434156718313,1.7424888417295068,0.0,0.16734056156420887,0.5467016146302703,False,False,False,False,False,False
2025-05-07 08:00:00,PRD-A,1.2706034304115381,0.07924947661285242,0.8523794717071191,1.297434156718313,1.7424888417295068,0.0,0.16734056156420887,0.5467016146302703,False,False,False,False,False,False
2025-05-07 16:00:00,PRD-A,1.1532870965944315,0.1173163338171066,0.8523794717071191,1.297434156718313,1.7424888417295068,0.0,0.16734056156420887,0.5467016146302703,False,False,False,False,False,False
2025-05-08 00:00:00,PRD-A,1.221386809191645,0.06809971259721359,0.8523794717071191,1.297434156718313,1.7424888417295068,0.0,0.16734056156420887,0.5467016146302703,False,False,False,False,False,False
2025-05-08 08:00:00,PRD-A,1.2742673879833817,0.05288057879173658,0.8523794717071191,1.297434156718313,1.7424888417295068,0.0,0.16734056156420887,0.5467016146302703,False,False,False,False,False,False
2025-05-08 16:00:00,PRD-A,1.342679043436043,0.06841165545266126,0.8523794717071191,1.297434156718313,1.7424888417295068,0.0,0.16734056156420887,0.5467016146302703,False,False,False,False,False,False
2025-05-15 00:00:00,PRD-A,1.1168879483907352,0.2257910950453077,0.8523794717071191,1.297434156718313,1.7424888417295068,0.0,0.16734056156420887,0.5467016146302703,False,False,False,False,False,False
2025-05-15 08:00:00,PRD-A,0.9775129493366412,0.139374999054094,0.8523794717071191,1.297434156718313,1.7424888417295068,0.0,0.16734056156420887,0.5467016146302703,False,False,False,False,False,False
2025-05-15 16:00:00,PRD-A,1.3311905528728483,0.35367760353620703,0.8523794717071191,1.297434156718313,1.7424888417295068,0.0,0.16734056156420887,0.5467016146302703,False,False,False,False,False,False
2025-05-16 00:00:00,PRD-A,1.1993125217244065,0.13187803114844177,0.8523794717071191,1.297434156718313,1.7424888417295068,0.0,0.16734056156420887,0.5467016146302703,False,False,False,False,False,False
2025-05-16 08:00:00,PRD-A,1.0931927949848237,0.10611972673958281,0.8523794717071191,1.297434156718313,1.7424888417295068,0.0,0.16734056156420887,0.5467016146302703,False,False,False,False,False,False
2025-05-16 16:00:00,PRD-A,1.4140023108686377,0.320809515883814,0.8523794717071191,1.297434156718313,1.7424888417295068,0.0,0.16734056156420887,0.5467016146302703,False,False,False,False,False,False
2025-05-23 00:00:00,PRD-A,1.2478268565577804,0.16617545431085734,0.8523794717071191,1.297434156718313,1.7424888417295068,0.0,0.16734056156420887,0.5467016146302703,False,False,False,False,False,False
2025-05-23 08:00:00,PRD-A,1.2164792315006199,0.03134762505716049,0.8523794717071191,1.297434156718313,1.7424888417295068,0.0,0.16734056156420887,0.5467016146302703,False,False,False,False,False,False
2025-05-23 16:00:00,PRD-A,1.3238189899947257,0.10733975849410582,0.8523794717071191,1.297434156718313,1.7424888417295068,0.0,0.16734056156420887,0.5467016146302703,False,False,False,False,False,False
2025-05-24 00:00:00,PRD-A,1.1392138620211547,0.18460512797357098,0.8523794717071191,1.297434156718313,1.7424888417295068,0.0,0.16734056156420887,0.5467016146302703,False,False,False,False,False,False
2025-05-24 08:00:00,PRD-A,1.1128305325821921,0.0263833294389626,0.8523794717071191,1.297434156718313,1.7424888417295068,0.0,0.16734056156420887,0.5467016146302703,False,False,False,False,False,False
2025-05-24 16:00:00,PRD-A,1.419381143418564,0.3065506108363718,0.8523794717071191,1.297434156718313,1.7424888417295068,0.0,0.16734056156420887,0.5467016146302703,False,False,False,False,False,False
2025-05-31 00:00:00,PRD-A,0.9886704255962702,0.43071071782229375,0.8523794717071191,1.297434156718313,1.7424888417295068,0.0,0.16734056156420887,0.5467016146302703,False,False,False,False,False,False
2025-05-31 08:00:00,PRD-A,1.1302734152569573,0.14160298966068718,0.8523794717071191,1.297434156718313,1.7424888417295068,0.0,0.16734056156420887,0.5467016146302703,False,False,True,False,True,False
2025-05-31 16:00:00,PRD-A,1.0066538785384838,0.12361953671847359,0.8523794717071191,1.297434156718313,1.7424888417295068,0.0,0.16734056156420887,0.5467016146302703,False,False,True,False,True,False
2025-06-01 00:00:00,PRD-A,0.8898162926004118,0.11683758593807192,0.8523794717071191,1.297434156718313,1.7424888417295068,0.0,0.16734056156420887,0.5467016146302703,False,False,True,False,True,False
2025-06-01 08:00:00,PRD-A,0.8771182960883843,0.01269799651202752,0.8523794717071191,1.297434156718313,1.7424888417295068,0.0,0.16734056156420887,0.5467016146302703,False,True,True,False,True,False
2025-06-01 16:00:00,PRD-A,1.0851200577632423,0.20800176167485795,0.8523794717071191,1.297434156718313,1.7424888417295068,0.0,0.16734056156420887,0.5467016146302703,False,True,True,False,True,False
2025-06-08 00:00:00,PRD-A,1.089035288042763,0.003915230279520676,0.8523794717071191,1.297434156718313,1.7424888417295068,0.0,0.16734056156420887,0.5467016146302703,False,False,True,False,True,False
2025-06-08 08:00:00,PRD-A,1.0244649107930408,0.06457037724972214,0.8523794717071191,1.297434156718313,1.7424888417295068,0.0,0.16734056156420887,0.5467016146302703,False,False,True,True,True,False
2025-06-08 16:00:00,PRD-A,1.1675295052745116,0.1430645944814708,0.8523794717071191,1.297434156718313,1.7424888417295068,0.0,0.16734056156420887,0.5467016146302703,False,False,True,True,True,False
2025-06-09 00:00:00,PRD-A,1.0333955155108376,0.13413398976367397,0.8523794717071191,1.297434156718313,1.7424888417295068,0.0,0.16734056156420887,0.5467016146302703,False,False,True,True,True,False
2025-06-09 08:00:00,PRD-A,1.1119111640511217,0.07851564854028403,0.8523794717071191,1.297434156718313,1.7424888417295068,0.0,0.16734056156420887,0.5467016146302703,False,False,True,True,True,False
2025-06-09 16:00:00,PRD-A,1.3277252941220556,0.21581413007093397,0.8523794717071191,1.297434156718313,1.7424888417295068,0.0,0.16734056156420887,0.5467016146302703,False,False,False,False,False,False
2025-06-16 00:00:00,PRD-A,1.1641760985854017,0.16354919553665392,0.8523794717071191,1.297434156718313,1.7424888417295068,0.0,0.16734056156420887,0.5467016146302703,False,False,False,False,False,False
2025-06-16 08:00:00,PRD-A,1.220570266378251,0.056394167792849226,0.8523794717071191,1.297434156718313,1.7424888417295068,0.0,0.16734056156420887,0.5467016146302703,False,False,False,False,False,False
2025-06-16 16:00:00,PRD-A,1.199808555171185,0.020761711207065936,0.8523794717071191,1.297434156718313,1.7424888417295068,0.0,0.16734056156420887,0.5467016146302703,False,False,False,False,False,False
2025-06-17 00:00:00,PRD-A,1.1553463402371014,0.044462214934083644,0.8523794717071191,1.297434156718313,1.7424888417295068,0.0,0.16734056156420887,0.5467016146302703,False,False,False,False,False,False
2025-06-17 08:00:00,PRD-A,1.149226468338855,0.006119871898246476,0.8523794717071191,1.297434156718313,1.7424888417295068,0.0,0.16734056156420887,0.5467016146302703,False,False,False,False,False,False
2025-06-17 16:00:00,PRD-A,1.334455458935162,0.18522899059630715,0.8523794717071191,1.297434156718313,1.7424888417295068,0.0,0.16734056156420887,0.5467016146302703,False,False,False,False,False,False
2025-06-24 00:00:00,PRD-A,1.5982918032014952,0.2638363442663332,0.8523794717071191,1.297434156718313,1.7424888417295068,0.0,0.16734056156420887,0.5467016146302703,False,False,False,False,False,False
2025-06-24 08:00:00,PRD-A,1.7004296688108993,0.10213786560940408,0.8523794717071191,1.297434156718313,1.7424888417295068,0.0,0.16734056156420887,0.5467016146302703,False,True,False,False,True,False
2025-06-24 16:00:00,PRD-A,1.376461282996931,0.32396838581396836,0.8523794717071191,1.297434156718313,1.7424888417295068,0.0,0.16734056156420887,0.5467016146302703,False,True,False,False,True,False
2025-06-25 00:00:00,PRD-A,1.1856681722996503,0.19079311069728067,0.8523794717071191,1.297434156718313,1.7424888417295068,0.0,0.16734056156420887,0.5467016146302703,False,False,False,False,False,False
2025-06-25 08:00:00,PRD-A,1.2236847138909523,0.03801654159130208,0.8523794717071191,1.297434156718313,1.7424888417295068,0.0,0.16734056156420887,0.5467016146302703,False,False,False,False,False,False
2025-06-25 16:00:00,PRD-A,1.3388451052846149,0.11516039139366252,0.8523794717071191,1.297434156718313,1.7424888417295068,0.0,0.16734056156420887,0.5467016146302703,False,False,False,False,False,False
2024-01-03 00:00:00,PRD-A,1.159696970023519,0.17914813526109596,0.8523794717071191,1.297434156718313,1.7424888417295068,0.0,0.16734056156420887,0.5467016146302703,False,False,False,False,False,False
2024-01-03 08:00:00,PRD-A,1.20934006704048,0.04964309701696101,0.8523794717071191,1.297434156718313,1.7424888417295068,0.0,0.16734056156420887,0.5467016146302703,False,False,False,False,False,False
2024-01-03 16:00:00,PRD-A,1.2579350167778485,0.048594949737368553,0.8523794717071191,1.297434156718313,1.7424888417295068,0.0,0.16734056156420887,0.5467016146302703,False,False,False,False,False,False
2024-01-04 00:00:00,PRD-A,1.071852534905331,0.18608248187251752,0.8523794717071191,1.297434156718313,1.7424888417295068,0.0,0.16734056156420887,0.5467016146302703,False,False,False,False,False,False
2024-01-04 08:00:00,PRD-A,0.9973979761976816,0.07445455870764939,0.8523794717071191,1.297434156718313,1.7424888417295068,0.0,0.16734056156420887,0.5467016146302703,False,False,False,False,False,False
2024-01-04 16:00:00,PRD-A,1.369653040325766,0.3722550641280845,0.8523794717071191,1.297434156718313,1.7424888417295068,0.0,0.16734056156420887,0.5467016146302703,False,False,False,False,False,False
2024-01-11 00:00:00,PRD-A,1.0174639184703296,0.3521891218554365,0.8523794717071191,1.297434156718313,1.7424888417295068,0.0,0.16734056156420887,0.5467016146302703,False,False,False,False,False,False
2024-01-11 08:00:00,PRD-A,0.7114170589232649,0.3060468595470647,0.8523794717071191,1.297434156718313,1.7424888417295068,0.0,0.16734056156420887,0.5467016146302703,True,False,True,False,True,False
2024-01-11 16:00:00,PRD-A,1.1417013501204651,0.43028429119720024,0.8523794717071191,1.297434156718313,1.7424888417295068,0.0,0.16734056156420887,0.5467016146302703,False,False,True,False,True,False
2024-01-12 00:00:00,PRD-A,1.2491167095225104,0.10741535940204527,0.8523794717071191,1.297434156718313,1.7424888417295068,0.0,0.16734056156420887,0.5467016146302703,False,False,False,False,False,False
2024-01-12 08:00:00,PRD-A,0.9100620305670224,0.339054678955488,0.8523794717071191,1.297434156718313,1.7424888417295068,0.0,0.16734056156420887,0.5467016146302703,False,False,True,False,True,False
2024-01-12 16:00:00,PRD-A,1.2620264515110955,0.3519644209440731,0.8523794717071191,1.297434156718313,1.7424888417295068,0.0,0.16734056156420887,0.5467016146302703,False,False,False,False,False,False
2024-01-19 00:00:00,PRD-A,1.0602387612348654,0.20178769027623011,0.8523794717071191,1.297434156718313,1.7424888417295068,0.0,0.16734056156420887,0.5467016146302703,False,False,False,False,False,False
2024-01-19 08:00:00,PRD-A,1.335343170683421,0.2751044094485555,0.8523794717071191,1.297434156718313,1.7424888417295068,0.0,0.16734056156420887,0.5467016146302703,False,False,False,False,False,False
2024-01-19 16:00:00,PRD-A,1.3791755931479261,0.04383242246450525,0.8523794717071191,1.297434156718313,1.7424888417295068,0.0,0.16734056156420887,0.5467016146302703,False,False,False,False,False,False
2024-01-20 00:00:00,PRD-A,1.4615041020685422,0.08232850892061605,0.8523794717071191,1.297434156718313,1.7424888417295068,0.0,0.16734056156420887,0.5467016146302703,False,False,False,False,False,False
2024-01-20 08:00:00,PRD-A,1.4129075951731336,0.04859650689540862,0.8523794717071191,1.297434156718313,1.7424888417295068,0.0,0.16734056156420887,0.5467016146302703,False,False,False,False,False,False
2024-01-20 16:00:00,PRD-A,1.5223377753414784,0.10943018016834483,0.8523794717071191,1.297434156718313,1.7424888417295068,0.0,0.16734056156420887,0.5467016146302703,False,False,False,False,False,False
2024-01-27 00:00:00,PRD-A,1.0951619550147713,0.4271758203267071,0.8523794717071191,1.297434156718313,1.7424888417295068,0.0,0.16734056156420887,0.5467016146302703,False,False,False,False,False,False
2024-01-27 08:00:00,PRD-A,1.3390887457390503,0.24392679072427903,0.8523794717071191,1.297434156718313,1.7424888417295068,0.0,0.16734056156420887,0.5467016146302703,False,False,False,False,False,False
2024-01-27 16:00:00,PRD-A,1.1820001002743525,0.1570886454646978,0.8523794717071191,1.297434156718313,1.7424888417295068,0.0,0.16734056156420887,0.5467016146302703,False,False,False,False,False,False
2024-01-28 00:00:00,PRD-A,1.393881229469645,0.21188112919529245,0.8523794717071191,1.297434156718313,1.7424888417295068,0.0,0.16734056156420887,0.5467016146302703,False,False,False,False,False,False
2024-01-28 08:00:00,PRD-A,1.2145457292410393,0.17933550022860567,0.8523794717071191,1.297434156718313,1.7424888417295068,0.0,0.16734056156420887,0.5467016146302703,False,False,False,False,False,False
2024-01-28 16:00:00,PRD-A,1.3383457261686658,0.12379999692762644,0.8523794717071191,1.297434156718313,1.7424888417295068,0.0,0.16734056156420887,0.5467016146302703,False,False,False,False,False,False
2024-02-04 00:00:00,PRD-A,1.30918704091929,0.029158685249375704,0.8523794717071191,1.297434156718313,1.7424888417295068,0.0,0.16734056156420887,0.5467016146302703,False,False,False,False,False,False
2024-02-04 08:00:00,PRD-A,1.2725054661500885,0.03668157476920153,0.8523794717071191,1.297434156718313,1.7424888417295068,0.0,0.16734056156420887,0.5467016146302703,False,False,False,False,False,False
2024-02-04 16:00:00,PRD-A,1.443434407017333,0.17092894086724453,0.8523794717071191,1.297434156718313,1.7424888417295068,0.0,0.16734056156420887,0.5467016146302703,False,False,False,False,False,False
2024-02-05 00:00:00,PRD-A,1.2012193825491946,0.24221502446813847,0.8523794717071191,1.297434156718313,1.7424888417295068,0.0,0.16734056156420887,0.5467016146302703,False,False,False,False,False,False
2024-02-05 08:00:00,PRD-A,1.344119844904305,0.14290046235511045,0.8523794717071191,1.297434156718313,1.7424888417295068,0.0,0.16734056156420887,0.5467016146302703,False,False,False,False,False,False
2024-02-05 16:00:00,PRD-A,1.3718261844418813,0.027706339537576286,0.8523794717071191,1.297434156718313,1.7424888417295068,0.0,0.16734056156420887,0.5467016146302703,False,False,False,False,False,False
2024-02-12 00:00:00,PRD-A,1.391447177617657,0.019620993175775592,0.8523794717071191,1.297434156718313,1.7424888417295068,0.0,0.16734056156420887,0.5467016146302703,False,False,False,False,False,False
2024-02-12 08:00:00,PRD-A,1.3939825461508795,0.0025353685332225595,0.8523794717071191,1.297434156718313,1.7424888417295068,0.0,0.16734056156420887,0.5467016146302703,False,False,False,False,False,False
2024-02-12 16:00:00,PRD-A,1.5155003648322605,0.121517818681381,0.8523794717071191,1.297434156718313,1.7424888417295068,0.0,0.16734056156420887,0.5467016146302703,False,False,False,False,False,False
2024-02-13 00:00:00,PRD-A,1.3693452625150753,0.1461551023171852,0.8523794717071191,1.297434156718313,1.7424888417295068,0.0,0.16734056156420887,0.5467016146302703,False,False,False,False,False,False
2024-02-13 08:00:00,PRD-A,1.4313592991700494,0.06201403665497418,0.8523794717071191,1.297434156718313,1.7424888417295068,0.0,0.16734056156420887,0.5467016146302703,False,False,False,False,False,False
2024-02-13 16:00:00,PRD-A,1.4774369756452366,0.046077676475187124,0.8523794717071191,1.297434156718313,1.7424888417295068,0.0,0.16734056156420887,0.5467016146302703,False,False,False,True,True,False
2024-02-20 00:00:00,PRD-A,0.9441747498333668,0.5332622258118698,0.8523794717071191,1.297434156718313,1.7424888417295068,0.0,0.16734056156420887,0.5467016146302703,False,False,False,False,False,False
2024-02-20 08:00:00,PRD-A,0.9178903393777224,0.026284410455644447,0.8523794717071191,1.297434156718313,1.7424888417295068,0.0,0.16734056156420887,0.5467016146302703,False,True,False,False,True,False
2024-02-20 16:00:00,PRD-A,1.291566185578275,0.3736758462005526,0.8523794717071191,1.297434156718313,1.7424888417295068,0.0,0.16734056156420887,0.5467016146302703,False,True,False,False,True,False
2024-02-21 00:00:00,PRD-A,1.2950123081017635,0.003446122523488526,0.8523794717071191,1.297434156718313,1.7424888417295068,0.0,0.16734056156420887,0.5467016146302703,False,False,False,False,False,False
2024-02-21 08:00:00,PRD-A,1.1412853831872762,0.15372692491448725,0.8523794717071191,1.297434156718313,1.7424888417295068,0.0,0.16734056156420887,0.5467016146302703,False,False,False,False,False,False
2024-02-21 16:00:00,PRD-A,1.0617238809835567,0.07956150220371949,0.8523794717071191,1.297434156718313,1.7424888417295068,0.0,0.16734056156420887,0.5467016146302703,False,False,False,False,False,False
2024-02-28 00:00:00,PRD-A,1.4213035633161781,0.3595796823326214,0.8523794717071191,1.297434156718313,1.7424888417295068,0.0,0.16734056156420887,0.5467016146302703,False,False,False,False,False,False
2024-02-28 08:00:00,PRD-A,0.9622801645984699,0.45902339871770825,0.8523794717071191,1.297434156718313,1.7424888417295068,0.0,0.16734056156420887,0.5467016146302703,False,False,False,False,False,False
2024-02-28 16:00:00,PRD-A,1.0326246000892216,0.07034443549075176,0.8523794717071191,1.297434156718313,1.7424888417295068,0.0,0.16734056156420887,0.5467016146302703,False,False,True,False,True,False
2024-02-29 00:00:00,PRD-A,1.0417333728370126,0.009108772747790983,0.8523794717071191,1.297434156718313,1.7424888417295068,0.0,0.16734056156420887,0.5467016146302703,False,False,True,False,True,False
2024-02-29 08:00:00,PRD-A,1.0069914182253683,0.03474195461164431,0.8523794717071191,1.297434156718313,1.7424888417295068,0.0,0.16734056156420887,0.5467016146302703,False,False,True,False,True,False
2024-02-29 16:00:00,PRD-A,1.2103979874207316,0.20340656919536326,0.8523794717071191,1.297434156718313,1.7424888417295068,0.0,0.16734056156420887,0.5467016146302703,False,False,True,False,True,False
2024-03-07 00:00:00,PRD-A,1.2439818395083948,0.033583852087663235,0.8523794717071191,1.297434156718313,1.7424888417295068,0.0,0.16734056156420887,0.5467016146302703,False,False,False,False,False,False
2024-03-07 08:00:00,PRD-A,0.9670186639380767,0.27696317557031813,0.8523794717071191,1.297434156718313,1.7424888417295068,0.0,0.16734056156420887,0.5467016146302703,False,False,False,False,False,False
2024-03-07 16:00:00,PRD-A,1.2016084898862982,0.23458982594822153,0.8523794717071191,1.297434156718313,1.7424888417295068,0.0,0.16734056156420887,0.5467016146302703,False,False,False,True,True,False
2024-03-08 00:00:00,PRD-A,1.2089598272566942,0.0073513373703959495,0.8523794717071191,1.297434156718313,1.7424888417295068,0.0,0.16734056156420887,0.5467016146302703,False,False,False,True,True,False
2024-03-08 08:00:00,PRD-A,1.4306628284129728,0.2217030011562786,0.8523794717071191,1.297434156718313,1.7424888417295068,0.0,0.16734056156420887,0.5467016146302703,False,False,False,False,False,False
2024-03-08 16:00:00,PRD-A,1.1945153264333348,0.23614750197963796,0.8523794717071191,1.297434156718313,1.7424888417295068,0.0,0.16734056156420887,0.5467016146302703,False,False,False,False,False,False
2024-03-15 00:00:00,PRD-A,1.721302104333332,0.5267867778999973,0.8523794717071191,1.297434156718313,1.7424888417295068,0.0,0.16734056156420887,0.5467016146302703,False,False,False,False,False,False
2024-03-15 08:00:00,PRD-A,1.5953687886090877,0.12593331572424438,0.8523794717071191,1.297434156718313,1.7424888417295068,0.0,0.16734056156420887,0.5467016146302703,False,True,False,False,True,False
2024-03-15 16:00:00,PRD-A,1.623469840383614,0.028101051774526375,0.8523794717071191,1.297434156718313,1.7424888417295068,0.0,0.16734056156420887,0.5467016146302703,False,True,False,False,True,False
2024-03-16 00:00:00,PRD-A,1.127700519038868,0.49576932134474605,0.8523794717071191,1.297434156718313,1.7424888417295068,0.0,0.16734056156420887,0.5467016146302703,False,True,False,False,True,False
2024-03-16 08:00:00,PRD-A,1.1289652502228205,0.0012647311839524278,0.8523794717071191,1.297434156718313,1.7424888417295068,0.0,0.16734056156420887,0.5467016146302703,False,False,False,False,False,False
2024-03-16 16:00:00,PRD-A,1.3525345557239363,0.22356930550111587,0.8523794717071191,1.297434156718313,1.7424888417295068,0.0,0.16734056156420887,0.5467016146302703,False,False,False,False,False,False
2024-03-23 00:00:00,PRD-A,1.1535980326730664,0.19893652305086995,0.8523794717071191,1.297434156718313,1.7424888417295068,0.0,0.16734056156420887,0.5467016146302703,False,False,False,False,False,False
2024-03-23 08:00:00,PRD-A,0.9485699918774736,0.20502804079559278,0.8523794717071191,1.297434156718313,1.7424888417295068,0.0,0.16734056156420887,0.5467016146302703,False,False,False,False,False,False
2024-03-23 16:00:00,PRD-A,1.2513385408089173,0.30276854893144367,0.8523794717071191,1.297434156718313,1.7424888417295068,0.0,0.16734056156420887,0.5467016146302703,False,False,False,False,False,False
2024-03-24 00:00:00,PRD-A,1.3814286498638744,0.1300901090549571,0.8523794717071191,1.297434156718313,1.7424888417295068,0.0,0.16734056156420887,0.5467016146302703,False,False,False,False,False,False
2024-03-24 08:00:00,PRD-A,1.4067421979171226,0.025313548053248258,0.8523794717071191,1.297434156718313,1.7424888417295068,0.0,0.16734056156420887,0.5467016146302703,False,False,False,False,False,False
2024-03-24 16:00:00,PRD-A,1.360305978042341,0.04643621987478164,0.8523794717071191,1.297434156718313,1.7424888417295068,0.0,0.16734056156420887,0.5467016146302703,False,False,False,False,False,False
2024-03-31 00:00:00,PRD-A,1.6793054621636192,0.3189994841212782,0.8523794717071191,1.297434156718313,1.7424888417295068,0.0,0.16734056156420887,0.5467016146302703,False,False,False,False,False,False
2024-03-31 08:00:00,PRD-A,1.7275570876600557,0.04825162549643647,0.8523794717071191,1.297434156718313,1.7424888417295068,0.0,0.16734056156420887,0.5467016146302703,False,True,False,False,True,False
2024-03-31 16:00:00,PRD-A,1.3320426432226773,0.3955144444373784,0.8523794717071191,1.297434156718313,1.7424888417295068,0.0,0.16734056156420887,0.5467016146302703,False,True,False,False,True,False
2024-04-01 00:00:00,PRD-A,1.1011683090419475,0.23087433418072978,0.8523794717071191,1.297434156718313,1.7424888417295068,0.0,0.16734056156420887,0.5467016146302703,False,False,False,False,False,False
2024-04-01 08:00:00,PRD-A,1.1117671281617227,0.010598819119775227,0.8523794717071191,1.297434156718313,1.7424888417295068,0.0,0.16734056156420887,0.5467016146302703,False,False,False,False,False,False
2024-04-01 16:00:00,PRD-A,1.3003311071826797,0.188563979020957,0.8523794717071191,1.297434156718313,1.7424888417295068,0.0,0.16734056156420887,0.5467016146302703,False,False,False,False,False,False
2024-04-08 00:00:00,PRD-A,1.392944545755066,0.09261343857238624,0.8523794717071191,1.297434156718313,1.7424888417295068,0.0,0.16734056156420887,0.5467016146302703,False,False,False,False,False,False
2024-04-08 08:00:00,PRD-A,1.592111259064325,0.19916671330925895,0.8523794717071191,1.297434156718313,1.7424888417295068,0.0,0.16734056156420887,0.5467016146302703,False,False,False,False,False,False
2024-04-08 16:00:00,PRD-A,1.8730865072549303,0.2809752481906054,0.8523794717071191,1.297434156718313,1.7424888417295068,0.0,0.16734056156420887,0.5467016146302703,True,False,False,False,True,False
2024-04-09 00:00:00,PRD-A,1.5329933599650298,0.3400931472899005,0.8523794717071191,1.297434156718313,1.7424888417295068,0.0,0.16734056156420887,0.5467016146302703,False,False,False,False,False,False
2024-04-09 08:00:00,PRD-A,1.1318609428652984,0.40113241709973146,0.8523794717071191,1.297434156718313,1.7424888417295068,0.0,0.16734056156420887,0.5467016146302703,False,False,False,False,False,False
2024-04-09 16:00:00,PRD-A,1.2387824006272319,0.10692145776193351,0.8523794717071191,1.297434156718313,1.7424888417295068,0.0,0.16734056156420887,0.5467016146302703,False,False,False,False,False,False
2024-04-16 00:00:00,PRD-A,1.2710898954899283,0.03230749486269646,0.8523794717071191,1.297434156718313,1.7424888417295068,0.0,0.16734056156420887,0.5467016146302703,False,False,False,False,False,False
2024-04-16 08:00:00,PRD-A,1.329600408697138,0.05851051320720968,0.8523794717071191,1.297434156718313,1.7424888417295068,0.0,0.16734056156420887,0.5467016146302703,False,False,False,False,False,False
2024-04-16 16:00:00,PRD-A,1.2842112180941458,0.04538919060299218,0.8523794717071191,1.297434156718313,1.7424888417295068,0.0,0.16734056156420887,0.5467016146302703,False,False,False,False,False,False
2024-04-17 00:00:00,PRD-A,1.3441191890220279,0.059907970927882026,0.8523794717071191,1.297434156718313,1.7424888417295068,0.0,0.16734056156420887,0.5467016146302703,False,False,False,False,False,False
2024-04-17 08:00:00,PRD-A,1.4497539118271554,0.10563472280512753,0.8523794717071191,1.297434156718313,1.7424888417295068,0.0,0.16734056156420887,0.5467016146302703,False,False,False,False,False,False
2024-04-17 16:00:00,PRD-A,1.5725273505427297,0.12277343871557433,0.8523794717071191,1.297434156718313,1.7424888417295068,0.0,0.16734056156420887,0.5467016146302703,False,False,False,False,False,False
2024-04-24 00:00:00,PRD-A,1.1731714013573193,0.3993559491854104,0.8523794717071191,1.297434156718313,1.7424888417295068,0.0,0.16734056156420887,0.5467016146302703,False,False,False,False,False,False
2024-04-24 08:00:00,PRD-A,1.3215746094596272,0.1484032081023079,0.8523794717071191,1.297434156718313,1.7424888417295068,0.0,0.16734056156420887,0.5467016146302703,False,False,False,False,False,False
2024-04-24 16:00:00,PRD-A,1.4508675509891615,0.1292929415295343,0.8523794717071191,1.297434156718313,1.7424888417295068,0.0,0.16734056156420887,0.5467016146302703,False,False,False,False,False,False
2024-04-25 00:00:00,PRD-A,1.362052659524004,0.08881489146515764,0.8523794717071191,1.297434156718313,1.7424888417295068,0.0,0.16734056156420887,0.5467016146302703,False,False,False,False,False,False
2024-04-25 08:00:00,PRD-A,1.2550679923724726,0.10698466715153132,0.8523794717071191,1.297434156718313,1.7424888417295068,0.0,0.16734056156420887,0.5467016146302703,False,False,False,False,False,False
2024-04-25 16:00:00,PRD-A,1.5068088502617336,0.25174085788926104,0.8523794717071191,1.297434156718313,1.7424888417295068,0.0,0.16734056156420887,0.5467016146302703,False,False,False,False,False,False
2024-05-02 00:00:00,PRD-A,1.1792329673607327,0.3275758829010009,0.8523794717071191,1.297434156718313,1.7424888417295068,0.0,0.16734056156420887,0.5467016146302703,False,False,False,False,False,False
2024-05-02 08:00:00,PRD-A,1.2823727582694187,0.10313979090868597,0.8523794717071191,1.297434156718313,1.7424888417295068,0.0,0.16734056156420887,0.5467016146302703,False,False,False,False,False,False
2024-05-02 16:00:00,PRD-A,1.4584650292928762,0.1760922710234576,0.8523794717071191,1.297434156718313,1.7424888417295068,0.0,0.16734056156420887,0.5467016146302703,False,False,False,False,False,False
2024-05-03 00:00:00,PRD-A,1.2243974566041094,0.23406757268876688,0.8523794717071191,1.297434156718313,1.7424888417295068,0.0,0.16734056156420887,0.5467016146302703,False,False,False,False,False,False
2024-05-03 08:00:00,PRD-A,1.472837929064248,0.24844047246013856,0.8523794717071191,1.297434156718313,1.7424888417295068,0.0,0.16734056156420887,0.5467016146302703,False,False,False,False,False,False
2024-05-03 16:00:00,PRD-A,1.3935777258960416,0.07926020316820637,0.8523794717071191,1.297434156718313,1.7424888417295068,0.0,0.16734056156420887,0.5467016146302703,False,False,False,False,False,False
2024-05-10 00:00:00,PRD-A,1.462962254241215,0.0693845283451735,0.8523794717071191,1.297434156718313,1.7424888417295068,0.0,0.16734056156420887,0.5467016146302703,False,False,False,False,False,False
2024-05-10 08:00:00,PRD-A,1.529281442934838,0.06631918869362297,0.8523794717071191,1.297434156718313,1.7424888417295068,0.0,0.16734056156420887,0.5467016146302703,False,False,False,False,False,False
2024-05-10 16:00:00,PRD-A,1.317543290625304,0.21173815230953408,0.8523794717071191,1.297434156718313,1.7424888417295068,0.0,0.16734056156420887,0.5467016146302703,False,False,False,False,False,False
2024-05-11 00:00:00,PRD-A,1.3465687809482045,0.029025490322900582,0.8523794717071191,1.297434156718313,1.7424888417295068,0.0,0.16734056156420887,0.5467016146302703,False,False,False,False,False,False
2024-05-11 08:00:00,PRD-A,1.4222371589136873,0.07566837796548276,0.8523794717071191,1.297434156718313,1.7424888417295068,0.0,0.16734056156420887,0.5467016146302703,False,False,False,False,False,False
2024-05-11 16:00:00,PRD-A,1.6420007089064987,0.21976354999281145,0.8523794717071191,1.297434156718313,1.7424888417295068,0.0,0.16734056156420887,0.5467016146302703,False,False,False,True,True,False
2024-05-18 00:00:00,PRD-A,1.3507958801784048,0.29120482872809395,0.8523794717071191,1.297434156718313,1.7424888417295068,0.0,0.16734056156420887,0.5467016146302703,False,False,False,True,True,False
2024-05-18 08:00:00,PRD-A,1.3941199799861672,0.04332409980776242,0.8523794717071191,1.297434156718313,1.7424888417295068,0.0,0.16734056156420887,0.5467016146302703,False,False,False,True,True,False
2024-05-18 16:00:00,PRD-A,1.6153568287268765,0.22123684874070926,0.8523794717071191,1.297434156718313,1.7424888417295068,0.0,0.16734056156420887,0.5467016146302703,False,False,False,True,True,False
2024-05-19 00:00:00,PRD-A,1.4762448255870353,0.13911200313984118,0.8523794717071191,1.297434156718313,1.7424888417295068,0.0,0.16734056156420887,0.5467016146302703,False,False,False,True,True,False
2024-05-19 08:00:00,PRD-A,1.5073491025789658,0.031104276991930524,0.8523794717071191,1.297434156718313,1.7424888417295068,0.0,0.16734056156420887,0.5467016146302703,False,False,False,True,True,False
2024-05-19 16:00:00,PRD-A,1.633394236111455,0.12604513353248925,0.8523794717071191,1.297434156718313,1.7424888417295068,0.0,0.16734056156420887,0.5467016146302703,False,False,True,True,True,False
2024-05-26 00:00:00,PRD-A,1.2733237358263099,0.3600705002851452,0.8523794717071191,1.297434156718313,1.7424888417295068,0.0,0.16734056156420887,0.5467016146302703,False,False,True,False,True,False
2024-05-26 08:00:00,PRD-A,1.232925912312681,0.04039782351362886,0.8523794717071191,1.297434156718313,1.7424888417295068,0.0,0.16734056156420887,0.5467016146302703,False,False,False,False,False,False
2024-05-26 16:00:00,PRD-A,1.4072509987978872,0.17432508648520617,0.8523794717071191,1.297434156718313,1.7424888417295068,0.0,0.16734056156420887,0.5467016146302703,False,False,False,False,False,False
2024-05-27 00:00:00,PRD-A,1.352569584598011,0.054681414199876155,0.8523794717071191,1.297434156718313,1.7424888417295068,0.0,0.16734056156420887,0.5467016146302703,False,False,False,False,False,False
2024-05-27 08:00:00,PRD-A,1.4949346870856943,0.1423651024876833,0.8523794717071191,1.297434156718313,1.7424888417295068,0.0,0.16734056156420887,0.5467016146302703,False,False,False,False,False,False
2024-05-27 16:00:00,PRD-A,1.6269098093770962,0.13197512229140185,0.8523794717071191,1.297434156718313,1.7424888417295068,0.0,0.16734056156420887,0.5467016146302703,False,False,False,False,False,False
2024-06-03 00:00:00,PRD-A,1.2429351027787205,0.3839747065983756,0.8523794717071191,1.297434156718313,1.7424888417295068,0.0,0.16734056156420887,0.5467016146302703,False,False,False,False,False,False
2024-06-03 08:00:00,PRD-A,1.4107480454009265,0.16781294262220592,0.8523794717071191,1.297434156718313,1.7424888417295068,0.0,0.16734056156420887,0.5467016146302703,False,False,False,False,False,False
2024-06-03 16:00:00,PRD-A,1.2628243691607124,0.14792367624021407,0.8523794717071191,1.297434156718313,1.7424888417295068,0.0,0.16734056156420887,0.5467016146302703,False,False,False,False,False,False
2024-06-04 00:00:00,PRD-A,1.4588712085299154,0.19604683936920297,0.8523794717071191,1.297434156718313,1.7424888417295068,0.0,0.16734056156420887,0.5467016146302703,False,False,False,False,False,False
2024-06-04 08:00:00,PRD-A,1.187628329182628,0.2712428793472874,0.8523794717071191,1.297434156718313,1.7424888417295068,0.0,0.16734056156420887,0.5467016146302703,False,False,False,False,False,False
2024-06-04 16:00:00,PRD-A,1.4155688529645056,0.22794052378187768,0.8523794717071191,1.297434156718313,1.7424888417295068,0.0,0.16734056156420887,0.5467016146302703,False,False,False,False,False,False
2024-06-11 00:00:00,PRD-A,1.1920942179138807,0.22347463505062493,0.8523794717071191,1.297434156718313,1.7424888417295068,0.0,0.16734056156420887,0.5467016146302703,False,False,False,False,False,False
2024-06-11 08:00:00,PRD-A,1.3152140895609847,0.12311987164710403,0.8523794717071191,1.297434156718313,1.7424888417295068,0.0,0.16734056156420887,0.5467016146302703,False,False,False,False,False,False
2024-06-11 16:00:00,PRD-A,1.4803383751996673,0.16512428563868253,0.8523794717071191,1.297434156718313,1.7424888417295068,0.0,0.16734056156420887,0.5467016146302703,False,False,False,False,False,False
2024-06-12 00:00:00,PRD-A,1.2523516548373448,0.22798672036232248,0.8523794717071191,1.297434156718313,1.7424888417295068,0.0,0.16734056156420887,0.5467016146302703,False,False,False,False,False,False
2024-06-12 08:00:00,PRD-A,1.6307663696985335,0.3784147148611887,0.8523794717071191,1.297434156718313,1.7424888417295068,0.0,0.16734056156420887,0.5467016146302703,False,False,False,False,False,False
2024-06-12 16:00:00,PRD-A,1.4602565730363566,0.17050979666217692,0.8523794717071191,1.297434156718313,1.7424888417295068,0.0,0.16734056156420887,0.5467016146302703,False,False,False,False,False,False
2024-06-19 00:00:00,PRD-A,1.2290884005314364,0.23116817250492017,0.8523794717071191,1.297434156718313,1.7424888417295068,0.0,0.16734056156420887,0.5467016146302703,False,False,False,False,False,False
2024-06-19 08:00:00,PRD-A,1.2867636686745338,0.057675268143097425,0.8523794717071191,1.297434156718313,1.7424888417295068,0.0,0.16734056156420887,0.5467016146302703,False,False,False,False,False,False
2024-06-19 16:00:00,PRD-A,1.485547286609292,0.19878361793475818,0.8523794717071191,1.297434156718313,1.7424888417295068,0.0,0.16734056156420887,0.5467016146302703,False,False,False,False,False,False
2024-06-20 00:00:00,PRD-A,1.3159052641976996,0.16964202241159243,0.8523794717071191,1.297434156718313,1.7424888417295068,0.0,0.16734056156420887,0.5467016146302703,False,False,False,False,False,False
2024-06-20 08:00:00,PRD-A,1.4200054961154283,0.10410023191772866,0.8523794717071191,1.297434156718313,1.7424888417295068,0.0,0.16734056156420887,0.5467016146302703,False,False,False,False,False,False
2024-06-20 16:00:00,PRD-A,1.4481357850362095,0.028130288920781288,0.8523794717071191,1.297434156718313,1.7424888417295068,0.0,0.16734056156420887,0.5467016146302703,False,False,False,False,False,False
2024-06-27 00:00:00,PRD-A,1.4112276411395328,0.03690814389667674,0.8523794717071191,1.297434156718313,1.7424888417295068,0.0,0.16734056156420887,0.5467016146302703,False,False,False,False,False,False
2024-06-27 08:00:00,PRD-A,1.3577551565714887,0.0534724845680441,0.8523794717071191,1.297434156718313,1.7424888417295068,0.0,0.16734056156420887,0.5467016146302703,False,False,False,False,False,False
2024-06-27 16:00:00,PRD-A,1.5369976036402369,0.17924244706874815,0.8523794717071191,1.297434156718313,1.7424888417295068,0.0,0.16734056156420887,0.5467016146302703,False,False,False,False,False,False
2024-06-28 00:00:00,PRD-A,1.332071314613755,0.2049262890264818,0.8523794717071191,1.297434156718313,1.7424888417295068,0.0,0.16734056156420887,0.5467016146302703,False,False,False,True,True,False
2024-06-28 08:00:00,PRD-A,1.3843627967752832,0.052291482161528124,0.8523794717071191,1.297434156718313,1.7424888417295068,0.0,0.16734056156420887,0.5467016146302703,False,False,False,True,True,False
2024-06-28 16:00:00,PRD-A,1.59526036464965,0.21089756787436675,0.8523794717071191,1.297434156718313,1.7424888417295068,0.0,0.16734056156420887,0.5467016146302703,False,False,False,True,True,False
2024-07-05 00:00:00,PRD-A,1.1475270028262896,0.4477333618233603,0.8523794717071191,1.297434156718313,1.7424888417295068,0.0,0.16734056156420887,0.5467016146302703,False,False,False,False,False,False
2024-07-05 08:00:00,PRD-A,1.0197521544170745,0.12777484840921516,0.8523794717071191,1.297434156718313,1.7424888417295068,0.0,0.16734056156420887,0.5467016146302703,False,False,False,False,False,False
2024-07-05 16:00:00,PRD-A,1.28535777163178,0.26560561721470566,0.8523794717071191,1.297434156718313,1.7424888417295068,0.0,0.16734056156420887,0.5467016146302703,False,False,False,False,False,False
2024-07-06 00:00:00,PRD-A,1.0489042040052716,0.2364535676265085,0.8523794717071191,1.297434156718313,1.7424888417295068,0.0,0.16734056156420887,0.5467016146302703,False,False,False,False,False,False
2024-07-06 08:00:00,PRD-A,1.1012785347750869,0.052374330769815236,0.8523794717071191,1.297434156718313,1.7424888417295068,0.0,0.16734056156420887,0.5467016146302703,False,False,True,False,True,False
2024-07-06 16:00:00,PRD-A,1.0984575193317143,0.002821015443372543,0.8523794717071191,1.297434156718313,1.7424888417295068,0.0,0.16734056156420887,0.5467016146302703,False,False,True,False,True,False
2024-07-13 00:00:00,PRD-A,1.3038429418461825,0.20538542251446823,0.8523794717071191,1.297434156718313,1.7424888417295068,0.0,0.16734056156420887,0.5467016146302703,False,False,False,False,False,False
2024-07-13 08:00:00,PRD-A,1.1121334426072738,0.1917094992389088,0.8523794717071191,1.297434156718313,1.7424888417295068,0.0,0.16734056156420887,0.5467016146302703,False,False,True,False,True,False
2024-07-13 16:00:00,PRD-A,1.2276087034738794,0.11547526086660564,0.8523794717071191,1.297434156718313,1.7424888417295068,0.0,0.16734056156420887,0.5467016146302703,False,False,False,False,False,False
2024-07-14 00:00:00,PRD-A,1.0811361128695072,0.14647259060437223,0.8523794717071191,1.297434156718313,1.7424888417295068,0.0,0.16734056156420887,0.5467016146302703,False,False,False,False,False,False
2024-07-14 08:00:00,PRD-A,1.2616407367712152,0.18050462390170807,0.8523794717071191,1.297434156718313,1.7424888417295068,0.0,0.16734056156420887,0.5467016146302703,False,False,False,False,False,False
2024-07-14 16:00:00,PRD-A,1.2847478247260145,0.02310708795479921,0.8523794717071191,1.297434156718313,1.7424888417295068,0.0,0.16734056156420887,0.5467016146302703,False,False,False,False,False,False
2024-07-21 00:00:00,PRD-A,1.5296789485837192,0.24493112385770477,0.8523794717071191,1.297434156718313,1.7424888417295068,0.0,0.16734056156420887,0.5467016146302703,False,False,False,False,False,False
2024-07-21 08:00:00,PRD-A,1.503933092533496,0.02574585605022328,0.8523794717071191,1.297434156718313,1.7424888417295068,0.0,0.16734056156420887,0.5467016146302703,False,False,False,False,False,False
2024-07-21 16:00:00,PRD-A,1.818775678772385,0.31484258623888906,0.8523794717071191,1.297434156718313,1.7424888417295068,0.0,0.16734056156420887,0.5467016146302703,True,False,False,False,True,False
2024-07-22 00:00:00,PRD-A,0.9971655061778003,0.8216101725945847,0.8523794717071191,1.297434156718313,1.7424888417295068,0.0,0.16734056156420887,0.5467016146302703,False,False,False,False,False,True
2024-07-22 08:00:00,PRD-A,1.0388031210182473,0.041637614840447035,0.8523794717071191,1.297434156718313,1.7424888417295068,0.0,0.16734056156420887,0.5467016146302703,False,False,False,False,False,False
2024-07-22 16:00:00,PRD-A,1.2862267810330845,0.24742366001483718,0.8523794717071191,1.297434156718313,1.7424888417295068,0.0,0.16734056156420887,0.5467016146302703,False,False,False,False,False,False
2024-07-29 00:00:00,PRD-A,1.001635449476987,0.2845913315560975,0.8523794717071191,1.297434156718313,1.7424888417295068,0.0,0.16734056156420887,0.5467016146302703,False,False,False,False,False,False
2024-07-29 08:00:00,PRD-A,1.2569228435934956,0.2552873941165086,0.8523794717071191,1.297434156718313,1.7424888417295068,0.0,0.16734056156420887,0.5467016146302703,False,False,False,False,False,False
2024-07-29 16:00:00,PRD-A,1.371886805770075,0.11496396217657945,0.8523794717071191,1.297434156718313,1.7424888417295068,0.0,0.16734056156420887,0.5467016146302703,False,False,False,False,False,False
2024-07-30 00:00:00,PRD-A,1.025132451228532,0.346754354541543,0.8523794717071191,1.297434156718313,1.7424888417295068,0.0,0.16734056156420887,0.5467016146302703,False,False,False,False,False,False
2024-07-30 08:00:00,PRD-A,1.2774276287433173,0.25229517751478525,0.8523794717071191,1.297434156718313,1.7424888417295068,0.0,0.16734056156420887,0.5467016146302703,False,False,False,False,False,False
2024-07-30 16:00:00,PRD-A,1.3751736723622612,0.0977460436189439,0.8523794717071191,1.297434156718313,1.7424888417295068,0.0,0.16734056156420887,0.5467016146302703,False,False,False,False,False,False
2024-08-06 00:00:00,PRD-A,1.3483871668148164,0.026786505547444772,0.8523794717071191,1.297434156718313,1.7424888417295068,0.0,0.16734056156420887,0.5467016146302703,False,False,False,False,False,False
2024-08-06 08:00:00,PRD-A,1.247397344899428,0.10098982191538841,0.8523794717071191,1.297434156718313,1.7424888417295068,0.0,0.16734056156420887,0.5467016146302703,False,False,False,False,False,False
2024-08-06 16:00:00,PRD-A,1.580556608593279,0.33315926369385096,0.8523794717071191,1.297434156718313,1.7424888417295068,0.0,0.16734056156420887,0.5467016146302703,False,False,False,False,False,False
2024-08-07 00:00:00,PRD-A,1.3785073932660503,0.20204921532722864,0.8523794717071191,1.297434156718313,1.7424888417295068,0.0,0.16734056156420887,0.5467016146302703,False,False,False,False,False,False
2024-08-07 08:00:00,PRD-A,1.535318734782638,0.1568113415165877,0.8523794717071191,1.297434156718313,1.7424888417295068,0.0,0.16734056156420887,0.5467016146302703,False,False,False,False,False,False
2024-08-07 16:00:00,PRD-A,1.544542747826603,0.009224013043964918,0.8523794717071191,1.297434156718313,1.7424888417295068,0.0,0.16734056156420887,0.5467016146302703,False,False,False,False,False,False
2024-08-14 00:00:00,PRD-A,1.1182154398433997,0.4263273079832033,0.8523794717071191,1.297434156718313,1.7424888417295068,0.0,0.16734056156420887,0.5467016146302703,False,False,False,False,False,False
2024-08-14 08:00:00,PRD-A,1.2993514973934763,0.18113605755007667,0.8523794717071191,1.297434156718313,1.7424888417295068,0.0,0.16734056156420887,0.5467016146302703,False,False,False,False,False,False
2024-08-14 16:00:00,PRD-A,1.4168339826576408,0.1174824852641645,0.8523794717071191,1.297434156718313,1.7424888417295068,0.0,0.16734056156420887,0.5467016146302703,False,False,False,False,False,False
2024-08-15 00:00:00,PRD-A,1.326654878135659,0.09017910452198175,0.8523794717071191,1.297434156718313,1.7424888417295068,0.0,0.16734056156420887,0.5467016146302703,False,False,False,False,False,False
2024-08-15 08:00:00,PRD-A,1.28132390131026,0.045330976825399105,0.8523794717071191,1.297434156718313,1.7424888417295068,0.0,0.16734056156420887,0.5467016146302703,False,False,False,False,False,False
2024-08-15 16:00:00,PRD-A,1.3884415069714753,0.10711760566121531,0.8523794717071191,1.297434156718313,1.7424888417295068,0.0,0.16734056156420887,0.5467016146302703,False,False,False,False,False,False
2024-08-22 00:00:00,PRD-A,1.3966222077665158,0.008180700795040519,0.8523794717071191,1.297434156718313,1.7424888417295068,0.0,0.16734056156420887,0.5467016146302703,False,False,False,False,False,False
2024-08-22 08:00:00,PRD-A,1.3104899300726929,0.08613227769382292,0.8523794717071191,1.297434156718313,1.7424888417295068,0.0,0.16734056156420887,0.5467016146302703,False,False,False,False,False,False
2024-08-22 16:00:00,PRD-A,1.5028064783708897,0.19231654829819678,0.8523794717071191,1.297434156718313,1.7424888417295068,0.0,0.16734056156420887,0.5467016146302703,False,False,False,False,False,False
2024-08-23 00:00:00,PRD-A,1.5388031153469754,0.035996636976085794,0.8523794717071191,1.297434156718313,1.7424888417295068,0.0,0.16734056156420887,0.5467016146302703,False,False,False,False,False,False
2024-08-23 08:00:00,PRD-A,1.3502136853308124,0.18858943001616302,0.8523794717071191,1.297434156718313,1.7424888417295068,0.0,0.16734056156420887,0.5467016146302703,False,False,False,False,False,False
2024-08-23 16:00:00,PRD-A,1.6238714304216615,0.27365774509084906,0.8523794717071191,1.297434156718313,1.7424888417295068,0.0,0.16734056156420887,0.5467016146302703,False,False,False,False,False,False
2024-08-30 00:00:00,PRD-A,1.1512843361311336,0.4725870942905279,0.8523794717071191,1.297434156718313,1.7424888417295068,0.0,0.16734056156420887,0.5467016146302703,False,False,False,False,False,False
2024-08-30 08:00:00,PRD-A,1.0058042007812218,0.14548013534991178,0.8523794717071191,1.297434156718313,1.7424888417295068,0.0,0.16734056156420887,0.5467016146302703,False,False,False,False,False,False
2024-08-30 16:00:00,PRD-A,1.1685868012241345,0.1627826004429127,0.8523794717071191,1.297434156718313,1.7424888417295068,0.0,0.16734056156420887,0.5467016146302703,False,False,False,False,False,False
2024-08-31 00:00:00,PRD-A,1.1818732194989428,0.013286418274808254,0.8523794717071191,1.297434156718313,1.7424888417295068,0.0,0.16734056156420887,0.5467016146302703,False,False,False,False,False,False
2024-08-31 08:00:00,PRD-A,1.1762335520145006,0.005639667484442112,0.8523794717071191,1.297434156718313,1.7424888417295068,0.0,0.16734056156420887,0.5467016146302703,False,False,False,False,False,False
2024-08-31 16:00:00,PRD-A,1.5127720881172229,0.3365385361027222,0.8523794717071191,1.297434156718313,1.7424888417295068,0.0,0.16734056156420887,0.5467016146302703,False,False,False,False,False,False
2024-09-07 00:00:00,PRD-A,1.5963790516592709,0.083606963542048,0.8523794717071191,1.297434156718313,1.7424888417295068,0.0,0.16734056156420887,0.5467016146302703,False,False,False,False,False,False
2024-09-07 08:00:00,PRD-A,1.622810846992508,0.02643179533323714,0.8523794717071191,1.297434156718313,1.7424888417295068,0.0,0.16734056156420887,0.5467016146302703,False,True,False,False,True,False
2024-09-07 16:00:00,PRD-A,1.1214905731315647,0.5013202738609432,0.8523794717071191,1.297434156718313,1.7424888417295068,0.0,0.16734056156420887,0.5467016146302703,False,True,False,False,True,False
2024-09-08 00:00:00,PRD-A,1.1693427826464713,0.04785220951490654,0.8523794717071191,1.297434156718313,1.7424888417295068,0.0,0.16734056156420887,0.5467016146302703,False,False,False,False,False,False
2024-09-08 08:00:00,PRD-A,1.1509238235642492,0.01841895908222213,0.8523794717071191,1.297434156718313,1.7424888417295068,0.0,0.16734056156420887,0.5467016146302703,False,False,False,False,False,False
2024-09-08 16:00:00,PRD-A,1.232031183895294,0.08110736033104482,0.8523794717071191,1.297434156718313,1.7424888417295068,0.0,0.16734056156420887,0.5467016146302703,False,False,False,False,False,False
2024-09-15 00:00:00,PRD-A,1.3421228291792915,0.11009164528399751,0.8523794717071191,1.297434156718313,1.7424888417295068,0.0,0.16734056156420887,0.5467016146302703,False,False,False,False,False,False
2024-09-15 08:00:00,PRD-A,1.124043195198871,0.21807963398042052,0.8523794717071191,1.297434156718313,1.7424888417295068,0.0,0.16734056156420887,0.5467016146302703,False,False,False,False,False,False
2024-09-15 16:00:00,PRD-A,1.3492699758297344,0.22522678063086343,0.8523794717071191,1.297434156718313,1.7424888417295068,0.0,0.16734056156420887,0.5467016146302703,False,False,False,False,False,False
2024-09-16 00:00:00,PRD-A,1.2784597210945252,0.07081025473520919,0.8523794717071191,1.297434156718313,1.7424888417295068,0.0,0.16734056156420887,0.5467016146302703,False,False,False,False,False,False
2024-09-16 08:00:00,PRD-A,1.3431882488698617,0.06472852777533644,0.8523794717071191,1.297434156718313,1.7424888417295068,0.0,0.16734056156420887,0.5467016146302703,False,False,False,False,False,False
2024-09-16 16:00:00,PRD-A,1.3213729191860797,0.02181532968378197,0.8523794717071191,1.297434156718313,1.7424888417295068,0.0,0.16734056156420887,0.5467016146302703,False,False,False,False,False,False
2024-09-23 00:00:00,PRD-A,1.322628372988777,0.001255453802697204,0.8523794717071191,1.297434156718313,1.7424888417295068,0.0,0.16734056156420887,0.5467016146302703,False,False,False,False,False,False
2024-09-23 08:00:00,PRD-A,1.3455086645571452,0.02288029156836835,0.8523794717071191,1.297434156718313,1.7424888417295068,0.0,0.16734056156420887,0.5467016146302703,False,False,False,False,False,False
2024-09-23 16:00:00,PRD-A,1.4862231770584606,0.1407145125013154,0.8523794717071191,1.297434156718313,1.7424888417295068,0.0,0.16734056156420887,0.5467016146302703,False,False,False,False,False,False
2024-09-24 00:00:00,PRD-A,1.304159532077816,0.18206364498064453,0.8523794717071191,1.297434156718313,1.7424888417295068,0.0,0.16734056156420887,0.5467016146302703,False,False,False,False,False,False
2024-09-24 08:00:00,PRD-A,1.4022841507387818,0.09812461866096567,0.8523794717071191,1.297434156718313,1.7424888417295068,0.0,0.16734056156420887,0.5467016146302703,False,False,False,False,False,False
2024-09-24 16:00:00,PRD-A,1.7930432575073614,0.3907591067685796,0.8523794717071191,1.297434156718313,1.7424888417295068,0.0,0.16734056156420887,0.5467016146302703,True,False,False,True,True,False
2024-10-01 00:00:00,PRD-A,1.3200579536138886,0.4729853038934728,0.8523794717071191,1.297434156718313,1.7424888417295068,0.0,0.16734056156420887,0.5467016146302703,False,False,False,True,True,False
2024-10-01 08:00:00,PRD-A,1.2950907199504742,0.024967233663414357,0.8523794717071191,1.297434156718313,1.7424888417295068,0.0,0.16734056156420887,0.5467016146302703,False,False,False,False,False,False
2024-10-01 16:00:00,PRD-A,1.3765120440677912,0.08142132411731695,0.8523794717071191,1.297434156718313,1.7424888417295068,0.0,0.16734056156420887,0.5467016146302703,False,False,False,False,False,False
2024-10-02 00:00:00,PRD-A,1.499908069767626,0.12339602569983477,0.8523794717071191,1.297434156718313,1.7424888417295068,0.0,0.16734056156420887,0.5467016146302703,False,False,False,False,False,False
2024-10-02 08:00:00,PRD-A,1.2573475076234948,0.24256056214413113,0.8523794717071191,1.297434156718313,1.7424888417295068,0.0,0.16734056156420887,0.5467016146302703,False,False,False,False,False,False
2024-10-02 16:00:00,PRD-A,1.4818452808755493,0.22449777325205456,0.8523794717071191,1.297434156718313,1.7424888417295068,0.0,0.16734056156420887,0.5467016146302703,False,False,False,False,False,False
2024-10-09 00:00:00,PRD-A,1.0206390613164822,0.46120621955906715,0.8523794717071191,1.297434156718313,1.7424888417295068,0.0,0.16734056156420887,0.5467016146302703,False,False,False,False,False,False
2024-10-09 08:00:00,PRD-A,0.9658911956717388,0.05474786564474343,0.8523794717071191,1.297434156718313,1.7424888417295068,0.0,0.16734056156420887,0.5467016146302703,False,False,False,False,False,False
2024-10-09 16:00:00,PRD-A,1.0870606676596428,0.12116947198790406,0.8523794717071191,1.297434156718313,1.7424888417295068,0.0,0.16734056156420887,0.5467016146302703,False,False,False,False,False,False
2024-10-10 00:00:00,PRD-A,1.1152128776031376,0.028152209943494766,0.8523794717071191,1.297434156718313,1.7424888417295068,0.0,0.16734056156420887,0.5467016146302703,False,False,True,False,True,False
2024-10-10 08:00:00,PRD-A,1.2655089779478204,0.15029610034468277,0.8523794717071191,1.297434156718313,1.7424888417295068,0.0,0.16734056156420887,0.5467016146302703,False,False,True,False,True,False
2024-10-10 16:00:00,PRD-A,1.2948621292969835,0.029353151349163165,0.8523794717071191,1.297434156718313,1.7424888417295068,0.0,0.16734056156420887,0.5467016146302703,False,False,False,False,False,False
2024-10-17 00:00:00,PRD-A,1.0395879447644134,0.2552741845325701,0.8523794717071191,1.297434156718313,1.7424888417295068,0.0,0.16734056156420887,0.5467016146302703,False,False,False,False,False,False
2024-10-17 08:00:00,PRD-A,1.0795542049397087,0.039966260175295254,0.8523794717071191,1.297434156718313,1.7424888417295068,0.0,0.16734056156420887,0.5467016146302703,False,False,False,True,True,False
2024-10-17 16:00:00,PRD-A,1.117544598040319,0.037990393100610254,0.8523794717071191,1.297434156718313,1.7424888417295068,0.0,0.16734056156420887,0.5467016146302703,False,False,False,True,True,False
2024-10-18 00:00:00,PRD-A,1.100456102186612,0.017088495853706975,0.8523794717071191,1.297434156718313,1.7424888417295068,0.0,0.16734056156420887,0.5467016146302703,False,False,True,True,True,False
2024-10-18 08:00:00,PRD-A,1.21787059742183,0.11741449523521807,0.8523794717071191,1.297434156718313,1.7424888417295068,0.0,0.16734056156420887,0.5467016146302703,False,False,True,True,True,False
2024-10-18 16:00:00,PRD-A,1.1878229949393466,0.030047602482483393,0.8523794717071191,1.297434156718313,1.7424888417295068,0.0,0.16734056156420887,0.5467016146302703,False,False,False,True,True,False
2024-10-25 00:00:00,PRD-A,1.5043348783153063,0.3165118833759597,0.8523794717071191,1.297434156718313,1.7424888417295068,0.0,0.16734056156420887,0.5467016146302703,False,False,False,False,False,False
2024-10-25 08:00:00,PRD-A,1.6174322333532398,0.1130973550379335,0.8523794717071191,1.297434156718313,1.7424888417295068,0.0,0.16734056156420887,0.5467016146302703,False,False,False,False,False,False
2024-10-25 16:00:00,PRD-A,1.7397156159932272,0.12228338263998739,0.8523794717071191,1.297434156718313,1.7424888417295068,0.0,0.16734056156420887,0.5467016146302703,False,True,False,False,True,False
2024-10-26 00:00:00,PRD-A,1.1181807075576145,0.6215349084356128,0.8523794717071191,1.297434156718313,1.7424888417295068,0.0,0.16734056156420887,0.5467016146302703,False,True,False,False,True,True
2024-10-26 08:00:00,PRD-A,1.1184385953982596,0.0002578878406451768,0.8523794717071191,1.297434156718313,1.7424888417295068,0.0,0.16734056156420887,0.5467016146302703,False,False,False,False,False,False
2024-10-26 16:00:00,PRD-A,1.3645559367238416,0.24611734132558194,0.8523794717071191,1.297434156718313,1.7424888417295068,0.0,0.16734056156420887,0.5467016146302703,False,False,False,False,False,False
2024-11-02 00:00:00,PRD-A,1.1633421390433007,0.20121379768054082,0.8523794717071191,1.297434156718313,1.7424888417295068,0.0,0.16734056156420887,0.5467016146302703,False,False,False,False,False,False
2024-11-02 08:00:00,PRD-A,1.1136859630061495,0.04965617603715122,0.8523794717071191,1.297434156718313,1.7424888417295068,0.0,0.16734056156420887,0.5467016146302703,False,False,False,False,False,False
2024-11-02 16:00:00,PRD-A,1.351294259675482,0.23760829666933247,0.8523794717071191,1.297434156718313,1.7424888417295068,0.0,0.16734056156420887,0.5467016146302703,False,False,False,False,False,False
2024-11-03 00:00:00,PRD-A,1.3338141682497886,0.0174800914256934,0.8523794717071191,1.297434156718313,1.7424888417295068,0.0,0.16734056156420887,0.5467016146302703,False,False,False,False,False,False
2024-11-03 08:00:00,PRD-A,1.2496660180660946,0.08414815018369404,0.8523794717071191,1.297434156718313,1.7424888417295068,0.0,0.16734056156420887,0.5467016146302703,False,False,False,False,False,False
2024-11-03 16:00:00,PRD-A,1.1502317760362244,0.09943424202987017,0.8523794717071191,1.297434156718313,1.7424888417295068,0.0,0.16734056156420887,0.5467016146302703,False,False,False,False,False,False
2024-11-10 00:00:00,PRD-A,1.271273720426681,0.12104194439045668,0.8523794717071191,1.297434156718313,1.7424888417295068,0.0,0.16734056156420887,0.5467016146302703,False,False,False,False,False,False
2024-11-10 08:00:00,PRD-A,1.2721188856329901,0.000845165206309062,0.8523794717071191,1.297434156718313,1.7424888417295068,0.0,0.16734056156420887,0.5467016146302703,False,False,False,False,False,False
2024-11-10 16:00:00,PRD-A,1.513084407804931,0.2409655221719409,0.8523794717071191,1.297434156718313,1.7424888417295068,0.0,0.16734056156420887,0.5467016146302703,False,False,False,False,False,False
2024-11-11 00:00:00,PRD-A,1.3281131396174435,0.18497126818748755,0.8523794717071191,1.297434156718313,1.7424888417295068,0.0,0.16734056156420887,0.5467016146302703,False,False,False,False,False,False
2024-11-11 08:00:00,PRD-A,1.3484812831027573,0.020368143485313794,0.8523794717071191,1.297434156718313,1.7424888417295068,0.0,0.16734056156420887,0.5467016146302703,False,False,False,False,False,False
2024-11-11 16:00:00,PRD-A,1.3886867312759916,0.04020544817323435,0.8523794717071191,1.297434156718313,1.7424888417295068,0.0,0.16734056156420887,0.5467016146302703,False,False,False,False,False,False
2024-11-18 00:00:00,PRD-A,1.1944904461569021,0.19419628511908948,0.8523794717071191,1.297434156718313,1.7424888417295068,0.0,0.16734056156420887,0.5467016146302703,False,False,False,False,False,False
2024-11-18 08:00:00,PRD-A,1.2236533280880475,0.029162881931145357,0.8523794717071191,1.297434156718313,1.7424888417295068,0.0,0.16734056156420887,0.5467016146302703,False,False,False,False,False,False
2024-11-18 16:00:00,PRD-A,1.30260614552879,0.07895281744074256,0.8523794717071191,1.297434156718313,1.7424888417295068,0.0,0.16734056156420887,0.5467016146302703,False,False,False,False,False,False
2024-11-19 00:00:00,PRD-A,1.1948071942521217,0.10779895127666839,0.8523794717071191,1.297434156718313,1.7424888417295068,0.0,0.16734056156420887,0.5467016146302703,False,False,False,False,False,False
2024-11-19 08:00:00,PRD-A,1.197472998622217,0.002665804370095337,0.8523794717071191,1.297434156718313,1.7424888417295068,0.0,0.16734056156420887,0.5467016146302703,False,False,False,False,False,False
2024-11-19 16:00:00,PRD-A,1.2870467299613981,0.08957373133918112,0.8523794717071191,1.297434156718313,1.7424888417295068,0.0,0.16734056156420887,0.5467016146302703,False,False,False,False,False,False
2024-11-26 00:00:00,PRD-A,1.2098936847080812,0.0771530452533169,0.8523794717071191,1.297434156718313,1.7424888417295068,0.0,0.16734056156420887,0.5467016146302703,False,False,False,False,False,False
2024-11-26 08:00:00,PRD-A,1.2720329098598646,0.062139225151783384,0.8523794717071191,1.297434156718313,1.7424888417295068,0.0,0.16734056156420887,0.5467016146302703,False,False,False,False,False,False
2024-11-26 16:00:00,PRD-A,1.4031988603878376,0.13116595052797297,0.8523794717071191,1.297434156718313,1.7424888417295068,0.0,0.16734056156420887,0.5467016146302703,False,False,False,False,False,False
2024-11-27 00:00:00,PRD-A,0.9057116039678825,0.49748725641995506,0.8523794717071191,1.297434156718313,1.7424888417295068,0.0,0.16734056156420887,0.5467016146302703,False,False,False,False,False,False
2024-11-27 08:00:00,PRD-A,0.9924962485866198,0.08678464461873725,0.8523794717071191,1.297434156718313,1.7424888417295068,0.0,0.16734056156420887,0.5467016146302703,False,True,False,False,True,False
2024-11-27 16:00:00,PRD-A,1.2324617371171733,0.23996548853055355,0.8523794717071191,1.297434156718313,1.7424888417295068,0.0,0.16734056156420887,0.5467016146302703,False,True,False,False,True,False
2024-12-04 00:00:00,PRD-A,1.3183063682327802,0.08584463111560692,0.8523794717071191,1.297434156718313,1.7424888417295068,0.0,0.16734056156420887,0.5467016146302703,False,False,False,False,False,False
2024-12-04 08:00:00,PRD-A,1.5277454070665524,0.20943903883377213,0.8523794717071191,1.297434156718313,1.7424888417295068,0.0,0.16734056156420887,0.5467016146302703,False,False,False,False,False,False
2024-12-04 16:00:00,PRD-A,1.685864237817028,0.15811883075047573,0.8523794717071191,1.297434156718313,1.7424888417295068,0.0,0.16734056156420887,0.5467016146302703,False,False,False,False,False,False
2024-12-05 00:00:00,PRD-A,1.436546177661493,0.24931806015553515,0.8523794717071191,1.297434156718313,1.7424888417295068,0.0,0.16734056156420887,0.5467016146302703,False,False,False,False,False,False
2024-12-05 08:00:00,PRD-A,1.4088384519924917,0.02770772566900126,0.8523794717071191,1.297434156718313,1.7424888417295068,0.0,0.16734056156420887,0.5467016146302703,False,False,False,False,False,False
2024-12-05 16:00:00,PRD-A,1.553127011420151,0.14428855942765928,0.8523794717071191,1.297434156718313,1.7424888417295068,0.0,0.16734056156420887,0.5467016146302703,False,False,False,False,False,False
2024-12-12 00:00:00,PRD-A,1.285248147613815,0.2678788638063361,0.8523794717071191,1.297434156718313,1.7424888417295068,0.0,0.16734056156420887,0.5467016146302703,False,False,False,False,False,False
2024-12-12 08:00:00,PRD-A,1.2460867957462618,0.039161351867553096,0.8523794717071191,1.297434156718313,1.7424888417295068,0.0,0.16734056156420887,0.5467016146302703,False,False,False,False,False,False
2024-12-12 16:00:00,PRD-A,1.5637309874894378,0.31764419174317604,0.8523794717071191,1.297434156718313,1.7424888417295068,0.0,0.16734056156420887,0.5467016146302703,False,False,False,False,False,False
2024-12-13 00:00:00,PRD-A,1.2905360147197984,0.27319497276963944,0.8523794717071191,1.297434156718313,1.7424888417295068,0.0,0.16734056156420887,0.5467016146302703,False,False,False,False,False,False
2024-12-13 08:00:00,PRD-A,1.4610137724263663,0.17047775770656792,0.8523794717071191,1.297434156718313,1.7424888417295068,0.0,0.16734056156420887,0.5467016146302703,False,False,False,False,False,False
2024-12-13 16:00:00,PRD-A,1.0803860725457355,0.38062769988063083,0.8523794717071191,1.297434156718313,1.7424888417295068,0.0,0.16734056156420887,0.5467016146302703,False,False,False,False,False,False
2024-12-20 00:00:00,PRD-A,1.2924539428663824,0.2120678703206469,0.8523794717071191,1.297434156718313,1.7424888417295068,0.0,0.16734056156420887,0.5467016146302703,False,False,False,False,False,False
2024-12-20 08:00:00,PRD-A,1.335995625751466,0.043541682885083643,0.8523794717071191,1.297434156718313,1.7424888417295068,0.0,0.16734056156420887,0.5467016146302703,False,False,False,False,False,False
2024-12-20 16:00:00,PRD-A,1.09051516246435,0.24548046328711592,0.8523794717071191,1.297434156718313,1.7424888417295068,0.0,0.16734056156420887,0.5467016146302703,False,False,False,False,False,False
2024-12-21 00:00:00,PRD-A,0.9885637818979292,0.10195138056642095,0.8523794717071191,1.297434156718313,1.7424888417295068,0.0,0.16734056156420887,0.5467016146302703,False,False,False,False,False,False
2024-12-21 08:00:00,PRD-A,0.8877368565812463,0.1008269253166828,0.8523794717071191,1.297434156718313,1.7424888417295068,0.0,0.16734056156420887,0.5467016146302703,False,True,False,False,True,False
2024-12-21 16:00:00,PRD-A,0.9705652586179592,0.08282840203671282,0.8523794717071191,1.297434156718313,1.7424888417295068,0.0,0.16734056156420887,0.5467016146302703,False,True,True,False,True,False
2024-12-28 00:00:00,PRD-A,1.259123710136345,0.2885584515183859,0.8523794717071191,1.297434156718313,1.7424888417295068,0.0,0.16734056156420887,0.5467016146302703,False,True,True,False,True,False
2024-12-28 08:00:00,PRD-A,1.262362161052373,0.003238450916027924,0.8523794717071191,1.297434156718313,1.7424888417295068,0.0,0.16734056156420887,0.5467016146302703,False,False,False,False,False,False
2024-12-28 16:00:00,PRD-A,1.4629339332592148,0.20057177220684186,0.8523794717071191,1.297434156718313,1.7424888417295068,0.0,0.16734056156420887,0.5467016146302703,False,False,False,False,False,False
2024-12-29 00:00:00,PRD-A,1.341804026725952,0.12112990653326294,0.8523794717071191,1.297434156718313,1.7424888417295068,0.0,0.16734056156420887,0.5467016146302703,False,False,False,False,False,False
2024-12-29 08:00:00,PRD-A,1.3298584741052129,0.011945552620739042,0.8523794717071191,1.297434156718313,1.7424888417295068,0.0,0.16734056156420887,0.5467016146302703,False,False,False,False,False,False
2024-12-29 16:00:00,PRD-A,1.5114671692836248,0.18160869517841194,0.8523794717071191,1.297434156718313,1.7424888417295068,0.0,0.16734056156420887,0.5467016146302703,False,False,False,False,False,False
2025-01-05 00:00:00,PRD-A,1.31803873150162,0.1934284377820048,0.8523794717071191,1.297434156718313,1.7424888417295068,0.0,0.16734056156420887,0.5467016146302703,False,False,False,False,False,False
2025-01-05 08:00:00,PRD-A,1.051430107500418,0.266608624001202,0.8523794717071191,1.297434156718313,1.7424888417295068,0.0,0.16734056156420887,0.5467016146302703,False,False,False,False,False,False
2025-01-05 16:00:00,PRD-A,1.2857932680953594,0.23436316059494144,0.8523794717071191,1.297434156718313,1.7424888417295068,0.0,0.16734056156420887,0.5467016146302703,False,False,False,False,False,False
2025-01-06 00:00:00,PRD-A,1.0253746439003153,0.26041862419504413,0.8523794717071191,1.297434156718313,1.7424888417295068,0.0,0.16734056156420887,0.5467016146302703,False,False,False,False,False,False
2025-01-06 08:00:00,PRD-A,1.0596536811069797,0.034279037206664364,0.8523794717071191,1.297434156718313,1.7424888417295068,0.0,0.16734056156420887,0.5467016146302703,False,False,False,False,False,False
2025-01-06 16:00:00,PRD-A,1.1798620568276939,0.12020837572071419,0.8523794717071191,1.297434156718313,1.7424888417295068,0.0,0.16734056156420887,0.5467016146302703,False,False,False,False,False,False
2025-01-13 00:00:00,PRD-A,1.0749267823399917,0.10493527448770212,0.8523794717071191,1.297434156718313,1.7424888417295068,0.0,0.16734056156420887,0.5467016146302703,False,False,False,False,False,False
2025-01-13 08:00:00,PRD-A,1.0520210720863559,0.022905710253635858,0.8523794717071191,1.297434156718313,1.7424888417295068,0.0,0.16734056156420887,0.5467016146302703,False,False,True,False,True,False
2025-01-13 16:00:00,PRD-A,1.387862048535579,0.33584097644922317,0.8523794717071191,1.297434156718313,1.7424888417295068,0.0,0.16734056156420887,0.5467016146302703,False,False,False,False,False,False
2025-01-14 00:00:00,PRD-A,0.927969017814988,0.45989303072059107,0.8523794717071191,1.297434156718313,1.7424888417295068,0.0,0.16734056156420887,0.5467016146302703,False,False,False,False,False,False
2025-01-14 08:00:00,PRD-A,1.1410115977385782,0.21304257992359021,0.8523794717071191,1.297434156718313,1.7424888417295068,0.0,0.16734056156420887,0.5467016146302703,False,False,True,False,True,False
2025-01-14 16:00:00,PRD-A,1.3428716350454841,0.20186003730690594,0.8523794717071191,1.297434156718313,1.7424888417295068,0.0,0.16734056156420887,0.5467016146302703,False,False,False,False,False,False
2025-01-21 00:00:00,PRD-A,1.144402683893196,0.19846895115228813,0.8523794717071191,1.297434156718313,1.7424888417295068,0.0,0.16734056156420887,0.5467016146302703,False,False,False,False,False,False
2025-01-21 08:00:00,PRD-A,1.3008790031609028,0.15647631926770678,0.8523794717071191,1.297434156718313,1.7424888417295068,0.0,0.16734056156420887,0.5467016146302703,False,False,False,False,False,False
2025-01-21 16:00:00,PRD-A,1.4099939355105446,0.10911493234964187,0.8523794717071191,1.297434156718313,1.7424888417295068,0.0,0.16734056156420887,0.5467016146302703,False,False,False,False,False,False
2025-01-22 00:00:00,PRD-A,1.320908082813668,0.08908585269687674,0.8523794717071191,1.297434156718313,1.7424888417295068,0.0,0.16734056156420887,0.5467016146302703,False,False,False,False,False,False
2025-01-22 08:00:00,PRD-A,1.1703576383128733,0.15055044450079458,0.8523794717071191,1.297434156718313,1.7424888417295068,0.0,0.16734056156420887,0.5467016146302703,False,False,False,False,False,False
2025-01-22 16:00:00,PRD-A,1.1914322181287165,0.021074579815843153,0.8523794717071191,1.297434156718313,1.7424888417295068,0.0,0.16734056156420887,0.5467016146302703,False,False,False,False,False,False
2025-01-29 00:00:00,PRD-A,1.0664571663398743,0.12497505178884216,0.8523794717071191,1.297434156718313,1.7424888417295068,0.0,0.16734056156420887,0.5467016146302703,False,False,False,False,False,False
2025-01-29 08:00:00,PRD-A,1.0257327346959666,0.04072443164390771,0.8523794717071191,1.297434156718313,1.7424888417295068,0.0,0.16734056156420887,0.5467016146302703,False,False,False,False,False,False
2025-01-29 16:00:00,PRD-A,1.2489786735252997,0.22324593882933308,0.8523794717071191,1.297434156718313,1.7424888417295068,0.0,0.16734056156420887,0.5467016146302703,False,False,False,False,False,False
2025-01-30 00:00:00,PRD-A,1.1080335462054385,0.1409451273198612,0.8523794717071191,1.297434156718313,1.7424888417295068,0.0,0.16734056156420887,0.5467016146302703,False,False,False,False,False,False
2025-01-30 08:00:00,PRD-A,0.9134629025918171,0.19457064361362142,0.8523794717071191,1.297434156718313,1.7424888417295068,0.0,0.16734056156420887,0.5467016146302703,False,False,True,False,True,False
2025-01-30 16:00:00,PRD-A,1.2757666577517606,0.3623037551599435,0.8523794717071191,1.297434156718313,1.7424888417295068,0.0,0.16734056156420887,0.5467016146302703,False,False,False,True,True,False
2025-02-06 00:00:00,PRD-A,1.2204341602184114,0.05533249753334912,0.8523794717071191,1.297434156718313,1.7424888417295068,0.0,0.16734056156420887,0.5467016146302703,False,False,False,True,True,False
2025-02-06 08:00:00,PRD-A,1.208595161176668,0.011838999041743348,0.8523794717071191,1.297434156718313,1.7424888417295068,0.0,0.16734056156420887,0.5467016146302703,False,False,False,True,True,False
2025-02-06 16:00:00,PRD-A,1.533752510511567,0.3251573493348989,0.8523794717071191,1.297434156718313,1.7424888417295068,0.0,0.16734056156420887,0.5467016146302703,False,False,False,False,False,False
2025-02-07 00:00:00,PRD-A,1.3959093890207332,0.13784312149083378,0.8523794717071191,1.297434156718313,1.7424888417295068,0.0,0.16734056156420887,0.5467016146302703,False,False,False,False,False,False
2025-02-07 08:00:00,PRD-A,1.4439968081681074,0.04808741914737413,0.8523794717071191,1.297434156718313,1.7424888417295068,0.0,0.16734056156420887,0.5467016146302703,False,False,False,False,False,False
2025-02-07 16:00:00,PRD-A,1.5514899462175,0.10749313804939264,0.8523794717071191,1.297434156718313,1.7424888417295068,0.0,0.16734056156420887,0.5467016146302703,False,False,False,False,False,False
2025-02-14 00:00:00,PRD-A,1.252060097229856,0.29942984898764413,0.8523794717071191,1.297434156718313,1.7424888417295068,0.0,0.16734056156420887,0.5467016146302703,False,False,False,False,False,False
2025-02-14 08:00:00,PRD-A,1.4327882385272996,0.18072814129744375,0.8523794717071191,1.297434156718313,1.7424888417295068,0.0,0.16734056156420887,0.5467016146302703,False,False,False,False,False,False
2025-02-14 16:00:00,PRD-A,1.6572105338331733,0.22442229530587365,0.8523794717071191,1.297434156718313,1.7424888417295068,0.0,0.16734056156420887,0.5467016146302703,False,False,False,False,False,False
2025-02-15 00:00:00,PRD-A,1.4018089727417613,0.255401561091412,0.8523794717071191,1.297434156718313,1.7424888417295068,0.0,0.16734056156420887,0.5467016146302703,False,False,False,False,False,False
2025-02-15 08:00:00,PRD-A,1.542678575446876,0.14086960270511462,0.8523794717071191,1.297434156718313,1.7424888417295068,0.0,0.16734056156420887,0.5467016146302703,False,False,False,False,False,False
2025-02-15 16:00:00,PRD-A,1.4889984480969154,0.05368012734996053,0.8523794717071191,1.297434156718313,1.7424888417295068,0.0,0.16734056156420887,0.5467016146302703,False,False,False,False,False,False
2025-02-22 00:00:00,PRD-A,1.3156914929218602,0.17330695517505523,0.8523794717071191,1.297434156718313,1.7424888417295068,0.0,0.16734056156420887,0.5467016146302703,False,False,False,False,False,False
2025-02-22 08:00:00,PRD-A,1.3665066354147553,0.05081514249289509,0.8523794717071191,1.297434156718313,1.7424888417295068,0.0,0.16734056156420887,0.5467016146302703,False,False,False,False,False,False
2025-02-22 16:00:00,PRD-A,1.3637447347476828,0.002761900667072492,0.8523794717071191,1.297434156718313,1.7424888417295068,0.0,0.16734056156420887,0.5467016146302703,False,False,False,True,True,False
2025-02-23 00:00:00,PRD-A,1.5985781288398782,0.2348333940921954,0.8523794717071191,1.297434156718313,1.7424888417295068,0.0,0.16734056156420887,0.5467016146302703,False,False,False,True,True,False
2025-02-23 08:00:00,PRD-A,1.0199016130128684,0.5786765158270097,0.8523794717071191,1.297434156718313,1.7424888417295068,0.0,0.16734056156420887,0.5467016146302703,False,False,False,False,False,True
2025-02-23 16:00:00,PRD-A,1.2691335006461468,0.24923188763327841,0.8523794717071191,1.297434156718313,1.7424888417295068,0.0,0.16734056156420887,0.5467016146302703,False,False,False,False,False,False
2025-03-02 00:00:00,PRD-A,1.0402493355345075,0.22888416511163934,0.8523794717071191,1.297434156718313,1.7424888417295068,0.0,0.16734056156420887,0.5467016146302703,False,False,False,False,False,False
2025-03-02 08:00:00,PRD-A,1.0914059576281188,0.05115662209361127,0.8523794717071191,1.297434156718313,1.7424888417295068,0.0,0.16734056156420887,0.5467016146302703,False,False,False,False,False,False
2025-03-02 16:00:00,PRD-A,1.1801016594247957,0.08869570179667696,0.8523794717071191,1.297434156718313,1.7424888417295068,0.0,0.16734056156420887,0.5467016146302703,False,False,False,False,False,False
2025-03-03 00:00:00,PRD-A,1.036115604036838,0.14398605538795772,0.8523794717071191,1.297434156718313,1.7424888417295068,0.0,0.16734056156420887,0.5467016146302703,False,False,False,False,False,False
2025-03-03 08:00:00,PRD-A,0.9578437131725217,0.0782718908643163,0.8523794717071191,1.297434156718313,1.7424888417295068,0.0,0.16734056156420887,0.5467016146302703,False,False,True,False,True,False
2025-03-03 16:00:00,PRD-A,1.2424438355397365,0.28460012236721477,0.8523794717071191,1.297434156718313,1.7424888417295068,0.0,0.16734056156420887,0.5467016146302703,False,False,False,True,True,False
2025-03-10 00:00:00,PRD-A,1.093830671411079,0.14861316412865744,0.8523794717071191,1.297434156718313,1.7424888417295068,0.0,0.16734056156420887,0.5467016146302703,False,False,False,True,True,False
2025-03-10 08:00:00,PRD-A,1.1232124458422676,0.029381774431188612,0.8523794717071191,1.297434156718313,1.7424888417295068,0.0,0.16734056156420887,0.5467016146302703,False,False,True,True,True,False
2025-03-10 16:00:00,PRD-A,1.2993265383331403,0.17611409249087262,0.8523794717071191,1.297434156718313,1.7424888417295068,0.0,0.16734056156420887,0.5467016146302703,False,False,False,False,False,False
2025-03-11 00:00:00,PRD-A,1.2098715207254254,0.0894550176077149,0.8523794717071191,1.297434156718313,1.7424888417295068,0.0,0.16734056156420887,0.5467016146302703,False,False,False,False,False,False
2025-03-11 08:00:00,PRD-A,1.2673525323537809,0.057481011628355505,0.8523794717071191,1.297434156718313,1.7424888417295068,0.0,0.16734056156420887,0.5467016146302703,False,False,False,False,False,False
2025-03-11 16:00:00,PRD-A,1.3820757150211669,0.11472318266738601,0.8523794717071191,1.297434156718313,1.7424888417295068,0.0,0.16734056156420887,0.5467016146302703,False,False,False,False,False,False
2025-03-18 00:00:00,PRD-A,1.2880654358008623,0.09401027922030458,0.8523794717071191,1.297434156718313,1.7424888417295068,0.0,0.16734056156420887,0.5467016146302703,False,False,False,False,False,False
2025-03-18 08:00:00,PRD-A,1.156992776073773,0.13107265972708926,0.8523794717071191,1.297434156718313,1.7424888417295068,0.0,0.16734056156420887,0.5467016146302703,False,False,False,False,False,False
2025-03-18 16:00:00,PRD-A,1.3567898075260307,0.1997970314522577,0.8523794717071191,1.297434156718313,1.7424888417295068,0.0,0.16734056156420887,0.5467016146302703,False,False,False,False,False,False
2025-03-19 00:00:00,PRD-A,1.2702178745963277,0.086571932929703,0.8523794717071191,1.297434156718313,1.7424888417295068,0.0,0.16734056156420887,0.5467016146302703,False,False,False,False,False,False
2025-03-19 08:00:00,PRD-A,1.4571592155817847,0.186941340985457,0.8523794717071191,1.297434156718313,1.7424888417295068,0.0,0.16734056156420887,0.5467016146302703,False,False,False,False,False,False
2025-03-19 16:00:00,PRD-A,1.4390147291167614,0.018144486465023313,0.8523794717071191,1.297434156718313,1.7424888417295068,0.0,0.16734056156420887,0.5467016146302703,False,False,False,False,False,False
2025-03-26 00:00:00,PRD-A,1.0944736779719157,0.3445410511448457,0.8523794717071191,1.297434156718313,1.7424888417295068,0.0,0.16734056156420887,0.5467016146302703,False,False,False,False,False,False
2025-03-26 08:00:00,PRD-A,1.0733365042889356,0.02113717368298018,0.8523794717071191,1.297434156718313,1.7424888417295068,0.0,0.16734056156420887,0.5467016146302703,False,False,False,False,False,False
2025-03-26 16:00:00,PRD-A,1.1021120663036745,0.028775562014738965,0.8523794717071191,1.297434156718313,1.7424888417295068,0.0,0.16734056156420887,0.5467016146302703,False,False,False,False,False,False
2025-03-27 00:00:00,PRD-A,1.1046836128041466,0.0025715465004720883,0.8523794717071191,1.297434156718313,1.7424888417295068,0.0,0.16734056156420887,0.5467016146302703,False,False,True,False,True,False
2025-03-27 08:00:00,PRD-A,1.1615861264156253,0.05690251361147869,0.8523794717071191,1.297434156718313,1.7424888417295068,0.0,0.16734056156420887,0.5467016146302703,False,False,True,False,True,False
2025-03-27 16:00:00,PRD-A,1.3397561749840927,0.1781700485684674,0.8523794717071191,1.297434156718313,1.7424888417295068,0.0,0.16734056156420887,0.5467016146302703,False,False,False,False,False,False
2025-04-03 00:00:00,PRD-A,1.4697508332549967,0.12999465827090395,0.8523794717071191,1.297434156718313,1.7424888417295068,0.0,0.16734056156420887,0.5467016146302703,False,False,False,False,False,False
2025-04-03 08:00:00,PRD-A,1.591804677817845,0.12205384456284829,0.8523794717071191,1.297434156718313,1.7424888417295068,0.0,0.16734056156420887,0.5467016146302703,False,False,False,False,False,False
2025-04-03 16:00:00,PRD-A,1.866946397332093,0.27514171951424804,0.8523794717071191,1.297434156718313,1.7424888417295068,0.0,0.16734056156420887,0.5467016146302703,True,False,False,False,True,False
2025-04-04 00:00:00,PRD-A,1.618422788362023,0.24852360897006998,0.8523794717071191,1.297434156718313,1.7424888417295068,0.0,0.16734056156420887,0.5467016146302703,False,True,True,False,True,False
2025-04-04 08:00:00,PRD-A,1.5681406909358127,0.05028209742621037,0.8523794717071191,1.297434156718313,1.7424888417295068,0.0,0.16734056156420887,0.5467016146302703,False,True,True,False,True,False
2025-04-04 16:00:00,PRD-A,1.3124432501644303,0.25569744077138234,0.8523794717071191,1.297434156718313,1.7424888417295068,0.0,0.16734056156420887,0.5467016146302703,False,False,True,False,True,False
2025-04-11 00:00:00,PRD-A,1.4540705270864391,0.14162727692200883,0.8523794717071191,1.297434156718313,1.7424888417295068,0.0,0.16734056156420887,0.5467016146302703,False,False,True,True,True,False
2025-04-11 08:00:00,PRD-A,1.5394056065341413,0.08533507944770213,0.8523794717071191,1.297434156718313,1.7424888417295068,0.0,0.16734056156420887,0.5467016146302703,False,False,True,True,True,False
2025-04-11 16:00:00,PRD-A,1.7835438999192976,0.24413829338515636,0.8523794717071191,1.297434156718313,1.7424888417295068,0.0,0.16734056156420887,0.5467016146302703,True,False,True,True,True,False
2025-04-12 00:00:00,PRD-A,1.599067527292789,0.18447637262650862,0.8523794717071191,1.297434156718313,1.7424888417295068,0.0,0.16734056156420887,0.5467016146302703,False,True,True,True,True,False
2025-04-12 08:00:00,PRD-A,1.7036596177378538,0.10459209044506479,0.8523794717071191,1.297434156718313,1.7424888417295068,0.0,0.16734056156420887,0.5467016146302703,False,True,True,True,True,False
2025-04-12 16:00:00,PRD-A,1.6426000062478097,0.06105961149004413,0.8523794717071191,1.297434156718313,1.7424888417295068,0.0,0.16734056156420887,0.5467016146302703,False,True,True,True,True,False
2025-04-19 00:00:00,PRD-A,1.4576072289585047,0.18499277728930497,0.8523794717071191,1.297434156718313,1.7424888417295068,0.0,0.16734056156420887,0.5467016146302703,False,True,True,True,True,False
2025-04-19 08:00:00,PRD-A,1.5696060982592672,0.11199886930076253,0.8523794717071191,1.297434156718313,1.7424888417295068,0.0,0.16734056156420887,0.5467016146302703,False,False,True,True,True,False
2025-04-19 16:00:00,PRD-A,1.7629466152384898,0.1933405169792226,0.8523794717071191,1.297434156718313,1.7424888417295068,0.0,0.16734056156420887,0.5467016146302703,True,False,True,True,True,False
2025-04-20 00:00:00,PRD-A,1.0183843378864195,0.7445622773520704,0.8523794717071191,1.297434156718313,1.7424888417295068,0.0,0.16734056156420887,0.5467016146302703,False,False,True,False,True,True
2025-04-20 08:00:00,PRD-A,1.169073958379547,0.15068962049312762,0.8523794717071191,1.297434156718313,1.7424888417295068,0.0,0.16734056156420887,0.5467016146302703,False,False,False,False,False,False
2025-04-20 16:00:00,PRD-A,1.1520574162316615,0.017016542147885616,0.8523794717071191,1.297434156718313,1.7424888417295068,0.0,0.16734056156420887,0.5467016146302703,False,False,False,False,False,False
2025-04-27 00:00:00,PRD-A,1.6182321565371747,0.4661747403055132,0.8523794717071191,1.297434156718313,1.7424888417295068,0.0,0.16734056156420887,0.5467016146302703,False,False,False,False,False,False
2025-04-27 08:00:00,PRD-A,1.6085804402299897,0.009651716307184977,0.8523794717071191,1.297434156718313,1.7424888417295068,0.0,0.16734056156420887,0.5467016146302703,False,True,False,False,True,False
2025-04-27 16:00:00,PRD-A,1.201765577883418,0.4068148623465717,0.8523794717071191,1.297434156718313,1.7424888417295068,0.0,0.16734056156420887,0.5467016146302703,False,True,False,False,True,False
2025-04-28 00:00:00,PRD-A,1.0368930474370437,0.1648725304463743,0.8523794717071191,1.297434156718313,1.7424888417295068,0.0,0.16734056156420887,0.5467016146302703,False,False,False,False,False,False
2025-04-28 08:00:00,PRD-A,1.1166124424773385,0.0797193950402948,0.8523794717071191,1.297434156718313,1.7424888417295068,0.0,0.16734056156420887,0.5467016146302703,False,False,False,False,False,False
2025-04-28 16:00:00,PRD-A,1.1397696922217373,0.02315724974439881,0.8523794717071191,1.297434156718313,1.7424888417295068,0.0,0.16734056156420887,0.5467016146302703,False,False,False,False,False,False
2025-05-05 00:00:00,PRD-A,1.628487004634462,0.48871731241272465,0.8523794717071191,1.297434156718313,1.7424888417295068,0.0,0.16734056156420887,0.5467016146302703,False,False,False,False,False,False
2025-05-05 08:00:00,PRD-A,1.6099321881146396,0.01855481651982238,0.8523794717071191,1.297434156718313,1.7424888417295068,0.0,0.16734056156420887,0.5467016146302703,False,True,False,False,True,False
2025-05-05 16:00:00,PRD-A,1.7690871826562178,0.15915499454157822,0.8523794717071191,1.297434156718313,1.7424888417295068,0.0,0.16734056156420887,0.5467016146302703,True,True,False,False,True,False
2025-05-06 00:00:00,PRD-A,1.8302851708663814,0.061197988210163645,0.8523794717071191,1.297434156718313,1.7424888417295068,0.0,0.16734056156420887,0.5467016146302703,True,True,True,False,True,False
2025-05-06 08:00:00,PRD-A,1.1163473793504237,0.7139377915159577,0.8523794717071191,1.297434156718313,1.7424888417295068,0.0,0.16734056156420887,0.5467016146302703,False,True,True,False,True,True
2025-05-06 16:00:00,PRD-A,1.3466820839088758,0.23033470455845206,0.8523794717071191,1.297434156718313,1.7424888417295068,0.0,0.16734056156420887,0.5467016146302703,False,False,False,False,False,False
2025-05-13 00:00:00,PRD-A,1.5557005619302031,0.20901847802132734,0.8523794717071191,1.297434156718313,1.7424888417295068,0.0,0.16734056156420887,0.5467016146302703,False,False,False,False,False,False
2025-05-13 08:00:00,PRD-A,1.547141713967936,0.008558847962267135,0.8523794717071191,1.297434156718313,1.7424888417295068,0.0,0.16734056156420887,0.5467016146302703,False,False,False,False,False,False
2025-05-13 16:00:00,PRD-A,1.774558233907522,0.22741651993958611,0.8523794717071191,1.297434156718313,1.7424888417295068,0.0,0.16734056156420887,0.5467016146302703,True,False,False,False,True,False
2025-05-14 00:00:00,PRD-A,1.5580715549994442,0.21648667890807793,0.8523794717071191,1.297434156718313,1.7424888417295068,0.0,0.16734056156420887,0.5467016146302703,False,False,True,False,True,False
2025-05-14 08:00:00,PRD-A,1.4444574255716895,0.11361412942775462,0.8523794717071191,1.297434156718313,1.7424888417295068,0.0,0.16734056156420887,0.5467016146302703,False,False,True,False,True,False
2025-05-14 16:00:00,PRD-A,1.9334691314715668,0.4890117058998773,0.8523794717071191,1.297434156718313,1.7424888417295068,0.0,0.16734056156420887,0.5467016146302703,True,False,True,False,True,False
2025-05-21 00:00:00,PRD-A,0.9515013608108245,0.9819677706607424,0.8523794717071191,1.297434156718313,1.7424888417295068,0.0,0.16734056156420887,0.5467016146302703,False,False,False,False,False,True
2025-05-21 08:00:00,PRD-A,1.3000797020213921,0.34857834121056763,0.8523794717071191,1.297434156718313,1.7424888417295068,0.0,0.16734056156420887,0.5467016146302703,False,False,False,False,False,False
2025-05-21 16:00:00,PRD-A,1.1971361801165021,0.10294352190488998,0.8523794717071191,1.297434156718313,1.7424888417295068,0.0,0.16734056156420887,0.5467016146302703,False,False,False,False,False,False
2025-05-22 00:00:00,PRD-A,1.3275848590908872,0.13044867897438506,0.8523794717071191,1.297434156718313,1.7424888417295068,0.0,0.16734056156420887,0.5467016146302703,False,False,False,False,False,False
2025-05-22 08:00:00,PRD-A,1.0588117702610218,0.2687730888298654,0.8523794717071191,1.297434156718313,1.7424888417295068,0.0,0.16734056156420887,0.5467016146302703,False,False,False,False,False,False
2025-05-22 16:00:00,PRD-A,1.422766441235757,0.3639546709747352,0.8523794717071191,1.297434156718313,1.7424888417295068,0.0,0.16734056156420887,0.5467016146302703,False,False,False,False,False,False
2025-05-29 00:00:00,PRD-A,1.0243751604931872,0.3983912807425698,0.8523794717071191,1.297434156718313,1.7424888417295068,0.0,0.16734056156420887,0.5467016146302703,False,False,False,False,False,False
2025-05-29 08:00:00,PRD-A,1.0979004462229733,0.07352528572978612,0.8523794717071191,1.297434156718313,1.7424888417295068,0.0,0.16734056156420887,0.5467016146302703,False,False,False,False,False,False
2025-05-29 16:00:00,PRD-A,1.1682293477671108,0.07032890154413751,0.8523794717071191,1.297434156718313,1.7424888417295068,0.0,0.16734056156420887,0.5467016146302703,False,False,False,False,False,False
2025-05-30 00:00:00,PRD-A,1.3051562151737965,0.1369268674066857,0.8523794717071191,1.297434156718313,1.7424888417295068,0.0,0.16734056156420887,0.5467016146302703,False,False,False,False,False,False
2025-05-30 08:00:00,PRD-A,1.217942124172501,0.08721409100129551,0.8523794717071191,1.297434156718313,1.7424888417295068,0.0,0.16734056156420887,0.5467016146302703,False,False,False,False,False,False
2025-05-30 16:00:00,PRD-A,1.5081817711409786,0.2902396469684776,0.8523794717071191,1.297434156718313,1.7424888417295068,0.0,0.16734056156420887,0.5467016146302703,False,False,False,False,False,False
2025-06-06 00:00:00,PRD-A,1.430285227695937,0.0778965434450416,0.8523794717071191,1.297434156718313,1.7424888417295068,0.0,0.16734056156420887,0.5467016146302703,False,False,False,False,False,False
2025-06-06 08:00:00,PRD-A,1.313570469363602,0.11671475833233513,0.8523794717071191,1.297434156718313,1.7424888417295068,0.0,0.16734056156420887,0.5467016146302703,False,False,False,False,False,False
2025-06-06 16:00:00,PRD-A,1.533714302302409,0.22014383293880702,0.8523794717071191,1.297434156718313,1.7424888417295068,0.0,0.16734056156420887,0.5467016146302703,False,False,False,False,False,False
2025-06-07 00:00:00,PRD-A,1.3994520503983707,0.13426225190403818,0.8523794717071191,1.297434156718313,1.7424888417295068,0.0,0.16734056156420887,0.5467016146302703,False,False,False,False,False,False
2025-06-07 08:00:00,PRD-A,1.4735803056659704,0.0741282552675997,0.8523794717071191,1.297434156718313,1.7424888417295068,0.0,0.16734056156420887,0.5467016146302703,False,False,False,False,False,False
2025-06-07 16:00:00,PRD-A,1.4574168668086547,0.01616343885731575,0.8523794717071191,1.297434156718313,1.7424888417295068,0.0,0.16734056156420887,0.5467016146302703,False,False,False,False,False,False
2025-06-14 00:00:00,PRD-A,1.1101248776528816,0.3472919891557731,0.8523794717071191,1.297434156718313,1.7424888417295068,0.0,0.16734056156420887,0.5467016146302703,False,False,False,False,False,False
2025-06-14 08:00:00,PRD-A,1.1609004733776735,0.050775595724791955,0.8523794717071191,1.297434156718313,1.7424888417295068,0.0,0.16734056156420887,0.5467016146302703,False,False,False,False,False,False
2025-06-14 16:00:00,PRD-A,1.2034506242109941,0.04255015083332059,0.8523794717071191,1.297434156718313,1.7424888417295068,0.0,0.16734056156420887,0.5467016146302703,False,False,False,False,False,False
2025-06-15 00:00:00,PRD-A,1.0546370356209942,0.14881358858999993,0.8523794717071191,1.297434156718313,1.7424888417295068,0.0,0.16734056156420887,0.5467016146302703,False,False,False,False,False,False
2025-06-15 08:00:00,PRD-A,1.0030277900396332,0.05160924558136104,0.8523794717071191,1.297434156718313,1.7424888417295068,0.0,0.16734056156420887,0.5467016146302703,False,False,False,False,False,False
2025-06-15 16:00:00,PRD-A,1.4532630892524883,0.4502352992128551,0.8523794717071191,1.297434156718313,1.7424888417295068,0.0,0.16734056156420887,0.5467016146302703,False,False,False,False,False,False
2025-06-22 00:00:00,PRD-A,1.539413436554224,0.08615034730173576,0.8523794717071191,1.297434156718313,1.7424888417295068,0.0,0.16734056156420887,0.5467016146302703,False,False,False,False,False,False
2025-06-22 08:00:00,PRD-A,1.6381377585953814,0.09872432204115733,0.8523794717071191,1.297434156718313,1.7424888417295068,0.0,0.16734056156420887,0.5467016146302703,False,False,False,False,False,False
2025-06-22 16:00:00,PRD-A,1.7620720626159498,0.12393430402056849,0.8523794717071191,1.297434156718313,1.7424888417295068,0.0,0.16734056156420887,0.5467016146302703,True,True,True,False,True,False
2025-06-23 00:00:00,PRD-A,1.5402437328231142,0.22182832979283562,0.8523794717071191,1.297434156718313,1.7424888417295068,0.0,0.16734056156420887,0.5467016146302703,False,True,True,False,True,False
2025-06-23 08:00:00,PRD-A,1.344365706749132,0.1958780260739823,0.8523794717071191,1.297434156718313,1.7424888417295068,0.0,0.16734056156420887,0.5467016146302703,False,False,True,False,True,False
2025-06-23 16:00:00,PRD-A,1.4590111797055187,0.11464547295638683,0.8523794717071191,1.297434156718313,1.7424888417295068,0.0,0.16734056156420887,0.5467016146302703,False,False,True,False,True,False
2025-06-30 00:00:00,PRD-A,1.3120395833794467,0.14697159632607204,0.8523794717071191,1.297434156718313,1.7424888417295068,0.0,0.16734056156420887,0.5467016146302703,False,False,False,True,True,False
2025-06-30 08:00:00,PRD-A,1.421780385365026,0.10974080198557923,0.8523794717071191,1.297434156718313,1.7424888417295068,0.0,0.16734056156420887,0.5467016146302703,False,False,False,True,True,False
2025-06-30 16:00:00,PRD-A,1.1480453710668779,0.27373501429814806,0.8523794717071191,1.297434156718313,1.7424888417295068,0.0,0.16734056156420887,0.5467016146302703,False,False,False,False,False,False
2024-01-01 00:00:00,PRD-A,1.0436902871233806,0.10435508394349724,0.8523794717071191,1.297434156718313,1.7424888417295068,0.0,0.16734056156420887,0.5467016146302703,False,False,False,False,False,False
2024-01-01 08:00:00,PRD-A,0.9954027476522553,0.048287539471125296,0.8523794717071191,1.297434156718313,1.7424888417295068,0.0,0.16734056156420887,0.5467016146302703,False,False,False,False,False,False
2024-01-01 16:00:00,PRD-A,1.260467517835968,0.2650647701837128,0.8523794717071191,1.297434156718313,1.7424888417295068,0.0,0.16734056156420887,0.5467016146302703,False,False,False,False,False,False
2024-01-02 00:00:00,PRD-A,0.9567891171574624,0.3036784006785057,0.8523794717071191,1.297434156718313,1.7424888417295068,0.0,0.16734056156420887,0.5467016146302703,False,True,True,False,True,False
2024-01-02 08:00:00,PRD-A,1.0165108949194284,0.059721777761965966,0.8523794717071191,1.297434156718313,1.7424888417295068,0.0,0.16734056156420887,0.5467016146302703,False,False,True,False,True,False
2024-01-02 16:00:00,PRD-A,0.9453391916449845,0.07117170327444389,0.8523794717071191,1.297434156718313,1.7424888417295068,0.0,0.16734056156420887,0.5467016146302703,False,True,True,False,True,False
2024-01-09 00:00:00,PRD-A,1.342958900985939,0.3976197093409546,0.8523794717071191,1.297434156718313,1.7424888417295068,0.0,0.16734056156420887,0.5467016146302703,False,False,False,False,False,False
2024-01-09 08:00:00,PRD-A,1.3640451717694662,0.021086270783527095,0.8523794717071191,1.297434156718313,1.7424888417295068,0.0,0.16734056156420887,0.5467016146302703,False,False,False,False,False,False
2024-01-09 16:00:00,PRD-A,1.4290828860929634,0.06503771432349725,0.8523794717071191,1.297434156718313,1.7424888417295068,0.0,0.16734056156420887,0.5467016146302703,False,False,False,False,False,False
2024-01-10 00:00:00,PRD-A,1.369949301904581,0.05913358418838244,0.8523794717071191,1.297434156718313,1.7424888417295068,0.0,0.16734056156420887,0.5467016146302703,False,False,False,False,False,False
2024-01-10 08:00:00,PRD-A,1.1979477810119932,0.1720015208925878,0.8523794717071191,1.297434156718313,1.7424888417295068,0.0,0.16734056156420887,0.5467016146302703,False,False,False,False,False,False
2024-01-10 16:00:00,PRD-A,1.1755131460410597,0.022434634970933454,0.8523794717071191,1.297434156718313,1.7424888417295068,0.0,0.16734056156420887,0.5467016146302703,False,False,False,False,False,False
2024-01-17 00:00:00,PRD-A,1.5098424317672468,0.33432928572618703,0.8523794717071191,1.297434156718313,1.7424888417295068,0.0,0.16734056156420887,0.5467016146302703,False,False,False,False,False,False
2024-01-17 08:00:00,PRD-A,1.4903477392907922,0.019494692476454523,0.8523794717071191,1.297434156718313,1.7424888417295068,0.0,0.16734056156420887,0.5467016146302703,False,False,False,False,False,False
2024-01-17 16:00:00,PRD-A,1.7042988810143236,0.21395114172353136,0.8523794717071191,1.297434156718313,1.7424888417295068,0.0,0.16734056156420887,0.5467016146302703,False,False,False,False,False,False
2024-01-18 00:00:00,PRD-A,1.2891406533659642,0.4151582276483594,0.8523794717071191,1.297434156718313,1.7424888417295068,0.0,0.16734056156420887,0.5467016146302703,False,False,False,False,False,False
2024-01-18 08:00:00,PRD-A,1.0076521600613486,0.28148849330461556,0.8523794717071191,1.297434156718313,1.7424888417295068,0.0,0.16734056156420887,0.5467016146302703,False,False,False,False,False,False
2024-01-18 16:00:00,PRD-A,1.1683325398034474,0.1606803797420988,0.8523794717071191,1.297434156718313,1.7424888417295068,0.0,0.16734056156420887,0.5467016146302703,False,False,False,False,False,False
2024-01-25 00:00:00,PRD-A,1.3868894744287017,0.21855693462525427,0.8523794717071191,1.297434156718313,1.7424888417295068,0.0,0.16734056156420887,0.5467016146302703,False,False,False,False,False,False
2024-01-25 08:00:00,PRD-A,0.928043434237006,0.4588460401916957,0.8523794717071191,1.297434156718313,1.7424888417295068,0.0,0.16734056156420887,0.5467016146302703,False,False,False,False,False,False
2024-01-25 16:00:00,PRD-A,1.3995168632499722,0.4714734290129662,0.8523794717071191,1.297434156718313,1.7424888417295068,0.0,0.16734056156420887,0.5467016146302703,False,False,False,False,False,False
2024-01-26 00:00:00,PRD-A,1.017908095607076,0.3816087676428961,0.8523794717071191,1.297434156718313,1.7424888417295068,0.0,0.16734056156420887,0.5467016146302703,False,False,False,False,False,False
2024-01-26 08:00:00,PRD-A,1.36437822643758,0.34647013083050404,0.8523794717071191,1.297434156718313,1.7424888417295068,0.0,0.16734056156420887,0.5467016146302703,False,False,False,False,False,False
2024-01-26 16:00:00,PRD-A,1.2159927546786813,0.14838547175889882,0.8523794717071191,1.297434156718313,1.7424888417295068,0.0,0.16734056156420887,0.5467016146302703,False,False,False,False,False,False
2024-02-02 00:00:00,PRD-A,1.420508875619795,0.2045161209411137,0.8523794717071191,1.297434156718313,1.7424888417295068,0.0,0.16734056156420887,0.5467016146302703,False,False,False,False,False,False
2024-02-02 08:00:00,PRD-A,1.4475118693186766,0.027002993698881594,0.8523794717071191,1.297434156718313,1.7424888417295068,0.0,0.16734056156420887,0.5467016146302703,False,False,False,False,False,False
2024-02-02 16:00:00,PRD-A,1.5320088451255567,0.08449697580688009,0.8523794717071191,1.297434156718313,1.7424888417295068,0.0,0.16734056156420887,0.5467016146302703,False,False,False,False,False,False
2024-02-03 00:00:00,PRD-A,1.4636882423526771,0.06832060277287955,0.8523794717071191,1.297434156718313,1.7424888417295068,0.0,0.16734056156420887,0.5467016146302703,False,False,False,False,False,False
2024-02-03 08:00:00,PRD-A,1.160673989904905,0.30301425244777214,0.8523794717071191,1.297434156718313,1.7424888417295068,0.0,0.16734056156420887,0.5467016146302703,False,False,False,False,False,False
2024-02-03 16:00:00,PRD-A,1.3059800083171087,0.1453060184122037,0.8523794717071191,1.297434156718313,1.7424888417295068,0.0,0.16734056156420887,0.5467016146302703,False,False,False,False,False,False
2024-02-10 00:00:00,PRD-A,1.4989686677020466,0.19298865938493792,0.8523794717071191,1.297434156718313,1.7424888417295068,0.0,0.16734056156420887,0.5467016146302703,False,False,False,False,False,False
2024-02-10 08:00:00,PRD-A,1.3681743434427733,0.1307943242592733,0.8523794717071191,1.297434156718313,1.7424888417295068,0.0,0.16734056156420887,0.5467016146302703,False,False,False,False,False,False
2024-02-10 16:00:00,PRD-A,1.618663568330844,0.25048922488807057,0.8523794717071191,1.297434156718313,1.7424888417295068,0.0,0.16734056156420887,0.5467016146302703,False,False,False,False,False,False
2024-02-11 00:00:00,PRD-A,1.4304248752030981,0.18823869312774577,0.8523794717071191,1.297434156718313,1.7424888417295068,0.0,0.16734056156420887,0.5467016146302703,False,False,False,False,False,False
2024-02-11 08:00:00,PRD-A,1.6017477710924852,0.1713228958893871,0.8523794717071191,1.297434156718313,1.7424888417295068,0.0,0.16734056156420887,0.5467016146302703,False,True,False,False,True,False
2024-02-11 16:00:00,PRD-A,1.7756348311926942,0.17388706010020893,0.8523794717071191,1.297434156718313,1.7424888417295068,0.0,0.16734056156420887,0.5467016146302703,True,True,False,False,True,False
2024-02-18 00:00:00,PRD-A,1.1014892686491895,0.6741455625435047,0.8523794717071191,1.297434156718313,1.7424888417295068,0.0,0.16734056156420887,0.5467016146302703,False,True,False,False,True,True
2024-02-18 08:00:00,PRD-A,1.1536832145769182,0.052193945927728747,0.8523794717071191,1.297434156718313,1.7424888417295068,0.0,0.16734056156420887,0.5467016146302703,False,False,False,False,False,False
2024-02-18 16:00:00,PRD-A,1.2465258816958358,0.09284266711891753,0.8523794717071191,1.297434156718313,1.7424888417295068,0.0,0.16734056156420887,0.5467016146302703,False,False,False,False,False,False
2024-02-19 00:00:00,PRD-A,1.2977598519232425,0.05123397022740672,0.8523794717071191,1.297434156718313,1.7424888417295068,0.0,0.16734056156420887,0.5467016146302703,False,False,False,False,False,False
2024-02-19 08:00:00,PRD-A,1.2007589491187187,0.09700090280452378,0.8523794717071191,1.297434156718313,1.7424888417295068,0.0,0.16734056156420887,0.5467016146302703,False,False,False,False,False,False
2024-02-19 16:00:00,PRD-A,1.256843633680767,0.05608468456204818,0.8523794717071191,1.297434156718313,1.7424888417295068,0.0,0.16734056156420887,0.5467016146302703,False,False,False,False,False,False
2024-02-26 00:00:00,PRD-A,1.2640162126315808,0.007172578950813913,0.8523794717071191,1.297434156718313,1.7424888417295068,0.0,0.16734056156420887,0.5467016146302703,False,False,False,False,False,False
2024-02-26 08:00:00,PRD-A,1.3178912735857469,0.053875060954166054,0.8523794717071191,1.297434156718313,1.7424888417295068,0.0,0.16734056156420887,0.5467016146302703,False,False,False,False,False,False
2024-02-26 16:00:00,PRD-A,1.183976702136997,0.13391457144874996,0.8523794717071191,1.297434156718313,1.7424888417295068,0.0,0.16734056156420887,0.5467016146302703,False,False,False,False,False,False
2024-02-27 00:00:00,PRD-A,1.2475894931614218,0.06361279102442485,0.8523794717071191,1.297434156718313,1.7424888417295068,0.0,0.16734056156420887,0.5467016146302703,False,False,False,False,False,False
2024-02-27 08:00:00,PRD-A,1.32079181642939,0.07320232326796816,0.8523794717071191,1.297434156718313,1.7424888417295068,0.0,0.16734056156420887,0.5467016146302703,False,False,False,False,False,False
2024-02-27 16:00:00,PRD-A,1.3174751574432717,0.003316658986118215,0.8523794717071191,1.297434156718313,1.7424888417295068,0.0,0.16734056156420887,0.5467016146302703,False,False,False,False,False,False
2024-03-05 00:00:00,PRD-A,1.2437742304382924,0.07370092700497932,0.8523794717071191,1.297434156718313,1.7424888417295068,0.0,0.16734056156420887,0.5467016146302703,False,False,False,False,False,False
2024-03-05 08:00:00,PRD-A,1.2846219008096285,0.040847670371336076,0.8523794717071191,1.297434156718313,1.7424888417295068,0.0,0.16734056156420887,0.5467016146302703,False,False,False,False,False,False
2024-03-05 16:00:00,PRD-A,1.4473690676302484,0.16274716682061996,0.8523794717071191,1.297434156718313,1.7424888417295068,0.0,0.16734056156420887,0.5467016146302703,False,False,False,False,False,False
2024-03-06 00:00:00,PRD-A,1.3814352180399652,0.06593384959028326,0.8523794717071191,1.297434156718313,1.7424888417295068,0.0,0.16734056156420887,0.5467016146302703,False,False,False,False,False,False
2024-03-06 08:00:00,PRD-A,1.331491308804965,0.04994390923500025,0.8523794717071191,1.297434156718313,1.7424888417295068,0.0,0.16734056156420887,0.5467016146302703,False,False,False,False,False,False
2024-03-06 16:00:00,PRD-A,1.5640908866496774,0.23259957784471252,0.8523794717071191,1.297434156718313,1.7424888417295068,0.0,0.16734056156420887,0.5467016146302703,False,False,False,False,False,False
2024-03-13 00:00:00,PRD-A,1.3806805650634257,0.1834103215862517,0.8523794717071191,1.297434156718313,1.7424888417295068,0.0,0.16734056156420887,0.5467016146302703,False,False,False,False,False,False
2024-03-13 08:00:00,PRD-A,1.2295270133910654,0.15115355167236033,0.8523794717071191,1.297434156718313,1.7424888417295068,0.0,0.16734056156420887,0.5467016146302703,False,False,False,False,False,False
2024-03-13 16:00:00,PRD-A,1.2326303998214434,0.0031033864303779968,0.8523794717071191,1.297434156718313,1.7424888417295068,0.0,0.16734056156420887,0.5467016146302703,False,False,False,False,False,False
2024-03-14 00:00:00,PRD-A,1.4380714295862569,0.2054410297648135,0.8523794717071191,1.297434156718313,1.7424888417295068,0.0,0.16734056156420887,0.5467016146302703,False,False,False,False,False,False
2024-03-14 08:00:00,PRD-A,1.2365393927117676,0.20153203687448928,0.8523794717071191,1.297434156718313,1.7424888417295068,0.0,0.16734056156420887,0.5467016146302703,False,False,False,False,False,False
2024-03-14 16:00:00,PRD-A,1.3143635505530238,0.07782415784125618,0.8523794717071191,1.297434156718313,1.7424888417295068,0.0,0.16734056156420887,0.5467016146302703,False,False,False,False,False,False
2024-03-21 00:00:00,PRD-A,0.8477381387834073,0.46662541176961647,0.8523794717071191,1.297434156718313,1.7424888417295068,0.0,0.16734056156420887,0.5467016146302703,True,False,False,False,True,False
2024-03-21 08:00:00,PRD-A,1.1924997025256006,0.34476156374219324,0.8523794717071191,1.297434156718313,1.7424888417295068,0.0,0.16734056156420887,0.5467016146302703,False,False,False,False,False,False
2024-03-21 16:00:00,PRD-A,1.0275644881966444,0.1649352143289562,0.8523794717071191,1.297434156718313,1.7424888417295068,0.0,0.16734056156420887,0.5467016146302703,False,False,False,False,False,False
2024-03-22 00:00:00,PRD-A,1.1638269783909405,0.13626249019429615,0.8523794717071191,1.297434156718313,1.7424888417295068,0.0,0.16734056156420887,0.5467016146302703,False,False,False,False,False,False
2024-03-22 08:00:00,PRD-A,1.1732608494048442,0.009433871013903694,0.8523794717071191,1.297434156718313,1.7424888417295068,0.0,0.16734056156420887,0.5467016146302703,False,False,False,False,False,False
2024-03-22 16:00:00,PRD-A,1.2631030905317302,0.08984224112688599,0.8523794717071191,1.297434156718313,1.7424888417295068,0.0,0.16734056156420887,0.5467016146302703,False,False,False,False,False,False
2024-03-29 00:00:00,PRD-A,1.470461949208242,0.20735885867651183,0.8523794717071191,1.297434156718313,1.7424888417295068,0.0,0.16734056156420887,0.5467016146302703,False,False,False,False,False,False
2024-03-29 08:00:00,PRD-A,0.9817908139010014,0.4886711353072406,0.8523794717071191,1.297434156718313,1.7424888417295068,0.0,0.16734056156420887,0.5467016146302703,False,False,False,False,False,False
2024-03-29 16:00:00,PRD-A,1.1927504497254973,0.21095963582449584,0.8523794717071191,1.297434156718313,1.7424888417295068,0.0,0.16734056156420887,0.5467016146302703,False,False,False,False,False,False
2024-03-30 00:00:00,PRD-A,1.1179689975237015,0.07478145220179577,0.8523794717071191,1.297434156718313,1.7424888417295068,0.0,0.16734056156420887,0.5467016146302703,False,False,False,False,False,False
2024-03-30 08:00:00,PRD-A,0.9608696184857937,0.15709937903790783,0.8523794717071191,1.297434156718313,1.7424888417295068,0.0,0.16734056156420887,0.5467016146302703,False,False,False,False,False,False
2024-03-30 16:00:00,PRD-A,1.1868630443478323,0.22599342586203863,0.8523794717071191,1.297434156718313,1.7424888417295068,0.0,0.16734056156420887,0.5467016146302703,False,False,False,False,False,False
2024-04-06 00:00:00,PRD-A,1.3347930727908814,0.14793002844304914,0.8523794717071191,1.297434156718313,1.7424888417295068,0.0,0.16734056156420887,0.5467016146302703,False,False,False,False,False,False
2024-04-06 08:00:00,PRD-A,1.3072552810933407,0.02753779169754078,0.8523794717071191,1.297434156718313,1.7424888417295068,0.0,0.16734056156420887,0.5467016146302703,False,False,False,False,False,False
2024-04-06 16:00:00,PRD-A,1.3191213067751688,0.011866025681828152,0.8523794717071191,1.297434156718313,1.7424888417295068,0.0,0.16734056156420887,0.5467016146302703,False,False,False,False,False,False
2024-04-07 00:00:00,PRD-A,1.3262474644127125,0.007126157637543651,0.8523794717071191,1.297434156718313,1.7424888417295068,0.0,0.16734056156420887,0.5467016146302703,False,False,False,False,False,False
2024-04-07 08:00:00,PRD-A,1.5237499475876677,0.19750248317495522,0.8523794717071191,1.297434156718313,1.7424888417295068,0.0,0.16734056156420887,0.5467016146302703,False,False,False,False,False,False
2024-04-07 16:00:00,PRD-A,1.3546834673768893,0.1690664802107784,0.8523794717071191,1.297434156718313,1.7424888417295068,0.0,0.16734056156420887,0.5467016146302703,False,False,False,False,False,False
2024-04-14 00:00:00,PRD-A,1.177538578420208,0.17714488895668135,0.8523794717071191,1.297434156718313,1.7424888417295068,0.0,0.16734056156420887,0.5467016146302703,False,False,False,False,False,False
2024-04-14 08:00:00,PRD-A,1.1470978060934005,0.03044077232680742,0.8523794717071191,1.297434156718313,1.7424888417295068,0.0,0.16734056156420887,0.5467016146302703,False,False,False,False,False,False
2024-04-14 16:00:00,PRD-A,1.3430162974151705,0.19591849132176997,0.8523794717071191,1.297434156718313,1.7424888417295068,0.0,0.16734056156420887,0.5467016146302703,False,False,False,False,False,False
2024-04-15 00:00:00,PRD-A,1.3222856817811561,0.02073061563401435,0.8523794717071191,1.297434156718313,1.7424888417295068,0.0,0.16734056156420887,0.5467016146302703,False,False,False,False,False,False
2024-04-15 08:00:00,PRD-A,1.401423381071945,0.07913769929078884,0.8523794717071191,1.297434156718313,1.7424888417295068,0.0,0.16734056156420887,0.5467016146302703,False,False,False,False,False,False
2024-04-15 16:00:00,PRD-A,1.4405612139346626,0.03913783286271766,0.8523794717071191,1.297434156718313,1.7424888417295068,0.0,0.16734056156420887,0.5467016146302703,False,False,False,False,False,False
2024-04-22 00:00:00,PRD-A,1.4160177497884099,0.024543464146252747,0.8523794717071191,1.297434156718313,1.7424888417295068,0.0,0.16734056156420887,0.5467016146302703,False,False,False,False,False,False
2024-04-22 08:00:00,PRD-A,1.2375224642888987,0.1784952854995112,0.8523794717071191,1.297434156718313,1.7424888417295068,0.0,0.16734056156420887,0.5467016146302703,False,False,False,False,False,False
2024-04-22 16:00:00,PRD-A,1.1812979026403516,0.056224561648547056,0.8523794717071191,1.297434156718313,1.7424888417295068,0.0,0.16734056156420887,0.5467016146302703,False,False,False,False,False,False
2024-04-23 00:00:00,PRD-A,1.4805816434043728,0.2992837407640212,0.8523794717071191,1.297434156718313,1.7424888417295068,0.0,0.16734056156420887,0.5467016146302703,False,False,False,False,False,False
2024-04-23 08:00:00,PRD-A,1.3831284137243878,0.09745322967998504,0.8523794717071191,1.297434156718313,1.7424888417295068,0.0,0.16734056156420887,0.5467016146302703,False,False,False,False,False,False
2024-04-23 16:00:00,PRD-A,1.5165498088699783,0.13342139514559048,0.8523794717071191,1.297434156718313,1.7424888417295068,0.0,0.16734056156420887,0.5467016146302703,False,False,False,False,False,False
2024-04-30 00:00:00,PRD-A,1.1408389925641198,0.37571081630585845,0.8523794717071191,1.297434156718313,1.7424888417295068,0.0,0.16734056156420887,0.5467016146302703,False,False,False,False,False,False
2024-04-30 08:00:00,PRD-A,1.1626789091595264,0.021839916595406628,0.8523794717071191,1.297434156718313,1.7424888417295068,0.0,0.16734056156420887,0.5467016146302703,False,False,False,False,False,False
2024-04-30 16:00:00,PRD-A,1.4454126602636095,0.28273375110408305,0.8523794717071191,1.297434156718313,1.7424888417295068,0.0,0.16734056156420887,0.5467016146302703,False,False,False,False,False,False
2024-05-01 00:00:00,PRD-A,1.3226546192956368,0.12275804096797271,0.8523794717071191,1.297434156718313,1.7424888417295068,0.0,0.16734056156420887,0.5467016146302703,False,False,False,False,False,False
2024-05-01 08:00:00,PRD-A,0.87159564982451,0.4510589694711268,0.8523794717071191,1.297434156718313,1.7424888417295068,0.0,0.16734056156420887,0.5467016146302703,False,False,False,False,False,False
2024-05-01 16:00:00,PRD-A,1.1358236611466483,0.26422801132213836,0.8523794717071191,1.297434156718313,1.7424888417295068,0.0,0.16734056156420887,0.5467016146302703,False,False,False,False,False,False
2024-05-08 00:00:00,PRD-A,1.6063159150082982,0.47049225386164983,0.8523794717071191,1.297434156718313,1.7424888417295068,0.0,0.16734056156420887,0.5467016146302703,False,False,False,False,False,False
2024-05-08 08:00:00,PRD-A,1.5041421355256555,0.10217377948264272,0.8523794717071191,1.297434156718313,1.7424888417295068,0.0,0.16734056156420887,0.5467016146302703,False,False,False,False,False,False
2024-05-08 16:00:00,PRD-A,1.4267119528689933,0.07743018265666213,0.8523794717071191,1.297434156718313,1.7424888417295068,0.0,0.16734056156420887,0.5467016146302703,False,False,False,False,False,False
2024-05-09 00:00:00,PRD-A,1.525035210872995,0.09832325800400166,0.8523794717071191,1.297434156718313,1.7424888417295068,0.0,0.16734056156420887,0.5467016146302703,False,False,False,False,False,False
2024-05-09 08:00:00,PRD-A,1.8012506255199454,0.27621541464695043,0.8523794717071191,1.297434156718313,1.7424888417295068,0.0,0.16734056156420887,0.5467016146302703,True,False,True,False,True,False
2024-05-09 16:00:00,PRD-A,1.6581702843619517,0.14308034115799373,0.8523794717071191,1.297434156718313,1.7424888417295068,0.0,0.16734056156420887,0.5467016146302703,False,True,True,False,True,False
2024-05-16 00:00:00,PRD-A,1.4362699642571077,0.22190032010484395,0.8523794717071191,1.297434156718313,1.7424888417295068,0.0,0.16734056156420887,0.5467016146302703,False,True,False,False,True,False
2024-05-16 08:00:00,PRD-A,1.4471062712921237,0.010836307035015924,0.8523794717071191,1.297434156718313,1.7424888417295068,0.0,0.16734056156420887,0.5467016146302703,False,False,True,True,True,False
2024-05-16 16:00:00,PRD-A,1.7942436873272327,0.34713741603510906,0.8523794717071191,1.297434156718313,1.7424888417295068,0.0,0.16734056156420887,0.5467016146302703,True,False,True,True,True,False
2024-05-17 00:00:00,PRD-A,0.9982036923920959,0.7960399949351368,0.8523794717071191,1.297434156718313,1.7424888417295068,0.0,0.16734056156420887,0.5467016146302703,False,False,False,False,False,True
2024-05-17 08:00:00,PRD-A,1.007312874089894,0.009109181697798063,0.8523794717071191,1.297434156718313,1.7424888417295068,0.0,0.16734056156420887,0.5467016146302703,False,False,False,False,False,False
2024-05-17 16:00:00,PRD-A,1.3675029331356188,0.36019005904572476,0.8523794717071191,1.297434156718313,1.7424888417295068,0.0,0.16734056156420887,0.5467016146302703,False,False,False,False,False,False
2024-05-24 00:00:00,PRD-A,0.995856280912205,0.37164665222341375,0.8523794717071191,1.297434156718313,1.7424888417295068,0.0,0.16734056156420887,0.5467016146302703,False,False,False,False,False,False
2024-05-24 08:00:00,PRD-A,1.1699146053978393,0.1740583244856343,0.8523794717071191,1.297434156718313,1.7424888417295068,0.0,0.16734056156420887,0.5467016146302703,False,False,False,False,False,False
2024-05-24 16:00:00,PRD-A,1.3033881469724804,0.13347354157464109,0.8523794717071191,1.297434156718313,1.7424888417295068,0.0,0.16734056156420887,0.5467016146302703,False,False,False,False,False,False
2024-05-25 00:00:00,PRD-A,0.987690667854467,0.3156974791180134,0.8523794717071191,1.297434156718313,1.7424888417295068,0.0,0.16734056156420887,0.5467016146302703,False,False,False,False,False,False
2024-05-25 08:00:00,PRD-A,0.7940332069672896,0.1936574608871774,0.8523794717071191,1.297434156718313,1.7424888417295068,0.0,0.16734056156420887,0.5467016146302703,True,True,False,False,True,False
2024-05-25 16:00:00,PRD-A,0.9516792086275014,0.1576460016602118,0.8523794717071191,1.297434156718313,1.7424888417295068,0.0,0.16734056156420887,0.5467016146302703,False,True,False,False,True,False
2024-06-01 00:00:00,PRD-A,1.368852106978242,0.41717289835074056,0.8523794717071191,1.297434156718313,1.7424888417295068,0.0,0.16734056156420887,0.5467016146302703,False,True,False,False,True,False
2024-06-01 08:00:00,PRD-A,1.0663996940449199,0.30245241293332215,0.8523794717071191,1.297434156718313,1.7424888417295068,0.0,0.16734056156420887,0.5467016146302703,False,False,True,False,True,False
2024-06-01 16:00:00,PRD-A,1.5299856462378794,0.4635859521929595,0.8523794717071191,1.297434156718313,1.7424888417295068,0.0,0.16734056156420887,0.5467016146302703,False,False,False,False,False,False
2024-06-02 00:00:00,PRD-A,1.4839270729527154,0.04605857328516394,0.8523794717071191,1.297434156718313,1.7424888417295068,0.0,0.16734056156420887,0.5467016146302703,False,False,False,False,False,False
2024-06-02 08:00:00,PRD-A,1.4522923286928038,0.03163474425991164,0.8523794717071191,1.297434156718313,1.7424888417295068,0.0,0.16734056156420887,0.5467016146302703,False,False,False,False,False,False
2024-06-02 16:00:00,PRD-A,1.7370828820203807,0.28479055332757697,0.8523794717071191,1.297434156718313,1.7424888417295068,0.0,0.16734056156420887,0.5467016146302703,False,False,True,False,True,False
2024-06-09 00:00:00,PRD-A,0.9150268458940821,0.8220560361262986,0.8523794717071191,1.297434156718313,1.7424888417295068,0.0,0.16734056156420887,0.5467016146302703,False,False,True,False,True,True
2024-06-09 08:00:00,PRD-A,1.0972418867376434,0.18221504084356133,0.8523794717071191,1.297434156718313,1.7424888417295068,0.0,0.16734056156420887,0.5467016146302703,False,False,False,False,False,False
2024-06-09 16:00:00,PRD-A,1.0492242534873744,0.04801763325026909,0.8523794717071191,1.297434156718313,1.7424888417295068,0.0,0.16734056156420887,0.5467016146302703,False,False,False,False,False,False
2024-06-10 00:00:00,PRD-A,1.0716185787680657,0.022394325280691296,0.8523794717071191,1.297434156718313,1.7424888417295068,0.0,0.16734056156420887,0.5467016146302703,False,False,True,False,True,False
2024-06-10 08:00:00,PRD-A,1.182195149406223,0.1105765706381574,0.8523794717071191,1.297434156718313,1.7424888417295068,0.0,0.16734056156420887,0.5467016146302703,False,False,True,False,True,False
2024-06-10 16:00:00,PRD-A,1.3466913191892425,0.1644961697830194,0.8523794717071191,1.297434156718313,1.7424888417295068,0.0,0.16734056156420887,0.5467016146302703,False,False,False,False,False,False
2024-06-17 00:00:00,PRD-A,0.9918630230034059,0.35482829618583656,0.8523794717071191,1.297434156718313,1.7424888417295068,0.0,0.16734056156420887,0.5467016146302703,False,False,False,False,False,False
2024-06-17 08:00:00,PRD-A,1.056669329421868,0.06480630641846219,0.8523794717071191,1.297434156718313,1.7424888417295068,0.0,0.16734056156420887,0.5467016146302703,False,False,False,False,False,False
2024-06-17 16:00:00,PRD-A,1.2982910598465407,0.2416217304246726,0.8523794717071191,1.297434156718313,1.7424888417295068,0.0,0.16734056156420887,0.5467016146302703,False,False,False,False,False,False
2024-06-18 00:00:00,PRD-A,1.1556274015143804,0.14266365833216033,0.8523794717071191,1.297434156718313,1.7424888417295068,0.0,0.16734056156420887,0.5467016146302703,False,False,False,False,False,False
2024-06-18 08:00:00,PRD-A,1.2906723523768115,0.13504495086243118,0.8523794717071191,1.297434156718313,1.7424888417295068,0.0,0.16734056156420887,0.5467016146302703,False,False,False,False,False,False
2024-06-18 16:00:00,PRD-A,1.5074045644419651,0.21673221206515358,0.8523794717071191,1.297434156718313,1.7424888417295068,0.0,0.16734056156420887,0.5467016146302703,False,False,False,False,False,False
2024-06-25 00:00:00,PRD-A,1.375838579184089,0.1315659852578761,0.8523794717071191,1.297434156718313,1.7424888417295068,0.0,0.16734056156420887,0.5467016146302703,False,False,False,False,False,False
2024-06-25 08:00:00,PRD-A,1.2874158576717498,0.08842272151233921,0.8523794717071191,1.297434156718313,1.7424888417295068,0.0,0.16734056156420887,0.5467016146302703,False,False,False,False,False,False
2024-06-25 16:00:00,PRD-A,0.994853137811457,0.2925627198602928,0.8523794717071191,1.297434156718313,1.7424888417295068,0.0,0.16734056156420887,0.5467016146302703,False,False,False,False,False,False
2024-06-26 00:00:00,PRD-A,1.1823035690494532,0.1874504312379962,0.8523794717071191,1.297434156718313,1.7424888417295068,0.0,0.16734056156420887,0.5467016146302703,False,False,False,False,False,False
2024-06-26 08:00:00,PRD-A,0.9903894462245262,0.19191412282492704,0.8523794717071191,1.297434156718313,1.7424888417295068,0.0,0.16734056156420887,0.5467016146302703,False,True,False,False,True,False
2024-06-26 16:00:00,PRD-A,1.1541453718906132,0.163755925666087,0.8523794717071191,1.297434156718313,1.7424888417295068,0.0,0.16734056156420887,0.5467016146302703,False,False,False,False,False,False
2024-07-03 00:00:00,PRD-A,1.2287745157168002,0.07462914382618702,0.8523794717071191,1.297434156718313,1.7424888417295068,0.0,0.16734056156420887,0.5467016146302703,False,False,False,False,False,False
2024-07-03 08:00:00,PRD-A,1.3048090284344078,0.07603451271760764,0.8523794717071191,1.297434156718313,1.7424888417295068,0.0,0.16734056156420887,0.5467016146302703,False,False,False,False,False,False
2024-07-03 16:00:00,PRD-A,1.4824421878892784,0.17763315945487057,0.8523794717071191,1.297434156718313,1.7424888417295068,0.0,0.16734056156420887,0.5467016146302703,False,False,False,False,False,False
2024-07-04 00:00:00,PRD-A,1.361854570740149,0.12058761714912936,0.8523794717071191,1.297434156718313,1.7424888417295068,0.0,0.16734056156420887,0.5467016146302703,False,False,False,False,False,False
2024-07-04 08:00:00,PRD-A,1.2733463257422173,0.08850824499793175,0.8523794717071191,1.297434156718313,1.7424888417295068,0.0,0.16734056156420887,0.5467016146302703,False,False,False,False,False,False
2024-07-04 16:00:00,PRD-A,1.5516481510810078,0.27830182533879055,0.8523794717071191,1.297434156718313,1.7424888417295068,0.0,0.16734056156420887,0.5467016146302703,False,False,False,False,False,False
2024-07-11 00:00:00,PRD-A,1.2876108317845052,0.26403731929650265,0.8523794717071191,1.297434156718313,1.7424888417295068,0.0,0.16734056156420887,0.5467016146302703,False,False,False,False,False,False
2024-07-11 08:00:00,PRD-A,1.1879548695567395,0.09965596222776574,0.8523794717071191,1.297434156718313,1.7424888417295068,0.0,0.16734056156420887,0.5467016146302703,False,False,False,False,False,False
2024-07-11 16:00:00,PRD-A,1.4628623618088348,0.2749074922520953,0.8523794717071191,1.297434156718313,1.7424888417295068,0.0,0.16734056156420887,0.5467016146302703,False,False,False,False,False,False
2024-07-12 00:00:00,PRD-A,1.4815863153769004,0.018723953568065665,0.8523794717071191,1.297434156718313,1.7424888417295068,0.0,0.16734056156420887,0.5467016146302703,False,False,False,False,False,False
2024-07-12 08:00:00,PRD-A,1.4852472866354074,0.003660971258506951,0.8523794717071191,1.297434156718313,1.7424888417295068,0.0,0.16734056156420887,0.5467016146302703,False,False,False,False,False,False
2024-07-12 16:00:00,PRD-A,1.4127998614962938,0.07244742513911362,0.8523794717071191,1.297434156718313,1.7424888417295068,0.0,0.16734056156420887,0.5467016146302703,False,False,False,False,False,False
2024-07-19 00:00:00,PRD-A,1.3956344407579695,0.017165420738324277,0.8523794717071191,1.297434156718313,1.7424888417295068,0.0,0.16734056156420887,0.5467016146302703,False,False,False,False,False,False
2024-07-19 08:00:00,PRD-A,1.254530671479539,0.1411037692784305,0.8523794717071191,1.297434156718313,1.7424888417295068,0.0,0.16734056156420887,0.5467016146302703,False,False,False,False,False,False
2024-07-19 16:00:00,PRD-A,1.51137730896081,0.256846637481271,0.8523794717071191,1.297434156718313,1.7424888417295068,0.0,0.16734056156420887,0.5467016146302703,False,False,False,False,False,False
2024-07-20 00:00:00,PRD-A,1.2900753817329582,0.2213019272278518,0.8523794717071191,1.297434156718313,1.7424888417295068,0.0,0.16734056156420887,0.5467016146302703,False,False,False,False,False,False
2024-07-20 08:00:00,PRD-A,1.2810284831498024,0.009046898583155771,0.8523794717071191,1.297434156718313,1.7424888417295068,0.0,0.16734056156420887,0.5467016146302703,False,False,False,False,False,False
2024-07-20 16:00:00,PRD-A,1.4785626819558562,0.19753419880605372,0.8523794717071191,1.297434156718313,1.7424888417295068,0.0,0.16734056156420887,0.5467016146302703,False,False,False,False,False,False
2024-07-27 00:00:00,PRD-A,1.3182059154575032,0.16035676649835295,0.8523794717071191,1.297434156718313,1.7424888417295068,0.0,0.16734056156420887,0.5467016146302703,False,False,False,False,False,False
2024-07-27 08:00:00,PRD-A,1.4482209794866925,0.13001506402918928,0.8523794717071191,1.297434156718313,1.7424888417295068,0.0,0.16734056156420887,0.5467016146302703,False,False,False,False,False,False
2024-07-27 16:00:00,PRD-A,1.5211938077731428,0.07297282828645035,0.8523794717071191,1.297434156718313,1.7424888417295068,0.0,0.16734056156420887,0.5467016146302703,False,False,False,False,False,False
2024-07-28 00:00:00,PRD-A,1.5250894808505526,0.003895673077409789,0.8523794717071191,1.297434156718313,1.7424888417295068,0.0,0.16734056156420887,0.5467016146302703,False,False,True,False,True,False
2024-07-28 08:00:00,PRD-A,1.426454678883392,0.09863480196716057,0.8523794717071191,1.297434156718313,1.7424888417295068,0.0,0.16734056156420887,0.5467016146302703,False,False,False,False,False,False
2024-07-28 16:00:00,PRD-A,1.6236116995575218,0.19715702067412977,0.8523794717071191,1.297434156718313,1.7424888417295068,0.0,0.16734056156420887,0.5467016146302703,False,False,True,False,True,False
2024-08-04 00:00:00,PRD-A,1.086467725914933,0.5371439736425889,0.8523794717071191,1.297434156718313,1.7424888417295068,0.0,0.16734056156420887,0.5467016146302703,False,False,False,False,False,False
2024-08-04 08:00:00,PRD-A,1.2197546678399525,0.13328694192501955,0.8523794717071191,1.297434156718313,1.7424888417295068,0.0,0.16734056156420887,0.5467016146302703,False,False,False,False,False,False
2024-08-04 16:00:00,PRD-A,1.3727561399128192,0.15300147207286674,0.8523794717071191,1.297434156718313,1.7424888417295068,0.0,0.16734056156420887,0.5467016146302703,False,False,False,False,False,False
2024-08-05 00:00:00,PRD-A,1.2109899340255754,0.16176620588724377,0.8523794717071191,1.297434156718313,1.7424888417295068,0.0,0.16734056156420887,0.5467016146302703,False,False,False,False,False,False
2024-08-05 08:00:00,PRD-A,1.1402021361124999,0.07078779791307555,0.8523794717071191,1.297434156718313,1.7424888417295068,0.0,0.16734056156420887,0.5467016146302703,False,False,False,False,False,False
2024-08-05 16:00:00,PRD-A,1.2947868325926983,0.15458469648019846,0.8523794717071191,1.297434156718313,1.7424888417295068,0.0,0.16734056156420887,0.5467016146302703,False,False,False,False,False,False
2024-08-12 00:00:00,PRD-A,1.4237579471203048,0.12897111452760646,0.8523794717071191,1.297434156718313,1.7424888417295068,0.0,0.16734056156420887,0.5467016146302703,False,False,False,False,False,False
2024-08-12 08:00:00,PRD-A,1.463346344215411,0.03958839709510631,0.8523794717071191,1.297434156718313,1.7424888417295068,0.0,0.16734056156420887,0.5467016146302703,False,False,False,False,False,False
2024-08-12 16:00:00,PRD-A,1.6425059787095084,0.17915963449409733,0.8523794717071191,1.297434156718313,1.7424888417295068,0.0,0.16734056156420887,0.5467016146302703,False,False,False,False,False,False
2024-08-13 00:00:00,PRD-A,1.4736967736790585,0.16880920503044994,0.8523794717071191,1.297434156718313,1.7424888417295068,0.0,0.16734056156420887,0.5467016146302703,False,False,False,False,False,False
2024-08-13 08:00:00,PRD-A,1.4592043034145332,0.01449247026452527,0.8523794717071191,1.297434156718313,1.7424888417295068,0.0,0.16734056156420887,0.5467016146302703,False,False,True,False,True,False
2024-08-13 16:00:00,PRD-A,1.5789342184190365,0.11972991500450325,0.8523794717071191,1.297434156718313,1.7424888417295068,0.0,0.16734056156420887,0.5467016146302703,False,False,True,False,True,False
2024-08-20 00:00:00,PRD-A,1.0703828206371528,0.5085513977818836,0.8523794717071191,1.297434156718313,1.7424888417295068,0.0,0.16734056156420887,0.5467016146302703,False,False,True,False,True,False
2024-08-20 08:00:00,PRD-A,1.177073261805503,0.10669044116835025,0.8523794717071191,1.297434156718313,1.7424888417295068,0.0,0.16734056156420887,0.5467016146302703,False,False,False,False,False,False
2024-08-20 16:00:00,PRD-A,1.3136625688625068,0.13658930705700367,0.8523794717071191,1.297434156718313,1.7424888417295068,0.0,0.16734056156420887,0.5467016146302703,False,False,False,False,False,False
2024-08-21 00:00:00,PRD-A,1.185910216270298,0.12775235259220885,0.8523794717071191,1.297434156718313,1.7424888417295068,0.0,0.16734056156420887,0.5467016146302703,False,False,False,False,False,False
2024-08-21 08:00:00,PRD-A,1.15388174261758,0.03202847365271788,0.8523794717071191,1.297434156718313,1.7424888417295068,0.0,0.16734056156420887,0.5467016146302703,False,False,False,False,False,False
2024-08-21 16:00:00,PRD-A,1.2850763393767728,0.13119459675919276,0.8523794717071191,1.297434156718313,1.7424888417295068,0.0,0.16734056156420887,0.5467016146302703,False,False,False,False,False,False
2024-08-28 00:00:00,PRD-A,1.1796782239795915,0.10539811539718125,0.8523794717071191,1.297434156718313,1.7424888417295068,0.0,0.16734056156420887,0.5467016146302703,False,False,False,False,False,False
2024-08-28 08:00:00,PRD-A,1.2341580971846025,0.05447987320501091,0.8523794717071191,1.297434156718313,1.7424888417295068,0.0,0.16734056156420887,0.5467016146302703,False,False,False,False,False,False
2024-08-28 16:00:00,PRD-A,1.5066224738800944,0.27246437669549195,0.8523794717071191,1.297434156718313,1.7424888417295068,0.0,0.16734056156420887,0.5467016146302703,False,False,False,False,False,False
2024-08-29 00:00:00,PRD-A,1.3502626592518645,0.1563598146282299,0.8523794717071191,1.297434156718313,1.7424888417295068,0.0,0.16734056156420887,0.5467016146302703,False,False,False,False,False,False
2024-08-29 08:00:00,PRD-A,1.3606018872480226,0.010339227996158051,0.8523794717071191,1.297434156718313,1.7424888417295068,0.0,0.16734056156420887,0.5467016146302703,False,False,False,False,False,False
2024-08-29 16:00:00,PRD-A,1.5349517680632974,0.1743498808152748,0.8523794717071191,1.297434156718313,1.7424888417295068,0.0,0.16734056156420887,0.5467016146302703,False,False,False,False,False,False
2024-09-05 00:00:00,PRD-A,1.1939843767566292,0.3409673913066682,0.8523794717071191,1.297434156718313,1.7424888417295068,0.0,0.16734056156420887,0.5467016146302703,False,False,False,False,False,False
2024-09-05 08:00:00,PRD-A,1.3275651696262127,0.13358079286958358,0.8523794717071191,1.297434156718313,1.7424888417295068,0.0,0.16734056156420887,0.5467016146302703,False,False,False,False,False,False
2024-09-05 16:00:00,PRD-A,1.4950711919712774,0.16750602234506462,0.8523794717071191,1.297434156718313,1.7424888417295068,0.0,0.16734056156420887,0.5467016146302703,False,False,False,False,False,False
2024-09-06 00:00:00,PRD-A,1.3813153886992589,0.11375580327201851,0.8523794717071191,1.297434156718313,1.7424888417295068,0.0,0.16734056156420887,0.5467016146302703,False,False,False,False,False,False
2024-09-06 08:00:00,PRD-A,1.1413948919763597,0.23992049672289917,0.8523794717071191,1.297434156718313,1.7424888417295068,0.0,0.16734056156420887,0.5467016146302703,False,False,False,False,False,False
2024-09-06 16:00:00,PRD-A,1.41381706260167,0.27242217062531027,0.8523794717071191,1.297434156718313,1.7424888417295068,0.0,0.16734056156420887,0.5467016146302703,False,False,False,False,False,False
2024-09-13 00:00:00,PRD-A,1.2770884113616865,0.13672865123998346,0.8523794717071191,1.297434156718313,1.7424888417295068,0.0,0.16734056156420887,0.5467016146302703,False,False,False,False,False,False
2024-09-13 08:00:00,PRD-A,1.4282835041240205,0.151195092762334,0.8523794717071191,1.297434156718313,1.7424888417295068,0.0,0.16734056156420887,0.5467016146302703,False,False,False,False,False,False
2024-09-13 16:00:00,PRD-A,1.3798615500510212,0.04842195407299932,0.8523794717071191,1.297434156718313,1.7424888417295068,0.0,0.16734056156420887,0.5467016146302703,False,False,False,False,False,False
2024-09-14 00:00:00,PRD-A,1.2514473575419858,0.1284141925090354,0.8523794717071191,1.297434156718313,1.7424888417295068,0.0,0.16734056156420887,0.5467016146302703,False,False,False,False,False,False
2024-09-14 08:00:00,PRD-A,1.347316662554431,0.09586930501244528,0.8523794717071191,1.297434156718313,1.7424888417295068,0.0,0.16734056156420887,0.5467016146302703,False,False,False,False,False,False
2024-09-14 16:00:00,PRD-A,1.329091952622728,0.018224709931702998,0.8523794717071191,1.297434156718313,1.7424888417295068,0.0,0.16734056156420887,0.5467016146302703,False,False,False,False,False,False
2024-09-21 00:00:00,PRD-A,1.1788349356761971,0.15025701694653093,0.8523794717071191,1.297434156718313,1.7424888417295068,0.0,0.16734056156420887,0.5467016146302703,False,False,False,False,False,False
2024-09-21 08:00:00,PRD-A,1.004483492602223,0.1743514430739741,0.8523794717071191,1.297434156718313,1.7424888417295068,0.0,0.16734056156420887,0.5467016146302703,False,False,False,False,False,False
2024-09-21 16:00:00,PRD-A,1.061755143364495,0.05727165076227192,0.8523794717071191,1.297434156718313,1.7424888417295068,0.0,0.16734056156420887,0.5467016146302703,False,False,False,False,False,False
2024-09-22 00:00:00,PRD-A,0.9117180341294776,0.15003710923501734,0.8523794717071191,1.297434156718313,1.7424888417295068,0.0,0.16734056156420887,0.5467016146302703,False,False,False,False,False,False
2024-09-22 08:00:00,PRD-A,1.1026690329851534,0.1909509988556758,0.8523794717071191,1.297434156718313,1.7424888417295068,0.0,0.16734056156420887,0.5467016146302703,False,False,True,False,True,False
2024-09-22 16:00:00,PRD-A,1.2336555961303095,0.1309865631451561,0.8523794717071191,1.297434156718313,1.7424888417295068,0.0,0.16734056156420887,0.5467016146302703,False,False,True,False,True,False
2024-09-29 00:00:00,PRD-A,1.2147593446237044,0.018896251506605122,0.8523794717071191,1.297434156718313,1.7424888417295068,0.0,0.16734056156420887,0.5467016146302703,False,False,False,False,False,False
2024-09-29 08:00:00,PRD-A,1.1274165628643364,0.08734278175936794,0.8523794717071191,1.297434156718313,1.7424888417295068,0.0,0.16734056156420887,0.5467016146302703,False,False,False,True,True,False
2024-09-29 16:00:00,PRD-A,1.1428405966037065,0.015424033739370069,0.8523794717071191,1.297434156718313,1.7424888417295068,0.0,0.16734056156420887,0.5467016146302703,False,False,False,True,True,False
2024-09-30 00:00:00,PRD-A,1.307814216786033,0.16497362018232642,0.8523794717071191,1.297434156718313,1.7424888417295068,0.0,0.16734056156420887,0.5467016146302703,False,False,False,False,False,False
2024-09-30 08:00:00,PRD-A,0.9836224140492101,0.3241918027368228,0.8523794717071191,1.297434156718313,1.7424888417295068,0.0,0.16734056156420887,0.5467016146302703,False,False,False,False,False,False
2024-09-30 16:00:00,PRD-A,1.1881636243459444,0.20454121029673422,0.8523794717071191,1.297434156718313,1.7424888417295068,0.0,0.16734056156420887,0.5467016146302703,False,False,False,False,False,False
2024-10-07 00:00:00,PRD-A,1.4859756052313133,0.297811980885369,0.8523794717071191,1.297434156718313,1.7424888417295068,0.0,0.16734056156420887,0.5467016146302703,False,False,False,False,False,False
2024-10-07 08:00:00,PRD-A,1.2612650646232941,0.2247105406080192,0.8523794717071191,1.297434156718313,1.7424888417295068,0.0,0.16734056156420887,0.5467016146302703,False,False,False,False,False,False
2024-10-07 16:00:00,PRD-A,1.406039388750638,0.1447743241273438,0.8523794717071191,1.297434156718313,1.7424888417295068,0.0,0.16734056156420887,0.5467016146302703,False,False,False,False,False,False
2024-10-08 00:00:00,PRD-A,1.3428830146501638,0.06315637410047414,0.8523794717071191,1.297434156718313,1.7424888417295068,0.0,0.16734056156420887,0.5467016146302703,False,False,False,False,False,False
2024-10-08 08:00:00,PRD-A,1.5493079200749083,0.20642490542474445,0.8523794717071191,1.297434156718313,1.7424888417295068,0.0,0.16734056156420887,0.5467016146302703,False,False,False,False,False,False
2024-10-08 16:00:00,PRD-A,1.6410143826253727,0.09170646255046444,0.8523794717071191,1.297434156718313,1.7424888417295068,0.0,0.16734056156420887,0.5467016146302703,False,False,False,False,False,False
2024-10-15 00:00:00,PRD-A,1.3353836449232277,0.305630737702145,0.8523794717071191,1.297434156718313,1.7424888417295068,0.0,0.16734056156420887,0.5467016146302703,False,False,False,False,False,False
2024-10-15 08:00:00,PRD-A,1.2990205118900784,0.03636313303314931,0.8523794717071191,1.297434156718313,1.7424888417295068,0.0,0.16734056156420887,0.5467016146302703,False,False,False,False,False,False
2024-10-15 16:00:00,PRD-A,1.3006897457054873,0.0016692338154089548,0.8523794717071191,1.297434156718313,1.7424888417295068,0.0,0.16734056156420887,0.5467016146302703,False,False,False,False,False,False
2024-10-16 00:00:00,PRD-A,0.8800174475640947,0.4206722981413926,0.8523794717071191,1.297434156718313,1.7424888417295068,0.0,0.16734056156420887,0.5467016146302703,False,False,False,False,False,False
2024-10-16 08:00:00,PRD-A,1.2292407165521282,0.34922326898803346,0.8523794717071191,1.297434156718313,1.7424888417295068,0.0,0.16734056156420887,0.5467016146302703,False,False,False,False,False,False
2024-10-16 16:00:00,PRD-A,1.1290978441473865,0.10014287240474173,0.8523794717071191,1.297434156718313,1.7424888417295068,0.0,0.16734056156420887,0.5467016146302703,False,False,False,False,False,False
2024-10-23 00:00:00,PRD-A,1.405985141276128,0.2768872971287415,0.8523794717071191,1.297434156718313,1.7424888417295068,0.0,0.16734056156420887,0.5467016146302703,False,False,False,False,False,False
2024-10-23 08:00:00,PRD-A,1.4992319900666984,0.09324684879057044,0.8523794717071191,1.297434156718313,1.7424888417295068,0.0,0.16734056156420887,0.5467016146302703,False,False,False,False,False,False
2024-10-23 16:00:00,PRD-A,1.6724673342378908,0.17323534417119246,0.8523794717071191,1.297434156718313,1.7424888417295068,0.0,0.16734056156420887,0.5467016146302703,False,False,False,False,False,False
2024-10-24 00:00:00,PRD-A,1.6130881668567727,0.05937916738111815,0.8523794717071191,1.297434156718313,1.7424888417295068,0.0,0.16734056156420887,0.5467016146302703,False,True,False,False,True,False
2024-10-24 08:00:00,PRD-A,1.421689650257387,0.19139851659938567,0.8523794717071191,1.297434156718313,1.7424888417295068,0.0,0.16734056156420887,0.5467016146302703,False,True,False,False,True,False
2024-10-24 16:00:00,PRD-A,1.6270201867666916,0.20533053650930455,0.8523794717071191,1.297434156718313,1.7424888417295068,0.0,0.16734056156420887,0.5467016146302703,False,True,True,False,True,False
2024-10-31 00:00:00,PRD-A,1.3569998720193992,0.2700203147472924,0.8523794717071191,1.297434156718313,1.7424888417295068,0.0,0.16734056156420887,0.5467016146302703,False,False,False,False,False,False
2024-10-31 08:00:00,PRD-A,1.4749621322070818,0.11796226018768263,0.8523794717071191,1.297434156718313,1.7424888417295068,0.0,0.16734056156420887,0.5467016146302703,False,False,False,True,True,False
2024-10-31 16:00:00,PRD-A,1.5802318878947421,0.10526975568766028,0.8523794717071191,1.297434156718313,1.7424888417295068,0.0,0.16734056156420887,0.5467016146302703,False,False,False,True,True,False
2024-11-01 00:00:00,PRD-A,1.0048542163935634,0.5753776715011787,0.8523794717071191,1.297434156718313,1.7424888417295068,0.0,0.16734056156420887,0.5467016146302703,False,False,False,False,False,True
2024-11-01 08:00:00,PRD-A,1.12871559315662,0.12386137676305653,0.8523794717071191,1.297434156718313,1.7424888417295068,0.0,0.16734056156420887,0.5467016146302703,False,False,False,False,False,False
2024-11-01 16:00:00,PRD-A,1.1727978981437723,0.044082304987152376,0.8523794717071191,1.297434156718313,1.7424888417295068,0.0,0.16734056156420887,0.5467016146302703,False,False,False,False,False,False
2024-11-08 00:00:00,PRD-A,1.5465026761144156,0.3737047779706433,0.8523794717071191,1.297434156718313,1.7424888417295068,0.0,0.16734056156420887,0.5467016146302703,False,False,False,False,False,False
2024-11-08 08:00:00,PRD-A,1.6196463896696554,0.07314371355523974,0.8523794717071191,1.297434156718313,1.7424888417295068,0.0,0.16734056156420887,0.5467016146302703,False,False,False,False,False,False
2024-11-08 16:00:00,PRD-A,1.8625240714301619,0.2428776817605065,0.8523794717071191,1.297434156718313,1.7424888417295068,0.0,0.16734056156420887,0.5467016146302703,True,True,False,False,True,False
2024-11-09 00:00:00,PRD-A,1.55831816825761,0.3042059031725519,0.8523794717071191,1.297434156718313,1.7424888417295068,0.0,0.16734056156420887,0.5467016146302703,False,True,True,False,True,False
2024-11-09 08:00:00,PRD-A,0.973096041814273,0.5852221264433369,0.8523794717071191,1.297434156718313,1.7424888417295068,0.0,0.16734056156420887,0.5467016146302703,False,False,True,False,True,True
2024-11-09 16:00:00,PRD-A,1.2851689279136551,0.3120728860993821,0.8523794717071191,1.297434156718313,1.7424888417295068,0.0,0.16734056156420887,0.5467016146302703,False,False,False,False,False,False
2024-11-16 00:00:00,PRD-A,1.0903047327653186,0.19486419514833653,0.8523794717071191,1.297434156718313,1.7424888417295068,0.0,0.16734056156420887,0.5467016146302703,False,False,False,False,False,False
2024-11-16 08:00:00,PRD-A,1.062582921275723,0.027721811489595627,0.8523794717071191,1.297434156718313,1.7424888417295068,0.0,0.16734056156420887,0.5467016146302703,False,False,False,False,False,False
2024-11-16 16:00:00,PRD-A,1.293633081790219,0.23105016051449612,0.8523794717071191,1.297434156718313,1.7424888417295068,0.0,0.16734056156420887,0.5467016146302703,False,False,False,False,False,False
2024-11-17 00:00:00,PRD-A,1.2859043535889934,0.007728728201225721,0.8523794717071191,1.297434156718313,1.7424888417295068,0.0,0.16734056156420887,0.5467016146302703,False,False,False,False,False,False
2024-11-17 08:00:00,PRD-A,1.2803593713649342,0.005544982224059192,0.8523794717071191,1.297434156718313,1.7424888417295068,0.0,0.16734056156420887,0.5467016146302703,False,False,False,False,False,False
2024-11-17 16:00:00,PRD-A,1.5836678654905492,0.303308494125615,0.8523794717071191,1.297434156718313,1.7424888417295068,0.0,0.16734056156420887,0.5467016146302703,False,False,False,False,False,False
2024-11-24 00:00:00,PRD-A,1.316856857527893,0.2668110079626562,0.8523794717071191,1.297434156718313,1.7424888417295068,0.0,0.16734056156420887,0.5467016146302703,False,False,False,False,False,False
2024-11-24 08:00:00,PRD-A,1.4872156922619706,0.17035883473407765,0.8523794717071191,1.297434156718313,1.7424888417295068,0.0,0.16734056156420887,0.5467016146302703,False,False,False,False,False,False
2024-11-24 16:00:00,PRD-A,1.6607494759159112,0.17353378365394057,0.8523794717071191,1.297434156718313,1.7424888417295068,0.0,0.16734056156420887,0.5467016146302703,False,False,False,False,False,False
2024-11-25 00:00:00,PRD-A,1.4940908760673537,0.16665859984855746,0.8523794717071191,1.297434156718313,1.7424888417295068,0.0,0.16734056156420887,0.5467016146302703,False,False,True,False,True,False
2024-11-25 08:00:00,PRD-A,1.4529335604885658,0.04115731557878788,0.8523794717071191,1.297434156718313,1.7424888417295068,0.0,0.16734056156420887,0.5467016146302703,False,False,True,False,True,False
2024-11-25 16:00:00,PRD-A,1.80997984794048,0.35704628745191425,0.8523794717071191,1.297434156718313,1.7424888417295068,0.0,0.16734056156420887,0.5467016146302703,True,False,True,False,True,False
2024-12-02 00:00:00,PRD-A,1.354243454824968,0.45573639311551206,0.8523794717071191,1.297434156718313,1.7424888417295068,0.0,0.16734056156420887,0.5467016146302703,False,False,True,True,True,False
2024-12-02 08:00:00,PRD-A,1.4049202569917456,0.05067680216677761,0.8523794717071191,1.297434156718313,1.7424888417295068,0.0,0.16734056156420887,0.5467016146302703,False,False,False,True,True,False
2024-12-02 16:00:00,PRD-A,1.6617189125446317,0.25679865555288606,0.8523794717071191,1.297434156718313,1.7424888417295068,0.0,0.16734056156420887,0.5467016146302703,False,False,False,True,True,False
2024-12-03 00:00:00,PRD-A,1.4743147353723125,0.18740417717231916,0.8523794717071191,1.297434156718313,1.7424888417295068,0.0,0.16734056156420887,0.5467016146302703,False,False,False,True,True,False
2024-12-03 08:00:00,PRD-A,1.4542787302844,0.02003600508791248,0.8523794717071191,1.297434156718313,1.7424888417295068,0.0,0.16734056156420887,0.5467016146302703,False,False,False,True,True,False
2024-12-03 16:00:00,PRD-A,1.4807560206732842,0.026477290388884134,0.8523794717071191,1.297434156718313,1.7424888417295068,0.0,0.16734056156420887,0.5467016146302703,False,False,True,True,True,False
2024-12-10 00:00:00,PRD-A,1.5368974811245275,0.05614146045124335,0.8523794717071191,1.297434156718313,1.7424888417295068,0.0,0.16734056156420887,0.5467016146302703,False,False,True,True,True,False
2024-12-10 08:00:00,PRD-A,1.3879589195657325,0.14893856155879504,0.8523794717071191,1.297434156718313,1.7424888417295068,0.0,0.16734056156420887,0.5467016146302703,False,False,True,True,True,False
2024-12-10 16:00:00,PRD-A,1.735650111323018,0.3476911917572856,0.8523794717071191,1.297434156718313,1.7424888417295068,0.0,0.16734056156420887,0.5467016146302703,False,False,True,True,True,False
2024-12-11 00:00:00,PRD-A,1.539665052169665,0.19598505915335296,0.8523794717071191,1.297434156718313,1.7424888417295068,0.0,0.16734056156420887,0.5467016146302703,False,False,True,True,True,False
2024-12-11 08:00:00,PRD-A,1.4695198874206006,0.07014516474906451,0.8523794717071191,1.297434156718313,1.7424888417295068,0.0,0.16734056156420887,0.5467016146302703,False,False,True,True,True,False
2024-12-11 16:00:00,PRD-A,1.6013046696395623,0.13178478221896173,0.8523794717071191,1.297434156718313,1.7424888417295068,0.0,0.16734056156420887,0.5467016146302703,False,False,True,True,True,False
2024-12-18 00:00:00,PRD-A,1.3229467864497517,0.2783578831898106,0.8523794717071191,1.297434156718313,1.7424888417295068,0.0,0.16734056156420887,0.5467016146302703,False,False,True,True,True,False
2024-12-18 08:00:00,PRD-A,1.434843702734019,0.11189691628426734,0.8523794717071191,1.297434156718313,1.7424888417295068,0.0,0.16734056156420887,0.5467016146302703,False,False,False,True,True,False
2024-12-18 16:00:00,PRD-A,1.135968565435403,0.29887513729861603,0.8523794717071191,1.297434156718313,1.7424888417295068,0.0,0.16734056156420887,0.5467016146302703,False,False,False,False,False,False
2024-12-19 00:00:00,PRD-A,1.3574790920963513,0.22151052666094828,0.8523794717071191,1.297434156718313,1.7424888417295068,0.0,0.16734056156420887,0.5467016146302703,False,False,False,False,False,False
2024-12-19 08:00:00,PRD-A,1.2001108614507132,0.1573682306456381,0.8523794717071191,1.297434156718313,1.7424888417295068,0.0,0.16734056156420887,0.5467016146302703,False,False,False,False,False,False
2024-12-19 16:00:00,PRD-A,1.179975719945734,0.020135141504979304,0.8523794717071191,1.297434156718313,1.7424888417295068,0.0,0.16734056156420887,0.5467016146302703,False,False,False,False,False,False
2024-12-26 00:00:00,PRD-A,1.4739853232689881,0.2940096033232542,0.8523794717071191,1.297434156718313,1.7424888417295068,0.0,0.16734056156420887,0.5467016146302703,False,False,False,False,False,False
2024-12-26 08:00:00,PRD-A,0.9612666209856409,0.5127187022833473,0.8523794717071191,1.297434156718313,1.7424888417295068,0.0,0.16734056156420887,0.5467016146302703,False,False,False,False,False,False
2024-12-26 16:00:00,PRD-A,1.320635908351531,0.35936928736589024,0.8523794717071191,1.297434156718313,1.7424888417295068,0.0,0.16734056156420887,0.5467016146302703,False,False,False,False,False,False
2024-12-27 00:00:00,PRD-A,1.0172493116840782,0.30338659666745293,0.8523794717071191,1.297434156718313,1.7424888417295068,0.0,0.16734056156420887,0.5467016146302703,False,False,False,False,False,False
2024-12-27 08:00:00,PRD-A,1.0618312834613912,0.044581971777313045,0.8523794717071191,1.297434156718313,1.7424888417295068,0.0,0.16734056156420887,0.5467016146302703,False,False,False,False,False,False
2024-12-27 16:00:00,PRD-A,1.244273321290809,0.1824420378294178,0.8523794717071191,1.297434156718313,1.7424888417295068,0.0,0.16734056156420887,0.5467016146302703,False,False,False,False,False,False
2025-01-03 00:00:00,PRD-A,1.1209374511534629,0.12333587013734615,0.8523794717071191,1.297434156718313,1.7424888417295068,0.0,0.16734056156420887,0.5467016146302703,False,False,False,False,False,False
2025-01-03 08:00:00,PRD-A,1.1164827368653634,0.004454714288099515,0.8523794717071191,1.297434156718313,1.7424888417295068,0.0,0.16734056156420887,0.5467016146302703,False,False,True,False,True,False
2025-01-03 16:00:00,PRD-A,1.1080892312423314,0.008393505623031983,0.8523794717071191,1.297434156718313,1.7424888417295068,0.0,0.16734056156420887,0.5467016146302703,False,False,True,False,True,False
2025-01-04 00:00:00,PRD-A,1.1981130000040345,0.09002376876170315,0.8523794717071191,1.297434156718313,1.7424888417295068,0.0,0.16734056156420887,0.5467016146302703,False,False,False,False,False,False
2025-01-04 08:00:00,PRD-A,1.234627739555833,0.0365147395517984,0.8523794717071191,1.297434156718313,1.7424888417295068,0.0,0.16734056156420887,0.5467016146302703,False,False,False,True,True,False
2025-01-04 16:00:00,PRD-A,1.2165491372479222,0.018078602307910696,0.8523794717071191,1.297434156718313,1.7424888417295068,0.0,0.16734056156420887,0.5467016146302703,False,False,False,True,True,False
2025-01-11 00:00:00,PRD-A,1.4711907854705708,0.25464164822264856,0.8523794717071191,1.297434156718313,1.7424888417295068,0.0,0.16734056156420887,0.5467016146302703,False,False,False,False,False,False
2025-01-11 08:00:00,PRD-A,1.53634218829666,0.06515140282608911,0.8523794717071191,1.297434156718313,1.7424888417295068,0.0,0.16734056156420887,0.5467016146302703,False,False,False,False,False,False
2025-01-11 16:00:00,PRD-A,1.7483769202690997,0.21203473197243983,0.8523794717071191,1.297434156718313,1.7424888417295068,0.0,0.16734056156420887,0.5467016146302703,True,False,False,False,True,False
2025-01-12 00:00:00,PRD-A,1.7195063211214088,0.028870599147690967,0.8523794717071191,1.297434156718313,1.7424888417295068,0.0,0.16734056156420887,0.5467016146302703,False,True,True,False,True,False
2025-01-12 08:00:00,PRD-A,1.76843946007542,0.0489331389540113,0.8523794717071191,1.297434156718313,1.7424888417295068,0.0,0.16734056156420887,0.5467016146302703,True,True,True,False,True,False
2025-01-12 16:00:00,PRD-A,1.7086070369473574,0.059832423128062695,0.8523794717071191,1.297434156718313,1.7424888417295068,0.0,0.16734056156420887,0.5467016146302703,False,True,True,False,True,False
2025-01-19 00:00:00,PRD-A,1.0574644491620397,0.6511425877853176,0.8523794717071191,1.297434156718313,1.7424888417295068,0.0,0.16734056156420887,0.5467016146302703,False,True,True,False,True,True
2025-01-19 08:00:00,PRD-A,1.007587024227721,0.04987742493431879,0.8523794717071191,1.297434156718313,1.7424888417295068,0.0,0.16734056156420887,0.5467016146302703,False,False,False,False,False,False
2025-01-19 16:00:00,PRD-A,1.2054217493260588,0.19783472509833788,0.8523794717071191,1.297434156718313,1.7424888417295068,0.0,0.16734056156420887,0.5467016146302703,False,False,False,False,False,False
2025-01-20 00:00:00,PRD-A,0.9958144046720897,0.20960734465396913,0.8523794717071191,1.297434156718313,1.7424888417295068,0.0,0.16734056156420887,0.5467016146302703,False,False,False,False,False,False
2025-01-20 08:00:00,PRD-A,1.2475030776740519,0.2516886730019622,0.8523794717071191,1.297434156718313,1.7424888417295068,0.0,0.16734056156420887,0.5467016146302703,False,False,False,False,False,False
2025-01-20 16:00:00,PRD-A,1.3214351508884397,0.07393207321438777,0.8523794717071191,1.297434156718313,1.7424888417295068,0.0,0.16734056156420887,0.5467016146302703,False,False,False,False,False,False
2025-01-27 00:00:00,PRD-A,1.1878500187991456,0.133585132089294,0.8523794717071191,1.297434156718313,1.7424888417295068,0.0,0.16734056156420887,0.5467016146302703,False,False,False,False,False,False
2025-01-27 08:00:00,PRD-A,1.4199532886247968,0.2321032698256511,0.8523794717071191,1.297434156718313,1.7424888417295068,0.0,0.16734056156420887,0.5467016146302703,False,False,False,False,False,False
2025-01-27 16:00:00,PRD-A,1.4993125022256686,0.07935921360087184,0.8523794717071191,1.297434156718313,1.7424888417295068,0.0,0.16734056156420887,0.5467016146302703,False,False,False,False,False,False
2025-01-28 00:00:00,PRD-A,1.4909735349633366,0.008338967262331964,0.8523794717071191,1.297434156718313,1.7424888417295068,0.0,0.16734056156420887,0.5467016146302703,False,False,False,False,False,False
2025-01-28 08:00:00,PRD-A,1.4764269009026025,0.014546634060734087,0.8523794717071191,1.297434156718313,1.7424888417295068,0.0,0.16734056156420887,0.5467016146302703,False,False,False,False,False,False
2025-01-28 16:00:00,PRD-A,1.649326585618793,0.17289968471619055,0.8523794717071191,1.297434156718313,1.7424888417295068,0.0,0.16734056156420887,0.5467016146302703,False,False,True,False,True,False
2025-02-04 00:00:00,PRD-A,1.4538170214503003,0.19550956416849274,0.8523794717071191,1.297434156718313,1.7424888417295068,0.0,0.16734056156420887,0.5467016146302703,False,False,True,False,True,False
2025-02-04 08:00:00,PRD-A,1.2445267005032141,0.20929032094708622,0.8523794717071191,1.297434156718313,1.7424888417295068,0.0,0.16734056156420887,0.5467016146302703,False,False,True,False,True,False
2025-02-04 16:00:00,PRD-A,1.629153900208727,0.38462719970551285,0.8523794717071191,1.297434156718313,1.7424888417295068,0.0,0.16734056156420887,0.5467016146302703,False,False,True,False,True,False
2025-02-05 00:00:00,PRD-A,1.39344514430799,0.23570875590073692,0.8523794717071191,1.297434156718313,1.7424888417295068,0.0,0.16734056156420887,0.5467016146302703,False,False,False,False,False,False
2025-02-05 08:00:00,PRD-A,1.370920104113994,0.022525040193996038,0.8523794717071191,1.297434156718313,1.7424888417295068,0.0,0.16734056156420887,0.5467016146302703,False,False,False,False,False,False
2025-02-05 16:00:00,PRD-A,1.4185068716179585,0.04758676750396451,0.8523794717071191,1.297434156718313,1.7424888417295068,0.0,0.16734056156420887,0.5467016146302703,False,False,False,False,False,False
2025-02-12 00:00:00,PRD-A,1.1807184734228333,0.2377883981951252,0.8523794717071191,1.297434156718313,1.7424888417295068,0.0,0.16734056156420887,0.5467016146302703,False,False,False,False,False,False
2025-02-12 08:00:00,PRD-A,1.107169217490323,0.07354925593251038,0.8523794717071191,1.297434156718313,1.7424888417295068,0.0,0.16734056156420887,0.5467016146302703,False,False,False,False,False,False
2025-02-12 16:00:00,PRD-A,1.4852803595075117,0.37811114201718876,0.8523794717071191,1.297434156718313,1.7424888417295068,0.0,0.16734056156420887,0.5467016146302703,False,False,False,False,False,False
2025-02-13 00:00:00,PRD-A,1.2929035451060948,0.19237681440141685,0.8523794717071191,1.297434156718313,1.7424888417295068,0.0,0.16734056156420887,0.5467016146302703,False,False,False,False,False,False
2025-02-13 08:00:00,PRD-A,1.6116414974921178,0.318737952386023,0.8523794717071191,1.297434156718313,1.7424888417295068,0.0,0.16734056156420887,0.5467016146302703,False,False,False,False,False,False
2025-02-13 16:00:00,PRD-A,1.2784410726129032,0.33320042487921464,0.8523794717071191,1.297434156718313,1.7424888417295068,0.0,0.16734056156420887,0.5467016146302703,False,False,False,False,False,False
2025-02-20 00:00:00,PRD-A,1.3169596152619676,0.0385185426490644,0.8523794717071191,1.297434156718313,1.7424888417295068,0.0,0.16734056156420887,0.5467016146302703,False,False,False,False,False,False
2025-02-20 08:00:00,PRD-A,1.2287711349225818,0.08818848033938576,0.8523794717071191,1.297434156718313,1.7424888417295068,0.0,0.16734056156420887,0.5467016146302703,False,False,False,False,False,False
2025-02-20 16:00:00,PRD-A,1.2807840091763452,0.05201287425376333,0.8523794717071191,1.297434156718313,1.7424888417295068,0.0,0.16734056156420887,0.5467016146302703,False,False,False,False,False,False
2025-02-21 00:00:00,PRD-A,1.3730968794978349,0.09231287032148972,0.8523794717071191,1.297434156718313,1.7424888417295068,0.0,0.16734056156420887,0.5467016146302703,False,False,False,False,False,False
2025-02-21 08:00:00,PRD-A,1.082467018948458,0.2906298605493769,0.8523794717071191,1.297434156718313,1.7424888417295068,0.0,0.16734056156420887,0.5467016146302703,False,False,False,False,False,False
2025-02-21 16:00:00,PRD-A,1.088634231916186,0.006167212967727931,0.8523794717071191,1.297434156718313,1.7424888417295068,0.0,0.16734056156420887,0.5467016146302703,False,False,False,False,False,False
2025-02-28 00:00:00,PRD-A,1.0523520199650136,0.036282211951172316,0.8523794717071191,1.297434156718313,1.7424888417295068,0.0,0.16734056156420887,0.5467016146302703,False,False,False,False,False,False
2025-02-28 08:00:00,PRD-A,1.082204574265056,0.0298525543000423,0.8523794717071191,1.297434156718313,1.7424888417295068,0.0,0.16734056156420887,0.5467016146302703,False,False,True,False,True,False
2025-02-28 16:00:00,PRD-A,1.2516937319614927,0.1694891576964368,0.8523794717071191,1.297434156718313,1.7424888417295068,0.0,0.16734056156420887,0.5467016146302703,False,False,True,False,True,False
2025-03-01 00:00:00,PRD-A,1.1525918417421046,0.09910189021938809,0.8523794717071191,1.297434156718313,1.7424888417295068,0.0,0.16734056156420887,0.5467016146302703,False,False,False,False,False,False
2025-03-01 08:00:00,PRD-A,1.3412513985983143,0.18865955685620972,0.8523794717071191,1.297434156718313,1.7424888417295068,0.0,0.16734056156420887,0.5467016146302703,False,False,False,False,False,False
2025-03-01 16:00:00,PRD-A,1.4380278739647663,0.09677647536645195,0.8523794717071191,1.297434156718313,1.7424888417295068,0.0,0.16734056156420887,0.5467016146302703,False,False,False,False,False,False
2025-03-08 00:00:00,PRD-A,1.3890374533839922,0.048990420580774074,0.8523794717071191,1.297434156718313,1.7424888417295068,0.0,0.16734056156420887,0.5467016146302703,False,False,False,False,False,False
2025-03-08 08:00:00,PRD-A,1.2263546598171386,0.16268279356685356,0.8523794717071191,1.297434156718313,1.7424888417295068,0.0,0.16734056156420887,0.5467016146302703,False,False,False,False,False,False
2025-03-08 16:00:00,PRD-A,1.6161559842618078,0.3898013244446692,0.8523794717071191,1.297434156718313,1.7424888417295068,0.0,0.16734056156420887,0.5467016146302703,False,False,False,False,False,False
2025-03-09 00:00:00,PRD-A,1.4686461406841533,0.1475098435776545,0.8523794717071191,1.297434156718313,1.7424888417295068,0.0,0.16734056156420887,0.5467016146302703,False,False,False,False,False,False
2025-03-09 08:00:00,PRD-A,1.2820578253074233,0.18658831537673004,0.8523794717071191,1.297434156718313,1.7424888417295068,0.0,0.16734056156420887,0.5467016146302703,False,False,False,False,False,False
2025-03-09 16:00:00,PRD-A,1.4311409601851415,0.14908313487771818,0.8523794717071191,1.297434156718313,1.7424888417295068,0.0,0.16734056156420887,0.5467016146302703,False,False,False,False,False,False
2025-03-16 00:00:00,PRD-A,1.2269616736811133,0.20417928650402817,0.8523794717071191,1.297434156718313,1.7424888417295068,0.0,0.16734056156420887,0.5467016146302703,False,False,False,False,False,False
2025-03-16 08:00:00,PRD-A,1.2261164028841498,0.0008452707969635043,0.8523794717071191,1.297434156718313,1.7424888417295068,0.0,0.16734056156420887,0.5467016146302703,False,False,False,False,False,False
2025-03-16 16:00:00,PRD-A,1.7128583706247618,0.48674196774061196,0.8523794717071191,1.297434156718313,1.7424888417295068,0.0,0.16734056156420887,0.5467016146302703,False,False,False,False,False,False
2025-03-17 00:00:00,PRD-A,1.4425682247003242,0.27029014592443756,0.8523794717071191,1.297434156718313,1.7424888417295068,0.0,0.16734056156420887,0.5467016146302703,False,False,False,False,False,False
2025-03-17 08:00:00,PRD-A,1.2368213101136518,0.20574691458667238,0.8523794717071191,1.297434156718313,1.7424888417295068,0.0,0.16734056156420887,0.5467016146302703,False,False,False,False,False,False
2025-03-17 16:00:00,PRD-A,1.7277239793123902,0.4909026691987384,0.8523794717071191,1.297434156718313,1.7424888417295068,0.0,0.16734056156420887,0.5467016146302703,False,False,False,False,False,False
2025-03-24 00:00:00,PRD-A,1.5375473118358287,0.19017666747656148,0.8523794717071191,1.297434156718313,1.7424888417295068,0.0,0.16734056156420887,0.5467016146302703,False,False,False,False,False,False
2025-03-24 08:00:00,PRD-A,1.3022729173472203,0.23527439448860843,0.8523794717071191,1.297434156718313,1.7424888417295068,0.0,0.16734056156420887,0.5467016146302703,False,False,False,False,False,False
2025-03-24 16:00:00,PRD-A,1.5484603457591732,0.24618742841195296,0.8523794717071191,1.297434156718313,1.7424888417295068,0.0,0.16734056156420887,0.5467016146302703,False,False,False,False,False,False
2025-03-25 00:00:00,PRD-A,1.3151320685497245,0.2333282772094487,0.8523794717071191,1.297434156718313,1.7424888417295068,0.0,0.16734056156420887,0.5467016146302703,False,False,False,False,False,False
2025-03-25 08:00:00,PRD-A,1.3297971208139094,0.014665052264184908,0.8523794717071191,1.297434156718313,1.7424888417295068,0.0,0.16734056156420887,0.5467016146302703,False,False,False,False,False,False
2025-03-25 16:00:00,PRD-A,1.6596758652282322,0.32987874441432274,0.8523794717071191,1.297434156718313,1.7424888417295068,0.0,0.16734056156420887,0.5467016146302703,False,False,False,False,False,False
2025-04-01 00:00:00,PRD-A,1.353024745231792,0.3066511199964401,0.8523794717071191,1.297434156718313,1.7424888417295068,0.0,0.16734056156420887,0.5467016146302703,False,False,False,True,True,False
2025-04-01 08:00:00,PRD-A,1.3559338702432848,0.0029091250114927636,0.8523794717071191,1.297434156718313,1.7424888417295068,0.0,0.16734056156420887,0.5467016146302703,False,False,False,True,True,False
2025-04-01 16:00:00,PRD-A,1.4229049543856545,0.06697108414236963,0.8523794717071191,1.297434156718313,1.7424888417295068,0.0,0.16734056156420887,0.5467016146302703,False,False,False,True,True,False
2025-04-02 00:00:00,PRD-A,1.3000390405322773,0.1228659138533772,0.8523794717071191,1.297434156718313,1.7424888417295068,0.0,0.16734056156420887,0.5467016146302703,False,False,False,True,True,False
2025-04-02 08:00:00,PRD-A,1.336412723475357,0.03637368294307963,0.8523794717071191,1.297434156718313,1.7424888417295068,0.0,0.16734056156420887,0.5467016146302703,False,False,False,True,True,False
2025-04-02 16:00:00,PRD-A,1.4029019392987894,0.06648921582343248,0.8523794717071191,1.297434156718313,1.7424888417295068,0.0,0.16734056156420887,0.5467016146302703,False,False,False,True,True,False
2025-04-09 00:00:00,PRD-A,1.0614147354638732,0.34148720383491615,0.8523794717071191,1.297434156718313,1.7424888417295068,0.0,0.16734056156420887,0.5467016146302703,False,False,False,False,False,False
2025-04-09 08:00:00,PRD-A,1.0455495503970353,0.015865185066837872,0.8523794717071191,1.297434156718313,1.7424888417295068,0.0,0.16734056156420887,0.5467016146302703,False,False,False,False,False,False
2025-04-09 16:00:00,PRD-A,1.1573414418144314,0.1117918914173961,0.8523794717071191,1.297434156718313,1.7424888417295068,0.0,0.16734056156420887,0.5467016146302703,False,False,False,False,False,False
2025-04-10 00:00:00,PRD-A,1.0578066533797312,0.0995347884347002,0.8523794717071191,1.297434156718313,1.7424888417295068,0.0,0.16734056156420887,0.5467016146302703,False,False,False,False,False,False
2025-04-10 08:00:00,PRD-A,1.2383033264745082,0.18049667309477702,0.8523794717071191,1.297434156718313,1.7424888417295068,0.0,0.16734056156420887,0.5467016146302703,False,False,False,False,False,False
2025-04-10 16:00:00,PRD-A,1.282278907110301,0.043975580635792655,0.8523794717071191,1.297434156718313,1.7424888417295068,0.0,0.16734056156420887,0.5467016146302703,False,False,False,False,False,False
2025-04-17 00:00:00,PRD-A,1.1975000993258182,0.08477880778448266,0.8523794717071191,1.297434156718313,1.7424888417295068,0.0,0.16734056156420887,0.5467016146302703,False,False,False,False,False,False
2025-04-17 08:00:00,PRD-A,0.8736883576273895,0.32381174169842875,0.8523794717071191,1.297434156718313,1.7424888417295068,0.0,0.16734056156420887,0.5467016146302703,False,False,False,True,True,False
2025-04-17 16:00:00,PRD-A,1.1778215636525182,0.3041332060251287,0.8523794717071191,1.297434156718313,1.7424888417295068,0.0,0.16734056156420887,0.5467016146302703,False,False,False,True,True,False
2025-04-18 00:00:00,PRD-A,1.1827829715699008,0.004961407917382532,0.8523794717071191,1.297434156718313,1.7424888417295068,0.0,0.16734056156420887,0.5467016146302703,False,False,False,True,True,False
2025-04-18 08:00:00,PRD-A,1.2068913123189486,0.024108340749047885,0.8523794717071191,1.297434156718313,1.7424888417295068,0.0,0.16734056156420887,0.5467016146302703,False,False,False,True,True,False
2025-04-18 16:00:00,PRD-A,1.2798218328177333,0.07293052049878468,0.8523794717071191,1.297434156718313,1.7424888417295068,0.0,0.16734056156420887,0.5467016146302703,False,False,False,True,True,False
2025-04-25 00:00:00,PRD-A,1.164900787620352,0.11492104519738122,0.8523794717071191,1.297434156718313,1.7424888417295068,0.0,0.16734056156420887,0.5467016146302703,False,False,False,True,True,False
2025-04-25 08:00:00,PRD-A,1.074980995164323,0.0899197924560291,0.8523794717071191,1.297434156718313,1.7424888417295068,0.0,0.16734056156420887,0.5467016146302703,False,False,False,True,True,False
2025-04-25 16:00:00,PRD-A,1.4018333963765428,0.3268524012122198,0.8523794717071191,1.297434156718313,1.7424888417295068,0.0,0.16734056156420887,0.5467016146302703,False,False,False,False,False,False
2025-04-26 00:00:00,PRD-A,1.1664208812334715,0.23541251514307127,0.8523794717071191,1.297434156718313,1.7424888417295068,0.0,0.16734056156420887,0.5467016146302703,False,False,False,False,False,False
2025-04-26 08:00:00,PRD-A,1.2544487068088324,0.08802782557536082,0.8523794717071191,1.297434156718313,1.7424888417295068,0.0,0.16734056156420887,0.5467016146302703,False,False,False,False,False,False
2025-04-26 16:00:00,PRD-A,1.3720001876020584,0.11755148079322608,0.8523794717071191,1.297434156718313,1.7424888417295068,0.0,0.16734056156420887,0.5467016146302703,False,False,False,False,False,False
2025-05-03 00:00:00,PRD-A,1.6070678184717315,0.23506763086967308,0.8523794717071191,1.297434156718313,1.7424888417295068,0.0,0.16734056156420887,0.5467016146302703,False,False,False,False,False,False
2025-05-03 08:00:00,PRD-A,1.4503832907789858,0.15668452769274577,0.8523794717071191,1.297434156718313,1.7424888417295068,0.0,0.16734056156420887,0.5467016146302703,False,False,False,False,False,False
2025-05-03 16:00:00,PRD-A,1.1052800101869436,0.3451032805920422,0.8523794717071191,1.297434156718313,1.7424888417295068,0.0,0.16734056156420887,0.5467016146302703,False,False,False,False,False,False
2025-05-04 00:00:00,PRD-A,1.2044427007200043,0.0991626905330607,0.8523794717071191,1.297434156718313,1.7424888417295068,0.0,0.16734056156420887,0.5467016146302703,False,False,False,False,False,False
2025-05-04 08:00:00,PRD-A,1.146058087818023,0.05838461290198116,0.8523794717071191,1.297434156718313,1.7424888417295068,0.0,0.16734056156420887,0.5467016146302703,False,False,False,False,False,False
2025-05-04 16:00:00,PRD-A,1.2802328300987946,0.13417474228077153,0.8523794717071191,1.297434156718313,1.7424888417295068,0.0,0.16734056156420887,0.5467016146302703,False,False,False,False,False,False
2025-05-11 00:00:00,PRD-A,0.9657645478039475,0.31446828229484713,0.8523794717071191,1.297434156718313,1.7424888417295068,0.0,0.16734056156420887,0.5467016146302703,False,False,False,False,False,False
2025-05-11 08:00:00,PRD-A,1.3294202556911061,0.3636557078871586,0.8523794717071191,1.297434156718313,1.7424888417295068,0.0,0.16734056156420887,0.5467016146302703,False,False,False,False,False,False
2025-05-11 16:00:00,PRD-A,1.1244389154923993,0.20498134019870684,0.8523794717071191,1.297434156718313,1.7424888417295068,0.0,0.16734056156420887,0.5467016146302703,False,False,False,False,False,False
2025-05-12 00:00:00,PRD-A,0.9946500203943116,0.12978889509808766,0.8523794717071191,1.297434156718313,1.7424888417295068,0.0,0.16734056156420887,0.5467016146302703,False,False,False,False,False,False
2025-05-12 08:00:00,PRD-A,0.9444814433192673,0.050168577075044296,0.8523794717071191,1.297434156718313,1.7424888417295068,0.0,0.16734056156420887,0.5467016146302703,False,True,True,False,True,False
2025-05-12 16:00:00,PRD-A,0.9390301449927146,0.005451298326552667,0.8523794717071191,1.297434156718313,1.7424888417295068,0.0,0.16734056156420887,0.5467016146302703,False,True,True,False,True,False
2025-05-19 00:00:00,PRD-A,1.0939408459243016,0.154910700931587,0.8523794717071191,1.297434156718313,1.7424888417295068,0.0,0.16734056156420887,0.5467016146302703,False,True,True,False,True,False
2025-05-19 08:00:00,PRD-A,1.3031443963663099,0.20920355044200822,0.8523794717071191,1.297434156718313,1.7424888417295068,0.0,0.16734056156420887,0.5467016146302703,False,False,True,False,True,False
2025-05-19 16:00:00,PRD-A,1.347066244704153,0.04392184833784318,0.8523794717071191,1.297434156718313,1.7424888417295068,0.0,0.16734056156420887,0.5467016146302703,False,False,False,False,False,False
2025-05-20 00:00:00,PRD-A,1.3322823135738917,0.01478393113026133,0.8523794717071191,1.297434156718313,1.7424888417295068,0.0,0.16734056156420887,0.5467016146302703,False,False,False,False,False,False
2025-05-20 08:00:00,PRD-A,1.1286051847093552,0.20367712886453648,0.8523794717071191,1.297434156718313,1.7424888417295068,0.0,0.16734056156420887,0.5467016146302703,False,False,False,False,False,False
2025-05-20 16:00:00,PRD-A,1.3058678380890594,0.17726265337970415,0.8523794717071191,1.297434156718313,1.7424888417295068,0.0,0.16734056156420887,0.5467016146302703,False,False,False,False,False,False
2025-05-27 00:00:00,PRD-A,1.0071733518916786,0.2986944861973808,0.8523794717071191,1.297434156718313,1.7424888417295068,0.0,0.16734056156420887,0.5467016146302703,False,False,False,False,False,False
2025-05-27 08:00:00,PRD-A,1.287620854225687,0.2804475023340085,0.8523794717071191,1.297434156718313,1.7424888417295068,0.0,0.16734056156420887,0.5467016146302703,False,False,False,False,False,False
2025-05-27 16:00:00,PRD-A,1.2539203067997478,0.03370054742593931,0.8523794717071191,1.297434156718313,1.7424888417295068,0.0,0.16734056156420887,0.5467016146302703,False,False,False,False,False,False
2025-05-28 00:00:00,PRD-A,1.3440962395666036,0.09017593276685587,0.8523794717071191,1.297434156718313,1.7424888417295068,0.0,0.16734056156420887,0.5467016146302703,False,False,False,False,False,False
2025-05-28 08:00:00,PRD-A,1.1999310857958736,0.14416515377073003,0.8523794717071191,1.297434156718313,1.7424888417295068,0.0,0.16734056156420887,0.5467016146302703,False,False,False,False,False,False
2025-05-28 16:00:00,PRD-A,1.4841721887300983,0.28424110293422467,0.8523794717071191,1.297434156718313,1.7424888417295068,0.0,0.16734056156420887,0.5467016146302703,False,False,False,False,False,False
2025-06-04 00:00:00,PRD-A,1.2983705529765737,0.1858016357535246,0.8523794717071191,1.297434156718313,1.7424888417295068,0.0,0.16734056156420887,0.5467016146302703,False,False,False,False,False,False
2025-06-04 08:00:00,PRD-A,1.2655455093277204,0.0328250436488533,0.8523794717071191,1.297434156718313,1.7424888417295068,0.0,0.16734056156420887,0.5467016146302703,False,False,False,False,False,False
2025-06-04 16:00:00,PRD-A,1.4498867162533622,0.18434120692564182,0.8523794717071191,1.297434156718313,1.7424888417295068,0.0,0.16734056156420887,0.5467016146302703,False,False,False,False,False,False
2025-06-05 00:00:00,PRD-A,1.4371182164046707,0.01276849984869144,0.8523794717071191,1.297434156718313,1.7424888417295068,0.0,0.16734056156420887,0.5467016146302703,False,False,False,False,False,False
2025-06-05 08:00:00,PRD-A,1.5371826818160583,0.10006446541138758,0.8523794717071191,1.297434156718313,1.7424888417295068,0.0,0.16734056156420887,0.5467016146302703,False,False,False,False,False,False
2025-06-05 16:00:00,PRD-A,1.4131986410142194,0.12398404080183889,0.8523794717071191,1.297434156718313,1.7424888417295068,0.0,0.16734056156420887,0.5467016146302703,False,False,False,False,False,False
2025-06-12 00:00:00,PRD-A,1.1629568773335832,0.2502417636806362,0.8523794717071191,1.297434156718313,1.7424888417295068,0.0,0.16734056156420887,0.5467016146302703,False,False,False,False,False,False
2025-06-12 08:00:00,PRD-A,1.39656877238744,0.23361189505385682,0.8523794717071191,1.297434156718313,1.7424888417295068,0.0,0.16734056156420887,0.5467016146302703,False,False,False,False,False,False
2025-06-12 16:00:00,PRD-A,1.5604544711139203,0.1638856987264803,0.8523794717071191,1.297434156718313,1.7424888417295068,0.0,0.16734056156420887,0.5467016146302703,False,False,False,False,False,False
2025-06-13 00:00:00,PRD-A,1.496033268284987,0.06442120282893327,0.8523794717071191,1.297434156718313,1.7424888417295068,0.0,0.16734056156420887,0.5467016146302703,False,False,False,False,False,False
2025-06-13 08:00:00,PRD-A,1.5482895992948547,0.052256331009867596,0.8523794717071191,1.297434156718313,1.7424888417295068,0.0,0.16734056156420887,0.5467016146302703,False,False,False,False,False,False
2025-06-13 16:00:00,PRD-A,1.5002991653004585,0.047990433994396176,0.8523794717071191,1.297434156718313,1.7424888417295068,0.0,0.16734056156420887,0.5467016146302703,False,False,True,False,True,False
2025-06-20 00:00:00,PRD-A,1.3519506501081906,0.14834851519226788,0.8523794717071191,1.297434156718313,1.7424888417295068,0.0,0.16734056156420887,0.5467016146302703,False,False,True,False,True,False
2025-06-20 08:00:00,PRD-A,1.3174947040849527,0.03445594602323787,0.8523794717071191,1.297434156718313,1.7424888417295068,0.0,0.16734056156420887,0.5467016146302703,False,False,False,False,False,False
2025-06-20 16:00:00,PRD-A,1.5325970822004762,0.21510237811552346,0.8523794717071191,1.297434156718313,1.7424888417295068,0.0,0.16734056156420887,0.5467016146302703,False,False,False,True,True,False
2025-06-21 00:00:00,PRD-A,1.658930236122194,0.12633315392171784,0.8523794717071191,1.297434156718313,1.7424888417295068,0.0,0.16734056156420887,0.5467016146302703,False,False,False,True,True,False
2025-06-21 08:00:00,PRD-A,1.3613957200918663,0.29753451603032777,0.8523794717071191,1.297434156718313,1.7424888417295068,0.0,0.16734056156420887,0.5467016146302703,False,False,False,True,True,False
2025-06-21 16:00:00,PRD-A,1.536919673551503,0.17552395345963667,0.8523794717071191,1.297434156718313,1.7424888417295068,0.0,0.16734056156420887,0.5467016146302703,False,False,False,True,True,False
2025-06-28 00:00:00,PRD-A,0.9336279647887016,0.6032917087628014,0.8523794717071191,1.297434156718313,1.7424888417295068,0.0,0.16734056156420887,0.5467016146302703,False,False,False,False,False,True
2025-06-28 08:00:00,PRD-A,1.1040830106282198,0.1704550458395182,0.8523794717071191,1.297434156718313,1.7424888417295068,0.0,0.16734056156420887,0.5467016146302703,False,False,False,False,False,False
2025-06-28 16:00:00,PRD-A,1.186429789173929,0.08234677854570926,0.8523794717071191,1.297434156718313,1.7424888417295068,0.0,0.16734056156420887,0.5467016146302703,False,False,False,False,False,False
2025-06-29 00:00:00,PRD-A,1.2038860824718567,0.01745629329792764,0.8523794717071191,1.297434156718313,1.7424888417295068,0.0,0.16734056156420887,0.5467016146302703,False,False,False,False,False,False
2025-06-29 08:00:00,PRD-A,1.124431219851541,0.07945486262031576,0.8523794717071191,1.297434156718313,1.7424888417295068,0.0,0.16734056156420887,0.5467016146302703,False,False,False,False,False,False
2025-06-29 16:00:00,PRD-A,1.4458899699358032,0.3214587500842623,0.8523794717071191,1.297434156718313,1.7424888417295068,0.0,0.16734056156420887,0.5467016146302703,False,False,False,False,False,False
2024-01-07 00:00:00,PRD-A,1.2278885602618363,0.21800140967396686,0.8523794717071191,1.297434156718313,1.7424888417295068,0.0,0.16734056156420887,0.5467016146302703,False,False,False,False,False,False
2024-01-07 08:00:00,PRD-A,1.2801839810264655,0.05229542076462912,0.8523794717071191,1.297434156718313,1.7424888417295068,0.0,0.16734056156420887,0.5467016146302703,False,False,False,False,False,False
2024-01-07 16:00:00,PRD-A,1.5250758912003395,0.24489191017387402,0.8523794717071191,1.297434156718313,1.7424888417295068,0.0,0.16734056156420887,0.5467016146302703,False,False,False,False,False,False
2024-01-08 00:00:00,PRD-A,1.4741769158967541,0.050898975303585337,0.8523794717071191,1.297434156718313,1.7424888417295068,0.0,0.16734056156420887,0.5467016146302703,False,False,False,False,False,False
2024-01-08 08:00:00,PRD-A,1.3219741988341902,0.15220271706256394,0.8523794717071191,1.297434156718313,1.7424888417295068,0.0,0.16734056156420887,0.5467016146302703,False,False,False,False,False,False
2024-01-08 16:00:00,PRD-A,1.5546011353470728,0.23262693651288258,0.8523794717071191,1.297434156718313,1.7424888417295068,0.0,0.16734056156420887,0.5467016146302703,False,False,False,False,False,False
2024-01-15 00:00:00,PRD-A,1.1680809241441856,0.38652021120288715,0.8523794717071191,1.297434156718313,1.7424888417295068,0.0,0.16734056156420887,0.5467016146302703,False,False,False,False,False,False
2024-01-15 08:00:00,PRD-A,1.3268450916366161,0.1587641674924305,0.8523794717071191,1.297434156718313,1.7424888417295068,0.0,0.16734056156420887,0.5467016146302703,False,False,False,False,False,False
2024-01-15 16:00:00,PRD-A,1.344141858735049,0.017296767098432975,0.8523794717071191,1.297434156718313,1.7424888417295068,0.0,0.16734056156420887,0.5467016146302703,False,False,False,False,False,False
2024-01-16 00:00:00,PRD-A,1.4230957467253966,0.07895388799034753,0.8523794717071191,1.297434156718313,1.7424888417295068,0.0,0.16734056156420887,0.5467016146302703,False,False,False,False,False,False
2024-01-16 08:00:00,PRD-A,1.464022565349408,0.04092681862401126,0.8523794717071191,1.297434156718313,1.7424888417295068,0.0,0.16734056156420887,0.5467016146302703,False,False,False,False,False,False
2024-01-16 16:00:00,PRD-A,1.4981166734355322,0.03409410808612434,0.8523794717071191,1.297434156718313,1.7424888417295068,0.0,0.16734056156420887,0.5467016146302703,False,False,False,False,False,False
2024-01-23 00:00:00,PRD-A,1.0387107702651237,0.4594059031704085,0.8523794717071191,1.297434156718313,1.7424888417295068,0.0,0.16734056156420887,0.5467016146302703,False,False,False,False,False,False
2024-01-23 08:00:00,PRD-A,0.9610112615218367,0.07769950874328702,0.8523794717071191,1.297434156718313,1.7424888417295068,0.0,0.16734056156420887,0.5467016146302703,False,False,False,False,False,False
2024-01-23 16:00:00,PRD-A,1.2577810443685657,0.29676978284672906,0.8523794717071191,1.297434156718313,1.7424888417295068,0.0,0.16734056156420887,0.5467016146302703,False,False,False,False,False,False
2024-01-24 00:00:00,PRD-A,1.114335589730474,0.14344545463809166,0.8523794717071191,1.297434156718313,1.7424888417295068,0.0,0.16734056156420887,0.5467016146302703,False,False,False,False,False,False
2024-01-24 08:00:00,PRD-A,0.9723344379274295,0.14200115180304462,0.8523794717071191,1.297434156718313,1.7424888417295068,0.0,0.16734056156420887,0.5467016146302703,False,False,True,False,True,False
2024-01-24 16:00:00,PRD-A,1.2447933660350678,0.2724589281076384,0.8523794717071191,1.297434156718313,1.7424888417295068,0.0,0.16734056156420887,0.5467016146302703,False,False,False,False,False,False
2024-01-31 00:00:00,PRD-A,1.2119405864382835,0.03285277959678434,0.8523794717071191,1.297434156718313,1.7424888417295068,0.0,0.16734056156420887,0.5467016146302703,False,False,False,False,False,False
2024-01-31 08:00:00,PRD-A,1.2315817646925047,0.01964117825422118,0.8523794717071191,1.297434156718313,1.7424888417295068,0.0,0.16734056156420887,0.5467016146302703,False,False,False,True,True,False
2024-01-31 16:00:00,PRD-A,1.178824002865727,0.052757761826777605,0.8523794717071191,1.297434156718313,1.7424888417295068,0.0,0.16734056156420887,0.5467016146302703,False,False,False,True,True,False
2024-02-01 00:00:00,PRD-A,1.0100831146737468,0.1687408881919803,0.8523794717071191,1.297434156718313,1.7424888417295068,0.0,0.16734056156420887,0.5467016146302703,False,False,False,True,True,False
2024-02-01 08:00:00,PRD-A,0.9711303584616598,0.038952756212086936,0.8523794717071191,1.297434156718313,1.7424888417295068,0.0,0.16734056156420887,0.5467016146302703,False,False,False,True,True,False
2024-02-01 16:00:00,PRD-A,1.0319756520350165,0.06084529357335666,0.8523794717071191,1.297434156718313,1.7424888417295068,0.0,0.16734056156420887,0.5467016146302703,False,False,False,True,True,False
2024-02-08 00:00:00,PRD-A,1.3849496251110858,0.35297397307606926,0.8523794717071191,1.297434156718313,1.7424888417295068,0.0,0.16734056156420887,0.5467016146302703,False,False,False,False,False,False
2024-02-08 08:00:00,PRD-A,1.37777174911315,0.007177875997935734,0.8523794717071191,1.297434156718313,1.7424888417295068,0.0,0.16734056156420887,0.5467016146302703,False,False,False,False,False,False
2024-02-08 16:00:00,PRD-A,1.542991526033539,0.16521977692038892,0.8523794717071191,1.297434156718313,1.7424888417295068,0.0,0.16734056156420887,0.5467016146302703,False,False,False,False,False,False
2024-02-09 00:00:00,PRD-A,1.3266805025276673,0.2163110235058716,0.8523794717071191,1.297434156718313,1.7424888417295068,0.0,0.16734056156420887,0.5467016146302703,False,False,False,False,False,False
2024-02-09 08:00:00,PRD-A,1.338255767059809,0.011575264532141638,0.8523794717071191,1.297434156718313,1.7424888417295068,0.0,0.16734056156420887,0.5467016146302703,False,False,False,False,False,False
2024-02-09 16:00:00,PRD-A,1.4820769171519765,0.14382115009216756,0.8523794717071191,1.297434156718313,1.7424888417295068,0.0,0.16734056156420887,0.5467016146302703,False,False,False,False,False,False
2024-02-16 00:00:00,PRD-A,1.235207415245091,0.2468695019068856,0.8523794717071191,1.297434156718313,1.7424888417295068,0.0,0.16734056156420887,0.5467016146302703,False,False,False,False,False,False
2024-02-16 08:00:00,PRD-A,1.362164177956946,0.12695676271185508,0.8523794717071191,1.297434156718313,1.7424888417295068,0.0,0.16734056156420887,0.5467016146302703,False,False,False,False,False,False
2024-02-16 16:00:00,PRD-A,1.5099557352960336,0.14779155733908755,0.8523794717071191,1.297434156718313,1.7424888417295068,0.0,0.16734056156420887,0.5467016146302703,False,False,False,False,False,False
2024-02-17 00:00:00,PRD-A,1.2852542927673387,0.22470144252869484,0.8523794717071191,1.297434156718313,1.7424888417295068,0.0,0.16734056156420887,0.5467016146302703,False,False,False,False,False,False
2024-02-17 08:00:00,PRD-A,1.3746768621161816,0.08942256934884285,0.8523794717071191,1.297434156718313,1.7424888417295068,0.0,0.16734056156420887,0.5467016146302703,False,False,False,False,False,False
2024-02-17 16:00:00,PRD-A,1.424006881482686,0.049330019366504496,0.8523794717071191,1.297434156718313,1.7424888417295068,0.0,0.16734056156420887,0.5467016146302703,False,False,False,False,False,False
2024-02-24 00:00:00,PRD-A,1.1715919315592318,0.25241494992345426,0.8523794717071191,1.297434156718313,1.7424888417295068,0.0,0.16734056156420887,0.5467016146302703,False,False,False,False,False,False
2024-02-24 08:00:00,PRD-A,0.9565641328225722,0.21502779873665956,0.8523794717071191,1.297434156718313,1.7424888417295068,0.0,0.16734056156420887,0.5467016146302703,False,False,False,False,False,False
2024-02-24 16:00:00,PRD-A,1.315054260874048,0.35849012805147584,0.8523794717071191,1.297434156718313,1.7424888417295068,0.0,0.16734056156420887,0.5467016146302703,False,False,False,False,False,False
2024-02-25 00:00:00,PRD-A,1.1465332487465607,0.16852101212748738,0.8523794717071191,1.297434156718313,1.7424888417295068,0.0,0.16734056156420887,0.5467016146302703,False,False,False,False,False,False
2024-02-25 08:00:00,PRD-A,1.2378578291418312,0.09132458039527047,0.8523794717071191,1.297434156718313,1.7424888417295068,0.0,0.16734056156420887,0.5467016146302703,False,False,False,False,False,False
2024-02-25 16:00:00,PRD-A,1.3261166617532216,0.08825883261139045,0.8523794717071191,1.297434156718313,1.7424888417295068,0.0,0.16734056156420887,0.5467016146302703,False,False,False,False,False,False
2024-03-03 00:00:00,PRD-A,1.2488788683941148,0.07723779335910685,0.8523794717071191,1.297434156718313,1.7424888417295068,0.0,0.16734056156420887,0.5467016146302703,False,False,False,False,False,False
2024-03-03 08:00:00,PRD-A,1.2237899253515159,0.0250889430425989,0.8523794717071191,1.297434156718313,1.7424888417295068,0.0,0.16734056156420887,0.5467016146302703,False,False,False,False,False,False
2024-03-03 16:00:00,PRD-A,1.444415687745502,0.22062576239398624,0.8523794717071191,1.297434156718313,1.7424888417295068,0.0,0.16734056156420887,0.5467016146302703,False,False,False,False,False,False
2024-03-04 00:00:00,PRD-A,1.484798242631642,0.04038255488613984,0.8523794717071191,1.297434156718313,1.7424888417295068,0.0,0.16734056156420887,0.5467016146302703,False,False,False,False,False,False
2024-03-04 08:00:00,PRD-A,1.3185323057070306,0.16626593692461134,0.8523794717071191,1.297434156718313,1.7424888417295068,0.0,0.16734056156420887,0.5467016146302703,False,False,False,False,False,False
2024-03-04 16:00:00,PRD-A,1.5463415904789202,0.22780928477188955,0.8523794717071191,1.297434156718313,1.7424888417295068,0.0,0.16734056156420887,0.5467016146302703,False,False,False,False,False,False
2024-03-11 00:00:00,PRD-A,1.3455760279652396,0.2007655625136806,0.8523794717071191,1.297434156718313,1.7424888417295068,0.0,0.16734056156420887,0.5467016146302703,False,False,False,False,False,False
2024-03-11 08:00:00,PRD-A,1.4143614103954347,0.06878538243019516,0.8523794717071191,1.297434156718313,1.7424888417295068,0.0,0.16734056156420887,0.5467016146302703,False,False,False,False,False,False
2024-03-11 16:00:00,PRD-A,1.4211444779008335,0.00678306750539881,0.8523794717071191,1.297434156718313,1.7424888417295068,0.0,0.16734056156420887,0.5467016146302703,False,False,False,False,False,False
2024-03-12 00:00:00,PRD-A,1.4697823822006548,0.04863790429982129,0.8523794717071191,1.297434156718313,1.7424888417295068,0.0,0.16734056156420887,0.5467016146302703,False,False,False,True,True,False
2024-03-12 08:00:00,PRD-A,1.5097825642064089,0.04000018200575406,0.8523794717071191,1.297434156718313,1.7424888417295068,0.0,0.16734056156420887,0.5467016146302703,False,False,False,True,True,False
2024-03-12 16:00:00,PRD-A,1.7165646588974133,0.2067820946910044,0.8523794717071191,1.297434156718313,1.7424888417295068,0.0,0.16734056156420887,0.5467016146302703,False,False,False,True,True,False
2024-03-19 00:00:00,PRD-A,1.2739809921059762,0.4425836667914371,0.8523794717071191,1.297434156718313,1.7424888417295068,0.0,0.16734056156420887,0.5467016146302703,False,False,False,False,False,False
2024-03-19 08:00:00,PRD-A,1.352286028061862,0.0783050359558859,0.8523794717071191,1.297434156718313,1.7424888417295068,0.0,0.16734056156420887,0.5467016146302703,False,False,False,False,False,False
2024-03-19 16:00:00,PRD-A,1.4687823526967108,0.11649632463484871,0.8523794717071191,1.297434156718313,1.7424888417295068,0.0,0.16734056156420887,0.5467016146302703,False,False,False,False,False,False
2024-03-20 00:00:00,PRD-A,1.4444889762439361,0.02429337645277463,0.8523794717071191,1.297434156718313,1.7424888417295068,0.0,0.16734056156420887,0.5467016146302703,False,False,False,False,False,False
2024-03-20 08:00:00,PRD-A,1.4921116340250606,0.04762265778112451,0.8523794717071191,1.297434156718313,1.7424888417295068,0.0,0.16734056156420887,0.5467016146302703,False,False,False,False,False,False
2024-03-20 16:00:00,PRD-A,1.6191887631467614,0.12707712912170077,0.8523794717071191,1.297434156718313,1.7424888417295068,0.0,0.16734056156420887,0.5467016146302703,False,False,False,False,False,False
2024-03-27 00:00:00,PRD-A,1.1046327777254026,0.5145559854213588,0.8523794717071191,1.297434156718313,1.7424888417295068,0.0,0.16734056156420887,0.5467016146302703,False,False,False,False,False,False
2024-03-27 08:00:00,PRD-A,1.1889866951650745,0.08435391743967191,0.8523794717071191,1.297434156718313,1.7424888417295068,0.0,0.16734056156420887,0.5467016146302703,False,False,False,False,False,False
2024-03-27 16:00:00,PRD-A,1.2714318920500787,0.08244519688500418,0.8523794717071191,1.297434156718313,1.7424888417295068,0.0,0.16734056156420887,0.5467016146302703,False,False,False,False,False,False
2024-03-28 00:00:00,PRD-A,1.1436069444049288,0.12782494764514984,0.8523794717071191,1.297434156718313,1.7424888417295068,0.0,0.16734056156420887,0.5467016146302703,False,False,False,False,False,False
2024-03-28 08:00:00,PRD-A,0.99480635338934,0.14880059101558885,0.8523794717071191,1.297434156718313,1.7424888417295068,0.0,0.16734056156420887,0.5467016146302703,False,False,False,False,False,False
2024-03-28 16:00:00,PRD-A,1.3495636995378641,0.35475734614852417,0.8523794717071191,1.297434156718313,1.7424888417295068,0.0,0.16734056156420887,0.5467016146302703,False,False,False,False,False,False
2024-04-04 00:00:00,PRD-A,1.3936265534208985,0.044062853883034325,0.8523794717071191,1.297434156718313,1.7424888417295068,0.0,0.16734056156420887,0.5467016146302703,False,False,False,False,False,False
2024-04-04 08:00:00,PRD-A,1.2877076889665537,0.10591886445434473,0.8523794717071191,1.297434156718313,1.7424888417295068,0.0,0.16734056156420887,0.5467016146302703,False,False,False,False,False,False
2024-04-04 16:00:00,PRD-A,1.3352194030858984,0.04751171411934463,0.8523794717071191,1.297434156718313,1.7424888417295068,0.0,0.16734056156420887,0.5467016146302703,False,False,False,False,False,False
2024-04-05 00:00:00,PRD-A,1.370966203887999,0.03574680080210069,0.8523794717071191,1.297434156718313,1.7424888417295068,0.0,0.16734056156420887,0.5467016146302703,False,False,False,False,False,False
2024-04-05 08:00:00,PRD-A,1.3649494158193614,0.006016788068637702,0.8523794717071191,1.297434156718313,1.7424888417295068,0.0,0.16734056156420887,0.5467016146302703,False,False,False,False,False,False
2024-04-05 16:00:00,PRD-A,1.6182983281623935,0.25334891234303214,0.8523794717071191,1.297434156718313,1.7424888417295068,0.0,0.16734056156420887,0.5467016146302703,False,False,False,False,False,False
2024-04-12 00:00:00,PRD-A,0.9740260924813107,0.6442722356810828,0.8523794717071191,1.297434156718313,1.7424888417295068,0.0,0.16734056156420887,0.5467016146302703,False,False,False,False,False,True
2024-04-12 08:00:00,PRD-A,1.2481854819892648,0.27415938950795415,0.8523794717071191,1.297434156718313,1.7424888417295068,0.0,0.16734056156420887,0.5467016146302703,False,False,False,False,False,False
2024-04-12 16:00:00,PRD-A,1.2833733772584532,0.03518789526918842,0.8523794717071191,1.297434156718313,1.7424888417295068,0.0,0.16734056156420887,0.5467016146302703,False,False,False,False,False,False
2024-04-13 00:00:00,PRD-A,1.3591934221643023,0.07582004490584904,0.8523794717071191,1.297434156718313,1.7424888417295068,0.0,0.16734056156420887,0.5467016146302703,False,False,False,False,False,False
2024-04-13 08:00:00,PRD-A,1.30947422922544,0.04971919293886229,0.8523794717071191,1.297434156718313,1.7424888417295068,0.0,0.16734056156420887,0.5467016146302703,False,False,False,False,False,False
2024-04-13 16:00:00,PRD-A,1.2293325774577475,0.0801416517676925,0.8523794717071191,1.297434156718313,1.7424888417295068,0.0,0.16734056156420887,0.5467016146302703,False,False,False,False,False,False
2024-04-20 00:00:00,PRD-A,1.3673901473858143,0.13805756992806684,0.8523794717071191,1.297434156718313,1.7424888417295068,0.0,0.16734056156420887,0.5467016146302703,False,False,False,False,False,False
2024-04-20 08:00:00,PRD-A,1.053989643721335,0.31340050366447936,0.8523794717071191,1.297434156718313,1.7424888417295068,0.0,0.16734056156420887,0.5467016146302703,False,False,False,False,False,False
2024-04-20 16:00:00,PRD-A,1.170970903938223,0.11698126021688804,0.8523794717071191,1.297434156718313,1.7424888417295068,0.0,0.16734056156420887,0.5467016146302703,False,False,False,False,False,False
2024-04-21 00:00:00,PRD-A,0.9812529457839743,0.18971795815424874,0.8523794717071191,1.297434156718313,1.7424888417295068,0.0,0.16734056156420887,0.5467016146302703,False,False,False,False,False,False
2024-04-21 08:00:00,PRD-A,0.8921270398081791,0.08912590597579517,0.8523794717071191,1.297434156718313,1.7424888417295068,0.0,0.16734056156420887,0.5467016146302703,False,True,False,False,True,False
2024-04-21 16:00:00,PRD-A,1.1848833460155248,0.2927563062073457,0.8523794717071191,1.297434156718313,1.7424888417295068,0.0,0.16734056156420887,0.5467016146302703,False,True,False,False,True,False
2024-04-28 00:00:00,PRD-A,1.155558743789018,0.02932460222650679,0.8523794717071191,1.297434156718313,1.7424888417295068,0.0,0.16734056156420887,0.5467016146302703,False,False,False,False,False,False
2024-04-28 08:00:00,PRD-A,1.12488956481597,0.030669178973047995,0.8523794717071191,1.297434156718313,1.7424888417295068,0.0,0.16734056156420887,0.5467016146302703,False,False,False,False,False,False
2024-04-28 16:00:00,PRD-A,1.2050122210882768,0.08012265627230675,0.8523794717071191,1.297434156718313,1.7424888417295068,0.0,0.16734056156420887,0.5467016146302703,False,False,False,True,True,False
2024-04-29 00:00:00,PRD-A,1.0502095924579538,0.154802628630323,0.8523794717071191,1.297434156718313,1.7424888417295068,0.0,0.16734056156420887,0.5467016146302703,False,False,False,True,True,False
2024-04-29 08:00:00,PRD-A,0.9523718672457249,0.09783772521222889,0.8523794717071191,1.297434156718313,1.7424888417295068,0.0,0.16734056156420887,0.5467016146302703,False,False,False,True,True,False
2024-04-29 16:00:00,PRD-A,1.2307232412180058,0.27835137397228094,0.8523794717071191,1.297434156718313,1.7424888417295068,0.0,0.16734056156420887,0.5467016146302703,False,False,False,True,True,False
2024-05-06 00:00:00,PRD-A,1.3455177472311426,0.11479450601313679,0.8523794717071191,1.297434156718313,1.7424888417295068,0.0,0.16734056156420887,0.5467016146302703,False,False,False,False,False,False
2024-05-06 08:00:00,PRD-A,1.377888377913755,0.03237063068261237,0.8523794717071191,1.297434156718313,1.7424888417295068,0.0,0.16734056156420887,0.5467016146302703,False,False,False,False,False,False
2024-05-06 16:00:00,PRD-A,1.497908671312701,0.12002029339894604,0.8523794717071191,1.297434156718313,1.7424888417295068,0.0,0.16734056156420887,0.5467016146302703,False,False,False,False,False,False
2024-05-07 00:00:00,PRD-A,1.4110690637527237,0.08683960755997733,0.8523794717071191,1.297434156718313,1.7424888417295068,0.0,0.16734056156420887,0.5467016146302703,False,False,False,False,False,False
2024-05-07 08:00:00,PRD-A,1.3134723431576891,0.09759672059503455,0.8523794717071191,1.297434156718313,1.7424888417295068,0.0,0.16734056156420887,0.5467016146302703,False,False,False,False,False,False
2024-05-07 16:00:00,PRD-A,1.5055699636197455,0.19209762046205636,0.8523794717071191,1.297434156718313,1.7424888417295068,0.0,0.16734056156420887,0.5467016146302703,False,False,False,False,False,False
2024-05-14 00:00:00,PRD-A,1.2758417371569895,0.22972822646275604,0.8523794717071191,1.297434156718313,1.7424888417295068,0.0,0.16734056156420887,0.5467016146302703,False,False,False,False,False,False
2024-05-14 08:00:00,PRD-A,1.3157917629078513,0.03995002575086182,0.8523794717071191,1.297434156718313,1.7424888417295068,0.0,0.16734056156420887,0.5467016146302703,False,False,False,False,False,False
2024-05-14 16:00:00,PRD-A,1.3834348926426072,0.06764312973475595,0.8523794717071191,1.297434156718313,1.7424888417295068,0.0,0.16734056156420887,0.5467016146302703,False,False,False,False,False,False
2024-05-15 00:00:00,PRD-A,1.2500422800151827,0.13339261262742452,0.8523794717071191,1.297434156718313,1.7424888417295068,0.0,0.16734056156420887,0.5467016146302703,False,False,False,False,False,False
2024-05-15 08:00:00,PRD-A,1.3821668643840708,0.13212458436888808,0.8523794717071191,1.297434156718313,1.7424888417295068,0.0,0.16734056156420887,0.5467016146302703,False,False,False,False,False,False
2024-05-15 16:00:00,PRD-A,1.5143886501394823,0.13222178575541155,0.8523794717071191,1.297434156718313,1.7424888417295068,0.0,0.16734056156420887,0.5467016146302703,False,False,False,False,False,False
2024-05-22 00:00:00,PRD-A,1.2138413013920677,0.3005473487474146,0.8523794717071191,1.297434156718313,1.7424888417295068,0.0,0.16734056156420887,0.5467016146302703,False,False,False,False,False,False
2024-05-22 08:00:00,PRD-A,1.5128354917061246,0.29899419031405694,0.8523794717071191,1.297434156718313,1.7424888417295068,0.0,0.16734056156420887,0.5467016146302703,False,False,False,False,False,False
2024-05-22 16:00:00,PRD-A,1.183811334505439,0.32902415720068556,0.8523794717071191,1.297434156718313,1.7424888417295068,0.0,0.16734056156420887,0.5467016146302703,False,False,False,False,False,False
2024-05-23 00:00:00,PRD-A,0.9748230811510536,0.20898825335438542,0.8523794717071191,1.297434156718313,1.7424888417295068,0.0,0.16734056156420887,0.5467016146302703,False,False,False,False,False,False
2024-05-23 08:00:00,PRD-A,0.9685886915116401,0.0062343896394135845,0.8523794717071191,1.297434156718313,1.7424888417295068,0.0,0.16734056156420887,0.5467016146302703,False,True,False,False,True,False
2024-05-23 16:00:00,PRD-A,1.0589284734073825,0.09033978189574243,0.8523794717071191,1.297434156718313,1.7424888417295068,0.0,0.16734056156420887,0.5467016146302703,False,True,False,False,True,False
2024-05-30 00:00:00,PRD-A,1.0721868060433888,0.013258332636006287,0.8523794717071191,1.297434156718313,1.7424888417295068,0.0,0.16734056156420887,0.5467016146302703,False,False,True,False,True,False
2024-05-30 08:00:00,PRD-A,1.2107725229639006,0.1385857169205118,0.8523794717071191,1.297434156718313,1.7424888417295068,0.0,0.16734056156420887,0.5467016146302703,False,False,True,False,True,False
2024-05-30 16:00:00,PRD-A,1.31737584547997,0.10660332251606941,0.8523794717071191,1.297434156718313,1.7424888417295068,0.0,0.16734056156420887,0.5467016146302703,False,False,False,False,False,False
2024-05-31 00:00:00,PRD-A,1.289450517721926,0.027925327758044016,0.8523794717071191,1.297434156718313,1.7424888417295068,0.0,0.16734056156420887,0.5467016146302703,False,False,False,False,False,False
2024-05-31 08:00:00,PRD-A,1.3617259832639086,0.07227546554198261,0.8523794717071191,1.297434156718313,1.7424888417295068,0.0,0.16734056156420887,0.5467016146302703,False,False,False,False,False,False
2024-05-31 16:00:00,PRD-A,1.2680163068194776,0.09370967644443096,0.8523794717071191,1.297434156718313,1.7424888417295068,0.0,0.16734056156420887,0.5467016146302703,False,False,False,False,False,False
2024-06-07 00:00:00,PRD-A,1.0932105846312932,0.17480572218818446,0.8523794717071191,1.297434156718313,1.7424888417295068,0.0,0.16734056156420887,0.5467016146302703,False,False,False,False,False,False
2024-06-07 08:00:00,PRD-A,1.1002798828402252,0.0070692982089319845,0.8523794717071191,1.297434156718313,1.7424888417295068,0.0,0.16734056156420887,0.5467016146302703,False,False,False,False,False,False
2024-06-07 16:00:00,PRD-A,1.3070530023277935,0.20677311948756838,0.8523794717071191,1.297434156718313,1.7424888417295068,0.0,0.16734056156420887,0.5467016146302703,False,False,False,False,False,False
2024-06-08 00:00:00,PRD-A,0.882658344150898,0.4243946581768955,0.8523794717071191,1.297434156718313,1.7424888417295068,0.0,0.16734056156420887,0.5467016146302703,False,False,False,False,False,False
2024-06-08 08:00:00,PRD-A,1.0199232873086412,0.13726494315774318,0.8523794717071191,1.297434156718313,1.7424888417295068,0.0,0.16734056156420887,0.5467016146302703,False,False,True,False,True,False
2024-06-08 16:00:00,PRD-A,1.197600128375135,0.17767684106649373,0.8523794717071191,1.297434156718313,1.7424888417295068,0.0,0.16734056156420887,0.5467016146302703,False,False,False,False,False,False
2024-06-15 00:00:00,PRD-A,1.4602471087884663,0.26264698041333134,0.8523794717071191,1.297434156718313,1.7424888417295068,0.0,0.16734056156420887,0.5467016146302703,False,False,False,False,False,False
2024-06-15 08:00:00,PRD-A,1.5332227185038225,0.07297560971535622,0.8523794717071191,1.297434156718313,1.7424888417295068,0.0,0.16734056156420887,0.5467016146302703,False,False,False,False,False,False
2024-06-15 16:00:00,PRD-A,1.5409526751650664,0.007729956661243875,0.8523794717071191,1.297434156718313,1.7424888417295068,0.0,0.16734056156420887,0.5467016146302703,False,False,False,False,False,False
2024-06-16 00:00:00,PRD-A,1.4303300384549005,0.11062263671016592,0.8523794717071191,1.297434156718313,1.7424888417295068,0.0,0.16734056156420887,0.5467016146302703,False,False,False,False,False,False
2024-06-16 08:00:00,PRD-A,1.153067416933558,0.2772626215213425,0.8523794717071191,1.297434156718313,1.7424888417295068,0.0,0.16734056156420887,0.5467016146302703,False,False,False,False,False,False
2024-06-16 16:00:00,PRD-A,1.2126184181964341,0.05955100126287616,0.8523794717071191,1.297434156718313,1.7424888417295068,0.0,0.16734056156420887,0.5467016146302703,False,False,False,False,False,False
2024-06-23 00:00:00,PRD-A,1.55758684908949,0.34496843089305584,0.8523794717071191,1.297434156718313,1.7424888417295068,0.0,0.16734056156420887,0.5467016146302703,False,False,False,False,False,False
2024-06-23 08:00:00,PRD-A,1.3848685973613029,0.1727182517281871,0.8523794717071191,1.297434156718313,1.7424888417295068,0.0,0.16734056156420887,0.5467016146302703,False,False,False,False,False,False
2024-06-23 16:00:00,PRD-A,1.7509796770323092,0.3661110796710063,0.8523794717071191,1.297434156718313,1.7424888417295068,0.0,0.16734056156420887,0.5467016146302703,True,False,False,False,True,False
2024-06-24 00:00:00,PRD-A,1.4546534001819855,0.29632627685032364,0.8523794717071191,1.297434156718313,1.7424888417295068,0.0,0.16734056156420887,0.5467016146302703,False,False,False,False,False,False
2024-06-24 08:00:00,PRD-A,1.5354111400119446,0.08075773982995904,0.8523794717071191,1.297434156718313,1.7424888417295068,0.0,0.16734056156420887,0.5467016146302703,False,False,True,False,True,False
2024-06-24 16:00:00,PRD-A,1.6680433881543786,0.13263224814243402,0.8523794717071191,1.297434156718313,1.7424888417295068,0.0,0.16734056156420887,0.5467016146302703,False,False,True,False,True,False
2024-07-01 00:00:00,PRD-A,1.26517830493748,0.4028650832168985,0.8523794717071191,1.297434156718313,1.7424888417295068,0.0,0.16734056156420887,0.5467016146302703,False,False,True,False,True,False
2024-07-01 08:00:00,PRD-A,1.0639779009432655,0.20120040399421457,0.8523794717071191,1.297434156718313,1.7424888417295068,0.0,0.16734056156420887,0.5467016146302703,False,False,False,False,False,False
2024-07-01 16:00:00,PRD-A,1.2055102136303697,0.1415323126871042,0.8523794717071191,1.297434156718313,1.7424888417295068,0.0,0.16734056156420887,0.5467016146302703,False,False,False,False,False,False
2024-07-02 00:00:00,PRD-A,1.2614298070839596,0.05591959345358988,0.8523794717071191,1.297434156718313,1.7424888417295068,0.0,0.16734056156420887,0.5467016146302703,False,False,False,False,False,False
2024-07-02 08:00:00,PRD-A,1.2988022811800486,0.037372474096089014,0.8523794717071191,1.297434156718313,1.7424888417295068,0.0,0.16734056156420887,0.5467016146302703,False,False,False,False,False,False
2024-07-02 16:00:00,PRD-A,1.4060122547410392,0.1072099735609906,0.8523794717071191,1.297434156718313,1.7424888417295068,0.0,0.16734056156420887,0.5467016146302703,False,False,False,False,False,False
2024-07-09 00:00:00,PRD-A,1.4640700369477935,0.05805778220675428,0.8523794717071191,1.297434156718313,1.7424888417295068,0.0,0.16734056156420887,0.5467016146302703,False,False,False,False,False,False
2024-07-09 08:00:00,PRD-A,1.5448645971995276,0.08079456025173415,0.8523794717071191,1.297434156718313,1.7424888417295068,0.0,0.16734056156420887,0.5467016146302703,False,False,False,False,False,False
2024-07-09 16:00:00,PRD-A,1.577075174390697,0.032210577191169376,0.8523794717071191,1.297434156718313,1.7424888417295068,0.0,0.16734056156420887,0.5467016146302703,False,False,False,False,False,False
2024-07-10 00:00:00,PRD-A,1.3466538960191083,0.23042127837158866,0.8523794717071191,1.297434156718313,1.7424888417295068,0.0,0.16734056156420887,0.5467016146302703,False,False,False,False,False,False
2024-07-10 08:00:00,PRD-A,1.3315517021167496,0.015102193902358785,0.8523794717071191,1.297434156718313,1.7424888417295068,0.0,0.16734056156420887,0.5467016146302703,False,False,False,False,False,False
2024-07-10 16:00:00,PRD-A,1.493659007752342,0.1621073056355924,0.8523794717071191,1.297434156718313,1.7424888417295068,0.0,0.16734056156420887,0.5467016146302703,False,False,False,True,True,False
2024-07-17 00:00:00,PRD-A,1.4591088401688679,0.03455016758347407,0.8523794717071191,1.297434156718313,1.7424888417295068,0.0,0.16734056156420887,0.5467016146302703,False,False,False,True,True,False
2024-07-17 08:00:00,PRD-A,1.226825898867402,0.23228294130146598,0.8523794717071191,1.297434156718313,1.7424888417295068,0.0,0.16734056156420887,0.5467016146302703,False,False,False,False,False,False
2024-07-17 16:00:00,PRD-A,1.4116954589146222,0.18486956004722033,0.8523794717071191,1.297434156718313,1.7424888417295068,0.0,0.16734056156420887,0.5467016146302703,False,False,False,False,False,False
2024-07-18 00:00:00,PRD-A,1.4961412642444083,0.08444580532978607,0.8523794717071191,1.297434156718313,1.7424888417295068,0.0,0.16734056156420887,0.5467016146302703,False,False,False,False,False,False
2024-07-18 08:00:00,PRD-A,1.4580483272317681,0.03809293701264016,0.8523794717071191,1.297434156718313,1.7424888417295068,0.0,0.16734056156420887,0.5467016146302703,False,False,False,False,False,False
2024-07-18 16:00:00,PRD-A,1.6506194317149936,0.19257110448322545,0.8523794717071191,1.297434156718313,1.7424888417295068,0.0,0.16734056156420887,0.5467016146302703,False,False,False,False,False,False
2024-07-25 00:00:00,PRD-A,1.2607107698393691,0.38990866187562445,0.8523794717071191,1.297434156718313,1.7424888417295068,0.0,0.16734056156420887,0.5467016146302703,False,False,False,False,False,False
2024-07-25 08:00:00,PRD-A,1.3667029380041704,0.10599216816480128,0.8523794717071191,1.297434156718313,1.7424888417295068,0.0,0.16734056156420887,0.5467016146302703,False,False,False,False,False,False
2024-07-25 16:00:00,PRD-A,1.564738185164539,0.19803524716036858,0.8523794717071191,1.297434156718313,1.7424888417295068,0.0,0.16734056156420887,0.5467016146302703,False,False,False,False,False,False
2024-07-26 00:00:00,PRD-A,1.6325310483203952,0.0677928631558562,0.8523794717071191,1.297434156718313,1.7424888417295068,0.0,0.16734056156420887,0.5467016146302703,False,False,False,False,False,False
2024-07-26 08:00:00,PRD-A,1.3718673039580909,0.26066374436230433,0.8523794717071191,1.297434156718313,1.7424888417295068,0.0,0.16734056156420887,0.5467016146302703,False,False,False,False,False,False
2024-07-26 16:00:00,PRD-A,1.1244944837046082,0.24737282025348262,0.8523794717071191,1.297434156718313,1.7424888417295068,0.0,0.16734056156420887,0.5467016146302703,False,False,False,False,False,False
2024-08-02 00:00:00,PRD-A,0.8753035816375039,0.24919090206710437,0.8523794717071191,1.297434156718313,1.7424888417295068,0.0,0.16734056156420887,0.5467016146302703,False,False,False,False,False,False
2024-08-02 08:00:00,PRD-A,0.9101792418499719,0.03487566021246802,0.8523794717071191,1.297434156718313,1.7424888417295068,0.0,0.16734056156420887,0.5467016146302703,False,True,False,False,True,False
2024-08-02 16:00:00,PRD-A,1.217163121932069,0.3069838800820972,0.8523794717071191,1.297434156718313,1.7424888417295068,0.0,0.16734056156420887,0.5467016146302703,False,True,False,False,True,False
2024-08-03 00:00:00,PRD-A,1.108123979444884,0.10903914248718505,0.8523794717071191,1.297434156718313,1.7424888417295068,0.0,0.16734056156420887,0.5467016146302703,False,False,True,False,True,False
2024-08-03 08:00:00,PRD-A,1.1139427473641728,0.005818767919288703,0.8523794717071191,1.297434156718313,1.7424888417295068,0.0,0.16734056156420887,0.5467016146302703,False,False,True,False,True,False
2024-08-03 16:00:00,PRD-A,1.3581053539271943,0.24416260656302158,0.8523794717071191,1.297434156718313,1.7424888417295068,0.0,0.16734056156420887,0.5467016146302703,False,False,False,False,False,False
2024-08-10 00:00:00,PRD-A,1.0394792978047735,0.3186260561224208,0.8523794717071191,1.297434156718313,1.7424888417295068,0.0,0.16734056156420887,0.5467016146302703,False,False,False,False,False,False
2024-08-10 08:00:00,PRD-A,1.0216148491569186,0.01786444864785497,0.8523794717071191,1.297434156718313,1.7424888417295068,0.0,0.16734056156420887,0.5467016146302703,False,False,True,False,True,False
2024-08-10 16:00:00,PRD-A,1.34530909297341,0.32369424381649137,0.8523794717071191,1.297434156718313,1.7424888417295068,0.0,0.16734056156420887,0.5467016146302703,False,False,False,False,False,False
2024-08-11 00:00:00,PRD-A,1.225005586464751,0.12030350650865884,0.8523794717071191,1.297434156718313,1.7424888417295068,0.0,0.16734056156420887,0.5467016146302703,False,False,False,False,False,False
2024-08-11 08:00:00,PRD-A,1.2701078369659453,0.04510225050119421,0.8523794717071191,1.297434156718313,1.7424888417295068,0.0,0.16734056156420887,0.5467016146302703,False,False,False,False,False,False
2024-08-11 16:00:00,PRD-A,1.244086983463131,0.026020853502814356,0.8523794717071191,1.297434156718313,1.7424888417295068,0.0,0.16734056156420887,0.5467016146302703,False,False,False,False,False,False
2024-08-18 00:00:00,PRD-A,1.142763222274032,0.10132376118909892,0.8523794717071191,1.297434156718313,1.7424888417295068,0.0,0.16734056156420887,0.5467016146302703,False,False,False,False,False,False
2024-08-18 08:00:00,PRD-A,1.1600144919083004,0.017251269634268374,0.8523794717071191,1.297434156718313,1.7424888417295068,0.0,0.16734056156420887,0.5467016146302703,False,False,False,False,False,False
2024-08-18 16:00:00,PRD-A,1.4190802070992652,0.2590657151909648,0.8523794717071191,1.297434156718313,1.7424888417295068,0.0,0.16734056156420887,0.5467016146302703,False,False,False,False,False,False
2024-08-19 00:00:00,PRD-A,1.240686932323237,0.17839327477602818,0.8523794717071191,1.297434156718313,1.7424888417295068,0.0,0.16734056156420887,0.5467016146302703,False,False,False,False,False,False
2024-08-19 08:00:00,PRD-A,1.3350641563725,0.09437722404926308,0.8523794717071191,1.297434156718313,1.7424888417295068,0.0,0.16734056156420887,0.5467016146302703,False,False,False,False,False,False
2024-08-19 16:00:00,PRD-A,1.448720264226617,0.11365610785411695,0.8523794717071191,1.297434156718313,1.7424888417295068,0.0,0.16734056156420887,0.5467016146302703,False,False,False,False,False,False
2024-08-26 00:00:00,PRD-A,1.362416601005531,0.08630366322108607,0.8523794717071191,1.297434156718313,1.7424888417295068,0.0,0.16734056156420887,0.5467016146302703,False,False,False,False,False,False
2024-08-26 08:00:00,PRD-A,1.4895433336693036,0.1271267326637726,0.8523794717071191,1.297434156718313,1.7424888417295068,0.0,0.16734056156420887,0.5467016146302703,False,False,False,False,False,False
2024-08-26 16:00:00,PRD-A,1.0261369269886327,0.4634064066806709,0.8523794717071191,1.297434156718313,1.7424888417295068,0.0,0.16734056156420887,0.5467016146302703,False,False,False,False,False,False
2024-08-27 00:00:00,PRD-A,1.0404864532995044,0.014349526310871719,0.8523794717071191,1.297434156718313,1.7424888417295068,0.0,0.16734056156420887,0.5467016146302703,False,False,False,False,False,False
2024-08-27 08:00:00,PRD-A,1.0944359921203812,0.05394953882087683,0.8523794717071191,1.297434156718313,1.7424888417295068,0.0,0.16734056156420887,0.5467016146302703,False,False,False,False,False,False
2024-08-27 16:00:00,PRD-A,1.1268950201933587,0.032459028072977514,0.8523794717071191,1.297434156718313,1.7424888417295068,0.0,0.16734056156420887,0.5467016146302703,False,False,True,False,True,False
2024-09-03 00:00:00,PRD-A,1.0859171343325842,0.040977885860774554,0.8523794717071191,1.297434156718313,1.7424888417295068,0.0,0.16734056156420887,0.5467016146302703,False,False,True,False,True,False
2024-09-03 08:00:00,PRD-A,1.373835415892923,0.2879182815603387,0.8523794717071191,1.297434156718313,1.7424888417295068,0.0,0.16734056156420887,0.5467016146302703,False,False,True,False,True,False
2024-09-03 16:00:00,PRD-A,1.4596277284402064,0.08579231254728348,0.8523794717071191,1.297434156718313,1.7424888417295068,0.0,0.16734056156420887,0.5467016146302703,False,False,False,False,False,False
2024-09-04 00:00:00,PRD-A,1.4013893261910084,0.05823840224919796,0.8523794717071191,1.297434156718313,1.7424888417295068,0.0,0.16734056156420887,0.5467016146302703,False,False,False,False,False,False
2024-09-04 08:00:00,PRD-A,0.9818164754971531,0.4195728506938553,0.8523794717071191,1.297434156718313,1.7424888417295068,0.0,0.16734056156420887,0.5467016146302703,False,False,False,False,False,False
2024-09-04 16:00:00,PRD-A,1.2507850139612824,0.26896853846412927,0.8523794717071191,1.297434156718313,1.7424888417295068,0.0,0.16734056156420887,0.5467016146302703,False,False,False,False,False,False
2024-09-11 00:00:00,PRD-A,1.4879220856421873,0.23713707168090492,0.8523794717071191,1.297434156718313,1.7424888417295068,0.0,0.16734056156420887,0.5467016146302703,False,False,False,False,False,False
2024-09-11 08:00:00,PRD-A,1.685904175356764,0.19798208971457676,0.8523794717071191,1.297434156718313,1.7424888417295068,0.0,0.16734056156420887,0.5467016146302703,False,False,False,False,False,False
2024-09-11 16:00:00,PRD-A,1.8179044542152663,0.13200027885850218,0.8523794717071191,1.297434156718313,1.7424888417295068,0.0,0.16734056156420887,0.5467016146302703,True,True,False,False,True,False
2024-09-12 00:00:00,PRD-A,1.4393168713678015,0.37858758284746474,0.8523794717071191,1.297434156718313,1.7424888417295068,0.0,0.16734056156420887,0.5467016146302703,False,True,False,False,True,False
2024-09-12 08:00:00,PRD-A,1.5369988615103505,0.09768199014254897,0.8523794717071191,1.297434156718313,1.7424888417295068,0.0,0.16734056156420887,0.5467016146302703,False,False,True,False,True,False
2024-09-12 16:00:00,PRD-A,1.7350739921169176,0.19807513060656712,0.8523794717071191,1.297434156718313,1.7424888417295068,0.0,0.16734056156420887,0.5467016146302703,False,False,True,False,True,False
2024-09-19 00:00:00,PRD-A,1.2873166584448104,0.44775733367210724,0.8523794717071191,1.297434156718313,1.7424888417295068,0.0,0.16734056156420887,0.5467016146302703,False,False,False,False,False,False
2024-09-19 08:00:00,PRD-A,1.3211247806823365,0.03380812223752616,0.8523794717071191,1.297434156718313,1.7424888417295068,0.0,0.16734056156420887,0.5467016146302703,False,False,False,False,False,False
2024-09-19 16:00:00,PRD-A,1.7907013383494133,0.46957655766707673,0.8523794717071191,1.297434156718313,1.7424888417295068,0.0,0.16734056156420887,0.5467016146302703,True,False,False,False,True,False
2024-09-20 00:00:00,PRD-A,1.4863949449001768,0.3043063934492365,0.8523794717071191,1.297434156718313,1.7424888417295068,0.0,0.16734056156420887,0.5467016146302703,False,False,False,False,False,False
2024-09-20 08:00:00,PRD-A,1.595673748437814,0.1092788035376373,0.8523794717071191,1.297434156718313,1.7424888417295068,0.0,0.16734056156420887,0.5467016146302703,False,True,False,False,True,False
2024-09-20 16:00:00,PRD-A,1.4026619600112415,0.19301178842657252,0.8523794717071191,1.297434156718313,1.7424888417295068,0.0,0.16734056156420887,0.5467016146302703,False,False,False,False,False,False
2024-09-27 00:00:00,PRD-A,1.0673091411824724,0.3353528188287691,0.8523794717071191,1.297434156718313,1.7424888417295068,0.0,0.16734056156420887,0.5467016146302703,False,False,False,False,False,False
2024-09-27 08:00:00,PRD-A,0.8843356132231633,0.1829735279593091,0.8523794717071191,1.297434156718313,1.7424888417295068,0.0,0.16734056156420887,0.5467016146302703,False,False,False,False,False,False
2024-09-27 16:00:00,PRD-A,1.12053484581101,0.2361992325878467,0.8523794717071191,1.297434156718313,1.7424888417295068,0.0,0.16734056156420887,0.5467016146302703,False,False,False,False,False,False
2024-09-28 00:00:00,PRD-A,0.9518520691983227,0.16868277661268738,0.8523794717071191,1.297434156718313,1.7424888417295068,0.0,0.16734056156420887,0.5467016146302703,False,True,True,False,True,False
2024-09-28 08:00:00,PRD-A,1.191265676366714,0.23941360716839133,0.8523794717071191,1.297434156718313,1.7424888417295068,0.0,0.16734056156420887,0.5467016146302703,False,False,True,False,True,False
2024-09-28 16:00:00,PRD-A,1.2524665832473327,0.061200906880618744,0.8523794717071191,1.297434156718313,1.7424888417295068,0.0,0.16734056156420887,0.5467016146302703,False,False,False,False,False,False
2024-10-05 00:00:00,PRD-A,1.4237055415423805,0.17123895829504776,0.8523794717071191,1.297434156718313,1.7424888417295068,0.0,0.16734056156420887,0.5467016146302703,False,False,False,False,False,False
2024-10-05 08:00:00,PRD-A,1.382915153428384,0.0407903881139966,0.8523794717071191,1.297434156718313,1.7424888417295068,0.0,0.16734056156420887,0.5467016146302703,False,False,False,False,False,False
2024-10-05 16:00:00,PRD-A,1.1767624359235271,0.20615271750485675,0.8523794717071191,1.297434156718313,1.7424888417295068,0.0,0.16734056156420887,0.5467016146302703,False,False,False,False,False,False
2024-10-06 00:00:00,PRD-A,1.2236265646674607,0.04686412874393353,0.8523794717071191,1.297434156718313,1.7424888417295068,0.0,0.16734056156420887,0.5467016146302703,False,False,False,False,False,False
2024-10-06 08:00:00,PRD-A,1.249139694573621,0.025513129906160392,0.8523794717071191,1.297434156718313,1.7424888417295068,0.0,0.16734056156420887,0.5467016146302703,False,False,False,False,False,False
2024-10-06 16:00:00,PRD-A,1.2917047967471444,0.042565102173523384,0.8523794717071191,1.297434156718313,1.7424888417295068,0.0,0.16734056156420887,0.5467016146302703,False,False,False,False,False,False
2024-10-13 00:00:00,PRD-A,1.0826740448757677,0.20903075187137676,0.8523794717071191,1.297434156718313,1.7424888417295068,0.0,0.16734056156420887,0.5467016146302703,False,False,False,False,False,False
2024-10-13 08:00:00,PRD-A,0.9272814242221606,0.15539262065360704,0.8523794717071191,1.297434156718313,1.7424888417295068,0.0,0.16734056156420887,0.5467016146302703,False,False,False,False,False,False
2024-10-13 16:00:00,PRD-A,1.0528800663887012,0.1255986421665406,0.8523794717071191,1.297434156718313,1.7424888417295068,0.0,0.16734056156420887,0.5467016146302703,False,False,False,False,False,False
2024-10-14 00:00:00,PRD-A,1.0808823918115436,0.02800232542284231,0.8523794717071191,1.297434156718313,1.7424888417295068,0.0,0.16734056156420887,0.5467016146302703,False,False,True,True,True,False
2024-10-14 08:00:00,PRD-A,1.1426601234471911,0.06177773163564759,0.8523794717071191,1.297434156718313,1.7424888417295068,0.0,0.16734056156420887,0.5467016146302703,False,False,True,True,True,False
2024-10-14 16:00:00,PRD-A,1.3896847809658643,0.2470246575186732,0.8523794717071191,1.297434156718313,1.7424888417295068,0.0,0.16734056156420887,0.5467016146302703,False,False,True,False,True,False
2024-10-21 00:00:00,PRD-A,1.335675602388589,0.054009178577275385,0.8523794717071191,1.297434156718313,1.7424888417295068,0.0,0.16734056156420887,0.5467016146302703,False,False,False,False,False,False
2024-10-21 08:00:00,PRD-A,1.3246631319336442,0.0110124704549448,0.8523794717071191,1.297434156718313,1.7424888417295068,0.0,0.16734056156420887,0.5467016146302703,False,False,False,False,False,False
2024-10-21 16:00:00,PRD-A,1.3817750968397926,0.05711196490614845,0.8523794717071191,1.297434156718313,1.7424888417295068,0.0,0.16734056156420887,0.5467016146302703,False,False,False,False,False,False
2024-10-22 00:00:00,PRD-A,1.2565395863980315,0.12523551044176107,0.8523794717071191,1.297434156718313,1.7424888417295068,0.0,0.16734056156420887,0.5467016146302703,False,False,False,False,False,False
2024-10-22 08:00:00,PRD-A,1.3160333749371895,0.05949378853915799,0.8523794717071191,1.297434156718313,1.7424888417295068,0.0,0.16734056156420887,0.5467016146302703,False,False,False,False,False,False
2024-10-22 16:00:00,PRD-A,1.418766051545008,0.10273267660781848,0.8523794717071191,1.297434156718313,1.7424888417295068,0.0,0.16734056156420887,0.5467016146302703,False,False,False,False,False,False
2024-10-29 00:00:00,PRD-A,1.1733312410928631,0.24543481045214488,0.8523794717071191,1.297434156718313,1.7424888417295068,0.0,0.16734056156420887,0.5467016146302703,False,False,False,False,False,False
2024-10-29 08:00:00,PRD-A,1.256241878662532,0.08291063756966888,0.8523794717071191,1.297434156718313,1.7424888417295068,0.0,0.16734056156420887,0.5467016146302703,False,False,False,False,False,False
2024-10-29 16:00:00,PRD-A,1.440427142842918,0.18418526418038605,0.8523794717071191,1.297434156718313,1.7424888417295068,0.0,0.16734056156420887,0.5467016146302703,False,False,False,False,False,False
2024-10-30 00:00:00,PRD-A,1.1796023233965345,0.2608248194463836,0.8523794717071191,1.297434156718313,1.7424888417295068,0.0,0.16734056156420887,0.5467016146302703,False,False,False,False,False,False
2024-10-30 08:00:00,PRD-A,1.4569832743277953,0.2773809509312608,0.8523794717071191,1.297434156718313,1.7424888417295068,0.0,0.16734056156420887,0.5467016146302703,False,False,False,False,False,False
2024-10-30 16:00:00,PRD-A,1.6062954330975148,0.14931215876971948,0.8523794717071191,1.297434156718313,1.7424888417295068,0.0,0.16734056156420887,0.5467016146302703,False,False,False,False,False,False
2024-11-06 00:00:00,PRD-A,1.3264801599518052,0.27981527314570953,0.8523794717071191,1.297434156718313,1.7424888417295068,0.0,0.16734056156420887,0.5467016146302703,False,False,False,False,False,False
2024-11-06 08:00:00,PRD-A,1.5817940826992762,0.255313922747471,0.8523794717071191,1.297434156718313,1.7424888417295068,0.0,0.16734056156420887,0.5467016146302703,False,False,False,False,False,False
2024-11-06 16:00:00,PRD-A,1.5413793482106808,0.04041473448859545,0.8523794717071191,1.297434156718313,1.7424888417295068,0.0,0.16734056156420887,0.5467016146302703,False,False,True,False,True,False
2024-11-07 00:00:00,PRD-A,1.63026290985266,0.08888356164197919,0.8523794717071191,1.297434156718313,1.7424888417295068,0.0,0.16734056156420887,0.5467016146302703,False,False,True,False,True,False
2024-11-07 08:00:00,PRD-A,1.108452874732829,0.5218100351198309,0.8523794717071191,1.297434156718313,1.7424888417295068,0.0,0.16734056156420887,0.5467016146302703,False,False,False,False,False,False
2024-11-07 16:00:00,PRD-A,1.4352542817738771,0.3268014070410481,0.8523794717071191,1.297434156718313,1.7424888417295068,0.0,0.16734056156420887,0.5467016146302703,False,False,False,False,False,False
2024-11-14 00:00:00,PRD-A,1.10189754961201,0.3333567321618671,0.8523794717071191,1.297434156718313,1.7424888417295068,0.0,0.16734056156420887,0.5467016146302703,False,False,False,False,False,False
2024-11-14 08:00:00,PRD-A,1.3702805644573557,0.26838301484534566,0.8523794717071191,1.297434156718313,1.7424888417295068,0.0,0.16734056156420887,0.5467016146302703,False,False,False,False,False,False
2024-11-14 16:00:00,PRD-A,1.2914261117159582,0.07885445274139746,0.8523794717071191,1.297434156718313,1.7424888417295068,0.0,0.16734056156420887,0.5467016146302703,False,False,False,False,False,False
2024-11-15 00:00:00,PRD-A,1.158618995377885,0.1328071163380733,0.8523794717071191,1.297434156718313,1.7424888417295068,0.0,0.16734056156420887,0.5467016146302703,False,False,False,False,False,False
2024-11-15 08:00:00,PRD-A,1.3969977749928442,0.23837877961495924,0.8523794717071191,1.297434156718313,1.7424888417295068,0.0,0.16734056156420887,0.5467016146302703,False,False,False,False,False,False
2024-11-15 16:00:00,PRD-A,1.228496589804613,0.1685011851882312,0.8523794717071191,1.297434156718313,1.7424888417295068,0.0,0.16734056156420887,0.5467016146302703,False,False,False,False,False,False
2024-11-22 00:00:00,PRD-A,1.2555202103959762,0.027023620591363207,0.8523794717071191,1.297434156718313,1.7424888417295068,0.0,0.16734056156420887,0.5467016146302703,False,False,False,False,False,False
2024-11-22 08:00:00,PRD-A,1.169455062468117,0.08606514792785913,0.8523794717071191,1.297434156718313,1.7424888417295068,0.0,0.16734056156420887,0.5467016146302703,False,False,False,False,False,False
2024-11-22 16:00:00,PRD-A,1.4200107580227066,0.25055569555458956,0.8523794717071191,1.297434156718313,1.7424888417295068,0.0,0.16734056156420887,0.5467016146302703,False,False,False,False,False,False
2024-11-23 00:00:00,PRD-A,1.4411288045154653,0.021118046492758724,0.8523794717071191,1.297434156718313,1.7424888417295068,0.0,0.16734056156420887,0.5467016146302703,False,False,False,False,False,False
2024-11-23 08:00:00,PRD-A,1.232497224533914,0.20863157998155124,0.8523794717071191,1.297434156718313,1.7424888417295068,0.0,0.16734056156420887,0.5467016146302703,False,False,False,False,False,False
2024-11-23 16:00:00,PRD-A,1.4843774948007953,0.2518802702668812,0.8523794717071191,1.297434156718313,1.7424888417295068,0.0,0.16734056156420887,0.5467016146302703,False,False,False,False,False,False
2024-11-30 00:00:00,PRD-A,1.059669635614055,0.42470785918674037,0.8523794717071191,1.297434156718313,1.7424888417295068,0.0,0.16734056156420887,0.5467016146302703,False,False,False,False,False,False
2024-11-30 08:00:00,PRD-A,0.9163875062464468,0.1432821293676081,0.8523794717071191,1.297434156718313,1.7424888417295068,0.0,0.16734056156420887,0.5467016146302703,False,False,False,False,False,False
2024-11-30 16:00:00,PRD-A,1.191574790615517,0.27518728436907014,0.8523794717071191,1.297434156718313,1.7424888417295068,0.0,0.16734056156420887,0.5467016146302703,False,False,False,False,False,False
2024-12-01 00:00:00,PRD-A,0.983990636850538,0.20758415376497896,0.8523794717071191,1.297434156718313,1.7424888417295068,0.0,0.16734056156420887,0.5467016146302703,False,True,False,False,True,False
2024-12-01 08:00:00,PRD-A,0.7868790186691327,0.19711161818140532,0.8523794717071191,1.297434156718313,1.7424888417295068,0.0,0.16734056156420887,0.5467016146302703,True,True,True,False,True,False
2024-12-01 16:00:00,PRD-A,1.068774275858956,0.28189525718982333,0.8523794717071191,1.297434156718313,1.7424888417295068,0.0,0.16734056156420887,0.5467016146302703,False,True,True,False,True,False
2024-12-08 00:00:00,PRD-A,1.5549611325573567,0.48618685669840067,0.8523794717071191,1.297434156718313,1.7424888417295068,0.0,0.16734056156420887,0.5467016146302703,False,False,False,False,False,False
2024-12-08 08:00:00,PRD-A,1.613781780042357,0.05882064748500038,0.8523794717071191,1.297434156718313,1.7424888417295068,0.0,0.16734056156420887,0.5467016146302703,False,False,False,False,False,False
2024-12-08 16:00:00,PRD-A,1.6045793341638843,0.009202445878472743,0.8523794717071191,1.297434156718313,1.7424888417295068,0.0,0.16734056156420887,0.5467016146302703,False,True,False,False,True,False
2024-12-09 00:00:00,PRD-A,1.4829623173201627,0.12161701684372161,0.8523794717071191,1.297434156718313,1.7424888417295068,0.0,0.16734056156420887,0.5467016146302703,False,True,True,False,True,False
2024-12-09 08:00:00,PRD-A,1.4464554544929278,0.03650686282723492,0.8523794717071191,1.297434156718313,1.7424888417295068,0.0,0.16734056156420887,0.5467016146302703,False,False,True,False,True,False
2024-12-09 16:00:00,PRD-A,1.6577175479080042,0.2112620934150764,0.8523794717071191,1.297434156718313,1.7424888417295068,0.0,0.16734056156420887,0.5467016146302703,False,False,True,False,True,False
2024-12-16 00:00:00,PRD-A,1.2867684204354664,0.37094912747253783,0.8523794717071191,1.297434156718313,1.7424888417295068,0.0,0.16734056156420887,0.5467016146302703,False,False,True,False,True,False
2024-12-16 08:00:00,PRD-A,1.4193209832744709,0.13255256283900452,0.8523794717071191,1.297434156718313,1.7424888417295068,0.0,0.16734056156420887,0.5467016146302703,False,False,False,False,False,False
2024-12-16 16:00:00,PRD-A,1.774788738735379,0.35546775546090803,0.8523794717071191,1.297434156718313,1.7424888417295068,0.0,0.16734056156420887,0.5467016146302703,True,False,False,False,True,False
2024-12-17 00:00:00,PRD-A,1.6533792999074288,0.12140943882795008,0.8523794717071191,1.297434156718313,1.7424888417295068,0.0,0.16734056156420887,0.5467016146302703,False,True,False,False,True,False
2024-12-17 08:00:00,PRD-A,1.2313157721209693,0.4220635277864595,0.8523794717071191,1.297434156718313,1.7424888417295068,0.0,0.16734056156420887,0.5467016146302703,False,True,False,False,True,False
2024-12-17 16:00:00,PRD-A,1.1867945778658484,0.04452119425512091,0.8523794717071191,1.297434156718313,1.7424888417295068,0.0,0.16734056156420887,0.5467016146302703,False,False,False,False,False,False
2024-12-24 00:00:00,PRD-A,1.136772326687069,0.05002225117877934,0.8523794717071191,1.297434156718313,1.7424888417295068,0.0,0.16734056156420887,0.5467016146302703,False,False,False,False,False,False
2024-12-24 08:00:00,PRD-A,1.4772754574401763,0.34050313075310723,0.8523794717071191,1.297434156718313,1.7424888417295068,0.0,0.16734056156420887,0.5467016146302703,False,False,False,False,False,False
2024-12-24 16:00:00,PRD-A,1.1977482864658855,0.2795271709742908,0.8523794717071191,1.297434156718313,1.7424888417295068,0.0,0.16734056156420887,0.5467016146302703,False,False,False,False,False,False
2024-12-25 00:00:00,PRD-A,1.1621524366259957,0.03559584983988984,0.8523794717071191,1.297434156718313,1.7424888417295068,0.0,0.16734056156420887,0.5467016146302703,False,False,False,False,False,False
2024-12-25 08:00:00,PRD-A,1.2364218046870814,0.07426936806108575,0.8523794717071191,1.297434156718313,1.7424888417295068,0.0,0.16734056156420887,0.5467016146302703,False,False,False,False,False,False
2024-12-25 16:00:00,PRD-A,1.5031392189043074,0.26671741421722595,0.8523794717071191,1.297434156718313,1.7424888417295068,0.0,0.16734056156420887,0.5467016146302703,False,False,False,False,False,False
2025-01-01 00:00:00,PRD-A,0.9322517345354359,0.5708874843688715,0.8523794717071191,1.297434156718313,1.7424888417295068,0.0,0.16734056156420887,0.5467016146302703,False,False,False,False,False,True
2025-01-01 08:00:00,PRD-A,1.239170235175642,0.3069185006402061,0.8523794717071191,1.297434156718313,1.7424888417295068,0.0,0.16734056156420887,0.5467016146302703,False,False,False,False,False,False
2025-01-01 16:00:00,PRD-A,1.2590935269952455,0.019923291819603506,0.8523794717071191,1.297434156718313,1.7424888417295068,0.0,0.16734056156420887,0.5467016146302703,False,False,False,False,False,False
2025-01-02 00:00:00,PRD-A,1.161660184598392,0.09743334239685342,0.8523794717071191,1.297434156718313,1.7424888417295068,0.0,0.16734056156420887,0.5467016146302703,False,False,False,False,False,False
2025-01-02 08:00:00,PRD-A,1.1709697769528156,0.009309592354423524,0.8523794717071191,1.297434156718313,1.7424888417295068,0.0,0.16734056156420887,0.5467016146302703,False,False,False,False,False,False
2025-01-02 16:00:00,PRD-A,1.391917669732696,0.22094789277988047,0.8523794717071191,1.297434156718313,1.7424888417295068,0.0,0.16734056156420887,0.5467016146302703,False,False,False,False,False,False
2025-01-09 00:00:00,PRD-A,1.4427124795219848,0.05079480978928874,0.8523794717071191,1.297434156718313,1.7424888417295068,0.0,0.16734056156420887,0.5467016146302703,False,False,False,False,False,False
2025-01-09 08:00:00,PRD-A,1.437070375518378,0.005642104003606763,0.8523794717071191,1.297434156718313,1.7424888417295068,0.0,0.16734056156420887,0.5467016146302703,False,False,False,False,False,False
2025-01-09 16:00:00,PRD-A,1.2905683751862653,0.1465020003321127,0.8523794717071191,1.297434156718313,1.7424888417295068,0.0,0.16734056156420887,0.5467016146302703,False,False,False,False,False,False
2025-01-10 00:00:00,PRD-A,1.2134008474955116,0.07716752769075375,0.8523794717071191,1.297434156718313,1.7424888417295068,0.0,0.16734056156420887,0.5467016146302703,False,False,False,False,False,False
2025-01-10 08:00:00,PRD-A,1.092189844125576,0.12121100336993562,0.8523794717071191,1.297434156718313,1.7424888417295068,0.0,0.16734056156420887,0.5467016146302703,False,False,False,False,False,False
2025-01-10 16:00:00,PRD-A,1.5233866393173183,0.43119679519174237,0.8523794717071191,1.297434156718313,1.7424888417295068,0.0,0.16734056156420887,0.5467016146302703,False,False,False,False,False,False
2025-01-17 00:00:00,PRD-A,1.305074857600743,0.2183117817165754,0.8523794717071191,1.297434156718313,1.7424888417295068,0.0,0.16734056156420887,0.5467016146302703,False,False,False,False,False,False
2025-01-17 08:00:00,PRD-A,1.2242129089481377,0.08086194865260521,0.8523794717071191,1.297434156718313,1.7424888417295068,0.0,0.16734056156420887,0.5467016146302703,False,False,False,False,False,False
2025-01-17 16:00:00,PRD-A,1.5438514531925116,0.3196385442443739,0.8523794717071191,1.297434156718313,1.7424888417295068,0.0,0.16734056156420887,0.5467016146302703,False,False,False,False,False,False
2025-01-18 00:00:00,PRD-A,1.2733329518905376,0.27051850130197397,0.8523794717071191,1.297434156718313,1.7424888417295068,0.0,0.16734056156420887,0.5467016146302703,False,False,False,False,False,False
2025-01-18 08:00:00,PRD-A,1.3221187953674205,0.04878584347688286,0.8523794717071191,1.297434156718313,1.7424888417295068,0.0,0.16734056156420887,0.5467016146302703,False,False,False,False,False,False
2025-01-18 16:00:00,PRD-A,1.4973680607275448,0.1752492653601243,0.8523794717071191,1.297434156718313,1.7424888417295068,0.0,0.16734056156420887,0.5467016146302703,False,False,False,False,False,False
2025-01-25 00:00:00,PRD-A,1.2764084179962987,0.22095964273124613,0.8523794717071191,1.297434156718313,1.7424888417295068,0.0,0.16734056156420887,0.5467016146302703,False,False,False,False,False,False
2025-01-25 08:00:00,PRD-A,1.3958831621878125,0.11947474419151383,0.8523794717071191,1.297434156718313,1.7424888417295068,0.0,0.16734056156420887,0.5467016146302703,False,False,False,False,False,False
2025-01-25 16:00:00,PRD-A,1.5383135006047275,0.142430338416915,0.8523794717071191,1.297434156718313,1.7424888417295068,0.0,0.16734056156420887,0.5467016146302703,False,False,False,False,False,False
2025-01-26 00:00:00,PRD-A,1.366519488564654,0.17179401204007338,0.8523794717071191,1.297434156718313,1.7424888417295068,0.0,0.16734056156420887,0.5467016146302703,False,False,False,False,False,False
2025-01-26 08:00:00,PRD-A,1.5001311391638341,0.13361165059918,0.8523794717071191,1.297434156718313,1.7424888417295068,0.0,0.16734056156420887,0.5467016146302703,False,False,False,False,False,False
2025-01-26 16:00:00,PRD-A,1.470194267519975,0.029936871643859053,0.8523794717071191,1.297434156718313,1.7424888417295068,0.0,0.16734056156420887,0.5467016146302703,False,False,False,False,False,False
2025-02-02 00:00:00,PRD-A,1.1449551260923196,0.3252391414276554,0.8523794717071191,1.297434156718313,1.7424888417295068,0.0,0.16734056156420887,0.5467016146302703,False,False,False,False,False,False
2025-02-02 08:00:00,PRD-A,0.9628797095496432,0.18207541654267645,0.8523794717071191,1.297434156718313,1.7424888417295068,0.0,0.16734056156420887,0.5467016146302703,False,False,False,False,False,False
2025-02-02 16:00:00,PRD-A,1.2008072007603783,0.2379274912107351,0.8523794717071191,1.297434156718313,1.7424888417295068,0.0,0.16734056156420887,0.5467016146302703,False,False,False,False,False,False
2025-02-03 00:00:00,PRD-A,1.1396175563135127,0.06118964444686559,0.8523794717071191,1.297434156718313,1.7424888417295068,0.0,0.16734056156420887,0.5467016146302703,False,False,False,False,False,False
2025-02-03 08:00:00,PRD-A,0.9522124537338518,0.18740510257966092,0.8523794717071191,1.297434156718313,1.7424888417295068,0.0,0.16734056156420887,0.5467016146302703,False,False,True,False,True,False
2025-02-03 16:00:00,PRD-A,1.2380622387239268,0.2858497849900751,0.8523794717071191,1.297434156718313,1.7424888417295068,0.0,0.16734056156420887,0.5467016146302703,False,False,False,False,False,False
2025-02-10 00:00:00,PRD-A,0.9910489220743881,0.24701331664953874,0.8523794717071191,1.297434156718313,1.7424888417295068,0.0,0.16734056156420887,0.5467016146302703,False,True,False,False,True,False
2025-02-10 08:00:00,PRD-A,1.0932496103726543,0.10220068829826623,0.8523794717071191,1.297434156718313,1.7424888417295068,0.0,0.16734056156420887,0.5467016146302703,False,False,True,True,True,False
2025-02-10 16:00:00,PRD-A,1.2160264188606422,0.12277680848798789,0.8523794717071191,1.297434156718313,1.7424888417295068,0.0,0.16734056156420887,0.5467016146302703,False,False,False,True,True,False
2025-02-11 00:00:00,PRD-A,1.1424663145322704,0.07356010432837179,0.8523794717071191,1.297434156718313,1.7424888417295068,0.0,0.16734056156420887,0.5467016146302703,False,False,False,True,True,False
2025-02-11 08:00:00,PRD-A,1.274787366200121,0.13232105166785058,0.8523794717071191,1.297434156718313,1.7424888417295068,0.0,0.16734056156420887,0.5467016146302703,False,False,False,True,True,False
2025-02-11 16:00:00,PRD-A,1.30973119776229,0.03494383156216907,0.8523794717071191,1.297434156718313,1.7424888417295068,0.0,0.16734056156420887,0.5467016146302703,False,False,False,False,False,False
2025-02-18 00:00:00,PRD-A,1.6855606449570124,0.37582944719472233,0.8523794717071191,1.297434156718313,1.7424888417295068,0.0,0.16734056156420887,0.5467016146302703,False,False,False,False,False,False
2025-02-18 08:00:00,PRD-A,1.5677336424611958,0.11782700249581657,0.8523794717071191,1.297434156718313,1.7424888417295068,0.0,0.16734056156420887,0.5467016146302703,False,False,False,False,False,False
2025-02-18 16:00:00,PRD-A,1.8972669743930264,0.32953333193183054,0.8523794717071191,1.297434156718313,1.7424888417295068,0.0,0.16734056156420887,0.5467016146302703,True,True,False,False,True,False
2025-02-19 00:00:00,PRD-A,1.8225202372907767,0.07474673710224966,0.8523794717071191,1.297434156718313,1.7424888417295068,0.0,0.16734056156420887,0.5467016146302703,True,True,True,False,True,False
2025-02-19 08:00:00,PRD-A,1.5627248364282154,0.25979540086256137,0.8523794717071191,1.297434156718313,1.7424888417295068,0.0,0.16734056156420887,0.5467016146302703,False,True,True,False,True,False
2025-02-19 16:00:00,PRD-A,1.9045390121780654,0.34181417574985007,0.8523794717071191,1.297434156718313,1.7424888417295068,0.0,0.16734056156420887,0.5467016146302703,True,True,True,False,True,False
2025-02-26 00:00:00,PRD-A,1.6114173474710793,0.2931216647069861,0.8523794717071191,1.297434156718313,1.7424888417295068,0.0,0.16734056156420887,0.5467016146302703,False,True,True,True,True,False
2025-02-26 08:00:00,PRD-A,1.5304859997203102,0.08093134775076916,0.8523794717071191,1.297434156718313,1.7424888417295068,0.0,0.16734056156420887,0.5467016146302703,False,True,True,True,True,False
2025-02-26 16:00:00,PRD-A,1.7408143404014207,0.2103283406811105,0.8523794717071191,1.297434156718313,1.7424888417295068,0.0,0.16734056156420887,0.5467016146302703,False,True,True,True,True,False
2025-02-27 00:00:00,PRD-A,1.547455809435025,0.19335853096639566,0.8523794717071191,1.297434156718313,1.7424888417295068,0.0,0.16734056156420887,0.5467016146302703,False,False,True,True,True,False
2025-02-27 08:00:00,PRD-A,1.1695151623806044,0.37794064705442065,0.8523794717071191,1.297434156718313,1.7424888417295068,0.0,0.16734056156420887,0.5467016146302703,False,False,True,False,True,False
2025-02-27 16:00:00,PRD-A,1.2503442233998738,0.08082906101926945,0.8523794717071191,1.297434156718313,1.7424888417295068,0.0,0.16734056156420887,0.5467016146302703,False,False,False,False,False,False
2025-03-06 00:00:00,PRD-A,1.1873026916245526,0.06304153177532124,0.8523794717071191,1.297434156718313,1.7424888417295068,0.0,0.16734056156420887,0.5467016146302703,False,False,False,False,False,False
2025-03-06 08:00:00,PRD-A,1.2460852387193906,0.05878254709483799,0.8523794717071191,1.297434156718313,1.7424888417295068,0.0,0.16734056156420887,0.5467016146302703,False,False,False,False,False,False
2025-03-06 16:00:00,PRD-A,1.1854864863433596,0.06059875237603096,0.8523794717071191,1.297434156718313,1.7424888417295068,0.0,0.16734056156420887,0.5467016146302703,False,False,False,False,False,False
2025-03-07 00:00:00,PRD-A,1.0632793176767834,0.12220716866657622,0.8523794717071191,1.297434156718313,1.7424888417295068,0.0,0.16734056156420887,0.5467016146302703,False,False,False,False,False,False
2025-03-07 08:00:00,PRD-A,1.136081686557938,0.07280236888115454,0.8523794717071191,1.297434156718313,1.7424888417295068,0.0,0.16734056156420887,0.5467016146302703,False,False,False,False,False,False
2025-03-07 16:00:00,PRD-A,1.3390943168514404,0.20301263029350247,0.8523794717071191,1.297434156718313,1.7424888417295068,0.0,0.16734056156420887,0.5467016146302703,False,False,False,False,False,False
2025-03-14 00:00:00,PRD-A,1.4442554986249614,0.10516118177352096,0.8523794717071191,1.297434156718313,1.7424888417295068,0.0,0.16734056156420887,0.5467016146302703,False,False,False,False,False,False
2025-03-14 08:00:00,PRD-A,1.5530944993921525,0.10883900076719111,0.8523794717071191,1.297434156718313,1.7424888417295068,0.0,0.16734056156420887,0.5467016146302703,False,False,False,False,False,False
2025-03-14 16:00:00,PRD-A,1.6057040129745834,0.05260951358243093,0.8523794717071191,1.297434156718313,1.7424888417295068,0.0,0.16734056156420887,0.5467016146302703,False,False,False,False,False,False
2025-03-15 00:00:00,PRD-A,1.6076656820812107,0.0019616691066273173,0.8523794717071191,1.297434156718313,1.7424888417295068,0.0,0.16734056156420887,0.5467016146302703,False,True,False,False,True,False
2025-03-15 08:00:00,PRD-A,1.2139504598735118,0.39371522220769894,0.8523794717071191,1.297434156718313,1.7424888417295068,0.0,0.16734056156420887,0.5467016146302703,False,True,False,False,True,False
2025-03-15 16:00:00,PRD-A,1.0169856738485064,0.19696478602500544,0.8523794717071191,1.297434156718313,1.7424888417295068,0.0,0.16734056156420887,0.5467016146302703,False,False,False,False,False,False
2025-03-22 00:00:00,PRD-A,1.528123505549823,0.5111378317013167,0.8523794717071191,1.297434156718313,1.7424888417295068,0.0,0.16734056156420887,0.5467016146302703,False,False,False,False,False,False
2025-03-22 08:00:00,PRD-A,1.2031450297629875,0.3249784757868355,0.8523794717071191,1.297434156718313,1.7424888417295068,0.0,0.16734056156420887,0.5467016146302703,False,False,False,False,False,False
2025-03-22 16:00:00,PRD-A,1.1724967502336592,0.03064827952932836,0.8523794717071191,1.297434156718313,1.7424888417295068,0.0,0.16734056156420887,0.5467016146302703,False,False,False,False,False,False
2025-03-23 00:00:00,PRD-A,1.1413656919695252,0.03113105826413398,0.8523794717071191,1.297434156718313,1.7424888417295068,0.0,0.16734056156420887,0.5467016146302703,False,False,False,False,False,False
2025-03-23 08:00:00,PRD-A,1.0223803796797317,0.11898531228979348,0.8523794717071191,1.297434156718313,1.7424888417295068,0.0,0.16734056156420887,0.5467016146302703,False,False,False,False,False,False
2025-03-23 16:00:00,PRD-A,1.2536879228268467,0.231307543147115,0.8523794717071191,1.297434156718313,1.7424888417295068,0.0,0.16734056156420887,0.5467016146302703,False,False,False,False,False,False
2025-03-30 00:00:00,PRD-A,1.522079541684518,0.2683916188576714,0.8523794717071191,1.297434156718313,1.7424888417295068,0.0,0.16734056156420887,0.5467016146302703,False,False,False,False,False,False
2025-03-30 08:00:00,PRD-A,1.3933685085733183,0.1287110331111998,0.8523794717071191,1.297434156718313,1.7424888417295068,0.0,0.16734056156420887,0.5467016146302703,False,False,False,False,False,False
2025-03-30 16:00:00,PRD-A,1.552113736260649,0.15874522768733068,0.8523794717071191,1.297434156718313,1.7424888417295068,0.0,0.16734056156420887,0.5467016146302703,False,False,False,False,False,False
2025-03-31 00:00:00,PRD-A,1.3929912833671367,0.15912245289351223,0.8523794717071191,1.297434156718313,1.7424888417295068,0.0,0.16734056156420887,0.5467016146302703,False,False,False,False,False,False
2025-03-31 08:00:00,PRD-A,1.5251383429685992,0.13214705960146245,0.8523794717071191,1.297434156718313,1.7424888417295068,0.0,0.16734056156420887,0.5467016146302703,False,False,False,False,False,False
2025-03-31 16:00:00,PRD-A,1.3415621767487975,0.18357616621980166,0.8523794717071191,1.297434156718313,1.7424888417295068,0.0,0.16734056156420887,0.5467016146302703,False,False,False,False,False,False
2025-04-07 00:00:00,PRD-A,1.1313966089199075,0.21016556782889007,0.8523794717071191,1.297434156718313,1.7424888417295068,0.0,0.16734056156420887,0.5467016146302703,False,False,False,False,False,False
2025-04-07 08:00:00,PRD-A,1.3532478770087055,0.22185126808879807,0.8523794717071191,1.297434156718313,1.7424888417295068,0.0,0.16734056156420887,0.5467016146302703,False,False,False,False,False,False
2025-04-07 16:00:00,PRD-A,1.4477198236875102,0.09447194667880465,0.8523794717071191,1.297434156718313,1.7424888417295068,0.0,0.16734056156420887,0.5467016146302703,False,False,False,False,False,False
2025-04-08 00:00:00,PRD-A,1.375688735395532,0.07203108829197813,0.8523794717071191,1.297434156718313,1.7424888417295068,0.0,0.16734056156420887,0.5467016146302703,False,False,False,False,False,False
2025-04-08 08:00:00,PRD-A,1.5028850675262544,0.12719633213072234,0.8523794717071191,1.297434156718313,1.7424888417295068,0.0,0.16734056156420887,0.5467016146302703,False,False,False,False,False,False
2025-04-08 16:00:00,PRD-A,1.6997412799543836,0.19685621242812923,0.8523794717071191,1.297434156718313,1.7424888417295068,0.0,0.16734056156420887,0.5467016146302703,False,False,False,False,False,False
2025-04-15 00:00:00,PRD-A,1.4609432876188468,0.23879799233553678,0.8523794717071191,1.297434156718313,1.7424888417295068,0.0,0.16734056156420887,0.5467016146302703,False,False,True,False,True,False
2025-04-15 08:00:00,PRD-A,1.3092395661067335,0.1517037215121133,0.8523794717071191,1.297434156718313,1.7424888417295068,0.0,0.16734056156420887,0.5467016146302703,False,False,False,False,False,False
2025-04-15 16:00:00,PRD-A,1.40594667632313,0.09670711021639655,0.8523794717071191,1.297434156718313,1.7424888417295068,0.0,0.16734056156420887,0.5467016146302703,False,False,False,True,True,False
2025-04-16 00:00:00,PRD-A,1.3485893740834665,0.05735730223966362,0.8523794717071191,1.297434156718313,1.7424888417295068,0.0,0.16734056156420887,0.5467016146302703,False,False,False,True,True,False
2025-04-16 08:00:00,PRD-A,1.498992574775837,0.15040320069237056,0.8523794717071191,1.297434156718313,1.7424888417295068,0.0,0.16734056156420887,0.5467016146302703,False,False,False,True,True,False
2025-04-16 16:00:00,PRD-A,1.6897278639675182,0.19073528919168115,0.8523794717071191,1.297434156718313,1.7424888417295068,0.0,0.16734056156420887,0.5467016146302703,False,False,False,True,True,False
2025-04-23 00:00:00,PRD-A,1.2466600131894765,0.44306785077804167,0.8523794717071191,1.297434156718313,1.7424888417295068,0.0,0.16734056156420887,0.5467016146302703,False,False,False,False,False,False
2025-04-23 08:00:00,PRD-A,1.2834307627323138,0.03677074954283732,0.8523794717071191,1.297434156718313,1.7424888417295068,0.0,0.16734056156420887,0.5467016146302703,False,False,False,False,False,False
2025-04-23 16:00:00,PRD-A,1.5905240948951218,0.307093332162808,0.8523794717071191,1.297434156718313,1.7424888417295068,0.0,0.16734056156420887,0.5467016146302703,False,False,False,False,False,False
2025-04-24 00:00:00,PRD-A,0.9791376251934518,0.61138646970167,0.8523794717071191,1.297434156718313,1.7424888417295068,0.0,0.16734056156420887,0.5467016146302703,False,False,False,False,False,True
2025-04-24 08:00:00,PRD-A,1.0507038161220446,0.07156619092859273,0.8523794717071191,1.297434156718313,1.7424888417295068,0.0,0.16734056156420887,0.5467016146302703,False,False,False,False,False,False
2025-04-24 16:00:00,PRD-A,1.3091295661147175,0.258425749992673,0.8523794717071191,1.297434156718313,1.7424888417295068,0.0,0.16734056156420887,0.5467016146302703,False,False,False,False,False,False
2025-05-01 00:00:00,PRD-A,1.443369828136919,0.1342402620222014,0.8523794717071191,1.297434156718313,1.7424888417295068,0.0,0.16734056156420887,0.5467016146302703,False,False,False,False,False,False
2025-05-01 08:00:00,PRD-A,1.1041130485117918,0.3392567796251271,0.8523794717071191,1.297434156718313,1.7424888417295068,0.0,0.16734056156420887,0.5467016146302703,False,False,False,False,False,False
2025-05-01 16:00:00,PRD-A,1.4290389837139226,0.32492593520213076,0.8523794717071191,1.297434156718313,1.7424888417295068,0.0,0.16734056156420887,0.5467016146302703,False,False,False,False,False,False
2025-05-02 00:00:00,PRD-A,1.4201664528992628,0.008872530814659774,0.8523794717071191,1.297434156718313,1.7424888417295068,0.0,0.16734056156420887,0.5467016146302703,False,False,False,False,False,False
2025-05-02 08:00:00,PRD-A,1.5175511649237987,0.09738471202453591,0.8523794717071191,1.297434156718313,1.7424888417295068,0.0,0.16734056156420887,0.5467016146302703,False,False,False,False,False,False
2025-05-02 16:00:00,PRD-A,1.471043880108717,0.04650728481508182,0.8523794717071191,1.297434156718313,1.7424888417295068,0.0,0.16734056156420887,0.5467016146302703,False,False,False,False,False,False
2025-05-09 00:00:00,PRD-A,1.0710993811899319,0.39994449891878503,0.8523794717071191,1.297434156718313,1.7424888417295068,0.0,0.16734056156420887,0.5467016146302703,False,False,False,False,False,False
2025-05-09 08:00:00,PRD-A,1.215720767888183,0.1446213866982511,0.8523794717071191,1.297434156718313,1.7424888417295068,0.0,0.16734056156420887,0.5467016146302703,False,False,False,False,False,False
2025-05-09 16:00:00,PRD-A,1.2777857519378264,0.062064984049643446,0.8523794717071191,1.297434156718313,1.7424888417295068,0.0,0.16734056156420887,0.5467016146302703,False,False,False,False,False,False
2025-05-10 00:00:00,PRD-A,1.1322508017675856,0.14553495017024076,0.8523794717071191,1.297434156718313,1.7424888417295068,0.0,0.16734056156420887,0.5467016146302703,False,False,False,False,False,False
2025-05-10 08:00:00,PRD-A,1.1177960627492367,0.014454739018348928,0.8523794717071191,1.297434156718313,1.7424888417295068,0.0,0.16734056156420887,0.5467016146302703,False,False,False,False,False,False
2025-05-10 16:00:00,PRD-A,1.4327733578896453,0.3149772951404086,0.8523794717071191,1.297434156718313,1.7424888417295068,0.0,0.16734056156420887,0.5467016146302703,False,False,False,False,False,False
2025-05-17 00:00:00,PRD-A,1.3276418284049298,0.10513152948471549,0.8523794717071191,1.297434156718313,1.7424888417295068,0.0,0.16734056156420887,0.5467016146302703,False,False,False,False,False,False
2025-05-17 08:00:00,PRD-A,1.2729989130178898,0.054642915387040025,0.8523794717071191,1.297434156718313,1.7424888417295068,0.0,0.16734056156420887,0.5467016146302703,False,False,False,False,False,False
2025-05-17 16:00:00,PRD-A,1.4305523358750223,0.15755342285713247,0.8523794717071191,1.297434156718313,1.7424888417295068,0.0,0.16734056156420887,0.5467016146302703,False,False,False,False,False,False
2025-05-18 00:00:00,PRD-A,1.2905146351002406,0.14003770077478173,0.8523794717071191,1.297434156718313,1.7424888417295068,0.0,0.16734056156420887,0.5467016146302703,False,False,False,False,False,False
2025-05-18 08:00:00,PRD-A,1.4120296468825153,0.12151501178227475,0.8523794717071191,1.297434156718313,1.7424888417295068,0.0,0.16734056156420887,0.5467016146302703,False,False,False,False,False,False
2025-05-18 16:00:00,PRD-A,1.3808512680533553,0.03117837882915997,0.8523794717071191,1.297434156718313,1.7424888417295068,0.0,0.16734056156420887,0.5467016146302703,False,False,False,False,False,False
2025-05-25 00:00:00,PRD-A,0.8423969670600452,0.5384543009933102,0.8523794717071191,1.297434156718313,1.7424888417295068,0.0,0.16734056156420887,0.5467016146302703,True,False,False,False,True,False
2025-05-25 08:00:00,PRD-A,1.1619731987321216,0.3195762316720764,0.8523794717071191,1.297434156718313,1.7424888417295068,0.0,0.16734056156420887,0.5467016146302703,False,False,False,False,False,False
2025-05-25 16:00:00,PRD-A,1.1189923082674091,0.04298089046471243,0.8523794717071191,1.297434156718313,1.7424888417295068,0.0,0.16734056156420887,0.5467016146302703,False,False,False,False,False,False
2025-05-26 00:00:00,PRD-A,1.1600006245124972,0.04100831624508805,0.8523794717071191,1.297434156718313,1.7424888417295068,0.0,0.16734056156420887,0.5467016146302703,False,False,False,False,False,False
2025-05-26 08:00:00,PRD-A,1.1123794186843123,0.047621205828184854,0.8523794717071191,1.297434156718313,1.7424888417295068,0.0,0.16734056156420887,0.5467016146302703,False,False,False,False,False,False
2025-05-26 16:00:00,PRD-A,1.1700396312892185,0.05766021260490617,0.8523794717071191,1.297434156718313,1.7424888417295068,0.0,0.16734056156420887,0.5467016146302703,False,False,False,False,False,False
2025-06-02 00:00:00,PRD-A,0.9915873374350732,0.1784522938541453,0.8523794717071191,1.297434156718313,1.7424888417295068,0.0,0.16734056156420887,0.5467016146302703,False,False,False,False,False,False
2025-06-02 08:00:00,PRD-A,1.127011633063591,0.13542429562851788,0.8523794717071191,1.297434156718313,1.7424888417295068,0.0,0.16734056156420887,0.5467016146302703,False,False,False,True,True,False
2025-06-02 16:00:00,PRD-A,1.1801469589862872,0.0531353259226961,0.8523794717071191,1.297434156718313,1.7424888417295068,0.0,0.16734056156420887,0.5467016146302703,False,False,False,True,True,False
2025-06-03 00:00:00,PRD-A,1.2562212879896857,0.0760743290033985,0.8523794717071191,1.297434156718313,1.7424888417295068,0.0,0.16734056156420887,0.5467016146302703,False,False,False,True,True,False
2025-06-03 08:00:00,PRD-A,1.2866322258707967,0.030410937881111044,0.8523794717071191,1.297434156718313,1.7424888417295068,0.0,0.16734056156420887,0.5467016146302703,False,False,False,True,True,False
2025-06-03 16:00:00,PRD-A,1.4513992239415203,0.1647669980707236,0.8523794717071191,1.297434156718313,1.7424888417295068,0.0,0.16734056156420887,0.5467016146302703,False,False,False,False,False,False
2025-06-10 00:00:00,PRD-A,1.3355988833743015,0.11580034056721877,0.8523794717071191,1.297434156718313,1.7424888417295068,0.0,0.16734056156420887,0.5467016146302703,False,False,False,False,False,False
2025-06-10 08:00:00,PRD-A,1.317777538770371,0.01782134460393059,0.8523794717071191,1.297434156718313,1.7424888417295068,0.0,0.16734056156420887,0.5467016146302703,False,False,False,False,False,False
2025-06-10 16:00:00,PRD-A,1.4346560134327515,0.11687847466238055,0.8523794717071191,1.297434156718313,1.7424888417295068,0.0,0.16734056156420887,0.5467016146302703,False,False,False,False,False,False
2025-06-11 00:00:00,PRD-A,1.1680722097334386,0.2665838036993129,0.8523794717071191,1.297434156718313,1.7424888417295068,0.0,0.16734056156420887,0.5467016146302703,False,False,False,False,False,False
2025-06-11 08:00:00,PRD-A,1.496187786793083,0.32811557705964445,0.8523794717071191,1.297434156718313,1.7424888417295068,0.0,0.16734056156420887,0.5467016146302703,False,False,False,False,False,False
2025-06-11 16:00:00,PRD-A,1.4161660555086557,0.08002173128442736,0.8523794717071191,1.297434156718313,1.7424888417295068,0.0,0.16734056156420887,0.5467016146302703,False,False,False,False,False,False
2025-06-18 00:00:00,PRD-A,1.2726365963579256,0.14352945915073012,0.8523794717071191,1.297434156718313,1.7424888417295068,0.0,0.16734056156420887,0.5467016146302703,False,False,False,False,False,False
2025-06-18 08:00:00,PRD-A,1.3061597899691668,0.03352319361124123,0.8523794717071191,1.297434156718313,1.7424888417295068,0.0,0.16734056156420887,0.5467016146302703,False,False,False,False,False,False
2025-06-18 16:00:00,PRD-A,1.2566554657103546,0.04950432425881224,0.8523794717071191,1.297434156718313,1.7424888417295068,0.0,0.16734056156420887,0.5467016146302703,False,False,False,False,False,False
2025-06-19 00:00:00,PRD-A,1.152071135603895,0.10458433010645951,0.8523794717071191,1.297434156718313,1.7424888417295068,0.0,0.16734056156420887,0.5467016146302703,False,False,False,False,False,False
2025-06-19 08:00:00,PRD-A,1.2463580862423016,0.09428695063840653,0.8523794717071191,1.297434156718313,1.7424888417295068,0.0,0.16734056156420887,0.5467016146302703,False,False,False,False,False,False
2025-06-19 16:00:00,PRD-A,1.5098916020045188,0.2635335157622172,0.8523794717071191,1.297434156718313,1.7424888417295068,0.0,0.16734056156420887,0.5467016146302703,False,False,False,False,False,False
2025-06-26 00:00:00,PRD-A,1.1337877651774844,0.3761038368270344,0.8523794717071191,1.297434156718313,1.7424888417295068,0.0,0.16734056156420887,0.5467016146302703,False,False,False,False,False,False
2025-06-26 08:00:00,PRD-A,1.0269507142264858,0.1068370509509986,0.8523794717071191,1.297434156718313,1.7424888417295068,0.0,0.16734056156420887,0.5467016146302703,False,False,False,False,False,False
2025-06-26 16:00:00,PRD-A,1.3659837568218627,0.3390330425953769,0.8523794717071191,1.297434156718313,1.7424888417295068,0.0,0.16734056156420887,0.5467016146302703,False,False,False,False,False,False
2025-06-27 00:00:00,PRD-A,0.9765499058816649,0.3894338509401978,0.8523794717071191,1.297434156718313,1.7424888417295068,0.0,0.16734056156420887,0.5467016146302703,False,False,False,False,False,False
2025-06-27 08:00:00,PRD-A,1.1466135859483315,0.1700636800666666,0.8523794717071191,1.297434156718313,1.7424888417295068,0.0,0.16734056156420887,0.5467016146302703,False,False,True,False,True,False
2025-06-27 16:00:00,PRD-A,1.3254699668124899,0.17885638086415834,0.8523794717071191,1.297434156718313,1.7424888417295068,0.0,0.16734056156420887,0.5467016146302703,False,False,False,False,False,False
2024-01-05 00:00:00,PRD-A,1.3878079839960626,0.06233801718357279,0.8523794717071191,1.297434156718313,1.7424888417295068,0.0,0.16734056156420887,0.5467016146302703,False,False,False,False,False,False
2024-01-05 08:00:00,PRD-A,1.261787591833187,0.12602039216287575,0.8523794717071191,1.297434156718313,1.7424888417295068,0.0,0.16734056156420887,0.5467016146302703,False,False,False,False,False,False
2024-01-05 16:00:00,PRD-A,1.44007417400075,0.1782865821675632,0.8523794717071191,1.297434156718313,1.7424888417295068,0.0,0.16734056156420887,0.5467016146302703,False,False,False,False,False,False
2024-01-06 00:00:00,PRD-A,1.430387743772015,0.009686430228735166,0.8523794717071191,1.297434156718313,1.7424888417295068,0.0,0.16734056156420887,0.5467016146302703,False,False,False,False,False,False
2024-01-06 08:00:00,PRD-A,1.136041544130293,0.29434619964172204,0.8523794717071191,1.297434156718313,1.7424888417295068,0.0,0.16734056156420887,0.5467016146302703,False,False,False,False,False,False
2024-01-06 16:00:00,PRD-A,1.4117968681271555,0.27575532399686264,0.8523794717071191,1.297434156718313,1.7424888417295068,0.0,0.16734056156420887,0.5467016146302703,False,False,False,False,False,False
2024-01-13 00:00:00,PRD-A,1.5467033648150794,0.13490649668792387,0.8523794717071191,1.297434156718313,1.7424888417295068,0.0,0.16734056156420887,0.5467016146302703,False,False,False,False,False,False
2024-01-13 08:00:00,PRD-A,1.4016813158621186,0.14502204895296078,0.8523794717071191,1.297434156718313,1.7424888417295068,0.0,0.16734056156420887,0.5467016146302703,False,False,False,False,False,False
2024-01-13 16:00:00,PRD-A,1.5183573587510297,0.11667604288891109,0.8523794717071191,1.297434156718313,1.7424888417295068,0.0,0.16734056156420887,0.5467016146302703,False,False,False,False,False,False
2024-01-14 00:00:00,PRD-A,1.4934854990420898,0.024871859708939903,0.8523794717071191,1.297434156718313,1.7424888417295068,0.0,0.16734056156420887,0.5467016146302703,False,False,False,False,False,False
2024-01-14 08:00:00,PRD-A,1.3251877357550021,0.16829776328708768,0.8523794717071191,1.297434156718313,1.7424888417295068,0.0,0.16734056156420887,0.5467016146302703,False,False,False,False,False,False
2024-01-14 16:00:00,PRD-A,1.2584406111527022,0.06674712460229992,0.8523794717071191,1.297434156718313,1.7424888417295068,0.0,0.16734056156420887,0.5467016146302703,False,False,False,False,False,False
2024-01-21 00:00:00,PRD-A,1.348700361724977,0.09025975057227487,0.8523794717071191,1.297434156718313,1.7424888417295068,0.0,0.16734056156420887,0.5467016146302703,False,False,False,False,False,False
2024-01-21 08:00:00,PRD-A,1.5369703777100046,0.18827001598502746,0.8523794717071191,1.297434156718313,1.7424888417295068,0.0,0.16734056156420887,0.5467016146302703,False,False,False,False,False,False
2024-01-21 16:00:00,PRD-A,1.6685964095592636,0.13162603184925903,0.8523794717071191,1.297434156718313,1.7424888417295068,0.0,0.16734056156420887,0.5467016146302703,False,False,False,False,False,False
2024-01-22 00:00:00,PRD-A,1.4375669103979243,0.2310294991613393,0.8523794717071191,1.297434156718313,1.7424888417295068,0.0,0.16734056156420887,0.5467016146302703,False,False,False,False,False,False
2024-01-22 08:00:00,PRD-A,1.547194329426455,0.10962741902853068,0.8523794717071191,1.297434156718313,1.7424888417295068,0.0,0.16734056156420887,0.5467016146302703,False,False,False,False,False,False
2024-01-22 16:00:00,PRD-A,1.6290252508914747,0.08183092146501969,0.8523794717071191,1.297434156718313,1.7424888417295068,0.0,0.16734056156420887,0.5467016146302703,False,False,True,False,True,False
2024-01-29 00:00:00,PRD-A,1.3887567872571176,0.24026846363435705,0.8523794717071191,1.297434156718313,1.7424888417295068,0.0,0.16734056156420887,0.5467016146302703,False,False,False,False,False,False
2024-01-29 08:00:00,PRD-A,1.4510687237564563,0.06231193649933875,0.8523794717071191,1.297434156718313,1.7424888417295068,0.0,0.16734056156420887,0.5467016146302703,False,False,False,True,True,False
2024-01-29 16:00:00,PRD-A,1.51058913877493,0.059520415018473605,0.8523794717071191,1.297434156718313,1.7424888417295068,0.0,0.16734056156420887,0.5467016146302703,False,False,True,True,True,False
2024-01-30 00:00:00,PRD-A,1.3438373578638718,0.16675178091105813,0.8523794717071191,1.297434156718313,1.7424888417295068,0.0,0.16734056156420887,0.5467016146302703,False,False,False,True,True,False
2024-01-30 08:00:00,PRD-A,1.3916033123102622,0.047765954446390424,0.8523794717071191,1.297434156718313,1.7424888417295068,0.0,0.16734056156420887,0.5467016146302703,False,False,False,True,True,False
2024-01-30 16:00:00,PRD-A,1.6355553281785977,0.24395201586833548,0.8523794717071191,1.297434156718313,1.7424888417295068,0.0,0.16734056156420887,0.5467016146302703,False,False,False,True,True,False
2024-02-06 00:00:00,PRD-A,1.4652850772489312,0.17027025092966652,0.8523794717071191,1.297434156718313,1.7424888417295068,0.0,0.16734056156420887,0.5467016146302703,False,False,False,True,True,False
2024-02-06 08:00:00,PRD-A,1.3096788327771862,0.15560624447174498,0.8523794717071191,1.297434156718313,1.7424888417295068,0.0,0.16734056156420887,0.5467016146302703,False,False,False,True,True,False
2024-02-06 16:00:00,PRD-A,1.556857437822609,0.24717860504542277,0.8523794717071191,1.297434156718313,1.7424888417295068,0.0,0.16734056156420887,0.5467016146302703,False,False,False,True,True,False
2024-02-07 00:00:00,PRD-A,1.3701431311523165,0.18671430667029254,0.8523794717071191,1.297434156718313,1.7424888417295068,0.0,0.16734056156420887,0.5467016146302703,False,False,False,True,True,False
2024-02-07 08:00:00,PRD-A,1.4589367636472719,0.08879363249495542,0.8523794717071191,1.297434156718313,1.7424888417295068,0.0,0.16734056156420887,0.5467016146302703,False,False,False,True,True,False
2024-02-07 16:00:00,PRD-A,1.3634127801875482,0.09552398345972368,0.8523794717071191,1.297434156718313,1.7424888417295068,0.0,0.16734056156420887,0.5467016146302703,False,False,False,True,True,False
2024-02-14 00:00:00,PRD-A,1.072852938117657,0.29055984206989116,0.8523794717071191,1.297434156718313,1.7424888417295068,0.0,0.16734056156420887,0.5467016146302703,False,False,False,False,False,False
2024-02-14 08:00:00,PRD-A,1.1283510834105395,0.05549814529288244,0.8523794717071191,1.297434156718313,1.7424888417295068,0.0,0.16734056156420887,0.5467016146302703,False,False,False,False,False,False
2024-02-14 16:00:00,PRD-A,1.4688934594729675,0.340542376062428,0.8523794717071191,1.297434156718313,1.7424888417295068,0.0,0.16734056156420887,0.5467016146302703,False,False,False,False,False,False
2024-02-15 00:00:00,PRD-A,1.3152358142184088,0.1536576452545586,0.8523794717071191,1.297434156718313,1.7424888417295068,0.0,0.16734056156420887,0.5467016146302703,False,False,False,False,False,False
2024-02-15 08:00:00,PRD-A,1.2165158879068592,0.09871992631154969,0.8523794717071191,1.297434156718313,1.7424888417295068,0.0,0.16734056156420887,0.5467016146302703,False,False,False,False,False,False
2024-02-15 16:00:00,PRD-A,1.4364776061729538,0.21996171826609467,0.8523794717071191,1.297434156718313,1.7424888417295068,0.0,0.16734056156420887,0.5467016146302703,False,False,False,False,False,False
2024-02-22 00:00:00,PRD-A,1.2128215728623537,0.22365603331060013,0.8523794717071191,1.297434156718313,1.7424888417295068,0.0,0.16734056156420887,0.5467016146302703,False,False,False,False,False,False
2024-02-22 08:00:00,PRD-A,1.2029452341916318,0.009876338670721907,0.8523794717071191,1.297434156718313,1.7424888417295068,0.0,0.16734056156420887,0.5467016146302703,False,False,False,False,False,False
2024-02-22 16:00:00,PRD-A,1.4248669570965955,0.2219217229049637,0.8523794717071191,1.297434156718313,1.7424888417295068,0.0,0.16734056156420887,0.5467016146302703,False,False,False,False,False,False
2024-02-23 00:00:00,PRD-A,1.2009101949557368,0.2239567621408587,0.8523794717071191,1.297434156718313,1.7424888417295068,0.0,0.16734056156420887,0.5467016146302703,False,False,False,False,False,False
2024-02-23 08:00:00,PRD-A,1.3016360091178165,0.10072581416207971,0.8523794717071191,1.297434156718313,1.7424888417295068,0.0,0.16734056156420887,0.5467016146302703,False,False,False,False,False,False
2024-02-23 16:00:00,PRD-A,1.3573782299338848,0.05574222081606828,0.8523794717071191,1.297434156718313,1.7424888417295068,0.0,0.16734056156420887,0.5467016146302703,False,False,False,False,False,False
2024-03-01 00:00:00,PRD-A,1.14531159901257,0.21206663092131484,0.8523794717071191,1.297434156718313,1.7424888417295068,0.0,0.16734056156420887,0.5467016146302703,False,False,False,False,False,False
2024-03-01 08:00:00,PRD-A,1.2742705381957722,0.12895893918320223,0.8523794717071191,1.297434156718313,1.7424888417295068,0.0,0.16734056156420887,0.5467016146302703,False,False,False,False,False,False
2024-03-01 16:00:00,PRD-A,1.4836028188370578,0.20933228064128562,0.8523794717071191,1.297434156718313,1.7424888417295068,0.0,0.16734056156420887,0.5467016146302703,False,False,False,False,False,False
2024-03-02 00:00:00,PRD-A,1.3449928498094739,0.13860996902758393,0.8523794717071191,1.297434156718313,1.7424888417295068,0.0,0.16734056156420887,0.5467016146302703,False,False,False,False,False,False
2024-03-02 08:00:00,PRD-A,1.1895968486682234,0.15539600114125052,0.8523794717071191,1.297434156718313,1.7424888417295068,0.0,0.16734056156420887,0.5467016146302703,False,False,False,False,False,False
2024-03-02 16:00:00,PRD-A,1.4293852372204139,0.23978838855219053,0.8523794717071191,1.297434156718313,1.7424888417295068,0.0,0.16734056156420887,0.5467016146302703,False,False,False,False,False,False
2024-03-09 00:00:00,PRD-A,1.1778667217834597,0.25151851543695414,0.8523794717071191,1.297434156718313,1.7424888417295068,0.0,0.16734056156420887,0.5467016146302703,False,False,False,False,False,False
2024-03-09 08:00:00,PRD-A,1.5077534419256635,0.32988672014220377,0.8523794717071191,1.297434156718313,1.7424888417295068,0.0,0.16734056156420887,0.5467016146302703,False,False,False,False,False,False
2024-03-09 16:00:00,PRD-A,1.5506370782490566,0.04288363632339309,0.8523794717071191,1.297434156718313,1.7424888417295068,0.0,0.16734056156420887,0.5467016146302703,False,False,False,False,False,False
2024-03-10 00:00:00,PRD-A,1.169353962999904,0.3812831152491527,0.8523794717071191,1.297434156718313,1.7424888417295068,0.0,0.16734056156420887,0.5467016146302703,False,False,False,False,False,False
2024-03-10 08:00:00,PRD-A,1.3828857176371945,0.21353175463729057,0.8523794717071191,1.297434156718313,1.7424888417295068,0.0,0.16734056156420887,0.5467016146302703,False,False,False,False,False,False
2024-03-10 16:00:00,PRD-A,1.4919361808518157,0.1090504632146212,0.8523794717071191,1.297434156718313,1.7424888417295068,0.0,0.16734056156420887,0.5467016146302703,False,False,False,False,False,False
2024-03-17 00:00:00,PRD-A,1.2024165133517661,0.28951966750004954,0.8523794717071191,1.297434156718313,1.7424888417295068,0.0,0.16734056156420887,0.5467016146302703,False,False,False,False,False,False
2024-03-17 08:00:00,PRD-A,1.4019690173495054,0.19955250399773927,0.8523794717071191,1.297434156718313,1.7424888417295068,0.0,0.16734056156420887,0.5467016146302703,False,False,False,False,False,False
2024-03-17 16:00:00,PRD-A,1.4192628335269541,0.01729381617744874,0.8523794717071191,1.297434156718313,1.7424888417295068,0.0,0.16734056156420887,0.5467016146302703,False,False,False,False,False,False
2024-03-18 00:00:00,PRD-A,1.3470992896718474,0.0721635438551067,0.8523794717071191,1.297434156718313,1.7424888417295068,0.0,0.16734056156420887,0.5467016146302703,False,False,False,False,False,False
2024-03-18 08:00:00,PRD-A,1.3057750836371065,0.04132420603474096,0.8523794717071191,1.297434156718313,1.7424888417295068,0.0,0.16734056156420887,0.5467016146302703,False,False,False,False,False,False
2024-03-18 16:00:00,PRD-A,1.7169398911534857,0.4111648075163792,0.8523794717071191,1.297434156718313,1.7424888417295068,0.0,0.16734056156420887,0.5467016146302703,False,False,False,False,False,False
2024-03-25 00:00:00,PRD-A,1.3247606554244922,0.3921792357289935,0.8523794717071191,1.297434156718313,1.7424888417295068,0.0,0.16734056156420887,0.5467016146302703,False,False,False,False,False,False
2024-03-25 08:00:00,PRD-A,1.2056662622175303,0.11909439320696191,0.8523794717071191,1.297434156718313,1.7424888417295068,0.0,0.16734056156420887,0.5467016146302703,False,False,False,False,False,False
2024-03-25 16:00:00,PRD-A,1.4492885559691733,0.24362229375164302,0.8523794717071191,1.297434156718313,1.7424888417295068,0.0,0.16734056156420887,0.5467016146302703,False,False,False,False,False,False
2024-03-26 00:00:00,PRD-A,1.3326032006701771,0.11668535529899615,0.8523794717071191,1.297434156718313,1.7424888417295068,0.0,0.16734056156420887,0.5467016146302703,False,False,False,False,False,False
2024-03-26 08:00:00,PRD-A,1.3128937738865167,0.01970942678366039,0.8523794717071191,1.297434156718313,1.7424888417295068,0.0,0.16734056156420887,0.5467016146302703,False,False,False,False,False,False
2024-03-26 16:00:00,PRD-A,1.6501276010601362,0.3372338271736195,0.8523794717071191,1.297434156718313,1.7424888417295068,0.0,0.16734056156420887,0.5467016146302703,False,False,False,False,False,False
2024-04-02 00:00:00,PRD-A,1.385528970318132,0.2645986307420043,0.8523794717071191,1.297434156718313,1.7424888417295068,0.0,0.16734056156420887,0.5467016146302703,False,False,False,False,False,False
2024-04-02 08:00:00,PRD-A,1.4758279576100204,0.09029898729188846,0.8523794717071191,1.297434156718313,1.7424888417295068,0.0,0.16734056156420887,0.5467016146302703,False,False,False,False,False,False
2024-04-02 16:00:00,PRD-A,1.3988100382253148,0.07701791938470559,0.8523794717071191,1.297434156718313,1.7424888417295068,0.0,0.16734056156420887,0.5467016146302703,False,False,False,False,False,False
2024-04-03 00:00:00,PRD-A,1.3545928756275134,0.044217162597801396,0.8523794717071191,1.297434156718313,1.7424888417295068,0.0,0.16734056156420887,0.5467016146302703,False,False,False,True,True,False
2024-04-03 08:00:00,PRD-A,1.257931594386625,0.09666128124088846,0.8523794717071191,1.297434156718313,1.7424888417295068,0.0,0.16734056156420887,0.5467016146302703,False,False,False,False,False,False
2024-04-03 16:00:00,PRD-A,1.5410126991705029,0.28308110478387793,0.8523794717071191,1.297434156718313,1.7424888417295068,0.0,0.16734056156420887,0.5467016146302703,False,False,False,False,False,False
2024-04-10 00:00:00,PRD-A,0.9845075994142534,0.5565050997562495,0.8523794717071191,1.297434156718313,1.7424888417295068,0.0,0.16734056156420887,0.5467016146302703,False,False,False,False,False,True
2024-04-10 08:00:00,PRD-A,1.1609502649708932,0.1764426655566398,0.8523794717071191,1.297434156718313,1.7424888417295068,0.0,0.16734056156420887,0.5467016146302703,False,False,False,False,False,False
2024-04-10 16:00:00,PRD-A,1.3180370997166617,0.15708683474576857,0.8523794717071191,1.297434156718313,1.7424888417295068,0.0,0.16734056156420887,0.5467016146302703,False,False,False,False,False,False
2024-04-11 00:00:00,PRD-A,1.220811898640196,0.09722520107646582,0.8523794717071191,1.297434156718313,1.7424888417295068,0.0,0.16734056156420887,0.5467016146302703,False,False,False,False,False,False
2024-04-11 08:00:00,PRD-A,1.2590760512649775,0.038264152624781556,0.8523794717071191,1.297434156718313,1.7424888417295068,0.0,0.16734056156420887,0.5467016146302703,False,False,False,False,False,False
2024-04-11 16:00:00,PRD-A,1.361840359802231,0.1027643085372536,0.8523794717071191,1.297434156718313,1.7424888417295068,0.0,0.16734056156420887,0.5467016146302703,False,False,False,False,False,False
2024-04-18 00:00:00,PRD-A,1.340668563731944,0.021171796070287074,0.8523794717071191,1.297434156718313,1.7424888417295068,0.0,0.16734056156420887,0.5467016146302703,False,False,False,False,False,False
2024-04-18 08:00:00,PRD-A,1.377814186333396,0.03714562260145193,0.8523794717071191,1.297434156718313,1.7424888417295068,0.0,0.16734056156420887,0.5467016146302703,False,False,False,False,False,False
2024-04-18 16:00:00,PRD-A,1.2472303797917996,0.1305838065415963,0.8523794717071191,1.297434156718313,1.7424888417295068,0.0,0.16734056156420887,0.5467016146302703,False,False,False,False,False,False
2024-04-19 00:00:00,PRD-A,1.5483788181504141,0.3011484383586145,0.8523794717071191,1.297434156718313,1.7424888417295068,0.0,0.16734056156420887,0.5467016146302703,False,False,False,False,False,False
2024-04-19 08:00:00,PRD-A,1.3968781596813618,0.15150065846905236,0.8523794717071191,1.297434156718313,1.7424888417295068,0.0,0.16734056156420887,0.5467016146302703,False,False,False,False,False,False
2024-04-19 16:00:00,PRD-A,1.7111612051053728,0.3142830454240111,0.8523794717071191,1.297434156718313,1.7424888417295068,0.0,0.16734056156420887,0.5467016146302703,False,False,False,False,False,False
2024-04-26 00:00:00,PRD-A,1.479196517278826,0.2319646878265469,0.8523794717071191,1.297434156718313,1.7424888417295068,0.0,0.16734056156420887,0.5467016146302703,False,False,False,False,False,False
2024-04-26 08:00:00,PRD-A,1.5309841142593914,0.05178759698056545,0.8523794717071191,1.297434156718313,1.7424888417295068,0.0,0.16734056156420887,0.5467016146302703,False,False,True,False,True,False
2024-04-26 16:00:00,PRD-A,1.3091116484434342,0.2218724658159572,0.8523794717071191,1.297434156718313,1.7424888417295068,0.0,0.16734056156420887,0.5467016146302703,False,False,False,False,False,False
2024-04-27 00:00:00,PRD-A,1.335808001013862,0.026696352570427795,0.8523794717071191,1.297434156718313,1.7424888417295068,0.0,0.16734056156420887,0.5467016146302703,False,False,False,False,False,False
2024-04-27 08:00:00,PRD-A,1.3279872088945481,0.007820792119313857,0.8523794717071191,1.297434156718313,1.7424888417295068,0.0,0.16734056156420887,0.5467016146302703,False,False,False,True,True,False
2024-04-27 16:00:00,PRD-A,1.50012804224188,0.17214083334733177,0.8523794717071191,1.297434156718313,1.7424888417295068,0.0,0.16734056156420887,0.5467016146302703,False,False,False,True,True,False
2024-05-04 00:00:00,PRD-A,1.3454403253569642,0.15468771688491567,0.8523794717071191,1.297434156718313,1.7424888417295068,0.0,0.16734056156420887,0.5467016146302703,False,False,False,True,True,False
2024-05-04 08:00:00,PRD-A,1.3811585627916205,0.0357182374346563,0.8523794717071191,1.297434156718313,1.7424888417295068,0.0,0.16734056156420887,0.5467016146302703,False,False,False,True,True,False
2024-05-04 16:00:00,PRD-A,1.441281175472516,0.06012261268089558,0.8523794717071191,1.297434156718313,1.7424888417295068,0.0,0.16734056156420887,0.5467016146302703,False,False,False,True,True,False
2024-05-05 00:00:00,PRD-A,1.4103594250925549,0.030921750379961255,0.8523794717071191,1.297434156718313,1.7424888417295068,0.0,0.16734056156420887,0.5467016146302703,False,False,False,True,True,False
2024-05-05 08:00:00,PRD-A,1.3375333021334042,0.0728261229591507,0.8523794717071191,1.297434156718313,1.7424888417295068,0.0,0.16734056156420887,0.5467016146302703,False,False,False,True,True,False
2024-05-05 16:00:00,PRD-A,1.596775820663606,0.25924251853020186,0.8523794717071191,1.297434156718313,1.7424888417295068,0.0,0.16734056156420887,0.5467016146302703,False,False,False,True,True,False
2024-05-12 00:00:00,PRD-A,1.5311731243797084,0.06560269628389759,0.8523794717071191,1.297434156718313,1.7424888417295068,0.0,0.16734056156420887,0.5467016146302703,False,False,False,True,True,False
2024-05-12 08:00:00,PRD-A,1.322557730473421,0.20861539390628736,0.8523794717071191,1.297434156718313,1.7424888417295068,0.0,0.16734056156420887,0.5467016146302703,False,False,False,True,True,False
2024-05-12 16:00:00,PRD-A,1.4988442721584472,0.1762865416850261,0.8523794717071191,1.297434156718313,1.7424888417295068,0.0,0.16734056156420887,0.5467016146302703,False,False,False,True,True,False
2024-05-13 00:00:00,PRD-A,1.3243717163943831,0.17447255576406406,0.8523794717071191,1.297434156718313,1.7424888417295068,0.0,0.16734056156420887,0.5467016146302703,False,False,False,True,True,False
2024-05-13 08:00:00,PRD-A,1.225151022345416,0.09922069404896705,0.8523794717071191,1.297434156718313,1.7424888417295068,0.0,0.16734056156420887,0.5467016146302703,False,False,False,False,False,False
2024-05-13 16:00:00,PRD-A,1.2255558363136907,0.000404813968274631,0.8523794717071191,1.297434156718313,1.7424888417295068,0.0,0.16734056156420887,0.5467016146302703,False,False,False,False,False,False
2024-05-20 00:00:00,PRD-A,1.2168817499182882,0.008674086395402458,0.8523794717071191,1.297434156718313,1.7424888417295068,0.0,0.16734056156420887,0.5467016146302703,False,False,False,False,False,False
2024-05-20 08:00:00,PRD-A,1.1217374833954226,0.09514426652286567,0.8523794717071191,1.297434156718313,1.7424888417295068,0.0,0.16734056156420887,0.5467016146302703,False,False,False,False,False,False
2024-05-20 16:00:00,PRD-A,1.3800255672198676,0.258288083824445,0.8523794717071191,1.297434156718313,1.7424888417295068,0.0,0.16734056156420887,0.5467016146302703,False,False,False,False,False,False
2024-05-21 00:00:00,PRD-A,1.3072072230915357,0.07281834412833188,0.8523794717071191,1.297434156718313,1.7424888417295068,0.0,0.16734056156420887,0.5467016146302703,False,False,False,False,False,False
2024-05-21 08:00:00,PRD-A,1.3459820223538776,0.03877479926234195,0.8523794717071191,1.297434156718313,1.7424888417295068,0.0,0.16734056156420887,0.5467016146302703,False,False,False,False,False,False
2024-05-21 16:00:00,PRD-A,1.2446646871009055,0.10131733525297215,0.8523794717071191,1.297434156718313,1.7424888417295068,0.0,0.16734056156420887,0.5467016146302703,False,False,False,False,False,False
2024-05-28 00:00:00,PRD-A,1.3682273012550812,0.12356261415417569,0.8523794717071191,1.297434156718313,1.7424888417295068,0.0,0.16734056156420887,0.5467016146302703,False,False,False,False,False,False
2024-05-28 08:00:00,PRD-A,1.4040224798696486,0.03579517861456738,0.8523794717071191,1.297434156718313,1.7424888417295068,0.0,0.16734056156420887,0.5467016146302703,False,False,False,False,False,False
2024-05-28 16:00:00,PRD-A,1.4046476938555874,0.0006252139859388439,0.8523794717071191,1.297434156718313,1.7424888417295068,0.0,0.16734056156420887,0.5467016146302703,False,False,False,False,False,False
2024-05-29 00:00:00,PRD-A,1.2957594279100886,0.10888826594549883,0.8523794717071191,1.297434156718313,1.7424888417295068,0.0,0.16734056156420887,0.5467016146302703,False,False,False,False,False,False
2024-05-29 08:00:00,PRD-A,1.3993876221447543,0.10362819423466574,0.8523794717071191,1.297434156718313,1.7424888417295068,0.0,0.16734056156420887,0.5467016146302703,False,False,False,False,False,False
2024-05-29 16:00:00,PRD-A,1.3756091595397626,0.023778462604991724,0.8523794717071191,1.297434156718313,1.7424888417295068,0.0,0.16734056156420887,0.5467016146302703,False,False,False,False,False,False
2024-06-05 00:00:00,PRD-A,1.2478203124014944,0.1277888471382682,0.8523794717071191,1.297434156718313,1.7424888417295068,0.0,0.16734056156420887,0.5467016146302703,False,False,False,False,False,False
2024-06-05 08:00:00,PRD-A,1.3914937083564634,0.14367339595496897,0.8523794717071191,1.297434156718313,1.7424888417295068,0.0,0.16734056156420887,0.5467016146302703,False,False,False,False,False,False
2024-06-05 16:00:00,PRD-A,1.5316101081959237,0.14011639983946034,0.8523794717071191,1.297434156718313,1.7424888417295068,0.0,0.16734056156420887,0.5467016146302703,False,False,False,False,False,False
2024-06-06 00:00:00,PRD-A,1.5223068388176424,0.009303269378281298,0.8523794717071191,1.297434156718313,1.7424888417295068,0.0,0.16734056156420887,0.5467016146302703,False,False,False,False,False,False
2024-06-06 08:00:00,PRD-A,1.5812279413063195,0.0589211024886771,0.8523794717071191,1.297434156718313,1.7424888417295068,0.0,0.16734056156420887,0.5467016146302703,False,False,False,False,False,False
2024-06-06 16:00:00,PRD-A,1.633632856725533,0.05240491541921344,0.8523794717071191,1.297434156718313,1.7424888417295068,0.0,0.16734056156420887,0.5467016146302703,False,False,True,False,True,False
2024-06-13 00:00:00,PRD-A,1.1076973072504757,0.5259355494750573,0.8523794717071191,1.297434156718313,1.7424888417295068,0.0,0.16734056156420887,0.5467016146302703,False,False,True,False,True,False
2024-06-13 08:00:00,PRD-A,1.0877991465988517,0.019898160651623975,0.8523794717071191,1.297434156718313,1.7424888417295068,0.0,0.16734056156420887,0.5467016146302703,False,False,False,False,False,False
2024-06-13 16:00:00,PRD-A,1.0497708477059982,0.03802829889285353,0.8523794717071191,1.297434156718313,1.7424888417295068,0.0,0.16734056156420887,0.5467016146302703,False,False,False,False,False,False
2024-06-14 00:00:00,PRD-A,1.1240735359585692,0.07430268825257103,0.8523794717071191,1.297434156718313,1.7424888417295068,0.0,0.16734056156420887,0.5467016146302703,False,False,True,False,True,False
2024-06-14 08:00:00,PRD-A,1.1991773148820453,0.07510377892347608,0.8523794717071191,1.297434156718313,1.7424888417295068,0.0,0.16734056156420887,0.5467016146302703,False,False,True,False,True,False
2024-06-14 16:00:00,PRD-A,1.388743518921376,0.18956620403933067,0.8523794717071191,1.297434156718313,1.7424888417295068,0.0,0.16734056156420887,0.5467016146302703,False,False,False,False,False,False
2024-06-21 00:00:00,PRD-A,0.9090309286016285,0.47971259031974745,0.8523794717071191,1.297434156718313,1.7424888417295068,0.0,0.16734056156420887,0.5467016146302703,False,False,False,False,False,False
2024-06-21 08:00:00,PRD-A,1.0363903380476565,0.12735940944602797,0.8523794717071191,1.297434156718313,1.7424888417295068,0.0,0.16734056156420887,0.5467016146302703,False,False,False,False,False,False
2024-06-21 16:00:00,PRD-A,1.247935931624573,0.2115455935769166,0.8523794717071191,1.297434156718313,1.7424888417295068,0.0,0.16734056156420887,0.5467016146302703,False,False,False,False,False,False
2024-06-22 00:00:00,PRD-A,1.206416336895839,0.04151959472873412,0.8523794717071191,1.297434156718313,1.7424888417295068,0.0,0.16734056156420887,0.5467016146302703,False,False,False,False,False,False
2024-06-22 08:00:00,PRD-A,1.2083906929948365,0.001974356098997543,0.8523794717071191,1.297434156718313,1.7424888417295068,0.0,0.16734056156420887,0.5467016146302703,False,False,False,False,False,False
2024-06-22 16:00:00,PRD-A,1.020300086569412,0.1880906064254244,0.8523794717071191,1.297434156718313,1.7424888417295068,0.0,0.16734056156420887,0.5467016146302703,False,False,False,False,False,False
2024-06-29 00:00:00,PRD-A,1.3283217927783024,0.30802170620889036,0.8523794717071191,1.297434156718313,1.7424888417295068,0.0,0.16734056156420887,0.5467016146302703,False,False,False,False,False,False
2024-06-29 08:00:00,PRD-A,1.2105446339161101,0.11777715886219231,0.8523794717071191,1.297434156718313,1.7424888417295068,0.0,0.16734056156420887,0.5467016146302703,False,False,False,False,False,False
2024-06-29 16:00:00,PRD-A,1.3882950117548711,0.17775037783876102,0.8523794717071191,1.297434156718313,1.7424888417295068,0.0,0.16734056156420887,0.5467016146302703,False,False,False,False,False,False
2024-06-30 00:00:00,PRD-A,1.3335957157502276,0.054699296004643516,0.8523794717071191,1.297434156718313,1.7424888417295068,0.0,0.16734056156420887,0.5467016146302703,False,False,False,False,False,False
2024-06-30 08:00:00,PRD-A,1.4366343262466768,0.10303861049644913,0.8523794717071191,1.297434156718313,1.7424888417295068,0.0,0.16734056156420887,0.5467016146302703,False,False,False,False,False,False
2024-06-30 16:00:00,PRD-A,0.9799534011627576,0.4566809250839191,0.8523794717071191,1.297434156718313,1.7424888417295068,0.0,0.16734056156420887,0.5467016146302703,False,False,False,False,False,False
2024-07-07 00:00:00,PRD-A,0.9509577669904175,0.02899563417234019,0.8523794717071191,1.297434156718313,1.7424888417295068,0.0,0.16734056156420887,0.5467016146302703,False,True,False,False,True,False
2024-07-07 08:00:00,PRD-A,0.9438000182642925,0.007157748726124957,0.8523794717071191,1.297434156718313,1.7424888417295068,0.0,0.16734056156420887,0.5467016146302703,False,True,False,False,True,False
2024-07-07 16:00:00,PRD-A,1.1270431351104635,0.183243116846171,0.8523794717071191,1.297434156718313,1.7424888417295068,0.0,0.16734056156420887,0.5467016146302703,False,True,True,False,True,False
2024-07-08 00:00:00,PRD-A,1.1478031707818117,0.02076003567134821,0.8523794717071191,1.297434156718313,1.7424888417295068,0.0,0.16734056156420887,0.5467016146302703,False,False,True,False,True,False
2024-07-08 08:00:00,PRD-A,1.0360945468873712,0.11170862389444047,0.8523794717071191,1.297434156718313,1.7424888417295068,0.0,0.16734056156420887,0.5467016146302703,False,False,True,False,True,False
2024-07-08 16:00:00,PRD-A,1.3142405060422333,0.27814595915486207,0.8523794717071191,1.297434156718313,1.7424888417295068,0.0,0.16734056156420887,0.5467016146302703,False,False,True,False,True,False
2024-07-15 00:00:00,PRD-A,1.1228601042200745,0.19138040182215876,0.8523794717071191,1.297434156718313,1.7424888417295068,0.0,0.16734056156420887,0.5467016146302703,False,False,True,False,True,False
2024-07-15 08:00:00,PRD-A,1.0678660656273813,0.05499403859269325,0.8523794717071191,1.297434156718313,1.7424888417295068,0.0,0.16734056156420887,0.5467016146302703,False,False,True,False,True,False
2024-07-15 16:00:00,PRD-A,1.1767155466206993,0.10884948099331804,0.8523794717071191,1.297434156718313,1.7424888417295068,0.0,0.16734056156420887,0.5467016146302703,False,False,False,False,False,False
2024-07-16 00:00:00,PRD-A,1.0151736646714482,0.16154188194925112,0.8523794717071191,1.297434156718313,1.7424888417295068,0.0,0.16734056156420887,0.5467016146302703,False,False,False,False,False,False
2024-07-16 08:00:00,PRD-A,0.911855727653657,0.10331793701779124,0.8523794717071191,1.297434156718313,1.7424888417295068,0.0,0.16734056156420887,0.5467016146302703,False,False,True,False,True,False
2024-07-16 16:00:00,PRD-A,1.1176947488135782,0.20583902115992125,0.8523794717071191,1.297434156718313,1.7424888417295068,0.0,0.16734056156420887,0.5467016146302703,False,False,True,False,True,False
2024-07-23 00:00:00,PRD-A,1.3443359871025813,0.22664123828900307,0.8523794717071191,1.297434156718313,1.7424888417295068,0.0,0.16734056156420887,0.5467016146302703,False,False,False,False,False,False
2024-07-23 08:00:00,PRD-A,1.4366336743126547,0.09229768721007336,0.8523794717071191,1.297434156718313,1.7424888417295068,0.0,0.16734056156420887,0.5467016146302703,False,False,False,False,False,False
2024-07-23 16:00:00,PRD-A,1.4376483463489564,0.0010146720363017891,0.8523794717071191,1.297434156718313,1.7424888417295068,0.0,0.16734056156420887,0.5467016146302703,False,False,False,False,False,False
2024-07-24 00:00:00,PRD-A,1.546107244810366,0.10845889846140966,0.8523794717071191,1.297434156718313,1.7424888417295068,0.0,0.16734056156420887,0.5467016146302703,False,False,False,False,False,False
2024-07-24 08:00:00,PRD-A,1.3547643571519683,0.1913428876583978,0.8523794717071191,1.297434156718313,1.7424888417295068,0.0,0.16734056156420887,0.5467016146302703,False,False,False,False,False,False
2024-07-24 16:00:00,PRD-A,1.585231191882585,0.2304668347306167,0.8523794717071191,1.297434156718313,1.7424888417295068,0.0,0.16734056156420887,0.5467016146302703,False,False,False,False,False,False
2024-07-31 00:00:00,PRD-A,1.4968944134001272,0.0883367784824578,0.8523794717071191,1.297434156718313,1.7424888417295068,0.0,0.16734056156420887,0.5467016146302703,False,False,False,False,False,False
2024-07-31 08:00:00,PRD-A,1.2678339841785888,0.22906042922153835,0.8523794717071191,1.297434156718313,1.7424888417295068,0.0,0.16734056156420887,0.5467016146302703,False,False,False,False,False,False
2024-07-31 16:00:00,PRD-A,1.5995934825300802,0.3317594983514913,0.8523794717071191,1.297434156718313,1.7424888417295068,0.0,0.16734056156420887,0.5467016146302703,False,False,False,False,False,False
2024-08-01 00:00:00,PRD-A,1.3337882385402133,0.2658052439898668,0.8523794717071191,1.297434156718313,1.7424888417295068,0.0,0.16734056156420887,0.5467016146302703,False,False,False,False,False,False
2024-08-01 08:00:00,PRD-A,1.522317097871856,0.18852885933164276,0.8523794717071191,1.297434156718313,1.7424888417295068,0.0,0.16734056156420887,0.5467016146302703,False,False,False,False,False,False
2024-08-01 16:00:00,PRD-A,1.5592565276553965,0.03693942978354037,0.8523794717071191,1.297434156718313,1.7424888417295068,0.0,0.16734056156420887,0.5467016146302703,False,False,False,False,False,False
2024-08-08 00:00:00,PRD-A,1.2585970612103607,0.3006594664450357,0.8523794717071191,1.297434156718313,1.7424888417295068,0.0,0.16734056156420887,0.5467016146302703,False,False,False,False,False,False
2024-08-08 08:00:00,PRD-A,1.2437731262339173,0.01482393497644341,0.8523794717071191,1.297434156718313,1.7424888417295068,0.0,0.16734056156420887,0.5467016146302703,False,False,False,False,False,False
2024-08-08 16:00:00,PRD-A,1.3942933916584155,0.15052026542449815,0.8523794717071191,1.297434156718313,1.7424888417295068,0.0,0.16734056156420887,0.5467016146302703,False,False,False,False,False,False
2024-08-09 00:00:00,PRD-A,1.2591582335455427,0.1351351581128728,0.8523794717071191,1.297434156718313,1.7424888417295068,0.0,0.16734056156420887,0.5467016146302703,False,False,False,False,False,False
2024-08-09 08:00:00,PRD-A,1.1246598783583726,0.13449835518717013,0.8523794717071191,1.297434156718313,1.7424888417295068,0.0,0.16734056156420887,0.5467016146302703,False,False,False,False,False,False
2024-08-09 16:00:00,PRD-A,1.256607172915451,0.13194729455707854,0.8523794717071191,1.297434156718313,1.7424888417295068,0.0,0.16734056156420887,0.5467016146302703,False,False,False,False,False,False
2024-08-16 00:00:00,PRD-A,0.879182078641598,0.37742509427385307,0.8523794717071191,1.297434156718313,1.7424888417295068,0.0,0.16734056156420887,0.5467016146302703,False,False,False,False,False,False
2024-08-16 08:00:00,PRD-A,1.3042437955976853,0.4250617169560873,0.8523794717071191,1.297434156718313,1.7424888417295068,0.0,0.16734056156420887,0.5467016146302703,False,False,False,False,False,False
2024-08-16 16:00:00,PRD-A,1.2624153591577545,0.04182843643993084,0.8523794717071191,1.297434156718313,1.7424888417295068,0.0,0.16734056156420887,0.5467016146302703,False,False,False,False,False,False
2024-08-17 00:00:00,PRD-A,1.1089870367628085,0.15342832239494597,0.8523794717071191,1.297434156718313,1.7424888417295068,0.0,0.16734056156420887,0.5467016146302703,False,False,False,False,False,False
2024-08-17 08:00:00,PRD-A,1.0372771198270043,0.0717099169358042,0.8523794717071191,1.297434156718313,1.7424888417295068,0.0,0.16734056156420887,0.5467016146302703,False,False,False,False,False,False
2024-08-17 16:00:00,PRD-A,1.4302565262691032,0.39297940644209883,0.8523794717071191,1.297434156718313,1.7424888417295068,0.0,0.16734056156420887,0.5467016146302703,False,False,False,False,False,False
2024-08-24 00:00:00,PRD-A,1.2274326870055572,0.20282383926354597,0.8523794717071191,1.297434156718313,1.7424888417295068,0.0,0.16734056156420887,0.5467016146302703,False,False,False,False,False,False
2024-08-24 08:00:00,PRD-A,1.2595594330681625,0.03212674606260535,0.8523794717071191,1.297434156718313,1.7424888417295068,0.0,0.16734056156420887,0.5467016146302703,False,False,False,False,False,False
2024-08-24 16:00:00,PRD-A,1.4526823492190994,0.1931229161509369,0.8523794717071191,1.297434156718313,1.7424888417295068,0.0,0.16734056156420887,0.5467016146302703,False,False,False,False,False,False
2024-08-25 00:00:00,PRD-A,1.2548791148304201,0.1978032343886793,0.8523794717071191,1.297434156718313,1.7424888417295068,0.0,0.16734056156420887,0.5467016146302703,False,False,False,False,False,False
2024-08-25 08:00:00,PRD-A,1.3997898914849425,0.14491077665452234,0.8523794717071191,1.297434156718313,1.7424888417295068,0.0,0.16734056156420887,0.5467016146302703,False,False,False,False,False,False
2024-08-25 16:00:00,PRD-A,1.4453117351766582,0.045521843691715747,0.8523794717071191,1.297434156718313,1.7424888417295068,0.0,0.16734056156420887,0.5467016146302703,False,False,False,False,False,False
2024-09-01 00:00:00,PRD-A,1.261820037450948,0.18349169772571017,0.8523794717071191,1.297434156718313,1.7424888417295068,0.0,0.16734056156420887,0.5467016146302703,False,False,False,False,False,False
2024-09-01 08:00:00,PRD-A,1.3877584004699786,0.1259383630190305,0.8523794717071191,1.297434156718313,1.7424888417295068,0.0,0.16734056156420887,0.5467016146302703,False,False,False,False,False,False
2024-09-01 16:00:00,PRD-A,1.2941221500223827,0.09363625044759583,0.8523794717071191,1.297434156718313,1.7424888417295068,0.0,0.16734056156420887,0.5467016146302703,False,False,False,False,False,False
2024-09-02 00:00:00,PRD-A,1.2060311861622501,0.0880909638601326,0.8523794717071191,1.297434156718313,1.7424888417295068,0.0,0.16734056156420887,0.5467016146302703,False,False,False,False,False,False
2024-09-02 08:00:00,PRD-A,1.328928829855714,0.1228976436934639,0.8523794717071191,1.297434156718313,1.7424888417295068,0.0,0.16734056156420887,0.5467016146302703,False,False,False,False,False,False
2024-09-02 16:00:00,PRD-A,1.3073207392820532,0.021608090573660865,0.8523794717071191,1.297434156718313,1.7424888417295068,0.0,0.16734056156420887,0.5467016146302703,False,False,False,False,False,False
2024-09-09 00:00:00,PRD-A,1.3937589546531053,0.08643821537105212,0.8523794717071191,1.297434156718313,1.7424888417295068,0.0,0.16734056156420887,0.5467016146302703,False,False,False,False,False,False
2024-09-09 08:00:00,PRD-A,1.1776822932500144,0.2160766614030909,0.8523794717071191,1.297434156718313,1.7424888417295068,0.0,0.16734056156420887,0.5467016146302703,False,False,False,False,False,False
2024-09-09 16:00:00,PRD-A,1.4142481508704767,0.23656585762046234,0.8523794717071191,1.297434156718313,1.7424888417295068,0.0,0.16734056156420887,0.5467016146302703,False,False,False,False,False,False
2024-09-10 00:00:00,PRD-A,1.2829497355173234,0.13129841535315334,0.8523794717071191,1.297434156718313,1.7424888417295068,0.0,0.16734056156420887,0.5467016146302703,False,False,False,False,False,False
2024-09-10 08:00:00,PRD-A,1.4195027451862998,0.13655300966897643,0.8523794717071191,1.297434156718313,1.7424888417295068,0.0,0.16734056156420887,0.5467016146302703,False,False,False,False,False,False
2024-09-10 16:00:00,PRD-A,1.5673219401880931,0.1478191950017933,0.8523794717071191,1.297434156718313,1.7424888417295068,0.0,0.16734056156420887,0.5467016146302703,False,False,False,False,False,False
2024-09-17 00:00:00,PRD-A,1.4461621766272101,0.12115976356088298,0.8523794717071191,1.297434156718313,1.7424888417295068,0.0,0.16734056156420887,0.5467016146302703,False,False,False,False,False,False
2024-09-17 08:00:00,PRD-A,1.4805407266361896,0.03437855000897949,0.8523794717071191,1.297434156718313,1.7424888417295068,0.0,0.16734056156420887,0.5467016146302703,False,False,False,False,False,False
2024-09-17 16:00:00,PRD-A,1.4695763030262632,0.010964423609926444,0.8523794717071191,1.297434156718313,1.7424888417295068,0.0,0.16734056156420887,0.5467016146302703,False,False,True,False,True,False
2024-09-18 00:00:00,PRD-A,1.5282661563900952,0.058689853363832034,0.8523794717071191,1.297434156718313,1.7424888417295068,0.0,0.16734056156420887,0.5467016146302703,False,False,True,False,True,False
2024-09-18 08:00:00,PRD-A,1.5458172591921724,0.017551102802077168,0.8523794717071191,1.297434156718313,1.7424888417295068,0.0,0.16734056156420887,0.5467016146302703,False,False,True,False,True,False
2024-09-18 16:00:00,PRD-A,1.6599848173166922,0.11416755812451984,0.8523794717071191,1.297434156718313,1.7424888417295068,0.0,0.16734056156420887,0.5467016146302703,False,False,True,True,True,False
2024-09-25 00:00:00,PRD-A,1.3997967933318036,0.2601880239848886,0.8523794717071191,1.297434156718313,1.7424888417295068,0.0,0.16734056156420887,0.5467016146302703,False,False,True,True,True,False
2024-09-25 08:00:00,PRD-A,1.5469221450578083,0.14712535172600472,0.8523794717071191,1.297434156718313,1.7424888417295068,0.0,0.16734056156420887,0.5467016146302703,False,False,True,True,True,False
2024-09-25 16:00:00,PRD-A,1.4399863748633348,0.10693577019447353,0.8523794717071191,1.297434156718313,1.7424888417295068,0.0,0.16734056156420887,0.5467016146302703,False,False,False,True,True,False
2024-09-26 00:00:00,PRD-A,1.5245040449071972,0.08451767004386235,0.8523794717071191,1.297434156718313,1.7424888417295068,0.0,0.16734056156420887,0.5467016146302703,False,False,False,True,True,False
2024-09-26 08:00:00,PRD-A,1.10927344119026,0.4152306037169371,0.8523794717071191,1.297434156718313,1.7424888417295068,0.0,0.16734056156420887,0.5467016146302703,False,False,False,False,False,False
2024-09-26 16:00:00,PRD-A,1.2884329592031,0.17915951801284002,0.8523794717071191,1.297434156718313,1.7424888417295068,0.0,0.16734056156420887,0.5467016146302703,False,False,False,False,False,False
2024-10-03 00:00:00,PRD-A,1.0489921868065017,0.23944077239659833,0.8523794717071191,1.297434156718313,1.7424888417295068,0.0,0.16734056156420887,0.5467016146302703,False,False,False,False,False,False
2024-10-03 08:00:00,PRD-A,1.14158345254835,0.09259126574184817,0.8523794717071191,1.297434156718313,1.7424888417295068,0.0,0.16734056156420887,0.5467016146302703,False,False,False,False,False,False
2024-10-03 16:00:00,PRD-A,1.3284447916613178,0.18686133911296787,0.8523794717071191,1.297434156718313,1.7424888417295068,0.0,0.16734056156420887,0.5467016146302703,False,False,False,False,False,False
2024-10-04 00:00:00,PRD-A,1.2767584835693866,0.0516863080919312,0.8523794717071191,1.297434156718313,1.7424888417295068,0.0,0.16734056156420887,0.5467016146302703,False,False,False,False,False,False
2024-10-04 08:00:00,PRD-A,1.0837758666753006,0.19298261689408602,0.8523794717071191,1.297434156718313,1.7424888417295068,0.0,0.16734056156420887,0.5467016146302703,False,False,False,False,False,False
2024-10-04 16:00:00,PRD-A,1.3327253774580354,0.24894951078273486,0.8523794717071191,1.297434156718313,1.7424888417295068,0.0,0.16734056156420887,0.5467016146302703,False,False,False,False,False,False
2024-10-11 00:00:00,PRD-A,1.134882660687837,0.19784271677019838,0.8523794717071191,1.297434156718313,1.7424888417295068,0.0,0.16734056156420887,0.5467016146302703,False,False,False,False,False,False
2024-10-11 08:00:00,PRD-A,1.1905733648737271,0.05569070418589006,0.8523794717071191,1.297434156718313,1.7424888417295068,0.0,0.16734056156420887,0.5467016146302703,False,False,False,False,False,False
2024-10-11 16:00:00,PRD-A,1.2597403975284114,0.06916703265468427,0.8523794717071191,1.297434156718313,1.7424888417295068,0.0,0.16734056156420887,0.5467016146302703,False,False,False,False,False,False
2024-10-12 00:00:00,PRD-A,1.0302784556460844,0.22946194188232694,0.8523794717071191,1.297434156718313,1.7424888417295068,0.0,0.16734056156420887,0.5467016146302703,False,False,False,False,False,False
2024-10-12 08:00:00,PRD-A,1.278467789605254,0.24818933395916964,0.8523794717071191,1.297434156718313,1.7424888417295068,0.0,0.16734056156420887,0.5467016146302703,False,False,False,False,False,False
2024-10-12 16:00:00,PRD-A,1.302429723354171,0.023961933748916975,0.8523794717071191,1.297434156718313,1.7424888417295068,0.0,0.16734056156420887,0.5467016146302703,False,False,False,False,False,False
2024-10-19 00:00:00,PRD-A,1.671938012713973,0.36950828935980184,0.8523794717071191,1.297434156718313,1.7424888417295068,0.0,0.16734056156420887,0.5467016146302703,False,False,False,False,False,False
2024-10-19 08:00:00,PRD-A,1.2271487765522053,0.4447892361617676,0.8523794717071191,1.297434156718313,1.7424888417295068,0.0,0.16734056156420887,0.5467016146302703,False,False,False,False,False,False
2024-10-19 16:00:00,PRD-A,1.3535981728716324,0.1264493963194271,0.8523794717071191,1.297434156718313,1.7424888417295068,0.0,0.16734056156420887,0.5467016146302703,False,False,False,False,False,False
2024-10-20 00:00:00,PRD-A,1.1725232255258204,0.18107494734581198,0.8523794717071191,1.297434156718313,1.7424888417295068,0.0,0.16734056156420887,0.5467016146302703,False,False,False,False,False,False
2024-10-20 08:00:00,PRD-A,1.1637674977006047,0.00875572782521572,0.8523794717071191,1.297434156718313,1.7424888417295068,0.0,0.16734056156420887,0.5467016146302703,False,False,False,False,False,False
2024-10-20 16:00:00,PRD-A,1.5120324361017312,0.3482649384011265,0.8523794717071191,1.297434156718313,1.7424888417295068,0.0,0.16734056156420887,0.5467016146302703,False,False,False,False,False,False
2024-10-27 00:00:00,PRD-A,1.1967113760581083,0.3153210600436229,0.8523794717071191,1.297434156718313,1.7424888417295068,0.0,0.16734056156420887,0.5467016146302703,False,False,False,False,False,False
2024-10-27 08:00:00,PRD-A,1.3800992446371936,0.1833878685790853,0.8523794717071191,1.297434156718313,1.7424888417295068,0.0,0.16734056156420887,0.5467016146302703,False,False,False,False,False,False
2024-10-27 16:00:00,PRD-A,1.272379625842013,0.10771961879518055,0.8523794717071191,1.297434156718313,1.7424888417295068,0.0,0.16734056156420887,0.5467016146302703,False,False,False,False,False,False
2024-10-28 00:00:00,PRD-A,1.2147389933299495,0.05764063251206353,0.8523794717071191,1.297434156718313,1.7424888417295068,0.0,0.16734056156420887,0.5467016146302703,False,False,False,False,False,False
2024-10-28 08:00:00,PRD-A,1.3664489436057443,0.1517099502757948,0.8523794717071191,1.297434156718313,1.7424888417295068,0.0,0.16734056156420887,0.5467016146302703,False,False,False,False,False,False
2024-10-28 16:00:00,PRD-A,1.464917453449775,0.09846850984403077,0.8523794717071191,1.297434156718313,1.7424888417295068,0.0,0.16734056156420887,0.5467016146302703,False,False,False,False,False,False
2024-11-04 00:00:00,PRD-A,1.185218677018458,0.279698776431317,0.8523794717071191,1.297434156718313,1.7424888417295068,0.0,0.16734056156420887,0.5467016146302703,False,False,False,False,False,False
2024-11-04 08:00:00,PRD-A,1.3000949312007255,0.11487625418226743,0.8523794717071191,1.297434156718313,1.7424888417295068,0.0,0.16734056156420887,0.5467016146302703,False,False,False,False,False,False
2024-11-04 16:00:00,PRD-A,1.2322759717302512,0.06781895947047434,0.8523794717071191,1.297434156718313,1.7424888417295068,0.0,0.16734056156420887,0.5467016146302703,False,False,False,False,False,False
2024-11-05 00:00:00,PRD-A,1.3597117228863094,0.1274357511560582,0.8523794717071191,1.297434156718313,1.7424888417295068,0.0,0.16734056156420887,0.5467016146302703,False,False,False,False,False,False
2024-11-05 08:00:00,PRD-A,1.4051852816459172,0.04547355875960779,0.8523794717071191,1.297434156718313,1.7424888417295068,0.0,0.16734056156420887,0.5467016146302703,False,False,False,False,False,False
2024-11-05 16:00:00,PRD-A,1.3729287139261612,0.032256567719755935,0.8523794717071191,1.297434156718313,1.7424888417295068,0.0,0.16734056156420887,0.5467016146302703,False,False,False,False,False,False
2024-11-12 00:00:00,PRD-A,1.464587645436452,0.0916589315102907,0.8523794717071191,1.297434156718313,1.7424888417295068,0.0,0.16734056156420887,0.5467016146302703,False,False,False,False,False,False
2024-11-12 08:00:00,PRD-A,1.2233066747464516,0.24128097069000032,0.8523794717071191,1.297434156718313,1.7424888417295068,0.0,0.16734056156420887,0.5467016146302703,False,False,False,False,False,False
2024-11-12 16:00:00,PRD-A,1.3432192726748542,0.11991259792840259,0.8523794717071191,1.297434156718313,1.7424888417295068,0.0,0.16734056156420887,0.5467016146302703,False,False,False,False,False,False
2024-11-13 00:00:00,PRD-A,1.4462556700175322,0.103036397342678,0.8523794717071191,1.297434156718313,1.7424888417295068,0.0,0.16734056156420887,0.5467016146302703,False,False,False,False,False,False
2024-11-13 08:00:00,PRD-A,1.4518938385768614,0.005638168559329193,0.8523794717071191,1.297434156718313,1.7424888417295068,0.0,0.16734056156420887,0.5467016146302703,False,False,False,False,False,False
2024-11-13 16:00:00,PRD-A,1.704865454779312,0.2529716162024507,0.8523794717071191,1.297434156718313,1.7424888417295068,0.0,0.16734056156420887,0.5467016146302703,False,False,False,False,False,False
2024-11-20 00:00:00,PRD-A,0.958032984553784,0.746832470225528,0.8523794717071191,1.297434156718313,1.7424888417295068,0.0,0.16734056156420887,0.5467016146302703,False,False,False,False,False,True
2024-11-20 08:00:00,PRD-A,1.0088957232310298,0.05086273867724578,0.8523794717071191,1.297434156718313,1.7424888417295068,0.0,0.16734056156420887,0.5467016146302703,False,False,False,False,False,False
2024-11-20 16:00:00,PRD-A,1.1678079433983923,0.1589122201673625,0.8523794717071191,1.297434156718313,1.7424888417295068,0.0,0.16734056156420887,0.5467016146302703,False,False,False,False,False,False
2024-11-21 00:00:00,PRD-A,1.085937517774256,0.08187042562413627,0.8523794717071191,1.297434156718313,1.7424888417295068,0.0,0.16734056156420887,0.5467016146302703,False,False,False,False,False,False
2024-11-21 08:00:00,PRD-A,1.08285976449037,0.003077753283886153,0.8523794717071191,1.297434156718313,1.7424888417295068,0.0,0.16734056156420887,0.5467016146302703,False,False,True,False,True,False
2024-11-21 16:00:00,PRD-A,1.2632035811991336,0.18034381670876365,0.8523794717071191,1.297434156718313,1.7424888417295068,0.0,0.16734056156420887,0.5467016146302703,False,False,False,False,False,False
2024-11-28 00:00:00,PRD-A,1.056546352019383,0.2066572291797506,0.8523794717071191,1.297434156718313,1.7424888417295068,0.0,0.16734056156420887,0.5467016146302703,False,False,False,False,False,False
2024-11-28 08:00:00,PRD-A,1.101897442467517,0.04535109044813401,0.8523794717071191,1.297434156718313,1.7424888417295068,0.0,0.16734056156420887,0.5467016146302703,False,False,True,True,True,False
2024-11-28 16:00:00,PRD-A,1.2593010245425336,0.1574035820750166,0.8523794717071191,1.297434156718313,1.7424888417295068,0.0,0.16734056156420887,0.5467016146302703,False,False,False,True,True,False
2024-11-29 00:00:00,PRD-A,1.2442215993770052,0.015079425165528404,0.8523794717071191,1.297434156718313,1.7424888417295068,0.0,0.16734056156420887,0.5467016146302703,False,False,False,True,True,False
2024-11-29 08:00:00,PRD-A,1.155638628972719,0.0885829704042862,0.8523794717071191,1.297434156718313,1.7424888417295068,0.0,0.16734056156420887,0.5467016146302703,False,False,False,True,True,False
2024-11-29 16:00:00,PRD-A,1.4948450299869291,0.3392064010142102,0.8523794717071191,1.297434156718313,1.7424888417295068,0.0,0.16734056156420887,0.5467016146302703,False,False,False,False,False,False
2024-12-06 00:00:00,PRD-A,0.9841026764888274,0.5107423534981017,0.8523794717071191,1.297434156718313,1.7424888417295068,0.0,0.16734056156420887,0.5467016146302703,False,False,False,False,False,False
2024-12-06 08:00:00,PRD-A,1.135022190568364,0.15091951407953652,0.8523794717071191,1.297434156718313,1.7424888417295068,0.0,0.16734056156420887,0.5467016146302703,False,False,False,False,False,False
2024-12-06 16:00:00,PRD-A,1.0375322574986774,0.09748993306968656,0.8523794717071191,1.297434156718313,1.7424888417295068,0.0,0.16734056156420887,0.5467016146302703,False,False,False,False,False,False
2024-12-07 00:00:00,PRD-A,0.8367376857202629,0.20079457177841453,0.8523794717071191,1.297434156718313,1.7424888417295068,0.0,0.16734056156420887,0.5467016146302703,True,False,True,False,True,False
2024-12-07 08:00:00,PRD-A,1.0567403575980605,0.22000267187779765,0.8523794717071191,1.297434156718313,1.7424888417295068,0.0,0.16734056156420887,0.5467016146302703,False,False,True,False,True,False
2024-12-07 16:00:00,PRD-A,1.1662913429528414,0.10955098535478092,0.8523794717071191,1.297434156718313,1.7424888417295068,0.0,0.16734056156420887,0.5467016146302703,False,False,True,False,True,False
2024-12-14 00:00:00,PRD-A,1.4183562137387684,0.252064870785927,0.8523794717071191,1.297434156718313,1.7424888417295068,0.0,0.16734056156420887,0.5467016146302703,False,False,False,False,False,False
2024-12-14 08:00:00,PRD-A,1.3636482606337568,0.05470795310501164,0.8523794717071191,1.297434156718313,1.7424888417295068,0.0,0.16734056156420887,0.5467016146302703,False,False,False,False,False,False
2024-12-14 16:00:00,PRD-A,1.5926386200758795,0.22899035944212276,0.8523794717071191,1.297434156718313,1.7424888417295068,0.0,0.16734056156420887,0.5467016146302703,False,False,False,False,False,False
2024-12-15 00:00:00,PRD-A,1.4425498634370324,0.15008875663884713,0.8523794717071191,1.297434156718313,1.7424888417295068,0.0,0.16734056156420887,0.5467016146302703,False,False,False,False,False,False
2024-12-15 08:00:00,PRD-A,1.4945306327378605,0.05198076930082807,0.8523794717071191,1.297434156718313,1.7424888417295068,0.0,0.16734056156420887,0.5467016146302703,False,False,False,False,False,False
2024-12-15 16:00:00,PRD-A,1.449420839147638,0.04510979359022249,0.8523794717071191,1.297434156718313,1.7424888417295068,0.0,0.16734056156420887,0.5467016146302703,False,False,False,False,False,False
2024-12-22 00:00:00,PRD-A,1.3725472442161892,0.07687359493144874,0.8523794717071191,1.297434156718313,1.7424888417295068,0.0,0.16734056156420887,0.5467016146302703,False,False,False,False,False,False
2024-12-22 08:00:00,PRD-A,1.4669647024328678,0.09441745821667857,0.8523794717071191,1.297434156718313,1.7424888417295068,0.0,0.16734056156420887,0.5467016146302703,False,False,False,True,True,False
2024-12-22 16:00:00,PRD-A,1.1713707259177022,0.2955939765151656,0.8523794717071191,1.297434156718313,1.7424888417295068,0.0,0.16734056156420887,0.5467016146302703,False,False,False,False,False,False
2024-12-23 00:00:00,PRD-A,1.2906085433935364,0.11923781747583417,0.8523794717071191,1.297434156718313,1.7424888417295068,0.0,0.16734056156420887,0.5467016146302703,False,False,False,False,False,False
2024-12-23 08:00:00,PRD-A,1.0604721162134563,0.2301364271800801,0.8523794717071191,1.297434156718313,1.7424888417295068,0.0,0.16734056156420887,0.5467016146302703,False,False,False,False,False,False
2024-12-23 16:00:00,PRD-A,1.4045989172207711,0.34412680100731485,0.8523794717071191,1.297434156718313,1.7424888417295068,0.0,0.16734056156420887,0.5467016146302703,False,False,False,False,False,False
2024-12-30 00:00:00,PRD-A,1.2654137146274866,0.13918520259328448,0.8523794717071191,1.297434156718313,1.7424888417295068,0.0,0.16734056156420887,0.5467016146302703,False,False,False,False,False,False
2024-12-30 08:00:00,PRD-A,1.4625182485622032,0.1971045339347166,0.8523794717071191,1.297434156718313,1.7424888417295068,0.0,0.16734056156420887,0.5467016146302703,False,False,False,False,False,False
2024-12-30 16:00:00,PRD-A,1.3981735843635739,0.06434466419862939,0.8523794717071191,1.297434156718313,1.7424888417295068,0.0,0.16734056156420887,0.5467016146302703,False,False,False,False,False,False
2024-12-31 00:00:00,PRD-A,1.373506230748377,0.024667353615196896,0.8523794717071191,1.297434156718313,1.7424888417295068,0.0,0.16734056156420887,0.5467016146302703,False,False,False,False,False,False
2024-12-31 08:00:00,PRD-A,1.2509263150237864,0.1225799157245906,0.8523794717071191,1.297434156718313,1.7424888417295068,0.0,0.16734056156420887,0.5467016146302703,False,False,False,False,False,False
2024-12-31 16:00:00,PRD-A,1.5089561685346629,0.2580298535108765,0.8523794717071191,1.297434156718313,1.7424888417295068,0.0,0.16734056156420887,0.5467016146302703,False,False,False,False,False,False
2025-01-07 00:00:00,PRD-A,1.2665116302630004,0.24244453827166246,0.8523794717071191,1.297434156718313,1.7424888417295068,0.0,0.16734056156420887,0.5467016146302703,False,False,False,False,False,False
2025-01-07 08:00:00,PRD-A,1.3088409297948385,0.04232929953183806,0.8523794717071191,1.297434156718313,1.7424888417295068,0.0,0.16734056156420887,0.5467016146302703,False,False,False,False,False,False
2025-01-07 16:00:00,PRD-A,1.6244685389186442,0.3156276091238057,0.8523794717071191,1.297434156718313,1.7424888417295068,0.0,0.16734056156420887,0.5467016146302703,False,False,False,False,False,False
2025-01-08 00:00:00,PRD-A,1.1600440299556471,0.46442450896299703,0.8523794717071191,1.297434156718313,1.7424888417295068,0.0,0.16734056156420887,0.5467016146302703,False,False,False,False,False,False
2025-01-08 08:00:00,PRD-A,1.263954200568569,0.10391017061292196,0.8523794717071191,1.297434156718313,1.7424888417295068,0.0,0.16734056156420887,0.5467016146302703,False,False,False,False,False,False
2025-01-08 16:00:00,PRD-A,1.5240113122307128,0.26005711166214374,0.8523794717071191,1.297434156718313,1.7424888417295068,0.0,0.16734056156420887,0.5467016146302703,False,False,False,False,False,False
2025-01-15 00:00:00,PRD-A,1.5138596300215914,0.010151682209121438,0.8523794717071191,1.297434156718313,1.7424888417295068,0.0,0.16734056156420887,0.5467016146302703,False,False,False,False,False,False
2025-01-15 08:00:00,PRD-A,1.3487507375145302,0.16510889250706118,0.8523794717071191,1.297434156718313,1.7424888417295068,0.0,0.16734056156420887,0.5467016146302703,False,False,False,False,False,False
2025-01-15 16:00:00,PRD-A,1.6102222917870466,0.26147155427251634,0.8523794717071191,1.297434156718313,1.7424888417295068,0.0,0.16734056156420887,0.5467016146302703,False,False,False,False,False,False
2025-01-16 00:00:00,PRD-A,1.4807065212202881,0.12951577056675845,0.8523794717071191,1.297434156718313,1.7424888417295068,0.0,0.16734056156420887,0.5467016146302703,False,False,True,False,True,False
2025-01-16 08:00:00,PRD-A,1.3597893211757617,0.12091720004452644,0.8523794717071191,1.297434156718313,1.7424888417295068,0.0,0.16734056156420887,0.5467016146302703,False,False,False,False,False,False
2025-01-16 16:00:00,PRD-A,1.6947639566140236,0.3349746354382619,0.8523794717071191,1.297434156718313,1.7424888417295068,0.0,0.16734056156420887,0.5467016146302703,False,False,False,False,False,False
2025-01-23 00:00:00,PRD-A,1.2808110660200063,0.4139528905940173,0.8523794717071191,1.297434156718313,1.7424888417295068,0.0,0.16734056156420887,0.5467016146302703,False,False,False,False,False,False
2025-01-23 08:00:00,PRD-A,1.2243382336602924,0.0564728323597139,0.8523794717071191,1.297434156718313,1.7424888417295068,0.0,0.16734056156420887,0.5467016146302703,False,False,False,False,False,False
2025-01-23 16:00:00,PRD-A,1.3949403841883556,0.17060215052806327,0.8523794717071191,1.297434156718313,1.7424888417295068,0.0,0.16734056156420887,0.5467016146302703,False,False,False,False,False,False
2025-01-24 00:00:00,PRD-A,1.4475325346022063,0.05259215041385068,0.8523794717071191,1.297434156718313,1.7424888417295068,0.0,0.16734056156420887,0.5467016146302703,False,False,False,False,False,False
2025-01-24 08:00:00,PRD-A,1.3803939752954602,0.06713855930674617,0.8523794717071191,1.297434156718313,1.7424888417295068,0.0,0.16734056156420887,0.5467016146302703,False,False,False,False,False,False
2025-01-24 16:00:00,PRD-A,1.6084099843343724,0.22801600903891228,0.8523794717071191,1.297434156718313,1.7424888417295068,0.0,0.16734056156420887,0.5467016146302703,False,False,False,False,False,False
2025-01-31 00:00:00,PRD-A,1.322449347906483,0.2859606364278895,0.8523794717071191,1.297434156718313,1.7424888417295068,0.0,0.16734056156420887,0.5467016146302703,False,False,False,False,False,False
2025-01-31 08:00:00,PRD-A,1.2675862997660394,0.054863048140443516,0.8523794717071191,1.297434156718313,1.7424888417295068,0.0,0.16734056156420887,0.5467016146302703,False,False,False,False,False,False
2025-01-31 16:00:00,PRD-A,1.4472857502699787,0.17969945050393932,0.8523794717071191,1.297434156718313,1.7424888417295068,0.0,0.16734056156420887,0.5467016146302703,False,False,False,False,False,False
2025-02-01 00:00:00,PRD-A,1.2869130797705628,0.16037267049941595,0.8523794717071191,1.297434156718313,1.7424888417295068,0.0,0.16734056156420887,0.5467016146302703,False,False,False,False,False,False
2025-02-01 08:00:00,PRD-A,1.415605820125184,0.1286927403546212,0.8523794717071191,1.297434156718313,1.7424888417295068,0.0,0.16734056156420887,0.5467016146302703,False,False,False,False,False,False
2025-02-01 16:00:00,PRD-A,1.5007748007896726,0.08516898066448864,0.8523794717071191,1.297434156718313,1.7424888417295068,0.0,0.16734056156420887,0.5467016146302703,False,False,False,False,False,False
2025-02-08 00:00:00,PRD-A,1.2928856846252657,0.20788911616440697,0.8523794717071191,1.297434156718313,1.7424888417295068,0.0,0.16734056156420887,0.5467016146302703,False,False,False,False,False,False
2025-02-08 08:00:00,PRD-A,1.4181556150077241,0.12526993038245848,0.8523794717071191,1.297434156718313,1.7424888417295068,0.0,0.16734056156420887,0.5467016146302703,False,False,False,False,False,False
2025-02-08 16:00:00,PRD-A,1.4436687486920516,0.025513133684327505,0.8523794717071191,1.297434156718313,1.7424888417295068,0.0,0.16734056156420887,0.5467016146302703,False,False,False,False,False,False
2025-02-09 00:00:00,PRD-A,1.4972959719622756,0.053627223270223956,0.8523794717071191,1.297434156718313,1.7424888417295068,0.0,0.16734056156420887,0.5467016146302703,False,False,False,False,False,False
2025-02-09 08:00:00,PRD-A,1.4184139265794675,0.07888204538280807,0.8523794717071191,1.297434156718313,1.7424888417295068,0.0,0.16734056156420887,0.5467016146302703,False,False,False,False,False,False
2025-02-09 16:00:00,PRD-A,1.545797182911416,0.12738325633194858,0.8523794717071191,1.297434156718313,1.7424888417295068,0.0,0.16734056156420887,0.5467016146302703,False,False,False,False,False,False
2025-02-16 00:00:00,PRD-A,1.531302906585303,0.014494276326113109,0.8523794717071191,1.297434156718313,1.7424888417295068,0.0,0.16734056156420887,0.5467016146302703,False,False,False,False,False,False
2025-02-16 08:00:00,PRD-A,1.388683288017802,0.14261961856750105,0.8523794717071191,1.297434156718313,1.7424888417295068,0.0,0.16734056156420887,0.5467016146302703,False,False,False,False,False,False
2025-02-16 16:00:00,PRD-A,1.3873714995693025,0.0013117884484994402,0.8523794717071191,1.297434156718313,1.7424888417295068,0.0,0.16734056156420887,0.5467016146302703,False,False,False,True,True,False
2025-02-17 00:00:00,PRD-A,1.4605901386611995,0.07321863909189696,0.8523794717071191,1.297434156718313,1.7424888417295068,0.0,0.16734056156420887,0.5467016146302703,False,False,False,True,True,False
2025-02-17 08:00:00,PRD-A,1.0910247052368878,0.3695654334243117,0.8523794717071191,1.297434156718313,1.7424888417295068,0.0,0.16734056156420887,0.5467016146302703,False,False,False,False,False,False
2025-02-17 16:00:00,PRD-A,1.2351499149900134,0.1441252097531256,0.8523794717071191,1.297434156718313,1.7424888417295068,0.0,0.16734056156420887,0.5467016146302703,False,False,False,False,False,False
2025-02-24 00:00:00,PRD-A,1.422053895159505,0.1869039801694916,0.8523794717071191,1.297434156718313,1.7424888417295068,0.0,0.16734056156420887,0.5467016146302703,False,False,False,False,False,False
2025-02-24 08:00:00,PRD-A,1.5620369807663408,0.1399830856068358,0.8523794717071191,1.297434156718313,1.7424888417295068,0.0,0.16734056156420887,0.5467016146302703,False,False,False,False,False,False
2025-02-24 16:00:00,PRD-A,1.7372910771553594,0.17525409638901857,0.8523794717071191,1.297434156718313,1.7424888417295068,0.0,0.16734056156420887,0.5467016146302703,False,False,False,False,False,False
2025-02-25 00:00:00,PRD-A,1.4295512719316412,0.30773980522371813,0.8523794717071191,1.297434156718313,1.7424888417295068,0.0,0.16734056156420887,0.5467016146302703,False,False,False,False,False,False
2025-02-25 08:00:00,PRD-A,1.6105446622552326,0.1809933903235914,0.8523794717071191,1.297434156718313,1.7424888417295068,0.0,0.16734056156420887,0.5467016146302703,False,True,False,False,True,False
2025-02-25 16:00:00,PRD-A,1.5158971122417269,0.09464755001350578,0.8523794717071191,1.297434156718313,1.7424888417295068,0.0,0.16734056156420887,0.5467016146302703,False,False,True,False,True,False
2025-03-04 00:00:00,PRD-A,1.6325363780458737,0.11663926580414685,0.8523794717071191,1.297434156718313,1.7424888417295068,0.0,0.16734056156420887,0.5467016146302703,False,True,True,False,True,False
2025-03-04 08:00:00,PRD-A,1.4975224380411483,0.13501394000472544,0.8523794717071191,1.297434156718313,1.7424888417295068,0.0,0.16734056156420887,0.5467016146302703,False,False,True,True,True,False
2025-03-04 16:00:00,PRD-A,1.7493483996092987,0.2518259615681504,0.8523794717071191,1.297434156718313,1.7424888417295068,0.0,0.16734056156420887,0.5467016146302703,True,True,True,True,True,False
2025-03-05 00:00:00,PRD-A,1.4672783200529258,0.28207007955637287,0.8523794717071191,1.297434156718313,1.7424888417295068,0.0,0.16734056156420887,0.5467016146302703,False,False,True,True,True,False
2025-03-05 08:00:00,PRD-A,1.6202463742453992,0.1529680541924734,0.8523794717071191,1.297434156718313,1.7424888417295068,0.0,0.16734056156420887,0.5467016146302703,False,True,True,True,True,False
2025-03-05 16:00:00,PRD-A,1.6777980858950727,0.05755171164967354,0.8523794717071191,1.297434156718313,1.7424888417295068,0.0,0.16734056156420887,0.5467016146302703,False,True,True,True,True,False
2025-03-12 00:00:00,PRD-A,1.3188073299430525,0.35899075595202024,0.8523794717071191,1.297434156718313,1.7424888417295068,0.0,0.16734056156420887,0.5467016146302703,False,True,True,True,True,False
2025-03-12 08:00:00,PRD-A,1.2066934510872573,0.11211387885579516,0.8523794717071191,1.297434156718313,1.7424888417295068,0.0,0.16734056156420887,0.5467016146302703,False,False,False,False,False,False
2025-03-12 16:00:00,PRD-A,1.425356737991267,0.2186632869040097,0.8523794717071191,1.297434156718313,1.7424888417295068,0.0,0.16734056156420887,0.5467016146302703,False,False,False,False,False,False
2025-03-13 00:00:00,PRD-A,1.3124717717957426,0.11288496619552446,0.8523794717071191,1.297434156718313,1.7424888417295068,0.0,0.16734056156420887,0.5467016146302703,False,False,False,False,False,False
2025-03-13 08:00:00,PRD-A,1.4717614494364948,0.1592896776407522,0.8523794717071191,1.297434156718313,1.7424888417295068,0.0,0.16734056156420887,0.5467016146302703,False,False,False,False,False,False
2025-03-13 16:00:00,PRD-A,1.6429835624392695,0.17122211300277468,0.8523794717071191,1.297434156718313,1.7424888417295068,0.0,0.16734056156420887,0.5467016146302703,False,False,False,False,False,False
2025-03-20 00:00:00,PRD-A,1.2519632775493448,0.3910202848899247,0.8523794717071191,1.297434156718313,1.7424888417295068,0.0,0.16734056156420887,0.5467016146302703,False,False,False,False,False,False
2025-03-20 08:00:00,PRD-A,1.214852236682776,0.03711104086656869,0.8523794717071191,1.297434156718313,1.7424888417295068,0.0,0.16734056156420887,0.5467016146302703,False,False,False,False,False,False
2025-03-20 16:00:00,PRD-A,1.4990671724758973,0.2842149357931212,0.8523794717071191,1.297434156718313,1.7424888417295068,0.0,0.16734056156420887,0.5467016146302703,False,False,False,False,False,False
2025-03-21 00:00:00,PRD-A,1.1257109512697487,0.37335622120614853,0.8523794717071191,1.297434156718313,1.7424888417295068,0.0,0.16734056156420887,0.5467016146302703,False,False,False,False,False,False
2025-03-21 08:00:00,PRD-A,0.9545509351639383,0.17116001610581044,0.8523794717071191,1.297434156718313,1.7424888417295068,0.0,0.16734056156420887,0.5467016146302703,False,False,False,False,False,False
2025-03-21 16:00:00,PRD-A,1.2319969187203799,0.27744598355644157,0.8523794717071191,1.297434156718313,1.7424888417295068,0.0,0.16734056156420887,0.5467016146302703,False,False,False,False,False,False
2025-03-28 00:00:00,PRD-A,1.0502798241311824,0.1817170945891975,0.8523794717071191,1.297434156718313,1.7424888417295068,0.0,0.16734056156420887,0.5467016146302703,False,False,False,False,False,False
2025-03-28 08:00:00,PRD-A,1.2968447931685672,0.24656496903738478,0.8523794717071191,1.297434156718313,1.7424888417295068,0.0,0.16734056156420887,0.5467016146302703,False,False,False,False,False,False
2025-03-28 16:00:00,PRD-A,1.4588765082284,0.16203171505983294,0.8523794717071191,1.297434156718313,1.7424888417295068,0.0,0.16734056156420887,0.5467016146302703,False,False,False,False,False,False
2025-03-29 00:00:00,PRD-A,1.257320032248478,0.201556475979922,0.8523794717071191,1.297434156718313,1.7424888417295068,0.0,0.16734056156420887,0.5467016146302703,False,False,False,False,False,False
2025-03-29 08:00:00,PRD-A,1.2750854195002965,0.01776538725181842,0.8523794717071191,1.297434156718313,1.7424888417295068,0.0,0.16734056156420887,0.5467016146302703,False,False,False,False,False,False
2025-03-29 16:00:00,PRD-A,1.4407883333584441,0.16570291385814762,0.8523794717071191,1.297434156718313,1.7424888417295068,0.0,0.16734056156420887,0.5467016146302703,False,False,False,False,False,False
2025-04-05 00:00:00,PRD-A,1.408426270139912,0.03236206321853219,0.8523794717071191,1.297434156718313,1.7424888417295068,0.0,0.16734056156420887,0.5467016146302703,False,False,False,False,False,False
2025-04-05 08:00:00,PRD-A,1.1944121679194128,0.2140141022204991,0.8523794717071191,1.297434156718313,1.7424888417295068,0.0,0.16734056156420887,0.5467016146302703,False,False,False,False,False,False
2025-04-05 16:00:00,PRD-A,1.3800049257993046,0.1855927578798917,0.8523794717071191,1.297434156718313,1.7424888417295068,0.0,0.16734056156420887,0.5467016146302703,False,False,False,False,False,False
2025-04-06 00:00:00,PRD-A,1.2450059250231964,0.13499900077610816,0.8523794717071191,1.297434156718313,1.7424888417295068,0.0,0.16734056156420887,0.5467016146302703,False,False,False,False,False,False
2025-04-06 08:00:00,PRD-A,1.3110061137042717,0.06600018868107527,0.8523794717071191,1.297434156718313,1.7424888417295068,0.0,0.16734056156420887,0.5467016146302703,False,False,False,False,False,False
2025-04-06 16:00:00,PRD-A,1.6106779238963944,0.29967181019212275,0.8523794717071191,1.297434156718313,1.7424888417295068,0.0,0.16734056156420887,0.5467016146302703,False,False,False,False,False,False
2025-04-13 00:00:00,PRD-A,1.3587216306674528,0.25195629322894164,0.8523794717071191,1.297434156718313,1.7424888417295068,0.0,0.16734056156420887,0.5467016146302703,False,False,False,False,False,False
2025-04-13 08:00:00,PRD-A,1.4999374007392787,0.14121577007182595,0.8523794717071191,1.297434156718313,1.7424888417295068,0.0,0.16734056156420887,0.5467016146302703,False,False,False,False,False,False
2025-04-13 16:00:00,PRD-A,1.4877413552585486,0.012196045480730167,0.8523794717071191,1.297434156718313,1.7424888417295068,0.0,0.16734056156420887,0.5467016146302703,False,False,False,False,False,False
2025-04-14 00:00:00,PRD-A,1.540560046270731,0.052818691012182395,0.8523794717071191,1.297434156718313,1.7424888417295068,0.0,0.16734056156420887,0.5467016146302703,False,False,True,False,True,False
2025-04-14 08:00:00,PRD-A,1.5129563880520198,0.027603658218711136,0.8523794717071191,1.297434156718313,1.7424888417295068,0.0,0.16734056156420887,0.5467016146302703,False,False,True,False,True,False
2025-04-14 16:00:00,PRD-A,1.2147933104414104,0.29816307761060945,0.8523794717071191,1.297434156718313,1.7424888417295068,0.0,0.16734056156420887,0.5467016146302703,False,False,True,False,True,False
2025-04-21 00:00:00,PRD-A,1.3227646747944486,0.10797136435303822,0.8523794717071191,1.297434156718313,1.7424888417295068,0.0,0.16734056156420887,0.5467016146302703,False,False,False,False,False,False
2025-04-21 08:00:00,PRD-A,1.1666523776250106,0.15611229716943797,0.8523794717071191,1.297434156718313,1.7424888417295068,0.0,0.16734056156420887,0.5467016146302703,False,False,False,False,False,False
2025-04-21 16:00:00,PRD-A,1.1550475277461014,0.011604849878909196,0.8523794717071191,1.297434156718313,1.7424888417295068,0.0,0.16734056156420887,0.5467016146302703,False,False,False,False,False,False
2025-04-22 00:00:00,PRD-A,1.024090319168859,0.13095720857724236,0.8523794717071191,1.297434156718313,1.7424888417295068,0.0,0.16734056156420887,0.5467016146302703,False,False,False,False,False,False
2025-04-22 08:00:00,PRD-A,1.2208387563212193,0.19674843715236023,0.8523794717071191,1.297434156718313,1.7424888417295068,0.0,0.16734056156420887,0.5467016146302703,False,False,False,False,False,False
2025-04-22 16:00:00,PRD-A,1.2588310817395358,0.03799232541831654,0.8523794717071191,1.297434156718313,1.7424888417295068,0.0,0.16734056156420887,0.5467016146302703,False,False,False,False,False,False
2025-04-29 00:00:00,PRD-A,1.0840699583738802,0.17476112336565564,0.8523794717071191,1.297434156718313,1.7424888417295068,0.0,0.16734056156420887,0.5467016146302703,False,False,False,False,False,False
2025-04-29 08:00:00,PRD-A,1.2071787804691994,0.12310882209531915,0.8523794717071191,1.297434156718313,1.7424888417295068,0.0,0.16734056156420887,0.5467016146302703,False,False,False,False,False,False
2025-04-29 16:00:00,PRD-A,1.421153796149016,0.21397501567981658,0.8523794717071191,1.297434156718313,1.7424888417295068,0.0,0.16734056156420887,0.5467016146302703,False,False,False,False,False,False
2025-04-30 00:00:00,PRD-A,1.2139981552826569,0.20715564086635907,0.8523794717071191,1.297434156718313,1.7424888417295068,0.0,0.16734056156420887,0.5467016146302703,False,False,False,False,False,False
2025-04-30 08:00:00,PRD-A,1.2393169964615276,0.025318841178870732,0.8523794717071191,1.297434156718313,1.7424888417295068,0.0,0.16734056156420887,0.5467016146302703,False,False,False,False,False,False
2025-04-30 16:00:00,PRD-A,1.5640051364736414,0.32468814001211377,0.8523794717071191,1.297434156718313,1.7424888417295068,0.0,0.16734056156420887,0.5467016146302703,False,False,False,False,False,False
2025-05-07 00:00:00,PRD-A,1.256664833499197,0.30734030297444437,0.8523794717071191,1.297434156718313,1.7424888417295068,0.0,0.16734056156420887,0.5467016146302703,False,False,False,False,False,False
2025-05-07 08:00:00,PRD-A,1.330539383467356,0.07387454996815901,0.8523794717071191,1.297434156718313,1.7424888417295068,0.0,0.16734056156420887,0.5467016146302703,False,False,False,False,False,False
2025-05-07 16:00:00,PRD-A,1.5079463476946597,0.17740696422730373,0.8523794717071191,1.297434156718313,1.7424888417295068,0.0,0.16734056156420887,0.5467016146302703,False,False,False,False,False,False
2025-05-08 00:00:00,PRD-A,1.32674954952694,0.18119679816771983,0.8523794717071191,1.297434156718313,1.7424888417295068,0.0,0.16734056156420887,0.5467016146302703,False,False,False,False,False,False
2025-05-08 08:00:00,PRD-A,1.326951173479761,0.00020162395282108392,0.8523794717071191,1.297434156718313,1.7424888417295068,0.0,0.16734056156420887,0.5467016146302703,False,False,False,False,False,False
2025-05-08 16:00:00,PRD-A,1.517320951122092,0.19036977764233098,0.8523794717071191,1.297434156718313,1.7424888417295068,0.0,0.16734056156420887,0.5467016146302703,False,False,False,False,False,False
2025-05-15 00:00:00,PRD-A,1.2418992976039527,0.2754216535181393,0.8523794717071191,1.297434156718313,1.7424888417295068,0.0,0.16734056156420887,0.5467016146302703,False,False,False,False,False,False
2025-05-15 08:00:00,PRD-A,1.38677939927034,0.14488010166638743,0.8523794717071191,1.297434156718313,1.7424888417295068,0.0,0.16734056156420887,0.5467016146302703,False,False,False,False,False,False
2025-05-15 16:00:00,PRD-A,1.34516036085464,0.04161903841570003,0.8523794717071191,1.297434156718313,1.7424888417295068,0.0,0.16734056156420887,0.5467016146302703,False,False,False,False,False,False
2025-05-16 00:00:00,PRD-A,1.33456926025578,0.010591100598860148,0.8523794717071191,1.297434156718313,1.7424888417295068,0.0,0.16734056156420887,0.5467016146302703,False,False,False,False,False,False
2025-05-16 08:00:00,PRD-A,1.2879862712511603,0.04658298900461966,0.8523794717071191,1.297434156718313,1.7424888417295068,0.0,0.16734056156420887,0.5467016146302703,False,False,False,False,False,False
2025-05-16 16:00:00,PRD-A,1.620074347423915,0.3320880761727547,0.8523794717071191,1.297434156718313,1.7424888417295068,0.0,0.16734056156420887,0.5467016146302703,False,False,False,False,False,False
2025-05-23 00:00:00,PRD-A,1.3146616226943988,0.3054127247295162,0.8523794717071191,1.297434156718313,1.7424888417295068,0.0,0.16734056156420887,0.5467016146302703,False,False,False,False,False,False
2025-05-23 08:00:00,PRD-A,1.3351827616854821,0.02052113899108332,0.8523794717071191,1.297434156718313,1.7424888417295068,0.0,0.16734056156420887,0.5467016146302703,False,False,False,False,False,False
2025-05-23 16:00:00,PRD-A,1.3913965186993722,0.05621375701389009,0.8523794717071191,1.297434156718313,1.7424888417295068,0.0,0.16734056156420887,0.5467016146302703,False,False,False,False,False,False
2025-05-24 00:00:00,PRD-A,1.4361480373575959,0.04475151865822369,0.8523794717071191,1.297434156718313,1.7424888417295068,0.0,0.16734056156420887,0.5467016146302703,False,False,False,False,False,False
2025-05-24 08:00:00,PRD-A,1.2426620877459658,0.19348594961163013,0.8523794717071191,1.297434156718313,1.7424888417295068,0.0,0.16734056156420887,0.5467016146302703,False,False,False,False,False,False
2025-05-24 16:00:00,PRD-A,1.6057101536405223,0.3630480658945565,0.8523794717071191,1.297434156718313,1.7424888417295068,0.0,0.16734056156420887,0.5467016146302703,False,False,False,False,False,False
2025-05-31 00:00:00,PRD-A,1.2889870412801874,0.3167231123603349,0.8523794717071191,1.297434156718313,1.7424888417295068,0.0,0.16734056156420887,0.5467016146302703,False,False,False,False,False,False
2025-05-31 08:00:00,PRD-A,1.0788555958027106,0.21013144547747675,0.8523794717071191,1.297434156718313,1.7424888417295068,0.0,0.16734056156420887,0.5467016146302703,False,False,False,False,False,False
2025-05-31 16:00:00,PRD-A,1.2580585983640447,0.17920300256133403,0.8523794717071191,1.297434156718313,1.7424888417295068,0.0,0.16734056156420887,0.5467016146302703,False,False,False,False,False,False
2025-06-01 00:00:00,PRD-A,1.006774983375392,0.2512836149886526,0.8523794717071191,1.297434156718313,1.7424888417295068,0.0,0.16734056156420887,0.5467016146302703,False,False,False,False,False,False
2025-06-01 08:00:00,PRD-A,1.281755364842892,0.27498038146750003,0.8523794717071191,1.297434156718313,1.7424888417295068,0.0,0.16734056156420887,0.5467016146302703,False,False,False,False,False,False
2025-06-01 16:00:00,PRD-A,1.2077900709713836,0.07396529387150852,0.8523794717071191,1.297434156718313,1.7424888417295068,0.0,0.16734056156420887,0.5467016146302703,False,False,False,False,False,False
2025-06-08 00:00:00,PRD-A,1.311106678719771,0.10331660774838736,0.8523794717071191,1.297434156718313,1.7424888417295068,0.0,0.16734056156420887,0.5467016146302703,False,False,False,False,False,False
2025-06-08 08:00:00,PRD-A,1.4335066723193908,0.12239999359961984,0.8523794717071191,1.297434156718313,1.7424888417295068,0.0,0.16734056156420887,0.5467016146302703,False,False,False,False,False,False
2025-06-08 16:00:00,PRD-A,1.513447265076491,0.07994059275710019,0.8523794717071191,1.297434156718313,1.7424888417295068,0.0,0.16734056156420887,0.5467016146302703,False,False,False,False,False,False
2025-06-09 00:00:00,PRD-A,1.3256337167440548,0.18781354833243613,0.8523794717071191,1.297434156718313,1.7424888417295068,0.0,0.16734056156420887,0.5467016146302703,False,False,False,False,False,False
2025-06-09 08:00:00,PRD-A,1.487912102917648,0.16227838617359325,0.8523794717071191,1.297434156718313,1.7424888417295068,0.0,0.16734056156420887,0.5467016146302703,False,False,False,False,False,False
2025-06-09 16:00:00,PRD-A,1.4511815568657755,0.03673054605187254,0.8523794717071191,1.297434156718313,1.7424888417295068,0.0,0.16734056156420887,0.5467016146302703,False,False,False,False,False,False
2025-06-16 00:00:00,PRD-A,1.0771596044781453,0.37402195238763025,0.8523794717071191,1.297434156718313,1.7424888417295068,0.0,0.16734056156420887,0.5467016146302703,False,False,False,False,False,False
2025-06-16 08:00:00,PRD-A,1.0959898570971154,0.01883025261897009,0.8523794717071191,1.297434156718313,1.7424888417295068,0.0,0.16734056156420887,0.5467016146302703,False,False,False,False,False,False
2025-06-16 16:00:00,PRD-A,1.2365128075754004,0.140522950478285,0.8523794717071191,1.297434156718313,1.7424888417295068,0.0,0.16734056156420887,0.5467016146302703,False,False,False,False,False,False
2025-06-17 00:00:00,PRD-A,1.0740670732970519,0.16244573427834852,0.8523794717071191,1.297434156718313,1.7424888417295068,0.0,0.16734056156420887,0.5467016146302703,False,False,False,False,False,False
2025-06-17 08:00:00,PRD-A,1.059302863624781,0.014764209672270878,0.8523794717071191,1.297434156718313,1.7424888417295068,0.0,0.16734056156420887,0.5467016146302703,False,False,True,False,True,False
2025-06-17 16:00:00,PRD-A,1.1274576404088927,0.06815477678411175,0.8523794717071191,1.297434156718313,1.7424888417295068,0.0,0.16734056156420887,0.5467016146302703,False,False,True,False,True,False
2025-06-24 00:00:00,PRD-A,1.1506398840038239,0.02318224359493115,0.8523794717071191,1.297434156718313,1.7424888417295068,0.0,0.16734056156420887,0.5467016146302703,False,False,False,False,False,False
2025-06-24 08:00:00,PRD-A,0.8518035469824121,0.29883633702141177,0.8523794717071191,1.297434156718313,1.7424888417295068,0.0,0.16734056156420887,0.5467016146302703,True,False,True,True,True,False
2025-06-24 16:00:00,PRD-A,1.1781624865142204,0.3263589395318083,0.8523794717071191,1.297434156718313,1.7424888417295068,0.0,0.16734056156420887,0.5467016146302703,False,False,False,True,True,False
2025-06-25 00:00:00,PRD-A,1.3272687403118706,0.1491062537976502,0.8523794717071191,1.297434156718313,1.7424888417295068,0.0,0.16734056156420887,0.5467016146302703,False,False,False,False,False,False
2025-06-25 08:00:00,PRD-A,1.1756533788292425,0.1516153614826281,0.8523794717071191,1.297434156718313,1.7424888417295068,0.0,0.16734056156420887,0.5467016146302703,False,False,False,False,False,False
2025-06-25 16:00:00,PRD-A,1.0719723987716692,0.10368098005757331,0.8523794717071191,1.297434156718313,1.7424888417295068,0.0,0.16734056156420887,0.5467016146302703,False,False,False,False,False,False
2024-01-03 00:00:00,PRD-A,1.0569661917446653,0.015006207027003837,0.8523794717071191,1.297434156718313,1.7424888417295068,0.0,0.16734056156420887,0.5467016146302703,False,False,False,False,False,False
2024-01-03 08:00:00,PRD-A,1.0007004235681922,0.05626576817647311,0.8523794717071191,1.297434156718313,1.7424888417295068,0.0,0.16734056156420887,0.5467016146302703,False,False,False,False,False,False
2024-01-03 16:00:00,PRD-A,1.1747254019214755,0.17402497835328323,0.8523794717071191,1.297434156718313,1.7424888417295068,0.0,0.16734056156420887,0.5467016146302703,False,False,False,False,False,False
2024-01-04 00:00:00,PRD-A,1.1237047485429044,0.05102065337857109,0.8523794717071191,1.297434156718313,1.7424888417295068,0.0,0.16734056156420887,0.5467016146302703,False,False,True,False,True,False
2024-01-04 08:00:00,PRD-A,1.2068974996503776,0.08319275110747326,0.8523794717071191,1.297434156718313,1.7424888417295068,0.0,0.16734056156420887,0.5467016146302703,False,False,False,False,False,False
2024-01-04 16:00:00,PRD-A,1.3511021519660709,0.14420465231569324,0.8523794717071191,1.297434156718313,1.7424888417295068,0.0,0.16734056156420887,0.5467016146302703,False,False,False,False,False,False
2024-01-11 00:00:00,PRD-A,1.3082991174319798,0.04280303453409107,0.8523794717071191,1.297434156718313,1.7424888417295068,0.0,0.16734056156420887,0.5467016146302703,False,False,False,False,False,False
2024-01-11 08:00:00,PRD-A,0.8793863574944785,0.42891275993750133,0.8523794717071191,1.297434156718313,1.7424888417295068,0.0,0.16734056156420887,0.5467016146302703,False,False,False,False,False,False
2024-01-11 16:00:00,PRD-A,1.235167625470623,0.3557812679761445,0.8523794717071191,1.297434156718313,1.7424888417295068,0.0,0.16734056156420887,0.5467016146302703,False,False,False,False,False,False
2024-01-12 00:00:00,PRD-A,1.0340834187526653,0.20108420671795768,0.8523794717071191,1.297434156718313,1.7424888417295068,0.0,0.16734056156420887,0.5467016146302703,False,False,False,False,False,False
2024-01-12 08:00:00,PRD-A,0.9100905164582614,0.12399290229440385,0.8523794717071191,1.297434156718313,1.7424888417295068,0.0,0.16734056156420887,0.5467016146302703,False,False,False,False,False,False
2024-01-12 16:00:00,PRD-A,1.2239481478890057,0.3138576314307443,0.8523794717071191,1.297434156718313,1.7424888417295068,0.0,0.16734056156420887,0.5467016146302703,False,False,False,False,False,False
2024-01-19 00:00:00,PRD-A,1.3030660501110087,0.07911790222200299,0.8523794717071191,1.297434156718313,1.7424888417295068,0.0,0.16734056156420887,0.5467016146302703,False,False,False,False,False,False
2024-01-19 08:00:00,PRD-A,1.5655475248014146,0.26248147469040584,0.8523794717071191,1.297434156718313,1.7424888417295068,0.0,0.16734056156420887,0.5467016146302703,False,False,False,False,False,False
2024-01-19 16:00:00,PRD-A,1.7083594532532616,0.14281192845184698,0.8523794717071191,1.297434156718313,1.7424888417295068,0.0,0.16734056156420887,0.5467016146302703,False,False,False,False,False,False
2024-01-20 00:00:00,PRD-A,1.5069355177706463,0.20142393548261528,0.8523794717071191,1.297434156718313,1.7424888417295068,0.0,0.16734056156420887,0.5467016146302703,False,False,False,False,False,False
2024-01-20 08:00:00,PRD-A,1.0396474521231251,0.4672880656475211,0.8523794717071191,1.297434156718313,1.7424888417295068,0.0,0.16734056156420887,0.5467016146302703,False,False,False,False,False,False
2024-01-20 16:00:00,PRD-A,1.5287618235465086,0.48911437142338343,0.8523794717071191,1.297434156718313,1.7424888417295068,0.0,0.16734056156420887,0.5467016146302703,False,False,True,False,True,False
2024-01-27 00:00:00,PRD-A,1.190091400586454,0.33867042296005456,0.8523794717071191,1.297434156718313,1.7424888417295068,0.0,0.16734056156420887,0.5467016146302703,False,False,False,False,False,False
2024-01-27 08:00:00,PRD-A,1.1267708126874367,0.06332058789901729,0.8523794717071191,1.297434156718313,1.7424888417295068,0.0,0.16734056156420887,0.5467016146302703,False,False,False,False,False,False
2024-01-27 16:00:00,PRD-A,1.305834911351983,0.1790640986645462,0.8523794717071191,1.297434156718313,1.7424888417295068,0.0,0.16734056156420887,0.5467016146302703,False,False,False,False,False,False
2024-01-28 00:00:00,PRD-A,1.2152612862397807,0.09057362511220224,0.8523794717071191,1.297434156718313,1.7424888417295068,0.0,0.16734056156420887,0.5467016146302703,False,False,False,False,False,False
2024-01-28 08:00:00,PRD-A,1.2694577191577017,0.05419643291792098,0.8523794717071191,1.297434156718313,1.7424888417295068,0.0,0.16734056156420887,0.5467016146302703,False,False,False,False,False,False
2024-01-28 16:00:00,PRD-A,1.673713522688825,0.4042558035311232,0.8523794717071191,1.297434156718313,1.7424888417295068,0.0,0.16734056156420887,0.5467016146302703,False,False,False,False,False,False
2024-02-04 00:00:00,PRD-A,1.2010447892077274,0.4726687334810975,0.8523794717071191,1.297434156718313,1.7424888417295068,0.0,0.16734056156420887,0.5467016146302703,False,False,False,False,False,False
2024-02-04 08:00:00,PRD-A,1.2642687884488868,0.0632239992411594,0.8523794717071191,1.297434156718313,1.7424888417295068,0.0,0.16734056156420887,0.5467016146302703,False,False,False,False,False,False
2024-02-04 16:00:00,PRD-A,1.4480805772706697,0.18381178882178295,0.8523794717071191,1.297434156718313,1.7424888417295068,0.0,0.16734056156420887,0.5467016146302703,False,False,False,False,False,False
2024-02-05 00:00:00,PRD-A,1.2388769616936328,0.20920361557703693,0.8523794717071191,1.297434156718313,1.7424888417295068,0.0,0.16734056156420887,0.5467016146302703,False,False,False,False,False,False
2024-02-05 08:00:00,PRD-A,1.4633399596516126,0.22446299795797975,0.8523794717071191,1.297434156718313,1.7424888417295068,0.0,0.16734056156420887,0.5467016146302703,False,False,False,False,False,False
2024-02-05 16:00:00,PRD-A,1.4599209460204488,0.003419013631163814,0.8523794717071191,1.297434156718313,1.7424888417295068,0.0,0.16734056156420887,0.5467016146302703,False,False,False,False,False,False
2024-02-12 00:00:00,PRD-A,1.4402547406993464,0.019666205321102304,0.8523794717071191,1.297434156718313,1.7424888417295068,0.0,0.16734056156420887,0.5467016146302703,False,False,False,False,False,False
2024-02-12 08:00:00,PRD-A,1.3082858071307248,0.1319689335686216,0.8523794717071191,1.297434156718313,1.7424888417295068,0.0,0.16734056156420887,0.5467016146302703,False,False,False,False,False,False
2024-02-12 16:00:00,PRD-A,1.5955060355421065,0.2872202284113816,0.8523794717071191,1.297434156718313,1.7424888417295068,0.0,0.16734056156420887,0.5467016146302703,False,False,False,False,False,False
2024-02-13 00:00:00,PRD-A,1.6437851850012442,0.048279149459137694,0.8523794717071191,1.297434156718313,1.7424888417295068,0.0,0.16734056156420887,0.5467016146302703,False,True,False,False,True,False
2024-02-13 08:00:00,PRD-A,1.2882128780188216,0.3555723069824226,0.8523794717071191,1.297434156718313,1.7424888417295068,0.0,0.16734056156420887,0.5467016146302703,False,True,False,False,True,False
2024-02-13 16:00:00,PRD-A,1.6804975334616234,0.3922846554428019,0.8523794717071191,1.297434156718313,1.7424888417295068,0.0,0.16734056156420887,0.5467016146302703,False,True,False,False,True,False
2024-02-20 00:00:00,PRD-A,1.348405781899174,0.3320917515624495,0.8523794717071191,1.297434156718313,1.7424888417295068,0.0,0.16734056156420887,0.5467016146302703,False,False,False,False,False,False
2024-02-20 08:00:00,PRD-A,1.327368038617466,0.021037743281707932,0.8523794717071191,1.297434156718313,1.7424888417295068,0.0,0.16734056156420887,0.5467016146302703,False,False,False,False,False,False
2024-02-20 16:00:00,PRD-A,1.0648911614695467,0.26247687714791934,0.8523794717071191,1.297434156718313,1.7424888417295068,0.0,0.16734056156420887,0.5467016146302703,False,False,False,False,False,False
2024-02-21 00:00:00,PRD-A,1.0287220057569468,0.03616915571259982,0.8523794717071191,1.297434156718313,1.7424888417295068,0.0,0.16734056156420887,0.5467016146302703,False,False,False,False,False,False
2024-02-21 08:00:00,PRD-A,1.0931837035710932,0.06446169781414635,0.8523794717071191,1.297434156718313,1.7424888417295068,0.0,0.16734056156420887,0.5467016146302703,False,False,False,False,False,False
2024-02-21 16:00:00,PRD-A,1.170921373996698,0.07773767042560475,0.8523794717071191,1.297434156718313,1.7424888417295068,0.0,0.16734056156420887,0.5467016146302703,False,False,False,False,False,False
2024-02-28 00:00:00,PRD-A,1.259057406309398,0.08813603231270006,0.8523794717071191,1.297434156718313,1.7424888417295068,0.0,0.16734056156420887,0.5467016146302703,False,False,False,False,False,False
2024-02-28 08:00:00,PRD-A,1.4713778184839168,0.2123204121745188,0.8523794717071191,1.297434156718313,1.7424888417295068,0.0,0.16734056156420887,0.5467016146302703,False,False,False,False,False,False
2024-02-28 16:00:00,PRD-A,1.623786415857769,0.15240859737385226,0.8523794717071191,1.297434156718313,1.7424888417295068,0.0,0.16734056156420887,0.5467016146302703,False,False,False,False,False,False
2024-02-29 00:00:00,PRD-A,1.1302245249842349,0.4935618908735342,0.8523794717071191,1.297434156718313,1.7424888417295068,0.0,0.16734056156420887,0.5467016146302703,False,False,False,False,False,False
2024-02-29 08:00:00,PRD-A,1.0983384110213463,0.03188611396288854,0.8523794717071191,1.297434156718313,1.7424888417295068,0.0,0.16734056156420887,0.5467016146302703,False,False,False,False,False,False
2024-02-29 16:00:00,PRD-A,1.235730542892907,0.13739213187156074,0.8523794717071191,1.297434156718313,1.7424888417295068,0.0,0.16734056156420887,0.5467016146302703,False,False,False,False,False,False
2024-03-07 00:00:00,PRD-A,1.5236527895340204,0.2879222466411133,0.8523794717071191,1.297434156718313,1.7424888417295068,0.0,0.16734056156420887,0.5467016146302703,False,False,False,False,False,False
2024-03-07 08:00:00,PRD-A,1.5828657654690923,0.05921297593507191,0.8523794717071191,1.297434156718313,1.7424888417295068,0.0,0.16734056156420887,0.5467016146302703,False,False,False,False,False,False
2024-03-07 16:00:00,PRD-A,1.7507565304864725,0.1678907650173802,0.8523794717071191,1.297434156718313,1.7424888417295068,0.0,0.16734056156420887,0.5467016146302703,True,False,False,False,True,False
2024-03-08 00:00:00,PRD-A,1.6082440675309306,0.14251246295554187,0.8523794717071191,1.297434156718313,1.7424888417295068,0.0,0.16734056156420887,0.5467016146302703,False,True,True,False,True,False
2024-03-08 08:00:00,PRD-A,1.62304160073579,0.014797533204859326,0.8523794717071191,1.297434156718313,1.7424888417295068,0.0,0.16734056156420887,0.5467016146302703,False,True,True,False,True,False
2024-03-08 16:00:00,PRD-A,1.7190933736034963,0.09605177286770639,0.8523794717071191,1.297434156718313,1.7424888417295068,0.0,0.16734056156420887,0.5467016146302703,False,True,True,False,True,False
2024-03-15 00:00:00,PRD-A,1.2163821917748798,0.5027111818286165,0.8523794717071191,1.297434156718313,1.7424888417295068,0.0,0.16734056156420887,0.5467016146302703,False,True,True,False,True,False
2024-03-15 08:00:00,PRD-A,1.2485818755405262,0.032199683765646414,0.8523794717071191,1.297434156718313,1.7424888417295068,0.0,0.16734056156420887,0.5467016146302703,False,False,False,False,False,False
2024-03-15 16:00:00,PRD-A,1.2084000303648905,0.04018184517563572,0.8523794717071191,1.297434156718313,1.7424888417295068,0.0,0.16734056156420887,0.5467016146302703,False,False,False,False,False,False
2024-03-16 00:00:00,PRD-A,1.0978475453286918,0.11055248503619874,0.8523794717071191,1.297434156718313,1.7424888417295068,0.0,0.16734056156420887,0.5467016146302703,False,False,False,False,False,False
2024-03-16 08:00:00,PRD-A,1.2241422340831465,0.1262946887544547,0.8523794717071191,1.297434156718313,1.7424888417295068,0.0,0.16734056156420887,0.5467016146302703,False,False,False,False,False,False
2024-03-16 16:00:00,PRD-A,1.335797713189491,0.11165547910634444,0.8523794717071191,1.297434156718313,1.7424888417295068,0.0,0.16734056156420887,0.5467016146302703,False,False,False,False,False,False
2024-03-23 00:00:00,PRD-A,1.066536895886354,0.269260817303137,0.8523794717071191,1.297434156718313,1.7424888417295068,0.0,0.16734056156420887,0.5467016146302703,False,False,False,False,False,False
2024-03-23 08:00:00,PRD-A,1.2513172114150257,0.1847803155286718,0.8523794717071191,1.297434156718313,1.7424888417295068,0.0,0.16734056156420887,0.5467016146302703,False,False,False,False,False,False
2024-03-23 16:00:00,PRD-A,1.407064128352375,0.15574691693734932,0.8523794717071191,1.297434156718313,1.7424888417295068,0.0,0.16734056156420887,0.5467016146302703,False,False,False,False,False,False
2024-03-24 00:00:00,PRD-A,1.2815682859814292,0.1254958423709458,0.8523794717071191,1.297434156718313,1.7424888417295068,0.0,0.16734056156420887,0.5467016146302703,False,False,False,False,False,False
2024-03-24 08:00:00,PRD-A,1.4165540212735794,0.1349857352921502,0.8523794717071191,1.297434156718313,1.7424888417295068,0.0,0.16734056156420887,0.5467016146302703,False,False,False,False,False,False
2024-03-24 16:00:00,PRD-A,1.423817548790908,0.007263527517328505,0.8523794717071191,1.297434156718313,1.7424888417295068,0.0,0.16734056156420887,0.5467016146302703,False,False,False,False,False,False
2024-03-31 00:00:00,PRD-A,1.142753739783592,0.28106380900731587,0.8523794717071191,1.297434156718313,1.7424888417295068,0.0,0.16734056156420887,0.5467016146302703,False,False,False,False,False,False
2024-03-31 08:00:00,PRD-A,1.0962344635477277,0.04651927623586438,0.8523794717071191,1.297434156718313,1.7424888417295068,0.0,0.16734056156420887,0.5467016146302703,False,False,False,False,False,False
2024-03-31 16:00:00,PRD-A,1.2596682833948667,0.163433819847139,0.8523794717071191,1.297434156718313,1.7424888417295068,0.0,0.16734056156420887,0.5467016146302703,False,False,False,False,False,False
2024-04-01 00:00:00,PRD-A,1.2017863705321064,0.05788191286276034,0.8523794717071191,1.297434156718313,1.7424888417295068,0.0,0.16734056156420887,0.5467016146302703,False,False,False,False,False,False
2024-04-01 08:00:00,PRD-A,1.3934747124030373,0.19168834187093098,0.8523794717071191,1.297434156718313,1.7424888417295068,0.0,0.16734056156420887,0.5467016146302703,False,False,False,False,False,False
2024-04-01 16:00:00,PRD-A,1.5079713579150797,0.11449664551204242,0.8523794717071191,1.297434156718313,1.7424888417295068,0.0,0.16734056156420887,0.5467016146302703,False,False,False,False,False,False
2024-04-08 00:00:00,PRD-A,1.0915690517435195,0.41640230617156027,0.8523794717071191,1.297434156718313,1.7424888417295068,0.0,0.16734056156420887,0.5467016146302703,False,False,False,False,False,False
2024-04-08 08:00:00,PRD-A,1.187302988301113,0.09573393655759355,0.8523794717071191,1.297434156718313,1.7424888417295068,0.0,0.16734056156420887,0.5467016146302703,False,False,False,False,False,False
2024-04-08 16:00:00,PRD-A,1.2877682558333354,0.1004652675322224,0.8523794717071191,1.297434156718313,1.7424888417295068,0.0,0.16734056156420887,0.5467016146302703,False,False,False,False,False,False
2024-04-09 00:00:00,PRD-A,1.236717935286988,0.051050320546347505,0.8523794717071191,1.297434156718313,1.7424888417295068,0.0,0.16734056156420887,0.5467016146302703,False,False,False,False,False,False
2024-04-09 08:00:00,PRD-A,1.1382744795442812,0.09844345574270674,0.8523794717071191,1.297434156718313,1.7424888417295068,0.0,0.16734056156420887,0.5467016146302703,False,False,False,False,False,False
2024-04-09 16:00:00,PRD-A,1.3746970913329934,0.23642261178871227,0.8523794717071191,1.297434156718313,1.7424888417295068,0.0,0.16734056156420887,0.5467016146302703,False,False,False,False,False,False
2024-04-16 00:00:00,PRD-A,1.2146338804514154,0.16006321088157804,0.8523794717071191,1.297434156718313,1.7424888417295068,0.0,0.16734056156420887,0.5467016146302703,False,False,False,False,False,False
2024-04-16 08:00:00,PRD-A,1.235556277814451,0.020922397363035694,0.8523794717071191,1.297434156718313,1.7424888417295068,0.0,0.16734056156420887,0.5467016146302703,False,False,False,False,False,False
2024-04-16 16:00:00,PRD-A,1.424251868395399,0.18869559058094798,0.8523794717071191,1.297434156718313,1.7424888417295068,0.0,0.16734056156420887,0.5467016146302703,False,False,False,False,False,False
2024-04-17 00:00:00,PRD-A,1.2333472557865965,0.19090461260880254,0.8523794717071191,1.297434156718313,1.7424888417295068,0.0,0.16734056156420887,0.5467016146302703,False,False,False,False,False,False
2024-04-17 08:00:00,PRD-A,1.217154603553505,0.01619265223309152,0.8523794717071191,1.297434156718313,1.7424888417295068,0.0,0.16734056156420887,0.5467016146302703,False,False,False,False,False,False
2024-04-17 16:00:00,PRD-A,1.548029416834403,0.3308748132808981,0.8523794717071191,1.297434156718313,1.7424888417295068,0.0,0.16734056156420887,0.5467016146302703,False,False,False,False,False,False
2024-04-24 00:00:00,PRD-A,1.4124954774646579,0.13553393936974523,0.8523794717071191,1.297434156718313,1.7424888417295068,0.0,0.16734056156420887,0.5467016146302703,False,False,False,False,False,False
2024-04-24 08:00:00,PRD-A,1.531883781179455,0.11938830371479714,0.8523794717071191,1.297434156718313,1.7424888417295068,0.0,0.16734056156420887,0.5467016146302703,False,False,False,False,False,False
2024-04-24 16:00:00,PRD-A,1.4594782660544636,0.07240551512499138,0.8523794717071191,1.297434156718313,1.7424888417295068,0.0,0.16734056156420887,0.5467016146302703,False,False,False,False,False,False
2024-04-25 00:00:00,PRD-A,1.3833973578232113,0.07608090823125235,0.8523794717071191,1.297434156718313,1.7424888417295068,0.0,0.16734056156420887,0.5467016146302703,False,False,False,False,False,False
2024-04-25 08:00:00,PRD-A,1.502123468736324,0.1187261109131128,0.8523794717071191,1.297434156718313,1.7424888417295068,0.0,0.16734056156420887,0.5467016146302703,False,False,False,False,False,False
2024-04-25 16:00:00,PRD-A,1.69876594961234,0.19664248087601588,0.8523794717071191,1.297434156718313,1.7424888417295068,0.0,0.16734056156420887,0.5467016146302703,False,False,True,False,True,False
2024-05-02 00:00:00,PRD-A,1.3776732889476382,0.32109266066470177,0.8523794717071191,1.297434156718313,1.7424888417295068,0.0,0.16734056156420887,0.5467016146302703,False,False,False,True,True,False
2024-05-02 08:00:00,PRD-A,1.327415344646749,0.05025794430088926,0.8523794717071191,1.297434156718313,1.7424888417295068,0.0,0.16734056156420887,0.5467016146302703,False,False,False,True,True,False
2024-05-02 16:00:00,PRD-A,1.6317552576015935,0.3043399129548445,0.8523794717071191,1.297434156718313,1.7424888417295068,0.0,0.16734056156420887,0.5467016146302703,False,False,False,True,True,False
2024-05-03 00:00:00,PRD-A,1.3831586412803358,0.24859661632125762,0.8523794717071191,1.297434156718313,1.7424888417295068,0.0,0.16734056156420887,0.5467016146302703,False,False,False,True,True,False
2024-05-03 08:00:00,PRD-A,1.287620039870976,0.09553860140935977,0.8523794717071191,1.297434156718313,1.7424888417295068,0.0,0.16734056156420887,0.5467016146302703,False,False,False,False,False,False
2024-05-03 16:00:00,PRD-A,1.59939566069322,0.31177562082224397,0.8523794717071191,1.297434156718313,1.7424888417295068,0.0,0.16734056156420887,0.5467016146302703,False,False,False,False,False,False
2024-05-10 00:00:00,PRD-A,1.0540290722929515,0.5453665884002685,0.8523794717071191,1.297434156718313,1.7424888417295068,0.0,0.16734056156420887,0.5467016146302703,False,False,False,False,False,False
2024-05-10 08:00:00,PRD-A,1.0804378974291011,0.026408825136149616,0.8523794717071191,1.297434156718313,1.7424888417295068,0.0,0.16734056156420887,0.5467016146302703,False,False,False,False,False,False
2024-05-10 16:00:00,PRD-A,1.2480664721365315,0.16762857470743042,0.8523794717071191,1.297434156718313,1.7424888417295068,0.0,0.16734056156420887,0.5467016146302703,False,False,False,False,False,False
2024-05-11 00:00:00,PRD-A,1.2166911863495569,0.03137528578697468,0.8523794717071191,1.297434156718313,1.7424888417295068,0.0,0.16734056156420887,0.5467016146302703,False,False,False,False,False,False
2024-05-11 08:00:00,PRD-A,1.2143402889030652,0.00235089744649164,0.8523794717071191,1.297434156718313,1.7424888417295068,0.0,0.16734056156420887,0.5467016146302703,False,False,False,False,False,False
2024-05-11 16:00:00,PRD-A,1.232339191272967,0.01799890236990187,0.8523794717071191,1.297434156718313,1.7424888417295068,0.0,0.16734056156420887,0.5467016146302703,False,False,False,False,False,False
2024-05-18 00:00:00,PRD-A,1.3795588222886974,0.14721963101573032,0.8523794717071191,1.297434156718313,1.7424888417295068,0.0,0.16734056156420887,0.5467016146302703,False,False,False,False,False,False
2024-05-18 08:00:00,PRD-A,1.3231080058089417,0.056450816479755694,0.8523794717071191,1.297434156718313,1.7424888417295068,0.0,0.16734056156420887,0.5467016146302703,False,False,False,False,False,False
2024-05-18 16:00:00,PRD-A,1.5453337849903819,0.22222577918144015,0.8523794717071191,1.297434156718313,1.7424888417295068,0.0,0.16734056156420887,0.5467016146302703,False,False,False,False,False,False
2024-05-19 00:00:00,PRD-A,1.2706278156447086,0.27470596934567326,0.8523794717071191,1.297434156718313,1.7424888417295068,0.0,0.16734056156420887,0.5467016146302703,False,False,False,False,False,False
2024-05-19 08:00:00,PRD-A,1.4214671384564979,0.15083932281178924,0.8523794717071191,1.297434156718313,1.7424888417295068,0.0,0.16734056156420887,0.5467016146302703,False,False,False,False,False,False
2024-05-19 16:00:00,PRD-A,1.5736073796262153,0.15214024116971747,0.8523794717071191,1.297434156718313,1.7424888417295068,0.0,0.16734056156420887,0.5467016146302703,False,False,False,False,False,False
2024-05-26 00:00:00,PRD-A,1.2384840347256272,0.33512334490058815,0.8523794717071191,1.297434156718313,1.7424888417295068,0.0,0.16734056156420887,0.5467016146302703,False,False,False,False,False,False
2024-05-26 08:00:00,PRD-A,1.1658880653412662,0.07259596938436097,0.8523794717071191,1.297434156718313,1.7424888417295068,0.0,0.16734056156420887,0.5467016146302703,False,False,False,False,False,False
2024-05-26 16:00:00,PRD-A,1.572046016928022,0.4061579515867557,0.8523794717071191,1.297434156718313,1.7424888417295068,0.0,0.16734056156420887,0.5467016146302703,False,False,False,False,False,False
2024-05-27 00:00:00,PRD-A,1.484465047342411,0.0875809695856109,0.8523794717071191,1.297434156718313,1.7424888417295068,0.0,0.16734056156420887,0.5467016146302703,False,False,False,False,False,False
2024-05-27 08:00:00,PRD-A,1.2407190923506062,0.24374595499180485,0.8523794717071191,1.297434156718313,1.7424888417295068,0.0,0.16734056156420887,0.5467016146302703,False,False,False,False,False,False
2024-05-27 16:00:00,PRD-A,1.4019189993470424,0.16119990699643627,0.8523794717071191,1.297434156718313,1.7424888417295068,0.0,0.16734056156420887,0.5467016146302703,False,False,False,False,False,False
2024-06-03 00:00:00,PRD-A,1.3619640763002188,0.03995492304682369,0.8523794717071191,1.297434156718313,1.7424888417295068,0.0,0.16734056156420887,0.5467016146302703,False,False,False,False,False,False
2024-06-03 08:00:00,PRD-A,1.3679798455201388,0.006015769219920086,0.8523794717071191,1.297434156718313,1.7424888417295068,0.0,0.16734056156420887,0.5467016146302703,False,False,False,False,False,False
2024-06-03 16:00:00,PRD-A,1.4601643548967673,0.09218450937662848,0.8523794717071191,1.297434156718313,1.7424888417295068,0.0,0.16734056156420887,0.5467016146302703,False,False,False,False,False,False
2024-06-04 00:00:00,PRD-A,1.3223212421104253,0.13784311278634198,0.8523794717071191,1.297434156718313,1.7424888417295068,0.0,0.16734056156420887,0.5467016146302703,False,False,False,False,False,False
2024-06-04 08:00:00,PRD-A,1.4494088099946851,0.1270875678842598,0.8523794717071191,1.297434156718313,1.7424888417295068,0.0,0.16734056156420887,0.5467016146302703,False,False,False,False,False,False
2024-06-04 16:00:00,PRD-A,1.6980294102192819,0.24862060022459676,0.8523794717071191,1.297434156718313,1.7424888417295068,0.0,0.16734056156420887,0.5467016146302703,False,False,False,False,False,False
2024-06-11 00:00:00,PRD-A,1.3317979422813502,0.3662314679379317,0.8523794717071191,1.297434156718313,1.7424888417295068,0.0,0.16734056156420887,0.5467016146302703,False,False,False,True,True,False
2024-06-11 08:00:00,PRD-A,0.9675238758940807,0.36427406638726945,0.8523794717071191,1.297434156718313,1.7424888417295068,0.0,0.16734056156420887,0.5467016146302703,False,False,False,False,False,False
2024-06-11 16:00:00,PRD-A,1.2063974585548578,0.23887358266077707,0.8523794717071191,1.297434156718313,1.7424888417295068,0.0,0.16734056156420887,0.5467016146302703,False,False,False,False,False,False
2024-06-12 00:00:00,PRD-A,1.161089209248691,0.045308249306166726,0.8523794717071191,1.297434156718313,1.7424888417295068,0.0,0.16734056156420887,0.5467016146302703,False,False,False,False,False,False
2024-06-12 08:00:00,PRD-A,1.100260334771316,0.06082887447737506,0.8523794717071191,1.297434156718313,1.7424888417295068,0.0,0.16734056156420887,0.5467016146302703,False,False,False,False,False,False
2024-06-12 16:00:00,PRD-A,1.1917840426406952,0.09152370786937913,0.8523794717071191,1.297434156718313,1.7424888417295068,0.0,0.16734056156420887,0.5467016146302703,False,False,False,False,False,False
2024-06-19 00:00:00,PRD-A,1.393498207206763,0.20171416456606783,0.8523794717071191,1.297434156718313,1.7424888417295068,0.0,0.16734056156420887,0.5467016146302703,False,False,False,False,False,False
2024-06-19 08:00:00,PRD-A,1.1976476829495015,0.19585052425726146,0.8523794717071191,1.297434156718313,1.7424888417295068,0.0,0.16734056156420887,0.5467016146302703,False,False,False,False,False,False
2024-06-19 16:00:00,PRD-A,1.352183736475307,0.15453605352580557,0.8523794717071191,1.297434156718313,1.7424888417295068,0.0,0.16734056156420887,0.5467016146302703,False,False,False,False,False,False
2024-06-20 00:00:00,PRD-A,1.4346316567119395,0.08244792023663239,0.8523794717071191,1.297434156718313,1.7424888417295068,0.0,0.16734056156420887,0.5467016146302703,False,False,False,False,False,False
2024-06-20 08:00:00,PRD-A,1.404770963653853,0.029860693058086474,0.8523794717071191,1.297434156718313,1.7424888417295068,0.0,0.16734056156420887,0.5467016146302703,False,False,False,False,False,False
2024-06-20 16:00:00,PRD-A,1.5243994758368506,0.11962851218299764,0.8523794717071191,1.297434156718313,1.7424888417295068,0.0,0.16734056156420887,0.5467016146302703,False,False,False,False,False,False
2024-06-27 00:00:00,PRD-A,1.3045108310723559,0.21988864476449477,0.8523794717071191,1.297434156718313,1.7424888417295068,0.0,0.16734056156420887,0.5467016146302703,False,False,False,False,False,False
2024-06-27 08:00:00,PRD-A,1.1664722498284454,0.13803858124391044,0.8523794717071191,1.297434156718313,1.7424888417295068,0.0,0.16734056156420887,0.5467016146302703,False,False,False,False,False,False
2024-06-27 16:00:00,PRD-A,1.6402583569282012,0.47378610709975577,0.8523794717071191,1.297434156718313,1.7424888417295068,0.0,0.16734056156420887,0.5467016146302703,False,False,False,False,False,False
2024-06-28 00:00:00,PRD-A,1.4777446735184518,0.16251368340974937,0.8523794717071191,1.297434156718313,1.7424888417295068,0.0,0.16734056156420887,0.5467016146302703,False,False,False,False,False,False
2024-06-28 08:00:00,PRD-A,1.2526865813365566,0.2250580921818952,0.8523794717071191,1.297434156718313,1.7424888417295068,0.0,0.16734056156420887,0.5467016146302703,False,False,False,False,False,False
2024-06-28 16:00:00,PRD-A,1.4696025897479241,0.2169160084113675,0.8523794717071191,1.297434156718313,1.7424888417295068,0.0,0.16734056156420887,0.5467016146302703,False,False,False,False,False,False
2024-07-05 00:00:00,PRD-A,1.378541905134205,0.09106068461371919,0.8523794717071191,1.297434156718313,1.7424888417295068,0.0,0.16734056156420887,0.5467016146302703,False,False,False,False,False,False
2024-07-05 08:00:00,PRD-A,1.37634693831717,0.0021949668170349046,0.8523794717071191,1.297434156718313,1.7424888417295068,0.0,0.16734056156420887,0.5467016146302703,False,False,False,False,False,False
2024-07-05 16:00:00,PRD-A,1.3708958406828862,0.0054510976342838635,0.8523794717071191,1.297434156718313,1.7424888417295068,0.0,0.16734056156420887,0.5467016146302703,False,False,False,False,False,False
2024-07-06 00:00:00,PRD-A,1.4799765181606754,0.10908067747778927,0.8523794717071191,1.297434156718313,1.7424888417295068,0.0,0.16734056156420887,0.5467016146302703,False,False,False,False,False,False
2024-07-06 08:00:00,PRD-A,1.5736049831887313,0.09362846502805588,0.8523794717071191,1.297434156718313,1.7424888417295068,0.0,0.16734056156420887,0.5467016146302703,False,False,False,False,False,False
2024-07-06 16:00:00,PRD-A,1.47431155940507,0.09929342378366135,0.8523794717071191,1.297434156718313,1.7424888417295068,0.0,0.16734056156420887,0.5467016146302703,False,False,False,False,False,False
2024-07-13 00:00:00,PRD-A,1.379332512921567,0.09497904648350297,0.8523794717071191,1.297434156718313,1.7424888417295068,0.0,0.16734056156420887,0.5467016146302703,False,False,False,True,True,False
2024-07-13 08:00:00,PRD-A,1.5401506677927896,0.16081815487122264,0.8523794717071191,1.297434156718313,1.7424888417295068,0.0,0.16734056156420887,0.5467016146302703,False,False,True,True,True,False
2024-07-13 16:00:00,PRD-A,1.6895270199403205,0.14937635214753087,0.8523794717071191,1.297434156718313,1.7424888417295068,0.0,0.16734056156420887,0.5467016146302703,False,False,True,True,True,False
2024-07-14 00:00:00,PRD-A,1.4182090835569294,0.2713179363833911,0.8523794717071191,1.297434156718313,1.7424888417295068,0.0,0.16734056156420887,0.5467016146302703,False,False,False,True,True,False
2024-07-14 08:00:00,PRD-A,1.3692335110823404,0.04897557247458906,0.8523794717071191,1.297434156718313,1.7424888417295068,0.0,0.16734056156420887,0.5467016146302703,False,False,False,True,True,False
2024-07-14 16:00:00,PRD-A,1.4521279358668713,0.0828944247845309,0.8523794717071191,1.297434156718313,1.7424888417295068,0.0,0.16734056156420887,0.5467016146302703,False,False,False,True,True,False
2024-07-21 00:00:00,PRD-A,1.0982429608716937,0.35388497499517757,0.8523794717071191,1.297434156718313,1.7424888417295068,0.0,0.16734056156420887,0.5467016146302703,False,False,False,False,False,False
2024-07-21 08:00:00,PRD-A,0.9559375336533152,0.14230542721837847,0.8523794717071191,1.297434156718313,1.7424888417295068,0.0,0.16734056156420887,0.5467016146302703,False,False,False,False,False,False
2024-07-21 16:00:00,PRD-A,1.3065360410987095,0.3505985074453942,0.8523794717071191,1.297434156718313,1.7424888417295068,0.0,0.16734056156420887,0.5467016146302703,False,False,False,False,False,False
2024-07-22 00:00:00,PRD-A,1.1751165353675765,0.13141950573113292,0.8523794717071191,1.297434156718313,1.7424888417295068,0.0,0.16734056156420887,0.5467016146302703,False,False,False,False,False,False
2024-07-22 08:00:00,PRD-A,1.2890626458168197,0.11394611044924319,0.8523794717071191,1.297434156718313,1.7424888417295068,0.0,0.16734056156420887,0.5467016146302703,False,False,False,False,False,False
2024-07-22 16:00:00,PRD-A,1.276480433928795,0.012582211888024775,0.8523794717071191,1.297434156718313,1.7424888417295068,0.0,0.16734056156420887,0.5467016146302703,False,False,False,False,False,False
2024-07-29 00:00:00,PRD-A,1.0445358239934486,0.23194460993534638,0.8523794717071191,1.297434156718313,1.7424888417295068,0.0,0.16734056156420887,0.5467016146302703,False,False,False,False,False,False
2024-07-29 08:00:00,PRD-A,1.1031021748507093,0.058566350857260696,0.8523794717071191,1.297434156718313,1.7424888417295068,0.0,0.16734056156420887,0.5467016146302703,False,False,False,False,False,False
2024-07-29 16:00:00,PRD-A,1.1412023838344587,0.03810020898374944,0.8523794717071191,1.297434156718313,1.7424888417295068,0.0,0.16734056156420887,0.5467016146302703,False,False,False,False,False,False
2024-07-30 00:00:00,PRD-A,1.1703943747707874,0.029191990936328738,0.8523794717071191,1.297434156718313,1.7424888417295068,0.0,0.16734056156420887,0.5467016146302703,False,False,False,False,False,False
2024-07-30 08:00:00,PRD-A,0.9865915174372946,0.1838028573334929,0.8523794717071191,1.297434156718313,1.7424888417295068,0.0,0.16734056156420887,0.5467016146302703,False,False,True,True,True,False
2024-07-30 16:00:00,PRD-A,1.1691107707161215,0.1825192532788269,0.8523794717071191,1.297434156718313,1.7424888417295068,0.0,0.16734056156420887,0.5467016146302703,False,False,False,True,True,False
2024-08-06 00:00:00,PRD-A,0.841650776679852,0.32745999403626946,0.8523794717071191,1.297434156718313,1.7424888417295068,0.0,0.16734056156420887,0.5467016146302703,True,True,False,True,True,False
2024-08-06 08:00:00,PRD-A,1.0706505594955658,0.22899978281571376,0.8523794717071191,1.297434156718313,1.7424888417295068,0.0,0.16734056156420887,0.5467016146302703,False,False,False,True,True,False
2024-08-06 16:00:00,PRD-A,1.1175659261151403,0.04691536661957452,0.8523794717071191,1.297434156718313,1.7424888417295068,0.0,0.16734056156420887,0.5467016146302703,False,False,True,True,True,False
2024-08-07 00:00:00,PRD-A,1.143244137288348,0.025678211173207677,0.8523794717071191,1.297434156718313,1.7424888417295068,0.0,0.16734056156420887,0.5467016146302703,False,False,True,True,True,False
2024-08-07 08:00:00,PRD-A,1.2058054807005365,0.06256134341218855,0.8523794717071191,1.297434156718313,1.7424888417295068,0.0,0.16734056156420887,0.5467016146302703,False,False,True,True,True,False
2024-08-07 16:00:00,PRD-A,1.3822659901383285,0.176460509437792,0.8523794717071191,1.297434156718313,1.7424888417295068,0.0,0.16734056156420887,0.5467016146302703,False,False,False,False,False,False
2024-08-14 00:00:00,PRD-A,1.259092373911864,0.1231736162264645,0.8523794717071191,1.297434156718313,1.7424888417295068,0.0,0.16734056156420887,0.5467016146302703,False,False,False,False,False,False
2024-08-14 08:00:00,PRD-A,1.3768658260847517,0.1177734521728877,0.8523794717071191,1.297434156718313,1.7424888417295068,0.0,0.16734056156420887,0.5467016146302703,False,False,False,False,False,False
2024-08-14 16:00:00,PRD-A,1.3358541180095722,0.04101170807517951,0.8523794717071191,1.297434156718313,1.7424888417295068,0.0,0.16734056156420887,0.5467016146302703,False,False,False,False,False,False
2024-08-15 00:00:00,PRD-A,1.2110732457019224,0.12478087230764978,0.8523794717071191,1.297434156718313,1.7424888417295068,0.0,0.16734056156420887,0.5467016146302703,False,False,False,False,False,False
2024-08-15 08:00:00,PRD-A,1.3615390627648258,0.1504658170629034,0.8523794717071191,1.297434156718313,1.7424888417295068,0.0,0.16734056156420887,0.5467016146302703,False,False,False,False,False,False
2024-08-15 16:00:00,PRD-A,1.3719901580352585,0.010451095270432642,0.8523794717071191,1.297434156718313,1.7424888417295068,0.0,0.16734056156420887,0.5467016146302703,False,False,False,False,False,False
2024-08-22 00:00:00,PRD-A,1.1894191884867962,0.1825709695484623,0.8523794717071191,1.297434156718313,1.7424888417295068,0.0,0.16734056156420887,0.5467016146302703,False,False,False,False,False,False
2024-08-22 08:00:00,PRD-A,1.2830825170367008,0.09366332854990467,0.8523794717071191,1.297434156718313,1.7424888417295068,0.0,0.16734056156420887,0.5467016146302703,False,False,False,False,False,False
2024-08-22 16:00:00,PRD-A,1.4176452335755203,0.13456271653881946,0.8523794717071191,1.297434156718313,1.7424888417295068,0.0,0.16734056156420887,0.5467016146302703,False,False,False,False,False,False
2024-08-23 00:00:00,PRD-A,1.358241246441467,0.05940398713405326,0.8523794717071191,1.297434156718313,1.7424888417295068,0.0,0.16734056156420887,0.5467016146302703,False,False,False,False,False,False
2024-08-23 08:00:00,PRD-A,0.9140381261820071,0.44420312025945996,0.8523794717071191,1.297434156718313,1.7424888417295068,0.0,0.16734056156420887,0.5467016146302703,False,False,False,False,False,False
2024-08-23 16:00:00,PRD-A,1.2369887675249784,0.32295064134297136,0.8523794717071191,1.297434156718313,1.7424888417295068,0.0,0.16734056156420887,0.5467016146302703,False,False,False,False,False,False
2024-08-30 00:00:00,PRD-A,1.122789832513997,0.11419893501098133,0.8523794717071191,1.297434156718313,1.7424888417295068,0.0,0.16734056156420887,0.5467016146302703,False,False,False,False,False,False
2024-08-30 08:00:00,PRD-A,0.9602659822478374,0.16252385026615968,0.8523794717071191,1.297434156718313,1.7424888417295068,0.0,0.16734056156420887,0.5467016146302703,False,False,False,False,False,False
2024-08-30 16:00:00,PRD-A,1.2811809683746787,0.3209149861268412,0.8523794717071191,1.297434156718313,1.7424888417295068,0.0,0.16734056156420887,0.5467016146302703,False,False,False,False,False,False
2024-08-31 00:00:00,PRD-A,1.0782203941806232,0.20296057419405544,0.8523794717071191,1.297434156718313,1.7424888417295068,0.0,0.16734056156420887,0.5467016146302703,False,False,False,False,False,False
2024-08-31 08:00:00,PRD-A,1.0602773174284947,0.017943076752128473,0.8523794717071191,1.297434156718313,1.7424888417295068,0.0,0.16734056156420887,0.5467016146302703,False,False,True,False,True,False
2024-08-31 16:00:00,PRD-A,1.2410273803898082,0.18075006296131346,0.8523794717071191,1.297434156718313,1.7424888417295068,0.0,0.16734056156420887,0.5467016146302703,False,False,False,True,True,False
2024-09-07 00:00:00,PRD-A,1.1687608797552647,0.07226650063454354,0.8523794717071191,1.297434156718313,1.7424888417295068,0.0,0.16734056156420887,0.5467016146302703,False,False,False,True,True,False
2024-09-07 08:00:00,PRD-A,1.2040874073607966,0.0353265276055319,0.8523794717071191,1.297434156718313,1.7424888417295068,0.0,0.16734056156420887,0.5467016146302703,False,False,False,True,True,False
2024-09-07 16:00:00,PRD-A,1.252473206410349,0.048385799049552425,0.8523794717071191,1.297434156718313,1.7424888417295068,0.0,0.16734056156420887,0.5467016146302703,False,False,False,True,True,False
2024-09-08 00:00:00,PRD-A,1.1263979073498838,0.12607529906046522,0.8523794717071191,1.297434156718313,1.7424888417295068,0.0,0.16734056156420887,0.5467016146302703,False,False,False,True,True,False
2024-09-08 08:00:00,PRD-A,1.2421634091420768,0.11576550179219303,0.8523794717071191,1.297434156718313,1.7424888417295068,0.0,0.16734056156420887,0.5467016146302703,False,False,False,True,True,False
2024-09-08 16:00:00,PRD-A,1.2105500673241962,0.03161334181788056,0.8523794717071191,1.297434156718313,1.7424888417295068,0.0,0.16734056156420887,0.5467016146302703,False,False,False,True,True,False
2024-09-15 00:00:00,PRD-A,1.1747110105724246,0.03583905675177168,0.8523794717071191,1.297434156718313,1.7424888417295068,0.0,0.16734056156420887,0.5467016146302703,False,False,False,True,True,False
2024-09-15 08:00:00,PRD-A,1.3292078625051535,0.154496851932729,0.8523794717071191,1.297434156718313,1.7424888417295068,0.0,0.16734056156420887,0.5467016146302703,False,False,False,False,False,False
2024-09-15 16:00:00,PRD-A,1.5935142465013223,0.2643063839961688,0.8523794717071191,1.297434156718313,1.7424888417295068,0.0,0.16734056156420887,0.5467016146302703,False,False,False,False,False,False
2024-09-16 00:00:00,PRD-A,1.3165065322638014,0.2770077142375209,0.8523794717071191,1.297434156718313,1.7424888417295068,0.0,0.16734056156420887,0.5467016146302703,False,False,False,False,False,False
2024-09-16 08:00:00,PRD-A,1.4304520136479635,0.11394548138416205,0.8523794717071191,1.297434156718313,1.7424888417295068,0.0,0.16734056156420887,0.5467016146302703,False,False,False,False,False,False
2024-09-16 16:00:00,PRD-A,1.503574443117123,0.07312242946915948,0.8523794717071191,1.297434156718313,1.7424888417295068,0.0,0.16734056156420887,0.5467016146302703,False,False,False,False,False,False
2024-09-23 00:00:00,PRD-A,0.9301312369110908,0.5734432062060322,0.8523794717071191,1.297434156718313,1.7424888417295068,0.0,0.16734056156420887,0.5467016146302703,False,False,False,False,False,True
2024-09-23 08:00:00,PRD-A,1.2889966675243478,0.35886543061325704,0.8523794717071191,1.297434156718313,1.7424888417295068,0.0,0.16734056156420887,0.5467016146302703,False,False,False,False,False,False
2024-09-23 16:00:00,PRD-A,1.2287685288157408,0.06022813870860699,0.8523794717071191,1.297434156718313,1.7424888417295068,0.0,0.16734056156420887,0.5467016146302703,False,False,False,False,False,False
2024-09-24 00:00:00,PRD-A,1.1397900357328177,0.08897849308292316,0.8523794717071191,1.297434156718313,1.7424888417295068,0.0,0.16734056156420887,0.5467016146302703,False,False,False,False,False,False
2024-09-24 08:00:00,PRD-A,1.331481261375852,0.1916912256430343,0.8523794717071191,1.297434156718313,1.7424888417295068,0.0,0.16734056156420887,0.5467016146302703,False,False,False,False,False,False
2024-09-24 16:00:00,PRD-A,1.2858669794287145,0.04561428194713746,0.8523794717071191,1.297434156718313,1.7424888417295068,0.0,0.16734056156420887,0.5467016146302703,False,False,False,False,False,False
2024-10-01 00:00:00,PRD-A,1.382416935864348,0.09654995643563358,0.8523794717071191,1.297434156718313,1.7424888417295068,0.0,0.16734056156420887,0.5467016146302703,False,False,False,False,False,False
2024-10-01 08:00:00,PRD-A,1.4001496268509102,0.01773269098656205,0.8523794717071191,1.297434156718313,1.7424888417295068,0.0,0.16734056156420887,0.5467016146302703,False,False,False,False,False,False
2024-10-01 16:00:00,PRD-A,1.3019103191889614,0.09823930766194877,0.8523794717071191,1.297434156718313,1.7424888417295068,0.0,0.16734056156420887,0.5467016146302703,False,False,False,False,False,False
2024-10-02 00:00:00,PRD-A,1.3350726118813856,0.03316229269242421,0.8523794717071191,1.297434156718313,1.7424888417295068,0.0,0.16734056156420887,0.5467016146302703,False,False,False,False,False,False
2024-10-02 08:00:00,PRD-A,1.476547597728951,0.14147498584756546,0.8523794717071191,1.297434156718313,1.7424888417295068,0.0,0.16734056156420887,0.5467016146302703,False,False,False,False,False,False
2024-10-02 16:00:00,PRD-A,1.4435433112823741,0.033004286446576936,0.8523794717071191,1.297434156718313,1.7424888417295068,0.0,0.16734056156420887,0.5467016146302703,False,False,False,False,False,False
2024-10-09 00:00:00,PRD-A,1.342900420988987,0.10064289029338713,0.8523794717071191,1.297434156718313,1.7424888417295068,0.0,0.16734056156420887,0.5467016146302703,False,False,False,False,False,False
2024-10-09 08:00:00,PRD-A,1.4174132197733877,0.07451279878440076,0.8523794717071191,1.297434156718313,1.7424888417295068,0.0,0.16734056156420887,0.5467016146302703,False,False,False,True,True,False
2024-10-09 16:00:00,PRD-A,1.6754928179163664,0.25807959814297865,0.8523794717071191,1.297434156718313,1.7424888417295068,0.0,0.16734056156420887,0.5467016146302703,False,False,False,True,True,False
2024-10-10 00:00:00,PRD-A,1.4469888787666796,0.2285039391496868,0.8523794717071191,1.297434156718313,1.7424888417295068,0.0,0.16734056156420887,0.5467016146302703,False,False,False,True,True,False
2024-10-10 08:00:00,PRD-A,1.2175401895335374,0.2294486892331422,0.8523794717071191,1.297434156718313,1.7424888417295068,0.0,0.16734056156420887,0.5467016146302703,False,False,False,False,False,False
2024-10-10 16:00:00,PRD-A,1.5758249933988657,0.35828480386532835,0.8523794717071191,1.297434156718313,1.7424888417295068,0.0,0.16734056156420887,0.5467016146302703,False,False,False,False,False,False
2024-10-17 00:00:00,PRD-A,1.0526345467303966,0.5231904466684691,0.8523794717071191,1.297434156718313,1.7424888417295068,0.0,0.16734056156420887,0.5467016146302703,False,False,False,False,False,False
2024-10-17 08:00:00,PRD-A,0.9600496018538374,0.09258494487655922,0.8523794717071191,1.297434156718313,1.7424888417295068,0.0,0.16734056156420887,0.5467016146302703,False,False,False,False,False,False
2024-10-17 16:00:00,PRD-A,1.1739000303837808,0.2138504285299434,0.8523794717071191,1.297434156718313,1.7424888417295068,0.0,0.16734056156420887,0.5467016146302703,False,False,False,False,False,False
2024-10-18 00:00:00,PRD-A,0.8717497908826237,0.30215023950115705,0.8523794717071191,1.297434156718313,1.7424888417295068,0.0,0.16734056156420887,0.5467016146302703,False,True,False,False,True,False
2024-10-18 08:00:00,PRD-A,1.0979451613323268,0.22619537044970306,0.8523794717071191,1.297434156718313,1.7424888417295068,0.0,0.16734056156420887,0.5467016146302703,False,False,True,False,True,False
2024-10-18 16:00:00,PRD-A,1.4195156740992583,0.3215705127669315,0.8523794717071191,1.297434156718313,1.7424888417295068,0.0,0.16734056156420887,0.5467016146302703,False,False,False,False,False,False
2024-10-25 00:00:00,PRD-A,1.5664831746736891,0.14696750057443086,0.8523794717071191,1.297434156718313,1.7424888417295068,0.0,0.16734056156420887,0.5467016146302703,False,False,False,False,False,False
2024-10-25 08:00:00,PRD-A,1.4974226591509077,0.06906051552278147,0.8523794717071191,1.297434156718313,1.7424888417295068,0.0,0.16734056156420887,0.5467016146302703,False,False,False,False,False,False
2024-10-25 16:00:00,PRD-A,1.67186372837432,0.1744410692234124,0.8523794717071191,1.297434156718313,1.7424888417295068,0.0,0.16734056156420887,0.5467016146302703,False,False,False,False,False,False
2024-10-26 00:00:00,PRD-A,0.9138417345245367,0.7580219938497834,0.8523794717071191,1.297434156718313,1.7424888417295068,0.0,0.16734056156420887,0.5467016146302703,False,False,False,False,False,True
2024-10-26 08:00:00,PRD-A,1.1559517168648594,0.24210998234032277,0.8523794717071191,1.297434156718313,1.7424888417295068,0.0,0.16734056156420887,0.5467016146302703,False,False,False,False,False,False
2024-10-26 16:00:00,PRD-A,1.153315900846513,0.002635816018346393,0.8523794717071191,1.297434156718313,1.7424888417295068,0.0,0.16734056156420887,0.5467016146302703,False,False,False,False,False,False
2024-11-02 00:00:00,PRD-A,1.2057421025599329,0.05242620171341983,0.8523794717071191,1.297434156718313,1.7424888417295068,0.0,0.16734056156420887,0.5467016146302703,False,False,False,False,False,False
2024-11-02 08:00:00,PRD-A,1.2138259698386686,0.008083867278735779,0.8523794717071191,1.297434156718313,1.7424888417295068,0.0,0.16734056156420887,0.5467016146302703,False,False,False,False,False,False
2024-11-02 16:00:00,PRD-A,1.257853052516147,0.04402708267747846,0.8523794717071191,1.297434156718313,1.7424888417295068,0.0,0.16734056156420887,0.5467016146302703,False,False,False,False,False,False
2024-11-03 00:00:00,PRD-A,1.2658607744086334,0.00800772189248633,0.8523794717071191,1.297434156718313,1.7424888417295068,0.0,0.16734056156420887,0.5467016146302703,False,False,False,False,False,False
2024-11-03 08:00:00,PRD-A,1.2424958056110755,0.023364968797557895,0.8523794717071191,1.297434156718313,1.7424888417295068,0.0,0.16734056156420887,0.5467016146302703,False,False,False,True,True,False
2024-11-03 16:00:00,PRD-A,1.172048534559855,0.0704472710512205,0.8523794717071191,1.297434156718313,1.7424888417295068,0.0,0.16734056156420887,0.5467016146302703,False,False,False,True,True,False
2024-11-10 00:00:00,PRD-A,1.1294961556943979,0.04255237886545715,0.8523794717071191,1.297434156718313,1.7424888417295068,0.0,0.16734056156420887,0.5467016146302703,False,False,False,True,True,False
2024-11-10 08:00:00,PRD-A,1.118364745453738,0.01113141024065989,0.8523794717071191,1.297434156718313,1.7424888417295068,0.0,0.16734056156420887,0.5467016146302703,False,False,False,True,True,False
2024-11-10 16:00:00,PRD-A,1.1490140151242967,0.0306492696705587,0.8523794717071191,1.297434156718313,1.7424888417295068,0.0,0.16734056156420887,0.5467016146302703,False,False,False,True,True,False
2024-11-11 00:00:00,PRD-A,0.9418073557054321,0.20720665941886462,0.8523794717071191,1.297434156718313,1.7424888417295068,0.0,0.16734056156420887,0.5467016146302703,False,False,True,True,True,False
2024-11-11 08:00:00,PRD-A,1.195758210018699,0.2539508543132669,0.8523794717071191,1.297434156718313,1.7424888417295068,0.0,0.16734056156420887,0.5467016146302703,False,False,True,True,True,False
2024-11-11 16:00:00,PRD-A,1.151071590479606,0.04468661953909292,0.8523794717071191,1.297434156718313,1.7424888417295068,0.0,0.16734056156420887,0.5467016146302703,False,False,False,True,True,False
2024-11-18 00:00:00,PRD-A,1.5868868377087813,0.4358152472291752,0.8523794717071191,1.297434156718313,1.7424888417295068,0.0,0.16734056156420887,0.5467016146302703,False,False,False,False,False,False
2024-11-18 08:00:00,PRD-A,1.4485519885636031,0.13833484914517813,0.8523794717071191,1.297434156718313,1.7424888417295068,0.0,0.16734056156420887,0.5467016146302703,False,False,False,False,False,False
2024-11-18 16:00:00,PRD-A,1.4239838587521791,0.024568129811423978,0.8523794717071191,1.297434156718313,1.7424888417295068,0.0,0.16734056156420887,0.5467016146302703,False,False,False,False,False,False
2024-11-19 00:00:00,PRD-A,1.4447723623380333,0.020788503585854157,0.8523794717071191,1.297434156718313,1.7424888417295068,0.0,0.16734056156420887,0.5467016146302703,False,False,False,False,False,False
2024-11-19 08:00:00,PRD-A,1.7825220458730682,0.3377496835350349,0.8523794717071191,1.297434156718313,1.7424888417295068,0.0,0.16734056156420887,0.5467016146302703,True,False,False,False,True,False
2024-11-19 16:00:00,PRD-A,1.152534346254355,0.6299876996187133,0.8523794717071191,1.297434156718313,1.7424888417295068,0.0,0.16734056156420887,0.5467016146302703,False,False,False,False,False,True
2024-11-26 00:00:00,PRD-A,1.2516649151195207,0.0991305688651658,0.8523794717071191,1.297434156718313,1.7424888417295068,0.0,0.16734056156420887,0.5467016146302703,False,False,False,False,False,False
2024-11-26 08:00:00,PRD-A,1.1025165260503433,0.14914838906917738,0.8523794717071191,1.297434156718313,1.7424888417295068,0.0,0.16734056156420887,0.5467016146302703,False,False,False,False,False,False
2024-11-26 16:00:00,PRD-A,1.301976124880426,0.19945959883008268,0.8523794717071191,1.297434156718313,1.7424888417295068,0.0,0.16734056156420887,0.5467016146302703,False,False,False,False,False,False
2024-11-27 00:00:00,PRD-A,1.121502581942998,0.180473542937428,0.8523794717071191,1.297434156718313,1.7424888417295068,0.0,0.16734056156420887,0.5467016146302703,False,False,False,False,False,False
2024-11-27 08:00:00,PRD-A,1.1385401300072033,0.01703754806420532,0.8523794717071191,1.297434156718313,1.7424888417295068,0.0,0.16734056156420887,0.5467016146302703,False,False,False,False,False,False
2024-11-27 16:00:00,PRD-A,1.25477461641659,0.11623448640938672,0.8523794717071191,1.297434156718313,1.7424888417295068,0.0,0.16734056156420887,0.5467016146302703,False,False,False,False,False,False
2024-12-04 00:00:00,PRD-A,1.1785790118388566,0.07619560457773344,0.8523794717071191,1.297434156718313,1.7424888417295068,0.0,0.16734056156420887,0.5467016146302703,False,False,False,False,False,False
2024-12-04 08:00:00,PRD-A,1.0998764076266128,0.07870260421224384,0.8523794717071191,1.297434156718313,1.7424888417295068,0.0,0.16734056156420887,0.5467016146302703,False,False,False,False,False,False
2024-12-04 16:00:00,PRD-A,1.1492854358776707,0.049409028251057974,0.8523794717071191,1.297434156718313,1.7424888417295068,0.0,0.16734056156420887,0.5467016146302703,False,False,False,False,False,False
2024-12-05 00:00:00,PRD-A,1.0969493612654906,0.05233607461218015,0.8523794717071191,1.297434156718313,1.7424888417295068,0.0,0.16734056156420887,0.5467016146302703,False,False,False,False,False,False
2024-12-05 08:00:00,PRD-A,1.082385831825419,0.014563529440071665,0.8523794717071191,1.297434156718313,1.7424888417295068,0.0,0.16734056156420887,0.5467016146302703,False,False,False,True,True,False
2024-12-05 16:00:00,PRD-A,1.049218879891643,0.033166951933775835,0.8523794717071191,1.297434156718313,1.7424888417295068,0.0,0.16734056156420887,0.5467016146302703,False,False,True,True,True,False
2024-12-12 00:00:00,PRD-A,1.464140627184292,0.41492174729264897,0.8523794717071191,1.297434156718313,1.7424888417295068,0.0,0.16734056156420887,0.5467016146302703,False,False,False,False,False,False
2024-12-12 08:00:00,PRD-A,1.4814432992500155,0.017302672065723446,0.8523794717071191,1.297434156718313,1.7424888417295068,0.0,0.16734056156420887,0.5467016146302703,False,False,False,False,False,False
2024-12-12 16:00:00,PRD-A,1.6163192661895778,0.13487596693956228,0.8523794717071191,1.297434156718313,1.7424888417295068,0.0,0.16734056156420887,0.5467016146302703,False,False,False,False,False,False
2024-12-13 00:00:00,PRD-A,1.4505707360300044,0.16574853015957336,0.8523794717071191,1.297434156718313,1.7424888417295068,0.0,0.16734056156420887,0.5467016146302703,False,False,True,False,True,False
2024-12-13 08:00:00,PRD-A,1.3709314572582239,0.07963927877178056,0.8523794717071191,1.297434156718313,1.7424888417295068,0.0,0.16734056156420887,0.5467016146302703,False,False,True,False,True,False
2024-12-13 16:00:00,PRD-A,1.3524199596824675,0.01851149757575632,0.8523794717071191,1.297434156718313,1.7424888417295068,0.0,0.16734056156420887,0.5467016146302703,False,False,False,False,False,False
2024-12-20 00:00:00,PRD-A,1.6360348145438097,0.2836148548613422,0.8523794717071191,1.297434156718313,1.7424888417295068,0.0,0.16734056156420887,0.5467016146302703,False,False,False,False,False,False
2024-12-20 08:00:00,PRD-A,1.6326531436539702,0.0033816708898395387,0.8523794717071191,1.297434156718313,1.7424888417295068,0.0,0.16734056156420887,0.5467016146302703,False,True,False,True,True,False
2024-12-20 16:00:00,PRD-A,1.8300201188747127,0.19736697522074254,0.8523794717071191,1.297434156718313,1.7424888417295068,0.0,0.16734056156420887,0.5467016146302703,True,True,False,True,True,False
2024-12-21 00:00:00,PRD-A,0.9465977306124195,0.8834223882622932,0.8523794717071191,1.297434156718313,1.7424888417295068,0.0,0.16734056156420887,0.5467016146302703,False,True,False,False,True,True
2024-12-21 08:00:00,PRD-A,1.0582841001756802,0.11168636956326072,0.8523794717071191,1.297434156718313,1.7424888417295068,0.0,0.16734056156420887,0.5467016146302703,False,False,False,False,False,False
2024-12-21 16:00:00,PRD-A,1.3316123064857674,0.27332820631008725,0.8523794717071191,1.297434156718313,1.7424888417295068,0.0,0.16734056156420887,0.5467016146302703,False,False,False,False,False,False
2024-12-28 00:00:00,PRD-A,1.421150229651337,0.08953792316556952,0.8523794717071191,1.297434156718313,1.7424888417295068,0.0,0.16734056156420887,0.5467016146302703,False,False,False,False,False,False
2024-12-28 08:00:00,PRD-A,1.3114749892211552,0.10967524043018173,0.8523794717071191,1.297434156718313,1.7424888417295068,0.0,0.16734056156420887,0.5467016146302703,False,False,False,False,False,False
2024-12-28 16:00:00,PRD-A,1.4061920176616403,0.09471702844048502,0.8523794717071191,1.297434156718313,1.7424888417295068,0.0,0.16734056156420887,0.5467016146302703,False,False,False,False,False,False
2024-12-29 00:00:00,PRD-A,1.375890899176223,0.030301118485417167,0.8523794717071191,1.297434156718313,1.7424888417295068,0.0,0.16734056156420887,0.5467016146302703,False,False,False,False,False,False
2024-12-29 08:00:00,PRD-A,1.4024994178788988,0.026608518702675665,0.8523794717071191,1.297434156718313,1.7424888417295068,0.0,0.16734056156420887,0.5467016146302703,False,False,False,False,False,False
2024-12-29 16:00:00,PRD-A,1.5076952489755566,0.10519583109665787,0.8523794717071191,1.297434156718313,1.7424888417295068,0.0,0.16734056156420887,0.5467016146302703,False,False,False,False,False,False
2025-01-05 00:00:00,PRD-A,1.400370359284084,0.10732488969147269,0.8523794717071191,1.297434156718313,1.7424888417295068,0.0,0.16734056156420887,0.5467016146302703,False,False,False,True,True,False
2025-01-05 08:00:00,PRD-A,1.218642036617155,0.18172832266692884,0.8523794717071191,1.297434156718313,1.7424888417295068,0.0,0.16734056156420887,0.5467016146302703,False,False,False,False,False,False
2025-01-05 16:00:00,PRD-A,1.388078591721807,0.16943655510465194,0.8523794717071191,1.297434156718313,1.7424888417295068,0.0,0.16734056156420887,0.5467016146302703,False,False,False,False,False,False
2025-01-06 00:00:00,PRD-A,1.5500049679741965,0.16192637625238948,0.8523794717071191,1.297434156718313,1.7424888417295068,0.0,0.16734056156420887,0.5467016146302703,False,False,False,False,False,False
2025-01-06 08:00:00,PRD-A,1.370899062673662,0.1791059053005346,0.8523794717071191,1.297434156718313,1.7424888417295068,0.0,0.16734056156420887,0.5467016146302703,False,False,False,False,False,False
2025-01-06 16:00:00,PRD-A,1.6033862317421959,0.23248716906853395,0.8523794717071191,1.297434156718313,1.7424888417295068,0.0,0.16734056156420887,0.5467016146302703,False,False,False,False,False,False
2025-01-13 00:00:00,PRD-A,1.4725889151310154,0.13079731661118044,0.8523794717071191,1.297434156718313,1.7424888417295068,0.0,0.16734056156420887,0.5467016146302703,False,False,False,False,False,False
2025-01-13 08:00:00,PRD-A,1.5933668456241024,0.12077793049308694,0.8523794717071191,1.297434156718313,1.7424888417295068,0.0,0.16734056156420887,0.5467016146302703,False,False,True,False,True,False
2025-01-13 16:00:00,PRD-A,1.7142184253438633,0.1208515797197609,0.8523794717071191,1.297434156718313,1.7424888417295068,0.0,0.16734056156420887,0.5467016146302703,False,False,True,False,True,False
2025-01-14 00:00:00,PRD-A,1.3108566626176894,0.40336176272617386,0.8523794717071191,1.297434156718313,1.7424888417295068,0.0,0.16734056156420887,0.5467016146302703,False,False,True,True,True,False
2025-01-14 08:00:00,PRD-A,1.4464490558240959,0.13559239320640648,0.8523794717071191,1.297434156718313,1.7424888417295068,0.0,0.16734056156420887,0.5467016146302703,False,False,True,True,True,False
2025-01-14 16:00:00,PRD-A,1.7099296104934183,0.2634805546693224,0.8523794717071191,1.297434156718313,1.7424888417295068,0.0,0.16734056156420887,0.5467016146302703,False,False,True,True,True,False
2025-01-21 00:00:00,PRD-A,1.5362223158357344,0.17370729465768386,0.8523794717071191,1.297434156718313,1.7424888417295068,0.0,0.16734056156420887,0.5467016146302703,False,False,True,True,True,False
2025-01-21 08:00:00,PRD-A,1.513334950322844,0.0228873655128905,0.8523794717071191,1.297434156718313,1.7424888417295068,0.0,0.16734056156420887,0.5467016146302703,False,False,True,True,True,False
2025-01-21 16:00:00,PRD-A,1.0861775558726667,0.4271573944501772,0.8523794717071191,1.297434156718313,1.7424888417295068,0.0,0.16734056156420887,0.5467016146302703,False,False,True,False,True,False
2025-01-22 00:00:00,PRD-A,1.0227209804170576,0.06345657545560912,0.8523794717071191,1.297434156718313,1.7424888417295068,0.0,0.16734056156420887,0.5467016146302703,False,False,False,False,False,False
2025-01-22 08:00:00,PRD-A,0.9812384787075052,0.041482501709552366,0.8523794717071191,1.297434156718313,1.7424888417295068,0.0,0.16734056156420887,0.5467016146302703,False,False,False,False,False,False
2025-01-22 16:00:00,PRD-A,1.3653980113987696,0.38415953269126435,0.8523794717071191,1.297434156718313,1.7424888417295068,0.0,0.16734056156420887,0.5467016146302703,False,False,False,False,False,False
2025-01-29 00:00:00,PRD-A,1.5764316275886094,0.21103361618983985,0.8523794717071191,1.297434156718313,1.7424888417295068,0.0,0.16734056156420887,0.5467016146302703,False,False,False,False,False,False
2025-01-29 08:00:00,PRD-A,1.3826543088029253,0.19377731878568416,0.8523794717071191,1.297434156718313,1.7424888417295068,0.0,0.16734056156420887,0.5467016146302703,False,False,False,False,False,False
2025-01-29 16:00:00,PRD-A,1.6941462460168026,0.31149193721387736,0.8523794717071191,1.297434156718313,1.7424888417295068,0.0,0.16734056156420887,0.5467016146302703,False,False,False,False,False,False
2025-01-30 00:00:00,PRD-A,1.1744483108269768,0.5196979351898259,0.8523794717071191,1.297434156718313,1.7424888417295068,0.0,0.16734056156420887,0.5467016146302703,False,False,False,False,False,False
2025-01-30 08:00:00,PRD-A,1.259065923507625,0.08461761268064816,0.8523794717071191,1.297434156718313,1.7424888417295068,0.0,0.16734056156420887,0.5467016146302703,False,False,False,False,False,False
2025-01-30 16:00:00,PRD-A,1.4230982766346596,0.16403235312703468,0.8523794717071191,1.297434156718313,1.7424888417295068,0.0,0.16734056156420887,0.5467016146302703,False,False,False,False,False,False
2025-02-06 00:00:00,PRD-A,1.1859479184463733,0.23715035818828634,0.8523794717071191,1.297434156718313,1.7424888417295068,0.0,0.16734056156420887,0.5467016146302703,False,False,False,False,False,False
2025-02-06 08:00:00,PRD-A,1.5124024549167685,0.32645453647039524,0.8523794717071191,1.297434156718313,1.7424888417295068,0.0,0.16734056156420887,0.5467016146302703,False,False,False,False,False,False
2025-02-06 16:00:00,PRD-A,1.3664703064150308,0.14593214850173775,0.8523794717071191,1.297434156718313,1.7424888417295068,0.0,0.16734056156420887,0.5467016146302703,False,False,False,False,False,False
2025-02-07 00:00:00,PRD-A,1.238942454275722,0.12752785213930884,0.8523794717071191,1.297434156718313,1.7424888417295068,0.0,0.16734056156420887,0.5467016146302703,False,False,False,False,False,False
2025-02-07 08:00:00,PRD-A,1.3689442123422393,0.13000175806651737,0.8523794717071191,1.297434156718313,1.7424888417295068,0.0,0.16734056156420887,0.5467016146302703,False,False,False,False,False,False
2025-02-07 16:00:00,PRD-A,1.4048476450846894,0.035903432742450114,0.8523794717071191,1.297434156718313,1.7424888417295068,0.0,0.16734056156420887,0.5467016146302703,False,False,False,False,False,False
2025-02-14 00:00:00,PRD-A,1.4060089934758393,0.0011613483911498967,0.8523794717071191,1.297434156718313,1.7424888417295068,0.0,0.16734056156420887,0.5467016146302703,False,False,False,False,False,False
2025-02-14 08:00:00,PRD-A,1.3398292320853078,0.0661797613905315,0.8523794717071191,1.297434156718313,1.7424888417295068,0.0,0.16734056156420887,0.5467016146302703,False,False,False,False,False,False
2025-02-14 16:00:00,PRD-A,1.4632776057831112,0.12344837369780337,0.8523794717071191,1.297434156718313,1.7424888417295068,0.0,0.16734056156420887,0.5467016146302703,False,False,False,False,False,False
2025-02-15 00:00:00,PRD-A,1.5845535068968126,0.12127590111370146,0.8523794717071191,1.297434156718313,1.7424888417295068,0.0,0.16734056156420887,0.5467016146302703,False,False,False,False,False,False
2025-02-15 08:00:00,PRD-A,1.2759097578181604,0.3086437490786522,0.8523794717071191,1.297434156718313,1.7424888417295068,0.0,0.16734056156420887,0.5467016146302703,False,False,False,False,False,False
2025-02-15 16:00:00,PRD-A,1.591589179540079,0.31567942172191854,0.8523794717071191,1.297434156718313,1.7424888417295068,0.0,0.16734056156420887,0.5467016146302703,False,False,False,False,False,False
2025-02-22 00:00:00,PRD-A,1.2757433939848644,0.3158457855552146,0.8523794717071191,1.297434156718313,1.7424888417295068,0.0,0.16734056156420887,0.5467016146302703,False,False,False,False,False,False
2025-02-22 08:00:00,PRD-A,1.4118174380081125,0.1360740440232482,0.8523794717071191,1.297434156718313,1.7424888417295068,0.0,0.16734056156420887,0.5467016146302703,False,False,False,False,False,False
2025-02-22 16:00:00,PRD-A,1.364047140899363,0.04777029710874947,0.8523794717071191,1.297434156718313,1.7424888417295068,0.0,0.16734056156420887,0.5467016146302703,False,False,False,False,False,False
2025-02-23 00:00:00,PRD-A,1.5631740695916692,0.19912692869230608,0.8523794717071191,1.297434156718313,1.7424888417295068,0.0,0.16734056156420887,0.5467016146302703,False,False,False,False,False,False
2025-02-23 08:00:00,PRD-A,1.3709001784897878,0.1922738911018813,0.8523794717071191,1.297434156718313,1.7424888417295068,0.0,0.16734056156420887,0.5467016146302703,False,False,False,False,False,False
2025-02-23 16:00:00,PRD-A,1.457993942137948,0.08709376364816013,0.8523794717071191,1.297434156718313,1.7424888417295068,0.0,0.16734056156420887,0.5467016146302703,False,False,False,False,False,False
2025-03-02 00:00:00,PRD-A,1.4183128825781877,0.03968105955976031,0.8523794717071191,1.297434156718313,1.7424888417295068,0.0,0.16734056156420887,0.5467016146302703,False,False,False,False,False,False
2025-03-02 08:00:00,PRD-A,1.2152479057878907,0.203064976790297,0.8523794717071191,1.297434156718313,1.7424888417295068,0.0,0.16734056156420887,0.5467016146302703,False,False,False,False,False,False
2025-03-02 16:00:00,PRD-A,1.4957951974050905,0.2805472916171998,0.8523794717071191,1.297434156718313,1.7424888417295068,0.0,0.16734056156420887,0.5467016146302703,False,False,False,False,False,False
2025-03-03 00:00:00,PRD-A,1.4669663170404548,0.02882888036463571,0.8523794717071191,1.297434156718313,1.7424888417295068,0.0,0.16734056156420887,0.5467016146302703,False,False,False,False,False,False
2025-03-03 08:00:00,PRD-A,0.9623606516190935,0.5046056654213613,0.8523794717071191,1.297434156718313,1.7424888417295068,0.0,0.16734056156420887,0.5467016146302703,False,False,False,False,False,False
2025-03-03 16:00:00,PRD-A,1.145688894973265,0.18332824335417164,0.8523794717071191,1.297434156718313,1.7424888417295068,0.0,0.16734056156420887,0.5467016146302703,False,False,False,False,False,False
2025-03-10 00:00:00,PRD-A,1.0574565490782526,0.0882323458950125,0.8523794717071191,1.297434156718313,1.7424888417295068,0.0,0.16734056156420887,0.5467016146302703,False,False,False,False,False,False
2025-03-10 08:00:00,PRD-A,1.085488817737637,0.028032268659384352,0.8523794717071191,1.297434156718313,1.7424888417295068,0.0,0.16734056156420887,0.5467016146302703,False,False,True,False,True,False
2025-03-10 16:00:00,PRD-A,1.155586372599364,0.07009755486172708,0.8523794717071191,1.297434156718313,1.7424888417295068,0.0,0.16734056156420887,0.5467016146302703,False,False,True,False,True,False
2025-03-11 00:00:00,PRD-A,1.0218067677844065,0.13377960481495754,0.8523794717071191,1.297434156718313,1.7424888417295068,0.0,0.16734056156420887,0.5467016146302703,False,False,True,False,True,False
2025-03-11 08:00:00,PRD-A,1.0009106033142938,0.020896164470112666,0.8523794717071191,1.297434156718313,1.7424888417295068,0.0,0.16734056156420887,0.5467016146302703,False,False,True,False,True,False
2025-03-11 16:00:00,PRD-A,1.1579388962734751,0.1570282929591813,0.8523794717071191,1.297434156718313,1.7424888417295068,0.0,0.16734056156420887,0.5467016146302703,False,False,False,True,True,False
2025-03-18 00:00:00,PRD-A,1.3182331425995857,0.16029424632611056,0.8523794717071191,1.297434156718313,1.7424888417295068,0.0,0.16734056156420887,0.5467016146302703,False,False,False,False,False,False
2025-03-18 08:00:00,PRD-A,1.0428870606817406,0.27534608191784504,0.8523794717071191,1.297434156718313,1.7424888417295068,0.0,0.16734056156420887,0.5467016146302703,False,False,False,False,False,False
2025-03-18 16:00:00,PRD-A,1.308428799632212,0.2655417389504713,0.8523794717071191,1.297434156718313,1.7424888417295068,0.0,0.16734056156420887,0.5467016146302703,False,False,False,False,False,False
2025-03-19 00:00:00,PRD-A,1.2111380204315223,0.09729077920068963,0.8523794717071191,1.297434156718313,1.7424888417295068,0.0,0.16734056156420887,0.5467016146302703,False,False,False,False,False,False
2025-03-19 08:00:00,PRD-A,1.074618595281316,0.1365194251502062,0.8523794717071191,1.297434156718313,1.7424888417295068,0.0,0.16734056156420887,0.5467016146302703,False,False,False,False,False,False
2025-03-19 16:00:00,PRD-A,1.1459495971838298,0.07133100190251374,0.8523794717071191,1.297434156718313,1.7424888417295068,0.0,0.16734056156420887,0.5467016146302703,False,False,False,False,False,False
2025-03-26 00:00:00,PRD-A,1.3553200220237793,0.2093704248399495,0.8523794717071191,1.297434156718313,1.7424888417295068,0.0,0.16734056156420887,0.5467016146302703,False,False,False,False,False,False
2025-03-26 08:00:00,PRD-A,1.5554849610597161,0.2001649390359368,0.8523794717071191,1.297434156718313,1.7424888417295068,0.0,0.16734056156420887,0.5467016146302703,False,False,False,False,False,False
2025-03-26 16:00:00,PRD-A,1.6608560244762338,0.1053710634165177,0.8523794717071191,1.297434156718313,1.7424888417295068,0.0,0.16734056156420887,0.5467016146302703,False,False,False,False,False,False
2025-03-27 00:00:00,PRD-A,1.7306018714662381,0.0697458469900043,0.8523794717071191,1.297434156718313,1.7424888417295068,0.0,0.16734056156420887,0.5467016146302703,False,True,False,False,True,False
2025-03-27 08:00:00,PRD-A,1.52762445742102,0.20297741404521807,0.8523794717071191,1.297434156718313,1.7424888417295068,0.0,0.16734056156420887,0.5467016146302703,False,True,True,False,True,False
2025-03-27 16:00:00,PRD-A,1.6745129360515898,0.14688847863056975,0.8523794717071191,1.297434156718313,1.7424888417295068,0.0,0.16734056156420887,0.5467016146302703,False,True,True,False,True,False
2025-04-03 00:00:00,PRD-A,1.546117579234726,0.12839535681686387,0.8523794717071191,1.297434156718313,1.7424888417295068,0.0,0.16734056156420887,0.5467016146302703,False,False,True,False,True,False
2025-04-03 08:00:00,PRD-A,1.3859553228582848,0.1601622563764411,0.8523794717071191,1.297434156718313,1.7424888417295068,0.0,0.16734056156420887,0.5467016146302703,False,False,True,True,True,False
2025-04-03 16:00:00,PRD-A,1.710648441245109,0.32469311838682424,0.8523794717071191,1.297434156718313,1.7424888417295068,0.0,0.16734056156420887,0.5467016146302703,False,False,True,True,True,False
2025-04-04 00:00:00,PRD-A,1.4104323817677442,0.30021605947736485,0.8523794717071191,1.297434156718313,1.7424888417295068,0.0,0.16734056156420887,0.5467016146302703,False,False,False,True,True,False
2025-04-04 08:00:00,PRD-A,1.7857759791109398,0.37534359734319556,0.8523794717071191,1.297434156718313,1.7424888417295068,0.0,0.16734056156420887,0.5467016146302703,True,True,False,True,True,False
2025-04-04 16:00:00,PRD-A,1.7666159139253337,0.01916006518560609,0.8523794717071191,1.297434156718313,1.7424888417295068,0.0,0.16734056156420887,0.5467016146302703,True,True,False,True,True,False
2025-04-11 00:00:00,PRD-A,1.504708501835975,0.26190741208935875,0.8523794717071191,1.297434156718313,1.7424888417295068,0.0,0.16734056156420887,0.5467016146302703,False,True,True,True,True,False
2025-04-11 08:00:00,PRD-A,1.3790900101643924,0.12561849167158257,0.8523794717071191,1.297434156718313,1.7424888417295068,0.0,0.16734056156420887,0.5467016146302703,False,False,False,True,True,False
2025-04-11 16:00:00,PRD-A,1.3354140330756772,0.04367597708871518,0.8523794717071191,1.297434156718313,1.7424888417295068,0.0,0.16734056156420887,0.5467016146302703,False,False,False,True,True,False
2025-04-12 00:00:00,PRD-A,1.0985868157780099,0.23682721729766731,0.8523794717071191,1.297434156718313,1.7424888417295068,0.0,0.16734056156420887,0.5467016146302703,False,False,False,False,False,False
2025-04-12 08:00:00,PRD-A,1.24196919571398,0.14338237993597014,0.8523794717071191,1.297434156718313,1.7424888417295068,0.0,0.16734056156420887,0.5467016146302703,False,False,False,False,False,False
2025-04-12 16:00:00,PRD-A,1.1054033431851424,0.13656585252883757,0.8523794717071191,1.297434156718313,1.7424888417295068,0.0,0.16734056156420887,0.5467016146302703,False,False,False,False,False,False
2025-04-19 00:00:00,PRD-A,1.440980035455375,0.33557669227023257,0.8523794717071191,1.297434156718313,1.7424888417295068,0.0,0.16734056156420887,0.5467016146302703,False,False,False,False,False,False
2025-04-19 08:00:00,PRD-A,1.1809169937451331,0.26006304171024186,0.8523794717071191,1.297434156718313,1.7424888417295068,0.0,0.16734056156420887,0.5467016146302703,False,False,False,False,False,False
2025-04-19 16:00:00,PRD-A,1.2666637311457123,0.08574673740057914,0.8523794717071191,1.297434156718313,1.7424888417295068,0.0,0.16734056156420887,0.5467016146302703,False,False,False,False,False,False
2025-04-20 00:00:00,PRD-A,1.1493759529605363,0.117287778185176,0.8523794717071191,1.297434156718313,1.7424888417295068,0.0,0.16734056156420887,0.5467016146302703,False,False,False,False,False,False
2025-04-20 08:00:00,PRD-A,1.2390710195437846,0.08969506658324833,0.8523794717071191,1.297434156718313,1.7424888417295068,0.0,0.16734056156420887,0.5467016146302703,False,False,False,False,False,False
2025-04-20 16:00:00,PRD-A,1.2015906727415102,0.03748034680227441,0.8523794717071191,1.297434156718313,1.7424888417295068,0.0,0.16734056156420887,0.5467016146302703,False,False,False,False,False,False
2025-04-27 00:00:00,PRD-A,1.1464617545117024,0.05512891822980781,0.8523794717071191,1.297434156718313,1.7424888417295068,0.0,0.16734056156420887,0.5467016146302703,False,False,False,False,False,False
2025-04-27 08:00:00,PRD-A,1.1218721012544397,0.0245896532572627,0.8523794717071191,1.297434156718313,1.7424888417295068,0.0,0.16734056156420887,0.5467016146302703,False,False,False,False,False,False
2025-04-27 16:00:00,PRD-A,1.0620769001156058,0.05979520113883385,0.8523794717071191,1.297434156718313,1.7424888417295068,0.0,0.16734056156420887,0.5467016146302703,False,False,False,True,True,False
2025-04-28 00:00:00,PRD-A,1.0283799577825319,0.033696942333073965,0.8523794717071191,1.297434156718313,1.7424888417295068,0.0,0.16734056156420887,0.5467016146302703,False,False,True,True,True,False
2025-04-28 08:00:00,PRD-A,0.9189197124012218,0.10946024538131005,0.8523794717071191,1.297434156718313,1.7424888417295068,0.0,0.16734056156420887,0.5467016146302703,False,False,True,True,True,False
2025-04-28 16:00:00,PRD-A,1.0554914324756008,0.136571720074379,0.8523794717071191,1.297434156718313,1.7424888417295068,0.0,0.16734056156420887,0.5467016146302703,False,False,True,True,True,False
2025-05-05 00:00:00,PRD-A,0.8880617323929019,0.16742970008269897,0.8523794717071191,1.297434156718313,1.7424888417295068,0.0,0.16734056156420887,0.5467016146302703,False,True,True,True,True,False
2025-05-05 08:00:00,PRD-A,1.0747898584818598,0.18672812608895795,0.8523794717071191,1.297434156718313,1.7424888417295068,0.0,0.16734056156420887,0.5467016146302703,False,False,True,True,True,False
2025-05-05 16:00:00,PRD-A,1.0396740453257851,0.035115813156074704,0.8523794717071191,1.297434156718313,1.7424888417295068,0.0,0.16734056156420887,0.5467016146302703,False,False,True,True,True,False
2025-05-06 00:00:00,PRD-A,1.2501024315463423,0.21042838622055715,0.8523794717071191,1.297434156718313,1.7424888417295068,0.0,0.16734056156420887,0.5467016146302703,False,False,True,True,True,False
2025-05-06 08:00:00,PRD-A,1.0985054993916792,0.15159693215466308,0.8523794717071191,1.297434156718313,1.7424888417295068,0.0,0.16734056156420887,0.5467016146302703,False,False,True,True,True,False
2025-05-06 16:00:00,PRD-A,1.3136219338818091,0.21511643449012996,0.8523794717071191,1.297434156718313,1.7424888417295068,0.0,0.16734056156420887,0.5467016146302703,False,False,False,False,False,False
2025-05-13 00:00:00,PRD-A,1.526679771370778,0.2130578374889689,0.8523794717071191,1.297434156718313,1.7424888417295068,0.0,0.16734056156420887,0.5467016146302703,False,False,False,False,False,False
2025-05-13 08:00:00,PRD-A,1.4964370889195375,0.03024268245124051,0.8523794717071191,1.297434156718313,1.7424888417295068,0.0,0.16734056156420887,0.5467016146302703,False,False,False,False,False,False
2025-05-13 16:00:00,PRD-A,1.5525200417301845,0.05608295281064701,0.8523794717071191,1.297434156718313,1.7424888417295068,0.0,0.16734056156420887,0.5467016146302703,False,False,False,False,False,False
2025-05-14 00:00:00,PRD-A,1.362875944642742,0.18964409708744245,0.8523794717071191,1.297434156718313,1.7424888417295068,0.0,0.16734056156420887,0.5467016146302703,False,False,False,False,False,False
2025-05-14 08:00:00,PRD-A,1.6249274394325135,0.2620514947897714,0.8523794717071191,1.297434156718313,1.7424888417295068,0.0,0.16734056156420887,0.5467016146302703,False,False,True,False,True,False
2025-05-14 16:00:00,PRD-A,1.0508887251083459,0.5740387143241676,0.8523794717071191,1.297434156718313,1.7424888417295068,0.0,0.16734056156420887,0.5467016146302703,False,False,False,False,False,True
2025-05-21 00:00:00,PRD-A,1.2668883657209091,0.21599964061256327,0.8523794717071191,1.297434156718313,1.7424888417295068,0.0,0.16734056156420887,0.5467016146302703,False,False,False,False,False,False
2025-05-21 08:00:00,PRD-A,1.4361224809966948,0.1692341152757857,0.8523794717071191,1.297434156718313,1.7424888417295068,0.0,0.16734056156420887,0.5467016146302703,False,False,False,False,False,False
2025-05-21 16:00:00,PRD-A,1.3726785116760232,0.06344396932067164,0.8523794717071191,1.297434156718313,1.7424888417295068,0.0,0.16734056156420887,0.5467016146302703,False,False,False,False,False,False
2025-05-22 00:00:00,PRD-A,1.2713789980518466,0.10129951362417655,0.8523794717071191,1.297434156718313,1.7424888417295068,0.0,0.16734056156420887,0.5467016146302703,False,False,False,False,False,False
2025-05-22 08:00:00,PRD-A,1.342802914890929,0.07142391683908245,0.8523794717071191,1.297434156718313,1.7424888417295068,0.0,0.16734056156420887,0.5467016146302703,False,False,False,False,False,False
2025-05-22 16:00:00,PRD-A,1.5785288657514776,0.23572595086054848,0.8523794717071191,1.297434156718313,1.7424888417295068,0.0,0.16734056156420887,0.5467016146302703,False,False,False,False,False,False
2025-05-29 00:00:00,PRD-A,1.2906078853892393,0.28792098036223823,0.8523794717071191,1.297434156718313,1.7424888417295068,0.0,0.16734056156420887,0.5467016146302703,False,False,False,False,False,False
2025-05-29 08:00:00,PRD-A,1.267177911327883,0.023429974061356384,0.8523794717071191,1.297434156718313,1.7424888417295068,0.0,0.16734056156420887,0.5467016146302703,False,False,False,False,False,False
2025-05-29 16:00:00,PRD-A,1.5399846639142671,0.2728067525863842,0.8523794717071191,1.297434156718313,1.7424888417295068,0.0,0.16734056156420887,0.5467016146302703,False,False,False,False,False,False
2025-05-30 00:00:00,PRD-A,1.3006520757969355,0.2393325881173316,0.8523794717071191,1.297434156718313,1.7424888417295068,0.0,0.16734056156420887,0.5467016146302703,False,False,False,False,False,False
2025-05-30 08:00:00,PRD-A,1.4868600905681113,0.18620801477117577,0.8523794717071191,1.297434156718313,1.7424888417295068,0.0,0.16734056156420887,0.5467016146302703,False,False,False,False,False,False
2025-05-30 16:00:00,PRD-A,1.6547018939761533,0.167841803408042,0.8523794717071191,1.297434156718313,1.7424888417295068,0.0,0.16734056156420887,0.5467016146302703,False,False,False,False,False,False
2025-06-06 00:00:00,PRD-A,1.4171358852743334,0.23756600870181988,0.8523794717071191,1.297434156718313,1.7424888417295068,0.0,0.16734056156420887,0.5467016146302703,False,False,False,False,False,False
2025-06-06 08:00:00,PRD-A,1.4460430970701883,0.02890721179585487,0.8523794717071191,1.297434156718313,1.7424888417295068,0.0,0.16734056156420887,0.5467016146302703,False,False,False,False,False,False
2025-06-06 16:00:00,PRD-A,1.4263779357425417,0.01966516132764662,0.8523794717071191,1.297434156718313,1.7424888417295068,0.0,0.16734056156420887,0.5467016146302703,False,False,False,False,False,False
2025-06-07 00:00:00,PRD-A,1.3786328269900543,0.047745108752487386,0.8523794717071191,1.297434156718313,1.7424888417295068,0.0,0.16734056156420887,0.5467016146302703,False,False,False,True,True,False
2025-06-07 08:00:00,PRD-A,1.467890063551436,0.08925723656138174,0.8523794717071191,1.297434156718313,1.7424888417295068,0.0,0.16734056156420887,0.5467016146302703,False,False,False,True,True,False
2025-06-07 16:00:00,PRD-A,1.0814629105162554,0.3864271530351806,0.8523794717071191,1.297434156718313,1.7424888417295068,0.0,0.16734056156420887,0.5467016146302703,False,False,False,False,False,False
2025-06-14 00:00:00,PRD-A,1.1972247294518725,0.1157618189356171,0.8523794717071191,1.297434156718313,1.7424888417295068,0.0,0.16734056156420887,0.5467016146302703,False,False,False,False,False,False
2025-06-14 08:00:00,PRD-A,1.4949446622650109,0.29771993281313835,0.8523794717071191,1.297434156718313,1.7424888417295068,0.0,0.16734056156420887,0.5467016146302703,False,False,False,False,False,False
2025-06-14 16:00:00,PRD-A,1.506603193091075,0.011658530826064162,0.8523794717071191,1.297434156718313,1.7424888417295068,0.0,0.16734056156420887,0.5467016146302703,False,False,False,False,False,False
2025-06-15 00:00:00,PRD-A,1.2195055900783196,0.28709760301275544,0.8523794717071191,1.297434156718313,1.7424888417295068,0.0,0.16734056156420887,0.5467016146302703,False,False,False,False,False,False
2025-06-15 08:00:00,PRD-A,1.2070838984199774,0.012421691658342171,0.8523794717071191,1.297434156718313,1.7424888417295068,0.0,0.16734056156420887,0.5467016146302703,False,False,False,False,False,False
2025-06-15 16:00:00,PRD-A,1.4545081660497294,0.247424267629752,0.8523794717071191,1.297434156718313,1.7424888417295068,0.0,0.16734056156420887,0.5467016146302703,False,False,False,False,False,False
2025-06-22 00:00:00,PRD-A,1.3280633951180016,0.1264447709317278,0.8523794717071191,1.297434156718313,1.7424888417295068,0.0,0.16734056156420887,0.5467016146302703,False,False,False,False,False,False
2025-06-22 08:00:00,PRD-A,1.2223106437843236,0.10575275133367801,0.8523794717071191,1.297434156718313,1.7424888417295068,0.0,0.16734056156420887,0.5467016146302703,False,False,False,False,False,False
2025-06-22 16:00:00,PRD-A,1.4165874580093536,0.19427681422502996,0.8523794717071191,1.297434156718313,1.7424888417295068,0.0,0.16734056156420887,0.5467016146302703,False,False,False,False,False,False
2025-06-23 00:00:00,PRD-A,1.0680007567880097,0.34858670122134394,0.8523794717071191,1.297434156718313,1.7424888417295068,0.0,0.16734056156420887,0.5467016146302703,False,False,False,False,False,False
2025-06-23 08:00:00,PRD-A,0.9229573059019902,0.14504345088601944,0.8523794717071191,1.297434156718313,1.7424888417295068,0.0,0.16734056156420887,0.5467016146302703,False,False,False,False,False,False
2025-06-23 16:00:00,PRD-A,0.9942066769340164,0.07124937103202622,0.8523794717071191,1.297434156718313,1.7424888417295068,0.0,0.16734056156420887,0.5467016146302703,False,True,False,False,True,False
2025-06-30 00:00:00,PRD-A,1.5451843312608786,0.5509776543268622,0.8523794717071191,1.297434156718313,1.7424888417295068,0.0,0.16734056156420887,0.5467016146302703,False,True,False,False,True,True
2025-06-30 08:00:00,PRD-A,1.4273604460862614,0.11782388517461717,0.8523794717071191,1.297434156718313,1.7424888417295068,0.0,0.16734056156420887,0.5467016146302703,False,False,False,False,False,False
2025-06-30 16:00:00,PRD-A,1.643135246489857,0.21577480040359553,0.8523794717071191,1.297434156718313,1.7424888417295068,0.0,0.16734056156420887,0.5467016146302703,False,False,False,False,False,False
